datetime_utc,skt,t2m
2000-01-01 05:00:00,293.21748688261385,290.1882927046718
2000-01-01 06:00:00,297.57444885442004,292.60179363891416
2000-01-01 08:00:00,302.7072484937765,295.2128991595769
2000-01-01 09:00:00,303.45767872579665,295.78069727446524
2000-01-01 17:00:00,285.60874534571667,286.7343875549975
2000-01-01 18:00:00,284.79435208031134,285.99383394449995
2000-01-01 20:00:00,283.43830758728126,284.634426710602
2000-01-01 21:00:00,282.8383914377362,284.02090635138046
2000-01-02 05:00:00,293.12758703481626,289.85906295893926
2000-01-02 06:00:00,297.46958765814594,292.1832703059921
2000-01-02 08:00:00,302.92452690230317,294.90796396875606
2000-01-02 09:00:00,303.8495490216695,295.41472104958655
2000-01-02 17:00:00,285.15138834760813,286.3091697281425
2000-01-02 18:00:00,284.28056006291985,285.61657430357855
2000-01-02 20:00:00,282.74625750572545,284.3365939805981
2000-01-02 21:00:00,282.0054304831201,283.62869288557664
2000-01-03 05:00:00,293.93988507334,290.34242622363735
2000-01-03 06:00:00,298.2242182421574,292.42381879104124
2000-01-03 08:00:00,303.54975938135743,294.65961448069896
2000-01-03 09:00:00,304.577323125948,295.15161746455635
2000-01-03 17:00:00,284.8207463997722,286.03158639869633
2000-01-03 18:00:00,283.9094086163584,285.3674172752627
2000-01-03 20:00:00,282.3103757602592,284.10067057793236
2000-01-03 21:00:00,281.69636674360794,283.5323747302792
2000-01-04 05:00:00,294.7616828718611,291.3459775951133
2000-01-04 06:00:00,299.062741907058,293.37141827552455
2000-01-04 08:00:00,303.6581206005784,295.12350539103124
2000-01-04 09:00:00,304.2783530166227,295.4922218969313
2000-01-04 17:00:00,285.53101961344527,286.68772944610555
2000-01-04 18:00:00,284.76312006640325,286.0836264870383
2000-01-04 20:00:00,283.5470155031178,284.9712101682125
2000-01-04 21:00:00,282.9626777072901,284.36603653118686
2000-01-05 05:00:00,294.4366822558669,291.2148160537696
2000-01-05 06:00:00,298.67376584374847,293.3433769943167
2000-01-05 08:00:00,303.144275518338,295.1595470034654
2000-01-05 09:00:00,303.836597718884,295.48635459864636
2000-01-05 17:00:00,285.5378272434229,286.7503264299343
2000-01-05 18:00:00,284.63815989442895,285.94577129816605
2000-01-05 20:00:00,282.81787513768177,284.0879032740424
2000-01-05 21:00:00,281.85609097473423,283.2583738776679
2000-01-06 05:00:00,295.6812291314312,291.2061052131359
2000-01-06 06:00:00,300.09436505380876,293.33945118297237
2000-01-06 08:00:00,305.0440606821116,295.67272387300324
2000-01-06 09:00:00,305.3985958716535,296.07573190933016
2000-01-06 17:00:00,285.3160436127697,286.5406304404989
2000-01-06 18:00:00,284.2229861595965,285.51832881510165
2000-01-06 20:00:00,282.31910073114284,283.9858838097524
2000-01-06 21:00:00,281.6962133563355,283.44878727188467
2000-01-07 05:00:00,295.2516141400683,292.3121180600488
2000-01-07 06:00:00,299.94552050386267,294.7500096396048
2000-01-07 08:00:00,304.70684990787356,296.99227150562916
2000-01-07 09:00:00,305.25126419890273,297.49164173378966
2000-01-07 17:00:00,284.69608571386124,286.41355583296723
2000-01-07 18:00:00,283.6813543287374,285.4789821113387
2000-01-07 20:00:00,282.58219803867433,284.7531428168111
2000-01-07 21:00:00,282.4800607360934,284.52033098453
2000-01-08 05:00:00,296.4615405160584,293.08998707446557
2000-01-08 06:00:00,301.4304009718226,295.50643276690704
2000-01-08 08:00:00,306.59168703052774,297.7791439344409
2000-01-08 09:00:00,306.4544704066954,298.178258040653
2000-01-08 17:00:00,286.261547611748,287.9332282679107
2000-01-08 18:00:00,284.75281055609145,286.7431557865466
2000-01-08 20:00:00,283.25447145999857,285.64841065017396
2000-01-08 21:00:00,283.1064293013515,285.40705822208446
2000-01-09 05:00:00,297.603888395571,294.06871904981523
2000-01-09 06:00:00,301.3409225863559,295.7324265772463
2000-01-09 08:00:00,304.3785891775358,297.4773226181054
2000-01-09 09:00:00,304.5033274505098,297.8664005085574
2000-01-09 17:00:00,287.8479543253894,289.350563766409
2000-01-09 18:00:00,287.1432351933789,288.79065783108325
2000-01-09 20:00:00,285.4658332436772,286.84654024238756
2000-01-09 21:00:00,284.7408783006007,286.2920012863464
2000-01-10 05:00:00,299.1299922337701,294.21575744346774
2000-01-10 06:00:00,303.0422937190404,295.7503667281846
2000-01-10 08:00:00,306.6105828659928,297.0760826028551
2000-01-10 09:00:00,306.683895540164,297.43673955273744
2000-01-10 17:00:00,288.1570271167256,289.2683330706345
2000-01-10 18:00:00,287.6338708345622,288.92672557860203
2000-01-10 20:00:00,286.6290988304949,288.0293001430611
2000-01-10 21:00:00,286.2401174771584,287.5641240853191
2000-01-11 05:00:00,295.70682110661534,292.8351048967688
2000-01-11 06:00:00,299.96285582837777,295.30774776887824
2000-01-11 08:00:00,304.3448418850891,297.9199096256486
2000-01-11 09:00:00,304.93923649251553,298.6286914749028
2000-01-11 17:00:00,287.20976217355127,288.78913594908636
2000-01-11 18:00:00,286.03814527984764,287.61471964361493
2000-01-11 20:00:00,285.12024398357,286.9372388137324
2000-01-11 21:00:00,284.7792397427081,286.50495567380557
2000-01-12 05:00:00,297.6949401996536,295.3268260514975
2000-01-12 06:00:00,302.0769600655155,297.1595183197633
2000-01-12 08:00:00,302.67058764253443,296.3089375077117
2000-01-12 09:00:00,301.774788972593,296.00104641436803
2000-01-12 17:00:00,288.0363711223397,288.5835437275045
2000-01-12 18:00:00,286.9949031177398,287.5804789914923
2000-01-12 20:00:00,285.2745276922805,286.16351245474556
2000-01-12 21:00:00,284.8209868726451,285.6967007911812
2000-01-13 05:00:00,294.4822419670587,289.71167088583553
2000-01-13 06:00:00,297.92162213670827,290.9995370638573
2000-01-13 08:00:00,300.27427614561765,292.12327648568413
2000-01-13 09:00:00,300.3347463269814,292.52301801261257
2000-01-13 17:00:00,283.6888601482374,285.0118958601048
2000-01-13 18:00:00,282.87262085149024,284.38006323768843
2000-01-13 20:00:00,281.76718706269116,283.37729582470627
2000-01-13 21:00:00,281.25612841401886,282.6990922360648
2000-01-14 05:00:00,292.1303173705867,287.11936689708926
2000-01-14 06:00:00,295.84251923406805,288.8492838384925
2000-01-14 08:00:00,300.1310592439766,290.76779029035055
2000-01-14 09:00:00,300.4811648235115,291.2830237107945
2000-01-14 17:00:00,281.2072186815353,282.6455469587
2000-01-14 18:00:00,280.2608849712072,281.8924525280028
2000-01-14 20:00:00,278.58281377430876,280.3742659088276
2000-01-14 21:00:00,277.86022939814256,279.69342995571617
2000-01-15 05:00:00,291.7103479558771,287.33180518951184
2000-01-15 06:00:00,295.6933692497171,288.7589514310628
2000-01-15 08:00:00,300.42613436518167,290.2770984103022
2000-01-15 09:00:00,300.55293509038097,290.7548027567577
2000-01-15 17:00:00,280.2283057167277,281.44172854195756
2000-01-15 18:00:00,279.3118643268415,280.6800200193432
2000-01-15 20:00:00,278.1447298963926,279.7722594227372
2000-01-15 21:00:00,277.66995504934727,279.2922387732931
2000-01-16 05:00:00,289.3348584990656,285.6969508566364
2000-01-16 06:00:00,293.09070694134306,287.3653939457263
2000-01-16 08:00:00,297.7877201497647,289.57972169473476
2000-01-16 09:00:00,298.1588067288392,290.1763987959993
2000-01-16 17:00:00,280.7669203512841,282.0101283092528
2000-01-16 18:00:00,280.08186262744965,281.4024895196336
2000-01-16 20:00:00,278.8290811077288,280.2543812238931
2000-01-16 21:00:00,278.25135159014917,279.7357580481766
2000-01-17 05:00:00,290.68304723143024,286.10744136581064
2000-01-17 06:00:00,294.9433948534479,288.13921159882386
2000-01-17 08:00:00,300.4043160836759,291.14099734736885
2000-01-17 09:00:00,300.9080566030071,292.00154358286335
2000-01-17 17:00:00,282.2406253667752,283.63032712774765
2000-01-17 18:00:00,281.4619657636975,282.97266389115015
2000-01-17 20:00:00,280.5414182078122,282.15006231416726
2000-01-17 21:00:00,279.81742567347453,281.5564729193877
2000-01-18 05:00:00,294.20067503566185,289.8325846573605
2000-01-18 06:00:00,299.14164266013216,292.308737215533
2000-01-18 08:00:00,305.37421604150614,295.5667681818934
2000-01-18 09:00:00,306.08593846396053,296.42836760299053
2000-01-18 17:00:00,284.1907924187753,285.9022168833964
2000-01-18 18:00:00,282.98149633187177,284.85946648220073
2000-01-18 20:00:00,280.82297072682434,282.94246726484255
2000-01-18 21:00:00,279.99830556907716,282.19613877871006
2000-01-19 05:00:00,296.67531765554276,292.3553777145127
2000-01-19 06:00:00,300.4591730761418,294.2359949003199
2000-01-19 08:00:00,303.4411432063451,295.867559047987
2000-01-19 09:00:00,303.2781912828631,296.10450417822796
2000-01-19 17:00:00,284.3974246126478,286.29561557387717
2000-01-19 18:00:00,283.3346412317778,285.42099175357674
2000-01-19 20:00:00,281.55270009562486,284.2527987064309
2000-01-19 21:00:00,280.72524843377585,284.1661005475671
2000-01-20 05:00:00,297.4548044542686,292.5671831551245
2000-01-20 06:00:00,301.662875958694,294.50186909585966
2000-01-20 08:00:00,305.61406041220266,296.5411113157111
2000-01-20 09:00:00,305.9957929943302,297.20491672039765
2000-01-20 17:00:00,284.69579281094263,289.65384813964096
2000-01-20 18:00:00,283.5986106649202,289.30201098143783
2000-01-20 20:00:00,282.10326243255105,287.05453554691263
2000-01-20 21:00:00,281.5782862400237,285.3114800357672
2000-01-21 05:00:00,297.74373091828477,294.24733450820526
2000-01-21 06:00:00,301.6975875407779,296.04813049974723
2000-01-21 08:00:00,306.3401450464281,297.95354947176844
2000-01-21 09:00:00,306.9190475393334,298.5825638028984
2000-01-21 17:00:00,286.3935534414047,289.7927148051916
2000-01-21 18:00:00,285.27065337053244,287.82885721027395
2000-01-21 20:00:00,283.88302656976026,286.8357013296824
2000-01-21 21:00:00,283.4739414444323,288.29712882725227
2000-01-22 05:00:00,298.334492687819,294.0269106025872
2000-01-22 06:00:00,302.72051839725634,295.9019837695388
2000-01-22 08:00:00,305.69774431366767,297.6543860295888
2000-01-22 09:00:00,305.573604989309,298.023876054996
2000-01-22 17:00:00,289.3546793133893,290.45115701590186
2000-01-22 18:00:00,288.35231601144943,289.45818311223996
2000-01-22 20:00:00,287.0538812998815,288.3726937363071
2000-01-22 21:00:00,286.27321997408876,287.6526225226686
2000-01-23 05:00:00,299.74944870865033,294.70916609330607
2000-01-23 06:00:00,304.5238005369213,296.49788760991976
2000-01-23 08:00:00,308.0091878364927,297.96192504224496
2000-01-23 09:00:00,307.763428345667,298.36713539911165
2000-01-23 17:00:00,287.5233934634639,288.8135897925896
2000-01-23 18:00:00,286.68124852819693,288.03521105468
2000-01-23 20:00:00,285.29406491413323,286.75290055708456
2000-01-23 21:00:00,284.6920753326181,286.1805739439508
2000-01-24 05:00:00,295.87589747071814,292.7226994401318
2000-01-24 06:00:00,300.088758589123,294.940367970518
2000-01-24 08:00:00,304.88997174044056,297.15907689639715
2000-01-24 09:00:00,305.6654342157632,297.6922778818751
2000-01-24 17:00:00,288.4300625276492,289.6731418556719
2000-01-24 18:00:00,287.67061590303445,289.01832841541074
2000-01-24 20:00:00,286.4077099299027,287.8489632863661
2000-01-24 21:00:00,285.88732576296763,287.39096311501623
2000-01-25 05:00:00,296.7694714374278,293.9666867013705
2000-01-25 06:00:00,301.3111117323301,296.5371543754966
2000-01-25 08:00:00,306.6047982567081,299.41867538005437
2000-01-25 09:00:00,306.7794539535358,299.9737466538816
2000-01-25 17:00:00,288.76286901347623,289.63499911503726
2000-01-25 18:00:00,287.7415710355174,288.5104909464832
2000-01-25 20:00:00,286.0609211267786,286.6520188247845
2000-01-25 21:00:00,285.4825581460962,286.13367221168085
2000-01-26 05:00:00,296.8670938782773,292.36502195102594
2000-01-26 06:00:00,301.64064169297416,294.3081172713881
2000-01-26 08:00:00,305.8105778157803,295.81839245530233
2000-01-26 09:00:00,305.32326188991175,296.1635570555512
2000-01-26 17:00:00,287.65942634382674,288.1457431599245
2000-01-26 18:00:00,286.97908948713166,287.46983142259126
2000-01-26 20:00:00,285.37716733582766,285.84232500778694
2000-01-26 21:00:00,284.7194309793011,285.2374745561456
2000-01-27 05:00:00,293.5545072393902,289.8877639182727
2000-01-27 06:00:00,297.85219394113693,291.8803035224715
2000-01-27 08:00:00,300.5030464442743,292.21389250909607
2000-01-27 09:00:00,300.4917682712361,292.59773458942243
2000-01-27 17:00:00,283.3219875811796,284.22928119771103
2000-01-27 18:00:00,282.4300553567237,283.47735739121634
2000-01-27 20:00:00,281.0451175824887,282.36523216494425
2000-01-27 21:00:00,280.47567029579767,281.9181613304949
2000-01-28 05:00:00,292.5408046822335,288.3016450761463
2000-01-28 06:00:00,296.33143954284384,290.0537379519047
2000-01-28 08:00:00,300.79515186186387,292.3429197714031
2000-01-28 09:00:00,301.1558455598005,293.0670687729846
2000-01-28 17:00:00,283.2184711567977,284.53936948614603
2000-01-28 18:00:00,282.2868947644814,283.7809506785153
2000-01-28 20:00:00,280.609390352834,282.4182771233087
2000-01-28 21:00:00,279.85221538337976,281.78163645410757
2000-01-29 05:00:00,294.43008523949857,290.1457831760401
2000-01-29 06:00:00,298.7478752195009,292.428841495367
2000-01-29 08:00:00,304.1394104097951,295.51581205535564
2000-01-29 09:00:00,304.8167277190645,296.4776796831739
2000-01-29 17:00:00,284.79120011763143,286.80069131954065
2000-01-29 18:00:00,283.25148094894337,286.42588669787204
2000-01-29 20:00:00,281.0610945926426,285.999551476242
2000-01-29 21:00:00,280.373422184784,285.2632912046553
2000-01-30 05:00:00,298.4395859869677,294.208572458229
2000-01-30 06:00:00,303.10994688718824,296.4729438393803
2000-01-30 08:00:00,308.0628877472253,299.36709361965376
2000-01-30 09:00:00,308.3600299288569,300.07707646962126
2000-01-30 17:00:00,285.05846502600906,288.97937322067
2000-01-30 18:00:00,283.57472031509565,287.1616007330238
2000-01-30 20:00:00,281.8617758258649,284.92475387972934
2000-01-30 21:00:00,281.3421586423148,284.39742726941694
2000-01-31 05:00:00,298.4038847936504,295.0037316085745
2000-01-31 06:00:00,302.308752074631,296.9436485866553
2000-01-31 08:00:00,305.5748279965346,299.0543802552304
2000-01-31 09:00:00,305.70205862459676,299.67662567938055
2000-01-31 17:00:00,288.49227569062833,289.9118428751941
2000-01-31 18:00:00,288.06967083147754,289.51097845186257
2000-01-31 20:00:00,287.50650308899964,289.03119735835327
2000-01-31 21:00:00,287.0385494144011,288.51351999244633
2000-02-01 05:00:00,297.88859508731883,293.29578327948946
2000-02-01 06:00:00,302.8276215775171,295.3557209314661
2000-02-01 08:00:00,306.4151827866565,297.05798332790386
2000-02-01 09:00:00,305.88280551716434,297.37606042706176
2000-02-01 17:00:00,285.766668875155,288.16358599787685
2000-02-01 18:00:00,284.14318786527053,288.308500198811
2000-02-01 20:00:00,281.93244052410864,286.97715385448765
2000-02-01 21:00:00,281.1646227491288,285.589819650988
2000-02-02 05:00:00,294.5164417566614,291.4366344340226
2000-02-02 06:00:00,298.78775146672467,293.86885153090094
2000-02-02 08:00:00,304.24096270592077,296.36569383148054
2000-02-02 09:00:00,305.27552985851133,296.87899949554304
2000-02-02 17:00:00,287.15447414968344,288.62363691285873
2000-02-02 18:00:00,286.5048477807655,287.95859693342067
2000-02-02 20:00:00,285.54622651322046,286.9382561211961
2000-02-02 21:00:00,285.0796915768475,286.417689013371
2000-02-03 05:00:00,294.40813132169984,291.32446307871487
2000-02-03 06:00:00,298.4361794211648,293.43269174161424
2000-02-03 08:00:00,304.89966074233797,296.58721944988235
2000-02-03 09:00:00,306.2033048138964,297.34563628256967
2000-02-03 17:00:00,288.3908395399849,289.5331782030949
2000-02-03 18:00:00,287.5526402830526,288.80454539811853
2000-02-03 20:00:00,286.2970449626905,287.60437091656934
2000-02-03 21:00:00,285.9075082505612,287.09633120403083
2000-02-04 05:00:00,298.1900388603034,293.3667909125518
2000-02-04 06:00:00,301.893545635676,295.41799188505155
2000-02-04 08:00:00,304.6667519262282,297.2757421649292
2000-02-04 09:00:00,304.28654129663124,297.5586715016416
2000-02-04 17:00:00,287.90797798144985,288.51832162066495
2000-02-04 18:00:00,287.2569924047438,288.22785368979623
2000-02-04 20:00:00,286.6057515195779,286.5526813571736
2000-02-04 21:00:00,285.54098411995017,285.1689185332076
2000-02-05 05:00:00,290.64576735298147,286.20886707746746
2000-02-05 06:00:00,294.8291669707453,288.25914561032147
2000-02-05 08:00:00,297.81267316021797,290.22877556517244
2000-02-05 09:00:00,297.97568541351933,290.76337791407605
2000-02-05 17:00:00,283.14875414926206,284.55305915914806
2000-02-05 18:00:00,281.99691281076207,284.22852138525167
2000-02-05 20:00:00,280.25366434294193,284.55975536940093
2000-02-05 21:00:00,279.58439706764165,284.35870083895594
2000-02-06 05:00:00,295.73770202730765,289.32781648562394
2000-02-06 06:00:00,300.23436627733327,290.68791962845484
2000-02-06 08:00:00,304.0710059167424,292.31587583662366
2000-02-06 09:00:00,304.1805915538629,292.923437862073
2000-02-06 17:00:00,284.4950943110721,285.435331606167
2000-02-06 18:00:00,283.7345511461443,284.837724071438
2000-02-06 20:00:00,282.5666337211621,283.85685151604184
2000-02-06 21:00:00,281.9865662232386,283.2447402319299
2000-02-07 05:00:00,294.9159424815597,289.1983018590048
2000-02-07 06:00:00,298.8887541172868,290.79278656146926
2000-02-07 08:00:00,303.93431237078227,292.7949891171213
2000-02-07 09:00:00,304.26719087151054,293.3475588899915
2000-02-07 17:00:00,284.1571973850621,285.12569858921324
2000-02-07 18:00:00,283.33592047786857,284.48348084436543
2000-02-07 20:00:00,282.0582194276878,283.46696542701665
2000-02-07 21:00:00,281.57241569718894,282.96787434770437
2000-02-08 05:00:00,294.86271303056384,289.75246858523326
2000-02-08 06:00:00,298.92524406538905,291.20085002975577
2000-02-08 08:00:00,304.56282835785527,293.15785076217765
2000-02-08 09:00:00,305.17198256388286,293.779892226397
2000-02-08 17:00:00,284.9561781214639,285.9599681789592
2000-02-08 18:00:00,284.18652023997254,285.34846792823544
2000-02-08 20:00:00,282.9519673304859,284.1636476208139
2000-02-08 21:00:00,282.438146605881,283.62946419502816
2000-02-09 05:00:00,294.88546564839834,290.48330185336215
2000-02-09 06:00:00,299.4419683800273,292.51641309647056
2000-02-09 08:00:00,305.35778336018,295.481827534586
2000-02-09 09:00:00,306.19903270562736,296.16680710708783
2000-02-09 17:00:00,287.04556634135906,288.1915431323882
2000-02-09 18:00:00,286.45002932320756,287.73313586406977
2000-02-09 20:00:00,285.3052891994294,286.7139915619132
2000-02-09 21:00:00,284.97576753824995,286.36034215800754
2000-02-10 05:00:00,295.75746246478957,292.6232463913081
2000-02-10 06:00:00,297.8821125471353,293.55265083959546
2000-02-10 08:00:00,304.747676337996,297.4966754178604
2000-02-10 09:00:00,304.3641178501406,297.92611090097296
2000-02-10 17:00:00,287.5132534691292,287.683405025347
2000-02-10 18:00:00,287.09931607239054,287.3885234956198
2000-02-10 20:00:00,286.9697618058356,287.02313114865717
2000-02-10 21:00:00,286.96051171160263,286.86809402254215
2000-02-11 05:00:00,290.9054321147995,287.31637458037153
2000-02-11 06:00:00,295.06690682762394,289.52708176435056
2000-02-11 08:00:00,299.40893970836294,291.6630779436814
2000-02-11 09:00:00,299.94346573981005,292.2395509035084
2000-02-11 17:00:00,282.93376698075167,284.0432419034844
2000-02-11 18:00:00,281.84437382349796,283.0396626006657
2000-02-11 20:00:00,279.7401853070604,281.31100475622804
2000-02-11 21:00:00,279.0539164961946,280.7905671482645
2000-02-12 05:00:00,294.56427958860235,289.3172339864064
2000-02-12 06:00:00,298.3891436983882,290.72035577006994
2000-02-12 08:00:00,303.60989118908145,292.11386564516323
2000-02-12 09:00:00,303.8266104535072,292.5931167249871
2000-02-12 17:00:00,283.6234342695568,284.48697296753875
2000-02-12 18:00:00,282.83151151072263,283.79062997027427
2000-02-12 20:00:00,281.76507443749847,282.9198488726271
2000-02-12 21:00:00,281.2571243732846,282.39988696740477
2000-02-13 05:00:00,293.4212794605132,288.53481698293353
2000-02-13 06:00:00,297.26870892117677,290.01821697217474
2000-02-13 08:00:00,301.40671733274297,291.74547601591087
2000-02-13 09:00:00,301.43326626206033,292.1102129873032
2000-02-13 17:00:00,282.5859767637562,283.7027706152118
2000-02-13 18:00:00,281.6808047066852,282.98476660306716
2000-02-13 20:00:00,279.72819782368754,281.2312253179095
2000-02-13 21:00:00,278.540394035069,280.53208681174164
2000-02-14 05:00:00,294.32166361992455,288.50310472861645
2000-02-14 06:00:00,297.3997607591156,289.7239918054895
2000-02-14 08:00:00,301.2685982303002,291.7243868176853
2000-02-14 09:00:00,301.59320625575555,292.26544142430663
2000-02-14 17:00:00,282.2116617399666,283.5398736374771
2000-02-14 18:00:00,281.2832358526339,282.8580645309942
2000-02-14 20:00:00,280.2246351197982,281.9835323339618
2000-02-14 21:00:00,279.6460603734561,281.29637465748846
2000-02-15 05:00:00,294.3816871819401,289.6314813411107
2000-02-15 06:00:00,298.3276637331547,291.238500985967
2000-02-15 08:00:00,304.01070661500717,293.8751839753843
2000-02-15 09:00:00,305.0796202202607,294.6563495935755
2000-02-15 17:00:00,284.5417032579795,286.0306916317697
2000-02-15 18:00:00,283.5374239082513,285.1885598157698
2000-02-15 20:00:00,281.23189717485286,283.4052331862722
2000-02-15 21:00:00,280.3106650894706,283.19580863400125
2000-02-16 05:00:00,297.5901306575546,292.5117964075967
2000-02-16 06:00:00,301.9264756071917,294.3018665284332
2000-02-16 08:00:00,306.8952708192893,296.6836838920605
2000-02-16 09:00:00,306.97958298787506,297.3075676258246
2000-02-16 17:00:00,285.2439356540862,287.2537060518662
2000-02-16 18:00:00,284.1400588025298,286.2157543870077
2000-02-16 20:00:00,282.51223613815426,284.6943716980827
2000-02-16 21:00:00,281.4464889784991,283.62155123153707
2000-02-17 05:00:00,298.50322378949136,293.53587230805806
2000-02-17 06:00:00,302.46285143177755,295.2342475691268
2000-02-17 08:00:00,304.59367474054886,296.6924599998721
2000-02-17 09:00:00,304.0788271394092,296.82639842922407
2000-02-17 17:00:00,284.3751689046851,286.2877752600907
2000-02-17 18:00:00,283.23389396020923,285.34002462190176
2000-02-17 20:00:00,281.3449192605511,283.7943066801239
2000-02-17 21:00:00,280.5800251777073,283.07740727264456
2000-02-18 05:00:00,295.9247866308744,291.8113889767687
2000-02-18 06:00:00,300.2689839085372,293.79672314095757
2000-02-18 08:00:00,306.5384414978498,295.7851473627546
2000-02-18 09:00:00,307.62520031569005,296.42107862757615
2000-02-18 17:00:00,286.0001642024389,287.36688921300953
2000-02-18 18:00:00,285.0613212174003,286.69769924263744
2000-02-18 20:00:00,284.08827776093335,285.8106176202947
2000-02-18 21:00:00,283.5779358051223,285.18396005498244
2000-02-19 05:00:00,295.05478525969943,291.88439348923225
2000-02-19 06:00:00,299.5949429833834,294.40330615873887
2000-02-19 08:00:00,304.55553576171127,296.9360116450188
2000-02-19 09:00:00,305.4874982789779,297.3296888495447
2000-02-19 17:00:00,287.4726580603648,288.9532245700642
2000-02-19 18:00:00,286.7702343533697,288.35562789752413
2000-02-19 20:00:00,285.5795200153933,287.1721290623646
2000-02-19 21:00:00,285.0721866037519,286.55155100771026
2000-02-20 05:00:00,295.1712643898139,292.00121174534587
2000-02-20 06:00:00,299.27294700869425,294.30337383346676
2000-02-20 08:00:00,304.6660250059813,297.77362591900703
2000-02-20 09:00:00,305.61136193415047,298.13894977775306
2000-02-20 17:00:00,287.183569650988,288.8980462496013
2000-02-20 18:00:00,286.82766942287265,288.3517520475461
2000-02-20 20:00:00,286.07478612303186,287.2005508493385
2000-02-20 21:00:00,285.56565976840875,286.5454174917541
2000-02-21 05:00:00,294.4171416248857,290.7392336899768
2000-02-21 06:00:00,298.7787011239121,293.0689345772719
2000-02-21 08:00:00,304.79988913984255,296.2392911749371
2000-02-21 09:00:00,305.9183231347882,297.02749741940727
2000-02-21 17:00:00,288.3610376202271,289.53579241689437
2000-02-21 18:00:00,287.37068684112126,288.5247145830575
2000-02-21 20:00:00,286.00019051150656,287.180330438129
2000-02-21 21:00:00,285.4164722601328,286.4942066915597
2000-02-22 05:00:00,295.80972600387315,292.16100998982813
2000-02-22 06:00:00,299.9293751062708,294.3571764647685
2000-02-22 08:00:00,304.7872488436236,296.71605168652644
2000-02-22 09:00:00,305.6701334995923,297.2507815603483
2000-02-22 17:00:00,287.9446459330837,289.13269099395706
2000-02-22 18:00:00,287.1838387370293,288.39175666609236
2000-02-22 20:00:00,285.9320874089269,287.0380227628217
2000-02-22 21:00:00,285.3820057826344,286.42679898066586
2000-02-23 05:00:00,298.0830348269047,293.5808689957958
2000-02-23 06:00:00,302.2097835217492,295.50740676668283
2000-02-23 08:00:00,307.22069600109694,297.363580500951
2000-02-23 09:00:00,308.0074389065359,297.89590649244786
2000-02-23 17:00:00,287.55708642145515,289.0043983870919
2000-02-23 18:00:00,286.6924290120694,288.2349629688704
2000-02-23 20:00:00,285.1337549712148,286.61054451917465
2000-02-23 21:00:00,284.3881193140439,285.81222364898827
2000-02-24 05:00:00,297.81869586774127,293.1483589489765
2000-02-24 06:00:00,302.22160043113956,294.9731406754081
2000-02-24 08:00:00,307.4922058622716,296.6401766643318
2000-02-24 09:00:00,307.90068590255294,297.069413218917
2000-02-24 17:00:00,286.5704730346868,287.99242924247943
2000-02-24 18:00:00,285.56146030984416,287.1855878080536
2000-02-24 20:00:00,283.5860568665209,285.3413430377038
2000-02-24 21:00:00,282.3680956683284,284.34178159269976
2000-02-25 05:00:00,300.65062037675153,293.9744362382933
2000-02-25 06:00:00,305.3683342838141,295.5549013581592
2000-02-25 08:00:00,309.18630515922933,297.42288638263346
2000-02-25 09:00:00,308.9521002864984,298.00686123558484
2000-02-25 17:00:00,286.4877147939062,288.5518117472644
2000-02-25 18:00:00,285.04975980455964,287.4681222736376
2000-02-25 20:00:00,283.5511410893939,286.21811775948123
2000-02-25 21:00:00,283.07123249447767,285.7634986442484
2000-02-26 05:00:00,301.31628088811516,295.46585809504853
2000-02-26 06:00:00,305.72758853013045,297.18631336464904
2000-02-26 08:00:00,309.72073084474164,298.8090727913361
2000-02-26 09:00:00,309.7837866032252,299.25896191707193
2000-02-26 17:00:00,286.8919113699938,289.4064025173569
2000-02-26 18:00:00,285.1938248268445,288.40956943317997
2000-02-26 20:00:00,283.0186254798172,286.7749054472325
2000-02-26 21:00:00,282.2791776730577,285.287292809626
2000-02-27 05:00:00,301.54294530930247,296.42587120397064
2000-02-27 06:00:00,306.3498424888576,298.95288880617113
2000-02-27 08:00:00,310.4540954025574,301.19110074506153
2000-02-27 09:00:00,310.6373043912585,301.7512145902049
2000-02-27 17:00:00,289.6903078758111,291.9669560695466
2000-02-27 18:00:00,288.2758787651826,290.9216277323813
2000-02-27 20:00:00,286.3335281160469,289.10943243793787
2000-02-27 21:00:00,285.7309306516486,288.5607374100179
2000-02-28 05:00:00,303.77305445502094,299.40782127909375
2000-02-28 06:00:00,307.43220148542076,301.36870931146325
2000-02-28 08:00:00,310.6218869248965,302.9627876458073
2000-02-28 09:00:00,310.9087251918893,303.3240981844063
2000-02-28 17:00:00,292.75242085743395,294.43246775011437
2000-02-28 18:00:00,291.9722553599965,293.8216183608045
2000-02-28 20:00:00,290.94791495818384,293.10432624523
2000-02-28 21:00:00,290.4180612431836,292.5386821823238
2000-02-29 05:00:00,303.73816780830936,300.42654200290866
2000-02-29 06:00:00,307.99681081904106,302.52015784782327
2000-02-29 08:00:00,311.94407667915334,304.6049129209827
2000-02-29 09:00:00,312.17243372089877,305.10014004699997
2000-02-29 17:00:00,294.57596615172685,296.4686195596892
2000-02-29 18:00:00,293.9486768631428,295.8518117425622
2000-02-29 20:00:00,292.27592169669083,293.9401326466047
2000-02-29 21:00:00,291.6056777883568,293.3681721268523
2000-03-01 05:00:00,306.3090848996202,299.9550705543835
2000-03-01 06:00:00,310.9345634237093,302.12911100931274
2000-03-01 08:00:00,315.4962442689023,304.7940396630709
2000-03-01 09:00:00,315.5146758280844,305.6603612914475
2000-03-01 17:00:00,295.4387112751213,296.79138910090796
2000-03-01 18:00:00,294.673256872615,295.8688624636235
2000-03-01 20:00:00,292.2440913689706,293.3689377465858
2000-03-01 21:00:00,290.97097496185535,292.2498306250903
2000-03-02 05:00:00,303.30926692357235,298.9692178735013
2000-03-02 06:00:00,308.41622238276733,301.25158557392234
2000-03-02 08:00:00,313.6969871344662,304.06859608607596
2000-03-02 09:00:00,312.92105944241143,304.28378166586674
2000-03-02 17:00:00,292.36371790058627,294.11033305916106
2000-03-02 18:00:00,291.02601781060406,292.9156369766212
2000-03-02 20:00:00,288.7634789888591,291.04220552841207
2000-03-02 21:00:00,287.5886979536577,290.41718972886474
2000-03-03 05:00:00,302.75771967765917,298.40798604580215
2000-03-03 06:00:00,307.74532932933937,301.04384487252025
2000-03-03 08:00:00,313.680998697854,304.1517387589982
2000-03-03 09:00:00,313.59519079176044,304.8158672550243
2000-03-03 17:00:00,292.484434789061,294.0559713778033
2000-03-03 18:00:00,291.7492722333488,293.636186032523
2000-03-03 20:00:00,291.87845608045586,294.29473891059865
2000-03-03 21:00:00,291.9945903243196,294.1994607040805
2000-03-04 05:00:00,300.0328229013687,296.4834188217375
2000-03-04 06:00:00,302.80119368401813,297.7666219702487
2000-03-04 08:00:00,306.8434288130703,300.0238692837614
2000-03-04 09:00:00,307.4225181027076,300.6511971072533
2000-03-04 17:00:00,291.73487851652783,292.88580463333017
2000-03-04 18:00:00,290.23022910002015,291.4503960043697
2000-03-04 20:00:00,287.9817532861178,289.56210411788874
2000-03-04 21:00:00,286.98968383600976,288.6330500339691
2000-03-05 05:00:00,301.1100123894784,294.4438827114958
2000-03-05 06:00:00,305.22234597228163,296.0334260349832
2000-03-05 08:00:00,310.17496529272046,297.78649091206273
2000-03-05 09:00:00,310.5098310567565,298.42239448065385
2000-03-05 17:00:00,287.03459386134926,288.81934240308857
2000-03-05 18:00:00,285.6425548959036,287.637365755572
2000-03-05 20:00:00,284.0287646512589,286.52398237278356
2000-03-05 21:00:00,283.76051205956884,286.2694570485543
2000-03-06 05:00:00,299.8416320847804,294.9968572067002
2000-03-06 06:00:00,304.01651245493366,296.8400746302906
2000-03-06 08:00:00,309.6573683822467,298.9575978001387
2000-03-06 09:00:00,310.4397725720986,299.65062844110383
2000-03-06 17:00:00,287.3238686207447,289.7733053903918
2000-03-06 18:00:00,286.8905671623712,289.29195116040154
2000-03-06 20:00:00,285.22787205206777,287.49314791028416
2000-03-06 21:00:00,283.96892377151,287.98566539041434
2000-03-07 05:00:00,304.202237004308,297.86697848515445
2000-03-07 06:00:00,309.3074667156202,299.20968364603897
2000-03-07 08:00:00,311.87992520324985,300.46913534907975
2000-03-07 09:00:00,311.1071547639021,300.7123240983725
2000-03-07 17:00:00,289.38390744154924,290.91223751121015
2000-03-07 18:00:00,288.501669320928,290.2168693131034
2000-03-07 20:00:00,287.4412260129015,289.25024592747855
2000-03-07 21:00:00,286.83135875825343,288.5377219601295
2000-03-08 05:00:00,300.2252111214519,295.1229112387071
2000-03-08 06:00:00,304.65845763407805,297.14842461584533
2000-03-08 08:00:00,308.4366057503205,298.7988497318215
2000-03-08 09:00:00,308.5127769199836,299.17388128389376
2000-03-08 17:00:00,288.7454071280035,290.1204890646442
2000-03-08 18:00:00,287.71578466947346,289.33697881243074
2000-03-08 20:00:00,286.10792750753865,287.9828754536727
2000-03-08 21:00:00,285.4305987247884,287.3699795762637
2000-03-09 05:00:00,303.54368875794495,296.6887925534476
2000-03-09 06:00:00,306.37858715556985,298.14712087105164
2000-03-09 08:00:00,310.0268334152151,299.9247660115247
2000-03-09 09:00:00,310.54858647656556,300.52918096463014
2000-03-09 17:00:00,289.42820354161904,291.3282792101656
2000-03-09 18:00:00,288.40031548310503,290.5895668112075
2000-03-09 20:00:00,286.7678168345306,289.1825437854361
2000-03-09 21:00:00,286.00255520060915,288.44285978484777
2000-03-10 05:00:00,303.3846185152263,299.0214886305329
2000-03-10 06:00:00,307.16288675034906,300.7258728450546
2000-03-10 08:00:00,311.7395951751568,303.11195246574516
2000-03-10 09:00:00,312.03536225540796,303.7863254400174
2000-03-10 17:00:00,292.88794678862916,294.7527057900451
2000-03-10 18:00:00,292.5445568631353,294.42036875297185
2000-03-10 20:00:00,292.48530174220105,294.5941101920623
2000-03-10 21:00:00,292.76073764983244,294.89932345021487
2000-03-11 05:00:00,302.13857105884057,298.3414275135575
2000-03-11 06:00:00,306.29329821288314,300.64058035217187
2000-03-11 08:00:00,311.3852979192749,303.2083895878726
2000-03-11 09:00:00,312.12045509091513,303.8211739280007
2000-03-11 17:00:00,293.6501126046908,295.0470580584463
2000-03-11 18:00:00,292.7860586580768,294.35730972642705
2000-03-11 20:00:00,292.1943081237134,293.8457044181177
2000-03-11 21:00:00,291.40803979247676,292.7505494339624
2000-03-12 05:00:00,302.38439656920355,298.30716911045533
2000-03-12 06:00:00,306.4465650608433,300.328617959985
2000-03-12 08:00:00,311.28592972248475,302.14930464122995
2000-03-12 09:00:00,311.46304683362024,302.4500443233731
2000-03-12 17:00:00,293.30981038568206,294.5348811685948
2000-03-12 18:00:00,292.36274143213114,293.69209263688424
2000-03-12 20:00:00,291.41129649769175,293.06873574278944
2000-03-12 21:00:00,290.7157448884703,292.2537850025806
2000-03-13 05:00:00,303.4919981405438,297.02375544237987
2000-03-13 06:00:00,307.20156912076277,299.1038864441388
2000-03-13 08:00:00,310.4875704349465,301.17516478551744
2000-03-13 09:00:00,310.4606259291638,301.3739692206008
2000-03-13 17:00:00,290.7564734883595,292.3777723268294
2000-03-13 18:00:00,289.8891277107509,291.69961707727936
2000-03-13 20:00:00,288.13008383352695,289.82305165248215
2000-03-13 21:00:00,287.21539668713586,288.822391198486
2000-03-14 05:00:00,305.11299241452446,297.6098791748423
2000-03-14 06:00:00,310.1751327397092,299.2537890230012
2000-03-14 08:00:00,312.9538608074923,300.939096624201
2000-03-14 09:00:00,312.50758599279845,301.3085614690795
2000-03-14 17:00:00,290.3663955476876,292.0677851837112
2000-03-14 18:00:00,288.99726698394915,290.94973533877237
2000-03-14 20:00:00,286.8283242341734,289.02276369162445
2000-03-14 21:00:00,286.18609116000283,288.352575975133
2000-03-15 05:00:00,305.1931585420629,298.8206741027362
2000-03-15 06:00:00,309.52629047035254,300.412608330349
2000-03-15 08:00:00,314.993391322061,302.3613730784741
2000-03-15 09:00:00,314.6726415131602,302.6968435278659
2000-03-15 17:00:00,289.9995783966018,293.4315147693793
2000-03-15 18:00:00,288.19444834469647,293.7314557514867
2000-03-15 20:00:00,286.15864008123225,289.8482695639777
2000-03-15 21:00:00,285.5455744997563,289.1182715323379
2000-03-16 05:00:00,306.0450597683712,300.9873759970643
2000-03-16 06:00:00,309.6065839582305,302.37154022828094
2000-03-16 08:00:00,313.24725033799746,303.66798560755285
2000-03-16 09:00:00,313.24635340803763,303.93340869309907
2000-03-16 17:00:00,293.0195796596251,294.7220232806331
2000-03-16 18:00:00,292.0533748914722,293.93346928154193
2000-03-16 20:00:00,291.11613349150434,293.25876879581864
2000-03-16 21:00:00,290.67706773755,292.6961118583503
2000-03-17 05:00:00,304.81190963298405,300.22955893588545
2000-03-17 06:00:00,308.8628431887399,302.06142690038456
2000-03-17 08:00:00,312.7824102087271,303.36465921975065
2000-03-17 09:00:00,312.95058731525813,303.79010360082975
2000-03-17 17:00:00,293.85469713490255,295.3675066884751
2000-03-17 18:00:00,292.9474999614416,294.49272489621205
2000-03-17 20:00:00,291.14496536137324,292.5723096145136
2000-03-17 21:00:00,290.09385274408044,291.53808998143177
2000-03-18 05:00:00,308.2208042703167,299.82452597125837
2000-03-18 06:00:00,310.5644967148227,301.32059360028046
2000-03-18 08:00:00,312.03101763850185,302.6043956268734
2000-03-18 09:00:00,311.3929312872042,302.8262532943938
2000-03-18 17:00:00,289.610909695618,291.77759630764575
2000-03-18 18:00:00,288.3273299206938,290.71953964821176
2000-03-18 20:00:00,286.69732771816166,289.42004930587325
2000-03-18 21:00:00,285.9944819140324,288.7624374648272
2000-03-19 05:00:00,303.9631222341387,298.6794971530721
2000-03-19 06:00:00,307.89402491212445,300.02727460346904
2000-03-19 08:00:00,313.4668831141961,301.56376048412824
2000-03-19 09:00:00,314.27523415775624,301.9945925578865
2000-03-19 17:00:00,290.98144425449465,292.6520505414355
2000-03-19 18:00:00,289.59127732381245,291.536967625787
2000-03-19 20:00:00,287.32891662315524,289.5863069319762
2000-03-19 21:00:00,286.54982232092345,288.972453700743
2000-03-20 05:00:00,303.7229743804696,298.99972858634675
2000-03-20 06:00:00,307.6123765848451,300.86095213339036
2000-03-20 08:00:00,313.21920738749225,303.31020589161363
2000-03-20 09:00:00,314.20880489026086,303.7617191967134
2000-03-20 17:00:00,292.5478606848577,294.07157789797554
2000-03-20 18:00:00,291.40349967968297,293.0815721461879
2000-03-20 20:00:00,289.92224965146954,291.8548433747607
2000-03-20 21:00:00,289.3939541433184,291.5453506493238
2000-03-21 05:00:00,306.44152625132415,301.480887273427
2000-03-21 06:00:00,310.4067878664367,303.56111937348027
2000-03-21 08:00:00,313.28347134112585,305.61685940076836
2000-03-21 09:00:00,313.0356142958067,305.8883197002676
2000-03-21 17:00:00,294.65271198290344,295.43794626667983
2000-03-21 18:00:00,292.9724626114997,293.92469420822454
2000-03-21 20:00:00,290.7775655784666,291.77027617985004
2000-03-21 21:00:00,289.9038482101746,291.00341648754244
2000-03-22 05:00:00,304.8657997495772,298.4381613944455
2000-03-22 06:00:00,308.1692748459168,299.93015706630996
2000-03-22 08:00:00,311.39626694313364,301.3711686802939
2000-03-22 09:00:00,310.7470579220812,301.25491474075204
2000-03-22 17:00:00,291.0434663652088,291.8777057430226
2000-03-22 18:00:00,290.076423539219,291.124619094543
2000-03-22 20:00:00,288.7408780654884,289.94686541682216
2000-03-22 21:00:00,287.9468849311441,289.09678979059584
2000-03-23 05:00:00,303.24792313539007,295.6413795224324
2000-03-23 06:00:00,306.2298643232678,297.09264746432314
2000-03-23 08:00:00,309.3774913911276,298.8736507139514
2000-03-23 09:00:00,309.3929125252417,299.4404181434855
2000-03-23 17:00:00,290.14562971823386,291.5943042067424
2000-03-23 18:00:00,289.0420744532981,290.7535304699914
2000-03-23 20:00:00,287.15683771024686,289.2189088183669
2000-03-23 21:00:00,286.21215140837916,288.3053084316166
2000-03-24 05:00:00,304.2242535560267,297.4423446302605
2000-03-24 06:00:00,308.736424826694,298.9152626307977
2000-03-24 08:00:00,313.2600970158041,301.0082329983704
2000-03-24 09:00:00,313.14201580688285,301.63685283455163
2000-03-24 17:00:00,290.71104670966906,292.2419648251291
2000-03-24 18:00:00,289.59242156841356,291.31402411556394
2000-03-24 20:00:00,287.902461494246,289.89834858052353
2000-03-24 21:00:00,287.2347416811622,289.20507671432614
2000-03-25 05:00:00,305.3154816943435,298.78055956918394
2000-03-25 06:00:00,310.1862002050932,300.4118131334866
2000-03-25 08:00:00,315.4382479627988,302.6576915676311
2000-03-25 09:00:00,315.28870197878047,303.308495520076
2000-03-25 17:00:00,292.6787302402209,294.0366274888049
2000-03-25 18:00:00,291.52158947020354,293.1102500174924
2000-03-25 20:00:00,290.03047918428445,291.8062730739223
2000-03-25 21:00:00,289.4926708674027,291.20783573379873
2000-03-26 05:00:00,306.67156935399413,300.3245465200744
2000-03-26 06:00:00,311.18353306751226,301.74222112106065
2000-03-26 08:00:00,317.4459936438797,303.96630048237523
2000-03-26 09:00:00,317.33799463868695,304.45436683972184
2000-03-26 17:00:00,293.1992345730586,294.678581696262
2000-03-26 18:00:00,291.51899065626054,293.46573541344407
2000-03-26 20:00:00,288.7259743195286,292.903104643976
2000-03-26 21:00:00,287.7472429554709,291.40864624117484
2000-03-27 05:00:00,307.5424679372637,302.01403963767876
2000-03-27 06:00:00,311.2310467030859,303.536322853782
2000-03-27 08:00:00,316.4068683218699,305.76492229632123
2000-03-27 09:00:00,316.97001198884703,306.2093294493407
2000-03-27 17:00:00,294.47460730601165,296.2631802786664
2000-03-27 18:00:00,293.4489690842356,295.52792520625934
2000-03-27 20:00:00,291.50225625530413,293.94885324439946
2000-03-27 21:00:00,290.675156509564,293.21204429120974
2000-03-28 05:00:00,309.1498944909988,304.1997549941617
2000-03-28 06:00:00,312.90253919886516,305.59904778573105
2000-03-28 08:00:00,318.0736213766371,307.6388076288491
2000-03-28 09:00:00,318.56880813387033,307.9626980209938
2000-03-28 17:00:00,295.0009815939034,296.8984438715437
2000-03-28 18:00:00,293.6526295525267,295.79205303456644
2000-03-28 20:00:00,291.45557287183857,293.8696454346455
2000-03-28 21:00:00,290.53577059847186,293.09637622803865
2000-03-29 05:00:00,310.290178366545,305.5120737460802
2000-03-29 06:00:00,314.29532488101444,307.2577615746732
2000-03-29 08:00:00,319.43479926486964,308.7208191529261
2000-03-29 09:00:00,319.9473564018637,309.00264125171543
2000-03-29 17:00:00,295.8048775647932,297.857181496172
2000-03-29 18:00:00,294.3585732905266,296.6247725053267
2000-03-29 20:00:00,292.18216302104656,294.6816354995516
2000-03-29 21:00:00,291.2401336763967,293.86732080868103
2000-03-30 05:00:00,313.277380051341,306.8428251857199
2000-03-30 06:00:00,317.34211782681746,308.3531111142669
2000-03-30 08:00:00,320.16239985626174,310.107696721293
2000-03-30 09:00:00,319.8182231744376,310.2953333685688
2000-03-30 17:00:00,297.98812995522707,300.03152442309084
2000-03-30 18:00:00,296.9331071615586,299.15071148277246
2000-03-30 20:00:00,295.7035638841532,298.15457108648974
2000-03-30 21:00:00,295.05608714710587,297.36346365013185
2000-03-31 05:00:00,312.41642812955183,306.900893342146
2000-03-31 06:00:00,316.13107523161386,308.36863071341725
2000-03-31 08:00:00,317.7138481904252,309.5003142746277
2000-03-31 09:00:00,317.2271304373014,309.56256204613913
2000-03-31 17:00:00,297.4151820813196,299.24549268537385
2000-03-31 18:00:00,296.44119131032414,298.4522118943131
2000-03-31 20:00:00,295.4846401361545,297.6162452403864
2000-03-31 21:00:00,294.753531951199,296.4159004905007
2000-04-01 05:00:00,311.34323886583326,305.3626929519724
2000-04-01 06:00:00,314.9433827216526,306.6148665182763
2000-04-01 08:00:00,318.74475292799474,308.07704498808266
2000-04-01 09:00:00,318.6201039506768,308.3150922778208
2000-04-01 17:00:00,297.33810344866504,298.7431429023919
2000-04-01 18:00:00,296.25267242760793,297.8381718663479
2000-04-01 20:00:00,295.15990787735336,297.00909219280413
2000-04-01 21:00:00,294.53698819811433,296.21034252478273
2000-04-02 05:00:00,310.068699606027,303.62364022794236
2000-04-02 06:00:00,313.5316805611773,305.0690023366402
2000-04-02 08:00:00,317.1365676903394,306.83174963247245
2000-04-02 09:00:00,317.29659911921283,307.2040706217198
2000-04-02 17:00:00,295.07348776231015,297.1423123540423
2000-04-02 18:00:00,293.4969541670178,296.0469614743085
2000-04-02 20:00:00,291.1335591461699,294.2041054888756
2000-04-02 21:00:00,290.3071578485756,293.4325542244228
2000-04-03 05:00:00,313.41511380470405,305.57176422448293
2000-04-03 06:00:00,317.3756400697588,307.0836667617774
2000-04-03 08:00:00,319.8221036796394,308.725632301648
2000-04-03 09:00:00,319.43834529929615,309.03020612484505
2000-04-03 17:00:00,296.08435547627363,298.34243816734283
2000-04-03 18:00:00,294.58281636054414,297.22838748878985
2000-04-03 20:00:00,292.9623160340202,295.77519867930835
2000-04-03 21:00:00,292.34219397969537,295.13658031587056
2000-04-04 05:00:00,316.5054530539021,307.1458764215831
2000-04-04 06:00:00,319.68914418742173,308.63305562964206
2000-04-04 08:00:00,320.0584414442441,309.8198594855968
2000-04-04 09:00:00,319.01695724040593,309.83896894410873
2000-04-04 17:00:00,295.18526297688305,297.52299849829063
2000-04-04 18:00:00,293.1984206612562,295.92161364915376
2000-04-04 20:00:00,290.81513810121044,294.01986496841596
2000-04-04 21:00:00,290.07162372136526,293.34517652044315
2000-04-05 05:00:00,315.3259355401038,307.08789433977455
2000-04-05 06:00:00,319.18364994184265,308.35212385415673
2000-04-05 08:00:00,321.11175504193653,309.71943956090047
2000-04-05 09:00:00,320.17258694359265,309.8822694610925
2000-04-05 17:00:00,295.63034024701466,297.5975837883854
2000-04-05 18:00:00,293.8869398731296,296.1678780671812
2000-04-05 20:00:00,291.5260594725058,294.48447428792946
2000-04-05 21:00:00,291.0789059725675,294.13726877174315
2000-04-06 05:00:00,311.4342497368623,305.0347416294374
2000-04-06 06:00:00,315.7520242229632,306.3879029872054
2000-04-06 08:00:00,321.2752733980011,308.3178003954778
2000-04-06 09:00:00,321.2188512863841,308.7377973653503
2000-04-06 17:00:00,296.1847751423464,298.0027562686586
2000-04-06 18:00:00,294.5338342369797,296.58253098121963
2000-04-06 20:00:00,291.5641858493235,294.3414649669489
2000-04-06 21:00:00,290.6635669067571,293.65242956599394
2000-04-07 05:00:00,312.1080277829398,306.33385480460475
2000-04-07 06:00:00,316.4597839449514,308.14274707670756
2000-04-07 08:00:00,321.5962007166976,310.49079074477567
2000-04-07 09:00:00,321.8138084470399,310.81834985295137
2000-04-07 17:00:00,295.5171051260503,299.0491001499452
2000-04-07 18:00:00,293.88249749652414,299.7470036346483
2000-04-07 20:00:00,291.66546412204923,295.97113385075596
2000-04-07 21:00:00,290.93784293481855,293.9470712341403
2000-04-08 05:00:00,311.12908848555327,306.4938234114683
2000-04-08 06:00:00,315.17989435181227,308.6163018554311
2000-04-08 08:00:00,319.2586600328631,310.2900853561143
2000-04-08 09:00:00,319.29839314371117,310.517060760357
2000-04-08 17:00:00,297.27935534743204,298.74380613071344
2000-04-08 18:00:00,296.07757535443653,297.6575101784822
2000-04-08 20:00:00,294.5879090107828,296.55953111927755
2000-04-08 21:00:00,293.5173643373745,295.51814580367784
2000-04-09 05:00:00,315.81888833068,306.40015071639664
2000-04-09 06:00:00,318.95962651374714,308.0139239859324
2000-04-09 08:00:00,321.49548497369005,310.22506229535827
2000-04-09 09:00:00,320.7279236592203,310.51995842556005
2000-04-09 17:00:00,298.62640945128925,300.44729950468417
2000-04-09 18:00:00,297.6192776014331,299.55762285370673
2000-04-09 20:00:00,296.24524304312075,298.29109897231467
2000-04-09 21:00:00,295.535745606033,297.4568556211028
2000-04-10 05:00:00,313.7468032014021,307.10490074216494
2000-04-10 06:00:00,318.1050921235871,309.0372752702475
2000-04-10 08:00:00,320.91168384522615,311.1998104101337
2000-04-10 09:00:00,320.52710920195733,311.4545644751315
2000-04-10 17:00:00,296.5028390281924,301.7248345655727
2000-04-10 18:00:00,294.6829950600082,301.043913689894
2000-04-10 20:00:00,292.84954147456426,296.10746381903647
2000-04-10 21:00:00,292.0442829808028,295.8097045146078
2000-04-11 05:00:00,313.87004218667244,307.0260073481062
2000-04-11 06:00:00,317.90611596247084,309.27450225312833
2000-04-11 08:00:00,323.0996896188322,312.3841011035608
2000-04-11 09:00:00,323.28728749608774,312.7256397076858
2000-04-11 17:00:00,299.6324057556999,301.8094841673488
2000-04-11 18:00:00,298.43713400066355,300.90113858779887
2000-04-11 20:00:00,297.07955365996514,299.66362862373904
2000-04-11 21:00:00,296.4170484733875,298.6976799869391
2000-04-12 05:00:00,315.2944962746924,308.41501146031453
2000-04-12 06:00:00,319.26614485683353,310.749551476242
2000-04-12 08:00:00,323.1327002573821,313.1069877166043
2000-04-12 09:00:00,323.56637262893935,313.3807651654965
2000-04-12 17:00:00,300.72570699682956,302.80517575773877
2000-04-12 18:00:00,299.42745405059014,301.7445398221949
2000-04-12 20:00:00,297.77963484894883,300.3304962722473
2000-04-12 21:00:00,297.39818541257887,299.97294891780626
2000-04-13 05:00:00,316.1012914155041,308.20855588281097
2000-04-13 06:00:00,319.75905880685576,310.340684464606
2000-04-13 08:00:00,323.3549955629605,312.8816572286315
2000-04-13 09:00:00,323.5501736022291,313.3451942479114
2000-04-13 17:00:00,301.38175541153305,302.9637892477685
2000-04-13 18:00:00,299.08283975421926,301.9117036887053
2000-04-13 20:00:00,296.93757998520863,300.1613299541738
2000-04-13 21:00:00,296.7646246911565,299.8675443299563
2000-04-14 05:00:00,312.22619471381006,307.334392529974
2000-04-14 06:00:00,315.80611496089233,309.3899862703814
2000-04-14 08:00:00,320.4539248755974,311.6875953380427
2000-04-14 09:00:00,320.9792461659765,312.2609650034383
2000-04-14 17:00:00,301.8900633637085,303.2928853321516
2000-04-14 18:00:00,301.0941354901471,302.3680329168522
2000-04-14 20:00:00,298.96605866936216,300.02721380342507
2000-04-14 21:00:00,297.5632690053508,298.71266771501683
2000-04-15 05:00:00,312.23698267767725,306.7338793832459
2000-04-15 06:00:00,315.991546795438,308.6642974007112
2000-04-15 08:00:00,322.1416875665838,311.18772020619167
2000-04-15 09:00:00,322.7021881244583,311.75820715952733
2000-04-15 17:00:00,299.96313138000767,301.5744498654029
2000-04-15 18:00:00,298.50451474417525,300.3145845762937
2000-04-15 20:00:00,295.93084928397957,298.02430960209966
2000-04-15 21:00:00,294.9164461861774,297.0800887050541
2000-04-16 05:00:00,315.6885512341704,308.1189336791428
2000-04-16 06:00:00,318.92087591374053,309.69436248168006
2000-04-16 08:00:00,322.0558163917671,311.33932335240814
2000-04-16 09:00:00,322.59369573607836,311.89258426143135
2000-04-16 17:00:00,300.0528664375858,301.8611126445659
2000-04-16 18:00:00,298.24845761620946,300.65266945108607
2000-04-16 20:00:00,297.36239214928014,299.7046182453173
2000-04-16 21:00:00,297.0219824369222,299.2744353636755
2000-04-17 05:00:00,312.6753322560173,307.6685480902486
2000-04-17 06:00:00,316.2706942800748,309.60608970512783
2000-04-17 08:00:00,320.5334269519213,312.00361045520003
2000-04-17 09:00:00,320.8584615651559,312.2937354982726
2000-04-17 17:00:00,302.047928538271,303.5748975897791
2000-04-17 18:00:00,300.6910572022613,302.454739821894
2000-04-17 20:00:00,299.38911407423683,301.60684634357096
2000-04-17 21:00:00,298.95241108146405,301.03990255629157
2000-04-18 05:00:00,314.48370140322555,309.3933482824012
2000-04-18 06:00:00,318.3880371893132,311.23446514206046
2000-04-18 08:00:00,322.5209501528042,312.7169550350525
2000-04-18 09:00:00,322.9288467618827,313.0083748416283
2000-04-18 17:00:00,301.8612220188135,303.64698770343796
2000-04-18 18:00:00,300.794856490266,302.7425842755381
2000-04-18 20:00:00,299.6903753295334,301.82214684625984
2000-04-18 21:00:00,299.25756683114497,301.2328003588002
2000-04-19 05:00:00,314.14653680504557,309.22958077781925
2000-04-19 06:00:00,318.42660167441346,311.4391805592965
2000-04-19 08:00:00,323.53358393641213,313.6496161650436
2000-04-19 09:00:00,323.6720217335941,313.9563401608695
2000-04-19 17:00:00,302.6027853661583,304.2769429775526
2000-04-19 18:00:00,301.6355956184846,303.489236558347
2000-04-19 20:00:00,300.22139125171543,302.54433938424654
2000-04-19 21:00:00,299.9944274149984,301.9950783939685
2000-04-20 05:00:00,312.54129456224723,307.93668601766393
2000-04-20 06:00:00,316.40990533814045,310.06480574644587
2000-04-20 08:00:00,320.79951519370996,312.203155305977
2000-04-20 09:00:00,321.22117111605746,312.6215775170936
2000-04-20 17:00:00,302.02205724965995,303.71394848933755
2000-04-20 18:00:00,301.21365090768404,303.0797394457143
2000-04-20 20:00:00,300.36203886951984,302.23108923490315
2000-04-20 21:00:00,300.13886445549497,301.7555495675062
2000-04-21 05:00:00,311.47974874205516,307.2090892586025
2000-04-21 06:00:00,314.92229648584214,309.28703007161715
2000-04-21 08:00:00,319.3282564512938,311.8076511612291
2000-04-21 09:00:00,319.5460462055882,312.12737780836954
2000-04-21 17:00:00,302.24411078924754,303.55085566304683
2000-04-21 18:00:00,301.2067116148116,302.60445447548517
2000-04-21 20:00:00,300.2690684079022,301.88590773007905
2000-04-21 21:00:00,299.7354060850452,301.1343559653072
2000-04-22 05:00:00,310.1666417761099,304.2559527851217
2000-04-22 06:00:00,313.98794600335407,306.1877970879177
2000-04-22 08:00:00,313.2532802164462,305.0494172694319
2000-04-22 09:00:00,311.746014235016,305.5305900867621
2000-04-22 17:00:00,295.2167791945541,296.0964521928267
2000-04-22 18:00:00,295.6677331674632,296.28482438897134
2000-04-22 20:00:00,295.96658600276714,296.48820594352645
2000-04-22 21:00:00,295.74163381050477,296.2020927629045
2000-04-23 05:00:00,307.7963184186233,304.21108289345386
2000-04-23 06:00:00,310.76985452942927,305.8393212128861
2000-04-23 08:00:00,313.72292423101345,307.9093342738453
2000-04-23 09:00:00,313.6825210500756,308.041242273269
2000-04-23 17:00:00,298.03767411477395,299.8811929523486
2000-04-23 18:00:00,297.1826081826985,298.3191958340732
2000-04-23 20:00:00,296.4309209932348,298.3965534980198
2000-04-23 21:00:00,295.94393344873276,297.97092271989965
2000-04-24 05:00:00,308.7681281467432,305.4227214278352
2000-04-24 06:00:00,311.84745687475925,307.3020251822214
2000-04-24 08:00:00,315.07722075804725,309.6156424594403
2000-04-24 09:00:00,315.34580029691864,310.0897843606299
2000-04-24 17:00:00,300.9778591679131,302.77368979902224
2000-04-24 18:00:00,300.2990378451825,302.2531325659142
2000-04-24 20:00:00,300.0890026592143,302.2500050549147
2000-04-24 21:00:00,299.906286301341,301.7380454793734
2000-04-25 05:00:00,308.16049112046625,304.96663201424667
2000-04-25 06:00:00,311.3243655541278,307.1259447047817
2000-04-25 08:00:00,315.3677461033426,310.3390955991113
2000-04-25 09:00:00,315.83684931256926,310.9643904769733
2000-04-25 17:00:00,302.17671650326673,304.1322626428354
2000-04-25 18:00:00,301.5961297598017,303.6807175975735
2000-04-25 20:00:00,301.56885887110735,303.9408992302987
2000-04-25 21:00:00,301.56936034215806,303.3758940145672
2000-04-26 05:00:00,309.5049978529544,306.35208828166384
2000-04-26 06:00:00,312.73253383548314,308.4189805558356
2000-04-26 08:00:00,316.6425790889605,311.334206955826
2000-04-26 09:00:00,317.1347935563427,311.97593616080025
2000-04-26 17:00:00,302.66618876170674,304.74209865105723
2000-04-26 18:00:00,302.32868858772366,304.5606552382647
2000-04-26 20:00:00,302.13229468864364,304.2824043544306
2000-04-26 21:00:00,301.74212006978894,303.40439155472814
2000-04-27 05:00:00,310.33322145905817,306.6402875197871
2000-04-27 06:00:00,313.828684661348,308.8860887900707
2000-04-27 08:00:00,318.01389852326895,311.6484102269718
2000-04-27 09:00:00,318.4164766802443,312.2266342797889
2000-04-27 17:00:00,302.38998650549377,304.23079489779946
2000-04-27 18:00:00,301.62926054074325,303.58631746500777
2000-04-27 20:00:00,300.6252862727514,302.8787154798698
2000-04-27 21:00:00,300.1415252685547,302.48597453959366
2000-04-28 05:00:00,311.8608093731944,307.91354379521675
2000-04-28 06:00:00,315.40760206037385,309.862374539368
2000-04-28 08:00:00,318.4331891922444,311.22745978262833
2000-04-28 09:00:00,318.3294166835321,311.48307703896916
2000-04-28 17:00:00,302.19435133735647,303.6840508083349
2000-04-28 18:00:00,301.0253167056891,302.4836747179781
2000-04-28 20:00:00,298.4649538295846,300.129893792245
2000-04-28 21:00:00,297.193998457287,298.99383737713976
2000-04-29 05:00:00,312.73785877668615,307.75882755038555
2000-04-29 06:00:00,317.05752772726527,310.1078857280808
2000-04-29 08:00:00,320.58812862919365,312.24950327821796
2000-04-29 09:00:00,319.95111319096685,312.4860124396984
2000-04-29 17:00:00,299.52593594449695,301.45186578547833
2000-04-29 18:00:00,298.1332572854722,300.1732526405934
2000-04-29 20:00:00,296.2573005899626,298.73117453365
2000-04-29 21:00:00,295.5350200729488,298.0382821622358
2000-04-30 05:00:00,313.38675843695836,308.4287019562097
2000-04-30 06:00:00,317.5778430768264,310.4679771858298
2000-04-30 08:00:00,321.92684163003935,312.61675933696824
2000-04-30 09:00:00,322.1380002531689,312.99660220388637
2000-04-30 17:00:00,300.8621354771689,303.08536201559343
2000-04-30 18:00:00,300.01713390379734,302.43659681605266
2000-04-30 20:00:00,299.5847777144751,301.82091549254716
2000-04-30 21:00:00,299.3772785439514,301.48884984561585
2000-05-01 05:00:00,312.97091620728855,308.56923037207184
2000-05-01 06:00:00,317.07136192380557,311.06266598929244
2000-05-01 08:00:00,321.4102078571525,313.44936118103874
2000-05-01 09:00:00,321.40792834924076,313.8212078076849
2000-05-01 17:00:00,303.46724511662325,305.2833119584893
2000-05-01 18:00:00,302.73330295838997,304.62292814328237
2000-05-01 20:00:00,302.2707200013618,304.1174595249453
2000-05-01 21:00:00,301.87061231051825,303.4951223599708
2000-05-02 05:00:00,313.28524340613416,308.5175099894519
2000-05-02 06:00:00,317.0013980248309,310.70596487459676
2000-05-02 08:00:00,321.51626669203375,313.61776625246773
2000-05-02 09:00:00,321.86292183380834,314.21622179028435
2000-05-02 17:00:00,304.19365632185037,305.95952379317794
2000-05-02 18:00:00,303.4439699381636,305.2023663866134
2000-05-02 20:00:00,302.2170827950829,303.9325841071977
2000-05-02 21:00:00,301.6984631930735,303.42488173380474
2000-05-03 05:00:00,314.7359326190684,309.6678887177689
2000-05-03 06:00:00,318.2868384080602,311.6952707440534
2000-05-03 08:00:00,322.34135314753314,314.42853697790025
2000-05-03 09:00:00,322.84885280709057,315.02213413138605
2000-05-03 17:00:00,304.21706610210873,305.92872633735647
2000-05-03 18:00:00,303.26022313004836,304.9408169409895
2000-05-03 20:00:00,301.56398278281944,303.041416562026
2000-05-03 21:00:00,300.914637819828,302.40744810883183
2000-05-04 05:00:00,314.612044888395,309.5738306030838
2000-05-04 06:00:00,318.2835329170403,311.5051943128025
2000-05-04 08:00:00,322.79429048088554,313.8863296391233
2000-05-04 09:00:00,323.2454323085321,314.3362798705491
2000-05-04 17:00:00,302.47550771563374,303.9581641386764
2000-05-04 18:00:00,301.5547459959433,303.20183479767553
2000-05-04 20:00:00,300.1262745673557,301.83755645987065
2000-05-04 21:00:00,299.7254503952521,301.3296658085381
2000-05-05 05:00:00,315.63420624578674,308.80405065127997
2000-05-05 06:00:00,319.6102287398281,310.542557538566
2000-05-05 08:00:00,324.81712588176526,313.2289169382057
2000-05-05 09:00:00,324.25787360568995,313.60549851521876
2000-05-05 17:00:00,302.87780742909774,304.35563001353495
2000-05-05 18:00:00,301.9584186477544,303.52314078826197
2000-05-05 20:00:00,300.25755801443324,301.46760220520304
2000-05-05 21:00:00,300.1026492126183,301.4184631911926
2000-05-06 05:00:00,318.0778680692652,310.58763689179267
2000-05-06 06:00:00,320.57451428617645,311.6415494851229
2000-05-06 08:00:00,324.7299197157285,312.99376571490694
2000-05-06 09:00:00,323.7530133169495,313.2760728033739
2000-05-06 17:00:00,301.87710195109366,303.02441338067433
2000-05-06 18:00:00,300.92286550466014,302.0263433706228
2000-05-06 20:00:00,299.0658429679224,301.05620957008676
2000-05-06 21:00:00,298.11549878230636,299.6725395684617
2000-05-07 05:00:00,314.3272328663313,307.6857692442249
2000-05-07 06:00:00,317.75456724475464,309.4154440434578
2000-05-07 08:00:00,321.3771317633348,310.9347054785683
2000-05-07 09:00:00,316.0993489410918,307.1171430167505
2000-05-07 17:00:00,300.45936017851983,301.1992576375764
2000-05-07 18:00:00,299.5324640259354,300.4266906409124
2000-05-07 20:00:00,298.3252176951922,299.6428152357669
2000-05-07 21:00:00,297.6200393888359,298.9019439650243
2000-05-08 05:00:00,314.47559096890353,307.04839608261506
2000-05-08 06:00:00,317.50605221411854,308.75502745359444
2000-05-08 08:00:00,317.61901693241253,309.9589070465605
2000-05-08 09:00:00,316.27168683021205,309.8109333291076
2000-05-08 17:00:00,299.70823067546075,300.36576396548327
2000-05-08 18:00:00,299.3001291189796,300.06697740834005
2000-05-08 20:00:00,299.28919324595677,301.05599679344425
2000-05-08 21:00:00,298.9657002171309,300.738727939882
2000-05-09 05:00:00,311.14904629982124,306.7062674876538
2000-05-09 06:00:00,314.15786712599464,308.4074001224089
2000-05-09 08:00:00,317.11853128442044,310.69867286623355
2000-05-09 09:00:00,317.4808409327903,311.146871581467
2000-05-09 17:00:00,302.8663081329299,304.5243874712975
2000-05-09 18:00:00,302.1716171523272,303.89285903719065
2000-05-09 20:00:00,301.06542228146213,302.6599216784461
2000-05-09 21:00:00,300.6153351676483,302.18461481926073
2000-05-10 05:00:00,311.874922718583,307.446782022485
2000-05-10 06:00:00,314.87732258048743,309.11111041099883
2000-05-10 08:00:00,317.2326586095872,310.14783671750865
2000-05-10 09:00:00,316.13329321063355,310.02376052080575
2000-05-10 17:00:00,302.36728880989534,303.76622733423267
2000-05-10 18:00:00,301.9094245569732,303.4308125124139
2000-05-10 20:00:00,300.59734286879905,301.9258427788921
2000-05-10 21:00:00,300.1132121975139,301.56405592625975
2000-05-11 05:00:00,311.380545382507,306.7732997476963
2000-05-11 06:00:00,314.2142551933489,308.09615813785786
2000-05-11 08:00:00,316.32641119582263,309.37129119731986
2000-05-11 09:00:00,316.91539556329894,309.86541315440223
2000-05-11 17:00:00,301.44600913778106,302.85755501910245
2000-05-11 18:00:00,301.11055481709394,302.4462176588908
2000-05-11 20:00:00,301.13570424037283,302.5877132797829
2000-05-11 21:00:00,301.1537216727282,302.49008369151915
2000-05-12 05:00:00,310.7703745743527,305.9419429878975
2000-05-12 06:00:00,313.7891752128425,307.50548162004793
2000-05-12 08:00:00,317.0151080115367,308.6331911483788
2000-05-12 09:00:00,317.54529551548654,309.07909977564645
2000-05-12 17:00:00,299.3420680535409,300.96314663879673
2000-05-12 18:00:00,300.0110803965611,301.1655601654288
2000-05-12 20:00:00,300.00354610496015,301.3836097188282
2000-05-12 21:00:00,300.06407485280084,301.1916789097484
2000-05-13 05:00:00,309.49500296993875,304.9230099341536
2000-05-13 06:00:00,312.6368920983078,306.0532272409401
2000-05-13 08:00:00,314.51487435692087,306.4206157149446
2000-05-13 09:00:00,314.94798175359176,307.12625904994314
2000-05-13 17:00:00,299.7772530201587,300.3197638654194
2000-05-13 18:00:00,299.4759351968398,299.9868735150306
2000-05-13 20:00:00,298.7381971973484,299.2321424440169
2000-05-13 21:00:00,298.6044169515601,299.3396999788211
2000-05-14 05:00:00,306.74180342052676,303.12307586434815
2000-05-14 06:00:00,309.1978341030597,304.84716893271053
2000-05-14 08:00:00,314.4445651955156,307.74407204273854
2000-05-14 09:00:00,314.0326671159506,307.9777084844321
2000-05-14 17:00:00,301.94374780405104,303.30912714930275
2000-05-14 18:00:00,301.6544150659593,303.07578149451683
2000-05-14 20:00:00,300.86992430135905,302.08834608457124
2000-05-14 21:00:00,300.47357591532045,301.59667423289443
2000-05-15 05:00:00,309.5771943314233,305.3746546435246
2000-05-15 06:00:00,312.1986330617191,306.7998706129924
2000-05-15 08:00:00,316.0888632611244,309.0621087025788
2000-05-15 09:00:00,316.08317370774756,309.4449354738962
2000-05-15 17:00:00,302.0560244661634,303.6140517835808
2000-05-15 18:00:00,301.46266668052266,303.08166099513073
2000-05-15 20:00:00,300.595214538104,302.12367826911446
2000-05-15 21:00:00,300.1347856330578,301.56425193939447
2000-05-16 05:00:00,310.5201402849336,305.46358279564714
2000-05-16 06:00:00,313.5205427266784,307.01103360921104
2000-05-16 08:00:00,317.8956413798046,309.57532406000223
2000-05-16 09:00:00,318.58295138554513,310.3074147087767
2000-05-16 17:00:00,303.136401395401,304.4204854392124
2000-05-16 18:00:00,302.53889613452793,303.95625509723493
2000-05-16 20:00:00,301.7419814475696,303.1669645853146
2000-05-16 21:00:00,301.44244589313337,302.6429889367431
2000-05-17 05:00:00,311.71711705094674,306.5143901901362
2000-05-17 06:00:00,314.7040192026571,307.9671435245931
2000-05-17 08:00:00,319.27002559714765,310.33653200499265
2000-05-17 09:00:00,319.0591351666326,310.5843227251285
2000-05-17 17:00:00,303.3679638173437,303.9509081260082
2000-05-17 18:00:00,302.1044673596399,303.1362903753672
2000-05-17 20:00:00,301.0445041274437,302.0865564331619
2000-05-17 21:00:00,300.8782963686622,301.8352175390776
2000-05-18 05:00:00,312.8313416890996,306.4610405262152
2000-05-18 06:00:00,316.29965793039474,307.69795342255816
2000-05-18 08:00:00,321.3930212881973,310.170680629454
2000-05-18 09:00:00,321.75610144663665,310.6450883956462
2000-05-18 17:00:00,301.02903347867664,301.14221678088734
2000-05-18 18:00:00,300.64849601945457,300.8871818036989
2000-05-18 20:00:00,300.86394819309606,301.816816027249
2000-05-18 21:00:00,300.796355096144,301.611571043041
2000-05-19 05:00:00,313.23578228825596,307.7039551580632
2000-05-19 06:00:00,316.30037979572694,309.14088849036824
2000-05-19 08:00:00,320.5958300621374,311.49831372747434
2000-05-19 09:00:00,320.20854527924575,311.7420611036209
2000-05-19 17:00:00,301.8909809600407,302.61240270582294
2000-05-19 18:00:00,301.75588965746584,302.5065766791533
2000-05-19 20:00:00,300.6177010088011,300.97507872970886
2000-05-19 21:00:00,300.26281094073516,300.60762719858224
2000-05-20 05:00:00,311.87062820411063,307.0371284661197
2000-05-20 06:00:00,315.2849862873095,308.9344938304648
2000-05-20 08:00:00,319.7043365337449,311.15022487081995
2000-05-20 09:00:00,320.30106834564447,311.66176599346807
2000-05-20 17:00:00,304.08005614199885,305.2143147472975
2000-05-20 18:00:00,303.30071661762537,304.5102425268141
2000-05-20 20:00:00,302.6149819113991,303.74806777648456
2000-05-20 21:00:00,302.2345251427226,303.332969982929
2000-05-21 05:00:00,311.5854281291756,306.7167338884116
2000-05-21 06:00:00,314.8114666578766,308.6483021223306
2000-05-21 08:00:00,318.9664526940861,311.3965819230984
2000-05-21 09:00:00,319.54739854809685,312.16528696492196
2000-05-21 17:00:00,303.32858678409247,304.6538597071667
2000-05-21 18:00:00,302.5626450878079,303.9724819142205
2000-05-21 20:00:00,301.83025737462685,303.2730201286234
2000-05-21 21:00:00,301.45542886554733,302.8029335386397
2000-05-22 05:00:00,311.64213418593204,306.2874819574812
2000-05-22 06:00:00,315.11236118498863,308.4185857787522
2000-05-22 08:00:00,319.6949516026007,312.0953927297254
2000-05-22 09:00:00,320.3205068438373,312.9769774497198
2000-05-22 17:00:00,303.9199788662245,305.19775891414224
2000-05-22 18:00:00,303.2750285050168,304.6181635217417
2000-05-22 20:00:00,302.656743970968,303.9626338353326
2000-05-22 21:00:00,302.1166375252793,303.18588254484814
2000-05-23 05:00:00,311.01631999199486,305.7461496126854
2000-05-23 06:00:00,314.539409643329,308.04925997929513
2000-05-23 08:00:00,318.98942121555706,311.64667577993345
2000-05-23 09:00:00,319.6417928968997,312.4330796299069
2000-05-23 17:00:00,304.25991717839645,305.4255245073551
2000-05-23 18:00:00,303.62841535900327,304.85839618042183
2000-05-23 20:00:00,302.480753259409,303.53006533959245
2000-05-23 21:00:00,301.8331917408619,302.7505483524458
2000-05-24 05:00:00,310.526137388726,305.4135125252793
2000-05-24 06:00:00,313.9448594855968,307.46957467994633
2000-05-24 08:00:00,318.51268576694014,310.53176983332236
2000-05-24 09:00:00,319.29002620185656,311.38755250528163
2000-05-24 17:00:00,304.17080791925986,305.17566016715926
2000-05-24 18:00:00,303.5135657217911,304.62144634793464
2000-05-24 20:00:00,302.7447876775944,303.8506206870998
2000-05-24 21:00:00,302.28853859923476,303.24470990244157
2000-05-25 05:00:00,310.6069325357446,305.42671264742484
2000-05-25 06:00:00,314.0578304578784,307.55614884057655
2000-05-25 08:00:00,318.7649864584713,310.89436951624043
2000-05-25 09:00:00,319.63956229234884,311.8540137339446
2000-05-25 17:00:00,304.42380811694227,305.3452833319665
2000-05-25 18:00:00,303.83388259488004,304.8470411021463
2000-05-25 20:00:00,302.7786946348122,303.52335363543824
2000-05-25 21:00:00,302.01451230747125,302.53608649537455
2000-05-26 05:00:00,310.009941536032,305.30351215004004
2000-05-26 06:00:00,313.53909513358894,307.5821443390222
2000-05-26 08:00:00,318.5451885393845,311.2002327188689
2000-05-26 09:00:00,319.51988248428324,312.30868911155386
2000-05-26 17:00:00,304.7331736936408,305.74282620610734
2000-05-26 18:00:00,304.0702070991505,305.16207203916485
2000-05-26 20:00:00,303.06022399526165,304.04172300741374
2000-05-26 21:00:00,302.4658971707149,303.29291305189327
2000-05-27 05:00:00,310.6549206749868,305.28551693579817
2000-05-27 06:00:00,314.1566487269703,307.4062485658149
2000-05-27 08:00:00,319.0412586135747,310.7552430045623
2000-05-27 09:00:00,319.98795423228495,311.83117005711165
2000-05-27 17:00:00,303.84421693305205,304.97567175349394
2000-05-27 18:00:00,303.0069786271623,304.2814926829287
2000-05-27 20:00:00,302.0780550540871,303.4892306805392
2000-05-27 21:00:00,301.70819249322125,303.0281358904023
2000-05-28 05:00:00,311.88422726482753,305.93423240908487
2000-05-28 06:00:00,315.1466427466535,307.8267018416629
2000-05-28 08:00:00,320.01382215879,311.3889463686245
2000-05-28 09:00:00,320.714777354283,312.2158514883926
2000-05-28 17:00:00,303.36775125230224,304.63507225847763
2000-05-28 18:00:00,302.3992785437633,303.8555662275646
2000-05-28 20:00:00,301.7345343826364,303.41602312508275
2000-05-28 21:00:00,301.4270745793183,302.98407269258894
2000-05-29 05:00:00,312.60086931837,306.7945729918399
2000-05-29 06:00:00,315.8798351317231,308.5119603514121
2000-05-29 08:00:00,320.3172912127432,311.5698696189375
2000-05-29 09:00:00,320.7693346020621,312.2289030430681
2000-05-29 17:00:00,304.7651385996485,305.74288693561766
2000-05-29 18:00:00,304.0549531769128,305.12533954920127
2000-05-29 20:00:00,303.28355149091294,304.43236693395494
2000-05-29 21:00:00,302.96979784855307,304.015714883437
2000-05-30 05:00:00,313.3141271888016,307.0938214976542
2000-05-30 06:00:00,316.8257043071447,308.66284513546987
2000-05-30 08:00:00,321.27211779108035,311.5960686541118
2000-05-30 09:00:00,321.6267224563105,312.2526239709604
2000-05-30 17:00:00,305.57765099006735,306.31118986015144
2000-05-30 18:00:00,304.86491260028953,305.6713641009456
2000-05-30 20:00:00,303.9532120620892,304.77202746092996
2000-05-30 21:00:00,303.37705730326553,304.0970699974495
2000-05-31 05:00:00,313.2729640778482,307.1669331272872
2000-05-31 06:00:00,316.35363419213905,308.97681143691614
2000-05-31 08:00:00,319.87939488391845,310.973533877239
2000-05-31 09:00:00,320.43416086440834,311.7329723434566
2000-05-31 17:00:00,305.47317349708686,306.0237862891152
2000-05-31 18:00:00,304.72413200296126,305.32823249334916
2000-05-31 20:00:00,303.5625457763672,304.0097809073003
2000-05-31 21:00:00,303.0661049535719,303.49495705250416
2000-06-01 05:00:00,313.013479082904,307.1397854139331
2000-06-01 06:00:00,315.9858199062259,308.70988097580266
2000-06-01 08:00:00,319.93822988266203,311.1107290588285
2000-06-01 09:00:00,320.4815675944136,311.74139712294
2000-06-01 17:00:00,305.0514554345553,305.87414593101465
2000-06-01 18:00:00,304.3177811162681,305.297804187369
2000-06-01 20:00:00,303.29903090936926,304.29128304174395
2000-06-01 21:00:00,303.0012072547008,303.9728764091692
2000-06-02 05:00:00,313.43831891969467,307.8227750193356
2000-06-02 06:00:00,316.57732641752034,309.54052036091434
2000-06-02 08:00:00,322.32152661998026,312.39939158576294
2000-06-02 09:00:00,322.9843149288043,313.057211571739
2000-06-02 17:00:00,305.71750729036256,306.5704673684801
2000-06-02 18:00:00,305.0238963451885,305.9944590140932
2000-06-02 20:00:00,304.28809726991346,305.2340687427021
2000-06-02 21:00:00,303.98203746636955,304.8160997340786
2000-06-03 05:00:00,315.1896376646538,308.5615322307005
2000-06-03 06:00:00,319.08042590313227,310.27407749922514
2000-06-03 08:00:00,324.3357693711855,312.8686748204871
2000-06-03 09:00:00,325.0134555481616,313.6178521625066
2000-06-03 17:00:00,305.73955957915274,306.6114542627555
2000-06-03 18:00:00,304.782797109548,305.8943760288515
2000-06-03 20:00:00,303.6976937645206,304.94859962874824
2000-06-03 21:00:00,303.262498147315,304.36454436738615
2000-06-04 05:00:00,315.2540493393532,309.01884505120563
2000-06-04 06:00:00,318.9459070520151,310.8614395212135
2000-06-04 08:00:00,322.50570899716513,312.67648599915583
2000-06-04 09:00:00,322.48457707903236,313.1937613465202
2000-06-04 17:00:00,305.0046789701253,306.1410023552611
2000-06-04 18:00:00,304.01217402148137,305.08463662357656
2000-06-04 20:00:00,302.22408218266236,302.83703225345937
2000-06-04 21:00:00,301.8498361173139,302.4914261357994
2000-06-05 05:00:00,318.81463289187394,309.13978872901674
2000-06-05 06:00:00,322.8962590198488,310.57428570998655
2000-06-05 08:00:00,326.71333282423683,312.55447411206546
2000-06-05 09:00:00,326.26496694414936,312.8898460964209
2000-06-05 17:00:00,303.89859300328334,303.8986270005237
2000-06-05 18:00:00,303.3818854521529,303.61216592421334
2000-06-05 20:00:00,302.83938365871626,303.5863138207669
2000-06-05 21:00:00,302.6074288108132,303.4149195549117
2000-06-06 05:00:00,314.72680400736715,307.8733970512778
2000-06-06 06:00:00,317.83043613051785,309.327265782055
2000-06-06 08:00:00,322.13195116604425,311.5945213329627
2000-06-06 09:00:00,322.4864052183272,312.1279460278057
2000-06-06 17:00:00,304.31932129000296,304.19014546022584
2000-06-06 18:00:00,303.6721533964889,303.5638484866667
2000-06-06 20:00:00,302.4667409888034,302.3995120102893
2000-06-06 21:00:00,301.97321461823026,301.9150480673016
2000-06-07 05:00:00,311.3976717862216,305.31664404259254
2000-06-07 06:00:00,315.262252384415,306.7557495070165
2000-06-07 08:00:00,319.10683849081977,307.9419425646954
2000-06-07 09:00:00,318.4033669117603,307.9340162468251
2000-06-07 17:00:00,300.5419794679239,300.17093151780233
2000-06-07 18:00:00,299.8471364166777,299.53271251613813
2000-06-07 20:00:00,298.8685326950943,298.63636876181204
2000-06-07 21:00:00,298.72893908578556,298.5358012336061
2000-06-08 05:00:00,311.7433456162275,304.46162804837223
2000-06-08 06:00:00,315.49586350451267,306.352449273108
2000-06-08 08:00:00,320.68355928253504,310.5056355951013
2000-06-08 09:00:00,320.5009945956144,310.9737288793908
2000-06-08 17:00:00,303.7600501814315,304.2980113918499
2000-06-08 18:00:00,302.91566239226216,303.34714624437237
2000-06-08 20:00:00,301.48971569372804,301.9389973597828
2000-06-08 21:00:00,301.041899247603,301.4265199963962
2000-06-09 05:00:00,315.8154899232744,309.10233355082795
2000-06-09 06:00:00,319.5125576542412,310.9061741527681
2000-06-09 08:00:00,323.876474295265,312.5842010780182
2000-06-09 09:00:00,324.67316080572425,313.4715534321884
2000-06-09 17:00:00,303.3296385590211,304.4817112010139
2000-06-09 18:00:00,302.7053580262077,303.665404615123
2000-06-09 20:00:00,301.67605442699556,302.3468913826259
2000-06-09 21:00:00,301.2276064691999,301.9939956547483
2000-06-10 05:00:00,312.9763236729133,306.6124481530329
2000-06-10 06:00:00,316.40741373541175,308.1760120832682
2000-06-10 08:00:00,320.9294962596452,310.81539491438906
2000-06-10 09:00:00,320.9386183587355,311.2506759714089
2000-06-10 17:00:00,304.46267996436825,305.0403448025508
2000-06-10 18:00:00,303.63755377488803,304.51880404761835
2000-06-10 20:00:00,303.11827477688786,304.05541677137006
2000-06-10 21:00:00,302.8491976463188,303.76522963513577
2000-06-11 05:00:00,307.7862879396036,304.11014108995806
2000-06-11 06:00:00,309.3877004379484,305.5363484104903
2000-06-11 08:00:00,314.6870628321667,307.3050630213851
2000-06-11 09:00:00,316.2850077530636,308.4186865008668
2000-06-11 17:00:00,303.85537813771487,304.5149574221007
2000-06-11 18:00:00,303.3139991466363,303.81975570702224
2000-06-11 20:00:00,302.7248284526525,303.78133337082596
2000-06-11 21:00:00,302.6892477073729,303.67720824066777
2000-06-12 05:00:00,311.44795224699664,306.2691085885964
2000-06-12 06:00:00,314.39448055978545,307.58208751237635
2000-06-12 08:00:00,318.86709413690085,309.90026526311516
2000-06-12 09:00:00,319.373379982124,310.42400001561145
2000-06-12 17:00:00,301.829401730389,303.5648934198271
2000-06-12 18:00:00,301.76183922154877,303.2824458517536
2000-06-12 20:00:00,301.74471119555926,303.4568091629099
2000-06-12 21:00:00,302.0649369156049,303.3213465239491
2000-06-13 05:00:00,310.6786505606583,305.3730811308639
2000-06-13 06:00:00,314.15402155848244,307.30193207774585
2000-06-13 08:00:00,319.2672067180804,310.21546317689774
2000-06-13 09:00:00,319.3524579487523,310.6464056829091
2000-06-13 17:00:00,304.0376860584794,304.741205036181
2000-06-13 18:00:00,303.34762034834995,304.17750610445614
2000-06-13 20:00:00,302.60197239480516,303.3790195036008
2000-06-13 21:00:00,302.1257617403803,302.69806350214276
2000-06-14 05:00:00,310.2763792722729,304.6906718766928
2000-06-14 06:00:00,313.5860465450904,306.4640519152437
2000-06-14 08:00:00,318.05044990621843,309.2966403814237
2000-06-14 09:00:00,318.27526262985725,309.8546616329434
2000-06-14 17:00:00,303.9339845301741,304.75347453677233
2000-06-14 18:00:00,303.43482512722403,304.3902686402684
2000-06-14 20:00:00,302.7251081657704,303.2949618440931
2000-06-14 21:00:00,301.9447891635043,302.083863268648
2000-06-15 05:00:00,309.5694577491889,304.62314181335165
2000-06-15 06:00:00,313.1342199528346,306.67125663110767
2000-06-15 08:00:00,317.8112212241339,309.41780212590436
2000-06-15 09:00:00,318.64298747904684,310.2690976793851
2000-06-15 17:00:00,304.63616348525227,305.48347066400237
2000-06-15 18:00:00,304.127550098672,305.10994253761044
2000-06-15 20:00:00,303.35194956539954,303.937813992493
2000-06-15 21:00:00,302.49403320218454,302.654424588008
2000-06-16 05:00:00,308.9446401258095,304.2314676951921
2000-06-16 06:00:00,312.65884650984236,306.48508708466
2000-06-16 08:00:00,317.12520838004235,309.1588791434313
2000-06-16 09:00:00,318.0800610793574,310.08583962274446
2000-06-16 17:00:00,304.0805081689303,304.7973653267271
2000-06-16 18:00:00,303.50423397305207,304.34715783540935
2000-06-16 20:00:00,302.59547732313536,303.3278262192737
2000-06-16 21:00:00,302.0208439055503,302.56636559908117
2000-06-17 05:00:00,309.2370477097428,303.93959059516897
2000-06-17 06:00:00,312.48763628990514,305.8940335642575
2000-06-17 08:00:00,317.487335604769,309.2950745099131
2000-06-17 09:00:00,318.4475674621864,310.20187180435346
2000-06-17 17:00:00,303.75726877926684,304.64610107139737
2000-06-17 18:00:00,303.063168565371,304.1235806739937
2000-06-17 20:00:00,302.41679283577054,303.5310476623442
2000-06-17 21:00:00,301.97513271149575,302.9020697971338
2000-06-18 05:00:00,311.13862656885755,305.4733807485901
2000-06-18 06:00:00,314.923137294493,307.47146709894736
2000-06-18 08:00:00,320.516165946408,310.5123173694582
2000-06-18 09:00:00,321.46624421999894,311.37627578993977
2000-06-18 17:00:00,303.6654939107792,304.47966250285896
2000-06-18 18:00:00,302.835083971773,303.80866522414294
2000-06-18 20:00:00,301.9180156549063,303.21806549401424
2000-06-18 21:00:00,301.6073243974353,302.9494047473502
2000-06-19 05:00:00,312.1221700236316,306.7376733200943
2000-06-19 06:00:00,316.2290786954766,308.8575431694419
2000-06-19 08:00:00,322.1556845784004,311.9271649094687
2000-06-19 09:00:00,322.2600669684506,312.5294394706173
2000-06-19 17:00:00,303.8395696090439,304.99684594482045
2000-06-19 18:00:00,303.2738257409612,304.46617363928283
2000-06-19 20:00:00,302.36071224829817,303.52202741390755
2000-06-19 21:00:00,301.93880492035527,303.04998821617096
2000-06-20 05:00:00,313.1125541416633,307.1657006450354
2000-06-20 06:00:00,315.9514301693862,308.6323215149584
2000-06-20 08:00:00,320.7348527247072,311.0158283486389
2000-06-20 09:00:00,321.6141211887354,311.69956965512597
2000-06-20 17:00:00,304.2601502452315,305.106438494243
2000-06-20 18:00:00,303.52816756003074,304.513581779962
2000-06-20 20:00:00,302.6138808804411,303.6167116797026
2000-06-20 21:00:00,302.36432507813254,303.3337862458545
2000-06-21 05:00:00,312.0134323425763,306.17162594552764
2000-06-21 06:00:00,315.2710248244745,307.8817338987565
2000-06-21 08:00:00,318.90120709952663,309.99166225909454
2000-06-21 09:00:00,319.8431288802936,310.66424198473914
2000-06-21 17:00:00,303.45674565907433,304.2400693026456
2000-06-21 18:00:00,302.7364707911511,303.71700266880686
2000-06-21 20:00:00,302.58801659817686,303.68639045797624
2000-06-21 21:00:00,302.48722239819074,303.3769121919465
2000-06-22 05:00:00,309.807936164374,304.5460662371572
2000-06-22 06:00:00,313.24663829362635,306.47211953561373
2000-06-22 08:00:00,318.0472316418664,309.3273298031376
2000-06-22 09:00:00,318.81760663942123,310.03106879894096
2000-06-22 17:00:00,303.5509129128949,304.42308618107637
2000-06-22 18:00:00,302.9767649787233,303.92526698883955
2000-06-22 20:00:00,302.2606514106362,303.2498370906789
2000-06-22 21:00:00,301.91176587591184,302.80571729192746
2000-06-23 05:00:00,310.72046121794193,304.6935825200955
2000-06-23 06:00:00,313.94859824158567,306.39887168190694
2000-06-23 08:00:00,318.988167667242,309.19423749597485
2000-06-23 09:00:00,320.0760893270672,310.1885844790513
2000-06-23 17:00:00,303.9048954944581,304.4438294820683
2000-06-23 18:00:00,303.2213430066689,303.8319759515842
2000-06-23 20:00:00,302.4396161048548,303.1630175903509
2000-06-23 21:00:00,302.01469099282855,302.6999749887522
2000-06-24 05:00:00,309.623052870364,303.8857680263431
2000-06-24 06:00:00,312.93769725923,305.6419568877375
2000-06-24 08:00:00,316.7596302473306,308.00402897862693
2000-06-24 09:00:00,317.35644818087025,308.8187368478173
2000-06-24 17:00:00,303.55747797749996,304.2194612382557
2000-06-24 18:00:00,303.0829497162477,303.8246448675547
2000-06-24 20:00:00,302.4086578322118,303.0731078678361
2000-06-24 21:00:00,301.77241969880043,302.11285564969245
2000-06-25 05:00:00,308.9269159725525,303.8048626586726
2000-06-25 06:00:00,312.1612244122569,305.66943126613813
2000-06-25 08:00:00,315.97884247813647,308.1737545818687
2000-06-25 09:00:00,316.58033733632425,308.9687874533913
2000-06-25 17:00:00,303.4575321567812,304.2341634694527
2000-06-25 18:00:00,302.97619612448386,303.81287528627274
2000-06-25 20:00:00,302.00608809225736,302.59669330050286
2000-06-25 21:00:00,301.2964387961272,301.66053496891254
2000-06-26 05:00:00,308.4500713377778,303.76819240293815
2000-06-26 06:00:00,311.794126819205,305.6455931582693
2000-06-26 08:00:00,315.1024516477423,307.945972013547
2000-06-26 09:00:00,316.60405248045373,309.1865925370086
2000-06-26 17:00:00,303.06081031834583,303.94077055333025
2000-06-26 18:00:00,302.483430365752,303.45797534348975
2000-06-26 20:00:00,301.664700665349,302.54724055262307
2000-06-26 21:00:00,301.177577272953,301.90784643611113
2000-06-27 05:00:00,309.35133585173105,303.59426456680654
2000-06-27 06:00:00,312.4576935613835,305.317601631529
2000-06-27 08:00:00,316.58259782365,308.20613949251106
2000-06-27 09:00:00,317.38377573163194,309.1757839537916
2000-06-27 17:00:00,302.84265724499534,303.81017104796894
2000-06-27 18:00:00,302.165348681904,303.3157869876809
2000-06-27 20:00:00,301.6056611894276,302.8167341846531
2000-06-27 21:00:00,301.3080092372806,302.3877111355586
2000-06-28 05:00:00,311.46219302325846,305.11808424187
2000-06-28 06:00:00,314.6669784804522,306.6468760956234
2000-06-28 08:00:00,319.83446252290935,309.58375488187204
2000-06-28 09:00:00,320.3472407124994,310.3109618012086
2000-06-28 17:00:00,303.8330855171192,304.50668179786817
2000-06-28 18:00:00,303.1157314729617,303.9281447400298
2000-06-28 20:00:00,302.1908579680879,303.12579077675093
2000-06-28 21:00:00,301.7845341193107,302.662166718893
2000-06-29 05:00:00,312.77494304169124,307.0587288455346
2000-06-29 06:00:00,316.5134405950185,308.58163085373235
2000-06-29 08:00:00,322.9510142086835,311.4078383717589
2000-06-29 09:00:00,324.25068246050864,312.1799969548253
2000-06-29 17:00:00,306.0552452569383,306.5586189775511
2000-06-29 18:00:00,305.82249485950445,306.3629662700353
2000-06-29 20:00:00,304.22825954066957,304.5122537950889
2000-06-29 21:00:00,303.67098009200606,303.91793014455834
2000-06-30 05:00:00,317.3219659038244,308.97638611874333
2000-06-30 06:00:00,320.0717149214311,310.4473232040053
2000-06-30 08:00:00,323.49016297139076,312.8788571820604
2000-06-30 09:00:00,321.53854546451424,312.1355006566217
2000-06-30 17:00:00,303.4797499881504,303.61594921047407
2000-06-30 18:00:00,303.1133907888263,303.31855912642044
2000-06-30 20:00:00,302.70093288333464,303.2350607050586
2000-06-30 21:00:00,302.40621532093394,302.9478353256437
2000-07-01 05:00:00,309.7524673861605,304.5708149820337
2000-07-01 06:00:00,315.15720956387986,306.64740253560166
2000-07-01 08:00:00,322.06460928659783,309.88922029797953
2000-07-01 09:00:00,321.12247301286834,310.0309157878482
2000-07-01 17:00:00,302.27620639418967,303.1457432539695
2000-07-01 18:00:00,302.2762137061826,302.570017927784
2000-07-01 20:00:00,302.2741410735943,302.1397891992413
2000-07-01 21:00:00,301.76953211991554,301.5744965822194
2000-07-02 05:00:00,313.8019152437043,305.95185899073243
2000-07-02 06:00:00,316.5207240688048,306.878430171079
2000-07-02 08:00:00,319.91455806973164,310.209636364953
2000-07-02 09:00:00,320.9560453065188,310.9610186842815
2000-07-02 17:00:00,300.7932767706402,300.29409221067266
2000-07-02 18:00:00,299.50343673071256,299.62839499827714
2000-07-02 20:00:00,298.815223987738,298.80156370377506
2000-07-02 21:00:00,298.7040348846483,298.27983076803855
2000-07-03 05:00:00,304.6360901066996,302.12923507807983
2000-07-03 06:00:00,304.96289386954993,302.6217103790612
2000-07-03 08:00:00,308.4592488293288,303.14422003183233
2000-07-03 09:00:00,309.6404070273754,303.7205199254863
2000-07-03 17:00:00,300.51036400934584,301.0380849735395
2000-07-03 18:00:00,300.2746475055148,300.6179824852613
2000-07-03 20:00:00,298.6978772226577,299.0129207852074
2000-07-03 21:00:00,298.5737775852574,298.72336640673905
2000-07-04 05:00:00,301.2149754599173,299.5071528924081
2000-07-04 06:00:00,300.9183506429287,299.3682180677981
2000-07-04 08:00:00,309.84035199228526,306.0205227421319
2000-07-04 09:00:00,310.7848450788548,306.1275060151134
2000-07-04 17:00:00,301.17061820713513,301.7057908444632
2000-07-04 18:00:00,300.72560780294504,301.2755887541455
2000-07-04 20:00:00,298.7705755953796,298.70702908696677
2000-07-04 21:00:00,297.99537113230843,298.21128741765426
2000-07-05 05:00:00,307.35434985050625,303.808627300527
2000-07-05 06:00:00,309.23668885782064,304.6361806719623
2000-07-05 08:00:00,312.2806355574833,307.65514690005364
2000-07-05 09:00:00,312.9049913967703,307.3747554126616
2000-07-05 17:00:00,302.1691910989112,303.05036051651734
2000-07-05 18:00:00,301.7666429892894,302.57299374431966
2000-07-05 20:00:00,301.33205958103366,302.249307335617
2000-07-05 21:00:00,301.1477314342152,301.83857073438554
2000-07-06 05:00:00,307.92167379088323,304.70912485460656
2000-07-06 06:00:00,310.010141945767,306.0294471117675
2000-07-06 08:00:00,312.81219691671834,308.1015087768367
2000-07-06 09:00:00,312.98222036023725,308.5285871649744
2000-07-06 17:00:00,302.5283731187253,303.38203056347203
2000-07-06 18:00:00,301.97881017370474,302.89327205898957
2000-07-06 20:00:00,301.27690427806607,302.1569484246347
2000-07-06 21:00:00,300.83591236649386,301.3696818300315
2000-07-07 05:00:00,306.06961809578587,303.58588401194896
2000-07-07 06:00:00,308.34300556388587,305.0736475446375
2000-07-07 08:00:00,311.07708159506967,306.9117571062226
2000-07-07 09:00:00,311.7978906381663,307.5573800767332
2000-07-07 17:00:00,302.0442712957209,302.6154954437115
2000-07-07 18:00:00,301.46667727336677,301.99573224130876
2000-07-07 20:00:00,300.5670784596118,301.07225857163064
2000-07-07 21:00:00,300.26092943094545,300.68630532380797
2000-07-08 05:00:00,306.9112491460721,303.64149841872864
2000-07-08 06:00:00,309.6538892372731,305.0582247882485
2000-07-08 08:00:00,313.5287872220409,307.45137484745914
2000-07-08 09:00:00,313.35252178174505,307.85681023031975
2000-07-08 17:00:00,302.42342902185004,303.3398191807634
2000-07-08 18:00:00,301.865643846603,302.72907683808927
2000-07-08 20:00:00,301.0307749085507,301.53033266229147
2000-07-08 21:00:00,300.61254499579434,301.00847003860355
2000-07-09 05:00:00,307.42003160191615,303.9037760071836
2000-07-09 06:00:00,310.39968618149015,305.4645426886842
2000-07-09 08:00:00,313.82363658840376,307.7682652407325
2000-07-09 09:00:00,314.46943264859857,308.47854146384316
2000-07-09 17:00:00,302.76864419475726,303.4717289435294
2000-07-09 18:00:00,302.1408808021957,302.71533287765436
2000-07-09 20:00:00,301.2950345173088,301.59407819327663
2000-07-09 21:00:00,300.7873415013858,301.03476838521857
2000-07-10 05:00:00,308.3232610670186,304.23236149815824
2000-07-10 06:00:00,311.19552447726073,305.79988577773645
2000-07-10 08:00:00,314.72393580173673,308.39123083740617
2000-07-10 09:00:00,314.3723539990159,308.7327891204317
2000-07-10 17:00:00,302.9259515418478,303.544796301514
2000-07-10 18:00:00,302.2737052929236,302.6172631356308
2000-07-10 20:00:00,301.4618731059352,301.5021632448735
2000-07-10 21:00:00,300.96762073205326,301.0177728685282
2000-07-11 05:00:00,306.57543886534427,303.1614616640911
2000-07-11 06:00:00,308.4189629224122,304.1168737661306
2000-07-11 08:00:00,313.2801354030615,306.46230839287006
2000-07-11 09:00:00,315.23351488862824,307.4774308403027
2000-07-11 17:00:00,301.9828183919146,301.9510302198319
2000-07-11 18:00:00,301.30530443470724,300.7281086690988
2000-07-11 20:00:00,300.0383848592938,299.90645725150324
2000-07-11 21:00:00,299.6053706846546,299.43215702568256
2000-07-12 05:00:00,301.92322654312676,301.0444271046502
2000-07-12 06:00:00,302.3112640145747,300.6973968176702
2000-07-12 08:00:00,304.63483289063254,302.59112544125884
2000-07-12 09:00:00,304.03318751354243,301.7989911283661
2000-07-12 17:00:00,299.3086100667944,299.4214115936326
2000-07-12 18:00:00,298.651957154825,298.6811314657767
2000-07-12 20:00:00,298.01419436509144,297.97169732092345
2000-07-12 21:00:00,297.67900452224427,297.5414115071113
2000-07-13 05:00:00,302.0691446031003,300.6075875821577
2000-07-13 06:00:00,303.3082299842305,301.439712312813
2000-07-13 08:00:00,306.1511428668429,303.2437928938902
2000-07-13 09:00:00,307.16417156860166,303.81940924551895
2000-07-13 17:00:00,298.70645162761673,298.92938502801036
2000-07-13 18:00:00,298.6554976406009,298.802274871497
2000-07-13 20:00:00,298.1015458305371,298.4265034444894
2000-07-13 21:00:00,298.13754705067595,298.400519560592
2000-07-14 05:00:00,299.37559067266193,299.51647678839595
2000-07-14 06:00:00,299.71873699828916,299.67785155497637
2000-07-14 08:00:00,302.44698675828647,301.3936910526411
2000-07-14 09:00:00,302.46466229031745,301.3972911158769
2000-07-14 17:00:00,298.56700176597565,298.8434890488447
2000-07-14 18:00:00,298.3122784771794,298.621690935273
2000-07-14 20:00:00,298.3440197678671,298.7208450858142
2000-07-14 21:00:00,298.0084006804715,298.23521110640473
2000-07-15 05:00:00,303.4718887258568,301.2078505928968
2000-07-15 06:00:00,304.43652176820257,301.9341387638509
2000-07-15 08:00:00,307.6934644702036,302.7672197668137
2000-07-15 09:00:00,306.01537032634343,301.04857215822574
2000-07-15 17:00:00,297.86909263857706,297.6392798049057
2000-07-15 18:00:00,297.8509647974799,297.54473239798756
2000-07-15 20:00:00,297.4367113862824,297.14900426173983
2000-07-15 21:00:00,297.3722160115999,297.20941145651517
2000-07-16 05:00:00,297.87789684231,297.4996681859938
2000-07-16 06:00:00,298.02672949557314,297.60821697781745
2000-07-16 08:00:00,299.39339304778537,298.43534966279253
2000-07-16 09:00:00,299.26799862337043,297.9537928835453
2000-07-16 17:00:00,297.07306277329457,296.8963281193573
2000-07-16 18:00:00,297.1403509295777,296.9786103517506
2000-07-16 20:00:00,297.29561200016997,297.07658482626516
2000-07-16 21:00:00,297.29293435306874,297.1196924806192
2000-07-17 05:00:00,296.9708242078408,296.6952324442577
2000-07-17 06:00:00,297.38829087549806,297.01668253518034
2000-07-17 08:00:00,298.18435306872357,297.625698659747
2000-07-17 09:00:00,298.3092756227279,297.69727256081325
2000-07-17 17:00:00,297.13311172743977,298.17474668529263
2000-07-17 18:00:00,296.8857538725819,297.9990635241493
2000-07-17 20:00:00,297.0081440788939,298.071898544147
2000-07-17 21:00:00,297.02593784890666,297.85300698302376
2000-07-18 05:00:00,298.4936391774605,298.0716801483201
2000-07-18 06:00:00,298.93793460510915,298.41379990305853
2000-07-18 08:00:00,302.5266837427171,301.38558494438564
2000-07-18 09:00:00,303.3521929536652,301.70926192508455
2000-07-18 17:00:00,298.5175835796056,299.1642214594343
2000-07-18 18:00:00,298.2976400789752,299.0566236969135
2000-07-18 20:00:00,297.24761913517034,298.1852231958798
2000-07-18 21:00:00,296.87306946929317,297.9331784946342
2000-07-19 05:00:00,296.6589343007798,296.8383384669323
2000-07-19 06:00:00,297.0635133105544,297.28570556640625
2000-07-19 08:00:00,297.6668635340428,297.9989303330243
2000-07-19 09:00:00,297.7746830780076,298.46213149436636
2000-07-19 17:00:00,297.45935049189256,298.21989165836567
2000-07-19 18:00:00,297.3983310176338,298.139482283629
2000-07-19 20:00:00,296.776001940523,297.3223965120242
2000-07-19 21:00:00,296.5393277066882,297.15558877013314
2000-07-20 05:00:00,296.68991733074927,296.4171998622054
2000-07-20 06:00:00,296.9678353895943,296.6259600105932
2000-07-20 08:00:00,297.86548660348853,297.5707073476171
2000-07-20 09:00:00,298.03635205473114,298.445584195788
2000-07-20 17:00:00,296.31968479714885,296.7508420077237
2000-07-20 18:00:00,296.214148029157,296.65329510846016
2000-07-20 20:00:00,296.21782457442794,296.4158989387595
2000-07-20 21:00:00,296.18297373532147,296.3726333124428
2000-07-21 05:00:00,297.94757703125754,297.99541648547347
2000-07-21 06:00:00,298.6610765736349,298.2232990470616
2000-07-21 08:00:00,298.31406427274686,298.12713432605904
2000-07-21 09:00:00,297.5729957192632,297.29818071973705
2000-07-21 17:00:00,296.06403697620743,296.3826917698277
2000-07-21 18:00:00,295.9474667400719,296.08718028017114
2000-07-21 20:00:00,295.59725557159754,295.7251703999994
2000-07-21 21:00:00,295.49673071627626,295.634230462355
2000-07-22 05:00:00,296.16210225109694,296.3277269313442
2000-07-22 06:00:00,296.82283128171196,296.6196628799791
2000-07-22 08:00:00,297.8963308701714,297.0400395327247
2000-07-22 09:00:00,298.066333952964,297.16566326217776
2000-07-22 17:00:00,296.4380646222178,296.75592182083017
2000-07-22 18:00:00,296.13350243708015,296.3272678980658
2000-07-22 20:00:00,295.2642537779727,296.1612835430034
2000-07-22 21:00:00,295.21066526345373,296.15279213269065
2000-07-23 05:00:00,296.36049735564484,296.50597274615694
2000-07-23 06:00:00,297.63326951131245,297.607584055473
2000-07-23 08:00:00,299.77635385663194,298.9217285015182
2000-07-23 09:00:00,300.2617182797754,299.31264967249797
2000-07-23 17:00:00,297.0065743750527,297.61979209770595
2000-07-23 18:00:00,296.6595300283564,297.3356627242407
2000-07-23 20:00:00,296.2109227349468,297.0595695131181
2000-07-23 21:00:00,296.0978176075799,296.85912585148276
2000-07-24 05:00:00,300.1392405646608,298.82527675540496
2000-07-24 06:00:00,301.76272037547244,300.14583696973705
2000-07-24 08:00:00,303.9814292778403,302.0036205415182
2000-07-24 09:00:00,304.65433968895206,302.60510592467983
2000-07-24 17:00:00,296.84003656560725,297.9228854421842
2000-07-24 18:00:00,296.3655722078815,297.4489370854499
2000-07-24 20:00:00,296.3551172100708,297.6252976286761
2000-07-24 21:00:00,296.268222285713,297.33435312515047
2000-07-25 05:00:00,301.1230775336455,299.4717584971471
2000-07-25 06:00:00,303.4304151490951,300.75664982259366
2000-07-25 08:00:00,306.0765079680503,302.7148454192974
2000-07-25 09:00:00,306.25205255399686,303.15416481241425
2000-07-25 17:00:00,296.934494559313,298.13007953097167
2000-07-25 18:00:00,296.4911406154074,297.7060225946694
2000-07-25 20:00:00,296.08192660150985,297.34416377415823
2000-07-25 21:00:00,295.97006606467886,297.1121308689676
2000-07-26 05:00:00,301.0038682088279,299.1395753881047
2000-07-26 06:00:00,303.29541951372005,300.58503927692243
2000-07-26 08:00:00,305.98295520376905,302.819796052295
2000-07-26 09:00:00,306.2643787401667,303.2328462527235
2000-07-26 17:00:00,297.0032114696062,298.100004105061
2000-07-26 18:00:00,296.6739209473409,297.80658838304424
2000-07-26 20:00:00,296.749801518186,298.2513419270332
2000-07-26 21:00:00,296.69020508470817,297.9869507494252
2000-07-27 05:00:00,301.87332214449515,299.97331550492345
2000-07-27 06:00:00,303.61117233958197,301.057909220503
2000-07-27 08:00:00,305.7476371212623,302.9142798378215
2000-07-27 09:00:00,306.15041324280446,303.3773442108201
2000-07-27 17:00:00,297.0109682950106,298.0910955349727
2000-07-27 18:00:00,296.5525784014921,297.6479885765511
2000-07-27 20:00:00,295.99123905693256,297.27212063593936
2000-07-27 21:00:00,295.80442238735674,297.06704187613605
2000-07-28 05:00:00,303.0686984539767,300.653608889352
2000-07-28 06:00:00,305.1503497624801,301.88565176330474
2000-07-28 08:00:00,308.10210847781144,304.1353099100028
2000-07-28 09:00:00,307.91723698643943,304.41326375294176
2000-07-28 17:00:00,298.73855586118066,299.6031287006678
2000-07-28 18:00:00,298.4941120823653,299.32658753005677
2000-07-28 20:00:00,297.88159924993533,298.7841419754851
2000-07-28 21:00:00,297.4616755880818,298.261040121822
2000-07-29 05:00:00,303.2921149396382,301.2006878492829
2000-07-29 06:00:00,304.89854405289987,302.26471224698156
2000-07-29 08:00:00,308.11304938223765,304.35766596860253
2000-07-29 09:00:00,308.29778843484416,304.55552259542173
2000-07-29 17:00:00,299.8120362644754,300.61129669048387
2000-07-29 18:00:00,299.48616150090436,300.2658429491134
2000-07-29 20:00:00,299.0217118696733,299.84524557292923
2000-07-29 21:00:00,298.8292109602589,299.57893289292724
2000-07-30 05:00:00,300.4448939295506,299.9682521731902
2000-07-30 06:00:00,302.5575979553129,301.04950929239095
2000-07-30 08:00:00,306.639495308851,303.60767737154976
2000-07-30 09:00:00,307.0493485696143,303.9772756426654
2000-07-30 17:00:00,298.7766338518845,299.29040656655525
2000-07-30 18:00:00,298.2596834297357,298.7275768685598
2000-07-30 20:00:00,297.5150960678312,298.04923903078804
2000-07-30 21:00:00,297.2928228392991,297.8762002248426
2000-07-31 05:00:00,302.690185241229,300.68520262355247
2000-07-31 06:00:00,305.1043406105923,302.1056878511638
2000-07-31 08:00:00,307.32164168394587,303.70838279312676
2000-07-31 09:00:00,307.6788786431123,304.2748845692592
2000-07-31 17:00:00,298.7678735671315,299.37407614968043
2000-07-31 18:00:00,298.23491401848696,298.8936282306313
2000-07-31 20:00:00,297.3558533467203,298.24420445799274
2000-07-31 21:00:00,297.07282918921237,297.93785527821495
2000-08-01 05:00:00,301.2040937567713,299.86183810711645
2000-08-01 06:00:00,302.88454189212376,301.037023347405
2000-08-01 08:00:00,304.5026055851776,302.5574704303947
2000-08-01 09:00:00,304.35614848320586,302.6142578830337
2000-08-01 17:00:00,297.8237629847828,298.79445430714475
2000-08-01 18:00:00,297.2751468135322,298.3225845313403
2000-08-01 20:00:00,296.6943834301871,297.85254461115056
2000-08-01 21:00:00,296.6158656045358,297.73127478553994
2000-08-02 05:00:00,301.18534778189405,299.82422632061645
2000-08-02 06:00:00,302.33265279290856,300.63980321193515
2000-08-02 08:00:00,303.38622169906074,301.6044552513558
2000-08-02 09:00:00,303.0531654769357,301.65585863204507
2000-08-02 17:00:00,298.18193073008206,299.18851175881315
2000-08-02 18:00:00,297.4402086584153,298.5286385135034
2000-08-02 20:00:00,297.5584978711991,298.7481673230376
2000-08-02 21:00:00,297.3483384989076,298.40349241471256
2000-08-03 05:00:00,302.1756324474176,300.2655801405709
2000-08-03 06:00:00,303.99260875072986,301.5462148516498
2000-08-03 08:00:00,303.7214773498441,301.712719181102
2000-08-03 09:00:00,303.38299527631153,301.6853641927334
2000-08-03 17:00:00,298.7225549636159,299.4998282034335
2000-08-03 18:00:00,298.22118578706574,299.1110470012083
2000-08-03 20:00:00,297.54842928047356,298.69633923546746
2000-08-03 21:00:00,297.6737208902744,298.83312597994814
2000-08-04 05:00:00,303.0179394926239,300.79606383901165
2000-08-04 06:00:00,304.7359451035322,301.77409287557026
2000-08-04 08:00:00,306.5916117945879,303.28062100403116
2000-08-04 09:00:00,305.9809997511572,303.2175990311868
2000-08-04 17:00:00,297.7263947473653,298.60099750160254
2000-08-04 18:00:00,297.2595278794299,298.2447855615836
2000-08-04 20:00:00,297.4568612167758,298.5673880084821
2000-08-04 21:00:00,297.37414628368316,298.43869343009675
2000-08-05 05:00:00,303.5567811281178,301.12210691948707
2000-08-05 06:00:00,305.48275277206824,302.34321831701715
2000-08-05 08:00:00,307.0986609554438,303.7656482526077
2000-08-05 09:00:00,307.5376785348854,304.2702861956346
2000-08-05 17:00:00,297.7997421711362,298.8769555231456
2000-08-05 18:00:00,297.32667043065806,298.45068310001415
2000-08-05 20:00:00,297.1092381881455,298.31026852553356
2000-08-05 21:00:00,296.9542337426419,298.20734973313813
2000-08-06 05:00:00,304.05944276407064,301.41945339020674
2000-08-06 06:00:00,306.2671948684199,302.75424462363975
2000-08-06 08:00:00,309.018742189569,304.5466061960934
2000-08-06 09:00:00,309.10388533911095,304.83682187496237
2000-08-06 17:00:00,297.76481339229827,298.7766142905402
2000-08-06 18:00:00,297.0784719787504,298.26569061984634
2000-08-06 20:00:00,296.35322502618214,297.7645987817797
2000-08-06 21:00:00,296.0542052611364,297.4448280275695
2000-08-07 05:00:00,304.3947968563791,301.7798231974221
2000-08-07 06:00:00,306.4084343579591,302.9445703679865
2000-08-07 08:00:00,309.74244278494865,304.914700759394
2000-08-07 09:00:00,309.6491577900797,305.2816683588484
2000-08-07 17:00:00,298.9219661295322,299.78985804953084
2000-08-07 18:00:00,298.1383696851451,299.08652220080927
2000-08-07 20:00:00,297.3984920695677,298.3979591404896
2000-08-07 21:00:00,297.0280082009055,298.0416166661149
2000-08-08 05:00:00,305.0450201284353,302.36662800323063
2000-08-08 06:00:00,307.1875133073569,303.6043577032574
2000-08-08 08:00:00,309.61083904436816,305.31041965572786
2000-08-08 09:00:00,309.7503868773098,305.65368346697744
2000-08-08 17:00:00,298.99653688968607,299.98916630678804
2000-08-08 18:00:00,298.49722816690644,299.49463149248544
2000-08-08 20:00:00,298.01435233705405,298.8729372891513
2000-08-08 21:00:00,297.7148727158369,298.5283827583301
2000-08-09 05:00:00,304.9261776258472,302.10682539506394
2000-08-09 06:00:00,307.11523345806205,303.3136621366481
2000-08-09 08:00:00,309.94515739640764,305.5619500723017
2000-08-09 09:00:00,310.3057401448442,305.9297155488989
2000-08-09 17:00:00,299.68290247277963,300.40747754489325
2000-08-09 18:00:00,299.19016191808765,300.0292976743819
2000-08-09 20:00:00,298.6231476911595,299.46587739776936
2000-08-09 21:00:00,298.22273625871986,298.9641302781774
2000-08-10 05:00:00,304.39454643825536,302.03014558342466
2000-08-10 06:00:00,305.3628406260157,302.49580018876696
2000-08-10 08:00:00,311.4018747009371,306.0594050990782
2000-08-10 09:00:00,311.70892000124894,306.56135291054
2000-08-10 17:00:00,299.12166937547397,300.1729552470297
2000-08-10 18:00:00,298.9354519836708,299.90657847541144
2000-08-10 20:00:00,298.4097122403984,299.0807122464173
2000-08-10 21:00:00,298.07354428330996,298.5924471016107
2000-08-11 05:00:00,303.5057034014921,301.38489721736113
2000-08-11 06:00:00,304.23109579453666,301.83833799670765
2000-08-11 08:00:00,307.57667807180826,303.5718519919091
2000-08-11 09:00:00,308.21223943442897,303.99481596160564
2000-08-11 17:00:00,299.4541335377745,300.24804600508446
2000-08-11 18:00:00,299.0903351112213,299.964866226737
2000-08-11 20:00:00,298.4688645467185,298.96837918086123
2000-08-11 21:00:00,298.47039736143796,298.8190220155407
2000-08-12 05:00:00,304.73868665415995,301.68210859254623
2000-08-12 06:00:00,307.34306025100966,303.4286375589474
2000-08-12 08:00:00,310.281769903856,304.7978088425929
2000-08-12 09:00:00,310.9212455102953,305.22308415440824
2000-08-12 17:00:00,298.78548510159106,298.7600164663259
2000-08-12 18:00:00,298.04856997168116,298.1051011518998
2000-08-12 20:00:00,297.33423653295483,297.823289562631
2000-08-12 21:00:00,297.2677036279523,297.60718163723936
2000-08-13 05:00:00,304.7294146239482,301.81571878159906
2000-08-13 06:00:00,305.71114047245914,302.5367023720763
2000-08-13 08:00:00,307.7647104366167,304.2679036850187
2000-08-13 09:00:00,307.87390980771954,304.0793916205596
2000-08-13 17:00:00,297.46043953212273,297.7894382094749
2000-08-13 18:00:00,297.4421035225843,297.853313169788
2000-08-13 20:00:00,297.56798060906505,298.22633394732134
2000-08-13 21:00:00,297.51922609773,298.27002830093926
2000-08-14 05:00:00,300.59691618697485,299.7420133523104
2000-08-14 06:00:00,301.68746579115856,300.8023523645152
2000-08-14 08:00:00,303.04121880906024,301.5677451911068
2000-08-14 09:00:00,303.8366660425218,302.1231150810818
2000-08-14 17:00:00,296.8267300081179,296.87603780925735
2000-08-14 18:00:00,296.6944909235362,296.7920379168447
2000-08-14 20:00:00,296.53706808927797,296.7016267232792
2000-08-14 21:00:00,296.56947912089817,296.6028862998739
2000-08-15 05:00:00,297.3168253141853,296.9090310965187
2000-08-15 06:00:00,297.91195895014266,297.39867204804267
2000-08-15 08:00:00,300.9538087536264,299.2698858934117
2000-08-15 09:00:00,301.9521224105671,300.1104002542599
2000-08-15 17:00:00,297.6562286988245,297.9841202322985
2000-08-15 18:00:00,297.47222192702566,297.80332756336367
2000-08-15 20:00:00,297.2280009171261,297.32592514813956
2000-08-15 21:00:00,297.11924600233834,297.18881858038054
2000-08-16 05:00:00,301.58060644587675,299.84850434713263
2000-08-16 06:00:00,302.6061496117449,300.91581375756874
2000-08-16 08:00:00,303.13349148084643,301.82824580070604
2000-08-16 09:00:00,303.346223028856,302.03012447033893
2000-08-16 17:00:00,298.1549415999826,298.89392475427945
2000-08-16 18:00:00,297.9174525844298,298.64675362561997
2000-08-16 20:00:00,297.44828154530103,297.9369201425044
2000-08-16 21:00:00,297.10814470429267,297.54119849535647
2000-08-17 05:00:00,300.8536719746876,299.605182406715
2000-08-17 06:00:00,302.3543832834769,300.75845264029243
2000-08-17 08:00:00,302.53625013354383,301.1735314837957
2000-08-17 09:00:00,302.6625709474913,301.43649120360203
2000-08-17 17:00:00,297.3949439896641,298.28825963847623
2000-08-17 18:00:00,296.7888311494848,297.71354456638517
2000-08-17 20:00:00,296.3540122997596,297.3376902622876
2000-08-17 21:00:00,296.0703729238643,296.93756110568995
2000-08-18 05:00:00,301.4815604705105,299.49173643702903
2000-08-18 06:00:00,302.57531251598766,300.353633980538
2000-08-18 08:00:00,304.21974734642845,302.1848032147565
2000-08-18 09:00:00,304.0105357588899,302.26175721437426
2000-08-18 17:00:00,296.6579181218552,297.6490438546532
2000-08-18 18:00:00,296.27790178907304,297.3161473443218
2000-08-18 20:00:00,296.2695654118189,297.24018838703176
2000-08-18 21:00:00,296.2026587722849,297.1009063485591
2000-08-19 05:00:00,300.33338888253564,299.4349076516456
2000-08-19 06:00:00,301.3205780828679,299.92167524857956
2000-08-19 08:00:00,300.5133677102017,299.06975149851183
2000-08-19 09:00:00,301.0750092446161,300.00167651536475
2000-08-19 17:00:00,298.1347644964609,298.8371254049575
2000-08-19 18:00:00,297.79834703818676,298.5273169942189
2000-08-19 20:00:00,297.53865888269365,298.33642157273965
2000-08-19 21:00:00,297.62968101560244,298.3814352826087
2000-08-20 05:00:00,298.180008005104,298.0730927971368
2000-08-20 06:00:00,301.5044810525809,300.1215750249031
2000-08-20 08:00:00,304.07359925256856,301.9333644214507
2000-08-20 09:00:00,304.39701855017336,302.34892959477173
2000-08-20 17:00:00,298.6257236521858,299.26893401770457
2000-08-20 18:00:00,298.2441487128636,298.8542571222103
2000-08-20 20:00:00,296.9677525595267,296.9551211035307
2000-08-20 21:00:00,296.6954656051377,296.758885764194
2000-08-21 05:00:00,301.0172936391022,299.5074861170882
2000-08-21 06:00:00,302.73754433747985,300.67183484281713
2000-08-21 08:00:00,304.3993002681409,302.2988191907321
2000-08-21 09:00:00,305.18255300183876,302.82311814224414
2000-08-21 17:00:00,298.4561859977264,299.0765667461284
2000-08-21 18:00:00,298.0662038888329,298.63645871578274
2000-08-21 20:00:00,297.2666082396897,297.73780646419675
2000-08-21 21:00:00,296.96758645267806,297.39264696588504
2000-08-22 05:00:00,302.91314845386387,300.365448421249
2000-08-22 06:00:00,305.89267804773266,301.73163843375323
2000-08-22 08:00:00,307.6152163653969,303.82536847271797
2000-08-22 09:00:00,307.2889381255868,303.800537720667
2000-08-22 17:00:00,298.62526896848516,299.10425535886793
2000-08-22 18:00:00,298.14617327438845,298.63289152124815
2000-08-22 20:00:00,297.4727464625942,297.9072319465719
2000-08-22 21:00:00,297.3019956050926,297.6671187249464
2000-08-23 05:00:00,304.98647488210526,301.8454487569894
2000-08-23 06:00:00,306.39875031693146,302.95882334657733
2000-08-23 08:00:00,308.49016029111044,304.1182636795867
2000-08-23 09:00:00,308.09134642332106,304.3634251622463
2000-08-23 17:00:00,298.14556440403356,298.68195520527377
2000-08-23 18:00:00,297.69954741350125,298.3042323695861
2000-08-23 20:00:00,297.3878535665974,298.34712964544315
2000-08-23 21:00:00,297.21569243491336,298.01617824278185
2000-08-24 05:00:00,305.3893343039397,302.5861391793414
2000-08-24 06:00:00,307.35407737884753,303.4736397483132
2000-08-24 08:00:00,309.5343070713508,304.941670422194
2000-08-24 09:00:00,309.6045140059225,304.91294945480274
2000-08-24 17:00:00,299.60408325665543,300.5514283966393
2000-08-24 18:00:00,299.2505638463472,300.24247003446555
2000-08-24 20:00:00,298.64684071122036,299.78839565094887
2000-08-24 21:00:00,298.4528257020266,299.4969067213532
2000-08-25 05:00:00,305.4749719416967,303.51184432348595
2000-08-25 06:00:00,307.00122796809546,304.4863135010142
2000-08-25 08:00:00,308.30720174404433,305.74619588278847
2000-08-25 09:00:00,308.7384327093515,306.1679472372234
2000-08-25 17:00:00,299.86127285009536,301.0532481189134
2000-08-25 18:00:00,299.60758215106324,300.7294183857452
2000-08-25 20:00:00,299.09140983311164,299.96494461318196
2000-08-25 21:00:00,298.7872943848785,299.5696682452421
2000-08-26 05:00:00,305.4235029176497,303.393967215563
2000-08-26 06:00:00,307.1823824748787,304.43728235653265
2000-08-26 08:00:00,308.94674621487985,305.41645142918196
2000-08-26 09:00:00,309.1699942190585,305.79342176440315
2000-08-26 17:00:00,300.18026448912536,301.0632025861226
2000-08-26 18:00:00,299.72459933570434,300.5681596000683
2000-08-26 20:00:00,299.13117550701503,300.0147476313845
2000-08-26 21:00:00,298.83922519301785,299.64579084070147
2000-08-27 05:00:00,306.42773524491554,303.5678399648799
2000-08-27 06:00:00,308.198771237225,304.2141101525635
2000-08-27 08:00:00,308.42191320575074,303.879330674746
2000-08-27 09:00:00,309.1616880772478,304.840239491044
2000-08-27 17:00:00,299.7501317099173,300.25577675653346
2000-08-27 18:00:00,299.5404302188539,300.09614610010743
2000-08-27 20:00:00,299.33796506155807,300.1651078798738
2000-08-27 21:00:00,299.22707245860516,299.9780344441418
2000-08-28 05:00:00,301.2291844019721,300.0511127583602
2000-08-28 06:00:00,302.19835170281505,300.74693378278033
2000-08-28 08:00:00,306.6412524677388,304.93025564890246
2000-08-28 09:00:00,307.1032740941217,305.21715859529235
2000-08-28 17:00:00,300.07254112960743,301.02347156777404
2000-08-28 18:00:00,299.67469479600527,300.6140701928749
2000-08-28 20:00:00,299.12611567845516,299.8198019771253
2000-08-28 21:00:00,298.8885389660099,299.5178619055609
2000-08-29 05:00:00,302.53263840873734,301.1907106232018
2000-08-29 06:00:00,304.6625447559798,302.4256569226094
2000-08-29 08:00:00,306.0856474889629,303.8805831650556
2000-08-29 09:00:00,306.35791222523835,304.4174520201602
2000-08-29 17:00:00,299.55547641936363,300.5374959466638
2000-08-29 18:00:00,299.2893759047122,300.2572169134907
2000-08-29 20:00:00,299.1704233460507,299.9973058245032
2000-08-29 21:00:00,298.8336345043682,299.49953297290307
2000-08-30 05:00:00,301.10881618505636,300.1005837274443
2000-08-30 06:00:00,300.9673096314417,299.96812906838346
2000-08-30 08:00:00,302.60671101292405,301.50216176366587
2000-08-30 09:00:00,302.82364872019906,301.7304808112616
2000-08-30 17:00:00,299.14856702337283,299.9582589829831
2000-08-30 18:00:00,298.75197966918006,299.5973532842745
2000-08-30 20:00:00,298.00287483579757,298.7713977831354
2000-08-30 21:00:00,297.5161028892858,298.22018486693025
2000-08-31 05:00:00,300.53379455002136,299.5791822765568
2000-08-31 06:00:00,301.9420331299581,300.58339008160846
2000-08-31 08:00:00,302.4812645581544,301.3847066588321
2000-08-31 09:00:00,303.14832584516296,302.0215264601039
2000-08-31 17:00:00,298.01726667172,299.07265097407975
2000-08-31 18:00:00,297.59607688304277,298.61975464431464
2000-08-31 20:00:00,296.7247773862583,297.7459667188177
2000-08-31 21:00:00,296.4887366625488,297.52568087114946
2000-09-01 05:00:00,301.2363158521373,299.94628657030955
2000-09-01 06:00:00,302.5297320443787,300.8255660611051
2000-09-01 08:00:00,305.0235258081845,302.45762956381213
2000-09-01 09:00:00,304.7969644367236,302.5419658314098
2000-09-01 17:00:00,296.9045151767819,297.9630324917692
2000-09-01 18:00:00,296.16183927797573,297.2923240485287
2000-09-01 20:00:00,295.1652245190919,296.2662393484718
2000-09-01 21:00:00,294.98352236519975,296.1113613933922
2000-09-02 05:00:00,302.2820225085243,300.49199818756625
2000-09-02 06:00:00,303.25275786742225,301.38501935820733
2000-09-02 08:00:00,304.6893679673205,301.94904779983784
2000-09-02 09:00:00,305.6041381083578,302.84539919531403
2000-09-02 17:00:00,298.31808859615006,299.17946092226475
2000-09-02 18:00:00,297.78743921406283,298.58810507094
2000-09-02 20:00:00,296.9061390740111,297.7429354392876
2000-09-02 21:00:00,296.8532453869084,297.7478339808013
2000-09-03 05:00:00,303.20876562650477,301.1841181915236
2000-09-03 06:00:00,305.31515495876323,302.65242451107923
2000-09-03 08:00:00,307.08266527737237,303.8660472052858
2000-09-03 09:00:00,306.91798295078365,304.1133731789141
2000-09-03 17:00:00,298.58196563015366,299.4854107637802
2000-09-03 18:00:00,297.9882592199764,298.87612858612107
2000-09-03 20:00:00,296.2598268952686,297.94978285497075
2000-09-03 21:00:00,296.335011369091,297.6278983470288
2000-09-04 05:00:00,297.25897252063726,297.4012790909166
2000-09-04 06:00:00,298.2804510413407,298.09434177768986
2000-09-04 08:00:00,303.51537926061127,301.8623573056355
2000-09-04 09:00:00,303.67867240259204,302.11730691354336
2000-09-04 17:00:00,297.2080058375566,297.9419580350855
2000-09-04 18:00:00,296.9748349652636,297.6667682195114
2000-09-04 20:00:00,296.54179431697804,297.1112341741201
2000-09-04 21:00:00,296.3402306037985,296.9267977580819
2000-09-05 05:00:00,302.48342820271876,300.748145810261
2000-09-05 06:00:00,304.5509696454958,301.9246922567923
2000-09-05 08:00:00,307.30695767395304,303.5441523053797
2000-09-05 09:00:00,307.65497047177445,304.0839184730189
2000-09-05 17:00:00,298.40492243832915,299.60718025007674
2000-09-05 18:00:00,298.14412624553097,299.21564738739437
2000-09-05 20:00:00,297.7595575035813,298.4836972182263
2000-09-05 21:00:00,297.34997069560137,297.98737766636174
2000-09-06 05:00:00,303.00168004204943,300.7743941955096
2000-09-06 06:00:00,304.8166930164872,301.95759093485924
2000-09-06 08:00:00,306.5504278526835,303.701309862416
2000-09-06 09:00:00,307.8454243523314,304.50109376598766
2000-09-06 17:00:00,298.89436961028537,300.02441530859534
2000-09-06 18:00:00,298.35115276977353,299.35378595713655
2000-09-06 20:00:00,296.94939995105904,297.73854713851387
2000-09-06 21:00:00,296.59657452176276,297.50379715788716
2000-09-07 05:00:00,303.6187189745793,300.7974010873098
2000-09-07 06:00:00,305.726111225428,302.0537920042252
2000-09-07 08:00:00,308.2067637627224,304.4300163986136
2000-09-07 09:00:00,308.15490123119855,304.70688580952367
2000-09-07 17:00:00,297.39370193834117,298.65890035056185
2000-09-07 18:00:00,296.89710481288074,298.1876852449908
2000-09-07 20:00:00,296.3680261926402,297.54009734684223
2000-09-07 21:00:00,295.99598745572365,297.2105398075239
2000-09-08 05:00:00,303.3507596384763,300.5591676356429
2000-09-08 06:00:00,305.7594127449306,301.9387856176344
2000-09-08 08:00:00,308.58566284179693,303.7773863993735
2000-09-08 09:00:00,308.7750534739443,304.17656386835364
2000-09-08 17:00:00,296.8792199838694,298.14452349129374
2000-09-08 18:00:00,296.31987253433016,297.56649662717285
2000-09-08 20:00:00,295.3154373756726,296.65211094178846
2000-09-08 21:00:00,294.99842869739507,296.4011873971149
2000-09-09 05:00:00,303.0281373480986,299.7991076030055
2000-09-09 06:00:00,305.0791342196001,300.9260211115809
2000-09-09 08:00:00,307.7716804586684,302.7859154041449
2000-09-09 09:00:00,307.7617136480628,303.1357577989575
2000-09-09 17:00:00,297.0677143208602,297.98122223793825
2000-09-09 18:00:00,296.2823096511911,297.30833373929397
2000-09-09 20:00:00,295.6316592270861,296.9014220862249
2000-09-09 21:00:00,295.50188600043487,296.7608367026495
2000-09-10 05:00:00,302.7348547936956,299.6889560035271
2000-09-10 06:00:00,305.1669919994102,300.9634153251472
2000-09-10 08:00:00,307.42266815138527,302.7428089723749
2000-09-10 09:00:00,306.7581639458843,302.7887557724775
2000-09-10 17:00:00,296.42859079510845,297.59039772163004
2000-09-10 18:00:00,296.1177931493163,297.2905754477291
2000-09-10 20:00:00,295.7034615397637,296.92534680946954
2000-09-10 21:00:00,295.71579675424636,296.96298723264914
2000-09-11 05:00:00,303.5812905521716,300.5297052415751
2000-09-11 06:00:00,305.8980739223204,301.787744789535
2000-09-11 08:00:00,307.84304680258543,303.10056421312237
2000-09-11 09:00:00,308.3752930204747,303.59522942071334
2000-09-11 17:00:00,296.86474430689645,297.9538623592336
2000-09-11 18:00:00,296.2983837862412,297.4060114315368
2000-09-11 20:00:00,295.7498454606772,296.8610382315191
2000-09-11 21:00:00,295.55898631702775,296.66346326924986
2000-09-12 05:00:00,304.2699132604849,301.0928838697531
2000-09-12 06:00:00,306.33858011536677,302.2674718072125
2000-09-12 08:00:00,309.0140889172194,303.8241189213122
2000-09-12 09:00:00,309.211492176967,304.1628332858093
2000-09-12 17:00:00,297.46932209878935,298.6803231731585
2000-09-12 18:00:00,296.7236345053087,297.9878962771
2000-09-12 20:00:00,295.9207226675354,297.2469704132785
2000-09-12 21:00:00,295.68373733308914,296.8256979120898
2000-09-13 05:00:00,304.4517028761571,301.49939449175116
2000-09-13 06:00:00,306.8498570658209,302.8544459879306
2000-09-13 08:00:00,310.14699383986937,304.66029642396063
2000-09-13 09:00:00,310.3180040497626,305.03823401123424
2000-09-13 17:00:00,298.00891005129586,299.10111355303985
2000-09-13 18:00:00,297.54744143258256,298.68346469685184
2000-09-13 20:00:00,296.67611435712394,297.8287380318429
2000-09-13 21:00:00,296.38109975382804,297.5323158816674
2000-09-14 05:00:00,305.700301771355,302.8992344602047
2000-09-14 06:00:00,307.714865921091,304.07577698036044
2000-09-14 08:00:00,311.143959080677,305.9276738335796
2000-09-14 09:00:00,311.25662720478925,306.2059908780185
2000-09-14 17:00:00,299.11014814332754,300.2906353778575
2000-09-14 18:00:00,298.6510741200029,299.9097454382569
2000-09-14 20:00:00,297.6443126895946,299.05318760100425
2000-09-14 21:00:00,297.25080302610235,298.6523174644435
2000-09-15 05:00:00,306.19622200846857,303.7389561398922
2000-09-15 06:00:00,308.6795987686134,305.21162532106945
2000-09-15 08:00:00,311.6060999090021,306.9619694314495
2000-09-15 09:00:00,310.8228555217914,306.94550141274283
2000-09-15 17:00:00,299.41746850153334,300.7224186690085
2000-09-15 18:00:00,298.78847076933266,300.14113354793136
2000-09-15 20:00:00,298.2848283388582,299.64071058088166
2000-09-15 21:00:00,297.8583497692514,299.14322729360526
2000-09-16 05:00:00,306.13785107440685,303.2467815005357
2000-09-16 06:00:00,308.6241411817459,304.7186576478838
2000-09-16 08:00:00,311.44858935434024,306.7039345857359
2000-09-16 09:00:00,311.74511812794924,307.1327401794528
2000-09-16 17:00:00,298.82445870562583,300.21902303592816
2000-09-16 18:00:00,298.1828001048789,299.64976221681195
2000-09-16 20:00:00,297.27722186777737,298.7643879330581
2000-09-16 21:00:00,296.8047775950381,298.2924650924048
2000-09-17 05:00:00,305.7471897025321,302.80676680977797
2000-09-17 06:00:00,308.67632664003065,304.5095302775755
2000-09-17 08:00:00,312.72346538902246,307.10944233616624
2000-09-17 09:00:00,312.3397988200372,307.3661271669831
2000-09-17 17:00:00,298.33994381380006,299.8298354420714
2000-09-17 18:00:00,297.4199011145829,299.0804827297781
2000-09-17 20:00:00,296.1440943878127,297.8823682552861
2000-09-17 21:00:00,295.67721463572263,297.3838503327686
2000-09-18 05:00:00,305.7535458463366,302.153908140303
2000-09-18 06:00:00,308.55878926939886,303.73103283145946
2000-09-18 08:00:00,311.86299669356856,305.94695917961224
2000-09-18 09:00:00,311.98438896567137,306.416492315213
2000-09-18 17:00:00,297.3830952460667,298.822608089594
2000-09-18 18:00:00,296.57503442514474,298.119447399545
2000-09-18 20:00:00,295.5757469330069,297.127706283781
2000-09-18 21:00:00,295.15187611161105,296.6129004620992
2000-09-19 05:00:00,307.0109511553231,302.8302845536101
2000-09-19 06:00:00,310.10728108974746,304.1813601595228
2000-09-19 08:00:00,313.0529352549596,305.98891664102376
2000-09-19 09:00:00,311.3771038790146,305.894234326661
2000-09-19 17:00:00,297.4508016671532,298.79462699713804
2000-09-19 18:00:00,297.10922424598544,298.3780944306972
2000-09-19 20:00:00,295.34114928164723,296.84403119432545
2000-09-19 21:00:00,294.91872790414493,296.4409049435279
2000-09-20 05:00:00,308.4737841072729,304.0640354244661
2000-09-20 06:00:00,311.60672135786575,305.303967374499
2000-09-20 08:00:00,314.82975729073877,306.78855294108575
2000-09-20 09:00:00,313.19324494583765,306.7603106388509
2000-09-20 17:00:00,299.1339676538124,300.4207689376384
2000-09-20 18:00:00,298.4607405229048,299.83128164141505
2000-09-20 20:00:00,297.601679233263,299.01806650029494
2000-09-20 21:00:00,297.3590333818104,298.6344069376565
2000-09-21 05:00:00,309.4190237929898,304.38044712907174
2000-09-21 06:00:00,311.4491086704155,305.44836334087444
2000-09-21 08:00:00,315.5689818348466,307.45586850205996
2000-09-21 09:00:00,315.19222730921666,307.602947922811
2000-09-21 17:00:00,299.76266700497763,300.7755962542283
2000-09-21 18:00:00,299.11904827288373,300.2718170118993
2000-09-21 20:00:00,298.7202566232079,300.08768128099723
2000-09-21 21:00:00,298.52927423368436,299.74687980099344
2000-09-22 05:00:00,308.92657799860365,304.29103988859066
2000-09-22 06:00:00,312.09727038367316,305.6285657603495
2000-09-22 08:00:00,315.49930735912824,307.28536439493007
2000-09-22 09:00:00,315.8064345255471,307.64372998724
2000-09-22 17:00:00,298.8105865384471,299.3476769633947
2000-09-22 18:00:00,298.7630054491511,299.22230247650384
2000-09-22 20:00:00,297.30779909389594,299.28326742821736
2000-09-22 21:00:00,296.8925924903623,298.80104314160457
2000-09-23 05:00:00,308.4597495480201,304.2525762431611
2000-09-23 06:00:00,311.1190731007439,305.10809337927486
2000-09-23 08:00:00,315.1701309133568,307.04409037679665
2000-09-23 09:00:00,314.3298897530155,306.84402581025347
2000-09-23 17:00:00,298.01726030017636,298.2968630092721
2000-09-23 18:00:00,297.56749258643856,297.85829971384015
2000-09-23 20:00:00,297.2557291698015,297.67498478353116
2000-09-23 21:00:00,296.6827253626749,297.24148011758626
2000-09-24 05:00:00,309.6407160354873,304.35599194542834
2000-09-24 06:00:00,312.49061255315416,305.46838442386576
2000-09-24 08:00:00,314.36679502701725,306.35244182004766
2000-09-24 09:00:00,314.6613657147565,306.83999422187986
2000-09-24 17:00:00,298.0951913090076,299.2030653284952
2000-09-24 18:00:00,297.34980691636474,298.61557916720585
2000-09-24 20:00:00,296.59300831469994,298.26775462381283
2000-09-24 21:00:00,296.3154023439381,297.9774465928276
2000-09-25 05:00:00,309.64961522459436,305.9313967429986
2000-09-25 06:00:00,312.3603358805088,307.1561156333136
2000-09-25 08:00:00,315.3456676465521,308.2455510167385
2000-09-25 09:00:00,314.52637226592594,308.16213796465723
2000-09-25 17:00:00,298.6423765632147,299.968205080194
2000-09-25 18:00:00,297.902270747627,299.171832186048
2000-09-25 20:00:00,297.13714855881796,298.23586789264886
2000-09-25 21:00:00,296.35702519350684,297.9492411797146
2000-09-26 05:00:00,308.9488035181454,305.2673068759255
2000-09-26 06:00:00,311.6195548223604,306.5763525823232
2000-09-26 08:00:00,314.5703800007449,307.7153736931517
2000-09-26 09:00:00,314.65373695502853,308.047053755891
2000-09-26 17:00:00,298.46302165309163,299.95680424906254
2000-09-26 18:00:00,298.32443827436595,299.8039933544094
2000-09-26 20:00:00,297.6784750728284,298.9530997489377
2000-09-26 21:00:00,297.2716806467582,298.50124172216573
2000-09-27 05:00:00,309.329905058827,305.8214899659708
2000-09-27 06:00:00,311.61523294081485,307.0225262281892
2000-09-27 08:00:00,313.77228653118686,308.0964923500096
2000-09-27 09:00:00,313.2435284395615,308.1294727296051
2000-09-27 17:00:00,297.3924029428162,299.23645299314904
2000-09-27 18:00:00,297.18215241748123,299.1076040635307
2000-09-27 20:00:00,297.0554135033089,298.91051512543334
2000-09-27 21:00:00,296.8253125394989,298.6351266399554
2000-09-28 05:00:00,309.29007341240884,305.48453410050166
2000-09-28 06:00:00,310.9943755257111,306.49101734602215
2000-09-28 08:00:00,313.907700807545,307.9980034497559
2000-09-28 09:00:00,313.71976166476827,308.18720277101494
2000-09-28 17:00:00,296.6758353728543,298.6099388698584
2000-09-28 18:00:00,295.57086708292206,297.54999562220877
2000-09-28 20:00:00,293.74573106574724,296.1002581674256
2000-09-28 21:00:00,293.07463983615116,295.51677131358946
2000-09-29 05:00:00,309.4319730738095,305.2902532027939
2000-09-29 06:00:00,312.7844949260882,306.6412748974534
2000-09-29 08:00:00,316.57106822150513,308.04288246378144
2000-09-29 09:00:00,316.13588551196557,308.34070680027565
2000-09-29 17:00:00,296.79781112318227,299.121420250468
2000-09-29 18:00:00,295.92113394950314,298.39757151082046
2000-09-29 20:00:00,294.3217434170434,296.6805534891796
2000-09-29 21:00:00,293.4466161977712,296.00324880544133
2000-09-30 05:00:00,310.5628825982657,306.7837810075522
2000-09-30 06:00:00,313.39071337871815,307.9795932387718
2000-09-30 08:00:00,316.13043029503024,309.415045057864
2000-09-30 09:00:00,315.94462169300425,309.5729398095553
2000-09-30 17:00:00,298.3593686519676,300.4888414285951
2000-09-30 18:00:00,297.42739075835567,299.6590171073361
2000-09-30 20:00:00,294.7506414804327,297.41416597292863
2000-09-30 21:00:00,293.86401461232424,296.14352828438734
2000-10-01 05:00:00,310.33088905087607,305.9453000390475
2000-10-01 06:00:00,313.42847345055344,307.32594231133834
2000-10-01 08:00:00,316.58852928408487,309.24109702558474
2000-10-01 09:00:00,316.2816890252206,309.50127395606376
2000-10-01 17:00:00,297.60426003760296,299.49682452608886
2000-10-01 18:00:00,296.20470944538323,298.11545693231477
2000-10-01 20:00:00,293.7812552430046,297.12741392162076
2000-10-01 21:00:00,292.9109624266073,295.38262419854914
2000-10-02 05:00:00,310.86519426483954,306.180370195621
2000-10-02 06:00:00,315.07611286180963,308.2146337241715
2000-10-02 08:00:00,318.7716423234514,310.04458425371973
2000-10-02 09:00:00,317.84062578057285,310.1711359009354
2000-10-02 17:00:00,296.71825214967885,299.32228462207485
2000-10-02 18:00:00,295.63851700652,297.92225306059805
2000-10-02 20:00:00,294.4378339535283,296.9677700283715
2000-10-02 21:00:00,294.33464233680576,296.7632966827722
2000-10-03 05:00:00,310.85943159153356,306.2759614306716
2000-10-03 06:00:00,314.42960631571856,307.76382977642896
2000-10-03 08:00:00,318.6866420046391,309.22363330623585
2000-10-03 09:00:00,318.26413619830544,309.6077064314315
2000-10-03 17:00:00,296.7888544961374,299.75700192679244
2000-10-03 18:00:00,295.57589832182475,299.2426295346582
2000-10-03 20:00:00,293.8550459945514,297.07687114603897
2000-10-03 21:00:00,293.24662740792627,296.07358876655945
2000-10-04 05:00:00,312.33974439153684,307.16458952775906
2000-10-04 06:00:00,316.104283736924,308.33337235414007
2000-10-04 08:00:00,318.7262077390321,309.72738301845834
2000-10-04 09:00:00,317.9089762683275,309.93027657389825
2000-10-04 17:00:00,298.8445684494701,300.54354305884505
2000-10-04 18:00:00,297.85984063993436,299.63706709240176
2000-10-04 20:00:00,295.40236530979905,298.1794739474868
2000-10-04 21:00:00,294.3822608559819,296.7789695751502
2000-10-05 05:00:00,312.97655008606995,307.23550292780664
2000-10-05 06:00:00,316.46153929347435,308.7447156626932
2000-10-05 08:00:00,318.7751694078254,310.08705621140393
2000-10-05 09:00:00,318.2493311524942,310.22582626930557
2000-10-05 17:00:00,299.4202503269002,300.86766806956615
2000-10-05 18:00:00,299.0176746856266,300.4227340298551
2000-10-05 20:00:00,297.3484537979855,298.9704068129529
2000-10-05 21:00:00,296.8109016829904,298.53181504541993
2000-10-06 05:00:00,310.32960110562976,306.0501887904845
2000-10-06 06:00:00,314.0814634067436,307.84218003753523
2000-10-06 08:00:00,318.50213192791335,309.5813208816599
2000-10-06 09:00:00,317.9124279992055,309.69264103635254
2000-10-06 17:00:00,299.7929901217092,301.0843366907999
2000-10-06 18:00:00,299.04880054632577,300.2741105795274
2000-10-06 20:00:00,298.9041905572124,300.399456970497
2000-10-06 21:00:00,298.8801885995732,300.22684794985827
2000-10-07 05:00:00,308.4897953968019,305.1379574862393
2000-10-07 06:00:00,313.02564917800976,307.1394157938671
2000-10-07 08:00:00,314.66389888534195,307.64041492714904
2000-10-07 09:00:00,313.94110535326286,307.53719601388707
2000-10-07 17:00:00,299.801225400669,301.1778630519685
2000-10-07 18:00:00,299.0458600671707,300.4319267801952
2000-10-07 20:00:00,297.00242057529914,300.2095441068817
2000-10-07 21:00:00,296.0181142751168,297.74612365628616
2000-10-08 05:00:00,311.91742691016526,306.72073249052784
2000-10-08 06:00:00,314.5928459226259,307.8648960248715
2000-10-08 08:00:00,314.5456661465355,308.3617745562584
2000-10-08 09:00:00,314.97778910444407,308.64048136988845
2000-10-08 17:00:00,300.57302550799307,301.89922362152714
2000-10-08 18:00:00,299.60306524385476,301.0532361046743
2000-10-08 20:00:00,297.27158542627177,298.998306368459
2000-10-08 21:00:00,296.5179202134143,298.2910161657583
2000-10-09 05:00:00,311.33578540584523,306.4511695238769
2000-10-09 06:00:00,313.91751451301286,307.77507508076576
2000-10-09 08:00:00,316.1617419649897,308.9313916645726
2000-10-09 09:00:00,316.5185138014689,309.1494239137059
2000-10-09 17:00:00,296.98038483841583,299.1130673213071
2000-10-09 18:00:00,296.4895532546315,298.6223220472527
2000-10-09 20:00:00,296.27009914027894,298.1368103967793
2000-10-09 21:00:00,295.7996350069443,297.6956548940603
2000-10-10 05:00:00,312.7475332016203,306.77637908418296
2000-10-10 06:00:00,316.54164069459324,307.7347558584346
2000-10-10 08:00:00,318.7398655778271,308.4417960662136
2000-10-10 09:00:00,317.88248021576914,308.57460014919286
2000-10-10 17:00:00,296.7759115633502,298.36830505935364
2000-10-10 18:00:00,296.0912718927181,297.67021776384496
2000-10-10 20:00:00,295.1118831781467,296.8593047954636
2000-10-10 21:00:00,294.9011197553026,296.69033258611506
2000-10-11 05:00:00,310.55760691309194,305.1077482108894
2000-10-11 06:00:00,314.2516860139021,306.2990587701783
2000-10-11 08:00:00,316.1085162522797,306.8579116139463
2000-10-11 09:00:00,315.3519954828341,306.95710876652936
2000-10-11 17:00:00,297.61818477589475,298.9912049656473
2000-10-11 18:00:00,296.93237093086424,298.34986973837454
2000-10-11 20:00:00,294.96872688845974,298.9108513595511
2000-10-11 21:00:00,294.0820577471576,298.6249005710032
2000-10-12 05:00:00,312.35710282759237,305.3307704602258
2000-10-12 06:00:00,315.06973468798157,306.4740695806424
2000-10-12 08:00:00,316.23323686831907,307.3682347607723
2000-10-12 09:00:00,315.6127391045193,307.5724397726897
2000-10-12 17:00:00,296.56874820374196,298.49642325990555
2000-10-12 18:00:00,295.7374675968211,297.78216943020817
2000-10-12 20:00:00,294.76519573194037,297.1157437223132
2000-10-12 21:00:00,294.51011998627695,296.7399026315275
2000-10-13 05:00:00,309.0596010651905,304.7304528093852
2000-10-13 06:00:00,312.2073593257205,306.7943347760452
2000-10-13 08:00:00,314.9383169917737,308.0434139586744
2000-10-13 09:00:00,314.5748149713125,308.0361615432246
2000-10-13 17:00:00,296.38784905244097,298.2997169906075
2000-10-13 18:00:00,295.47408754322305,297.57552548072005
2000-10-13 20:00:00,294.5816788871777,296.92638659367026
2000-10-13 21:00:00,294.1494968925676,296.4222754903127
2000-10-14 05:00:00,308.53758352600005,304.8515596316298
2000-10-14 06:00:00,312.3346680110702,306.62431497676715
2000-10-14 08:00:00,315.15309328805137,307.82222657284495
2000-10-14 09:00:00,314.66247038995544,307.79203977423197
2000-10-14 17:00:00,295.8610174005682,297.8218447504499
2000-10-14 18:00:00,294.9878486668568,296.9739618992034
2000-10-14 20:00:00,293.24154065900666,295.34189026161044
2000-10-14 21:00:00,292.3176897516236,294.499498293837
2000-10-15 05:00:00,311.6355648657941,305.310562839126
2000-10-15 06:00:00,314.80544576071816,306.8600245212738
2000-10-15 08:00:00,316.99879989271363,307.76513434411567
2000-10-15 09:00:00,316.28316510733913,307.9444707273886
2000-10-15 17:00:00,294.1987856966321,296.8236834227763
2000-10-15 18:00:00,292.5686190565488,296.9673866542352
2000-10-15 20:00:00,290.51779449886095,295.10219043796343
2000-10-15 21:00:00,289.86590997022915,294.518502422033
2000-10-16 05:00:00,310.9837563254617,305.7572176188276
2000-10-16 06:00:00,314.00218268866166,307.074149603469
2000-10-16 08:00:00,316.6026486248375,308.04781436773226
2000-10-16 09:00:00,315.92160748921117,308.2558300564947
2000-10-16 17:00:00,293.71730100281985,298.11398985499784
2000-10-16 18:00:00,292.17609705285776,298.5711340529526
2000-10-16 20:00:00,290.2230292086608,296.9657214947952
2000-10-16 21:00:00,289.5885850762366,295.4098758785677
2000-10-17 05:00:00,311.3304841639632,306.0086737634221
2000-10-17 06:00:00,314.3177416409109,307.58123595909274
2000-10-17 08:00:00,316.009125226084,308.54727878188504
2000-10-17 09:00:00,315.5385200723845,308.6808736886376
2000-10-17 17:00:00,294.1359844472265,296.6846075072678
2000-10-17 18:00:00,292.59419490302844,296.2510853019444
2000-10-17 20:00:00,290.58868737360365,293.6553218471251
2000-10-17 21:00:00,289.89496879401304,293.03686452903804
2000-10-18 05:00:00,310.6409305049385,305.19546464117724
2000-10-18 06:00:00,314.5156045922513,306.78558770460415
2000-10-18 08:00:00,317.7630932871109,308.7744883815019
2000-10-18 09:00:00,317.00263614977825,309.01948928245224
2000-10-18 17:00:00,295.78437059869754,297.88619009996603
2000-10-18 18:00:00,294.94917548933455,297.1404990738456
2000-10-18 20:00:00,293.4978007829428,295.77691972494495
2000-10-18 21:00:00,292.854809542099,295.0630099586052
2000-10-19 05:00:00,311.49445901409325,305.9134590372283
2000-10-19 06:00:00,314.7942690856652,307.4860900267615
2000-10-19 08:00:00,317.2666190078336,309.15008088803995
2000-10-19 09:00:00,316.7738922072118,309.28696083104114
2000-10-19 17:00:00,295.95573411186234,298.2122609236942
2000-10-19 18:00:00,294.8482579494294,297.2405719962804
2000-10-19 20:00:00,293.23365391053846,295.7930817684885
2000-10-19 21:00:00,292.49759912711266,295.20745736755464
2000-10-20 05:00:00,309.3498329197865,305.7234755928968
2000-10-20 06:00:00,312.81558582558654,307.4331452027308
2000-10-20 08:00:00,315.6363438869294,309.0318812765583
2000-10-20 09:00:00,315.2336247331005,309.1161705922272
2000-10-20 17:00:00,295.9956258529875,298.20346704139183
2000-10-20 18:00:00,295.2043355697844,297.5735903653231
2000-10-20 20:00:00,294.00269647959755,296.5888808945478
2000-10-20 21:00:00,293.4869756007966,296.07309975646126
2000-10-21 05:00:00,308.6078233292731,305.25240609238074
2000-10-21 06:00:00,312.39950178290366,307.1832589265562
2000-10-21 08:00:00,315.387544511463,308.74395907127257
2000-10-21 09:00:00,314.940271057223,308.8340274005531
2000-10-21 17:00:00,296.49252037201165,298.5414915393424
2000-10-21 18:00:00,295.7344412781608,297.89607375134676
2000-10-21 20:00:00,294.5734992122797,296.8544058777702
2000-10-21 21:00:00,294.0886862450645,296.4065127144977
2000-10-22 05:00:00,307.8247299311892,304.3914286609056
2000-10-22 06:00:00,311.3355185533709,306.237037976093
2000-10-22 08:00:00,315.0401880766835,308.226009750954
2000-10-22 09:00:00,315.16933092020327,308.4307543456279
2000-10-22 17:00:00,296.13890813936257,298.36703446539593
2000-10-22 18:00:00,295.5214598762971,297.83021667668555
2000-10-22 20:00:00,294.49382830180446,296.47197268446354
2000-10-22 21:00:00,294.05470421648545,296.0804358248718
2000-10-23 05:00:00,307.7452265382364,303.7278509860046
2000-10-23 06:00:00,311.1875620461392,305.5237489297688
2000-10-23 08:00:00,314.86115630492225,307.543507462841
2000-10-23 09:00:00,314.70197457194513,307.85699862581555
2000-10-23 17:00:00,295.5521021815037,297.3143649108605
2000-10-23 18:00:00,294.88287000847157,296.7454020495775
2000-10-23 20:00:00,293.7597948259492,295.6540224048867
2000-10-23 21:00:00,293.2792592805413,295.117449227026
2000-10-24 05:00:00,308.1174071184109,303.5495143237944
2000-10-24 06:00:00,311.211286876896,304.9842141596672
2000-10-24 08:00:00,315.39033936205186,306.8600625624459
2000-10-24 09:00:00,315.2378910340954,307.157194939894
2000-10-24 17:00:00,296.4068568248778,298.1000245128097
2000-10-24 18:00:00,295.4724018819894,297.29454705895193
2000-10-24 20:00:00,293.96628606999053,296.1131808570427
2000-10-24 21:00:00,293.5022469213454,295.63833733369097
2000-10-25 05:00:00,308.6158773366402,303.89842407508695
2000-10-25 06:00:00,312.39077302671177,305.4360205322642
2000-10-25 08:00:00,315.5197911901724,306.8680221957309
2000-10-25 09:00:00,314.9860596267394,307.05268634155465
2000-10-25 17:00:00,295.4307133890631,297.3418860766112
2000-10-25 18:00:00,294.1353933513624,296.36921682490043
2000-10-25 20:00:00,291.8161438176371,294.52928779966476
2000-10-25 21:00:00,290.9460883000966,294.15810052198697
2000-10-26 05:00:00,309.0761477994992,303.9695064973758
2000-10-26 06:00:00,313.04936230017336,305.0327539194163
2000-10-26 08:00:00,317.00597314584786,306.46702841360514
2000-10-26 09:00:00,316.2450489814183,306.74714949832673
2000-10-26 17:00:00,294.8287431808025,296.77126007785415
2000-10-26 18:00:00,293.32501542806995,296.3908165460008
2000-10-26 20:00:00,290.9306376828986,295.53146515127696
2000-10-26 21:00:00,290.1315358401447,296.448526085617
2000-10-27 05:00:00,311.3182804007743,304.30534040689105
2000-10-27 06:00:00,314.6245913983126,305.5528633341033
2000-10-27 08:00:00,316.351503322231,306.63152925699995
2000-10-27 09:00:00,315.51241237834347,306.80914443005764
2000-10-27 17:00:00,293.92676434862227,297.10580183361276
2000-10-27 18:00:00,292.2394528146517,297.718302698826
2000-10-27 20:00:00,289.9937639985871,295.62786460841204
2000-10-27 21:00:00,289.31071556808405,294.733499817929
2000-10-28 05:00:00,310.2030329065073,303.9410851571152
2000-10-28 06:00:00,314.0265865472873,305.48026671799016
2000-10-28 08:00:00,315.2983512702084,306.87406100844754
2000-10-28 09:00:00,314.4897911882915,306.99615161114
2000-10-28 17:00:00,292.90943842859963,295.7215079144447
2000-10-28 18:00:00,291.3668568850666,294.64012021386566
2000-10-28 20:00:00,289.4615861043357,293.22116547336196
2000-10-28 21:00:00,288.7111250490915,293.89969394019647
2000-10-29 05:00:00,307.76966479379337,303.36634847820267
2000-10-29 06:00:00,312.1688250055299,305.063070335447
2000-10-29 08:00:00,316.6841160755128,306.7362104512877
2000-10-29 09:00:00,316.2342449593801,307.03315238776304
2000-10-29 17:00:00,294.367085202633,296.4674301970354
2000-10-29 18:00:00,293.0056837461028,295.1610153974113
2000-10-29 20:00:00,290.00277070455445,294.5553512455686
2000-10-29 21:00:00,289.02199572076785,293.9192921736942
2000-10-30 05:00:00,309.5539628133201,303.8930436003557
2000-10-30 06:00:00,313.5464230200911,305.4104379380612
2000-10-30 08:00:00,315.83658934888564,306.9032982119427
2000-10-30 09:00:00,314.94525080652926,307.0560945766549
2000-10-30 17:00:00,293.4584201054507,295.6577260115849
2000-10-30 18:00:00,292.1520914509778,294.50325607041185
2000-10-30 20:00:00,290.3748496691876,292.8911033359992
2000-10-30 21:00:00,289.66332845585003,292.3281652042054
2000-10-31 05:00:00,310.06200602903203,303.7722852615803
2000-10-31 06:00:00,313.72877138017316,305.1801449110034
2000-10-31 08:00:00,315.06859824910924,306.10144536704604
2000-10-31 09:00:00,314.20924057688654,306.20917439277076
2000-10-31 17:00:00,293.1146591021945,295.21521099543173
2000-10-31 18:00:00,291.58845108572984,294.2640102956622
2000-10-31 20:00:00,289.2939740432245,293.3794929727751
2000-10-31 21:00:00,288.5344866971573,294.0470657936414
2000-11-01 05:00:00,309.7149799270512,302.5214403149527
2000-11-01 06:00:00,313.23795724172254,303.91079984644347
2000-11-01 08:00:00,315.376868319989,305.186928747615
2000-11-01 09:00:00,314.53220744786904,305.3907306594731
2000-11-01 17:00:00,293.87633459152903,295.98095863001373
2000-11-01 18:00:00,293.04262409886155,295.4502946474519
2000-11-01 20:00:00,291.4347740608298,294.1151251888422
2000-11-01 21:00:00,290.7576450059888,293.1789435341105
2000-11-02 05:00:00,305.9403065826934,301.58983622640596
2000-11-02 06:00:00,309.94794698048076,303.337205578256
2000-11-02 08:00:00,314.2629699707032,304.6648494444202
2000-11-02 09:00:00,313.9772714106438,304.9043877223974
2000-11-02 17:00:00,292.6428080648414,294.6281068681385
2000-11-02 18:00:00,291.24812039462006,293.365459400994
2000-11-02 20:00:00,289.6550447672651,291.78358066835096
2000-11-02 21:00:00,289.3645592499955,291.50870724341536
2000-11-03 05:00:00,306.19682920952613,301.25569223365727
2000-11-03 06:00:00,310.1337878164047,302.6078400457585
2000-11-03 08:00:00,314.70023295398124,304.08953582340473
2000-11-03 09:00:00,314.3201757586792,304.3741041280456
2000-11-03 17:00:00,292.58292893231925,294.2517498704061
2000-11-03 18:00:00,291.31061275346985,293.2306527253843
2000-11-03 20:00:00,289.42699393579517,293.57348945511876
2000-11-03 21:00:00,288.7474506536875,292.6651509054269
2000-11-04 05:00:00,307.78619006234806,302.12518054274454
2000-11-04 06:00:00,311.5425224362977,303.2620215981694
2000-11-04 08:00:00,314.71080390918416,304.60696813174866
2000-11-04 09:00:00,314.12329118020364,304.8576147376297
2000-11-04 17:00:00,293.7353696896593,295.4349514060469
2000-11-04 18:00:00,292.5195318377808,294.295161948182
2000-11-04 20:00:00,289.84599739157,294.82769883542284
2000-11-04 21:00:00,288.9715180712966,294.1176634613649
2000-11-05 05:00:00,308.6681133205608,302.41783318424075
2000-11-05 06:00:00,311.7317601749085,303.4726498314339
2000-11-05 08:00:00,313.86596545673484,304.5824971485579
2000-11-05 09:00:00,313.2336384636596,304.7024788408323
2000-11-05 17:00:00,292.97645423078023,294.85065362633463
2000-11-05 18:00:00,291.69324680322495,293.7960804614521
2000-11-05 20:00:00,289.2778843907619,292.7238423681039
2000-11-05 21:00:00,288.4535972701015,292.81885898866346
2000-11-06 05:00:00,308.470991490251,302.4010231476536
2000-11-06 06:00:00,312.1362180783311,303.3689277778238
2000-11-06 08:00:00,314.92640192299297,304.2728138410807
2000-11-06 09:00:00,314.1957858986407,304.4147055791964
2000-11-06 17:00:00,290.4439289345764,293.23609733875435
2000-11-06 18:00:00,289.5514325581273,291.883065175202
2000-11-06 20:00:00,288.45540356746255,290.8560987569518
2000-11-06 21:00:00,288.0262268254496,290.55143133554327
2000-11-07 05:00:00,306.94351041114936,302.2907342896072
2000-11-07 06:00:00,310.3999368582374,303.56628330977196
2000-11-07 08:00:00,313.0192424380357,305.08618808270234
2000-11-07 09:00:00,312.11850431703823,305.08597692833473
2000-11-07 17:00:00,294.13421433365033,296.0540313485591
2000-11-07 18:00:00,293.25480473170114,295.65199141068894
2000-11-07 20:00:00,292.1244919693158,294.2907450342399
2000-11-07 21:00:00,291.58590016416485,293.7126915789165
2000-11-08 05:00:00,307.3651241308369,302.4073836880583
2000-11-08 06:00:00,310.8202925154535,303.61950128728694
2000-11-08 08:00:00,313.7759286795265,305.26478287472014
2000-11-08 09:00:00,311.1662876029228,304.93696523704585
2000-11-08 17:00:00,294.7032441784311,296.3885752203285
2000-11-08 18:00:00,293.3486250537937,295.2819065041094
2000-11-08 20:00:00,291.63065442759745,294.7263680856291
2000-11-08 21:00:00,290.93012800642816,293.4746309112878
2000-11-09 05:00:00,307.93342844253334,302.3058588060282
2000-11-09 06:00:00,311.4207883344042,303.52030314723226
2000-11-09 08:00:00,313.9291687246831,304.9722053045852
2000-11-09 09:00:00,312.9235253473644,305.031148619571
2000-11-09 17:00:00,293.78586520766623,295.50059177768986
2000-11-09 18:00:00,293.00930106658234,294.85871788459866
2000-11-09 20:00:00,291.71655296948734,293.6359698702631
2000-11-09 21:00:00,291.16861902363314,293.089955804528
2000-11-10 05:00:00,307.1126506317562,301.3887942274473
2000-11-10 06:00:00,310.8193557104455,302.6962370556565
2000-11-10 08:00:00,313.93597296904346,304.29012824060004
2000-11-10 09:00:00,313.15695909873364,304.5391635042494
2000-11-10 17:00:00,293.0962606703372,294.79726643848863
2000-11-10 18:00:00,292.0986390664875,293.9195102873863
2000-11-10 20:00:00,290.351168475276,292.326895550697
2000-11-10 21:00:00,289.66055248477977,291.6743736325868
2000-11-11 05:00:00,306.5269645608629,300.90184075071926
2000-11-11 06:00:00,310.4568852217429,302.0813991270374
2000-11-11 08:00:00,313.53948645452135,303.6686595334845
2000-11-11 09:00:00,312.49420213038087,303.91681879216975
2000-11-11 17:00:00,292.25283702973775,294.0011848249861
2000-11-11 18:00:00,291.06295776367193,292.8979900107362
2000-11-11 20:00:00,288.7200109308416,290.9427541253747
2000-11-11 21:00:00,287.8587572423997,291.0606622211004
2000-11-12 05:00:00,305.93316612772657,300.8849329544326
2000-11-12 06:00:00,309.7229349051124,302.09165268061895
2000-11-12 08:00:00,313.44166722466656,303.35855866654083
2000-11-12 09:00:00,312.5321122508939,303.47641318017054
2000-11-12 17:00:00,291.19397877838645,293.59842974599593
2000-11-12 18:00:00,290.1128070049551,293.59905465101053
2000-11-12 20:00:00,288.5566588697154,290.7968508774768
2000-11-12 21:00:00,288.1492523052292,290.3983257276068
2000-11-13 05:00:00,305.55250064985046,301.68495669607387
2000-11-13 06:00:00,308.9677329041374,302.9059322927325
2000-11-13 08:00:00,313.2731037815841,304.04416598891623
2000-11-13 09:00:00,313.1829749343943,304.1951865033119
2000-11-13 17:00:00,292.6193497574017,294.22530702376406
2000-11-13 18:00:00,291.37948963418035,293.19290363329407
2000-11-13 20:00:00,289.98132321867627,292.22749568427844
2000-11-13 21:00:00,289.96990280268926,292.17704403822887
2000-11-14 05:00:00,305.0131098155064,300.3193576383664
2000-11-14 06:00:00,308.8334561951906,301.6170741053318
2000-11-14 08:00:00,312.78669557733053,303.1474600675844
2000-11-14 09:00:00,311.94716045926276,303.36254290329475
2000-11-14 17:00:00,291.90995123206375,293.2829403634799
2000-11-14 18:00:00,291.05388597861645,292.5406713970637
2000-11-14 20:00:00,289.6102109418261,291.338267157368
2000-11-14 21:00:00,288.9432090441876,290.7013409677749
2000-11-15 05:00:00,303.77869371787426,298.65038129104124
2000-11-15 06:00:00,307.8922628158781,300.3772306280621
2000-11-15 08:00:00,312.1184665815121,302.5111372467182
2000-11-15 09:00:00,311.9187034289532,302.9754402619114
2000-11-15 17:00:00,292.0545182661577,293.43466167714456
2000-11-15 18:00:00,291.5739961926853,293.0169472481326
2000-11-15 20:00:00,289.9728837211621,291.4173457964176
2000-11-15 21:00:00,289.179353170292,290.7100016589525
2000-11-16 05:00:00,302.81789928371626,299.13055133084856
2000-11-16 06:00:00,306.4801338325113,301.11654975785314
2000-11-16 08:00:00,310.1378922425727,303.21067259895784
2000-11-16 09:00:00,310.3365575381897,303.53020889917025
2000-11-16 17:00:00,292.7673410612556,294.1437467507479
2000-11-16 18:00:00,291.9263966799885,293.38218914672666
2000-11-16 20:00:00,290.63293264239155,292.3909977000373
2000-11-16 21:00:00,290.15122158244503,292.02679062477426
2000-11-17 05:00:00,303.84331111584686,300.47087193564016
2000-11-17 06:00:00,307.6424844327436,302.277580367031
2000-11-17 08:00:00,311.30019847711173,304.0272955284648
2000-11-17 09:00:00,310.7068376114996,304.09030649805294
2000-11-17 17:00:00,291.7757984273056,293.6142392856498
2000-11-17 18:00:00,290.511970108573,292.4822264261349
2000-11-17 20:00:00,288.4694101483502,290.4541099795208
2000-11-17 21:00:00,287.5715829293791,290.30226725385813
2000-11-18 05:00:00,304.7713937392037,300.1902526949514
2000-11-18 06:00:00,307.6501096892982,301.36319921931425
2000-11-18 08:00:00,309.56776110821033,302.57795409686025
2000-11-18 09:00:00,308.79787671951743,302.55685659917
2000-11-18 17:00:00,290.4785112048885,291.7880547380962
2000-11-18 18:00:00,289.6875017398311,290.99950363088647
2000-11-18 20:00:00,288.4447626193242,289.6050156885744
2000-11-18 21:00:00,287.88130775769065,288.94591727940076
2000-11-19 05:00:00,299.3002885251273,294.6279364352234
2000-11-19 06:00:00,302.5379547213186,296.1758261094291
2000-11-19 08:00:00,305.2011623294401,297.7325121346167
2000-11-19 09:00:00,304.76360270495775,298.03097908008266
2000-11-19 17:00:00,288.08491062346525,289.60409926780386
2000-11-19 18:00:00,287.18461580673244,288.8126880193161
2000-11-19 20:00:00,285.77377928276826,287.7293095757671
2000-11-19 21:00:00,285.38243361650893,287.3255150182222
2000-11-20 05:00:00,301.69286933040763,295.7458121559837
2000-11-20 06:00:00,305.7137583304995,296.96903387460577
2000-11-20 08:00:00,309.3754378261478,298.66167314761594
2000-11-20 09:00:00,308.79224274669116,299.1111984605599
2000-11-20 17:00:00,288.77298246363097,290.11093750940455
2000-11-20 18:00:00,287.48959080206777,289.2424459119424
2000-11-20 20:00:00,285.6626563637944,287.627634292391
2000-11-20 21:00:00,285.09854245883844,287.1564205504713
2000-11-21 05:00:00,302.2466885136162,297.39560651264867
2000-11-21 06:00:00,305.23671993966826,298.8165958210573
2000-11-21 08:00:00,308.262022468085,300.43450998268065
2000-11-21 09:00:00,308.1901182107088,300.74947120889857
2000-11-21 17:00:00,290.4305404639575,291.89405966172416
2000-11-21 18:00:00,289.78592988706333,291.3678400542226
2000-11-21 20:00:00,288.7661664401438,290.42571666464784
2000-11-21 21:00:00,288.31766109143274,289.9361325397698
2000-11-22 05:00:00,300.376262694184,296.96525395045114
2000-11-22 06:00:00,303.97894331780714,298.9129176911294
2000-11-22 08:00:00,307.9164375340443,300.73950783093284
2000-11-22 09:00:00,308.1165110818778,301.0587796768165
2000-11-22 17:00:00,291.54694127816083,292.7737806464197
2000-11-22 18:00:00,290.8151818791229,292.04963105705747
2000-11-22 20:00:00,289.4965643508041,290.73232670153607
2000-11-22 21:00:00,288.9794601181806,290.2237563405088
2000-11-23 05:00:00,300.36586501675504,296.8466828144938
2000-11-23 06:00:00,304.2258240357386,298.93776177404845
2000-11-23 08:00:00,308.95213987941185,301.5253455069473
2000-11-23 09:00:00,309.36150572884065,302.04805361802113
2000-11-23 17:00:00,289.3200562275797,293.241923633452
2000-11-23 18:00:00,288.466034452794,293.4433568828095
2000-11-23 20:00:00,287.0869262413178,289.77271257820775
2000-11-23 21:00:00,286.5801008368494,288.92069765158544
2000-11-24 05:00:00,302.2260566558603,297.87505685015714
2000-11-24 06:00:00,305.3869391913039,299.426797264346
2000-11-24 08:00:00,307.9274662294079,300.8937149870745
2000-11-24 09:00:00,307.2468140400797,300.87891224536395
2000-11-24 17:00:00,290.1352944866351,291.4369452524994
2000-11-24 18:00:00,289.50440172568676,290.86541564659274
2000-11-24 20:00:00,288.47634589102677,289.9641206385726
2000-11-24 21:00:00,287.9091076725988,289.35544034843264
2000-11-25 05:00:00,300.10865553281343,295.48567324316554
2000-11-25 06:00:00,303.5795119040185,297.1459876767292
2000-11-25 08:00:00,306.9869222538129,298.923283205194
2000-11-25 09:00:00,306.7270119171848,299.1692648771548
2000-11-25 17:00:00,288.4331965042373,290.06014781887245
2000-11-25 18:00:00,287.4089369575489,289.16494459437297
2000-11-25 20:00:00,285.43593031967,287.33840063062763
2000-11-25 21:00:00,284.65106485657776,286.8820816063551
2000-11-26 05:00:00,301.446094742174,296.5625758707431
2000-11-26 06:00:00,305.0821048166425,297.81108436525693
2000-11-26 08:00:00,308.7530376510738,299.17817276541734
2000-11-26 09:00:00,308.7265060965563,299.4220457385611
2000-11-26 17:00:00,289.1101783317484,290.60673102098184
2000-11-26 18:00:00,288.41989702362866,290.0647582772701
2000-11-26 20:00:00,287.12574032164866,288.7990035893186
2000-11-26 21:00:00,286.377131269599,288.077100850768
2000-11-27 05:00:00,297.7356459936486,295.0729718318522
2000-11-27 06:00:00,301.4450890727697,297.04683392587907
2000-11-27 08:00:00,306.72438724088744,299.38891018483963
2000-11-27 09:00:00,306.57437991949007,299.5341673205924
2000-11-27 17:00:00,290.1213977031972,290.82997911920535
2000-11-27 18:00:00,289.25858846467526,289.9702185115021
2000-11-27 20:00:00,287.16614968604046,287.912202009251
2000-11-27 21:00:00,286.47422148670734,287.35847538975986
2000-11-28 05:00:00,298.2146418355463,294.3557505321062
2000-11-28 06:00:00,301.81595375284394,295.94623806663947
2000-11-28 08:00:00,305.5139570427235,297.5162010016537
2000-11-28 09:00:00,305.3041908252404,297.7508249620811
2000-11-28 17:00:00,288.26419972565213,289.48733790886973
2000-11-28 18:00:00,287.61001340046136,288.79264276677907
2000-11-28 20:00:00,285.9781397744577,287.14499707802423
2000-11-28 21:00:00,285.21864516342,286.44326601190085
2000-11-29 05:00:00,298.1635293593208,292.93145610885745
2000-11-29 06:00:00,301.64966483329226,294.09199834274034
2000-11-29 08:00:00,305.3703024324908,295.91716706403787
2000-11-29 09:00:00,304.7992324946658,296.22816812900254
2000-11-29 17:00:00,285.9108854038139,287.4752379712779
2000-11-29 18:00:00,285.1518838468061,286.8240339282114
2000-11-29 20:00:00,283.69708950236696,285.29255079084265
2000-11-29 21:00:00,283.0716970528954,284.69285146187195
2000-11-30 05:00:00,298.1065606821116,292.90475861207
2000-11-30 06:00:00,301.60494797622846,294.37084323783137
2000-11-30 08:00:00,304.2061613109336,296.09939570493066
2000-11-30 09:00:00,303.76892668220034,296.4064061145753
2000-11-30 17:00:00,285.51741206517386,287.1833622349062
2000-11-30 18:00:00,284.60890407003865,286.38821615680524
2000-11-30 20:00:00,282.6801353419323,284.4297137620453
2000-11-30 21:00:00,281.6525780864416,284.0178477988221
2000-12-01 05:00:00,297.9984083366688,292.5532714420548
2000-12-01 06:00:00,301.5282247393451,293.90073179647624
2000-12-01 08:00:00,304.49646384029063,295.8184317425697
2000-12-01 09:00:00,303.93563555936424,296.1820443598625
2000-12-01 17:00:00,283.765389911199,285.7282453869083
2000-12-01 18:00:00,282.71082636241005,284.8423732528334
2000-12-01 20:00:00,280.7140997605993,282.9040934558275
2000-12-01 21:00:00,279.6575641132466,282.0292045228838
2000-12-02 05:00:00,296.2312715174789,292.51915203735166
2000-12-02 06:00:00,299.9672744821511,294.3113172675134
2000-12-02 08:00:00,303.8934954862198,296.42550400556144
2000-12-02 09:00:00,303.9866329246015,296.88196571949635
2000-12-02 17:00:00,282.00732793352455,286.6817499052027
2000-12-02 18:00:00,280.7901938839576,286.18614434240783
2000-12-02 20:00:00,279.09852372038716,285.14832104887176
2000-12-02 21:00:00,278.4871569194118,284.7431094223987
2000-12-03 05:00:00,296.4871125772297,293.080152961249
2000-12-03 06:00:00,300.45696856905755,295.05849401535716
2000-12-03 08:00:00,304.5934442834605,297.2733556574042
2000-12-03 09:00:00,304.92878128310383,297.75895709726956
2000-12-03 17:00:00,284.4888055974787,286.48618865637644
2000-12-03 18:00:00,283.0513129800053,285.39837496012495
2000-12-03 20:00:00,280.88021037097343,283.54072467351364
2000-12-03 21:00:00,280.09900233852113,283.1581509300667
2000-12-04 05:00:00,300.56909464173395,294.9068693798753
2000-12-04 06:00:00,304.9466066757226,296.8272172548738
2000-12-04 08:00:00,308.0031144152437,298.8161513647424
2000-12-04 09:00:00,307.64299949328597,299.27098229265727
2000-12-04 17:00:00,285.4405171727914,287.51049724749316
2000-12-04 18:00:00,283.84527451525486,287.31170064164974
2000-12-04 20:00:00,281.64145499348456,287.87574232010337
2000-12-04 21:00:00,281.00374000208404,287.687826406423
2000-12-05 05:00:00,300.62534566212145,295.5660617164177
2000-12-05 06:00:00,304.5209573942634,297.33317105097836
2000-12-05 08:00:00,307.34610507300897,299.2978737571023
2000-12-05 09:00:00,306.9582152050706,299.68068449375994
2000-12-05 17:00:00,285.0433434014695,289.3540115709114
2000-12-05 18:00:00,283.54610345543625,289.5527759898793
2000-12-05 20:00:00,281.7690101705825,289.4168966848788
2000-12-05 21:00:00,281.15539959876673,289.32123176562953
2000-12-06 05:00:00,301.36417695737583,295.59326113096927
2000-12-06 06:00:00,305.27872258966624,297.3442068232227
2000-12-06 08:00:00,307.69289265354905,299.0587226150584
2000-12-06 09:00:00,307.27235871066665,299.3875739475244
2000-12-06 17:00:00,285.8024872014262,288.2226995341767
2000-12-06 18:00:00,284.65435064518584,287.83304928631185
2000-12-06 20:00:00,282.901330580513,287.14820861816406
2000-12-06 21:00:00,282.31650598464284,287.0625894837461
2000-12-07 05:00:00,299.3108393547164,296.06802081327044
2000-12-07 06:00:00,303.41489209379364,298.03118003057597
2000-12-07 08:00:00,307.2329575078697,299.9256829260311
2000-12-07 09:00:00,307.22978259822804,300.30249590058173
2000-12-07 17:00:00,288.09787617405686,289.80178626108983
2000-12-07 18:00:00,287.17291708830146,288.98584078419924
2000-12-07 20:00:00,285.69735934076766,287.49766571091953
2000-12-07 21:00:00,285.1514402604067,286.9949795762637
2000-12-08 05:00:00,301.3573516234411,297.6483231413714
2000-12-08 06:00:00,305.8021056846772,299.7528161752757
2000-12-08 08:00:00,309.16701901381487,301.53907740612067
2000-12-08 09:00:00,308.5442390383117,301.71282674498474
2000-12-08 17:00:00,288.2976682219189,289.9725709982756
2000-12-08 18:00:00,287.05224809220465,288.809450123086
2000-12-08 20:00:00,284.86067039830664,286.9570173078399
2000-12-08 21:00:00,283.9366424983749,286.15665768474935
2000-12-09 05:00:00,299.0221405029297,295.1090466421448
2000-12-09 06:00:00,303.12983687155423,296.8940821384612
2000-12-09 08:00:00,307.33662287590136,298.8063849403605
2000-12-09 09:00:00,306.99617871958964,299.1870937964582
2000-12-09 17:00:00,287.132388075254,288.82304570414067
2000-12-09 18:00:00,286.194768802778,288.0403436269893
2000-12-09 20:00:00,284.73780937958935,286.6262043393081
2000-12-09 21:00:00,284.0754342806542,285.9149202837599
2000-12-10 05:00:00,298.7409168119974,294.54941118002307
2000-12-10 06:00:00,303.00437626302335,296.2337454162504
2000-12-10 08:00:00,307.48562441033835,298.19260967237005
2000-12-10 09:00:00,307.1276576625548,298.6014310722175
2000-12-10 17:00:00,287.14341829884773,288.6915225130384
2000-12-10 18:00:00,286.16297021521996,287.825809472882
2000-12-10 20:00:00,284.3941917478212,286.12586972746533
2000-12-10 21:00:00,283.6524523248658,285.4541339609766
2000-12-11 05:00:00,298.529140689891,294.39464678419023
2000-12-11 06:00:00,302.4401713225801,295.80667713794213
2000-12-11 08:00:00,306.87063864309727,297.41004196190505
2000-12-11 09:00:00,306.81154650201785,297.9522893873312
2000-12-11 17:00:00,286.7927057533676,288.2744217506727
2000-12-11 18:00:00,285.91398648818944,287.5472975438475
2000-12-11 20:00:00,284.50303144410873,286.1359456066725
2000-12-11 21:00:00,283.8826294180425,285.5032641112529
2000-12-12 05:00:00,298.2759788054714,294.2131326025917
2000-12-12 06:00:00,302.5567243955169,296.08163896510706
2000-12-12 08:00:00,307.1752739716752,298.0696164499997
2000-12-12 09:00:00,307.19056280809116,298.625174994094
2000-12-12 17:00:00,286.99665249440994,288.49038877325546
2000-12-12 18:00:00,285.9867512801395,287.54023110223665
2000-12-12 20:00:00,283.79651243330335,286.7006609054119
2000-12-12 21:00:00,282.9889472526468,286.4894384728007
2000-12-13 05:00:00,299.0476335663641,295.4700357587018
2000-12-13 06:00:00,303.4589610518587,297.4068469266495
2000-12-13 08:00:00,308.4238008989943,299.35476639898974
2000-12-13 09:00:00,308.3783225131512,299.84188217374685
2000-12-13 17:00:00,287.24888939997084,288.9034563014614
2000-12-13 18:00:00,285.87882036347236,287.78998011984334
2000-12-13 20:00:00,283.62857424790394,288.7681193300315
2000-12-13 21:00:00,282.8663487603375,288.60401168846755
2000-12-14 05:00:00,300.83439441087256,296.66409348780275
2000-12-14 06:00:00,305.0338688455121,298.1553949670542
2000-12-14 08:00:00,308.8751480267118,299.8521444029727
2000-12-14 09:00:00,308.6332875914493,300.235628948006
2000-12-14 17:00:00,286.23854032025685,288.36351283562755
2000-12-14 18:00:00,285.07736368282184,287.93551640444434
2000-12-14 20:00:00,283.3279484541648,287.3756322875412
2000-12-14 21:00:00,282.7145031192821,286.57003067087135
2000-12-15 05:00:00,298.7283329192222,295.91541023430733
2000-12-15 06:00:00,302.91610129992654,298.0076692695795
2000-12-15 08:00:00,307.10084684163286,300.0835109058257
2000-12-15 09:00:00,307.06007484001077,300.3525740237008
2000-12-15 17:00:00,288.0750971766209,289.5481593950504
2000-12-15 18:00:00,287.1547155159831,288.711846444199
2000-12-15 20:00:00,285.58132692404627,287.4135644851002
2000-12-15 21:00:00,285.1102744456616,287.0208797366667
2000-12-16 05:00:00,298.6204351298798,295.9819389072882
2000-12-16 06:00:00,303.0616853123269,298.29221105355145
2000-12-16 08:00:00,307.77513193092295,300.9290034407277
2000-12-16 09:00:00,307.8865194688042,301.3690337194316
2000-12-16 17:00:00,288.4424356187253,290.3332863500563
2000-12-16 18:00:00,286.76089385845256,290.7750166083338
2000-12-16 20:00:00,284.35925069612057,291.25650713293146
2000-12-16 21:00:00,283.63850289978126,291.1476009939044
2000-12-17 05:00:00,302.2946892313671,297.0609156486617
2000-12-17 06:00:00,305.7801267744397,298.67487987641744
2000-12-17 08:00:00,308.3263327858665,300.42569059069245
2000-12-17 09:00:00,307.89365564472683,300.7166317321119
2000-12-17 17:00:00,288.59669560460355,290.4830424774593
2000-12-17 18:00:00,287.6210860853387,289.6983281210501
2000-12-17 20:00:00,285.936962298142,288.0120351641498
2000-12-17 21:00:00,285.2416540771861,287.29047797016443
2000-12-18 05:00:00,298.0215725421171,294.6064224360721
2000-12-18 06:00:00,301.83207178336255,296.3079053176386
2000-12-18 08:00:00,305.7954360891381,297.8524767812486
2000-12-18 09:00:00,305.7491662212072,298.1138288735976
2000-12-18 17:00:00,288.2690778594171,289.22522830816195
2000-12-18 18:00:00,287.4421129035656,288.4873581520398
2000-12-18 20:00:00,285.8693072490957,287.0543206072368
2000-12-18 21:00:00,285.1309790236557,286.3348991264731
2000-12-19 05:00:00,294.48851001427977,290.99495712303786
2000-12-19 06:00:00,298.7301451179023,293.1121591059563
2000-12-19 08:00:00,303.55728673714515,295.6664564605854
2000-12-19 09:00:00,303.7062670879629,296.15576595077164
2000-12-19 17:00:00,284.01656754174843,285.7412600289508
2000-12-19 18:00:00,282.9832335767467,284.89536067921506
2000-12-19 20:00:00,281.36905553785425,283.3129604909747
2000-12-19 21:00:00,280.69395554929014,282.6803681031214
2000-12-20 05:00:00,294.6951534465208,290.87908314850375
2000-12-20 06:00:00,299.23478597632175,293.14691326687995
2000-12-20 08:00:00,304.3145446777344,295.98564782752464
2000-12-20 09:00:00,304.5475439650619,296.6556327596467
2000-12-20 17:00:00,283.7659172916265,285.5287737501053
2000-12-20 18:00:00,282.5869872294516,284.4982956473376
2000-12-20 20:00:00,280.2016216448532,282.40940412571325
2000-12-20 21:00:00,279.53043850985443,281.8707554704052
2000-12-21 05:00:00,296.0815244889223,291.87665824713804
2000-12-21 06:00:00,300.4860397597491,294.1273659116865
2000-12-21 08:00:00,305.40613406611885,296.783494546711
2000-12-21 09:00:00,305.5238336877573,297.47330229161145
2000-12-21 17:00:00,281.8295302662901,286.8794098605728
2000-12-21 18:00:00,280.4141249458301,286.2640148568411
2000-12-21 20:00:00,278.3927934643668,284.852578514346
2000-12-21 21:00:00,277.6160390233773,284.55693395112075
2000-12-22 05:00:00,295.3586121310806,292.0286833729325
2000-12-22 06:00:00,299.74118944823465,294.46371203688517
2000-12-22 08:00:00,304.5262674528571,297.0832345077915
2000-12-22 09:00:00,305.0072742573837,297.7376558747607
2000-12-22 17:00:00,283.12364166212745,285.33513614319503
2000-12-22 18:00:00,281.53316459009204,284.38633144948807
2000-12-22 20:00:00,279.7321181569151,282.46205360165726
2000-12-22 21:00:00,279.12292819030483,281.8794774318513
2000-12-23 05:00:00,295.20018092362653,292.3773382154562
2000-12-23 06:00:00,299.7398990578203,294.81603263302463
2000-12-23 08:00:00,304.76399134560984,297.4663292601222
2000-12-23 09:00:00,305.2223553062404,298.05245184053445
2000-12-23 17:00:00,285.2153993909274,286.7125925025881
2000-12-23 18:00:00,284.2810539163316,285.9539979249928
2000-12-23 20:00:00,282.64863261970794,284.5101602375048
2000-12-23 21:00:00,281.89764590035605,283.79938813901646
2000-12-24 05:00:00,294.65685148782836,291.89567166227044
2000-12-24 06:00:00,299.1811200863408,294.3548407650141
2000-12-24 08:00:00,304.86430650425984,297.3611041570114
2000-12-24 09:00:00,305.676199773427,298.0037742579479
2000-12-24 17:00:00,285.4482765844313,287.1051066065055
2000-12-24 18:00:00,284.28582613199995,286.1369280940028
2000-12-24 20:00:00,282.28918873180044,284.44306475576155
2000-12-24 21:00:00,281.6011337962099,283.7506944512366
2000-12-25 05:00:00,295.61598964979174,292.4800094110757
2000-12-25 06:00:00,300.2580948228645,294.82816217125657
2000-12-25 08:00:00,306.0592357241685,297.6322639359532
2000-12-25 09:00:00,306.829255913733,298.2614201808747
2000-12-25 17:00:00,284.8264181316358,286.6099376472743
2000-12-25 18:00:00,283.19034937313415,286.1240624426326
2000-12-25 20:00:00,280.906498208068,283.92073844357157
2000-12-25 21:00:00,280.14705280603727,282.7257945526546
2000-12-26 05:00:00,296.1010320631124,292.3494584799181
2000-12-26 06:00:00,300.60168341826216,294.69376536694074
2000-12-26 08:00:00,305.3896383511818,297.2755838873207
2000-12-26 09:00:00,305.8330929701795,297.8940058210047
2000-12-26 17:00:00,285.3326538274028,287.03194400452315
2000-12-26 18:00:00,284.2351882064655,286.1195462877835
2000-12-26 20:00:00,282.55015559262597,284.5935798257084
2000-12-26 21:00:00,281.86254572464253,283.9320396105938
2000-12-27 05:00:00,294.5124451529998,292.1005202941424
2000-12-27 06:00:00,298.96505147172786,294.6690313871175
2000-12-27 08:00:00,304.28797381243834,297.65809264572454
2000-12-27 09:00:00,304.98431988967405,298.3329711584905
2000-12-27 17:00:00,286.0558826229055,287.5091101553848
2000-12-27 18:00:00,285.31108340129646,286.9006926032538
2000-12-27 20:00:00,284.07442995139,285.72822758890635
2000-12-27 21:00:00,283.6026760154219,285.2781819724155
2000-12-28 05:00:00,294.7220155924605,292.4778799753527
2000-12-28 06:00:00,299.42506269975144,295.32862661211806
2000-12-28 08:00:00,304.61434412222985,298.08710553796703
2000-12-28 09:00:00,305.19807535180325,298.66892351758867
2000-12-28 17:00:00,286.68196912392267,287.9167295670473
2000-12-28 18:00:00,285.74378837973387,287.1194823372346
2000-12-28 20:00:00,284.1558053555952,285.7521775161908
2000-12-28 21:00:00,283.47571118182873,285.1381475275213
2000-12-29 05:00:00,296.02612457510503,293.12474422131555
2000-12-29 06:00:00,300.6316636471976,295.7475817993352
2000-12-29 08:00:00,305.2628642877188,298.1220229373691
2000-12-29 09:00:00,305.6946814115316,298.65568488404637
2000-12-29 17:00:00,287.00039792758844,288.3399716746091
2000-12-29 18:00:00,286.1762493351024,287.6586515312019
2000-12-29 20:00:00,284.90983908349085,286.57995177564345
2000-12-29 21:00:00,284.3296231826759,285.98886776117405
2000-12-30 05:00:00,293.0171124380432,291.5234018334623
2000-12-30 06:00:00,295.87008784548345,293.1744928110179
2000-12-30 08:00:00,293.8494667323602,291.9477300893727
2000-12-30 09:00:00,293.38296106747015,291.878793889826
2000-12-30 17:00:00,287.6052701271187,288.1252053706047
2000-12-30 18:00:00,287.5332900695331,288.1185153202944
2000-12-30 20:00:00,287.3605341742329,288.1237078932658
2000-12-30 21:00:00,287.3744705035617,288.1506327906816
2000-12-31 05:00:00,293.15706428798217,291.13811402401683
2000-12-31 06:00:00,296.37689234846727,292.97082688812117
2000-12-31 08:00:00,300.08463116897093,295.40788617009196
2000-12-31 09:00:00,299.63687921415305,295.3842563011981
2000-12-31 17:00:00,286.5733718519402,287.5180294701058
2000-12-31 18:00:00,286.0404657913467,286.9304363092032
2000-12-31 20:00:00,284.8385320584102,286.0895722658131
2000-12-31 21:00:00,284.5643461724092,285.7506469585495
