datetime_utc,skt,t2m
2013-01-01 05:00:00,291.80254301708914,288.4923206676136
2013-01-01 06:00:00,296.39445965830095,290.8494601492155
2013-01-01 08:00:00,301.08936186380487,293.406401506374
2013-01-01 09:00:00,301.5960755664138,294.10332699439186
2013-01-01 17:00:00,282.9851934964925,284.2009392783895
2013-01-01 18:00:00,281.92474771978675,283.22546950988306
2013-01-01 20:00:00,280.16318009998105,281.672414324133
2013-01-01 21:00:00,279.54669760776045,281.03341869947906
2013-01-02 05:00:00,291.98779715374917,288.53033061681435
2013-01-02 06:00:00,296.5887810188376,290.59481423588124
2013-01-02 08:00:00,301.1363904626785,292.24316312205076
2013-01-02 09:00:00,301.1020865653439,292.8126344607313
2013-01-02 17:00:00,281.51298880319933,282.52724389780104
2013-01-02 18:00:00,280.48789665327973,281.5714723325474
2013-01-02 20:00:00,278.79869735553194,280.0354642236178
2013-01-02 21:00:00,277.96991472288346,279.24074513298706
2013-01-03 05:00:00,291.0611769289743,287.48904110948183
2013-01-03 06:00:00,295.2029032420671,289.5862296740704
2013-01-03 08:00:00,300.12840325071926,291.96867017937
2013-01-03 09:00:00,300.77902877643044,292.683114214928
2013-01-03 17:00:00,281.8018300154911,283.0960979255947
2013-01-03 18:00:00,280.8736260036474,282.3366887543712
2013-01-03 20:00:00,278.9308299577475,280.5761572039917
2013-01-03 21:00:00,278.15161962758964,279.91693221034916
2013-01-04 05:00:00,290.8293204755739,287.90239241824867
2013-01-04 06:00:00,295.17078137507974,290.26956559990884
2013-01-04 08:00:00,300.26197436410587,292.7154909201506
2013-01-04 09:00:00,301.00882320080774,293.24494851792724
2013-01-04 17:00:00,282.09523645057146,282.93938929200726
2013-01-04 18:00:00,281.1616394089991,282.056737937986
2013-01-04 20:00:00,279.60933693531666,280.56856648543584
2013-01-04 21:00:00,278.94040060410697,279.9084865764036
2013-01-05 05:00:00,291.2754674361924,286.9902505742383
2013-01-05 06:00:00,295.71667151311516,289.26093890597167
2013-01-05 08:00:00,300.8938774731934,291.81361191665815
2013-01-05 09:00:00,300.95706623471204,292.43477975054776
2013-01-05 17:00:00,281.39481728763906,282.2230512151733
2013-01-05 18:00:00,280.4245131952553,281.32604395039095
2013-01-05 20:00:00,278.68628813709796,279.6922678425793
2013-01-05 21:00:00,278.0201987338544,279.09475171951743
2013-01-06 05:00:00,289.47852129120673,285.91419150612575
2013-01-06 06:00:00,293.8733467607542,288.16745707507494
2013-01-06 08:00:00,299.83574404958955,290.82899783094786
2013-01-06 09:00:00,300.1458636314733,291.4442892441948
2013-01-06 17:00:00,281.3499841205145,282.4236785230358
2013-01-06 18:00:00,280.4067898178688,281.56323239836377
2013-01-06 20:00:00,278.7211100103675,279.9635943866841
2013-01-06 21:00:00,278.04270462482845,279.34464902245946
2013-01-07 05:00:00,290.21135496542155,286.52011395235456
2013-01-07 06:00:00,294.36091703112214,288.5387836567977
2013-01-07 08:00:00,299.88430473433436,291.2209449615243
2013-01-07 09:00:00,300.06279899232743,291.9340718508869
2013-01-07 17:00:00,280.9536226622313,282.1932335664018
2013-01-07 18:00:00,280.0498187942387,281.36938822177603
2013-01-07 20:00:00,278.5374096134227,279.72321828598234
2013-01-07 21:00:00,277.97267472982776,279.1928362265941
2013-01-08 05:00:00,292.2523925028891,288.1191372158715
2013-01-08 06:00:00,296.6930204135795,290.19432660354124
2013-01-08 08:00:00,301.31855644614006,292.93512520106805
2013-01-08 09:00:00,301.7305809926179,293.64287486024926
2013-01-08 17:00:00,282.4566501329419,283.72432263202404
2013-01-08 18:00:00,281.45903696962426,282.8770664256233
2013-01-08 20:00:00,279.7286094113013,281.2970961231297
2013-01-08 21:00:00,278.97907150103975,280.65107978620955
2013-01-09 05:00:00,293.89814911123784,290.3853858747909
2013-01-09 06:00:00,298.3779540686468,292.54067640495595
2013-01-09 08:00:00,303.46801130062636,294.8752669700305
2013-01-09 09:00:00,303.72142520193324,295.52344340131907
2013-01-09 17:00:00,284.5188425355039,285.72666710146774
2013-01-09 18:00:00,283.61745642146275,284.9051219311261
2013-01-09 20:00:00,282.2738275983485,283.6787106788764
2013-01-09 21:00:00,281.6558285141579,283.060770984056
2013-01-10 05:00:00,294.7910633527994,291.1783408001869
2013-01-10 06:00:00,299.1862131597816,293.4354851580181
2013-01-10 08:00:00,303.153863092784,296.030069665659
2013-01-10 09:00:00,303.14901707536086,296.5031013429992
2013-01-10 17:00:00,285.16050186509904,286.76371468895206
2013-01-10 18:00:00,283.8813512534684,285.68774230674893
2013-01-10 20:00:00,281.87058153431667,284.2449794351963
2013-01-10 21:00:00,281.23298478089794,283.95700976073465
2013-01-11 05:00:00,298.31033360462163,293.7652745415874
2013-01-11 06:00:00,301.88471378273516,295.56356651647064
2013-01-11 08:00:00,304.86816965817303,297.58270005048337
2013-01-11 09:00:00,304.9433053226794,298.1574711028159
2013-01-11 17:00:00,286.5475084395916,289.7682958523555
2013-01-11 18:00:00,285.34531530724104,289.9596190136644
2013-01-11 20:00:00,283.9014150093443,289.154262807226
2013-01-11 21:00:00,283.41891919152215,287.63705228032615
2013-01-12 05:00:00,298.09101858271293,296.2352676509158
2013-01-12 06:00:00,302.11870714843,298.30496403910166
2013-01-12 08:00:00,306.09433060985504,301.1156315267178
2013-01-12 09:00:00,306.3211927369857,301.79422542530875
2013-01-12 17:00:00,290.0529461171484,291.95729711500263
2013-01-12 18:00:00,289.4588820070993,291.3191277220363
2013-01-12 20:00:00,288.3161193894679,289.79214289449214
2013-01-12 21:00:00,287.7182508565612,289.07545979034
2013-01-13 05:00:00,296.5346488776303,293.2351328845385
2013-01-13 06:00:00,300.7067992176591,295.38506727409657
2013-01-13 08:00:00,304.5021446474895,297.51533395446876
2013-01-13 09:00:00,304.5297159391853,297.97535138945733
2013-01-13 17:00:00,285.8809026591767,287.70068914240056
2013-01-13 18:00:00,284.86482678429553,286.8056842351364
2013-01-13 20:00:00,283.3609865068103,285.42003874933044
2013-01-13 21:00:00,282.7796280071806,284.8139216771295
2013-01-14 05:00:00,294.3037742532457,291.4527780212497
2013-01-14 06:00:00,298.33403490063586,293.2696449738254
2013-01-14 08:00:00,303.45643380610346,295.7120992369571
2013-01-14 09:00:00,304.1231813357314,296.3397955284648
2013-01-14 17:00:00,286.06904696095705,287.4167420750222
2013-01-14 18:00:00,285.2396709283438,286.7290286400653
2013-01-14 20:00:00,283.8448037498721,285.5745918732395
2013-01-14 21:00:00,283.2636235829311,285.0827417123851
2013-01-15 05:00:00,294.04252669183063,291.43432137558386
2013-01-15 06:00:00,298.3498480610194,293.87425384756597
2013-01-15 08:00:00,304.2773273626718,296.73312022910096
2013-01-15 09:00:00,305.13021185218093,297.5435346888467
2013-01-15 17:00:00,285.9433372979539,289.7341852878753
2013-01-15 18:00:00,284.8273014485928,289.5423274576572
2013-01-15 20:00:00,282.9240152038668,287.2207983689977
2013-01-15 21:00:00,282.35637106403186,284.9378122996843
2013-01-16 05:00:00,295.1778079181313,292.46130154790427
2013-01-16 06:00:00,299.87291989084025,294.78455116495337
2013-01-16 08:00:00,304.7256477485269,296.6204603104085
2013-01-16 09:00:00,304.87028035544466,297.18892652044315
2013-01-16 17:00:00,288.30449515461737,289.6879940650129
2013-01-16 18:00:00,287.20725796880265,288.90613799249445
2013-01-16 20:00:00,286.7052171939327,288.39777373092016
2013-01-16 21:00:00,286.1873664091842,287.91436125721515
2013-01-17 05:00:00,293.38959003560166,290.5389128745245
2013-01-17 06:00:00,297.4771911668116,292.2566688196685
2013-01-17 08:00:00,302.7315871792692,295.03534854836016
2013-01-17 09:00:00,302.5962326684608,295.06667764014196
2013-01-17 17:00:00,285.564628730386,285.9281266834042
2013-01-17 18:00:00,284.4919589708325,285.2348299893466
2013-01-17 20:00:00,283.34663355846436,284.11544146192466
2013-01-17 21:00:00,283.7338030187668,284.3943600647255
2013-01-18 05:00:00,286.60388004908395,286.01691973999215
2013-01-18 06:00:00,288.2541528122818,286.5669005031028
2013-01-18 08:00:00,293.1875690759973,288.68167370530233
2013-01-18 09:00:00,293.4684767524708,289.06459224095516
2013-01-18 17:00:00,281.29370620327853,282.60463363106703
2013-01-18 18:00:00,280.28765996101276,281.69870604058076
2013-01-18 20:00:00,278.5858666841716,280.6657604811188
2013-01-18 21:00:00,277.88018791774755,280.1819032219415
2013-01-19 05:00:00,292.8509175869276,288.1976698300872
2013-01-19 06:00:00,296.45054475992964,289.5827497767374
2013-01-19 08:00:00,300.1608717202773,291.2154164835925
2013-01-19 09:00:00,300.4284124389084,291.7424431376171
2013-01-19 17:00:00,281.82944019476327,283.2061927219385
2013-01-19 18:00:00,281.00552586818515,282.5237284279751
2013-01-19 20:00:00,279.64035104713383,281.36220697482304
2013-01-19 21:00:00,279.0435644305542,280.7876398589101
2013-01-20 05:00:00,290.91266341716374,287.5408324725088
2013-01-20 06:00:00,294.49251997232074,289.0257137398507
2013-01-20 08:00:00,299.62012066716227,291.148690175202
2013-01-20 09:00:00,299.8090016698617,291.7802341972551
2013-01-20 17:00:00,281.40025599969,282.6952391684698
2013-01-20 18:00:00,280.6112077474961,281.98101183592996
2013-01-20 20:00:00,279.2274444768168,280.776327124362
2013-01-20 21:00:00,278.65792510469083,280.26388004344125
2013-01-21 05:00:00,290.9864813476939,287.5785989158877
2013-01-21 06:00:00,294.7991767495365,289.33894272908594
2013-01-21 08:00:00,299.85218890973346,291.79041987391213
2013-01-21 09:00:00,300.4106422271493,292.41362062992044
2013-01-21 17:00:00,281.81075896981685,283.07982432125897
2013-01-21 18:00:00,280.95556342032364,282.30520232543006
2013-01-21 20:00:00,279.4859720709144,281.0197049509763
2013-01-21 21:00:00,278.84992705875624,280.3936313811363
2013-01-22 05:00:00,290.9645626262083,287.7313021291019
2013-01-22 06:00:00,294.89681501344467,289.67720419673594
2013-01-22 08:00:00,300.108608204705,292.28598224657526
2013-01-22 09:00:00,300.78336227252413,293.002567285382
2013-01-22 17:00:00,281.866903296237,283.4571149734944
2013-01-22 18:00:00,280.9106810677033,282.64380374197236
2013-01-22 20:00:00,279.19181250056425,281.1203317509962
2013-01-22 21:00:00,278.46182102855806,280.40953209734477
2013-01-23 05:00:00,291.1084719100976,288.26027929837977
2013-01-23 06:00:00,295.28012764435516,290.4945779339007
2013-01-23 08:00:00,300.9054350537034,293.4240119828282
2013-01-23 09:00:00,301.79430120200703,294.22108558219827
2013-01-23 17:00:00,282.7807823145886,284.3716573847461
2013-01-23 18:00:00,281.9414786645922,283.6303234364844
2013-01-23 20:00:00,280.5825763814071,282.2773702001352
2013-01-23 21:00:00,279.8366722965094,281.50080093360276
2013-01-24 05:00:00,292.57251604312376,289.13992918511207
2013-01-24 06:00:00,296.60810010348706,291.1733160268728
2013-01-24 08:00:00,300.90652042618154,293.6480539847964
2013-01-24 09:00:00,301.27230708000286,294.25283009392456
2013-01-24 17:00:00,282.742781628813,284.2626553198957
2013-01-24 18:00:00,281.79341736780293,283.3899109403966
2013-01-24 20:00:00,280.0614792834078,281.7873344950389
2013-01-24 21:00:00,279.1860573273411,280.9467827748444
2013-01-25 05:00:00,293.52604903351914,289.6957307883147
2013-01-25 06:00:00,297.75426131661396,291.45772741755644
2013-01-25 08:00:00,302.7425823476172,293.82550646013397
2013-01-25 09:00:00,302.9755581942472,294.507919570147
2013-01-25 17:00:00,282.9610941318224,284.6436570318896
2013-01-25 18:00:00,281.9792412991517,283.83857877522667
2013-01-25 20:00:00,280.2000147697555,282.1274869475049
2013-01-25 21:00:00,279.28270858976254,281.28017614802525
2013-01-26 05:00:00,295.9251779282957,290.8859449013356
2013-01-26 06:00:00,299.21824380319185,292.49620183112995
2013-01-26 08:00:00,302.79139812922074,294.5661023438252
2013-01-26 09:00:00,303.05072108475935,295.20785745817636
2013-01-26 17:00:00,283.7868550069894,285.5361120755941
2013-01-26 18:00:00,282.7135886029212,284.65822724752326
2013-01-26 20:00:00,280.5881443111849,282.76958370355686
2013-01-26 21:00:00,279.6161677003458,282.0002525576458
2013-01-27 05:00:00,296.3210701259149,292.47060056900943
2013-01-27 06:00:00,300.2575588843488,294.2445399397511
2013-01-27 08:00:00,304.94510007602594,296.4340266858117
2013-01-27 09:00:00,305.38298742356034,296.99357494477687
2013-01-27 17:00:00,285.8139634565874,287.34221198929845
2013-01-27 18:00:00,285.029904428726,286.5988176577999
2013-01-27 20:00:00,283.48985020148183,285.38932511104827
2013-01-27 21:00:00,283.14043110287616,285.10730243794546
2013-01-28 05:00:00,296.40556462409864,293.5674436830776
2013-01-28 06:00:00,300.7079603668354,295.3588958646189
2013-01-28 08:00:00,305.95456412246307,297.14946343608557
2013-01-28 09:00:00,306.1236210427777,297.57410347443334
2013-01-28 17:00:00,285.5919920887529,287.2986894792695
2013-01-28 18:00:00,284.2572487241866,286.18696526055714
2013-01-28 20:00:00,282.5752836206845,284.5986367623869
2013-01-28 21:00:00,281.82572880584763,284.0403449436182
2013-01-29 05:00:00,297.1241904377754,294.1188185681548
2013-01-29 06:00:00,301.1846384245369,295.8745261781572
2013-01-29 08:00:00,306.2955023202764,298.0101602845273
2013-01-29 09:00:00,306.94137067750717,298.6096329182065
2013-01-29 17:00:00,286.11067263187357,287.8320510699679
2013-01-29 18:00:00,284.8417478305717,286.7698541532496
2013-01-29 20:00:00,282.80470440457526,285.00995884029817
2013-01-29 21:00:00,282.00469105489816,284.45953811151776
2013-01-30 05:00:00,294.5918963745305,292.9087962193188
2013-01-30 06:00:00,297.9593641519179,294.8933474359968
2013-01-30 08:00:00,299.998445672504,296.1466193764897
2013-01-30 09:00:00,300.1394293833587,296.51975996725736
2013-01-30 17:00:00,287.0003864070851,288.5840444226845
2013-01-30 18:00:00,286.79682962332373,288.35365775039276
2013-01-30 20:00:00,286.47367122985185,287.85731172488175
2013-01-30 21:00:00,286.4626102065452,287.75247253512015
2013-01-31 05:00:00,294.29179485773636,292.54839845724945
2013-01-31 06:00:00,298.55121171713245,295.00937435109
2013-01-31 08:00:00,303.3490892125205,297.5053331936453
2013-01-31 09:00:00,304.30892996060646,298.13813974530376
2013-01-31 17:00:00,288.2575047144721,289.6541979867615
2013-01-31 18:00:00,287.58095495285716,289.0070632205722
2013-01-31 20:00:00,286.59336688448724,288.04943471476554
2013-01-31 21:00:00,286.0735739544838,287.50892836654504
2013-02-01 05:00:00,295.8523626107097,293.3690556083879
2013-02-01 06:00:00,299.9370057468973,295.6715940407869
2013-02-01 08:00:00,304.4516282985317,297.83231345530834
2013-02-01 09:00:00,305.21035811272907,298.46900907025685
2013-02-01 17:00:00,289.8428067529146,291.07706483156176
2013-02-01 18:00:00,289.1713092022207,290.4367332752387
2013-02-01 20:00:00,288.4379103650298,289.5165447828766
2013-02-01 21:00:00,288.0913726618551,289.1045946259344
2013-02-02 05:00:00,295.141710160877,293.20855470724945
2013-02-02 06:00:00,298.47508458400546,295.01897824233043
2013-02-02 08:00:00,304.32123301172476,298.04854119393417
2013-02-02 09:00:00,305.18667033567266,298.5453071770573
2013-02-02 17:00:00,289.25085326960345,290.46345221426895
2013-02-02 18:00:00,288.5585726369144,289.79542329902824
2013-02-02 20:00:00,287.1973326790315,288.4616414027515
2013-02-02 21:00:00,286.78022782571145,288.06295188586404
2013-02-03 05:00:00,292.5615109765475,291.0991999033971
2013-02-03 06:00:00,294.21881994591286,293.0695097325212
2013-02-03 08:00:00,301.1841447827261,296.35021871557956
2013-02-03 09:00:00,302.4450458591267,297.4656355612451
2013-02-03 17:00:00,290.9053813540513,291.403807676812
2013-02-03 18:00:00,290.6051997109812,291.17505552882585
2013-02-03 20:00:00,289.6835462808242,290.487294013401
2013-02-03 21:00:00,289.23909283419056,290.0919676840948
2013-02-04 05:00:00,297.1133041734505,295.38121865012425
2013-02-04 06:00:00,301.3641628506371,298.0203149498703
2013-02-04 08:00:00,305.56454578276225,300.456686340238
2013-02-04 09:00:00,304.427513322404,299.99325791933506
2013-02-04 17:00:00,289.4455157781051,290.180946643988
2013-02-04 18:00:00,288.87448571532826,289.654526274083
2013-02-04 20:00:00,288.0606193601259,288.87955365526295
2013-02-04 21:00:00,287.8945412187621,288.7201707837027
2013-02-05 05:00:00,293.5276978291422,291.79640508102165
2013-02-05 06:00:00,296.0798075342399,292.93089830489663
2013-02-05 08:00:00,297.8606707039526,294.21240029827294
2013-02-05 09:00:00,298.45912664146016,294.8888155756452
2013-02-05 17:00:00,285.73337250461196,286.87189489520387
2013-02-05 18:00:00,285.13324696404175,286.3342030059392
2013-02-05 20:00:00,284.61473109358445,285.9030533424695
2013-02-05 21:00:00,284.2517882407355,285.47367637881143
2013-02-06 05:00:00,294.57935202764617,291.06028761665334
2013-02-06 06:00:00,298.01905615855077,292.4548748704061
2013-02-06 08:00:00,300.5708454525893,293.78309283381435
2013-02-06 09:00:00,300.4192802770112,293.919699999511
2013-02-06 17:00:00,284.32975315276207,285.3939593628118
2013-02-06 18:00:00,283.4549072453715,284.5992160791242
2013-02-06 20:00:00,282.594448048455,284.1019613210152
2013-02-06 21:00:00,282.13621852504457,283.5521324874807
2013-02-07 05:00:00,292.867342768171,289.3987120171357
2013-02-07 06:00:00,296.43725466030224,291.12804839570646
2013-02-07 08:00:00,300.86474364858196,293.22045968971196
2013-02-07 09:00:00,301.2526369726713,293.74668244771857
2013-02-07 17:00:00,283.4885444582335,284.73133219996663
2013-02-07 18:00:00,282.6953333544621,283.96688927413874
2013-02-07 20:00:00,281.5806300981754,283.06925969057716
2013-02-07 21:00:00,281.0541660444028,282.542864830358
2013-02-08 05:00:00,293.75653720379614,289.2990369047332
2013-02-08 06:00:00,297.8738414370591,291.31511285014807
2013-02-08 08:00:00,302.4490092414186,294.12220808831495
2013-02-08 09:00:00,302.49773586843344,294.75914285950745
2013-02-08 17:00:00,283.46993557734555,284.9244322931087
2013-02-08 18:00:00,282.43318933331176,284.0385109500268
2013-02-08 20:00:00,280.93710595176475,282.7457036046291
2013-02-08 21:00:00,280.335526288566,282.1431067515228
2013-02-09 05:00:00,293.76442303532633,289.8608104076885
2013-02-09 06:00:00,298.0179823771096,291.722264764489
2013-02-09 08:00:00,303.0899236646749,294.7001764329814
2013-02-09 09:00:00,303.428972570481,295.5095013117386
2013-02-09 17:00:00,284.6789161905486,286.40640456283404
2013-02-09 18:00:00,283.8803671908856,285.7998342176064
2013-02-09 20:00:00,282.47098824570105,284.5746897740063
2013-02-09 21:00:00,281.73290658254285,283.92249517925717
2013-02-10 05:00:00,294.1388271901935,291.7128774116881
2013-02-10 06:00:00,298.249001172364,294.074162722736
2013-02-10 08:00:00,303.2979208265872,296.8376879581869
2013-02-10 09:00:00,304.23524171802774,297.5430079197113
2013-02-10 17:00:00,286.63633488212787,288.2849187160309
2013-02-10 18:00:00,285.7953011346708,287.4465212123971
2013-02-10 20:00:00,284.4624535747229,286.1254658985579
2013-02-10 21:00:00,283.8797007415255,285.4341390459857
2013-02-11 05:00:00,295.3239972036682,292.76406905022907
2013-02-11 06:00:00,299.487755139179,295.1987403199559
2013-02-11 08:00:00,304.2012904891615,297.7791343418586
2013-02-11 09:00:00,305.0355349924238,298.39632431053786
2013-02-11 17:00:00,287.7504428575513,289.22999081369176
2013-02-11 18:00:00,286.94325293965625,288.44786767709786
2013-02-11 20:00:00,285.7897053675953,287.2686170392852
2013-02-11 21:00:00,285.3752479964669,286.77949126585975
2013-02-12 05:00:00,296.6827002761911,293.7333240714757
2013-02-12 06:00:00,300.6566586722211,295.9030701059773
2013-02-12 08:00:00,305.5024404422895,298.60868898929544
2013-02-12 09:00:00,305.59829338085484,299.0432342623342
2013-02-12 17:00:00,290.0718328772781,291.1851326071059
2013-02-12 18:00:00,289.2127575514313,290.27557170850287
2013-02-12 20:00:00,287.62226547923035,288.6891916565976
2013-02-12 21:00:00,287.0330721439309,288.11136202819546
2013-02-13 05:00:00,296.8037560085303,294.24309040181265
2013-02-13 06:00:00,300.23572097096496,296.2536483553047
2013-02-13 08:00:00,304.9963814334252,298.7538131220132
2013-02-13 09:00:00,305.11018538511775,299.08674856694347
2013-02-13 17:00:00,289.0172206367293,290.80329010997235
2013-02-13 18:00:00,288.464225921866,290.21886240719647
2013-02-13 20:00:00,287.2790766452972,289.46688894498146
2013-02-13 21:00:00,286.9701622491258,288.8301722639698
2013-02-14 05:00:00,297.1734537086428,294.8934715282752
2013-02-14 06:00:00,300.7368299016967,296.97326608431547
2013-02-14 08:00:00,304.99457570033377,299.51083761958756
2013-02-14 09:00:00,305.6960636133038,300.179408374663
2013-02-14 17:00:00,289.99618375099317,291.3447343682288
2013-02-14 18:00:00,289.26839920772795,290.2852907812651
2013-02-14 20:00:00,288.7308242398161,290.01114839104184
2013-02-14 21:00:00,288.6697476802879,290.0339312913421
2013-02-15 05:00:00,299.45004281865425,296.968637639826
2013-02-15 06:00:00,302.7439544160487,298.5937972575748
2013-02-15 08:00:00,305.64566016527834,299.9876424028253
2013-02-15 09:00:00,304.5099626020952,299.77506092700463
2013-02-15 17:00:00,289.1820322986009,290.3104009407878
2013-02-15 18:00:00,288.3664845376977,289.39348664599686
2013-02-15 20:00:00,286.4958054552828,287.2710028414734
2013-02-15 21:00:00,285.68697504122935,286.53904822868265
2013-02-16 05:00:00,292.0335228307222,288.9714765974847
2013-02-16 06:00:00,292.0871914009835,289.16428390526437
2013-02-16 08:00:00,297.4272463053511,291.912858066647
2013-02-16 09:00:00,298.2943747921607,292.3295401410072
2013-02-16 17:00:00,286.8918960876935,287.1492559259588
2013-02-16 18:00:00,286.23799920927024,286.38205588506804
2013-02-16 20:00:00,284.64087323157923,284.9769338128747
2013-02-16 21:00:00,284.01248881335613,284.4647450498514
2013-02-17 05:00:00,293.89576187486455,289.73984164339373
2013-02-17 06:00:00,297.23256663365066,291.6660045512101
2013-02-17 08:00:00,299.0412020925748,293.49607129677423
2013-02-17 09:00:00,299.3105887485028,294.18241708341105
2013-02-17 17:00:00,285.31747427118944,286.43321136333543
2013-02-17 18:00:00,284.38527595978496,285.6199641999184
2013-02-17 20:00:00,282.6534779553054,283.93974308901466
2013-02-17 21:00:00,281.8831798629878,283.2533223720839
2013-02-18 05:00:00,296.5942778741634,291.7741278132599
2013-02-18 06:00:00,300.83099360532134,293.48843571878916
2013-02-18 08:00:00,305.6658655998335,295.7173767089844
2013-02-18 09:00:00,305.58763186038914,296.33130404761835
2013-02-18 17:00:00,287.0784088510946,288.09253242386876
2013-02-18 18:00:00,286.6594887661456,287.67873435468636
2013-02-18 20:00:00,286.5613232863886,287.65696290755307
2013-02-18 21:00:00,285.9675449318438,287.0249085742263
2013-02-19 05:00:00,296.46416173620474,292.68076687711414
2013-02-19 06:00:00,299.0590894137766,294.8507413702496
2013-02-19 08:00:00,305.70023949010346,296.76496595667766
2013-02-19 09:00:00,306.59615839648137,297.2474060999043
2013-02-19 17:00:00,288.573252156262,289.5339598809993
2013-02-19 18:00:00,287.78382163495974,288.9008655283595
2013-02-19 20:00:00,286.70779007498766,288.0617450778767
2013-02-19 21:00:00,286.08393431958876,287.45090245980145
2013-02-20 05:00:00,297.0515065009495,293.36787480382225
2013-02-20 06:00:00,300.9043420400752,295.2989867082546
2013-02-20 08:00:00,306.1930737370519,297.6072405328736
2013-02-20 09:00:00,307.1259404727601,298.2165896234968
2013-02-20 17:00:00,288.77879260611275,290.11006797002904
2013-02-20 18:00:00,287.911816119413,289.30212392939256
2013-02-20 20:00:00,286.57718506799824,288.1801832813328
2013-02-20 21:00:00,286.0587755858623,287.6658100427942
2013-02-21 05:00:00,297.19285644625296,294.66114473269425
2013-02-21 06:00:00,301.175030418831,297.1561437527461
2013-02-21 08:00:00,305.9576075102773,300.2450633938029
2013-02-21 09:00:00,306.81495668855035,301.2114480934084
2013-02-21 17:00:00,288.19439304628065,293.9374285023459
2013-02-21 18:00:00,287.33634182264336,290.2762108143011
2013-02-21 20:00:00,286.530135356039,289.0856058505724
2013-02-21 21:00:00,286.5543559916398,288.9150897762258
2013-02-22 05:00:00,300.307390233585,297.1692102370534
2013-02-22 06:00:00,304.56948471657114,299.38422390272143
2013-02-22 08:00:00,308.8631622126363,301.900564702156
2013-02-22 09:00:00,309.0425301714928,302.7423303777521
2013-02-22 17:00:00,290.5077340195102,292.64840371436077
2013-02-22 18:00:00,289.44673730412325,291.59433192648396
2013-02-22 20:00:00,288.3757118260365,290.11644997618777
2013-02-22 21:00:00,287.4327777927205,289.6273066163614
2013-02-23 05:00:00,297.4055131815248,293.9332407993969
2013-02-23 06:00:00,300.4461751976072,295.3744230108746
2013-02-23 08:00:00,304.17961059476266,297.1123498055527
2013-02-23 09:00:00,304.3998063003704,297.4546973606104
2013-02-23 17:00:00,287.9585534846654,288.67221365577456
2013-02-23 18:00:00,287.0855696432763,287.72972659447527
2013-02-23 20:00:00,285.3502848761842,286.2986699884588
2013-02-23 21:00:00,284.4966167573385,285.5634436937988
2013-02-24 05:00:00,297.32372198119555,291.5398620464402
2013-02-24 06:00:00,300.73282530421653,293.1725868260364
2013-02-24 08:00:00,304.77048380753297,295.4971502036637
2013-02-24 09:00:00,304.93106349480723,296.16535935600297
2013-02-24 17:00:00,287.3710397917244,288.7218169225567
2013-02-24 18:00:00,286.60498169133405,288.0263320852318
2013-02-24 20:00:00,285.35921107969597,286.8192686953787
2013-02-24 21:00:00,284.81363839030456,286.20328278387274
2013-02-25 05:00:00,296.743569678261,292.7780671435623
2013-02-25 06:00:00,300.38757190204734,294.6532074821014
2013-02-25 08:00:00,305.35740433562154,297.2554581088168
2013-02-25 09:00:00,306.0756203015156,298.0512499228832
2013-02-25 17:00:00,288.7834908319365,290.44996335069277
2013-02-25 18:00:00,288.1290501622463,289.8769022231844
2013-02-25 20:00:00,287.18198344226244,289.0123710926215
2013-02-25 21:00:00,286.6961070620591,288.4273242685938
2013-02-26 05:00:00,297.53358353672115,294.71130606206066
2013-02-26 06:00:00,301.4279782805127,297.1582544970402
2013-02-26 08:00:00,306.13622468498716,300.31568245674686
2013-02-26 09:00:00,307.0045402773723,301.2712890201798
2013-02-26 17:00:00,290.83697845976235,292.55244342351364
2013-02-26 18:00:00,289.74052379825633,291.71772415795937
2013-02-26 20:00:00,287.7963178073313,290.5883494936997
2013-02-26 21:00:00,287.7038318651667,290.2144957837779
2013-02-27 05:00:00,300.5893482037796,295.4681286686925
2013-02-27 06:00:00,303.28953620428666,296.92548609000323
2013-02-27 08:00:00,306.86061817986206,299.2855057209409
2013-02-27 09:00:00,306.98457548026863,299.9129576602225
2013-02-27 17:00:00,288.71970540239187,290.69940959066383
2013-02-27 18:00:00,287.90186778863523,290.0889803940783
2013-02-27 20:00:00,286.34957053444606,288.70065615614317
2013-02-27 21:00:00,285.7305918312955,287.965138322216
2013-02-28 05:00:00,298.7745402002555,295.04836967950246
2013-02-28 06:00:00,302.55849737746325,296.77003431981444
2013-02-28 08:00:00,307.23298626210544,298.98440006297244
2013-02-28 09:00:00,307.7509846033411,299.67134865406666
2013-02-28 17:00:00,288.34063673680663,290.19799407347693
2013-02-28 18:00:00,287.4718545405266,289.4320656845493
2013-02-28 20:00:00,286.013663434468,287.96923228588605
2013-02-28 21:00:00,285.3584584381621,287.1671859670678
2013-03-01 05:00:00,297.049358397309,293.1263738082627
2013-03-01 06:00:00,301.1470773517626,295.4187036875768
2013-03-01 08:00:00,306.24483241946746,298.414144248551
2013-03-01 09:00:00,306.6507795007644,299.22293993651596
2013-03-01 17:00:00,287.8842701963357,289.60859917639215
2013-03-01 18:00:00,286.72001883061534,288.59096027485947
2013-03-01 20:00:00,284.7329971007831,286.7857205430605
2013-03-01 21:00:00,283.90151890547503,285.9796653006955
2013-03-02 05:00:00,298.9825979976331,294.5479987663187
2013-03-02 06:00:00,303.8398223547796,297.4719937035042
2013-03-02 08:00:00,309.5280718458085,301.228361062166
2013-03-02 09:00:00,310.1820460526712,302.2149723094123
2013-03-02 17:00:00,288.98888398392364,291.2540308830367
2013-03-02 18:00:00,287.69837013562034,290.19917299714405
2013-03-02 20:00:00,285.4431221936994,288.1433101471841
2013-03-02 21:00:00,284.27672227762514,287.0609667385672
2013-03-03 05:00:00,302.83040490760277,298.21930411269744
2013-03-03 06:00:00,307.5478727931418,300.39299521424186
2013-03-03 08:00:00,312.1271594125427,303.03546351828084
2013-03-03 09:00:00,312.21590281341037,303.6328958238035
2013-03-03 17:00:00,290.0118555618545,292.2537608800573
2013-03-03 18:00:00,288.81101677046723,291.28690823641693
2013-03-03 20:00:00,286.77860924202054,289.39067467923155
2013-03-03 21:00:00,285.9652482137107,288.57470331647545
2013-03-04 05:00:00,303.9983018778138,300.08414201780533
2013-03-04 06:00:00,308.58257917924357,301.9612791887234
2013-03-04 08:00:00,314.06536472596815,304.14111911203537
2013-03-04 09:00:00,314.3984237929522,304.71410977638374
2013-03-04 17:00:00,291.4678756643334,293.4738601425947
2013-03-04 18:00:00,290.2402320238769,292.5637924123802
2013-03-04 20:00:00,287.94217184622227,290.39627331467733
2013-03-04 21:00:00,287.37473345317164,289.78850812867904
2013-03-05 05:00:00,302.9912746529366,299.51857302626036
2013-03-05 06:00:00,307.7347231543119,302.23362687262255
2013-03-05 08:00:00,313.1415631451482,304.79041423121663
2013-03-05 09:00:00,314.0415645182041,305.1480342823846
2013-03-05 17:00:00,292.4519844936847,294.4145679914713
2013-03-05 18:00:00,290.9618781843612,292.9317792942417
2013-03-05 20:00:00,289.23344078122744,291.1328397024945
2013-03-05 21:00:00,288.4859559422097,290.37149560396404
2013-03-06 05:00:00,303.69441514683797,299.77492317470086
2013-03-06 06:00:00,308.0860956600524,302.01080359883593
2013-03-06 08:00:00,314.02274410676887,304.3016488379433
2013-03-06 09:00:00,314.968203152273,304.88040337467044
2013-03-06 17:00:00,292.4999843885425,294.2971556770783
2013-03-06 18:00:00,291.3632720806198,293.3869267303514
2013-03-06 20:00:00,289.6961783716234,291.94344671922397
2013-03-06 21:00:00,289.078046801645,291.3062146014903
2013-03-07 05:00:00,304.3661031855273,300.3910953892031
2013-03-07 06:00:00,308.81505063943024,302.46877600342174
2013-03-07 08:00:00,314.9751507446101,304.65560351167517
2013-03-07 09:00:00,315.2114756485714,305.22881960170844
2013-03-07 17:00:00,292.8370610547176,294.80124529117063
2013-03-07 18:00:00,291.5739856596537,293.8840965188707
2013-03-07 20:00:00,289.042555304999,291.2934035902215
2013-03-07 21:00:00,288.2476156555082,290.555032715408
2013-03-08 05:00:00,304.0208058878894,300.642308051487
2013-03-08 06:00:00,308.6928357798807,303.07446155048484
2013-03-08 08:00:00,314.9070284333545,305.25912271038226
2013-03-08 09:00:00,315.9335625976187,305.7632220816355
2013-03-08 17:00:00,291.1077988305702,294.2967470518797
2013-03-08 18:00:00,289.74548788908265,292.65280621591813
2013-03-08 20:00:00,288.53853794092026,291.96367399571307
2013-03-08 21:00:00,288.45935843868875,291.74096327019026
2013-03-09 05:00:00,306.69285966729166,303.6319932511481
2013-03-09 06:00:00,310.36958129600686,305.2365192948211
2013-03-09 08:00:00,313.13218658400245,306.59316099663545
2013-03-09 09:00:00,313.000163097411,306.7731904674936
2013-03-09 17:00:00,294.2110994453606,296.3602423058085
2013-03-09 18:00:00,293.4996768851493,295.78449135238105
2013-03-09 20:00:00,293.0810831360898,295.65040851704697
2013-03-09 21:00:00,292.87906109496885,295.3766261307962
2013-03-10 05:00:00,305.3792164571847,301.24886172725166
2013-03-10 06:00:00,309.41529312486455,302.94219669759366
2013-03-10 08:00:00,313.2066527426886,304.82449058685535
2013-03-10 09:00:00,313.1476798505739,305.1384218565672
2013-03-10 17:00:00,292.9422655619899,294.75306887398887
2013-03-10 18:00:00,291.5853663886824,293.5417470829145
2013-03-10 20:00:00,288.8245271233087,291.85534705586724
2013-03-10 21:00:00,287.69081588298405,290.7419264312886
2013-03-11 05:00:00,306.27058720992784,301.489508254135
2013-03-11 06:00:00,310.28471115888175,302.8208742538476
2013-03-11 08:00:00,314.94491617117535,304.27267411383355
2013-03-11 09:00:00,314.64478423084796,304.71067057699196
2013-03-11 17:00:00,293.38697342365657,295.052176030281
2013-03-11 18:00:00,292.46570162780483,294.28223483845346
2013-03-11 20:00:00,291.4129450582025,293.5700270266305
2013-03-11 21:00:00,291.2058383371503,293.34931155823415
2013-03-12 05:00:00,305.5563314287982,301.4614369490849
2013-03-12 06:00:00,310.5720600663054,303.4218285653183
2013-03-12 08:00:00,316.66482828431214,305.26151366153005
2013-03-12 09:00:00,316.9408753899103,305.7642439502781
2013-03-12 17:00:00,294.3974993078293,295.94860595326946
2013-03-12 18:00:00,293.22791119826775,294.9384498067189
2013-03-12 20:00:00,291.28041088415773,293.43872314829304
2013-03-12 21:00:00,290.6139371193062,292.8367818118244
2013-03-13 05:00:00,305.20236584585507,300.99339447256597
2013-03-13 06:00:00,309.5390375545837,303.428027724632
2013-03-13 08:00:00,314.9449890089697,305.74595877202154
2013-03-13 09:00:00,315.5029970236662,306.2780843302723
2013-03-13 17:00:00,294.7239978243647,295.3402733472169
2013-03-13 18:00:00,293.4067914166326,294.1407419448641
2013-03-13 20:00:00,291.57941755344757,292.92546753964183
2013-03-13 21:00:00,290.6643915161697,292.0260863223319
2013-03-14 05:00:00,304.2313213848002,299.6848903473794
2013-03-14 06:00:00,307.61975598445474,301.4313977774927
2013-03-14 08:00:00,310.97500086051105,302.8477447227631
2013-03-14 09:00:00,311.0959274926796,303.20426698752283
2013-03-14 17:00:00,292.6784066551456,294.17050641123063
2013-03-14 18:00:00,291.840335181755,293.54102281943676
2013-03-14 20:00:00,290.5724955178189,292.71442802440953
2013-03-14 21:00:00,290.07416093588245,292.1940231911023
2013-03-15 05:00:00,303.69805651930704,299.5388238139806
2013-03-15 06:00:00,307.83821773676,301.389609596946
2013-03-15 08:00:00,313.7400123114212,302.8900539827273
2013-03-15 09:00:00,315.0559516989028,303.453155611623
2013-03-15 17:00:00,294.0468571549755,295.49009932648784
2013-03-15 18:00:00,293.2718898732049,294.94049551894744
2013-03-15 20:00:00,292.0021759879607,293.2891500793363
2013-03-15 21:00:00,291.36602783203125,292.5303303111683
2013-03-16 05:00:00,303.3340850030696,299.17778205577696
2013-03-16 06:00:00,307.1220425927584,300.8705770201602
2013-03-16 08:00:00,311.37658261150716,302.54949676090473
2013-03-16 09:00:00,313.01219501701087,303.2665416323716
2013-03-16 17:00:00,293.2426430771274,294.3372256803586
2013-03-16 18:00:00,292.2178603820331,293.44919956483534
2013-03-16 20:00:00,290.45065378150883,292.20095853408793
2013-03-16 21:00:00,289.29938197907387,291.76122487307697
2013-03-17 05:00:00,306.88870356813976,300.04898847159694
2013-03-17 06:00:00,311.5513768365093,301.7933119434421
2013-03-17 08:00:00,316.1830906566743,303.7745211796694
2013-03-17 09:00:00,316.21909291130737,304.16382150988
2013-03-17 17:00:00,294.50289352722643,295.9712604822474
2013-03-17 18:00:00,293.5008377757021,295.0617000773802
2013-03-17 20:00:00,292.0712449789415,293.4663830773305
2013-03-17 21:00:00,291.3873941101169,292.71790065677214
2013-03-18 05:00:00,306.7882522089272,300.80106253837033
2013-03-18 06:00:00,311.3478488775174,302.39232808305593
2013-03-18 08:00:00,315.84512566565,305.02224905428426
2013-03-18 09:00:00,315.6076617836034,305.50402806168904
2013-03-18 17:00:00,294.411802600455,296.1364804871828
2013-03-18 18:00:00,293.2720388168547,295.2361549882933
2013-03-18 20:00:00,291.23996155067294,293.20144871974765
2013-03-18 21:00:00,290.1638828506822,292.1009213252134
2013-03-19 05:00:00,309.0396104292437,303.36029666377516
2013-03-19 06:00:00,313.0729693631729,304.97124331904854
2013-03-19 08:00:00,316.53522984015376,306.677242637599
2013-03-19 09:00:00,316.5700445424978,307.0273870576879
2013-03-19 17:00:00,294.5205282672712,296.1214584562187
2013-03-19 18:00:00,292.47440141815986,295.08305220170456
2013-03-19 20:00:00,290.2134649573563,296.29939331148734
2013-03-19 21:00:00,289.5752797178201,295.43186520428065
2013-03-20 05:00:00,310.4638097730734,303.4904553100398
2013-03-20 06:00:00,314.37457879629267,305.00905972379377
2013-03-20 08:00:00,317.48565511600634,306.50852237460424
2013-03-20 09:00:00,317.4424541220643,307.1839720927328
2013-03-20 17:00:00,295.8677251783468,297.48852247523234
2013-03-20 18:00:00,294.8931066339666,296.66344801046085
2013-03-20 20:00:00,293.7115216835621,295.75165561388013
2013-03-20 21:00:00,293.0660030558958,294.9798110233066
2013-03-21 05:00:00,307.91734704251286,303.2863708166937
2013-03-21 06:00:00,312.06912600571644,305.113476675354
2013-03-21 08:00:00,316.99295925616485,307.0276734479954
2013-03-21 09:00:00,317.23207724737284,307.4046644025664
2013-03-21 17:00:00,295.88046375151225,297.64750078903694
2013-03-21 18:00:00,294.9073631392422,296.82266465761626
2013-03-21 20:00:00,293.3850045461317,295.3565882372746
2013-03-21 21:00:00,292.70875871420276,294.57276930610647
2013-03-22 05:00:00,308.39276830734934,302.85841656465925
2013-03-22 06:00:00,312.50440480565806,304.58828683626854
2013-03-22 08:00:00,315.401123352521,306.15463969226244
2013-03-22 09:00:00,315.1885707484923,306.4993673597903
2013-03-22 17:00:00,297.6994761979819,298.69252047075884
2013-03-22 18:00:00,296.72288724784676,297.8150457020717
2013-03-22 20:00:00,294.2335376710113,295.8872549471392
2013-03-22 21:00:00,293.2877021636728,295.0016246260774
2013-03-23 05:00:00,308.0198313238441,301.9241867888323
2013-03-23 06:00:00,311.74134605654586,303.8129854834135
2013-03-23 08:00:00,316.03625876216563,306.0280981548762
2013-03-23 09:00:00,316.049901389194,306.5608311963192
2013-03-23 17:00:00,296.3926385018418,297.77163907890144
2013-03-23 18:00:00,295.36700446506495,296.73803266575237
2013-03-23 20:00:00,293.6951758057017,294.9721515108881
2013-03-23 21:00:00,293.12541880556176,294.35070772567775
2013-03-24 05:00:00,309.78347479727677,301.40843558054314
2013-03-24 06:00:00,312.6863137408288,302.95691959516296
2013-03-24 08:00:00,315.07667405138767,304.720820469555
2013-03-24 09:00:00,314.4506297530305,305.20070317860564
2013-03-24 17:00:00,294.2540770355836,295.6010907001231
2013-03-24 18:00:00,293.37934228929424,294.905898577627
2013-03-24 20:00:00,292.31366347678824,294.017185111259
2013-03-24 21:00:00,291.88172242527565,293.44930661147106
2013-03-25 05:00:00,306.27832948188023,300.14364184363416
2013-03-25 06:00:00,310.5877284915495,301.5959953225816
2013-03-25 08:00:00,315.3387832759158,303.71597029064395
2013-03-25 09:00:00,315.19763185944873,304.3224798828502
2013-03-25 17:00:00,294.07382778173604,295.3075984490487
2013-03-25 18:00:00,293.18217256660637,294.52389629816605
2013-03-25 20:00:00,291.52319293617285,292.88238939188295
2013-03-25 21:00:00,290.9123451691379,292.2789312753545
2013-03-26 05:00:00,305.4545734564219,298.86596966524525
2013-03-26 06:00:00,310.22056718306106,300.8724056296797
2013-03-26 08:00:00,314.8663099197834,303.5899943629472
2013-03-26 09:00:00,314.34812682729296,304.08625222134117
2013-03-26 17:00:00,294.18063464994975,295.3878679789821
2013-03-26 18:00:00,292.9205141699369,294.3802767196679
2013-03-26 20:00:00,291.09514793078597,292.7579300326449
2013-03-26 21:00:00,290.47638588363105,292.203909381696
2013-03-27 05:00:00,306.57908329427335,301.7742339899801
2013-03-27 06:00:00,310.66860256577127,303.5169218089805
2013-03-27 08:00:00,313.03658324066777,304.65704663104754
2013-03-27 09:00:00,313.4484234120702,305.1615480913771
2013-03-27 17:00:00,295.54805051453866,296.7944144556078
2013-03-27 18:00:00,294.7592872184671,295.82090535920645
2013-03-27 20:00:00,292.8666411695201,293.9199370162329
2013-03-27 21:00:00,291.61737683594504,293.155126703906
2013-03-28 05:00:00,307.61942431151596,299.73854725607004
2013-03-28 06:00:00,311.46996496638457,301.3600223582404
2013-03-28 08:00:00,315.0951448037922,304.3734925068766
2013-03-28 09:00:00,314.90879948737995,304.9948012670861
2013-03-28 17:00:00,294.4564244251222,295.6765242754403
2013-03-28 18:00:00,293.8266481890333,295.11814142118436
2013-03-28 20:00:00,292.4678854450055,293.6986945906112
2013-03-28 21:00:00,291.8381715136794,293.00204592382966
2013-03-29 05:00:00,305.9519466641136,299.6673353574309
2013-03-29 06:00:00,307.19503814744286,300.4762424180982
2013-03-29 08:00:00,311.0773999841628,302.36312840348586
2013-03-29 09:00:00,310.08490265315777,302.3276616406551
2013-03-29 17:00:00,293.86698450402963,294.783621860028
2013-03-29 18:00:00,293.0019464948328,294.07290332012445
2013-03-29 20:00:00,291.7756653537369,293.0048815664048
2013-03-29 21:00:00,291.1727621022652,292.33687174228385
2013-03-30 05:00:00,307.53532292111817,298.7784553845234
2013-03-30 06:00:00,310.94393913845073,300.32943048462477
2013-03-30 08:00:00,313.7910567696547,302.7802481864377
2013-03-30 09:00:00,313.4806750140315,303.3377461955066
2013-03-30 17:00:00,294.22994186330834,295.5700343856459
2013-03-30 18:00:00,293.19890807259065,294.7416817499052
2013-03-30 20:00:00,291.42349783922384,293.0690548137083
2013-03-30 21:00:00,290.493047329237,292.1250782924
2013-03-31 05:00:00,309.7092353338821,302.147915362577
2013-03-31 06:00:00,312.57271372555584,303.3430563481453
2013-03-31 08:00:00,316.1841771812028,305.378156947061
2013-03-31 09:00:00,316.2050316197847,305.84360545295044
2013-03-31 17:00:00,295.31271082521033,297.0002847915438
2013-03-31 18:00:00,294.08692414881824,295.98639111158843
2013-03-31 20:00:00,292.01721332473636,294.1873104054315
2013-03-31 21:00:00,291.04105881513175,293.8112247037961
2013-04-01 05:00:00,310.4669142430663,303.73814380334227
2013-04-01 06:00:00,314.6997963504174,305.0978701786929
2013-04-01 08:00:00,318.9125943881889,306.99488353288416
2013-04-01 09:00:00,318.639282884877,307.43831482874043
2013-04-01 17:00:00,296.88425771187195,298.3485013612063
2013-04-01 18:00:00,295.5505440451882,297.22239031446367
2013-04-01 20:00:00,292.6178170602384,297.7008358524834
2013-04-01 21:00:00,291.4384995799953,295.0984286879906
2013-04-02 05:00:00,308.5360952180413,303.6592868046695
2013-04-02 06:00:00,312.25832034259435,305.385783261621
2013-04-02 08:00:00,316.26384900861603,307.25567029767853
2013-04-02 09:00:00,317.29927502648303,307.92257137915755
2013-04-02 17:00:00,293.8909522763386,293.5185307765779
2013-04-02 18:00:00,292.9535496128359,293.0821907031701
2013-04-02 20:00:00,292.00393796665094,292.78868806013156
2013-04-02 21:00:00,291.54771345752783,292.3961934705361
2013-04-03 05:00:00,308.4836777509269,302.1953402432528
2013-04-03 06:00:00,312.38265890112643,304.0651637049412
2013-04-03 08:00:00,315.5366777323061,305.3407886193603
2013-04-03 09:00:00,314.6441148190726,305.46848982471533
2013-04-03 17:00:00,295.26380041090107,296.58487269984926
2013-04-03 18:00:00,294.3972634431577,295.8827580244773
2013-04-03 20:00:00,293.18250623799986,294.64831542968756
2013-04-03 21:00:00,292.24060338377404,293.633308916136
2013-04-04 05:00:00,309.86972266904013,302.2181483005706
2013-04-04 06:00:00,312.71055986260416,303.6546476860811
2013-04-04 08:00:00,314.8911314319205,305.33306623790963
2013-04-04 09:00:00,314.4035850724748,305.58042444543594
2013-04-04 17:00:00,294.83038087912445,296.4908609258008
2013-04-04 18:00:00,293.7529895706059,295.6328193887908
2013-04-04 20:00:00,292.22393406190565,294.35270650948877
2013-04-04 21:00:00,291.5977535394748,293.77795539468025
2013-04-05 05:00:00,312.1251759815657,303.6454572398416
2013-04-05 06:00:00,314.75815287209446,305.1002016464257
2013-04-05 08:00:00,316.38975263927676,306.75289002405293
2013-04-05 09:00:00,315.8717545566647,307.002758549248
2013-04-05 17:00:00,294.6267467669236,296.7222298267993
2013-04-05 18:00:00,293.2624807490039,295.60707322695225
2013-04-05 20:00:00,291.42537236617784,293.8607858854744
2013-04-05 21:00:00,290.553939819336,292.9637998278225
2013-04-06 05:00:00,312.4612816574026,305.1986461809861
2013-04-06 06:00:00,316.87473465224446,306.6610534856059
2013-04-06 08:00:00,319.2104294222933,308.45746500870484
2013-04-06 09:00:00,318.63598957267493,308.73116393008473
2013-04-06 17:00:00,296.8505728652554,298.7644549400671
2013-04-06 18:00:00,295.7460932797754,297.9049516392783
2013-04-06 20:00:00,293.9219101728019,296.5181116653701
2013-04-06 21:00:00,293.2653887356375,295.89660103772934
2013-04-07 05:00:00,311.3338084404568,305.4389269671565
2013-04-07 06:00:00,315.19348795792354,307.25484434812574
2013-04-07 08:00:00,319.3254317884637,308.6800010692908
2013-04-07 09:00:00,319.46710670600504,309.11978130605075
2013-04-07 17:00:00,297.84194875755367,299.37743284816185
2013-04-07 18:00:00,296.7745942760873,298.4702243187762
2013-04-07 20:00:00,295.5750534927533,297.5199765056969
2013-04-07 21:00:00,294.97381196808186,296.74780118263374
2013-04-08 05:00:00,310.85550357013346,304.79544018009227
2013-04-08 06:00:00,313.9696775650942,306.2134968150746
2013-04-08 08:00:00,318.6847315995462,308.1765839704564
2013-04-08 09:00:00,318.66358952456153,308.60485703478605
2013-04-08 17:00:00,297.1914958513022,298.5899006471796
2013-04-08 18:00:00,296.34188271450523,297.85293602612796
2013-04-08 20:00:00,295.33918270822295,296.9042993671905
2013-04-08 21:00:00,295.06214547414436,296.4684395106805
2013-04-09 05:00:00,309.343181992165,303.31653215264316
2013-04-09 06:00:00,313.30923393731496,304.9162206664475
2013-04-09 08:00:00,318.64158437579,307.01277992942113
2013-04-09 09:00:00,319.13605890729576,307.70134856190265
2013-04-09 17:00:00,297.7051046221576,298.2575956324032
2013-04-09 18:00:00,296.5555386771039,297.2521718734953
2013-04-09 20:00:00,295.72954692164626,297.03764413795415
2013-04-09 21:00:00,294.95892333984375,296.1575126236503
2013-04-10 05:00:00,313.00730832515774,303.92120596440435
2013-04-10 06:00:00,316.61704354073123,305.5400030432937
2013-04-10 08:00:00,317.80399182617947,307.1453608437936
2013-04-10 09:00:00,317.30709114721265,307.6459633190937
2013-04-10 17:00:00,296.912816169633,298.07139222978265
2013-04-10 18:00:00,295.7870892258749,297.122828972909
2013-04-10 20:00:00,294.2406793720733,296.02049901929956
2013-04-10 21:00:00,293.38365173339844,295.29350482958307
2013-04-11 05:00:00,312.5642737343058,303.9753948147015
2013-04-11 06:00:00,316.21135378985997,305.3769316122235
2013-04-11 08:00:00,320.17639178965237,307.16748293742927
2013-04-11 09:00:00,319.92508280185416,307.63491769564354
2013-04-11 17:00:00,297.78146978298946,299.12306949280446
2013-04-11 18:00:00,296.79918229818713,298.4112866935084
2013-04-11 20:00:00,294.92318556305077,296.8726098952566
2013-04-11 21:00:00,294.0828800289583,296.15836716286026
2013-04-12 05:00:00,311.84395163231903,305.09808159168404
2013-04-12 06:00:00,315.6023724619156,306.4072848938647
2013-04-12 08:00:00,320.60341109406596,308.2263735167234
2013-04-12 09:00:00,319.9652900637023,308.5654159804522
2013-04-12 17:00:00,298.9314495022014,300.18550730559787
2013-04-12 18:00:00,297.4433497353952,298.9450524422715
2013-04-12 20:00:00,294.7293868571841,296.8891804229313
2013-04-12 21:00:00,294.2541153824017,296.2952822316409
2013-04-13 05:00:00,313.9574923757779,306.3872140611081
2013-04-13 06:00:00,318.4868054735275,307.5569844767566
2013-04-13 08:00:00,321.31218405607484,309.2789946381227
2013-04-13 09:00:00,320.3092794550586,309.5478876287287
2013-04-13 17:00:00,298.7123656662293,300.2121686186004
2013-04-13 18:00:00,297.6697581427858,299.3153531349312
2013-04-13 20:00:00,295.5576451188427,297.5305405250867
2013-04-13 21:00:00,294.865256945782,296.9167644342032
2013-04-14 05:00:00,313.5276647018174,306.68316081418834
2013-04-14 06:00:00,318.2160398368659,307.9752568272854
2013-04-14 08:00:00,320.8854861031695,309.2734808076879
2013-04-14 09:00:00,319.2514868267512,309.37484771775536
2013-04-14 17:00:00,297.45667340906084,299.07914155510434
2013-04-14 18:00:00,295.9481315671571,297.86331411870134
2013-04-14 20:00:00,294.0407455985095,296.21873723340144
2013-04-14 21:00:00,293.3514568875494,295.40871089706064
2013-04-15 05:00:00,315.06636371818274,306.12357811126947
2013-04-15 06:00:00,318.009248871649,307.57438144772004
2013-04-15 08:00:00,320.3326367112265,309.67023516215596
2013-04-15 09:00:00,320.0376569515752,310.04247912860984
2013-04-15 17:00:00,297.7647560248941,299.6430996041085
2013-04-15 18:00:00,296.2169824961705,298.5249949074673
2013-04-15 20:00:00,294.82009248189826,297.5460207664361
2013-04-15 21:00:00,294.5755986476716,297.3883998500547
2013-04-16 05:00:00,311.0004765961681,306.70880253913776
2013-04-16 06:00:00,314.81335790131607,308.8239321716027
2013-04-16 08:00:00,317.65608765494835,310.5992108596308
2013-04-16 09:00:00,317.3798101627956,310.78449393861655
2013-04-16 17:00:00,300.69860254414095,302.3068270690637
2013-04-16 18:00:00,299.8550243407075,301.5070704150089
2013-04-16 20:00:00,298.5782793277217,300.2295668826816
2013-04-16 21:00:00,297.313034951044,298.618672069673
2013-04-17 05:00:00,312.6214925710152,306.1784919068699
2013-04-17 06:00:00,316.5510180786321,308.068980447684
2013-04-17 08:00:00,319.4975297219581,309.8172323406202
2013-04-17 09:00:00,319.0451114460573,310.03760320490056
2013-04-17 17:00:00,298.1511489797631,300.1390880708151
2013-04-17 18:00:00,297.4316926083323,299.66543482705515
2013-04-17 20:00:00,297.00190252883044,299.2791282524497
2013-04-17 21:00:00,296.93907250167774,298.99651095679803
2013-04-18 05:00:00,311.9404214820803,304.92909692138295
2013-04-18 06:00:00,315.08876253900985,306.5487205846284
2013-04-18 08:00:00,318.20885696763804,308.7633684860723
2013-04-18 09:00:00,318.0871688066903,309.2099663921057
2013-04-18 17:00:00,298.2436559409684,299.74914710657623
2013-04-18 18:00:00,297.50388083435905,298.8252388788115
2013-04-18 20:00:00,296.02047254565315,297.42744405831684
2013-04-18 21:00:00,295.3706592624471,296.94847344397033
2013-04-19 05:00:00,311.60954637336437,305.91931871787426
2013-04-19 06:00:00,316.5105307274864,307.9350319085026
2013-04-19 08:00:00,322.07573461312177,309.3525913514782
2013-04-19 09:00:00,322.15888897112603,309.7315995931993
2013-04-19 17:00:00,295.34659311914663,298.70916200235183
2013-04-19 18:00:00,294.03150255764587,296.62021812121566
2013-04-19 20:00:00,294.1146990242651,296.6678791957203
2013-04-19 21:00:00,294.3611993069641,296.4436312823891
2013-04-20 05:00:00,310.32541034622074,305.1577247654896
2013-04-20 06:00:00,314.28996852880636,306.9696710289719
2013-04-20 08:00:00,320.1912363578432,308.5372054418908
2013-04-20 09:00:00,321.3136619485582,308.8952395023293
2013-04-20 17:00:00,298.18769845830275,299.0414775266486
2013-04-20 18:00:00,297.3615589347569,298.37791496946926
2013-04-20 20:00:00,295.6634616939974,297.066415701515
2013-04-20 21:00:00,294.7345356522429,296.4312414278051
2013-04-21 05:00:00,308.9312427914565,303.78420397460184
2013-04-21 06:00:00,312.9048322257349,305.40290618567326
2013-04-21 08:00:00,316.3769528898877,306.42026965313227
2013-04-21 09:00:00,317.5158254802687,306.95395722705155
2013-04-21 17:00:00,297.97962551969226,298.8787512169413
2013-04-21 18:00:00,296.76245481611585,297.89235664920193
2013-04-21 20:00:00,294.8410556834358,296.2834696248059
2013-04-21 21:00:00,294.59066589073336,295.95093544605885
2013-04-22 05:00:00,313.01960013790745,304.48433016408205
2013-04-22 06:00:00,314.2877362549581,305.1596290811736
2013-04-22 08:00:00,319.5096861335273,306.5522455529917
2013-04-22 09:00:00,318.94903202380164,306.8264287587124
2013-04-22 17:00:00,299.19326549465376,299.9092367492582
2013-04-22 18:00:00,298.47290546905094,299.23601589584945
2013-04-22 20:00:00,295.67185320508867,296.7441824279691
2013-04-22 21:00:00,294.7621098828426,295.927953499675
2013-04-23 05:00:00,312.0573083674779,304.6011309513509
2013-04-23 06:00:00,316.3170760849775,305.8691658525511
2013-04-23 08:00:00,319.21884771267696,307.22369483512796
2013-04-23 09:00:00,318.9192010911845,307.61537544238735
2013-04-23 17:00:00,299.61122439344786,300.5502370120197
2013-04-23 18:00:00,298.75940296425847,299.6640863874109
2013-04-23 20:00:00,296.86312360719467,299.27522378930325
2013-04-23 21:00:00,295.94513205130033,298.07829879502117
2013-04-24 05:00:00,314.30768544060425,306.5626127833762
2013-04-24 06:00:00,316.95550741657087,307.4061161975832
2013-04-24 08:00:00,320.7616001593497,308.91130430342054
2013-04-24 09:00:00,320.9510416933127,309.41658459679553
2013-04-24 17:00:00,301.12792277519804,302.7022709545259
2013-04-24 18:00:00,300.32126397601627,301.96287644772764
2013-04-24 20:00:00,298.4465688696627,299.97653503888193
2013-04-24 21:00:00,297.47206451933266,299.46377902038296
2013-04-25 05:00:00,315.98810352860323,307.85743903819883
2013-04-25 06:00:00,319.22131455807914,309.1154574965843
2013-04-25 08:00:00,321.02965462189434,310.6495569637634
2013-04-25 09:00:00,319.68448586015745,310.5688426248465
2013-04-25 17:00:00,298.93502720625634,300.3818510317105
2013-04-25 18:00:00,297.8618166883848,299.75146423245803
2013-04-25 20:00:00,297.20512446563674,299.09897532411645
2013-04-25 21:00:00,296.56558497918223,298.42184356548387
2013-04-26 05:00:00,314.488468140777,307.50181762977445
2013-04-26 06:00:00,318.4626705363645,308.80358682171044
2013-04-26 08:00:00,321.7287237464188,310.4212704322004
2013-04-26 09:00:00,320.9620169711591,310.6472966645275
2013-04-26 17:00:00,300.4502092076377,301.8470476147574
2013-04-26 18:00:00,299.20393131767474,300.6308751275249
2013-04-26 20:00:00,297.650956187667,299.67180110420026
2013-04-26 21:00:00,297.3488237001863,299.2127076605987
2013-04-27 05:00:00,313.8886572039917,307.20242960831416
2013-04-27 06:00:00,317.7276209991408,308.7234023789228
2013-04-27 08:00:00,321.8608959415477,310.49630683228855
2013-04-27 09:00:00,320.6483715980189,310.7617471515673
2013-04-27 17:00:00,301.39177987167756,302.2407959407577
2013-04-27 18:00:00,300.47728944375814,301.1790986847253
2013-04-27 20:00:00,298.69547660839396,299.5362499924764
2013-04-27 21:00:00,297.9339379309138,298.90815187051595
2013-04-28 05:00:00,314.035598566793,305.7282788433904
2013-04-28 06:00:00,317.8979455039755,307.08677852025204
2013-04-28 08:00:00,322.01443258088614,309.38109458135716
2013-04-28 09:00:00,320.6806363662696,309.66345062020747
2013-04-28 17:00:00,300.6670053773007,301.913929802611
2013-04-28 18:00:00,299.5254265501613,300.9476464834346
2013-04-28 20:00:00,297.056469486748,299.6126435548756
2013-04-28 21:00:00,296.0997397917996,299.15834132401716
2013-04-29 05:00:00,312.8191410529044,306.7781385236602
2013-04-29 06:00:00,316.571288756854,308.5079480187368
2013-04-29 08:00:00,321.1291864098312,311.4278908187325
2013-04-29 09:00:00,320.40670379027387,311.5153373165748
2013-04-29 17:00:00,301.11167872448,302.26641347265024
2013-04-29 18:00:00,300.1462887850675,301.48142100188693
2013-04-29 20:00:00,299.42509780201965,301.1523110928998
2013-04-29 21:00:00,298.98596254886576,300.62592982217234
2013-04-30 05:00:00,317.559260693096,307.9432047886548
2013-04-30 06:00:00,320.2098158026697,309.2020665243705
2013-04-30 08:00:00,321.8436269422158,310.83264310628124
2013-04-30 09:00:00,321.3203606274903,311.10432556340436
2013-04-30 17:00:00,300.19696249469587,301.8104772347331
2013-04-30 18:00:00,299.0798808422588,300.9558755319181
2013-04-30 20:00:00,297.5612844928571,299.695972013547
2013-04-30 21:00:00,296.9369653546021,299.0709973116318
2013-05-01 05:00:00,315.5207887482019,307.5371024862093
2013-05-01 06:00:00,318.7121625527028,308.8712849433323
2013-05-01 08:00:00,320.6540820763916,310.53351587139775
2013-05-01 09:00:00,319.99477444077127,310.782252283787
2013-05-01 17:00:00,298.89873870238324,300.7306167767118
2013-05-01 18:00:00,297.73348425349394,299.78978605814086
2013-05-01 20:00:00,295.79130361407124,298.1439691669952
2013-05-01 21:00:00,294.99880052751683,297.4047982520058
2013-05-02 05:00:00,315.1950318229217,307.10780007666546
2013-05-02 06:00:00,318.06376596224516,308.4461587632566
2013-05-02 08:00:00,320.6453804521605,310.0932343516769
2013-05-02 09:00:00,320.28631822206944,310.36278972420007
2013-05-02 17:00:00,297.5125043777913,299.56503425210207
2013-05-02 18:00:00,295.5234205248911,298.7090891880688
2013-05-02 20:00:00,292.8334576058645,295.7953210251724
2013-05-02 21:00:00,292.03767869946404,294.9245393162332
2013-05-03 05:00:00,317.1537944399888,307.9488868889713
2013-05-03 06:00:00,320.6493931610154,309.79655157950333
2013-05-03 08:00:00,321.2730158260681,311.47591532984944
2013-05-03 09:00:00,320.7250682201886,311.74764024825606
2013-05-03 17:00:00,299.5348131976253,301.3991159400881
2013-05-03 18:00:00,298.5846544215786,300.74926414548526
2013-05-03 20:00:00,297.8278719721296,300.4114268439577
2013-05-03 21:00:00,297.5665641984514,300.13566678698146
2013-05-04 05:00:00,314.26271731901244,309.5329224479217
2013-05-04 06:00:00,317.98399604597523,311.2778688263269
2013-05-04 08:00:00,321.15314423688943,312.84983571762297
2013-05-04 09:00:00,321.12051332823484,313.1113536111747
2013-05-04 17:00:00,303.15792853733063,304.8478275058082
2013-05-04 18:00:00,302.38478739640016,304.1522865941969
2013-05-04 20:00:00,301.7704530783537,303.58151491985114
2013-05-04 21:00:00,301.3192860466674,303.1807628566936
2013-05-05 05:00:00,313.68184049397667,308.78770921704216
2013-05-05 06:00:00,317.7982878604178,311.0548181048895
2013-05-05 08:00:00,322.88851303312185,313.0939147196859
2013-05-05 09:00:00,323.41771499328144,313.47834356980997
2013-05-05 17:00:00,303.35336012171666,304.71588978818824
2013-05-05 18:00:00,302.4282221154917,303.8967491114636
2013-05-05 20:00:00,301.1486767267777,302.6706125644396
2013-05-05 21:00:00,300.43251933375564,301.85224759376655
2013-05-06 05:00:00,317.39469434741096,309.83053793414905
2013-05-06 06:00:00,322.0121870702147,311.4457679830825
2013-05-06 08:00:00,325.8080614557252,312.9948269413506
2013-05-06 09:00:00,325.3592196612953,313.40249109488616
2013-05-06 17:00:00,302.22533693005016,303.88157808982726
2013-05-06 18:00:00,300.99028619375366,302.91509008187177
2013-05-06 20:00:00,299.29141656202603,301.5617302658011
2013-05-06 21:00:00,298.62862717168537,300.91046144929254
2013-05-07 05:00:00,319.8466064265035,310.4108935857223
2013-05-07 06:00:00,323.61826748840616,311.9465259381546
2013-05-07 08:00:00,325.362880924266,313.46372470943885
2013-05-07 09:00:00,324.5532274760525,313.74567661373567
2013-05-07 17:00:00,302.1589565188932,303.97010887863087
2013-05-07 18:00:00,300.87088085580126,303.01736807566033
2013-05-07 20:00:00,299.3135979039643,301.8748305780678
2013-05-07 21:00:00,299.1802790896,301.7160334182998
2013-05-08 05:00:00,315.02759021823687,309.8305530988932
2013-05-08 06:00:00,318.28622401256587,311.3933346223758
2013-05-08 08:00:00,321.99218021151836,313.0116595957423
2013-05-08 09:00:00,322.0968758417021,313.24575911464603
2013-05-08 17:00:00,302.3471317379427,303.76120169100307
2013-05-08 18:00:00,301.237128470822,302.8532304572766
2013-05-08 20:00:00,299.93699490821973,301.8846079351722
2013-05-08 21:00:00,299.40475240510494,301.22111666404595
2013-05-09 05:00:00,313.3350597316936,307.84262033236234
2013-05-09 06:00:00,316.9582604406795,309.5289414557177
2013-05-09 08:00:00,321.22293991300467,311.310733366086
2013-05-09 09:00:00,321.33793637785595,311.75990328325884
2013-05-09 17:00:00,301.86674635876864,303.260601049579
2013-05-09 18:00:00,301.1775593103724,302.68800271714593
2013-05-09 20:00:00,300.28934200151673,302.09663898955876
2013-05-09 21:00:00,299.9356139525427,301.7712982836049
2013-05-10 05:00:00,311.33904834153657,306.31374586014243
2013-05-10 06:00:00,314.8822507931749,308.09129824880824
2013-05-10 08:00:00,318.29928017544273,310.0032863528776
2013-05-10 09:00:00,318.2433103728919,310.39059775048304
2013-05-10 17:00:00,301.2047754414093,302.5003775198398
2013-05-10 18:00:00,300.4673154622271,302.10753350632586
2013-05-10 20:00:00,299.69736956815325,301.335603170292
2013-05-10 21:00:00,299.0577822833656,300.32741670064826
2013-05-11 05:00:00,310.88819944031985,305.6765301532481
2013-05-11 06:00:00,314.17572329481504,307.32696168779046
2013-05-11 08:00:00,316.7554561103621,308.739815240281
2013-05-11 09:00:00,316.9396651727944,309.0882219687816
2013-05-11 17:00:00,300.7009704307709,301.3464806414165
2013-05-11 18:00:00,299.36499091620067,300.63365149828616
2013-05-11 20:00:00,296.35331958835405,297.3572534640508
2013-05-11 21:00:00,295.72204578088133,296.91767493014345
2013-05-12 05:00:00,312.02471343100717,306.03025425233534
2013-05-12 06:00:00,315.335779481015,307.5748202143171
2013-05-12 08:00:00,316.5689157917981,308.9132599441223
2013-05-12 09:00:00,314.9172797063466,308.1155737596227
2013-05-12 17:00:00,299.2385076866679,301.10658179519726
2013-05-12 18:00:00,297.93447130670535,299.3911049817854
2013-05-12 20:00:00,296.3306994798187,297.38719640417355
2013-05-12 21:00:00,295.74680670457553,296.8380299995787
2013-05-13 05:00:00,315.18528747558594,306.88774014841795
2013-05-13 06:00:00,318.4083803291497,308.2099588920229
2013-05-13 08:00:00,320.95885315881856,309.8080004440801
2013-05-13 09:00:00,320.55996407860056,310.1335713484989
2013-05-13 17:00:00,299.0696132524723,301.0177693183323
2013-05-13 18:00:00,297.6913443919507,300.74730467245286
2013-05-13 20:00:00,295.79166335942017,301.65779482895863
2013-05-13 21:00:00,295.11607222123575,300.5096859219262
2013-05-14 05:00:00,315.0222825107663,308.91075616257586
2013-05-14 06:00:00,317.11493686388013,309.86543165774117
2013-05-14 08:00:00,318.9401778351912,310.88570562753546
2013-05-14 09:00:00,319.71424195652565,311.33974488527275
2013-05-14 17:00:00,301.61049683839775,303.2276206699836
2013-05-14 18:00:00,301.0495069177566,302.87647328428204
2013-05-14 20:00:00,299.53322282741175,301.7443953221678
2013-05-14 21:00:00,299.0591034970041,301.2892081990999
2013-05-15 05:00:00,315.35162414644833,310.40762940393574
2013-05-15 06:00:00,318.0990731308383,311.9049268819518
2013-05-15 08:00:00,320.1338398937819,313.0879178510058
2013-05-15 09:00:00,320.6804681434103,313.34481303680843
2013-05-15 17:00:00,302.2297407952589,303.873508000778
2013-05-15 18:00:00,301.5743176147273,303.56663976354855
2013-05-15 20:00:00,300.40259706000523,302.390040628348
2013-05-15 21:00:00,299.7988698574355,301.9457701931382
2013-05-16 05:00:00,313.71518854220585,309.2960120672805
2013-05-16 06:00:00,317.0410604844292,311.26397220746765
2013-05-16 08:00:00,319.4793410573057,313.3509480809945
2013-05-16 09:00:00,320.18608648126775,313.870470937485
2013-05-16 17:00:00,302.70852080405405,304.25274651149755
2013-05-16 18:00:00,301.79370284117243,303.6369116126298
2013-05-16 20:00:00,301.17908227388597,303.4941355700853
2013-05-16 21:00:00,301.0654511532541,303.3614707206173
2013-05-17 05:00:00,313.94738757775633,308.82533285320267
2013-05-17 06:00:00,317.76640771239863,310.94753591011414
2013-05-17 08:00:00,321.02222314490746,313.6098372778283
2013-05-17 09:00:00,320.8864948055226,314.05447455877885
2013-05-17 17:00:00,304.86172581747616,306.3549678197076
2013-05-17 18:00:00,304.026084606012,305.51143776727565
2013-05-17 20:00:00,303.5473953505694,305.2799711771114
2013-05-17 21:00:00,303.2832534390348,304.8882317447515
2013-05-18 05:00:00,314.21233994494236,309.60997477150846
2013-05-18 06:00:00,317.74564696607314,311.92362409453546
2013-05-18 08:00:00,322.28659309187367,314.862380746333
2013-05-18 09:00:00,322.64480435646186,315.3422493721561
2013-05-18 17:00:00,304.6554090502817,306.5555091705087
2013-05-18 18:00:00,303.7951883277835,305.6430014682294
2013-05-18 20:00:00,302.6619909019059,304.5216802940898
2013-05-18 21:00:00,302.05838913175467,303.8742640984628
2013-05-19 05:00:00,315.7230190282978,311.1929910715629
2013-05-19 06:00:00,319.12476429990704,313.1397903277804
2013-05-19 08:00:00,322.4733469159284,314.86564737328763
2013-05-19 09:00:00,322.65427453933034,315.0635155206101
2013-05-19 17:00:00,303.218854624979,305.1629104026477
2013-05-19 18:00:00,302.4170466160003,304.51644624730653
2013-05-19 20:00:00,301.8920640049069,304.21867499917244
2013-05-19 21:00:00,301.6527365051175,303.8761747856904
2013-05-20 05:00:00,315.17707817653667,310.3885214971651
2013-05-20 06:00:00,318.5576496329991,312.3932086256877
2013-05-20 08:00:00,321.83821049530076,314.552749116542
2013-05-20 09:00:00,322.0162945998652,314.94306522598623
2013-05-20 17:00:00,304.1761723358202,306.06758305765635
2013-05-20 18:00:00,303.45723050768464,305.57497101535415
2013-05-20 20:00:00,303.34607815264917,305.50610763009047
2013-05-20 21:00:00,303.02212178798965,304.84643491207174
2013-05-21 05:00:00,315.3754925367829,311.24017096520936
2013-05-21 06:00:00,318.518361589758,313.0019386420816
2013-05-21 08:00:00,321.5257462323723,314.595806738996
2013-05-21 09:00:00,321.5300178233942,314.75551683987237
2013-05-21 17:00:00,302.93987458733085,304.9359099589438
2013-05-21 18:00:00,302.11993831405294,304.33784545992484
2013-05-21 20:00:00,301.64775134822804,303.8589988438117
2013-05-21 21:00:00,301.3943325800962,303.31363587460277
2013-05-22 05:00:00,313.74715194349477,309.24816925095854
2013-05-22 06:00:00,317.1441772413915,311.12703226380427
2013-05-22 08:00:00,321.11550524789493,312.8018756507909
2013-05-22 09:00:00,321.83135243373215,313.32397710156556
2013-05-22 17:00:00,303.2604851156978,304.6639655631937
2013-05-22 18:00:00,302.400489560261,303.9528854205539
2013-05-22 20:00:00,301.00178184568057,302.77444368665135
2013-05-22 21:00:00,300.52522096795553,302.35467265971084
2013-05-23 05:00:00,313.73885838019277,308.71174654497753
2013-05-23 06:00:00,317.31382892532235,310.7249051933112
2013-05-23 08:00:00,321.51784728157503,313.093133911697
2013-05-23 09:00:00,322.2380058159262,313.74353615124534
2013-05-23 17:00:00,304.87308566853153,305.96566941741804
2013-05-23 18:00:00,303.9410466457185,305.11698191779425
2013-05-23 20:00:00,302.9387909076615,304.21438175430654
2013-05-23 21:00:00,302.5536571202917,303.85065919849654
2013-05-24 05:00:00,313.299675234661,308.36531483043325
2013-05-24 06:00:00,316.679598627546,310.33681562097485
2013-05-24 08:00:00,320.7440795663325,312.6523381073045
2013-05-24 09:00:00,321.3296535591866,313.21283438613494
2013-05-24 17:00:00,304.6172115284783,305.51502330057065
2013-05-24 18:00:00,303.7581066490138,304.7691257988176
2013-05-24 20:00:00,302.8525291407604,304.1788414718557
2013-05-24 21:00:00,302.48895621042595,303.7213790258752
2013-05-25 05:00:00,311.24602251096945,305.9107606297098
2013-05-25 06:00:00,314.5290209471904,307.9341892659756
2013-05-25 08:00:00,319.0774680726885,311.322180514343
2013-05-25 09:00:00,319.7630186154405,312.15931746331495
2013-05-25 17:00:00,303.84643333681925,304.97215677740394
2013-05-25 18:00:00,303.041949679194,304.35005491283164
2013-05-25 20:00:00,302.3519558899208,303.79890122141785
2013-05-25 21:00:00,302.15193561853727,303.39001671742585
2013-05-26 05:00:00,311.55554756434935,306.03382631369476
2013-05-26 06:00:00,314.9074531637465,307.95653995931247
2013-05-26 08:00:00,319.0046205682269,311.0861958649199
2013-05-26 09:00:00,319.4581652437043,311.7237757137634
2013-05-26 17:00:00,304.58659532073835,305.5914744419751
2013-05-26 18:00:00,303.78360086449857,304.9712508191313
2013-05-26 20:00:00,302.9999340274852,304.2579633010371
2013-05-26 21:00:00,302.70334309018085,303.7324302449983
2013-05-27 05:00:00,311.8805953673847,306.5665222309037
2013-05-27 06:00:00,315.320959717173,308.5956617922555
2013-05-27 08:00:00,319.67323731127067,311.2364129770335
2013-05-27 09:00:00,320.7430862403247,312.201063582269
2013-05-27 17:00:00,304.72956617734474,305.57238320466735
2013-05-27 18:00:00,303.8392596604828,304.7838622153448
2013-05-27 20:00:00,302.8987135218545,304.0233433140077
2013-05-27 21:00:00,302.5048678123345,303.62520595838555
2013-05-28 05:00:00,312.22785364277377,307.22372121472944
2013-05-28 06:00:00,315.5416952406497,309.1064225771394
2013-05-28 08:00:00,319.63851876986234,311.5467182976439
2013-05-28 09:00:00,319.95939993601183,312.07271109229805
2013-05-28 17:00:00,303.6020077792081,304.8960954992356
2013-05-28 18:00:00,302.5791798313888,304.010349691006
2013-05-28 20:00:00,301.3411595090329,303.09851485665297
2013-05-28 21:00:00,300.85182281635207,302.5981304715337
2013-05-29 05:00:00,313.3605164232534,308.11195723852506
2013-05-29 06:00:00,316.58374244443075,309.8062618355538
2013-05-29 08:00:00,320.27883600784554,311.84795585361945
2013-05-29 09:00:00,321.48377151371704,312.4814832596272
2013-05-29 17:00:00,303.89435660857447,305.21779438600703
2013-05-29 18:00:00,303.1968072030137,304.5983013041398
2013-05-29 20:00:00,302.4218737539048,303.85888998681116
2013-05-29 21:00:00,301.9954992214962,303.3292327786815
2013-05-30 05:00:00,314.3910356471646,309.3411597441451
2013-05-30 06:00:00,317.69246477265204,311.24536400840543
2013-05-30 08:00:00,320.80021686289456,313.179129366882
2013-05-30 09:00:00,321.579055903689,313.7552500344205
2013-05-30 17:00:00,303.71050541059265,305.00201618212213
2013-05-30 18:00:00,302.8472484947169,304.34917039680187
2013-05-30 20:00:00,300.80218249586954,302.4724213492888
2013-05-30 21:00:00,300.21179568345076,302.02186144812634
2013-05-31 05:00:00,315.02319716819454,309.7090038187882
2013-05-31 06:00:00,317.6568164090713,311.23295790756066
2013-05-31 08:00:00,319.81679340944453,313.02041320330557
2013-05-31 09:00:00,320.6644605216333,313.6405487060547
2013-05-31 17:00:00,304.6298077176275,305.9291578860055
2013-05-31 18:00:00,303.99319298131445,305.4663112505192
2013-05-31 20:00:00,303.650900466049,305.2396026987508
2013-05-31 21:00:00,303.38555301613366,304.7673642903521
2013-06-01 05:00:00,315.828324093106,309.72750621730995
2013-06-01 06:00:00,318.7364493489082,311.1929093465232
2013-06-01 08:00:00,320.43341224329504,312.8475910768671
2013-06-01 09:00:00,320.34898247153075,313.26833088409
2013-06-01 17:00:00,305.95302855692955,306.8272893403087
2013-06-01 18:00:00,305.28650666458765,306.2865853801898
2013-06-01 20:00:00,303.9858822344999,305.2397153645708
2013-06-01 21:00:00,302.5544291115688,304.26213165424275
2013-06-02 05:00:00,314.56146635223064,309.164312941635
2013-06-02 06:00:00,317.5919283262938,310.7171629448701
2013-06-02 08:00:00,320.8341338358969,312.5960923534329
2013-06-02 09:00:00,320.28459456668617,312.8697940021156
2013-06-02 17:00:00,305.6041398481889,306.7702007087978
2013-06-02 18:00:00,305.1709314472687,306.32984522274353
2013-06-02 20:00:00,304.3611857880062,305.70840856143616
2013-06-02 21:00:00,303.80744177020387,305.0870922306102
2013-06-03 05:00:00,314.9131003969072,309.8895481620989
2013-06-03 06:00:00,317.9077149142837,311.50675449459504
2013-06-03 08:00:00,319.9238482741252,312.7989409553986
2013-06-03 09:00:00,321.1045733012477,313.6117116872262
2013-06-03 17:00:00,305.7166057522014,306.8722596249338
2013-06-03 18:00:00,304.4512387879641,305.5547431275731
2013-06-03 20:00:00,302.85424651864497,304.3002547629993
2013-06-03 21:00:00,301.8181742005429,303.51314569364524
2013-06-04 05:00:00,316.58345588954467,311.08908892192164
2013-06-04 06:00:00,320.2955327673208,313.0121637705846
2013-06-04 08:00:00,323.9308213526368,314.4404859733875
2013-06-04 09:00:00,324.289248779485,314.95331875605655
2013-06-04 17:00:00,306.6886685317029,307.87833024834634
2013-06-04 18:00:00,306.1869740302464,307.36501851838614
2013-06-04 20:00:00,304.69932081225477,305.437941705501
2013-06-04 21:00:00,304.4636422555509,305.2934853622836
2013-06-05 05:00:00,316.03605644802104,311.01753493486825
2013-06-05 06:00:00,319.5066942353095,312.82470411585734
2013-06-05 08:00:00,322.93147338961234,314.2432758584045
2013-06-05 09:00:00,322.85882787013827,314.5568468655203
2013-06-05 17:00:00,306.9572549123426,307.83536667081717
2013-06-05 18:00:00,306.19252275134824,307.0727128086178
2013-06-05 20:00:00,305.19086243522185,305.7941357534729
2013-06-05 21:00:00,304.8883773027841,305.50276922334695
2013-06-06 05:00:00,314.8615361053514,309.9546142954305
2013-06-06 06:00:00,318.03040944997264,311.6635572436411
2013-06-06 08:00:00,321.72125270002977,313.7017460427777
2013-06-06 09:00:00,321.56060602925777,313.96153633105916
2013-06-06 17:00:00,306.7225674245684,307.37241242442553
2013-06-06 18:00:00,306.14823262313115,306.853951029491
2013-06-06 20:00:00,305.12056117359043,305.73713648815186
2013-06-06 21:00:00,304.78153904707665,305.3911776314899
2013-06-07 05:00:00,314.40029770861423,308.8784917234824
2013-06-07 06:00:00,317.271035545596,310.4384473380396
2013-06-07 08:00:00,322.0990497371632,312.51788854378583
2013-06-07 09:00:00,321.6779908355102,312.7407363632978
2013-06-07 17:00:00,305.56140049727196,306.2570884246121
2013-06-07 18:00:00,304.9152820275635,305.7420528982013
2013-06-07 20:00:00,304.2722102372415,305.12425822065495
2013-06-07 21:00:00,304.0658798805554,304.6819323758682
2013-06-08 05:00:00,314.6424685156401,309.0351530524726
2013-06-08 06:00:00,317.90886193321006,310.6084503267873
2013-06-08 08:00:00,321.7270489943965,312.09015014836524
2013-06-08 09:00:00,322.8002335323575,312.9033473033934
2013-06-08 17:00:00,305.2498220670021,306.00262157281486
2013-06-08 18:00:00,305.22587648929544,305.569691615406
2013-06-08 20:00:00,303.6484247098902,303.7009379852718
2013-06-08 21:00:00,303.26300902285817,303.57944760080113
2013-06-09 05:00:00,313.64610318740824,308.3906103760142
2013-06-09 06:00:00,317.25552880708904,309.99324550540496
2013-06-09 08:00:00,320.35075253808446,311.0786351466951
2013-06-09 09:00:00,319.21566436250333,310.87549178442345
2013-06-09 17:00:00,303.39495271233085,304.01309396893663
2013-06-09 18:00:00,303.0306060743993,303.65019101464696
2013-06-09 20:00:00,301.4350718775956,302.1709150599405
2013-06-09 21:00:00,300.31263443722014,300.9015431925769
2013-06-10 05:00:00,312.4023762190103,307.3078000813677
2013-06-10 06:00:00,315.71363369746274,308.6513259252892
2013-06-10 08:00:00,317.6901220430395,308.6751812433792
2013-06-10 09:00:00,317.6157231264746,307.99650931101183
2013-06-10 17:00:00,303.1779921991616,303.4211341611043
2013-06-10 18:00:00,302.79102834457615,303.08288818735554
2013-06-10 20:00:00,301.4871074752926,301.56383219338346
2013-06-10 21:00:00,301.2856545235233,301.74339955099197
2013-06-11 05:00:00,309.952838045423,304.72566060917035
2013-06-11 06:00:00,308.47520453830714,303.5409248481362
2013-06-11 08:00:00,304.8404772131028,301.9083381970234
2013-06-11 09:00:00,306.2226134830704,303.0308082944991
2013-06-11 17:00:00,300.65149939115315,300.4542330137937
2013-06-11 18:00:00,300.40326499057295,300.19927491833135
2013-06-11 20:00:00,298.8849454153852,298.7986359912184
2013-06-11 21:00:00,298.3864309255074,298.4883449889478
2013-06-12 05:00:00,309.1360047609303,303.08513442687524
2013-06-12 06:00:00,313.19853546659823,304.8928093814703
2013-06-12 08:00:00,311.88732169552463,305.4158867834529
2013-06-12 09:00:00,313.1932166618265,306.1920615550366
2013-06-12 17:00:00,299.76868919525384,299.8064870261265
2013-06-12 18:00:00,299.3541618547014,299.7074397811537
2013-06-12 20:00:00,299.18428726078736,299.50435536153884
2013-06-12 21:00:00,298.90839521175906,299.2507848989431
2013-06-13 05:00:00,310.15386412727815,304.62977009965755
2013-06-13 06:00:00,312.66858838849885,305.9143533339302
2013-06-13 08:00:00,313.47319298789756,306.230213418029
2013-06-13 09:00:00,313.5644288614094,306.7029852727528
2013-06-13 17:00:00,301.8580481671773,302.39904232642317
2013-06-13 18:00:00,301.368952511639,302.01941237721496
2013-06-13 20:00:00,301.12174385905456,301.96879648170415
2013-06-13 21:00:00,301.0918808806292,301.85805108257
2013-06-14 05:00:00,312.2266027747391,306.18204661694074
2013-06-14 06:00:00,314.56769560592016,307.6290171054552
2013-06-14 08:00:00,315.9766675481811,308.5704157378163
2013-06-14 09:00:00,316.3116277333217,309.08367736534274
2013-06-14 17:00:00,302.92311187885207,303.62020711795947
2013-06-14 18:00:00,302.3156966810418,303.02118263185855
2013-06-14 20:00:00,301.33604536952885,302.17195338644495
2013-06-14 21:00:00,301.05139745585905,301.81171524212436
2013-06-15 05:00:00,311.368919972095,306.3719485713448
2013-06-15 06:00:00,314.1897629795163,307.6906395252387
2013-06-15 08:00:00,316.74544462841726,308.86499571249186
2013-06-15 09:00:00,316.5154015962809,308.72440534453546
2013-06-15 17:00:00,301.42743249079115,301.0940837419272
2013-06-15 18:00:00,300.89463721511913,300.61785914534227
2013-06-15 20:00:00,300.12318907092646,299.9651362532276
2013-06-15 21:00:00,299.6556577520856,299.44325592558266
2013-06-16 05:00:00,304.66509421984847,302.5891654744905
2013-06-16 06:00:00,307.62672238577676,303.56882466226585
2013-06-16 08:00:00,312.98742360730745,305.6910447883312
2013-06-16 09:00:00,313.31217749644134,306.0549266092215
2013-06-16 17:00:00,301.5824286368301,301.5422743928084
2013-06-16 18:00:00,300.88963357840186,300.97666016565455
2013-06-16 20:00:00,300.0139450049731,300.05410940584676
2013-06-16 21:00:00,299.6194558165658,299.7334511967029
2013-06-17 05:00:00,309.45119016673794,304.2567729274004
2013-06-17 06:00:00,311.3228902949023,305.4209719806313
2013-06-17 08:00:00,314.29866773138065,307.20703346005575
2013-06-17 09:00:00,313.1829210231411,306.8598446133324
2013-06-17 17:00:00,298.77142961734245,298.911667669499
2013-06-17 18:00:00,298.4084650636271,298.47244610661534
2013-06-17 20:00:00,297.38151141197545,297.1146865868238
2013-06-17 21:00:00,297.1635419378295,296.8190680270202
2013-06-18 05:00:00,299.8564956970685,298.7483629835038
2013-06-18 06:00:00,301.7418928572504,300.32125835683206
2013-06-18 08:00:00,303.91880466831486,301.77006645966753
2013-06-18 09:00:00,304.7079670440251,302.5955755530594
2013-06-18 17:00:00,297.12343180087754,297.66500203231084
2013-06-18 18:00:00,296.81360326452506,297.7231941399479
2013-06-18 20:00:00,297.0930109009354,298.03533444162144
2013-06-18 21:00:00,297.22467605285175,298.1183578185565
2013-06-19 05:00:00,307.040677933186,303.7515589592086
2013-06-19 06:00:00,309.30606920803643,305.05670478714995
2013-06-19 08:00:00,311.47659576839214,306.242657371956
2013-06-19 09:00:00,311.2132285989489,306.53949736373266
2013-06-19 17:00:00,300.7277056630844,301.75664199335364
2013-06-19 18:00:00,300.34021219450455,301.252749191778
2013-06-19 20:00:00,299.8190535441018,300.71492585121945
2013-06-19 21:00:00,299.43525260843006,300.25229044063434
2013-06-20 05:00:00,307.0838522653918,304.4588826183913
2013-06-20 06:00:00,309.30895796248285,305.99782055588827
2013-06-20 08:00:00,310.9640889219217,307.40650613135296
2013-06-20 09:00:00,310.6247201223036,307.58866865866355
2013-06-20 17:00:00,301.7129846699249,302.5296597238315
2013-06-20 18:00:00,301.1378188169976,301.95972039409344
2013-06-20 20:00:00,300.5423992844686,301.45946929414396
2013-06-20 21:00:00,300.2218882791434,301.04953200424035
2013-06-21 05:00:00,307.33795829032346,304.672760762125
2013-06-21 06:00:00,309.48732732881564,306.0002859906166
2013-06-21 08:00:00,312.07970401428884,307.734090184945
2013-06-21 09:00:00,312.2752921834749,308.10918422986987
2013-06-21 17:00:00,300.91579828717863,301.9705142592796
2013-06-21 18:00:00,300.3617637175808,301.50866421786225
2013-06-21 20:00:00,299.7096582303981,300.77969934025606
2013-06-21 21:00:00,299.3947977262947,300.2847783539806
2013-06-22 05:00:00,306.9663062896493,303.83048832545114
2013-06-22 06:00:00,309.2835153306394,305.2615194923154
2013-06-22 08:00:00,312.3668576609372,307.4898506717065
2013-06-22 09:00:00,312.8121821751764,307.99559352504457
2013-06-22 17:00:00,301.19554784742456,302.02054427841966
2013-06-22 18:00:00,300.5553845844945,301.3655728426847
2013-06-22 20:00:00,300.21069183114497,301.08629973753943
2013-06-22 21:00:00,299.92945377485046,300.71558487103056
2013-06-23 05:00:00,307.30332455392613,304.11669773754244
2013-06-23 06:00:00,309.70623793403615,305.4113691944187
2013-06-23 08:00:00,313.2883349449499,307.4651239098312
2013-06-23 09:00:00,313.3809180355219,307.84294321210064
2013-06-23 17:00:00,301.2574275976337,302.08109091830727
2013-06-23 18:00:00,300.5549910064838,301.4373405468299
2013-06-23 20:00:00,300.02463857124695,300.9863221531473
2013-06-23 21:00:00,299.8048449547155,300.6400248288006
2013-06-24 05:00:00,308.24381379537476,304.6466775197645
2013-06-24 06:00:00,310.97789814953444,306.2189988898937
2013-06-24 08:00:00,314.7357643256754,308.3687408400244
2013-06-24 09:00:00,315.2231724155702,308.875514002537
2013-06-24 17:00:00,302.5895442404255,303.1624696140848
2013-06-24 18:00:00,301.9955186417732,302.6455039566581
2013-06-24 20:00:00,301.50114701892636,302.3914638337076
2013-06-24 21:00:00,301.13183264592766,301.9313647207016
2013-06-25 05:00:00,309.7204029100885,305.8403973689616
2013-06-25 06:00:00,311.7767181866709,307.0686906482479
2013-06-25 08:00:00,315.3277690164481,308.87029944656445
2013-06-25 09:00:00,314.7497404124961,309.0261039087328
2013-06-25 17:00:00,299.72007043776784,300.4377997211756
2013-06-25 18:00:00,299.779236380602,300.77535580486654
2013-06-25 20:00:00,299.0675487312588,300.69310319662463
2013-06-25 21:00:00,298.37582952325994,299.7155052620016
2013-06-26 05:00:00,307.2360287800041,304.69911224412255
2013-06-26 06:00:00,310.1220358920575,306.4962964168131
2013-06-26 08:00:00,312.6961087078453,307.79731143898516
2013-06-26 09:00:00,312.87671827131135,308.2772438037561
2013-06-26 17:00:00,302.16465521813905,303.4261552901775
2013-06-26 18:00:00,302.06877357236044,302.8184198929092
2013-06-26 20:00:00,301.34694155559333,301.6463739897695
2013-06-26 21:00:00,300.7570494900132,300.91683616696963
2013-06-27 05:00:00,306.7640739875876,304.04237673719786
2013-06-27 06:00:00,309.0727001360642,305.40987900556144
2013-06-27 08:00:00,313.2040770873083,307.68528808687796
2013-06-27 09:00:00,313.4660933249169,308.06711934564294
2013-06-27 17:00:00,301.8729374772411,302.4489673679158
2013-06-27 18:00:00,301.28489767347907,301.9775327144676
2013-06-27 20:00:00,301.02827432453176,301.6739948431406
2013-06-27 21:00:00,300.63339040606337,301.05115616009306
2013-06-28 05:00:00,306.80150231595036,303.87609905601465
2013-06-28 06:00:00,307.8228608823521,304.5284938724089
2013-06-28 08:00:00,311.5507665084581,306.6757352620317
2013-06-28 09:00:00,311.2620643180765,306.8181203363122
2013-06-28 17:00:00,302.00503735182286,302.551048267053
2013-06-28 18:00:00,301.45319755565953,302.1324619710538
2013-06-28 20:00:00,301.1180748373775,301.7100771770272
2013-06-28 21:00:00,300.95036971881325,301.39919916984667
2013-06-29 05:00:00,306.8362907797603,303.71859870522707
2013-06-29 06:00:00,308.3309993185505,304.7176528013726
2013-06-29 08:00:00,311.89838638658335,306.6874932992991
2013-06-29 09:00:00,312.2582836650737,307.156338872454
2013-06-29 17:00:00,301.7791126174809,302.0733735682601
2013-06-29 18:00:00,301.22922296039127,301.6405009782553
2013-06-29 20:00:00,301.15537879132717,301.5766943415802
2013-06-29 21:00:00,301.06745736661424,301.343833582427
2013-06-30 05:00:00,306.5616354214943,303.63815378150883
2013-06-30 06:00:00,309.57360543602243,305.66280290929853
2013-06-30 08:00:00,313.86543328001613,307.8683003335962
2013-06-30 09:00:00,314.61891042653514,308.605685735153
2013-06-30 17:00:00,301.9552234949427,302.16648749541065
2013-06-30 18:00:00,301.3447604421842,301.66981064336505
2013-06-30 20:00:00,300.63382388263346,301.0660846633794
2013-06-30 21:00:00,300.3178991896713,300.7552418760232
2013-07-01 05:00:00,308.96748972747287,305.1537291257885
2013-07-01 06:00:00,310.83833157814155,306.075193078933
2013-07-01 08:00:00,315.26567291588924,308.7681238676991
2013-07-01 09:00:00,315.42102271786825,309.0760265991023
2013-07-01 17:00:00,302.8113541566353,302.85087811157035
2013-07-01 18:00:00,302.10101280741407,302.16652311492595
2013-07-01 20:00:00,301.3269647442505,301.6408763820842
2013-07-01 21:00:00,300.6541293809888,300.89861374018926
2013-07-02 05:00:00,309.566144522974,305.57966272856686
2013-07-02 06:00:00,312.1110302847229,307.0931939593816
2013-07-02 08:00:00,314.63762821144604,308.6993060001791
2013-07-02 09:00:00,315.3758771335032,309.33556423569314
2013-07-02 17:00:00,299.4883462350431,299.574563142515
2013-07-02 18:00:00,299.2487222821393,299.5004192287639
2013-07-02 20:00:00,299.0665563927226,298.89664702569763
2013-07-02 21:00:00,299.0550019627176,299.030209886642
2013-07-03 05:00:00,301.89483407465815,301.6767786904733
2013-07-03 06:00:00,303.7922924024114,302.8119006752049
2013-07-03 08:00:00,309.1529233018496,305.11632242775846
2013-07-03 09:00:00,308.63770880794675,305.4120636221441
2013-07-03 17:00:00,301.4880883403478,301.69126767480316
2013-07-03 18:00:00,300.7709935545371,300.9761743060613
2013-07-03 20:00:00,300.0371026742991,300.49739801204083
2013-07-03 21:00:00,299.8095299907385,300.2084449333109
2013-07-04 05:00:00,307.23679792642224,302.88566293113956
2013-07-04 06:00:00,307.31048628655714,302.54139116989626
2013-07-04 08:00:00,308.77236588159224,304.7570713554582
2013-07-04 09:00:00,310.1425175130459,305.44441096183886
2013-07-04 17:00:00,299.003462193376,299.0499679494896
2013-07-04 18:00:00,298.86033999497425,298.96399734567603
2013-07-04 20:00:00,298.4740531698031,298.79929891389395
2013-07-04 21:00:00,298.0875928787678,298.5566651707254
2013-07-05 05:00:00,303.40258365860336,301.6744169872972
2013-07-05 06:00:00,303.65580777725194,301.8729939747298
2013-07-05 08:00:00,305.53715343504734,302.97098469550514
2013-07-05 09:00:00,306.0296909232353,303.553235164225
2013-07-05 17:00:00,300.5303403034416,300.85125998098795
2013-07-05 18:00:00,299.9286160931933,300.2762884248754
2013-07-05 20:00:00,299.39324838317964,299.6612608546653
2013-07-05 21:00:00,299.0745370920707,299.3204262943591
2013-07-06 05:00:00,302.60539786363785,301.4940340485889
2013-07-06 06:00:00,304.72610163284565,302.4921582050059
2013-07-06 08:00:00,305.95789404165214,303.24600497159093
2013-07-06 09:00:00,306.374181856176,303.7315574610729
2013-07-06 17:00:00,300.8243389864365,301.32931803040583
2013-07-06 18:00:00,300.52745613368523,301.00456583408067
2013-07-06 20:00:00,299.07078723878084,299.11965340495294
2013-07-06 21:00:00,298.150988821256,298.6446246601217
2013-07-07 05:00:00,298.9542175198923,298.8402418891895
2013-07-07 06:00:00,299.8716657312331,299.46993679992954
2013-07-07 08:00:00,305.53251725536285,303.58907001889173
2013-07-07 09:00:00,307.1381216886782,304.42070877239775
2013-07-07 17:00:00,299.7327303423537,300.2967410565157
2013-07-07 18:00:00,298.8844803397204,299.67955889356523
2013-07-07 20:00:00,298.28330471703015,299.3172837596829
2013-07-07 21:00:00,298.0086400483165,299.0807230615836
2013-07-08 05:00:00,299.1139577151447,298.82282669702187
2013-07-08 06:00:00,299.3589361158468,298.9652799068504
2013-07-08 08:00:00,306.35001082927306,304.4907942949715
2013-07-08 09:00:00,307.1786265086687,304.7873961649984
2013-07-08 17:00:00,299.0823294194344,300.442565635834
2013-07-08 18:00:00,299.19867888510873,300.08085853329794
2013-07-08 20:00:00,298.65271602683515,299.2826830330542
2013-07-08 21:00:00,298.38554993616236,299.0797096099618
2013-07-09 05:00:00,299.7413772794609,300.7111189361714
2013-07-09 06:00:00,302.0869161079771,302.04791104591504
2013-07-09 08:00:00,307.8784622639097,305.32332421818575
2013-07-09 09:00:00,308.5117636799629,305.6441160416567
2013-07-09 17:00:00,300.0878111335272,300.9179102305455
2013-07-09 18:00:00,299.6319588071944,300.4254402666136
2013-07-09 20:00:00,299.3340388270115,299.93502041151055
2013-07-09 21:00:00,299.09468139742484,299.5235812946902
2013-07-10 05:00:00,302.6448715515607,301.23934790753805
2013-07-10 06:00:00,304.99836074993686,302.5189416823659
2013-07-10 08:00:00,308.70319511049155,304.93088979383094
2013-07-10 09:00:00,308.93266858305145,305.47125422825985
2013-07-10 17:00:00,300.4404643900773,301.3511132709051
2013-07-10 18:00:00,300.0162391368707,300.90771072928453
2013-07-10 20:00:00,299.34235648932554,300.0892224422037
2013-07-10 21:00:00,299.0152307636749,299.65792416424154
2013-07-11 05:00:00,305.4757373733403,303.12500679474584
2013-07-11 06:00:00,307.598836278695,304.442755277425
2013-07-11 08:00:00,311.2217085592919,305.61193676024266
2013-07-11 09:00:00,311.8342434217456,306.29285782401115
2013-07-11 17:00:00,300.9326447896855,301.5418831188984
2013-07-11 18:00:00,300.107219419788,300.9558867232642
2013-07-11 20:00:00,298.13716358249474,298.66256396465565
2013-07-11 21:00:00,297.5138194314872,297.97002941066944
2013-07-12 05:00:00,302.1639609079699,300.9083200933753
2013-07-12 06:00:00,304.6522662569819,302.82676572167816
2013-07-12 08:00:00,307.148309481346,303.996934464606
2013-07-12 09:00:00,307.071780094564,303.8894147358617
2013-07-12 17:00:00,300.51545139306864,300.95361109470554
2013-07-12 18:00:00,300.2767290253485,300.71947565064045
2013-07-12 20:00:00,299.5543377469244,299.9588084404568
2013-07-12 21:00:00,299.1420332757277,299.50443856778605
2013-07-13 05:00:00,305.2588747139154,301.9392427935255
2013-07-13 06:00:00,308.69011437837804,303.43780395319726
2013-07-13 08:00:00,311.53048823610845,304.9285257630429
2013-07-13 09:00:00,311.9478697695975,305.42864802144527
2013-07-13 17:00:00,298.65908427892373,298.8750907298413
2013-07-13 18:00:00,298.14438486907443,298.4849538700239
2013-07-13 20:00:00,297.8831562106892,298.2630982714919
2013-07-13 21:00:00,297.8344344740105,298.09447104243907
2013-07-14 05:00:00,301.4430076940034,300.8155968758652
2013-07-14 06:00:00,301.5996973540272,301.20641937020747
2013-07-14 08:00:00,307.09435858822013,303.8281202037088
2013-07-14 09:00:00,307.6599525957152,304.0750177791931
2013-07-14 17:00:00,299.7150476393972,300.01701394949566
2013-07-14 18:00:00,299.321387997761,299.57770360820285
2013-07-14 20:00:00,297.56909995527224,298.5446286664355
2013-07-14 21:00:00,297.37226498549455,298.2857819543965
2013-07-15 05:00:00,299.8170102535301,299.3623918436341
2013-07-15 06:00:00,299.9115528876683,299.7174238725142
2013-07-15 08:00:00,303.23149249954105,302.6620944923906
2013-07-15 09:00:00,303.7941332377712,303.0421024551744
2013-07-15 17:00:00,299.819685620042,300.4937737087256
2013-07-15 18:00:00,299.4751424921679,300.1346072533465
2013-07-15 20:00:00,298.2677574451605,298.87426421601896
2013-07-15 21:00:00,297.6118506150914,298.31141667299903
2013-07-16 05:00:00,300.4179012492552,300.041232210462
2013-07-16 06:00:00,303.52390071827756,301.53846018927857
2013-07-16 08:00:00,306.85016097199565,303.22856332928814
2013-07-16 09:00:00,306.1469493331087,303.1366831539959
2013-07-16 17:00:00,300.1307308155877,300.8520972394429
2013-07-16 18:00:00,299.5432740903599,300.35576264039025
2013-07-16 20:00:00,299.5243411306608,300.6019502942478
2013-07-16 21:00:00,299.33781141566203,300.200749895422
2013-07-17 05:00:00,304.65782856757545,302.40752026480044
2013-07-17 06:00:00,305.2519281795837,303.02251755254485
2013-07-17 08:00:00,310.1653990899837,305.7926888017699
2013-07-17 09:00:00,310.6581807658191,306.41217257318954
2013-07-17 17:00:00,298.9087610230057,299.6923301003196
2013-07-17 18:00:00,298.5341807219942,299.3798031799599
2013-07-17 20:00:00,297.5596323116167,298.2867628899855
2013-07-17 21:00:00,297.2892695869246,297.97056857022375
2013-07-18 05:00:00,301.5253012588101,300.58675632564973
2013-07-18 06:00:00,303.9396671007154,302.3782529669293
2013-07-18 08:00:00,307.2004642104515,304.6717175452845
2013-07-18 09:00:00,308.2099455611548,305.2486754947892
2013-07-18 17:00:00,300.70931381437185,301.5140495123959
2013-07-18 18:00:00,300.31616352004886,300.9602517244078
2013-07-18 20:00:00,300.1690128837785,300.7530324080692
2013-07-18 21:00:00,299.7937330060821,300.1487088196083
2013-07-19 05:00:00,300.91861312231407,300.2092392837689
2013-07-19 06:00:00,302.919961326846,301.36664403789035
2013-07-19 08:00:00,307.39504468826743,304.2921620796568
2013-07-19 09:00:00,307.92373005965453,304.8265542851758
2013-07-19 17:00:00,299.5507177696757,300.321481031703
2013-07-19 18:00:00,297.80871201149307,299.83468738432475
2013-07-19 20:00:00,297.44398815936773,299.2278479295445
2013-07-19 21:00:00,297.4119668264051,298.96304074421136
2013-07-20 05:00:00,300.7307367545247,300.34232571312384
2013-07-20 06:00:00,300.43302792870946,300.1759947554907
2013-07-20 08:00:00,301.80944843027737,300.7152783080867
2013-07-20 09:00:00,301.0957451630814,300.34185182074737
2013-07-20 17:00:00,298.10756242514026,298.3761850836097
2013-07-20 18:00:00,297.8273679148435,298.14978325936386
2013-07-20 20:00:00,297.34131912678157,297.71401946974464
2013-07-20 21:00:00,297.00871424976225,297.45156778062255
2013-07-21 05:00:00,297.7756661060962,297.57138454161003
2013-07-21 06:00:00,298.33100616031874,297.9374480636903
2013-07-21 08:00:00,299.2357463630947,299.62820067795104
2013-07-21 09:00:00,300.7925595135094,300.8606187911541
2013-07-21 17:00:00,297.5806810940359,298.76304050439677
2013-07-21 18:00:00,297.1205692614539,298.2815626288415
2013-07-21 20:00:00,297.1785317113844,297.9411776032764
2013-07-21 21:00:00,296.978777869273,297.7166324374488
2013-07-22 05:00:00,298.11445754040926,298.26739405557083
2013-07-22 06:00:00,298.7301832766305,298.85934767994934
2013-07-22 08:00:00,300.21184726709214,299.55975539291217
2013-07-22 09:00:00,301.35717206816827,300.760889720476
2013-07-22 17:00:00,298.19427976916865,298.98651607378235
2013-07-22 18:00:00,297.90473430145687,298.77276663052834
2013-07-22 20:00:00,297.2153011374922,297.55820717833626
2013-07-22 21:00:00,296.95595069732434,297.3360701268553
2013-07-23 05:00:00,300.38868581716014,299.5136489515496
2013-07-23 06:00:00,302.1700723703911,300.4028041469298
2013-07-23 08:00:00,305.6746467390486,301.6432901391263
2013-07-23 09:00:00,307.33589743686196,302.67229121932627
2013-07-23 17:00:00,298.50546852429216,299.19801866622475
2013-07-23 18:00:00,298.15886106329447,298.8545081751373
2013-07-23 20:00:00,297.779732585137,298.41349113005884
2013-07-23 21:00:00,297.70250907627565,298.19739583019856
2013-07-24 05:00:00,305.44740859679706,302.77852845743
2013-07-24 06:00:00,306.85310603584094,303.63052586818515
2013-07-24 08:00:00,307.814356728952,304.54619364451924
2013-07-24 09:00:00,306.84619347523835,303.80081889148124
2013-07-24 17:00:00,299.69592362743316,300.3312125889289
2013-07-24 18:00:00,299.27375673549756,299.83123222080695
2013-07-24 20:00:00,298.6938727192225,299.27220127946237
2013-07-24 21:00:00,298.5829522319494,299.13179608596306
2013-07-25 05:00:00,301.69022403476055,300.7225682709728
2013-07-25 06:00:00,304.41407545468843,301.797688770735
2013-07-25 08:00:00,306.8379571147619,304.1809245434307
2013-07-25 09:00:00,308.0756322922435,304.3629935430636
2013-07-25 17:00:00,298.21540665589794,298.30110612819306
2013-07-25 18:00:00,297.93065258901913,297.8733099186549
2013-07-25 20:00:00,297.21945362061683,297.4190979709243
2013-07-25 21:00:00,297.27565355109874,297.5399977532668
2013-07-26 05:00:00,297.95888936611465,297.31844048874774
2013-07-26 06:00:00,298.0481434544356,297.7268511238745
2013-07-26 08:00:00,302.2543636610034,301.0988496095631
2013-07-26 09:00:00,303.3622479548991,301.6981919910213
2013-07-26 17:00:00,297.6973411195635,298.12540998885004
2013-07-26 18:00:00,297.46017401978855,297.8613590892915
2013-07-26 20:00:00,297.285381887286,297.5845765523808
2013-07-26 21:00:00,297.16261209214593,297.4821694819329
2013-07-27 05:00:00,301.03969354144596,299.9301919804883
2013-07-27 06:00:00,301.02382204969786,300.4080479978964
2013-07-27 08:00:00,301.39653071563674,300.43796780296765
2013-07-27 09:00:00,301.5428002450059,300.8477860555076
2013-07-27 17:00:00,297.48417964517984,297.6996192873351
2013-07-27 18:00:00,297.34654579103824,297.5160401613209
2013-07-27 20:00:00,297.09552956509117,296.8413685473896
2013-07-27 21:00:00,297.074628433204,296.8353531988817
2013-07-28 05:00:00,298.3264600521611,297.40972742865375
2013-07-28 06:00:00,298.3401878838914,297.86930289951795
2013-07-28 08:00:00,302.474109197067,300.8719410947732
2013-07-28 09:00:00,303.7647451862165,301.2597490966044
2013-07-28 17:00:00,297.8242915407719,298.12525319244907
2013-07-28 18:00:00,297.58868356478416,297.88318630506524
2013-07-28 20:00:00,297.1714075026784,297.42854765199917
2013-07-28 21:00:00,296.9744909019059,297.15241073349773
2013-07-29 05:00:00,300.51911822820114,300.1428100162736
2013-07-29 06:00:00,303.5731433227727,301.4667446565554
2013-07-29 08:00:00,304.225388161023,301.8401561907517
2013-07-29 09:00:00,304.27565653702516,302.1084222778885
2013-07-29 17:00:00,298.5347750859194,298.7864457704988
2013-07-29 18:00:00,298.11693985620155,298.2496182716499
2013-07-29 20:00:00,297.50036005099497,297.55883643292873
2013-07-29 21:00:00,297.2223120925974,297.25963906404235
2013-07-30 05:00:00,301.9955086965223,299.9247444047032
2013-07-30 06:00:00,301.48556974672573,299.71833902367825
2013-07-30 08:00:00,307.58184939062653,303.6000186114907
2013-07-30 09:00:00,307.19398985217646,303.57205400040783
2013-07-30 17:00:00,298.46836963530137,299.091836326846
2013-07-30 18:00:00,297.832829150654,298.54827709227396
2013-07-30 20:00:00,297.3927102346083,298.56753829227205
2013-07-30 21:00:00,297.44017720038795,298.41330887099446
2013-07-31 05:00:00,302.82693147585826,301.2151491138711
2013-07-31 06:00:00,305.04301899350116,302.139871018326
2013-07-31 08:00:00,304.3032276171198,301.8213099874958
2013-07-31 09:00:00,303.9038944802777,301.71457555738544
2013-07-31 17:00:00,297.4548827701798,298.34741074572355
2013-07-31 18:00:00,297.1751495032171,298.1113659075486
2013-07-31 20:00:00,296.8347156918472,297.49757982439183
2013-07-31 21:00:00,296.61843277236164,297.3492511343699
2013-08-01 05:00:00,302.88771550864766,300.8330063548037
2013-08-01 06:00:00,303.16711188317817,301.33871368267137
2013-08-01 08:00:00,303.6235550937741,302.11672679742423
2013-08-01 09:00:00,302.9913339012393,300.68853019161844
2013-08-01 17:00:00,298.263564499207,298.7201444511237
2013-08-01 18:00:00,298.16068022129906,298.59459113780815
2013-08-01 20:00:00,298.1507448452096,298.88612227006394
2013-08-01 21:00:00,297.9699920748342,298.63838748314714
2013-08-02 05:00:00,303.7019989530919,301.83286982508395
2013-08-02 06:00:00,304.82710320189113,302.5090219647565
2013-08-02 08:00:00,306.278515643809,303.5835492996663
2013-08-02 09:00:00,306.26958349195576,303.77710292445863
2013-08-02 17:00:00,299.0822234072928,299.64211916225537
2013-08-02 18:00:00,298.6345706228483,298.94115016566957
2013-08-02 20:00:00,297.6235605483797,298.41842898235114
2013-08-02 21:00:00,297.4003719570824,297.9780272732163
2013-08-03 05:00:00,302.6148871141149,300.4105882923849
2013-08-03 06:00:00,304.05861888350614,301.1698991396394
2013-08-03 08:00:00,304.2276642127838,302.046895736906
2013-08-03 09:00:00,303.52180765442927,300.4100605592889
2013-08-03 17:00:00,297.908114252546,298.41896289890093
2013-08-03 18:00:00,297.60802996948433,298.0907409620946
2013-08-03 20:00:00,297.250423202162,297.3362021659299
2013-08-03 21:00:00,296.87327982427894,297.03278441348317
2013-08-04 05:00:00,300.62140115934824,299.7116088632075
2013-08-04 06:00:00,301.7201522803637,300.4078312478558
2013-08-04 08:00:00,302.2331398374678,300.7839710253229
2013-08-04 09:00:00,302.9031358198686,301.43462114378195
2013-08-04 17:00:00,298.19110323725204,298.9469904260386
2013-08-04 18:00:00,297.97391955547596,298.73685369506273
2013-08-04 20:00:00,297.6800483033543,298.24534606933594
2013-08-04 21:00:00,297.4873263648552,297.83703204185827
2013-08-05 05:00:00,298.38433983660263,298.4837652362183
2013-08-05 06:00:00,298.88441335622264,299.24412616559283
2013-08-05 08:00:00,305.3255416329359,302.32402788582493
2013-08-05 09:00:00,304.13352206895826,301.6350982383881
2013-08-05 17:00:00,298.2455497236208,299.03769950690366
2013-08-05 18:00:00,297.99506522767905,298.7511813688352
2013-08-05 20:00:00,297.71157557130414,298.4507738533667
2013-08-05 21:00:00,297.4907215041997,298.24706636261317
2013-08-06 05:00:00,300.89027174375093,300.1827113970035
2013-08-06 06:00:00,301.84991744266273,300.8222614635121
2013-08-06 08:00:00,300.35955989232235,299.61565879974603
2013-08-06 09:00:00,301.46592312711414,300.0815653984646
2013-08-06 17:00:00,297.1951996225789,297.7372558311615
2013-08-06 18:00:00,297.0713192274097,297.48114789542507
2013-08-06 20:00:00,297.3556787993397,297.93283092810304
2013-08-06 21:00:00,297.4327321339095,298.0057180489892
2013-08-07 05:00:00,298.669118167072,298.62030043403615
2013-08-07 06:00:00,299.61854597893995,299.2761032974408
2013-08-07 08:00:00,302.29650425139494,301.041471366706
2013-08-07 09:00:00,303.29869237115093,301.4923340925267
2013-08-07 17:00:00,298.24129261551724,298.68031435644684
2013-08-07 18:00:00,297.92562595831777,298.40849015011077
2013-08-07 20:00:00,297.744485628807,298.50440605175334
2013-08-07 21:00:00,297.6341851797236,298.32308205250416
2013-08-08 05:00:00,301.6721082784362,300.6952615041394
2013-08-08 06:00:00,303.54044362025564,301.6970205204145
2013-08-08 08:00:00,303.3088324360194,301.63886349153444
2013-08-08 09:00:00,303.44582605582355,301.81201851349584
2013-08-08 17:00:00,298.116076006544,298.74330931488646
2013-08-08 18:00:00,297.6807265553526,298.3261629407321
2013-08-08 20:00:00,297.24095482965834,298.01171813870803
2013-08-08 21:00:00,297.06486365460836,297.69146775538087
2013-08-09 05:00:00,298.6508041170235,298.45539507990816
2013-08-09 06:00:00,299.6104957333699,299.22770204235485
2013-08-09 08:00:00,298.8329880630658,298.4306261153728
2013-08-09 09:00:00,298.7559853716881,298.4850780563472
2013-08-09 17:00:00,296.5860075164466,297.21547453282244
2013-08-09 18:00:00,296.3585625929164,296.87658239990606
2013-08-09 20:00:00,296.06199330945594,296.46788582118523
2013-08-09 21:00:00,295.9990391194913,296.2474410611051
2013-08-10 05:00:00,297.8549182110097,297.62522864672366
2013-08-10 06:00:00,298.4755795424451,298.2450099997969
2013-08-10 08:00:00,299.9292772760377,299.6527939430554
2013-08-10 09:00:00,300.90937111594457,299.9006956832251
2013-08-10 17:00:00,296.39908213093764,296.81757421743333
2013-08-10 18:00:00,296.27513950153934,296.7012616173696
2013-08-10 20:00:00,296.3144951395702,296.78872062318675
2013-08-10 21:00:00,296.1746781265424,296.51254810868136
2013-08-11 05:00:00,298.1797905497264,297.70562788811964
2013-08-11 06:00:00,298.0129856291831,298.1216824242073
2013-08-11 08:00:00,297.75823680718986,298.07673097207845
2013-08-11 09:00:00,297.7738815096016,298.2028422774446
2013-08-11 17:00:00,296.6454647164132,297.193590702004
2013-08-11 18:00:00,296.57368144783294,297.0964220279171
2013-08-11 20:00:00,296.7776517001065,297.23362560301604
2013-08-11 21:00:00,296.7710883753325,297.14761204418306
2013-08-12 05:00:00,297.95985064631435,297.56417837275194
2013-08-12 06:00:00,298.2989931973544,298.1048556476235
2013-08-12 08:00:00,302.0454326800095,300.38720122397586
2013-08-12 09:00:00,302.659679559787,301.1247235314321
2013-08-12 17:00:00,296.9912002869122,296.94604428707174
2013-08-12 18:00:00,296.9242611078341,296.73619418151577
2013-08-12 20:00:00,296.7235218159774,296.6674613306078
2013-08-12 21:00:00,296.6035170121626,296.582245084648
2013-08-13 05:00:00,298.96227448967466,297.5319772494042
2013-08-13 06:00:00,299.7550984104903,298.6115228215058
2013-08-13 08:00:00,303.84609975947075,301.1749688429164
2013-08-13 09:00:00,305.8995870346281,302.25846070464473
2013-08-13 17:00:00,297.41067361464303,297.5464738513729
2013-08-13 18:00:00,297.1461598964979,297.3381605104232
2013-08-13 20:00:00,297.2275879893722,297.4593336108286
2013-08-13 21:00:00,296.9161500387089,297.1192112527386
2013-08-14 05:00:00,301.2962679400099,300.2673770804618
2013-08-14 06:00:00,302.5042334558049,300.30725692490404
2013-08-14 08:00:00,302.7038291848863,300.93450076627806
2013-08-14 09:00:00,301.75653174919046,299.5558949663019
2013-08-14 17:00:00,297.30388651937477,297.82182993837426
2013-08-14 18:00:00,297.0446945449053,297.5258366330563
2013-08-14 20:00:00,296.71537837188674,297.0850397941695
2013-08-14 21:00:00,296.4005358068528,296.7481593762414
2013-08-15 05:00:00,301.546176951545,299.86673258118714
2013-08-15 06:00:00,303.2121145662799,300.94584194941586
2013-08-15 08:00:00,303.9335158337798,301.8222391513537
2013-08-15 09:00:00,304.0512048988754,302.0669726825826
2013-08-15 17:00:00,297.7553616892576,298.0158715857931
2013-08-15 18:00:00,297.57215808462837,297.8135314847362
2013-08-15 20:00:00,297.0439988475735,297.0492010366384
2013-08-15 21:00:00,296.63407716912735,296.80165372827935
2013-08-16 05:00:00,297.160378125489,297.0620106607446
2013-08-16 06:00:00,298.1719825638828,297.8305354654697
2013-08-16 08:00:00,300.8257251145843,300.31771128791144
2013-08-16 09:00:00,302.1062824266901,300.8266785890553
2013-08-16 17:00:00,297.4103838857407,298.02658732315797
2013-08-16 18:00:00,297.2019848463532,297.74006255492225
2013-08-16 20:00:00,296.8149141802443,297.1856314213875
2013-08-16 21:00:00,296.70128903146514,297.2258290201196
2013-08-17 05:00:00,298.0895992802178,297.58840312281814
2013-08-17 06:00:00,299.25343985770627,298.22311899805294
2013-08-17 08:00:00,302.3585112914099,300.8690515879674
2013-08-17 09:00:00,302.1341706968052,301.03932300444194
2013-08-17 17:00:00,297.2688016024503,297.92763823757554
2013-08-17 18:00:00,297.14643756413864,297.78651465840625
2013-08-17 20:00:00,296.87401027121047,297.5726736389067
2013-08-17 21:00:00,296.77672655666925,297.440926409282
2013-08-18 05:00:00,300.79577582642924,300.08800072809584
2013-08-18 06:00:00,302.1660963390568,301.04085878157656
2013-08-18 08:00:00,304.3793622033071,302.14809879720303
2013-08-18 09:00:00,304.6369296927665,302.4119050624007
2013-08-18 17:00:00,297.52090804418907,298.26625775776586
2013-08-18 18:00:00,297.1275869172601,297.92206217291175
2013-08-18 20:00:00,296.74390741709755,297.51903013161774
2013-08-18 21:00:00,296.4224964958861,297.0599497132382
2013-08-19 05:00:00,300.2979624884889,299.5717082207302
2013-08-19 06:00:00,301.09237179513707,300.2347000192604
2013-08-19 08:00:00,303.66512567787584,302.07604425603694
2013-08-19 09:00:00,304.34218109554064,302.47838020030815
2013-08-19 17:00:00,298.020217096126,298.96823867774344
2013-08-19 18:00:00,297.8977692872975,298.6479385446511
2013-08-19 20:00:00,297.26371962631066,297.7965646282367
2013-08-19 21:00:00,297.0361138154252,297.5384023046273
2013-08-20 05:00:00,298.1783271166503,297.85622703422933
2013-08-20 06:00:00,298.5910336769233,298.44022217737324
2013-08-20 08:00:00,300.851531794332,300.2508061295849
2013-08-20 09:00:00,300.00463401665127,300.363714514969
2013-08-20 17:00:00,298.0163839895663,298.88906251410674
2013-08-20 18:00:00,297.83881788444813,298.5856241658215
2013-08-20 20:00:00,296.8643715598367,297.5075940101283
2013-08-20 21:00:00,295.9067886893297,296.7374322124182
2013-08-21 05:00:00,296.1956498156344,296.5630336814375
2013-08-21 06:00:00,297.16344892739886,297.34957916306786
2013-08-21 08:00:00,299.5937132754568,300.2312558354876
2013-08-21 09:00:00,299.9376012393617,300.32580879105626
2013-08-21 17:00:00,296.5422738990725,296.9242402063496
2013-08-21 18:00:00,296.2638793616155,296.6526281653641
2013-08-21 20:00:00,295.90457141564696,296.67758782949585
2013-08-21 21:00:00,295.7697432037495,296.5244048931198
2013-08-22 05:00:00,299.62249311497106,298.9118267229783
2013-08-22 06:00:00,301.88464738701816,300.38205974090994
2013-08-22 08:00:00,303.1102380737869,301.1885258890631
2013-08-22 09:00:00,302.9979534883896,301.56846943107337
2013-08-22 17:00:00,297.03283075411997,297.71205882115066
2013-08-22 18:00:00,296.6471422897833,297.2570572487195
2013-08-22 20:00:00,296.57351879713536,297.2312749030961
2013-08-22 21:00:00,296.3019485591189,296.86702047621344
2013-08-23 05:00:00,302.2267760054907,300.28305893061895
2013-08-23 06:00:00,303.81571988662694,301.4378680213023
2013-08-23 08:00:00,304.8616820865861,302.32935459037043
2013-08-23 09:00:00,305.2499253518409,302.6426955871112
2013-08-23 17:00:00,297.74011898187723,298.12197615001895
2013-08-23 18:00:00,297.3551304939165,297.5565200123839
2013-08-23 20:00:00,297.0054120268036,297.4174981727071
2013-08-23 21:00:00,296.74848954446145,297.04535535157004
2013-08-24 05:00:00,300.8691766442062,299.30695821471136
2013-08-24 06:00:00,303.80852765992904,300.5972491295202
2013-08-24 08:00:00,306.86680711179,303.4789806301311
2013-08-24 09:00:00,306.00385833411076,303.19274154686593
2013-08-24 17:00:00,297.7649050625888,298.2390474104918
2013-08-24 18:00:00,297.31904832460845,297.7340229663349
2013-08-24 20:00:00,296.99883746366106,297.8304465224821
2013-08-24 21:00:00,296.84036607551286,297.5847779966099
2013-08-25 05:00:00,304.30528082943107,301.7537164673416
2013-08-25 06:00:00,305.7064729993259,302.49653576114696
2013-08-25 08:00:00,308.2868550775231,304.02232217421334
2013-08-25 09:00:00,308.239731352208,303.9958604480526
2013-08-25 17:00:00,298.9950685192514,299.823343661974
2013-08-25 18:00:00,298.7766151369445,299.56293801423766
2013-08-25 20:00:00,298.2656424688448,298.8726572468762
2013-08-25 21:00:00,297.9366066672585,298.48714114337565
2013-08-26 05:00:00,302.7315111204362,300.8414373412522
2013-08-26 06:00:00,304.44506128249446,302.049197745066
2013-08-26 08:00:00,306.24348007695886,303.7854175068013
2013-08-26 09:00:00,306.3634916520082,304.11210260846764
2013-08-26 17:00:00,298.6269617301106,299.28562492288313
2013-08-26 18:00:00,298.12263519334135,298.68370502865736
2013-08-26 20:00:00,297.201081685917,297.7982089097033
2013-08-26 21:00:00,296.9788966009907,297.6510926233418
2013-08-27 05:00:00,301.4021048758908,300.250594034768
2013-08-27 06:00:00,303.16355733768603,301.3502323285824
2013-08-27 08:00:00,305.0383426096113,302.8075241770693
2013-08-27 09:00:00,305.0385004405065,302.97092920899945
2013-08-27 17:00:00,297.049337966049,297.8529864577189
2013-08-27 18:00:00,296.7006868147887,297.5315053554823
2013-08-27 20:00:00,296.09016028170595,296.9071059498838
2013-08-27 21:00:00,295.832104463974,296.63236395273077
2013-08-28 05:00:00,301.3350462127357,300.20161508521977
2013-08-28 06:00:00,302.96785847762334,301.1591019123472
2013-08-28 08:00:00,302.5565636962515,301.0337810075522
2013-08-28 09:00:00,302.883698967462,301.28061190518474
2013-08-28 17:00:00,296.60829353038633,297.53771937389405
2013-08-28 18:00:00,296.12757088260037,297.12183879740616
2013-08-28 20:00:00,295.5902287699225,296.5211708057092
2013-08-28 21:00:00,295.3540716185959,296.2394894921725
2013-08-29 05:00:00,301.8079410547101,300.5108398766657
2013-08-29 06:00:00,303.6575072630896,301.77042126765787
2013-08-29 08:00:00,304.6339695111996,302.5181990566166
2013-08-29 09:00:00,304.64752119678565,302.63835212225547
2013-08-29 17:00:00,297.3674893136752,298.35228669294406
2013-08-29 18:00:00,296.8671998433964,297.8173593012688
2013-08-29 20:00:00,296.4321153402696,297.35216572765944
2013-08-29 21:00:00,296.06834411621094,296.90240586667284
2013-08-30 05:00:00,299.84882268920336,299.19490255817243
2013-08-30 06:00:00,301.05085244200814,300.05600347063387
2013-08-30 08:00:00,302.8853480922423,301.9001071030627
2013-08-30 09:00:00,302.9098479237138,302.0114662393767
2013-08-30 17:00:00,296.3840119019495,297.4140970379987
2013-08-30 18:00:00,295.9843822414592,296.98790321291324
2013-08-30 20:00:00,295.2675945828618,296.37118365694823
2013-08-30 21:00:00,295.06853573274543,296.1264545928532
2013-08-31 05:00:00,302.3775169948584,300.6898765387631
2013-08-31 06:00:00,303.9673450863784,301.7392241209057
2013-08-31 08:00:00,305.5557770104548,303.0007431194852
2013-08-31 09:00:00,305.78326787493074,303.3620174037657
2013-08-31 17:00:00,296.86560086807225,297.8670612681996
2013-08-31 18:00:00,296.45017022601627,297.4014540144769
2013-08-31 20:00:00,295.79543867537353,296.83648380696866
2013-08-31 21:00:00,295.49809631911927,296.4687151093329
2013-09-01 05:00:00,302.81429343671755,300.70551719724307
2013-09-01 06:00:00,304.6875367245432,301.9564262589982
2013-09-01 08:00:00,306.243156938597,303.2142702640481
2013-09-01 09:00:00,306.1422998695785,303.4368116616835
2013-09-01 17:00:00,296.85969611639604,297.8837360681848
2013-09-01 18:00:00,296.31236497499907,297.28148374866083
2013-09-01 20:00:00,295.44825107474543,296.55835609847486
2013-09-01 21:00:00,295.1682086350922,296.26725110728495
2013-09-02 05:00:00,303.01731884314205,300.95822004838425
2013-09-02 06:00:00,304.8927291611494,302.2115790274551
2013-09-02 08:00:00,306.4240253136963,303.5496076868936
2013-09-02 09:00:00,306.0494356081923,303.66827752299963
2013-09-02 17:00:00,296.84675537015335,297.8600885423563
2013-09-02 18:00:00,296.2370063064646,297.2534080705217
2013-09-02 20:00:00,295.55299617255963,296.6957274967423
2013-09-02 21:00:00,295.1927120167596,296.3117039332221
2013-09-03 05:00:00,302.7376586725973,300.57019118204687
2013-09-03 06:00:00,304.61509048626493,301.73103960269407
2013-09-03 08:00:00,306.53264017207965,303.4285158413033
2013-09-03 09:00:00,306.6513233860762,303.74777273404396
2013-09-03 17:00:00,296.5801158370149,297.6505950786667
2013-09-03 18:00:00,295.9545378369065,296.9731480579347
2013-09-03 20:00:00,295.00128881516184,296.1259807004767
2013-09-03 21:00:00,294.63547782721616,295.78721849062407
2013-09-04 05:00:00,302.3563487753846,300.1103318130657
2013-09-04 06:00:00,304.3256424255842,301.34534109906167
2013-09-04 08:00:00,306.1109602917876,302.9543751391865
2013-09-04 09:00:00,306.5290281651384,303.4449413987265
2013-09-04 17:00:00,296.0039676143135,297.1049821145362
2013-09-04 18:00:00,295.47433309452197,296.5816179225551
2013-09-04 20:00:00,294.8586395921986,296.069453681746
2013-09-04 21:00:00,294.53044725603246,295.7540803976897
2013-09-05 05:00:00,302.2130731191767,299.9007699081821
2013-09-05 06:00:00,304.17321006175365,301.09990782656917
2013-09-05 08:00:00,306.3117890909016,302.85062303822286
2013-09-05 09:00:00,306.3628013387483,303.0909538562933
2013-09-05 17:00:00,295.8741125685776,297.12829246579776
2013-09-05 18:00:00,295.3424713652013,296.59812619248964
2013-09-05 20:00:00,294.82204334982004,296.28869292695646
2013-09-05 21:00:00,294.56402505601324,296.02761173101345
2013-09-06 05:00:00,302.43496896893663,300.12635918427696
2013-09-06 06:00:00,304.4148200083587,301.33527453030206
2013-09-06 08:00:00,306.9453328842375,303.1637020022917
2013-09-06 09:00:00,307.16114520291893,303.5485397597491
2013-09-06 17:00:00,295.5854314442592,297.0042487381052
2013-09-06 18:00:00,295.0678771831589,296.48551494204577
2013-09-06 20:00:00,294.4535555611774,295.922828686072
2013-09-06 21:00:00,294.1421893197693,295.5438165414866
2013-09-07 05:00:00,303.098085659127,300.71044604473377
2013-09-07 06:00:00,305.4276770781296,302.0380176608846
2013-09-07 08:00:00,308.3260126099197,303.8143228962903
2013-09-07 09:00:00,308.55787954932924,304.2137589653027
2013-09-07 17:00:00,296.67044354219837,297.81109271174404
2013-09-07 18:00:00,296.1366010057541,297.1926846496864
2013-09-07 20:00:00,295.39379624188956,296.5167533274976
2013-09-07 21:00:00,295.00442203939053,296.12826759091513
2013-09-08 05:00:00,304.13291806542816,301.26158788648706
2013-09-08 06:00:00,306.27325089135786,302.36118200269794
2013-09-08 08:00:00,308.8818132726731,303.662868035409
2013-09-08 09:00:00,309.0633046248661,304.01457992577224
2013-09-08 17:00:00,296.6567389395645,297.87339481771085
2013-09-08 18:00:00,296.1345966968037,297.3732742991396
2013-09-08 20:00:00,295.44382351021557,296.87104684509376
2013-09-08 21:00:00,295.0758492068628,296.42097017026646
2013-09-09 05:00:00,305.43030361181417,302.318378183985
2013-09-09 06:00:00,307.6482256638067,303.36249134316466
2013-09-09 08:00:00,309.31226063215496,304.49720787671396
2013-09-09 09:00:00,309.9536823572473,304.98677573182005
2013-09-09 17:00:00,296.9471304119092,298.6189274251553
2013-09-09 18:00:00,296.4968339776038,298.1551200737388
2013-09-09 20:00:00,296.04844707847565,297.6705879246693
2013-09-09 21:00:00,295.98339949550547,297.4707853202643
2013-09-10 05:00:00,305.1221836601457,303.0967400408305
2013-09-10 06:00:00,306.6800032088128,304.1458842743343
2013-09-10 08:00:00,309.2450467713625,305.6482660325907
2013-09-10 09:00:00,309.8717254967829,306.0394650122786
2013-09-10 17:00:00,297.97529439823285,299.6268992607693
2013-09-10 18:00:00,297.632183386475,299.2012158880249
2013-09-10 20:00:00,297.36442525948877,298.8197462555073
2013-09-10 21:00:00,297.21040405367484,298.57598272714483
2013-09-11 05:00:00,306.11664975111955,304.08235469400796
2013-09-11 06:00:00,308.2081900950757,305.2723898395368
2013-09-11 08:00:00,310.77780388830627,306.6221273037245
2013-09-11 09:00:00,310.7945187279183,306.8384944874627
2013-09-11 17:00:00,298.7655386197365,299.98952711014243
2013-09-11 18:00:00,297.95212631343145,299.25871859934006
2013-09-11 20:00:00,297.18822421645535,298.59941858135863
2013-09-11 21:00:00,296.8998870144273,298.35767490287043
2013-09-12 05:00:00,307.5182243547013,305.2633787369691
2013-09-12 06:00:00,309.5135372732013,306.44470243057225
2013-09-12 08:00:00,311.1589577179661,307.20338867845817
2013-09-12 09:00:00,310.5043609337006,307.0791552621521
2013-09-12 17:00:00,298.7649146786824,300.16810245837195
2013-09-12 18:00:00,298.4461994376866,299.9088937674171
2013-09-12 20:00:00,297.5731381267907,299.022538218917
2013-09-12 21:00:00,297.1726046005273,298.5556424556785
2013-09-13 05:00:00,307.4372813455497,304.686429886311
2013-09-13 06:00:00,309.7408769369493,306.2411524885792
2013-09-13 08:00:00,311.45658601781435,308.0957138931439
2013-09-13 09:00:00,311.46380036858096,308.41722748790215
2013-09-13 17:00:00,299.0844172873005,300.72450439735263
2013-09-13 18:00:00,298.78987779896505,300.34694971399057
2013-09-13 20:00:00,297.8695200257382,299.33769461186534
2013-09-13 21:00:00,297.4726717674126,298.95106435813966
2013-09-14 05:00:00,308.13827380634416,304.725505505578
2013-09-14 06:00:00,310.87364723428925,306.1160997528876
2013-09-14 08:00:00,313.157871028859,307.97219895655275
2013-09-14 09:00:00,312.8155250725651,308.370505710596
2013-09-14 17:00:00,298.8868748880866,300.45296897946963
2013-09-14 18:00:00,298.4857730248309,300.05883636239497
2013-09-14 20:00:00,297.2226026208816,298.9068501241769
2013-09-14 21:00:00,297.0110216890168,298.5951843731943
2013-09-15 05:00:00,307.7856663731838,306.00514489219444
2013-09-15 06:00:00,310.03541470896477,307.5099183304468
2013-09-15 08:00:00,312.5241117315777,309.0991731946384
2013-09-15 09:00:00,312.414067178735,309.2727519595201
2013-09-15 17:00:00,299.27312477711354,301.04027511526147
2013-09-15 18:00:00,298.9084191461925,300.74502972571986
2013-09-15 20:00:00,298.3497783031963,300.31315081439146
2013-09-15 21:00:00,298.2942444929173,300.12355445897083
2013-09-16 05:00:00,307.7482211637571,305.2108848583533
2013-09-16 06:00:00,310.09262150792387,306.66309031058904
2013-09-16 08:00:00,312.20734691179035,307.3556800924575
2013-09-16 09:00:00,312.33918080381324,307.67123937386395
2013-09-16 17:00:00,297.9455362328763,299.8520577875969
2013-09-16 18:00:00,297.71944266438305,299.53111617407194
2013-09-16 20:00:00,296.9747747765117,298.47892439126605
2013-09-16 21:00:00,296.4550051696495,297.88343463068935
2013-09-17 05:00:00,308.7648462845108,304.31162035079507
2013-09-17 06:00:00,310.91139258809375,305.40432290193297
2013-09-17 08:00:00,312.7468523633866,306.97120443147213
2013-09-17 09:00:00,312.2866179902675,307.16929346681195
2013-09-17 17:00:00,298.08410700958206,299.2241644249491
2013-09-17 18:00:00,297.5648551200314,298.9893566066936
2013-09-17 20:00:00,296.55994872576656,298.166199976564
2013-09-17 21:00:00,296.3784934398022,297.92171103267344
2013-09-18 05:00:00,308.70457007080455,304.8644420700191
2013-09-18 06:00:00,310.8773624790468,306.0084639727059
2013-09-18 08:00:00,312.334344943242,307.0353518164214
2013-09-18 09:00:00,312.0627730829507,307.4292572679799
2013-09-18 17:00:00,298.98467749550093,300.67060033859934
2013-09-18 18:00:00,298.4848619881323,300.1276564164595
2013-09-18 20:00:00,296.4760060126682,297.8651119990415
2013-09-18 21:00:00,295.58381641076414,297.07024394124977
2013-09-19 05:00:00,308.59237402870406,305.06789446391383
2013-09-19 06:00:00,311.21440406646497,306.6214568809662
2013-09-19 08:00:00,313.5596116452445,308.87612444814437
2013-09-19 09:00:00,313.00772301625403,309.19538460894614
2013-09-19 17:00:00,298.0983049718919,299.77470010013906
2013-09-19 18:00:00,297.10959137386095,298.8801555427822
2013-09-19 20:00:00,295.63967300673664,297.69988740941596
2013-09-19 21:00:00,295.406218071748,297.2820063798197
2013-09-20 05:00:00,307.47132812405954,303.96909615585724
2013-09-20 06:00:00,309.9089182190976,305.1880396532902
2013-09-20 08:00:00,312.9423103979079,307.16673410471486
2013-09-20 09:00:00,313.02564746168986,307.6281007787296
2013-09-20 17:00:00,298.67713467402524,298.66810180005746
2013-09-20 18:00:00,298.1690777747767,298.12121734854253
2013-09-20 20:00:00,297.66752739716753,297.8227339217035
2013-09-20 21:00:00,297.48305914692224,297.590516077168
2013-09-21 05:00:00,302.41068497056773,300.10738026012075
2013-09-21 06:00:00,302.71061673627247,300.08805605002294
2013-09-21 08:00:00,302.8244920210405,300.7745816505562
2013-09-21 09:00:00,303.6903213242353,301.3787841561763
2013-09-21 17:00:00,296.67894393380146,297.29084998837607
2013-09-21 18:00:00,296.493269910063,296.975235737711
2013-09-21 20:00:00,296.40368913318423,296.8751176266898
2013-09-21 21:00:00,296.1954551896623,296.6148547626607
2013-09-22 05:00:00,299.4876968078143,298.50587794887264
2013-09-22 06:00:00,301.8084636858689,299.47046874153597
2013-09-22 08:00:00,305.778039658933,301.93627015100606
2013-09-22 09:00:00,304.11028953987204,301.3589069384089
2013-09-22 17:00:00,296.89780003998794,297.4274399203402
2013-09-22 18:00:00,296.73566959892474,297.1550410524907
2013-09-22 20:00:00,296.67385396384316,297.2270825919459
2013-09-22 21:00:00,296.6808271834222,297.17513342153495
2013-09-23 05:00:00,304.8381578536541,301.7256023483394
2013-09-23 06:00:00,306.9005564967363,303.0803722034801
2013-09-23 08:00:00,306.6871983979259,303.2307920059181
2013-09-23 09:00:00,306.75846225638605,303.95738326015385
2013-09-23 17:00:00,298.15719209503504,298.8269899718016
2013-09-23 18:00:00,297.4221784594614,297.83654557097304
2013-09-23 20:00:00,297.08502549934093,297.68018965287644
2013-09-23 21:00:00,296.92121073718437,297.38705126934315
2013-09-24 05:00:00,302.0942271604376,300.94372064857896
2013-09-24 06:00:00,303.90518780959593,302.04966735839844
2013-09-24 08:00:00,307.27486686530216,304.0531222868039
2013-09-24 09:00:00,305.34022888747864,301.66025976995104
2013-09-24 17:00:00,297.1332940805491,297.51950670427465
2013-09-24 18:00:00,296.8177418760232,297.11788571303356
2013-09-24 20:00:00,296.3344755481315,296.8461079178679
2013-09-24 21:00:00,296.21017336147406,296.6921510858051
2013-09-25 05:00:00,301.8085112255784,299.9950838015517
2013-09-25 06:00:00,303.23086171671866,300.93334777549904
2013-09-25 08:00:00,303.43359461991554,301.8658805341676
2013-09-25 09:00:00,303.0271685678162,301.7023386668718
2013-09-25 17:00:00,297.1169986342796,297.7403586788795
2013-09-25 18:00:00,296.76888210490597,297.47024167006487
2013-09-25 20:00:00,296.35794791528735,296.9392465083
2013-09-25 21:00:00,296.12312998720233,296.6322505815738
2013-09-26 05:00:00,302.09635965262066,299.723498892527
2013-09-26 06:00:00,304.7879159512983,301.24417575077945
2013-09-26 08:00:00,306.60076906648,303.45939904258506
2013-09-26 09:00:00,306.2684152423876,303.5670163664502
2013-09-26 17:00:00,297.5643439858647,298.1689420679501
2013-09-26 18:00:00,297.0652056254665,297.6693122052632
2013-09-26 20:00:00,296.2117117483554,296.89811440866055
2013-09-26 21:00:00,295.9178909043134,296.592905123906
2013-09-27 05:00:00,304.45109910773937,300.9267954774924
2013-09-27 06:00:00,306.97283293690265,302.4134920940194
2013-09-27 08:00:00,309.382644112562,304.5578185376842
2013-09-27 09:00:00,309.1672237496163,304.90810115679017
2013-09-27 17:00:00,295.2271714643999,295.8880733495868
2013-09-27 18:00:00,294.8437448275291,295.6433811275911
2013-09-27 20:00:00,295.0175322545879,296.68151394648623
2013-09-27 21:00:00,294.9050337404977,296.48625326523984
2013-09-28 05:00:00,304.27103255966966,301.1552900364292
2013-09-28 06:00:00,305.8712156557339,302.0008497429188
2013-09-28 08:00:00,304.2699261446396,299.8074988789845
2013-09-28 09:00:00,302.5394729590747,299.60077461513055
2013-09-28 17:00:00,295.7102923753265,296.1486177606098
2013-09-28 18:00:00,295.53438804403106,295.9717732857115
2013-09-28 20:00:00,295.59830647661073,296.04841867690834
2013-09-28 21:00:00,295.49818615553374,295.81692279174996
2013-09-29 05:00:00,295.7533567925264,295.7405014860979
2013-09-29 06:00:00,296.0874287703739,295.9233344831893
2013-09-29 08:00:00,295.847664384886,295.65097570198895
2013-09-29 09:00:00,296.1734250719632,295.91499963416527
2013-09-29 17:00:00,295.4971396471209,295.9346082831384
2013-09-29 18:00:00,295.49224387993246,295.9273304520476
2013-09-29 20:00:00,295.38804812203574,296.0559163850335
2013-09-29 21:00:00,295.3126727135045,295.8630930425941
2013-09-30 05:00:00,301.3814111600855,299.8137937760317
2013-09-30 06:00:00,302.17638200898017,300.4942255475671
2013-09-30 08:00:00,304.2970614440636,301.8584279911177
2013-09-30 09:00:00,304.3305804189438,301.65393983344273
2013-09-30 17:00:00,296.121689407043,297.04681958402807
2013-09-30 18:00:00,295.8982591438,296.71382989868727
2013-09-30 20:00:00,295.83261978313993,296.66871466732175
2013-09-30 21:00:00,295.7714992576094,296.4674987557857
2013-10-01 05:00:00,301.4089382741778,299.7331063809858
2013-10-01 06:00:00,303.82887058816453,301.14341357309024
2013-10-01 08:00:00,304.3014695177827,301.86236113796616
2013-10-01 09:00:00,305.46701355450693,302.36676131191166
2013-10-01 17:00:00,296.70921974593574,297.4349691805377
2013-10-01 18:00:00,296.6271897185198,297.3324282136279
2013-10-01 20:00:00,296.1676818424454,296.9653768906792
2013-10-01 21:00:00,295.9309719185616,296.6802849438966
2013-10-02 05:00:00,303.0801012600515,300.506870710611
2013-10-02 06:00:00,303.4994084574225,300.92031879160544
2013-10-02 08:00:00,305.77939475225554,302.08258921853934
2013-10-02 09:00:00,304.4331382198951,301.67265851178047
2013-10-02 17:00:00,297.0976085692231,297.91494527619864
2013-10-02 18:00:00,296.89216256398817,297.5851177103898
2013-10-02 20:00:00,296.44124717300963,297.10390200857387
2013-10-02 21:00:00,296.0711875880261,296.6584111758851
2013-10-03 05:00:00,302.0508683591117,299.9865476493659
2013-10-03 06:00:00,302.88611698003695,300.6595609221143
2013-10-03 08:00:00,304.468859303714,301.7648754384375
2013-10-03 09:00:00,304.0111640495218,301.61743347450107
2013-10-03 17:00:00,296.2361747142163,296.94375535115626
2013-10-03 18:00:00,295.74386340407267,296.39603947197156
2013-10-03 20:00:00,294.831241883923,295.38647531471196
2013-10-03 21:00:00,294.34362318041883,294.8773037479912
2013-10-04 05:00:00,301.41268591741203,299.25051205110475
2013-10-04 06:00:00,302.75053535073494,300.40234614814557
2013-10-04 08:00:00,302.90210031471196,300.27939990121524
2013-10-04 09:00:00,303.33006622831704,300.5624638632376
2013-10-04 17:00:00,295.56064385882877,295.9352857122436
2013-10-04 18:00:00,295.2660910631365,295.5619139355394
2013-10-04 20:00:00,294.81312619813235,295.1341237918989
2013-10-04 21:00:00,294.6685761626586,294.97651086933627
2013-10-05 05:00:00,300.1084850528758,298.6147891663256
2013-10-05 06:00:00,301.5507914538743,299.4587791454627
2013-10-05 08:00:00,303.9036988433227,300.8956938333614
2013-10-05 09:00:00,303.8005421407784,300.9862678422031
2013-10-05 17:00:00,295.31698657772023,297.8448555216033
2013-10-05 18:00:00,294.7856444607163,297.22511587745424
2013-10-05 20:00:00,294.28507088071945,295.3965495716442
2013-10-05 21:00:00,294.1330416404595,295.12213028965084
2013-10-06 05:00:00,304.8148436700618,300.84208020884745
2013-10-06 06:00:00,306.6729170647902,301.86277843880913
2013-10-06 08:00:00,307.7726126789863,303.0753726342059
2013-10-06 09:00:00,307.8103916303403,303.3088006018123
2013-10-06 17:00:00,296.68117759481237,297.7135419331273
2013-10-06 18:00:00,296.33418527847084,297.30410122393823
2013-10-06 20:00:00,295.5221910990993,296.56229077355334
2013-10-06 21:00:00,295.29473836984033,296.3907716160379
2013-10-07 05:00:00,304.93422994040566,301.4620693071598
2013-10-07 06:00:00,306.730071880417,302.31452351762624
2013-10-07 08:00:00,308.13678220681305,303.3133464983689
2013-10-07 09:00:00,307.5471169775917,303.4506064769116
2013-10-07 17:00:00,297.06069238601003,297.94308434061725
2013-10-07 18:00:00,296.49041503530077,297.3963453295786
2013-10-07 20:00:00,296.19610884891273,297.2746715104819
2013-10-07 21:00:00,295.7976261603263,296.8139064653629
2013-10-08 05:00:00,303.80460396459546,300.8960549893842
2013-10-08 06:00:00,305.63063061072023,301.82854455792113
2013-10-08 08:00:00,306.5348496635449,302.6014741683043
2013-10-08 09:00:00,307.3737264436272,303.0072005496738
2013-10-08 17:00:00,296.5006242231889,297.4048900398525
2013-10-08 18:00:00,295.9569249322124,297.1818739034362
2013-10-08 20:00:00,295.6751891431529,296.86481658042123
2013-10-08 21:00:00,295.47621443973304,296.47639263135443
2013-10-09 05:00:00,302.6483710572606,300.3743071240159
2013-10-09 06:00:00,304.3643944832871,301.29535749109215
2013-10-09 08:00:00,305.50176790352043,302.53548340878245
2013-10-09 09:00:00,305.74672975231573,302.8207992059975
2013-10-09 17:00:00,296.95779355464987,297.9707226863444
2013-10-09 18:00:00,296.49200817983944,297.53692711593555
2013-10-09 20:00:00,295.9120361845372,297.00244171189604
2013-10-09 21:00:00,295.5657924187753,296.5648785842402
2013-10-10 05:00:00,303.29111357278924,300.69688843431754
2013-10-10 06:00:00,304.8882455458443,301.6717129370832
2013-10-10 08:00:00,306.7002908386325,303.08586513243034
2013-10-10 09:00:00,306.4647481768451,303.2195076494261
2013-10-10 17:00:00,296.2473049545876,297.5963469095333
2013-10-10 18:00:00,296.0195714071829,297.3070211542773
2013-10-10 20:00:00,295.4322213288999,296.6476095049701
2013-10-10 21:00:00,295.01351867581735,296.12881208751895
2013-10-11 05:00:00,304.0040145662423,300.8971111374019
2013-10-11 06:00:00,305.4088949664899,301.80345760398365
2013-10-11 08:00:00,307.5758974989317,303.10752026950263
2013-10-11 09:00:00,307.2234362115846,303.33843326421663
2013-10-11 17:00:00,295.38033474538656,296.3976376479139
2013-10-11 18:00:00,295.0815035404152,296.03640290952427
2013-10-11 20:00:00,294.33205603083775,294.98767491885803
2013-10-11 21:00:00,294.03399220894227,294.57557396087884
2013-10-12 05:00:00,301.80351847456126,298.72572785129165
2013-10-12 06:00:00,303.107630936868,299.74331225379046
2013-10-12 08:00:00,305.253777620054,300.7271673969569
2013-10-12 09:00:00,305.3257601463188,301.0411322407069
2013-10-12 17:00:00,294.82359944065837,295.70517005391406
2013-10-12 18:00:00,294.20099488245137,295.06447355625994
2013-10-12 20:00:00,293.561636408966,294.43746430995105
2013-10-12 21:00:00,293.39148682769166,294.1808433591493
2013-10-13 05:00:00,300.6698038721305,298.6143171078252
2013-10-13 06:00:00,303.51973187133603,299.7129724440847
2013-10-13 08:00:00,306.80884362736543,301.3353988106703
2013-10-13 09:00:00,306.4400686490334,301.5542144070054
2013-10-13 17:00:00,295.1270191915597,296.0828515333461
2013-10-13 18:00:00,294.74451807430603,295.6576709953038
2013-10-13 20:00:00,293.96730786809934,294.81659107178865
2013-10-13 21:00:00,293.4955394257015,294.418822278227
2013-10-14 05:00:00,304.4871232983511,300.5569118740746
2013-10-14 06:00:00,305.1949215082248,301.3137643164589
2013-10-14 08:00:00,306.0367546140321,302.2309110432817
2013-10-14 09:00:00,305.3732391498489,302.2709115473625
2013-10-14 17:00:00,294.9904835940509,296.3945230445803
2013-10-14 18:00:00,294.2596181155353,295.7903784941452
2013-10-14 20:00:00,293.190084777738,294.62053465292155
2013-10-14 21:00:00,292.62938098878084,294.15343676362824
2013-10-15 05:00:00,304.5588010955481,301.35114345932595
2013-10-15 06:00:00,306.79541608108025,302.6526621626044
2013-10-15 08:00:00,308.28807053764353,304.32709139925305
2013-10-15 09:00:00,307.53609582933325,304.4879752748369
2013-10-15 17:00:00,293.6556216858569,295.6152866639783
2013-10-15 18:00:00,293.0518506348409,295.08186410865727
2013-10-15 20:00:00,292.16820247514954,293.8509800092465
2013-10-15 21:00:00,291.7384393395187,293.7532010071083
2013-10-16 05:00:00,304.2609222835312,302.1096149321146
2013-10-16 06:00:00,306.10056858621135,303.3520503815591
2013-10-16 08:00:00,307.6722586562711,304.7751331064845
2013-10-16 09:00:00,306.95248123897795,304.86593625578564
2013-10-16 17:00:00,294.92686116787246,297.03376509044864
2013-10-16 18:00:00,294.51596614796506,296.6521042410876
2013-10-16 20:00:00,294.1496038451584,296.22512838542923
2013-10-16 21:00:00,293.82044863002875,295.73197633716836
2013-10-17 05:00:00,303.43476825355566,301.6716123090136
2013-10-17 06:00:00,305.7471911367173,303.1738613698809
2013-10-17 08:00:00,307.9799060792144,305.14976936422624
2013-10-17 09:00:00,307.0088506619258,305.2018359027034
2013-10-17 17:00:00,296.8326968529559,298.494635818552
2013-10-17 18:00:00,296.2140064210113,297.83703857798054
2013-10-17 20:00:00,295.0003100190949,296.6828730837406
2013-10-17 21:00:00,294.5322414686206,296.2094287372701
2013-10-18 05:00:00,303.4148035975193,302.2215523271605
2013-10-18 06:00:00,305.6990301664144,303.67081346791036
2013-10-18 08:00:00,307.8365229061462,305.26097196276277
2013-10-18 09:00:00,307.3066185714651,305.3765275011812
2013-10-18 17:00:00,295.972362077475,297.9964652039421
2013-10-18 18:00:00,295.71892189061145,297.51569226563254
2013-10-18 20:00:00,293.7438162170316,295.6798885680494
2013-10-18 21:00:00,292.87676825618894,294.6590746628301
2013-10-19 05:00:00,304.4558263464224,301.77051841606533
2013-10-19 06:00:00,307.10800930311206,303.36089161548114
2013-10-19 08:00:00,308.8983806498429,304.94387869107527
2013-10-19 09:00:00,307.7635541542653,305.0264904333741
2013-10-19 17:00:00,293.2063732411719,295.494317147324
2013-10-19 18:00:00,292.6537092352869,294.9605756151291
2013-10-19 20:00:00,291.34361814901536,293.48016056478116
2013-10-19 21:00:00,290.6360476219048,293.205934803732
2013-10-20 05:00:00,304.89241187708404,301.9984630708151
2013-10-20 06:00:00,307.0538666758956,303.6949577860546
2013-10-20 08:00:00,308.32118613032975,304.7343895769634
2013-10-20 09:00:00,307.6736208029631,304.78122110469684
2013-10-20 17:00:00,290.1988529622647,293.1571931765517
2013-10-20 18:00:00,289.5428676281946,292.5317888539084
2013-10-20 20:00:00,288.4488448508899,291.47353042108807
2013-10-20 21:00:00,287.95583596251595,292.22165100379794
2013-10-21 05:00:00,304.778913735976,301.69274690742674
2013-10-21 06:00:00,306.73968938466027,303.13615008385045
2013-10-21 08:00:00,308.23906205798886,304.4911281074324
2013-10-21 09:00:00,307.9350094317656,304.6002211137252
2013-10-21 17:00:00,291.2717029824279,294.2398526936724
2013-10-21 18:00:00,291.25032595970964,294.21433524909116
2013-10-21 20:00:00,290.88720517386275,293.391635113027
2013-10-21 21:00:00,290.58672559647056,293.0729807661201
2013-10-22 05:00:00,304.17467535221704,301.2413672636764
2013-10-22 06:00:00,306.45571518532114,302.73246198516046
2013-10-22 08:00:00,308.470172852691,304.1041392839194
2013-10-22 09:00:00,308.13422082275014,304.2982511358746
2013-10-22 17:00:00,292.7891061133339,294.9909620711175
2013-10-22 18:00:00,292.3407855629003,294.502695609682
2013-10-22 20:00:00,291.16232986332636,293.0468739184834
2013-10-22 21:00:00,290.3060248893656,292.22809837117956
2013-10-23 05:00:00,302.991765214776,300.9570821753269
2013-10-23 06:00:00,305.3928745546033,302.1721499638491
2013-10-23 08:00:00,308.2930974504797,303.4807418329506
2013-10-23 09:00:00,308.43618701529243,303.7142971138741
2013-10-23 17:00:00,292.95254363778565,294.91946843739464
2013-10-23 18:00:00,292.55904500106084,294.43251345594786
2013-10-23 20:00:00,291.53771154465403,293.2306453898801
2013-10-23 21:00:00,291.02557972583276,292.6584386134919
2013-10-24 05:00:00,302.4204468807932,299.39502841849543
2013-10-24 06:00:00,304.6666597622018,300.57120745501646
2013-10-24 08:00:00,306.95918337406107,302.2067593426109
2013-10-24 09:00:00,306.7207014321914,302.46821345019237
2013-10-24 17:00:00,292.77613691850144,294.57492592081263
2013-10-24 18:00:00,292.2415577281605,294.0048655787675
2013-10-24 20:00:00,291.2729157387567,292.9622503906626
2013-10-24 21:00:00,290.8038553905046,292.4699692689399
2013-10-25 05:00:00,302.656763602846,299.85361458377224
2013-10-25 06:00:00,304.8011562071155,300.9168311825886
2013-10-25 08:00:00,307.13203002271376,302.426180964442
2013-10-25 09:00:00,306.9798711415248,302.66267084671273
2013-10-25 17:00:00,292.0332123884251,293.93137001072864
2013-10-25 18:00:00,291.3878439034813,293.3086383743169
2013-10-25 20:00:00,290.55322568919877,292.34536524509616
2013-10-25 21:00:00,290.13702926283077,291.8627385402497
2013-10-26 05:00:00,303.3680740615069,299.82960373888767
2013-10-26 06:00:00,305.58341918851266,300.8473979321026
2013-10-26 08:00:00,307.88835252194633,302.1914894797585
2013-10-26 09:00:00,307.64467758390316,302.3964789439056
2013-10-26 17:00:00,292.1102547432498,293.84864858853615
2013-10-26 18:00:00,291.3509770703426,293.15222513583853
2013-10-26 20:00:00,290.13667262096436,291.9286463521479
2013-10-26 21:00:00,289.5157770236211,291.37546491108617
2013-10-27 05:00:00,304.0714353728919,300.71593159115736
2013-10-27 06:00:00,306.98090041620526,301.8066550138735
2013-10-27 08:00:00,309.1855169687139,303.291606908954
2013-10-27 09:00:00,308.37833878292327,303.501118405758
2013-10-27 17:00:00,291.079223374189,293.48272277173714
2013-10-27 18:00:00,290.4647915315555,292.7471045448526
2013-10-27 20:00:00,289.1590927899894,291.26861520540916
2013-10-27 21:00:00,288.60908454224955,290.8147220464627
2013-10-28 05:00:00,303.6381005050589,301.2436173120155
2013-10-28 06:00:00,306.27520516840815,302.6197579593982
2013-10-28 08:00:00,307.8784472637441,303.6049938701518
2013-10-28 09:00:00,307.4365715179679,303.6820558568546
2013-10-28 17:00:00,292.4064159657812,294.6553536578209
2013-10-28 18:00:00,291.7566174946507,293.9936355097085
2013-10-28 20:00:00,290.5214706914635,292.75368392779757
2013-10-28 21:00:00,289.87082910758136,292.07273389819227
2013-10-29 05:00:00,303.21653397241255,301.0818918754213
2013-10-29 06:00:00,305.8370479354506,302.5145438125211
2013-10-29 08:00:00,308.1514470316412,303.685247012757
2013-10-29 09:00:00,307.99113504324566,303.8030773568411
2013-10-29 17:00:00,292.67437871101276,294.8066742460607
2013-10-29 18:00:00,291.8620482034786,294.0771311802563
2013-10-29 20:00:00,290.4559970379611,292.62619937843834
2013-10-29 21:00:00,289.9267842626351,292.07885864445905
2013-10-30 05:00:00,303.61089688199695,300.94995074867285
2013-10-30 06:00:00,306.2486667721224,302.16933322430395
2013-10-30 08:00:00,308.6408216479379,303.1329889282791
2013-10-30 09:00:00,308.37944684373946,303.2382309594765
2013-10-30 17:00:00,292.9346062141501,294.5803143188288
2013-10-30 18:00:00,291.8419105518029,293.6152874868713
2013-10-30 20:00:00,290.0293312719313,292.0013930169386
2013-10-30 21:00:00,289.37754001235373,291.42213218935836
2013-10-31 05:00:00,303.6908426152539,300.41116890224
2013-10-31 06:00:00,306.55491680503815,301.7205838290128
2013-10-31 08:00:00,308.75104128891957,302.92358332606057
2013-10-31 09:00:00,308.4196713158089,303.1090748556223
2013-10-31 17:00:00,293.41717181330654,294.97439420021186
2013-10-31 18:00:00,292.44317438863277,294.13721902197796
2013-10-31 20:00:00,290.8133376346347,292.4389770931015
2013-10-31 21:00:00,290.24146088539914,291.8931117123926
2013-11-01 05:00:00,303.0770622923488,299.66832019588435
2013-11-01 06:00:00,305.632486399223,300.87900266955927
2013-11-01 08:00:00,306.2004076659404,301.3366186438797
2013-11-01 09:00:00,304.98304612170017,301.02224957153135
2013-11-01 17:00:00,292.60591097274806,294.01822647071225
2013-11-01 18:00:00,291.8210243025252,293.2039214429576
2013-11-01 20:00:00,290.55866999692284,292.14587715043126
2013-11-01 21:00:00,289.9061895056021,291.6762225087876
2013-11-02 05:00:00,302.64917920881135,299.0490618501496
2013-11-02 06:00:00,305.53213884209634,300.13854399741336
2013-11-02 08:00:00,307.9022853716129,301.2186533453285
2013-11-02 09:00:00,307.1909900776962,301.39889902546884
2013-11-02 17:00:00,289.5556129255721,291.613754578107
2013-11-02 18:00:00,288.5610130086702,290.69207723702783
2013-11-02 20:00:00,287.1022070604039,289.2369373245122
2013-11-02 21:00:00,286.52179603988105,288.6245605515773
2013-11-03 05:00:00,301.9186585225016,298.2986553409618
2013-11-03 06:00:00,304.7731179353452,299.32934302284457
2013-11-03 08:00:00,307.8064228874877,300.65453687764835
2013-11-03 09:00:00,307.53906969443676,300.88509828541055
2013-11-03 17:00:00,289.65898129973095,291.55641021493403
2013-11-03 18:00:00,288.5882158558615,290.6332195969686
2013-11-03 20:00:00,286.9284257462653,289.2144134474462
2013-11-03 21:00:00,286.27036281873706,288.58789638525167
2013-11-04 05:00:00,301.2566446031003,298.27324999793103
2013-11-04 06:00:00,304.3010013856579,299.7015892698879
2013-11-04 08:00:00,307.0364232467393,300.8305437884456
2013-11-04 09:00:00,306.88793700795696,301.0311210408968
2013-11-04 17:00:00,290.3906075546664,292.2401347344021
2013-11-04 18:00:00,289.4778676084451,291.44706897706203
2013-11-04 20:00:00,287.6995425936989,289.9853656692387
2013-11-04 21:00:00,286.9002909373796,289.3922239988354
2013-11-05 05:00:00,301.24137071982744,298.34111448502506
2013-11-05 06:00:00,304.2181886223321,299.8670672870748
2013-11-05 08:00:00,307.1276574509537,301.142625406086
2013-11-05 09:00:00,307.0910451739154,301.3713644112938
2013-11-05 17:00:00,291.8011515989142,293.2406176550914
2013-11-05 18:00:00,291.1844093546111,292.65563764998285
2013-11-05 20:00:00,290.36931698274543,291.5836186342871
2013-11-05 21:00:00,290.20956907580927,291.34016860468176
2013-11-06 05:00:00,299.9704447365689,297.2564239972177
2013-11-06 06:00:00,302.5916108071161,298.6540838162227
2013-11-06 08:00:00,305.46003006051984,300.562686890777
2013-11-06 09:00:00,305.06417388210684,300.60919852469846
2013-11-06 17:00:00,291.10977861730635,291.83024799364557
2013-11-06 18:00:00,290.62963135988207,291.334113404637
2013-11-06 20:00:00,290.25273045332665,291.20489055239733
2013-11-06 21:00:00,290.4949221383258,291.1461848654255
2013-11-07 05:00:00,300.03370066967517,296.5455248205247
2013-11-07 06:00:00,303.10983748942937,298.16449578848017
2013-11-07 08:00:00,305.08142296742585,298.75017480600417
2013-11-07 09:00:00,305.37081029859644,299.1112416742028
2013-11-07 17:00:00,291.0035371471811,291.8478284462575
2013-11-07 18:00:00,290.5079057690543,291.3571562215985
2013-11-07 20:00:00,289.927018622588,291.02104513817835
2013-11-07 21:00:00,289.72230076018394,290.5786118940874
2013-11-08 05:00:00,294.74225840987344,293.13849807997883
2013-11-08 06:00:00,298.3229536341592,294.80766004847453
2013-11-08 08:00:00,303.4666298982359,297.7423943753235
2013-11-08 09:00:00,303.1380292660283,297.720417698653
2013-11-08 17:00:00,289.58836964282494,290.3789767601824
2013-11-08 18:00:00,288.8624384899169,289.65893025684795
2013-11-08 20:00:00,288.57411960313794,289.57387501579956
2013-11-08 21:00:00,288.1572181925017,289.08325580896695
2013-11-09 05:00:00,297.2645230521039,294.0749688993434
2013-11-09 06:00:00,299.72318631070783,295.2816141184379
2013-11-09 08:00:00,301.93723220707636,296.29803295164885
2013-11-09 09:00:00,300.49091906907563,296.1950800209457
2013-11-09 17:00:00,288.8893543355087,289.9444299824249
2013-11-09 18:00:00,288.2978701363727,289.3539834985013
2013-11-09 20:00:00,287.3070177216376,288.5762377299586
2013-11-09 21:00:00,286.9381933932312,288.22782763935203
2013-11-10 05:00:00,297.8638339755348,294.36621505196547
2013-11-10 06:00:00,300.6079544984321,295.4536742223613
2013-11-10 08:00:00,303.4095047772941,296.7110744529219
2013-11-10 09:00:00,303.1945152341493,296.9902923772074
2013-11-10 17:00:00,288.1263464647009,289.3877304617907
2013-11-10 18:00:00,287.37843802383026,288.7130642789538
2013-11-10 20:00:00,286.27786238424954,287.7393795771665
2013-11-10 21:00:00,285.7556985816897,287.2415695778211
2013-11-11 05:00:00,298.3371528425643,294.2780522139304
2013-11-11 06:00:00,301.3466524850055,295.27893872841486
2013-11-11 08:00:00,303.6894482346639,296.6438120884594
2013-11-11 09:00:00,302.69140930646006,296.83282155652626
2013-11-11 17:00:00,286.86611555243496,288.53007871748304
2013-11-11 18:00:00,286.15559739875505,287.9371715010774
2013-11-11 20:00:00,284.84113677367225,286.6324927942779
2013-11-11 21:00:00,284.09399740868616,285.91713558249927
2013-11-12 05:00:00,298.8824175348267,294.8627182500572
2013-11-12 06:00:00,301.22454206234505,295.7722368754665
2013-11-12 08:00:00,303.79388225537787,296.86979719964313
2013-11-12 09:00:00,303.37735657772777,297.1456541228919
2013-11-12 17:00:00,286.87367027529586,288.64616932450167
2013-11-12 18:00:00,286.0769257156066,287.9465894184788
2013-11-12 20:00:00,284.82047545634356,286.81791607073535
2013-11-12 21:00:00,284.241715488522,286.2279836833937
2013-11-13 05:00:00,297.8914506439068,294.9221700424406
2013-11-13 06:00:00,300.56076209681066,296.15376502743857
2013-11-13 08:00:00,303.43851970560934,297.1701714702306
2013-11-13 09:00:00,303.46404831802533,297.4616926572356
2013-11-13 17:00:00,286.6756636468215,288.43634947790014
2013-11-13 18:00:00,285.85832957310373,287.7220629911026
2013-11-13 20:00:00,284.4985185338095,286.3985828229202
2013-11-13 21:00:00,283.8038577416278,285.74434832321657
2013-11-14 05:00:00,297.8495825721964,294.54933829520627
2013-11-14 06:00:00,300.6379926120188,295.59713926153665
2013-11-14 08:00:00,303.1309263584978,297.0079155262152
2013-11-14 09:00:00,302.60316570734574,297.22298740569175
2013-11-14 17:00:00,284.3447563042075,286.5531972641203
2013-11-14 18:00:00,283.41980137994,285.7939913945132
2013-11-14 20:00:00,282.3571170048648,284.8766404726473
2013-11-14 21:00:00,281.9739891252092,284.5564512655437
2013-11-15 05:00:00,298.47205497377274,294.78985377048673
2013-11-15 06:00:00,300.7592256660638,295.76978665250476
2013-11-15 08:00:00,303.25970992689327,297.08925730935965
2013-11-15 09:00:00,302.95957982044195,297.3784054372638
2013-11-15 17:00:00,285.4957231424623,287.5701474276456
2013-11-15 18:00:00,284.59420938594684,286.7747159702201
2013-11-15 20:00:00,283.2355727561633,285.4518804329753
2013-11-15 21:00:00,282.71431634606125,284.9902028229277
2013-11-16 05:00:00,298.77959669022056,295.0141025067111
2013-11-16 06:00:00,301.06705638256574,296.09308827639734
2013-11-16 08:00:00,303.39568092569544,297.44171427064026
2013-11-16 09:00:00,303.10782709107013,297.70541400644925
2013-11-16 17:00:00,285.4397132767735,287.47095953848776
2013-11-16 18:00:00,284.49199416714566,286.6451720721182
2013-11-16 20:00:00,283.1618123341048,285.2193371694885
2013-11-16 21:00:00,282.5811042726866,284.6812101578676
2013-11-17 05:00:00,298.10001355657596,294.7917840660812
2013-11-17 06:00:00,300.6988192001366,296.14991191282115
2013-11-17 08:00:00,303.32615520553713,297.5619980822359
2013-11-17 09:00:00,303.0808333057468,297.9783489303707
2013-11-17 17:00:00,285.908096148898,288.1190352946841
2013-11-17 18:00:00,285.2021274419705,287.47929995967354
2013-11-17 20:00:00,283.8285921681644,286.11863087799594
2013-11-17 21:00:00,283.1048738218052,285.5115375959635
2013-11-18 05:00:00,298.590675107136,295.36734777606324
2013-11-18 06:00:00,301.3719027714663,296.9169154938637
2013-11-18 08:00:00,304.0916722419633,298.62307656968505
2013-11-18 09:00:00,303.8025693026456,298.98762770830575
2013-11-18 17:00:00,286.11020645118094,288.2338555663687
2013-11-18 18:00:00,284.88705710012846,287.23327674336724
2013-11-18 20:00:00,283.0368294502811,288.91864321669004
2013-11-18 21:00:00,282.4371607094223,289.3623454794862
2013-11-19 05:00:00,300.81507605507124,296.2722976990216
2013-11-19 06:00:00,303.51951448649214,297.54995631143015
2013-11-19 08:00:00,305.07736495242835,298.9956199751797
2013-11-19 09:00:00,304.5491139745492,299.1989074377874
2013-11-19 17:00:00,285.3309984251237,291.7437035041891
2013-11-19 18:00:00,284.50491224856154,290.4901729166416
2013-11-19 20:00:00,283.38194714562366,288.2849512790863
2013-11-19 21:00:00,282.97290168374275,288.3416759332266
2013-11-20 05:00:00,300.0936547560023,297.3503880669781
2013-11-20 06:00:00,303.15708963308936,298.57117933558385
2013-11-20 08:00:00,305.9825263118891,299.6684309102721
2013-11-20 09:00:00,305.59350294398234,299.88679502043414
2013-11-20 17:00:00,286.43461966257433,289.5662801122445
2013-11-20 18:00:00,285.46701482411345,288.7858218529559
2013-11-20 20:00:00,284.1569787541229,288.3009987288888
2013-11-20 21:00:00,283.69236132323465,287.62803800374223
2013-11-21 05:00:00,299.81808314154443,297.6293571719036
2013-11-21 06:00:00,302.8768670738937,298.99358646528015
2013-11-21 08:00:00,306.10103232173594,300.2870654560201
2013-11-21 09:00:00,306.01393315531254,300.4186408185445
2013-11-21 17:00:00,288.84885718017955,290.691220370206
2013-11-21 18:00:00,288.1632952579916,290.10009293049256
2013-11-21 20:00:00,286.9767999399241,288.9298118979244
2013-11-21 21:00:00,286.52876281738287,288.4627966270976
2013-11-22 05:00:00,298.9574166931246,296.1531356082675
2013-11-22 06:00:00,302.0723875542451,297.8573695860218
2013-11-22 08:00:00,304.83018185655214,299.32297009202114
2013-11-22 09:00:00,304.6516124331529,299.58999203533534
2013-11-22 17:00:00,288.3059285873625,290.19183718735707
2013-11-22 18:00:00,287.61759967539456,289.56209407859296
2013-11-22 20:00:00,286.210812537806,288.0851823427644
2013-11-22 21:00:00,285.482478913247,287.3497803721847
2013-11-23 05:00:00,297.9868309361909,295.0217138211055
2013-11-23 06:00:00,301.20861059344605,296.7171189318453
2013-11-23 08:00:00,304.2805387852556,298.73940800224506
2013-11-23 09:00:00,304.19924423617465,299.117668657347
2013-11-23 17:00:00,286.399594652267,288.67100357972606
2013-11-23 18:00:00,285.65671096119934,287.9950315831071
2013-11-23 20:00:00,284.33732344005807,286.78279090258303
2013-11-23 21:00:00,283.7223260582687,286.5009231684939
2013-11-24 05:00:00,300.0636317601373,296.6451581534693
2013-11-24 06:00:00,303.25183147788965,298.15691750736556
2013-11-24 08:00:00,305.864611162794,299.62874235320714
2013-11-24 09:00:00,305.63872322352904,299.88590566109065
2013-11-24 17:00:00,286.7519451311814,290.0906517839946
2013-11-24 18:00:00,285.6525581254063,289.88055285907853
2013-11-24 20:00:00,284.2783035960146,287.64875487811025
2013-11-24 21:00:00,283.7606394904421,289.0140229447046
2013-11-25 05:00:00,300.51358140378227,297.0221651191888
2013-11-25 06:00:00,303.68763791688235,298.365662561543
2013-11-25 08:00:00,306.5686849115075,299.75429580759015
2013-11-25 09:00:00,306.34063899388485,300.050872356021
2013-11-25 17:00:00,286.9243460068901,290.10975179099154
2013-11-25 18:00:00,285.9990075909302,289.65795592791494
2013-11-25 20:00:00,284.52295537869264,291.4090608617375
2013-11-25 21:00:00,284.07070139927566,291.0938230729066
2013-11-26 05:00:00,301.4294258435078,297.66041226379673
2013-11-26 06:00:00,304.5708281248119,299.03607118956296
2013-11-26 08:00:00,307.0361147793856,300.53762365967174
2013-11-26 09:00:00,306.3847707504484,300.73977442478366
2013-11-26 17:00:00,287.46434573510027,292.35985126701087
2013-11-26 18:00:00,286.4617382220017,291.75964635252404
2013-11-26 20:00:00,285.1760966531668,289.9604679572013
2013-11-26 21:00:00,284.6612586446095,289.5658609069918
2013-11-27 05:00:00,301.35065983329974,298.23624068673115
2013-11-27 06:00:00,304.49490988897423,299.39820685482175
2013-11-27 08:00:00,307.20500312417244,300.63143022769407
2013-11-27 09:00:00,306.8463534456556,300.78323709872916
2013-11-27 17:00:00,288.8234025811194,290.735299908325
2013-11-27 18:00:00,287.74366137206283,289.8628037604051
2013-11-27 20:00:00,286.1422237872343,288.6497576086106
2013-11-27 21:00:00,285.60997477150846,288.2069436706637
2013-11-28 05:00:00,300.3823350574276,297.3765857149897
2013-11-28 06:00:00,303.7530943366522,299.0377314116444
2013-11-28 08:00:00,305.9345057036366,299.92867247312574
2013-11-28 09:00:00,305.54721219807817,300.1184504057851
2013-11-28 17:00:00,288.1164170369529,289.9501850851144
2013-11-28 18:00:00,286.9584648003012,288.97894792600846
2013-11-28 20:00:00,285.63577376308353,287.5974153304137
2013-11-28 21:00:00,285.11381189848873,286.99621243469517
2013-11-29 05:00:00,299.66963978724783,296.3160105324673
2013-11-29 06:00:00,302.5573151622238,297.8039926725837
2013-11-29 08:00:00,305.20897607553536,299.4408115334063
2013-11-29 09:00:00,304.9064593910253,299.69833294085254
2013-11-29 17:00:00,288.048467556758,290.03101561653597
2013-11-29 18:00:00,287.1950162114642,289.3083026104238
2013-11-29 20:00:00,285.66093522411285,287.8510286304727
2013-11-29 21:00:00,284.96324251759773,287.17934597585526
2013-11-30 05:00:00,300.4752681832101,295.9981878953649
2013-11-30 06:00:00,303.69760413970715,297.5027918881738
2013-11-30 08:00:00,306.03860142124455,299.17455727881384
2013-11-30 09:00:00,305.5672807737566,299.4654253003042
2013-11-30 17:00:00,286.14532287315524,290.23612581085536
2013-11-30 18:00:00,284.9281287523925,290.95078288167946
2013-11-30 20:00:00,283.33605333983627,290.8010684161781
2013-11-30 21:00:00,282.7559702774777,290.57789755234916
2013-12-01 05:00:00,299.4539816552208,296.42793266872417
2013-12-01 06:00:00,302.84001754502117,297.5504763093311
2013-12-01 08:00:00,306.24110772319494,298.8836029711049
2013-12-01 09:00:00,305.97609276911146,299.14903966965403
2013-12-01 17:00:00,287.0314560759417,288.9794747891889
2013-12-01 18:00:00,286.4901916786041,288.5611714273462
2013-12-01 20:00:00,285.7791396083744,287.8251190890884
2013-12-01 21:00:00,285.28124593255706,287.1810592157631
2013-12-02 05:00:00,297.66725626564903,295.22501426191286
2013-12-02 06:00:00,301.1007645288124,297.07717808516253
2013-12-02 08:00:00,304.5628822926197,298.64404440293515
2013-12-02 09:00:00,304.7474325970619,298.9202377248802
2013-12-02 17:00:00,287.812767628345,289.3919948583759
2013-12-02 18:00:00,286.8815337241339,288.44090148737695
2013-12-02 20:00:00,284.7308034088652,288.0738958467504
2013-12-02 21:00:00,284.00196506870543,287.5316567913226
2013-12-03 05:00:00,299.04253823584514,295.7320452250758
2013-12-03 06:00:00,302.42856345154655,297.28645007305414
2013-12-03 08:00:00,305.7647111184425,298.449949032353
2013-12-03 09:00:00,305.66751350202986,298.64101867205557
2013-12-03 17:00:00,288.25588895212894,289.80576445545734
2013-12-03 18:00:00,287.60829635173405,289.23430427821654
2013-12-03 20:00:00,286.41750132321215,287.9364375744836
2013-12-03 21:00:00,285.85956741591633,287.39344326777524
2013-12-04 05:00:00,298.74759120382777,295.58917737117355
2013-12-04 06:00:00,301.96779591423706,296.6469748427945
2013-12-04 08:00:00,305.1926720241553,297.76648170224325
2013-12-04 09:00:00,305.0347905798208,298.0084641607957
2013-12-04 17:00:00,286.7567246823539,288.3264209059611
2013-12-04 18:00:00,285.89401270979545,287.55527948929097
2013-12-04 20:00:00,284.56240703659176,286.4097303205352
2013-12-04 21:00:00,283.96126247223793,285.8954934941602
2013-12-05 05:00:00,298.13232917961983,294.63339221642826
2013-12-05 06:00:00,301.57205945501346,295.89020746404475
2013-12-05 08:00:00,304.81698241623235,297.3755414166326
2013-12-05 09:00:00,304.40578391335225,297.7113316657915
2013-12-05 17:00:00,285.83687766711404,287.60694504371963
2013-12-05 18:00:00,284.47230550945267,286.57789933920276
2013-12-05 20:00:00,282.48483408030086,287.297587695952
2013-12-05 21:00:00,281.838582066799,288.2826299682053
2013-12-06 05:00:00,298.6240733753551,294.5098322558293
2013-12-06 06:00:00,302.3906808391742,295.9256580981709
2013-12-06 08:00:00,305.68629342712495,297.5951175072528
2013-12-06 09:00:00,305.523717025028,298.04413300265884
2013-12-06 17:00:00,284.9362188259883,288.878138537767
2013-12-06 18:00:00,283.8611265632148,288.7469454208398
2013-12-06 20:00:00,282.3712734463402,287.45480555929646
2013-12-06 21:00:00,281.8284952783805,286.9214227849787
2013-12-07 05:00:00,297.7694302457507,294.80271688264395
2013-12-07 06:00:00,301.3017946781106,296.417901131699
2013-12-07 08:00:00,304.62322001170674,298.10611613175166
2013-12-07 09:00:00,304.71146530362967,298.49792654451863
2013-12-07 17:00:00,287.19635581088545,288.86205382266286
2013-12-07 18:00:00,286.41194594843176,288.2208085963833
2013-12-07 20:00:00,285.05430342052676,286.98148492892466
2013-12-07 21:00:00,284.510130566331,286.4714907512459
2013-12-08 05:00:00,297.96613127204415,294.7614846956932
2013-12-08 06:00:00,301.75227308934564,296.69299001355756
2013-12-08 08:00:00,305.61267498939173,298.2140547601027
2013-12-08 09:00:00,305.6190664235543,298.4823813416374
2013-12-08 17:00:00,285.7017325003085,288.71658633192436
2013-12-08 18:00:00,284.8677318320252,288.02743861781795
2013-12-08 20:00:00,283.69611108247966,287.6799935221856
2013-12-08 21:00:00,283.22498357975616,287.3791493091084
2013-12-09 05:00:00,298.95550739305963,295.36221515673157
2013-12-09 06:00:00,302.7345732937241,296.7915726530901
2013-12-09 08:00:00,306.2067250162134,298.06327521231583
2013-12-09 09:00:00,305.91820296888545,298.3242996286354
2013-12-09 17:00:00,286.4829220999555,288.20910007376887
2013-12-09 18:00:00,285.3965691329886,287.4837140757791
2013-12-09 20:00:00,284.0688533694792,285.871262443084
2013-12-09 21:00:00,283.6544634990957,285.43357155539775
2013-12-10 05:00:00,297.6226151382611,294.3018390202926
2013-12-10 06:00:00,301.2986617595279,296.2106364386842
2013-12-10 08:00:00,304.8627558915384,297.8133394214883
2013-12-10 09:00:00,305.0119851792722,298.1301593045792
2013-12-10 17:00:00,287.43633135074094,288.9416839176407
2013-12-10 18:00:00,286.69032332268995,288.3446865698957
2013-12-10 20:00:00,285.0553629541618,286.7239917114446
2013-12-10 21:00:00,284.1932693269844,286.1221815206237
2013-12-11 05:00:00,297.60673708687943,294.3406534062696
2013-12-11 06:00:00,301.2747146771024,296.11484477038744
2013-12-11 08:00:00,305.4006611452264,297.7148250585712
2013-12-11 09:00:00,305.44437879847453,298.04294385160614
2013-12-11 17:00:00,287.0777807250413,288.7453202069816
2013-12-11 18:00:00,285.86955933651683,287.79198005570476
2013-12-11 20:00:00,283.9964519671189,286.5326820455825
2013-12-11 21:00:00,283.24920059462727,286.70576944924284
2013-12-12 05:00:00,299.2897390827009,294.90155720527076
2013-12-12 06:00:00,302.77723910150985,296.48688066244495
2013-12-12 08:00:00,304.37807590384693,298.03995573869656
2013-12-12 09:00:00,303.70041342619203,298.12370857509154
2013-12-12 17:00:00,287.1340187202066,288.80039712350435
2013-12-12 18:00:00,286.2470751087912,287.952289669466
2013-12-12 20:00:00,284.5566247549189,286.204578252713
2013-12-12 21:00:00,283.8452945938463,285.59974964300545
2013-12-13 05:00:00,296.8485295276613,293.6480050344129
2013-12-13 06:00:00,300.1705571014452,295.47201754389266
2013-12-13 08:00:00,303.3903505769092,297.6329907856663
2013-12-13 09:00:00,303.3041598139265,298.03604161243413
2013-12-13 17:00:00,287.5734748546442,289.203125094045
2013-12-13 18:00:00,286.98599830944846,288.6460283746705
2013-12-13 20:00:00,285.93375574238314,287.6221822024494
2013-12-13 21:00:00,285.44639345236664,287.1442932222952
2013-12-14 05:00:00,296.3917780378016,294.01746816297157
2013-12-14 06:00:00,299.88472525621603,295.968820768806
2013-12-14 08:00:00,303.47186262839017,298.43762101230715
2013-12-14 09:00:00,303.6124667033943,298.8522658619932
2013-12-14 17:00:00,286.8731479732943,288.76628018748045
2013-12-14 18:00:00,286.0060864699824,288.0043267718816
2013-12-14 20:00:00,284.61123483243455,286.87860862132396
2013-12-14 21:00:00,283.90267424737726,286.2266976660683
2013-12-15 05:00:00,298.0379911872382,295.1350876348228
2013-12-15 06:00:00,301.93440761477996,296.7699941391203
2013-12-15 08:00:00,306.2901622378403,298.511843312503
2013-12-15 09:00:00,306.2498255701756,298.9316364635121
2013-12-15 17:00:00,284.5938275400406,289.9485578492904
2013-12-15 18:00:00,283.5910338179907,289.5547721404324
2013-12-15 20:00:00,282.1360816191451,289.0590943746464
2013-12-15 21:00:00,281.5624810969701,288.8213061316539
2013-12-16 05:00:00,299.265997159279,294.9067775685174
2013-12-16 06:00:00,303.0666904302518,296.4875546824216
2013-12-16 08:00:00,305.64318071785624,297.9254998205623
2013-12-16 09:00:00,305.22061105501854,298.33864669917364
2013-12-16 17:00:00,286.72203188574366,288.38651916315814
2013-12-16 18:00:00,285.34376135592464,287.2330856911023
2013-12-16 20:00:00,283.1503837597205,285.70650351690404
2013-12-16 21:00:00,282.485867704559,286.0992460324327
2013-12-17 05:00:00,299.0915037369692,294.24247499533533
2013-12-17 06:00:00,302.71850745813873,295.70203807578065
2013-12-17 08:00:00,304.8932964636475,297.18912030001087
2013-12-17 09:00:00,304.34428741972323,297.51008434325047
2013-12-17 17:00:00,285.71787082101974,288.3309954156861
2013-12-17 18:00:00,284.70931534260194,287.6601630917683
2013-12-17 20:00:00,283.35136951981417,285.68858487874223
2013-12-17 21:00:00,282.9383341549725,285.29413394310814
2013-12-18 05:00:00,297.4408107340244,294.09351434692945
2013-12-18 06:00:00,300.9982577942553,295.5497286051558
2013-12-18 08:00:00,303.7921882006347,296.9622554220661
2013-12-18 09:00:00,303.5375495757822,297.27355672545355
2013-12-18 17:00:00,286.71987249671224,288.22060701108677
2013-12-18 18:00:00,285.829483784586,287.40977931794106
2013-12-18 20:00:00,284.48149343999034,286.02495310449825
2013-12-18 21:00:00,283.6872407886758,285.1501202928634
2013-12-19 05:00:00,296.0437131390918,292.4340184098583
2013-12-19 06:00:00,299.56092448888467,293.68548635709084
2013-12-19 08:00:00,301.8509912241038,294.64482601030585
2013-12-19 09:00:00,301.3544106740614,294.84909777060864
2013-12-19 17:00:00,285.17399961592054,286.31089949644587
2013-12-19 18:00:00,284.4846017658252,285.71736960859255
2013-12-19 20:00:00,283.1841343202282,284.4339778764957
2013-12-19 21:00:00,282.75465896206754,284.0447442241369
2013-12-20 05:00:00,292.9697743608331,290.0984118774603
2013-12-20 06:00:00,297.0372721902762,291.71017535992877
2013-12-20 08:00:00,299.9555324325209,292.25281469406815
2013-12-20 09:00:00,300.03567979809685,292.78021075655755
2013-12-20 17:00:00,283.6175739070851,284.82171583836913
2013-12-20 18:00:00,282.8373661364539,284.08010657358983
2013-12-20 20:00:00,281.97174267408843,283.2434419887643
2013-12-20 21:00:00,281.73135408892284,282.9683460535364
2013-12-21 05:00:00,291.94212658710217,289.81965284538563
2013-12-21 06:00:00,296.24914701253135,291.59015691959985
2013-12-21 08:00:00,299.3089674610203,292.23566273364526
2013-12-21 09:00:00,299.92906906057397,292.6916932280883
2013-12-21 17:00:00,284.2722194771554,285.4106966791608
2013-12-21 18:00:00,283.66305904065155,284.89987812718186
2013-12-21 20:00:00,282.36246242435027,283.7064115174562
2013-12-21 21:00:00,281.7742754167695,283.2212169394471
2013-12-22 05:00:00,293.2523522986837,290.3183795946589
2013-12-22 06:00:00,296.95596675549524,291.94536297861345
2013-12-22 08:00:00,300.5934012579073,292.32469374740435
2013-12-22 09:00:00,300.71299440357467,292.72259077122106
2013-12-22 17:00:00,283.78744102442755,284.7376877559903
2013-12-22 18:00:00,283.05868953475607,284.09718245166846
2013-12-22 20:00:00,282.0343953325127,283.15236740229864
2013-12-22 21:00:00,281.73097746250994,282.8280582751258
2013-12-23 05:00:00,291.34689782470326,288.7469273877254
2013-12-23 06:00:00,295.4970004136096,290.4117346294856
2013-12-23 08:00:00,298.292693598061,290.34960671823086
2013-12-23 09:00:00,298.8280417702415,290.96494447211455
2013-12-23 17:00:00,282.51644843385105,283.47362542997337
2013-12-23 18:00:00,281.77582812199057,282.8562106939237
2013-12-23 20:00:00,280.60824669601374,281.84100960142257
2013-12-23 21:00:00,280.0899801151411,281.415060410698
2013-12-24 05:00:00,291.034080140947,287.8390725581047
2013-12-24 06:00:00,295.01697529703154,289.621119165641
2013-12-24 08:00:00,299.1165411527425,291.3207379592402
2013-12-24 09:00:00,299.41351922598017,291.9081772156232
2013-12-24 17:00:00,281.86329918906944,283.2268926917313
2013-12-24 18:00:00,281.05202499413156,282.44205793430694
2013-12-24 20:00:00,280.1632811747641,281.51878909447527
2013-12-24 21:00:00,279.79357992445557,281.0837673898471
2013-12-25 05:00:00,291.8533387735188,288.412143842465
2013-12-25 06:00:00,295.5071860902666,290.08071560852335
2013-12-25 08:00:00,300.1175148233611,292.0861889996404
2013-12-25 09:00:00,300.2848746559837,292.5702110490373
2013-12-25 17:00:00,283.2718198567583,284.3277730368686
2013-12-25 18:00:00,282.70517536745234,283.77863218898216
2013-12-25 20:00:00,281.6375086333241,282.89153817622065
2013-12-25 21:00:00,281.26891692503943,282.54528307804526
2013-12-26 05:00:00,291.7516458567192,288.83959589460045
2013-12-26 06:00:00,295.4163667182159,290.5764031549815
2013-12-26 08:00:00,297.4354718036388,291.7175342342336
2013-12-26 09:00:00,297.4506193140439,292.0383229307107
2013-12-26 17:00:00,283.9504420863829,285.5620971115418
2013-12-26 18:00:00,283.62063403489594,285.2347339224558
2013-12-26 20:00:00,283.4975110540405,284.9630727900195
2013-12-26 21:00:00,283.17719375774936,284.6126827010756
2013-12-27 05:00:00,289.93159484863276,287.4727493309644
2013-12-27 06:00:00,293.28070317578425,289.06882468577714
2013-12-27 08:00:00,297.8922299471768,291.5463707311128
2013-12-27 09:00:00,298.5778665645464,292.01801613923766
2013-12-27 17:00:00,283.45576277205316,284.2791863251908
2013-12-27 18:00:00,282.5540745151796,283.42424591957877
2013-12-27 20:00:00,281.1321875244517,282.26662526182105
2013-12-27 21:00:00,280.3669600523492,281.50645550226767
2013-12-28 05:00:00,291.8548171832492,288.61067281996344
2013-12-28 06:00:00,295.57085283511594,290.27816810078906
2013-12-28 08:00:00,299.5205763007166,291.72025253225365
2013-12-28 09:00:00,299.70344087339146,292.06475051856376
2013-12-28 17:00:00,281.530478431925,282.9548866495329
2013-12-28 18:00:00,280.59346640752904,282.0725410590737
2013-12-28 20:00:00,279.25159815243103,280.7730377150243
2013-12-28 21:00:00,278.6889402274909,280.20469761923397
2013-12-29 05:00:00,291.1581256084707,287.8308670913861
2013-12-29 06:00:00,294.8768215796613,289.3133116547242
2013-12-29 08:00:00,298.9852217569924,290.94559395294897
2013-12-29 09:00:00,299.2944923718281,291.4316332894959
2013-12-29 17:00:00,281.11264905650364,282.7571929790573
2013-12-29 18:00:00,280.2911219898101,282.09058296662084
2013-12-29 20:00:00,278.5584532468822,280.4820836659389
2013-12-29 21:00:00,277.9686485960598,279.9592843077767
2013-12-30 05:00:00,286.90463938661645,286.3003350538539
2013-12-30 06:00:00,290.5131269316828,287.3701730736966
2013-12-30 08:00:00,291.9179792124979,289.17125333953527
2013-12-30 09:00:00,291.98860793855783,288.81837552721584
2013-12-30 17:00:00,284.463309054382,284.8408536749371
2013-12-30 18:00:00,284.3918823571345,284.80608632421274
2013-12-30 20:00:00,283.84402743252843,284.2629855821607
2013-12-30 21:00:00,283.45149778768723,283.8798098336383
2013-12-31 05:00:00,291.45739905970123,288.6028798342853
2013-12-31 06:00:00,295.5376460893863,290.29484896667196
2013-12-31 08:00:00,298.9765500390475,291.2408621013624
2013-12-31 09:00:00,298.86393991714266,291.5749331622719
2013-12-31 17:00:00,281.0764091268343,282.3377012420325
2013-12-31 18:00:00,280.3935715920753,281.67779825501526
2013-12-31 20:00:00,279.2347184050433,280.5522574731859
2013-12-31 21:00:00,278.7947445062717,280.1422224000716
