datetime_utc,skt,t2m
2010-01-01 05:00:00,296.3053837851126,292.36064940277714
2010-01-01 06:00:00,300.29328605757655,294.0523118076413
2010-01-01 08:00:00,304.4473281648751,295.79356128004923
2010-01-01 09:00:00,304.8319228867353,296.20174453805885
2010-01-01 17:00:00,286.05921611580163,287.4439057995248
2010-01-01 18:00:00,285.2952678192562,286.79263608958945
2010-01-01 20:00:00,283.9718286781723,285.6705185900484
2010-01-01 21:00:00,283.5018385782816,285.2671372894147
2010-01-02 05:00:00,294.3849176956436,291.5791898001508
2010-01-02 06:00:00,298.24104941534154,293.6160158648146
2010-01-02 08:00:00,302.41747327431324,295.70939535132175
2010-01-02 09:00:00,302.66636048773955,296.23222856565695
2010-01-02 17:00:00,290.1708673556523,290.3572434482663
2010-01-02 18:00:00,289.83660133961354,289.9866697196784
2010-01-02 20:00:00,288.52278515737856,288.8080114473364
2010-01-02 21:00:00,287.8984889425739,288.18405019704295
2010-01-03 05:00:00,289.4525877213442,288.8499441279101
2010-01-03 06:00:00,295.33579579780945,291.3060053985549
2010-01-03 08:00:00,299.16289838840856,293.3994692198484
2010-01-03 09:00:00,299.4621909307589,294.2947192081869
2010-01-03 17:00:00,286.76342909802645,287.06574727721136
2010-01-03 18:00:00,285.676250110973,286.16372993363444
2010-01-03 20:00:00,283.9088761104825,284.7456906264295
2010-01-03 21:00:00,283.2848410819455,284.04522500530413
2010-01-04 05:00:00,292.4100558805539,288.13044853974566
2010-01-04 06:00:00,297.2493038089323,290.8814600634465
2010-01-04 08:00:00,300.40609104056574,292.62842998298913
2010-01-04 09:00:00,300.4800423503106,293.21171360574266
2010-01-04 17:00:00,283.690958337534,284.5186452057402
2010-01-04 18:00:00,282.8608626496443,283.7933022333036
2010-01-04 20:00:00,281.59508327490016,282.6261205217688
2010-01-04 21:00:00,280.9281100139412,281.9523794823692
2010-01-05 05:00:00,292.6135511354232,288.79473921624464
2010-01-05 06:00:00,297.7229137685156,291.1085562919064
2010-01-05 08:00:00,301.6530673551633,293.55426958786506
2010-01-05 09:00:00,301.7226260850904,294.15722496373627
2010-01-05 17:00:00,283.36372535364654,284.7525426221004
2010-01-05 18:00:00,282.1081457858093,284.31427352270475
2010-01-05 20:00:00,280.47574090002496,285.2807962097262
2010-01-05 21:00:00,279.9387491282036,285.5157306829843
2010-01-06 05:00:00,294.97412088214895,291.1411637363522
2010-01-06 06:00:00,299.06449495148036,292.7209206274
2010-01-06 08:00:00,303.580132318388,294.8385156945933
2010-01-06 09:00:00,304.0982854810812,295.4941646299671
2010-01-06 17:00:00,284.9537934713261,286.39115122837717
2010-01-06 18:00:00,284.15815570284667,285.7696804052508
2010-01-06 20:00:00,282.85843339870087,284.78159916529484
2010-01-06 21:00:00,282.1942527782752,284.11675091994744
2010-01-07 05:00:00,293.22967223650875,290.59874251590486
2010-01-07 06:00:00,296.9315712903791,292.50482807835374
2010-01-07 08:00:00,301.53638111461294,294.65293957162163
2010-01-07 09:00:00,302.19166882343023,295.2540937285578
2010-01-07 17:00:00,284.9545813797068,286.1564131209222
2010-01-07 18:00:00,284.1691150400782,285.4321703095282
2010-01-07 20:00:00,282.7768367067875,284.14445432125143
2010-01-07 21:00:00,282.13369692198484,283.5349711695879
2010-01-08 05:00:00,293.0380251374561,289.8103032986446
2010-01-08 06:00:00,297.73039720532347,292.0395474896776
2010-01-08 08:00:00,303.21578727922014,293.543057316808
2010-01-08 09:00:00,303.6503093466737,294.07570726955987
2010-01-08 17:00:00,284.3498027548768,285.3129541899647
2010-01-08 18:00:00,283.5590389821856,284.6125216491417
2010-01-08 20:00:00,282.3030872785806,283.322664422504
2010-01-08 21:00:00,281.7380079554483,282.73185908665823
2010-01-09 05:00:00,293.2587278862764,289.34366359622527
2010-01-09 06:00:00,298.4515511346708,291.2107855234014
2010-01-09 08:00:00,303.38614354772824,292.91593871976266
2010-01-09 09:00:00,303.3490846278304,293.52763284409906
2010-01-09 17:00:00,283.38907838418777,284.06585604016703
2010-01-09 18:00:00,282.5018070967429,283.2639463451133
2010-01-09 20:00:00,281.1084995828167,282.0369611366872
2010-01-09 21:00:00,280.4727850680359,281.44760684349876
2010-01-10 05:00:00,292.8619201613134,288.9182466762643
2010-01-10 06:00:00,297.4713023087277,291.19643064713443
2010-01-10 08:00:00,303.63630227205016,293.66775037768446
2010-01-10 09:00:00,304.20780643880454,294.29255920786335
2010-01-10 17:00:00,283.6936900839784,284.57684105166305
2010-01-10 18:00:00,282.8979295633607,283.89406438748165
2010-01-10 20:00:00,281.6853439965858,282.8377043455151
2010-01-10 21:00:00,281.21576527270776,282.3989575449234
2010-01-11 05:00:00,293.04135759585813,289.67288932153735
2010-01-11 06:00:00,297.5241488793231,292.076396595348
2010-01-11 08:00:00,303.0747135908835,294.2656116691319
2010-01-11 09:00:00,303.8955625936687,294.8989812912669
2010-01-11 17:00:00,285.25036139113513,286.11787050126696
2010-01-11 18:00:00,284.5274745664905,285.4477054496025
2010-01-11 20:00:00,283.49664812132096,284.5429693377808
2010-01-11 21:00:00,283.19068600694277,284.2223990136192
2010-01-12 05:00:00,293.28313788133335,290.0731725942556
2010-01-12 06:00:00,297.18760246194574,292.1892705602896
2010-01-12 08:00:00,300.20458262580206,293.2645967598138
2010-01-12 09:00:00,300.52133406769883,293.8400353900457
2010-01-12 17:00:00,286.1827659195487,286.80115909899695
2010-01-12 18:00:00,285.4919536572943,286.2187304151444
2010-01-12 20:00:00,285.55776914058737,285.98442451465297
2010-01-12 21:00:00,285.4974190310815,285.82990080329415
2010-01-13 05:00:00,290.5029200949177,288.1967194120763
2010-01-13 06:00:00,296.11455130319933,290.10128864117877
2010-01-13 08:00:00,299.43283433723155,291.66747414422883
2010-01-13 09:00:00,299.39362928863665,291.98407751239137
2010-01-13 17:00:00,282.8278103491926,283.6761645300914
2010-01-13 18:00:00,281.978485319023,282.97195119519813
2010-01-13 20:00:00,280.9839249009895,282.36854532062546
2010-01-13 21:00:00,280.5289233755808,281.984183736134
2010-01-14 05:00:00,293.24451257267793,289.4756375211413
2010-01-14 06:00:00,297.13779046245276,291.0750349423919
2010-01-14 08:00:00,301.3356527554787,292.232593718589
2010-01-14 09:00:00,301.65715149113873,292.7708659120628
2010-01-14 17:00:00,283.7135845589895,284.6537668142921
2010-01-14 18:00:00,283.13001670896176,284.1335851025692
2010-01-14 20:00:00,282.30477785366156,283.31956836953185
2010-01-14 21:00:00,281.78172868866767,282.86504898894185
2010-01-15 05:00:00,293.6843942839119,289.8630847666407
2010-01-15 06:00:00,297.767475216341,291.5032581864226
2010-01-15 08:00:00,302.1683768344403,293.6449117792774
2010-01-15 09:00:00,302.7192391511656,294.3002980706872
2010-01-15 17:00:00,284.3668971362944,285.62259188565343
2010-01-15 18:00:00,283.0946394768996,284.53717480675647
2010-01-15 20:00:00,281.44595043023673,284.9728622789192
2010-01-15 21:00:00,280.78025965991856,284.27771722590796
2010-01-16 05:00:00,295.039429674898,290.944704240937
2010-01-16 06:00:00,299.550733968914,292.8894745249227
2010-01-16 08:00:00,304.69179432638254,295.22096271250393
2010-01-16 09:00:00,305.3471799594779,295.8871914903262
2010-01-16 17:00:00,284.2227706556512,285.77906843987745
2010-01-16 18:00:00,282.89567502437643,284.81453844725803
2010-01-16 20:00:00,280.90770962425665,284.5157764593515
2010-01-16 21:00:00,280.18154467566535,284.11239746281836
2010-01-17 05:00:00,295.81423266018487,291.7727811134468
2010-01-17 06:00:00,299.95217150201785,293.8880660846164
2010-01-17 08:00:00,304.3052118709899,296.179155699461
2010-01-17 09:00:00,305.00082350438475,296.7794612655287
2010-01-17 17:00:00,285.3921107687458,286.8169206522279
2010-01-17 18:00:00,284.46978157878107,286.0817406041597
2010-01-17 20:00:00,283.01307678222656,284.8092168446499
2010-01-17 21:00:00,282.4597870954564,284.2913518826289
2010-01-18 05:00:00,295.71047181304317,292.3199263750497
2010-01-18 06:00:00,300.3197176658501,294.63912712297014
2010-01-18 08:00:00,306.07772798934957,297.02760653503134
2010-01-18 09:00:00,307.0763695574321,297.65634531453145
2010-01-18 17:00:00,286.23165155302024,287.3301534784961
2010-01-18 18:00:00,285.3604853884281,286.7174859421646
2010-01-18 20:00:00,283.8684559074132,285.4183710506774
2010-01-18 21:00:00,283.05810384647503,284.72853173019337
2010-01-19 05:00:00,296.37196545240874,292.9629352963393
2010-01-19 06:00:00,300.6329145622547,294.9944294134531
2010-01-19 08:00:00,306.5512371327734,297.451641652911
2010-01-19 09:00:00,307.2407366924551,297.9958580028846
2010-01-19 17:00:00,286.38337209081425,287.5958354462093
2010-01-19 18:00:00,285.21775491064983,286.53264894176885
2010-01-19 20:00:00,283.73065408903574,285.57558524626984
2010-01-19 21:00:00,283.14659645303925,285.05592602463827
2010-01-20 05:00:00,296.46848521651395,293.40948592128666
2010-01-20 06:00:00,300.85741646741684,295.71191333365186
2010-01-20 08:00:00,306.1511541522339,298.2294462465542
2010-01-20 09:00:00,307.0312989503834,298.7980417918718
2010-01-20 17:00:00,287.1495857885328,288.29543023484143
2010-01-20 18:00:00,286.34120039506394,287.67527681653416
2010-01-20 20:00:00,285.30350989296187,287.06260272056926
2010-01-20 21:00:00,284.7550853852682,286.5380224336644
2010-01-21 05:00:00,297.7327410164526,294.2858299878419
2010-01-21 06:00:00,302.5096075354812,296.60555205029226
2010-01-21 08:00:00,308.2133067032589,298.6798374311215
2010-01-21 09:00:00,308.81060363111214,299.1780801781888
2010-01-21 17:00:00,287.1447702651766,288.33264059057956
2010-01-21 18:00:00,285.77882404062893,287.1935053327234
2010-01-21 20:00:00,284.65454654076433,286.59891158516865
2010-01-21 21:00:00,284.4102791667168,286.4976557656686
2010-01-22 05:00:00,296.28486078435725,294.22836204963767
2010-01-22 06:00:00,301.27029207344236,296.82270660165284
2010-01-22 08:00:00,307.43233385365255,300.15117987352085
2010-01-22 09:00:00,308.0483057524647,300.69449005362065
2010-01-22 17:00:00,287.69360972259005,289.4540176038933
2010-01-22 18:00:00,286.44278257396445,288.1690606350891
2010-01-22 20:00:00,284.980847210289,286.81009468349
2010-01-22 21:00:00,284.3467547353501,286.24304305019297
2010-01-23 05:00:00,297.98540333423114,294.73401426717936
2010-01-23 06:00:00,303.0476530336636,297.3008685472015
2010-01-23 08:00:00,308.6433004605568,299.71075495880075
2010-01-23 09:00:00,309.0750437355923,300.2332790474679
2010-01-23 17:00:00,286.8755303898651,288.68528331409806
2010-01-23 18:00:00,286.11680189229673,287.99766733319444
2010-01-23 20:00:00,285.3807625087274,287.4675737801245
2010-01-23 21:00:00,285.1316574637438,287.1651403253729
2010-01-24 05:00:00,297.8039489181824,294.1128053591689
2010-01-24 06:00:00,302.82657036685794,296.58860463758094
2010-01-24 08:00:00,308.3492375683895,299.4494568012161
2010-01-24 09:00:00,308.4038566036842,299.81225407252145
2010-01-24 17:00:00,289.4465318864961,290.4956574991047
2010-01-24 18:00:00,288.70867677756195,289.83109689016004
2010-01-24 20:00:00,287.1750561166067,288.3839076061278
2010-01-24 21:00:00,286.4504114982711,287.7688011792481
2010-01-25 05:00:00,297.3729813491986,293.35391886612666
2010-01-25 06:00:00,301.9444505547522,295.69469641169707
2010-01-25 08:00:00,307.25095787107125,298.423019338646
2010-01-25 09:00:00,307.6510656559596,298.8478343945989
2010-01-25 17:00:00,289.1493739758508,290.2455824277434
2010-01-25 18:00:00,288.21484626570174,289.3650393023146
2010-01-25 20:00:00,287.2121959151399,288.72506774996396
2010-01-25 21:00:00,286.63862421773433,288.0865191913717
2010-01-26 05:00:00,298.1048122929131,294.82452058718644
2010-01-26 06:00:00,302.2034171975816,296.9369221879815
2010-01-26 08:00:00,307.00897350810897,299.0428957476271
2010-01-26 09:00:00,307.8584827017527,299.4184145464552
2010-01-26 17:00:00,289.7661537675902,290.9899930557228
2010-01-26 18:00:00,289.00769381530483,290.316367503491
2010-01-26 20:00:00,287.76009069128287,289.2458203849146
2010-01-26 21:00:00,287.17954866617964,288.63999619212103
2010-01-27 05:00:00,299.21331034749977,295.51675497328375
2010-01-27 06:00:00,303.55606763278394,297.5115254876794
2010-01-27 08:00:00,308.8500088543297,299.61588829287393
2010-01-27 09:00:00,309.000260104751,300.0342376661962
2010-01-27 17:00:00,289.2862278684078,291.4343159209783
2010-01-27 18:00:00,287.58454105042165,291.98820401560545
2010-01-27 20:00:00,285.3576295732166,289.8787533564634
2010-01-27 21:00:00,284.6756893445972,288.5582752433507
2010-01-28 05:00:00,299.05370616472004,295.6517337275947
2010-01-28 06:00:00,302.9063609730114,297.5184869751541
2010-01-28 08:00:00,307.77257936357165,299.5258770958852
2010-01-28 09:00:00,308.2209714351707,300.0828239546719
2010-01-28 17:00:00,289.63296132609366,292.45030461621394
2010-01-28 18:00:00,288.69262542489497,292.6428676658125
2010-01-28 20:00:00,286.51729067668714,289.017922729116
2010-01-28 21:00:00,285.5616900615957,287.96008049211076
2010-01-29 05:00:00,300.3549386892921,296.3547236085489
2010-01-29 06:00:00,304.81584510744443,298.162221735174
2010-01-29 08:00:00,307.83885117635157,299.3795695488552
2010-01-29 09:00:00,307.5925895326494,299.57492359320077
2010-01-29 17:00:00,289.41781961826035,290.9745582615833
2010-01-29 18:00:00,288.31669581432374,290.23958605279904
2010-01-29 20:00:00,286.8528208446062,289.1527283232091
2010-01-29 21:00:00,286.2849334340617,288.6695943635491
2010-01-30 05:00:00,302.073143957576,296.6406520379159
2010-01-30 06:00:00,306.5741885850904,298.0848009670828
2010-01-30 08:00:00,309.7019740076756,299.46096213977034
2010-01-30 09:00:00,308.9805289152407,299.7546434681662
2010-01-30 17:00:00,289.75447548041916,290.8017395207621
2010-01-30 18:00:00,288.73113313037186,289.80228982464007
2010-01-30 20:00:00,287.0755528713044,288.2273376652933
2010-01-30 21:00:00,286.32058784002885,287.48955040977256
2010-01-31 05:00:00,298.54851377983863,294.1436948849718
2010-01-31 06:00:00,302.9959285836007,296.03754054746935
2010-01-31 08:00:00,308.78508491692446,297.80638884322485
2010-01-31 09:00:00,309.2724028882701,298.3335006784401
2010-01-31 17:00:00,288.7245312001562,289.93438266936363
2010-01-31 18:00:00,287.4667768904535,288.81256938164336
2010-01-31 20:00:00,285.78363794171025,287.54472997633076
2010-01-31 21:00:00,285.1563542958217,286.94803180900306
2010-02-01 05:00:00,298.4233248435845,294.79599915961455
2010-02-01 06:00:00,303.1760936437293,296.6755225089004
2010-02-01 08:00:00,308.9574239580951,298.24222558819463
2010-02-01 09:00:00,309.7160213100157,298.67362148478884
2010-02-01 17:00:00,288.0631891612096,289.5160490015439
2010-02-01 18:00:00,286.698740837203,288.6509104112999
2010-02-01 20:00:00,284.70132490960407,287.0439582671885
2010-02-01 21:00:00,284.07621868586136,286.30458035931935
2010-02-02 05:00:00,298.5917375796749,294.83023644963106
2010-02-02 06:00:00,303.13431496172,297.0767109169982
2010-02-02 08:00:00,308.36460867060356,298.87176165705654
2010-02-02 09:00:00,309.07434580469356,299.3118569913373
2010-02-02 17:00:00,288.6009183157758,289.9688693900322
2010-02-02 18:00:00,287.53908930280363,289.1006561185252
2010-02-02 20:00:00,286.2271374671595,287.9587599132755
2010-02-02 21:00:00,285.6362138698208,287.26492177907414
2010-02-03 05:00:00,297.1371941235841,293.73577565808876
2010-02-03 06:00:00,302.13707873046127,296.19822629390774
2010-02-03 08:00:00,308.4514041894757,298.27702270413766
2010-02-03 09:00:00,309.4621935169943,298.763446849006
2010-02-03 17:00:00,288.5605430426693,289.8174928920846
2010-02-03 18:00:00,287.9810317264316,289.3461321109248
2010-02-03 20:00:00,286.52837885546575,287.8815746806987
2010-02-03 21:00:00,285.9529981804188,287.34798876934315
2010-02-04 05:00:00,297.77872092036876,294.2123625392356
2010-02-04 06:00:00,302.2015491362162,296.46584271870336
2010-02-04 08:00:00,307.86951210245326,298.7778393197317
2010-02-04 09:00:00,309.0815028585896,299.3036055836729
2010-02-04 17:00:00,289.0811556917493,290.53538865852056
2010-02-04 18:00:00,288.3807905811375,289.88520331008044
2010-02-04 20:00:00,286.05679048558784,287.8952679274079
2010-02-04 21:00:00,285.2584848036568,287.1782769201717
2010-02-05 05:00:00,299.5200838109562,296.52543760044
2010-02-05 06:00:00,304.0635324486966,298.8388121006853
2010-02-05 08:00:00,309.092528685583,300.6884704025574
2010-02-05 09:00:00,310.04978383303796,301.02333308662213
2010-02-05 17:00:00,289.03944166562593,291.0781082600034
2010-02-05 18:00:00,287.5460074825904,290.33289279555686
2010-02-05 20:00:00,286.04076135103435,288.6856761867717
2010-02-05 21:00:00,285.92034373702177,288.5123844470008
2010-02-06 05:00:00,301.3581794303812,298.75299232142
2010-02-06 06:00:00,305.6071923818721,300.6799953795728
2010-02-06 08:00:00,311.04223668079345,302.6050261745835
2010-02-06 09:00:00,311.80775280028166,302.9976897864202
2010-02-06 17:00:00,291.56730799976225,293.2303682159753
2010-02-06 18:00:00,290.4330987210266,292.34178497831704
2010-02-06 20:00:00,288.17953597011484,290.33400729845044
2010-02-06 21:00:00,287.6690803139897,290.0287878568441
2010-02-07 05:00:00,302.7189800338863,299.46967138164035
2010-02-07 06:00:00,307.3199910074243,301.80567447797546
2010-02-07 08:00:00,311.513626216189,304.0184380953044
2010-02-07 09:00:00,311.6304598016254,304.34681142092853
2010-02-07 17:00:00,293.9126701413759,295.70954695174066
2010-02-07 18:00:00,292.3350714167755,295.71472555904063
2010-02-07 20:00:00,290.07212279427034,293.14714271298544
2010-02-07 21:00:00,289.12897899374946,291.9406252539213
2010-02-08 05:00:00,301.63210918502926,297.43366491849696
2010-02-08 06:00:00,306.31323434979595,298.7193780320084
2010-02-08 08:00:00,302.82918039565834,299.7335864333048
2010-02-08 09:00:00,303.0775846648841,299.9375022570782
2010-02-08 17:00:00,294.1782066686128,295.1513205882398
2010-02-08 18:00:00,293.76701432567535,294.25810824777756
2010-02-08 20:00:00,289.256286644605,289.6203413906009
2010-02-08 21:00:00,288.858804664553,289.9097768492618
2010-02-09 05:00:00,294.61584818271353,292.26448912539723
2010-02-09 06:00:00,297.81742790704146,293.5742496907803
2010-02-09 08:00:00,301.7254732011463,295.8521291912062
2010-02-09 09:00:00,302.2722769621157,296.4279713446995
2010-02-09 17:00:00,284.7577232748775,286.4747455520513
2010-02-09 18:00:00,283.2899807076241,285.1244535989864
2010-02-09 20:00:00,281.5913867921051,284.0207833406187
2010-02-09 21:00:00,281.0423732105132,283.41240836732743
2010-02-10 05:00:00,295.0599214292271,291.6466933663344
2010-02-10 06:00:00,299.13216302574875,293.479688435747
2010-02-10 08:00:00,304.9257268920334,295.0834415476936
2010-02-10 09:00:00,305.8073099192192,295.76205909858317
2010-02-10 17:00:00,284.44050584037797,285.96476632751563
2010-02-10 18:00:00,283.62656700004965,285.2907735768745
2010-02-10 20:00:00,282.7454372458906,284.5161675921941
2010-02-10 21:00:00,282.36981363399366,284.0640754640929
2010-02-11 05:00:00,294.91960261599127,291.4876106156407
2010-02-11 06:00:00,299.310708749827,293.9462028938376
2010-02-11 08:00:00,305.16766752410564,296.3835458858355
2010-02-11 09:00:00,306.27780226603124,297.18795677620017
2010-02-11 17:00:00,290.0549841882268,290.7583765579483
2010-02-11 18:00:00,289.53254166002085,290.34948025131814
2010-02-11 20:00:00,287.85579656709695,288.87370163927835
2010-02-11 21:00:00,287.4687624139301,288.4842794268451
2010-02-12 05:00:00,296.19856541990686,292.807375280442
2010-02-12 06:00:00,301.7485156419281,295.02581834131837
2010-02-12 08:00:00,307.92679286774575,297.83673469531703
2010-02-12 09:00:00,307.7440606397914,298.3181267078558
2010-02-12 17:00:00,289.99154242234897,290.7013973947299
2010-02-12 18:00:00,288.9070638412688,289.7191180213023
2010-02-12 20:00:00,288.1758246282216,289.1546994813234
2010-02-12 21:00:00,288.1418888697455,289.05351276133206
2010-02-13 05:00:00,295.86273167497023,292.9104992788635
2010-02-13 06:00:00,299.34378569004906,294.6799490154249
2010-02-13 08:00:00,303.699537021537,296.9124292217896
2010-02-13 09:00:00,305.555812418369,297.33851656450884
2010-02-13 17:00:00,289.53773898226086,290.36662189031057
2010-02-13 18:00:00,288.70525065041477,289.65223240080894
2010-02-13 20:00:00,288.39526113266203,289.4276476185568
2010-02-13 21:00:00,287.7632347071667,288.7563311983881
2010-02-14 05:00:00,298.09761487023303,293.423244058994
2010-02-14 06:00:00,300.93943741949755,294.7180759330009
2010-02-14 08:00:00,304.65835331474506,296.5591459347765
2010-02-14 09:00:00,306.5787243718175,297.3497657481989
2010-02-14 17:00:00,288.4389359954693,289.5493960623014
2010-02-14 18:00:00,287.16033994324954,289.60973317009643
2010-02-14 20:00:00,286.36543697127945,288.5151236229942
2010-02-14 21:00:00,286.160403846776,287.5399651902115
2010-02-15 05:00:00,298.6199171539448,293.9742484305783
2010-02-15 06:00:00,302.9703040688725,295.8532200418011
2010-02-15 08:00:00,309.28743020926123,298.1486634899545
2010-02-15 09:00:00,309.6238747289625,298.9322569484153
2010-02-15 17:00:00,288.8148784431728,290.1967490597388
2010-02-15 18:00:00,287.58462308110734,289.133867049254
2010-02-15 20:00:00,285.64832615080894,287.4856388932568
2010-02-15 21:00:00,285.1219298328935,286.9758949221007
2010-02-16 05:00:00,299.1891278471161,294.78945650121284
2010-02-16 06:00:00,303.9856162989636,296.9553857224381
2010-02-16 08:00:00,310.5608828504942,298.8733909383577
2010-02-16 09:00:00,310.71560861737413,299.36875320693196
2010-02-16 17:00:00,288.4550332185484,289.93662458281676
2010-02-16 18:00:00,287.41816433993256,288.9730760665447
2010-02-16 20:00:00,286.3792899297823,287.7787763363408
2010-02-16 21:00:00,285.78419073777866,286.984589751586
2010-02-17 05:00:00,295.9878692156729,291.76837715419305
2010-02-17 06:00:00,300.1551315001971,293.67857873384685
2010-02-17 08:00:00,304.87330317093154,295.75379175030395
2010-02-17 09:00:00,305.02523096022884,296.20185889668755
2010-02-17 17:00:00,285.2535008223288,286.68021316410767
2010-02-17 18:00:00,284.1897032374778,285.79865106191767
2010-02-17 20:00:00,282.05128831672374,284.0241250389346
2010-02-17 21:00:00,281.16778016641433,283.3421464164746
2010-02-18 05:00:00,298.35064438642087,291.856140771522
2010-02-18 06:00:00,302.6564929885747,293.6687493228766
2010-02-18 08:00:00,308.36116307615686,296.59528464859557
2010-02-18 09:00:00,308.4706062587274,297.53367546563527
2010-02-18 17:00:00,286.5236632078197,288.1848568908974
2010-02-18 18:00:00,285.1070740498453,287.13488353382456
2010-02-18 20:00:00,283.2431887257815,285.62660243147513
2010-02-18 21:00:00,282.46141045192724,285.37272263161026
2010-02-19 05:00:00,301.34265367128813,295.6908718632256
2010-02-19 06:00:00,305.8234675661625,297.37147049396907
2010-02-19 08:00:00,311.4071677373995,299.485974163414
2010-02-19 09:00:00,311.6606798451193,300.1041354280775
2010-02-19 17:00:00,287.98175979872883,289.5269737772655
2010-02-19 18:00:00,286.4040859322335,288.5029035194997
2010-02-19 20:00:00,284.19275903922204,287.8930309748246
2010-02-19 21:00:00,283.4269086370483,288.13267049216347
2010-02-20 05:00:00,302.4936491227113,297.75387526219725
2010-02-20 06:00:00,307.0595690664048,299.5240108448845
2010-02-20 08:00:00,313.0072183006534,301.444922848365
2010-02-20 09:00:00,313.52922083967826,301.9864537219972
2010-02-20 17:00:00,289.7720884960862,291.36862706917645
2010-02-20 18:00:00,288.40670266173476,290.2139089669579
2010-02-20 20:00:00,286.0413503543989,288.6019968464856
2010-02-20 21:00:00,285.0508893781524,288.6331030988179
2010-02-21 05:00:00,303.9191949782644,299.5033387829233
2010-02-21 06:00:00,308.57733349440093,301.4298577213141
2010-02-21 08:00:00,313.7390087110052,303.4615864099817
2010-02-21 09:00:00,314.10241452350823,303.92449880638185
2010-02-21 17:00:00,290.99119328056537,292.8047307371542
2010-02-21 18:00:00,289.7911282437976,291.93102846307266
2010-02-21 20:00:00,289.108567741876,291.50468028675425
2010-02-21 21:00:00,288.8535522084758,291.1220614722771
2010-02-22 05:00:00,299.74988150339465,297.98948876332435
2010-02-22 06:00:00,305.3611342278761,300.8349441269697
2010-02-22 08:00:00,313.2886580127781,304.4551033290399
2010-02-22 09:00:00,313.46695343628875,304.94095394093375
2010-02-22 17:00:00,289.5924806991601,290.12864341794614
2010-02-22 18:00:00,288.7534668485997,289.8958145400225
2010-02-22 20:00:00,287.45281385236603,289.3839722149912
2010-02-22 21:00:00,286.94925173625745,288.40034785807046
2010-02-23 05:00:00,300.60926640162296,296.9519099630818
2010-02-23 06:00:00,304.9274304218028,298.8804618235913
2010-02-23 08:00:00,308.86140629984385,300.93721052972126
2010-02-23 09:00:00,308.7619753280663,301.06403302632054
2010-02-23 17:00:00,289.83952663051326,291.4525103929047
2010-02-23 18:00:00,288.64085611540287,290.57967161581223
2010-02-23 20:00:00,287.35539379619485,289.7567766421749
2010-02-23 21:00:00,287.1845896857546,289.6485998450516
2010-02-24 05:00:00,302.1477449531732,297.52645107557305
2010-02-24 06:00:00,306.7120405294128,299.26302235372634
2010-02-24 08:00:00,310.84588289187394,300.8947157426314
2010-02-24 09:00:00,310.9349664297236,301.22403579500315
2010-02-24 17:00:00,291.0251357867648,292.5764105139969
2010-02-24 18:00:00,290.04713040250476,291.80134081730307
2010-02-24 20:00:00,288.17874876707106,290.0811855039905
2010-02-24 21:00:00,287.53306320966306,289.42477555708456
2010-02-25 05:00:00,302.1383578354846,297.5530896767262
2010-02-25 06:00:00,306.3372310409194,299.37247637497444
2010-02-25 08:00:00,312.28944093677774,301.3102359624783
2010-02-25 09:00:00,313.1011030670307,301.83283907239354
2010-02-25 17:00:00,291.87829716804396,293.1439545194982
2010-02-25 18:00:00,290.59262797351244,292.00065008554327
2010-02-25 20:00:00,287.96287437873923,291.6312053897899
2010-02-25 21:00:00,287.10697179950074,290.7241702792457
2010-02-26 05:00:00,304.33658050866273,299.2983240206914
2010-02-26 06:00:00,308.67014492605057,301.16069350514465
2010-02-26 08:00:00,314.0461622570255,303.3494610661534
2010-02-26 09:00:00,314.3864759495152,303.9279178566485
2010-02-26 17:00:00,293.0091734476192,294.69720609456255
2010-02-26 18:00:00,292.02388188578135,294.061354133124
2010-02-26 20:00:00,289.73924323553666,292.03058916982405
2010-02-26 21:00:00,288.67580659510725,291.20285951117705
2010-02-27 05:00:00,305.0434850331264,300.98581003150883
2010-02-27 06:00:00,309.2236721232786,303.0256184723418
2010-02-27 08:00:00,313.83766773852807,305.23610848307794
2010-02-27 09:00:00,314.027775087048,305.6753874133658
2010-02-27 17:00:00,293.67767733675305,295.6605593265481
2010-02-27 18:00:00,292.78498494716933,294.98893972905284
2010-02-27 20:00:00,291.5947665551043,294.04444135245626
2010-02-27 21:00:00,291.14789690626054,293.5227122725618
2010-02-28 05:00:00,305.5989562329967,302.03019846018367
2010-02-28 06:00:00,310.15310264552136,303.9556222689354
2010-02-28 08:00:00,313.25093783950217,305.4735798181848
2010-02-28 09:00:00,313.1445623083365,305.70423489469226
2010-02-28 17:00:00,293.5260874273597,295.56671064991065
2010-02-28 18:00:00,292.6684076811757,294.9909972439194
2010-02-28 20:00:00,292.3193102397243,294.882386547024
2010-02-28 21:00:00,292.088146051016,294.56994697088817
2010-03-01 05:00:00,304.7964889455833,300.98234207788124
2010-03-01 06:00:00,308.57641674447325,302.8799924453712
2010-03-01 08:00:00,312.7299938466406,305.4030000189971
2010-03-01 09:00:00,313.05302490328427,305.7369166346287
2010-03-01 17:00:00,294.49057721577367,296.3095636117991
2010-03-01 18:00:00,293.832957686555,295.75207025795396
2010-03-01 20:00:00,293.1238271187193,295.2861912143984
2010-03-01 21:00:00,292.8003945607801,294.9432656592324
2010-03-02 05:00:00,305.5466401228001,301.744159034294
2010-03-02 06:00:00,309.9238360482849,303.99745951742165
2010-03-02 08:00:00,315.1048410941713,306.0486727627841
2010-03-02 09:00:00,315.4176991702228,306.37965531782675
2010-03-02 17:00:00,295.7077504585631,297.14109332021474
2010-03-02 18:00:00,294.8220424093708,296.44693879537476
2010-03-02 20:00:00,293.6065363714985,295.2905408391967
2010-03-02 21:00:00,292.96840671251294,294.4901214975789
2010-03-03 05:00:00,305.8344508613387,301.4505594779604
2010-03-03 06:00:00,308.76503691357345,302.91869820945993
2010-03-03 08:00:00,311.8914648211792,304.4995839452523
2010-03-03 09:00:00,311.9497676432041,304.8642122947564
2010-03-03 17:00:00,295.5829047627735,296.9876835709911
2010-03-03 18:00:00,294.96310114456435,296.4247534095047
2010-03-03 20:00:00,294.1423164685078,295.75642775901474
2010-03-03 21:00:00,293.6890499779183,295.3248777227887
2010-03-04 05:00:00,303.9912028261252,300.1131559586488
2010-03-04 06:00:00,307.69605879350144,301.9654900032126
2010-03-04 08:00:00,311.3053879230893,303.8082774534064
2010-03-04 09:00:00,311.28684311030645,304.0275495908293
2010-03-04 17:00:00,295.22632884538416,296.0918344224363
2010-03-04 18:00:00,294.39023358502266,295.43996251933567
2010-03-04 20:00:00,293.79880543666195,295.23710425425384
2010-03-04 21:00:00,293.33872764834274,294.6358818912359
2010-03-05 05:00:00,306.0424419103308,299.93894671659075
2010-03-05 06:00:00,309.86312360719467,301.4434440859661
2010-03-05 08:00:00,315.2395841013669,303.6735544307574
2010-03-05 09:00:00,315.52004774472755,304.17131207059094
2010-03-05 17:00:00,295.4576292816774,296.5379707794895
2010-03-05 18:00:00,294.5852607056981,295.8161676110031
2010-03-05 20:00:00,293.24929969446686,294.47991346174103
2010-03-05 21:00:00,292.6871711954314,293.95027811905635
2010-03-06 05:00:00,303.5678716345083,299.2512964798232
2010-03-06 06:00:00,307.1586653322946,300.4252427252489
2010-03-06 08:00:00,310.36344100881615,302.50982842349856
2010-03-06 09:00:00,309.3408280006727,302.53888125191855
2010-03-06 17:00:00,294.5988255105511,295.77346660690426
2010-03-06 18:00:00,293.98246473597453,295.2131346245576
2010-03-06 20:00:00,293.34344781014516,294.5873711913686
2010-03-06 21:00:00,292.7677672963664,293.9120216075738
2010-03-07 05:00:00,303.9400413760051,298.52304855370187
2010-03-07 06:00:00,308.1016494210218,300.56719293579664
2010-03-07 08:00:00,312.49882782405626,302.38021622527
2010-03-07 09:00:00,312.8576270575149,302.72660818232225
2010-03-07 17:00:00,293.0004421051919,294.05261510252404
2010-03-07 18:00:00,292.02490401304743,293.23250677405593
2010-03-07 20:00:00,290.6145038105123,292.09110736112194
2010-03-07 21:00:00,289.98579350311326,291.4873333712021
2010-03-08 05:00:00,305.4533596891101,298.0935854919151
2010-03-08 06:00:00,309.5466646450143,299.7901401843055
2010-03-08 08:00:00,312.71384078438734,301.8815453386821
2010-03-08 09:00:00,312.62087822254347,302.32719703521497
2010-03-08 17:00:00,291.9719666655883,293.52198645734273
2010-03-08 18:00:00,290.3983230943489,292.58256594242044
2010-03-08 20:00:00,288.1354856799674,290.61059339902437
2010-03-08 21:00:00,287.3555950523341,289.85272282628324
2010-03-09 05:00:00,305.6609578184061,299.20791146347443
2010-03-09 06:00:00,309.97045599844864,300.57465937398433
2010-03-09 08:00:00,315.79901238251904,302.7058531727372
2010-03-09 09:00:00,315.7213196835275,303.2101962379021
2010-03-09 17:00:00,292.9671434305482,294.4969042291627
2010-03-09 18:00:00,291.8952965405763,293.78810618067007
2010-03-09 20:00:00,289.7248828811528,291.9263590620185
2010-03-09 21:00:00,289.00178807615686,291.1509378253955
2010-03-10 05:00:00,306.3867850046496,300.99081164626017
2010-03-10 06:00:00,310.961727783015,302.4197834643818
2010-03-10 08:00:00,317.35946622357716,304.25591655431435
2010-03-10 09:00:00,317.64124355698226,304.68966902863633
2010-03-10 17:00:00,293.4938803556704,294.8541780304284
2010-03-10 18:00:00,292.13326438586404,293.6750558579831
2010-03-10 20:00:00,289.74243749492155,291.84125136741324
2010-03-10 21:00:00,288.89843472567475,291.0913438135744
2010-03-11 05:00:00,307.40216419472716,302.0388549428508
2010-03-11 06:00:00,311.84304123042364,303.70404440669694
2010-03-11 08:00:00,318.29550982035914,305.4116981870772
2010-03-11 09:00:00,318.5153395266305,305.88011602040245
2010-03-11 17:00:00,294.3968839248634,295.75652848112935
2010-03-11 18:00:00,292.95337708742113,294.44575312398433
2010-03-11 20:00:00,290.14857428834324,293.8491573245573
2010-03-11 21:00:00,289.1444835927343,294.0017501525409
2010-03-12 05:00:00,308.1788711195183,302.79410852746713
2010-03-12 06:00:00,313.15197542305174,304.79676564926365
2010-03-12 08:00:00,318.75076644262657,306.6519272955614
2010-03-12 09:00:00,318.1236069125277,306.982282053708
2010-03-12 17:00:00,294.87067252278143,296.901524289547
2010-03-12 18:00:00,293.85533426575745,296.06171829858437
2010-03-12 20:00:00,292.41441850706315,295.02229109236566
2010-03-12 21:00:00,291.61141671531925,293.91326276547
2010-03-13 05:00:00,310.6962450494752,305.008137072547
2010-03-13 06:00:00,314.81120076936276,306.56080660357134
2010-03-13 08:00:00,317.18508283382937,308.1171196936092
2010-03-13 09:00:00,316.6472336309166,308.1966408140303
2010-03-13 17:00:00,295.8972144457519,297.6868275082534
2010-03-13 18:00:00,294.97465512785595,296.97285757667294
2010-03-13 20:00:00,293.95531521225564,296.20889380973733
2010-03-13 21:00:00,293.5609795992106,295.78955548349626
2010-03-14 05:00:00,307.8488629639424,304.05553917083984
2010-03-14 06:00:00,312.20600199883086,306.37799321484675
2010-03-14 08:00:00,315.88452134330765,308.22801589378037
2010-03-14 09:00:00,315.7144938793682,308.43972658413037
2010-03-14 17:00:00,296.5705438505152,298.05549064365846
2010-03-14 18:00:00,295.73316066841863,297.4238546221576
2010-03-14 20:00:00,295.006688498569,297.01064868333344
2010-03-14 21:00:00,294.1928461483337,295.94549520577783
2010-03-15 05:00:00,311.4636331567045,303.73710921512367
2010-03-15 06:00:00,315.67674093143603,305.9682829493918
2010-03-15 08:00:00,319.41101201179396,308.69701175072527
2010-03-15 09:00:00,318.97214419889525,309.0474733138122
2010-03-15 17:00:00,296.4706581480147,298.5106170842387
2010-03-15 18:00:00,295.1204880301501,297.23233001661964
2010-03-15 20:00:00,292.55788168885124,294.53786048830386
2010-03-15 21:00:00,291.9685480385238,293.9973670007268
2010-03-16 05:00:00,310.55684239838627,305.07152405725606
2010-03-16 06:00:00,315.2938599902419,307.07024833785005
2010-03-16 08:00:00,320.7846879768078,309.7655728520891
2010-03-16 09:00:00,321.00927447537987,310.238396455033
2010-03-16 17:00:00,297.85262758228555,299.1225394320966
2010-03-16 18:00:00,296.98236361416906,298.3562610549809
2010-03-16 20:00:00,295.5809249995486,296.96026750044393
2010-03-16 21:00:00,295.01103389134573,296.44513517829415
2010-03-17 05:00:00,309.02238758245863,303.93540136398997
2010-03-17 06:00:00,313.57735150400407,306.18420170341693
2010-03-17 08:00:00,321.2398820356889,309.13069380890977
2010-03-17 09:00:00,321.5200103383586,309.61231867668255
2010-03-17 17:00:00,297.89354257921593,299.3125180566256
2010-03-17 18:00:00,297.0066331296195,298.45258734516443
2010-03-17 20:00:00,295.93332906055895,297.38874868619246
2010-03-17 21:00:00,295.5486184048175,296.8841647249524
2010-03-18 05:00:00,309.0532313554056,304.1077159299689
2010-03-18 06:00:00,313.60952841078375,306.4444672007039
2010-03-18 08:00:00,319.9855253104987,308.647448429525
2010-03-18 09:00:00,321.4918729667487,309.1745690109183
2010-03-18 17:00:00,297.8644540842583,299.1236630103254
2010-03-18 18:00:00,296.63516106039793,298.0536224412257
2010-03-18 20:00:00,294.9389679002101,296.5458070023218
2010-03-18 21:00:00,294.29977804927506,295.83092596350906
2010-03-19 05:00:00,310.50307470477424,304.7244495926726
2010-03-19 06:00:00,315.0543950673061,306.66261387899954
2010-03-19 08:00:00,321.6143604625355,308.8599969661107
2010-03-19 09:00:00,321.7152615916013,309.432633457272
2010-03-19 17:00:00,298.0908968650689,299.86024383403856
2010-03-19 18:00:00,296.57137586596565,298.979860890628
2010-03-19 20:00:00,293.95189371682096,297.33722878384117
2010-03-19 21:00:00,293.053364405463,296.8219239362766
2010-03-20 05:00:00,315.4947804361352,307.25686720743755
2010-03-20 06:00:00,319.7706846639813,308.77371939966235
2010-03-20 08:00:00,322.691166576509,310.97161855829887
2010-03-20 09:00:00,322.0364284662326,311.20288974662043
2010-03-20 17:00:00,298.52222077027307,300.88766249082124
2010-03-20 18:00:00,297.1106477805022,299.776079833232
2010-03-20 20:00:00,295.35475156340283,298.32286055319486
2010-03-20 21:00:00,294.80837328518487,297.7330317093154
2010-03-21 05:00:00,311.9834738615298,307.88995793934777
2010-03-21 06:00:00,316.0082239230352,309.73763518487726
2010-03-21 08:00:00,320.4055397492161,311.58109639642424
2010-03-21 09:00:00,320.3818069481519,311.69430934629753
2010-03-21 17:00:00,299.46922229361275,301.47827301260503
2010-03-21 18:00:00,298.44896598075314,300.59343012969924
2010-03-21 20:00:00,297.1383918562362,299.4761506067402
2010-03-21 21:00:00,296.610054545116,298.7666320095445
2010-03-22 05:00:00,311.28591535712246,306.8670856963688
2010-03-22 06:00:00,315.4686102962641,308.9457807731922
2010-03-22 08:00:00,318.62909372855773,310.3178798869505
2010-03-22 09:00:00,318.3304520946438,310.50247601478236
2010-03-22 17:00:00,297.967416019763,300.06180895789197
2010-03-22 18:00:00,297.3600312219746,299.4292219070881
2010-03-22 20:00:00,296.723001865099,298.9244919175911
2010-03-22 21:00:00,296.28223921154245,298.4352722403081
2010-03-23 05:00:00,310.0928606171454,305.53198869937376
2010-03-23 06:00:00,314.39096842855446,307.69734255374857
2010-03-23 08:00:00,319.1507464674845,310.09524404469926
2010-03-23 09:00:00,319.10533339584185,310.32388533723014
2010-03-23 17:00:00,297.5785314856766,299.45135493344634
2010-03-23 18:00:00,296.8452421402895,298.82912674302867
2010-03-23 20:00:00,295.8639887969924,297.9056527912158
2010-03-23 21:00:00,295.3149205282767,297.2697203508327
2010-03-24 05:00:00,309.7867946301477,305.11250815369505
2010-03-24 06:00:00,314.01447969739354,307.1195985767617
2010-03-24 08:00:00,319.0867680812654,309.3003465743572
2010-03-24 09:00:00,319.85729315100906,309.73073557896316
2010-03-24 17:00:00,299.2629604486545,300.6132098463908
2010-03-24 18:00:00,298.4088215409148,299.7857449712298
2010-03-24 20:00:00,297.4118760730526,299.06407715690153
2010-03-24 21:00:00,296.94050537015335,298.47063301450856
2010-03-25 05:00:00,310.1986869259498,305.49343237267067
2010-03-25 06:00:00,314.29334373062676,307.3863610736394
2010-03-25 08:00:00,319.35666834003933,309.5776576437458
2010-03-25 09:00:00,320.11929638690685,310.0147076858027
2010-03-25 17:00:00,300.26605290440824,301.59838601510586
2010-03-25 18:00:00,299.4029704418682,300.772725815031
2010-03-25 20:00:00,298.2688821284172,299.7448069803153
2010-03-25 21:00:00,297.7268612337039,299.1259899639018
2010-03-26 05:00:00,311.0896421882147,306.31025676991794
2010-03-26 06:00:00,314.73527651464997,307.7873111483864
2010-03-26 08:00:00,319.8168931205762,309.83743892722583
2010-03-26 09:00:00,319.87803482972606,310.1602148399882
2010-03-26 17:00:00,299.1531663844692,300.6543480119279
2010-03-26 18:00:00,298.1952159628846,299.8029020100786
2010-03-26 20:00:00,297.1095654409729,298.82158379929456
2010-03-26 21:00:00,296.49817324786784,298.0386965711973
2010-03-27 05:00:00,310.8351534474612,305.87912998287624
2010-03-27 06:00:00,314.79404730422107,307.691419768958
2010-03-27 08:00:00,320.4012805015905,309.63177687728717
2010-03-27 09:00:00,321.2710626540456,310.05710986215274
2010-03-27 17:00:00,299.3752882241836,300.8227902311023
2010-03-27 18:00:00,298.5154999202499,300.15619223290486
2010-03-27 20:00:00,297.34556370339885,299.36415433957137
2010-03-27 21:00:00,296.87144206889053,298.8395872659786
2010-03-28 05:00:00,312.7039080180446,307.355782037156
2010-03-28 06:00:00,317.11162504833914,309.1516476059548
2010-03-28 08:00:00,322.15065874708085,310.80165904181763
2010-03-28 09:00:00,322.0120009553084,311.1090181230214
2010-03-28 17:00:00,299.71766723726864,301.5263503299472
2010-03-28 18:00:00,298.74696230190375,300.7102718735329
2010-03-28 20:00:00,296.999392540319,299.3235929750698
2010-03-28 21:00:00,296.3279562128711,298.6799718448304
2010-03-29 05:00:00,311.38186095345003,307.0178437784016
2010-03-29 06:00:00,315.4932849337397,309.0788843892572
2010-03-29 08:00:00,320.50491650409435,310.9272744012724
2010-03-29 09:00:00,320.71094575244217,311.16440823265515
2010-03-29 17:00:00,299.8691950299891,301.3812895835089
2010-03-29 18:00:00,298.9114556452159,300.52244621946926
2010-03-29 20:00:00,297.63088203982693,299.2560101290146
2010-03-29 21:00:00,296.8993970168574,298.4758312536866
2010-03-30 05:00:00,310.1148438299382,305.68377838369884
2010-03-30 06:00:00,314.41699044766887,308.0494114151354
2010-03-30 08:00:00,318.31453889397153,310.31334449991425
2010-03-30 09:00:00,318.01046402612343,310.5402826153442
2010-03-30 17:00:00,300.91482167765616,302.1436901592143
2010-03-30 18:00:00,300.1114692158986,301.3835247492387
2010-03-30 20:00:00,300.0273960389782,301.64149449235305
2010-03-30 21:00:00,299.8343322941996,301.5494994882076
2010-03-31 05:00:00,309.09830421953245,304.95005760721875
2010-03-31 06:00:00,312.96831805166005,307.06595180141176
2010-03-31 08:00:00,317.89085188338134,309.7043356638292
2010-03-31 09:00:00,318.1614422908366,309.99737452432083
2010-03-31 17:00:00,299.7097695795891,300.95748515783
2010-03-31 18:00:00,298.88269132311433,300.1703692937302
2010-03-31 20:00:00,297.85739361450004,299.29565881103144
2010-03-31 21:00:00,297.3531397744577,298.81039374635105
2010-04-01 05:00:00,309.0516132889617,304.53817932411044
2010-04-01 06:00:00,313.4452145051883,307.2133677384152
2010-04-01 08:00:00,318.3901379648452,309.6942018529483
2010-04-01 09:00:00,318.62947019039206,310.0491845317541
2010-04-01 17:00:00,300.08737817420433,301.8500788002425
2010-04-01 18:00:00,299.67400488243635,301.41119728029605
2010-04-01 20:00:00,298.78737552213744,300.2021765099101
2010-04-01 21:00:00,298.24215136323767,299.5914589010512
2010-04-02 05:00:00,311.91940693201377,305.2836062720818
2010-04-02 06:00:00,316.32648852426206,307.5581870527223
2010-04-02 08:00:00,318.2060995469292,309.5117544870715
2010-04-02 09:00:00,319.4345672325287,310.4609089808765
2010-04-02 17:00:00,299.7038930178791,301.05312306267456
2010-04-02 18:00:00,298.81801154984527,300.3084488737932
2010-04-02 20:00:00,297.95318643484717,300.10296880078425
2010-04-02 21:00:00,297.6415132543155,299.78356512742715
2010-04-03 05:00:00,311.5849265170575,304.49233778379
2010-04-03 06:00:00,316.49593062907786,306.6004112255408
2010-04-03 08:00:00,322.36940371567744,309.23933222554683
2010-04-03 09:00:00,322.853279924907,309.70464236784056
2010-04-03 17:00:00,300.2642297730057,301.6563536375072
2010-04-03 18:00:00,298.93851333406565,300.579165419004
2010-04-03 20:00:00,296.63492700609106,298.6098926467778
2010-04-03 21:00:00,295.3893146485504,297.3805759000852
2010-04-04 05:00:00,313.68291933033237,306.2272610186796
2010-04-04 06:00:00,318.4031600834592,308.0396838313075
2010-04-04 08:00:00,323.41777226664067,309.95652905010104
2010-04-04 09:00:00,323.83820026791517,310.3861534694678
2010-04-04 17:00:00,300.13174379698484,301.5951639184232
2010-04-04 18:00:00,298.9062001561898,300.72872974178273
2010-04-04 20:00:00,297.5749007873065,299.9941717068477
2010-04-04 21:00:00,297.06943428498016,299.404386358746
2010-04-05 05:00:00,315.35830940046736,307.518284919633
2010-04-05 06:00:00,320.66465143283085,309.5538511349718
2010-04-05 08:00:00,325.346603628667,311.36338538124306
2010-04-05 09:00:00,324.6266110836082,311.6814179971516
2010-04-05 17:00:00,300.8788777073653,302.6700291097256
2010-04-05 18:00:00,300.0325928439712,301.9990964868954
2010-04-05 20:00:00,299.2102473983412,301.22240343373073
2010-04-05 21:00:00,298.6083072139229,300.391763648928
2010-04-06 05:00:00,314.1283495510672,307.6749980673768
2010-04-06 06:00:00,318.38872275330436,308.87026081761155
2010-04-06 08:00:00,322.65424507975763,310.85023898226086
2010-04-06 09:00:00,321.98567803945673,311.1499488019429
2010-04-06 17:00:00,298.81464852684275,300.87824723018895
2010-04-06 18:00:00,297.6451865315253,299.9133722807851
2010-04-06 20:00:00,295.9195066431454,298.46048613138305
2010-04-06 21:00:00,295.2160614907099,297.65175698020244
2010-04-07 05:00:00,314.61460798877783,307.9227569768168
2010-04-07 06:00:00,319.22074850167627,309.4614396528764
2010-04-07 08:00:00,325.16901286026734,311.8225475481736
2010-04-07 09:00:00,324.4109529515812,312.2594544538548
2010-04-07 17:00:00,299.2202016774605,301.2677209322185
2010-04-07 18:00:00,296.86946221162066,302.1928796988607
2010-04-07 20:00:00,294.23503773458566,300.63135435695085
2010-04-07 21:00:00,293.3962602659441,299.99092170233354
2010-04-08 05:00:00,316.58375838504554,309.5694534231224
2010-04-08 06:00:00,320.53748339166634,311.158406285549
2010-04-08 08:00:00,324.2649962391435,312.94044339454786
2010-04-08 09:00:00,323.91861354551617,313.1297415100004
2010-04-08 17:00:00,301.35706610304914,303.0628184361157
2010-04-08 18:00:00,300.2792700721964,302.2190967436381
2010-04-08 20:00:00,298.9572138382217,301.22257076316333
2010-04-08 21:00:00,298.76678060052575,301.01031447118163
2010-04-09 05:00:00,313.79825010138046,309.06668593960666
2010-04-09 06:00:00,317.99814917236705,311.16400193506837
2010-04-09 08:00:00,321.7906340847398,312.76213127806307
2010-04-09 09:00:00,321.6371572109511,312.95663727229845
2010-04-09 17:00:00,301.36512784561137,302.8714256580512
2010-04-09 18:00:00,300.31040773553366,301.8892775243163
2010-04-09 20:00:00,298.85155956109617,300.70620732241304
2010-04-09 21:00:00,298.26849424012454,300.14726555916855
2010-04-10 05:00:00,311.97322747887375,307.72788573560433
2010-04-10 06:00:00,315.80367661110245,309.7874544023182
2010-04-10 08:00:00,320.98593445294443,312.3701918356591
2010-04-10 09:00:00,321.64969302325846,312.7015307974558
2010-04-10 17:00:00,301.0890390781115,302.548648146525
2010-04-10 18:00:00,300.44639980039904,301.9155388877645
2010-04-10 20:00:00,299.4130349181283,300.96505958310263
2010-04-10 21:00:00,298.7873174493963,300.42758989848414
2010-04-11 05:00:00,311.7500835589157,306.76930815192696
2010-04-11 06:00:00,315.59155854164914,308.78390237252773
2010-04-11 08:00:00,321.76707557243265,311.5365137884907
2010-04-11 09:00:00,322.96637049882185,312.2282411078642
2010-04-11 17:00:00,302.01572694469854,303.2875567467077
2010-04-11 18:00:00,301.34876553340024,302.67421450857387
2010-04-11 20:00:00,300.16551610538147,301.5206906828564
2010-04-11 21:00:00,299.4129824410602,300.8872408168893
2010-04-12 05:00:00,312.4707105075266,307.1959375225708
2010-04-12 06:00:00,316.4617631909293,309.2893668528882
2010-04-12 08:00:00,321.6567393862779,311.94496206509865
2010-04-12 09:00:00,322.1719827989952,312.58023419255284
2010-04-12 17:00:00,302.52421320605174,303.68999722191296
2010-04-12 18:00:00,301.12559720878426,302.4230173637025
2010-04-12 20:00:00,298.8072004744378,300.4828983771232
2010-04-12 21:00:00,297.47753306713605,299.1701273396497
2010-04-13 05:00:00,319.3289466705088,310.11511216362015
2010-04-13 06:00:00,321.9310458143613,311.4992915360696
2010-04-13 08:00:00,324.0356162472388,313.23156601916116
2010-04-13 09:00:00,323.4845929726247,313.4399313669543
2010-04-13 17:00:00,300.2910565345423,302.3661588131004
2010-04-13 18:00:00,298.4197829001123,300.89031667371376
2010-04-13 20:00:00,295.87660781554706,300.13705333833155
2010-04-13 21:00:00,295.0959952755592,298.9440225562991
2010-04-14 05:00:00,317.63558296944217,311.08924129821116
2010-04-14 06:00:00,321.4271858344644,312.5342458716159
2010-04-14 08:00:00,325.20499418990454,313.97488090620936
2010-04-14 09:00:00,324.90169439330487,314.2295288650207
2010-04-14 17:00:00,302.576736003482,304.70259326999474
2010-04-14 18:00:00,301.6268774188355,303.95378235051373
2010-04-14 20:00:00,299.88284184201655,302.23325043429946
2010-04-14 21:00:00,299.1603203113715,301.34486203421426
2010-04-15 05:00:00,318.1160763357012,311.9670858985654
2010-04-15 06:00:00,321.74084413878177,313.6563528381254
2010-04-15 08:00:00,326.21496756014363,315.3482717975446
2010-04-15 09:00:00,326.28250592294944,315.6452454976933
2010-04-15 17:00:00,303.8655711968985,305.7995200135124
2010-04-15 18:00:00,302.9217312053099,304.99059508430946
2010-04-15 20:00:00,301.48820131181384,303.9544745211609
2010-04-15 21:00:00,300.85814103654064,303.27620279697135
2010-04-16 05:00:00,317.28831453720113,311.6358082540597
2010-04-16 06:00:00,321.02997740758775,313.5183243949902
2010-04-16 08:00:00,326.3731420719752,315.53364932114613
2010-04-16 09:00:00,326.89440713421044,315.95885607421127
2010-04-16 17:00:00,304.2900661004159,305.9713311334972
2010-04-16 18:00:00,303.25337294474224,304.9965105335958
2010-04-16 20:00:00,301.7784887234493,303.66315865773817
2010-04-16 21:00:00,301.26757563280955,303.0701199430164
2010-04-17 05:00:00,316.6133037737595,311.40758475610767
2010-04-17 06:00:00,320.2527700932625,313.00641026665875
2010-04-17 08:00:00,323.4857846158679,314.6349141924701
2010-04-17 09:00:00,323.8060486357091,314.9753861625683
2010-04-17 17:00:00,303.55087783413785,305.1539190024918
2010-04-17 18:00:00,302.8188149521274,304.46169594880797
2010-04-17 20:00:00,302.15690767967095,304.09236763364913
2010-04-17 21:00:00,301.8836769844608,303.95505111059526
2010-04-18 05:00:00,314.3693889741354,309.83519781315454
2010-04-18 06:00:00,318.25913195029614,312.14103567067576
2010-04-18 08:00:00,322.35290369818495,314.42906433481653
2010-04-18 09:00:00,322.5400080982085,314.7106153020873
2010-04-18 17:00:00,304.4878669821059,305.9026160335688
2010-04-18 18:00:00,303.7818240737327,305.4492637034741
2010-04-18 20:00:00,303.5535222833807,305.16257532058034
2010-04-18 21:00:00,302.99979211369356,304.21975534024705
2010-04-19 05:00:00,312.1775720769709,307.52651526123424
2010-04-19 06:00:00,316.03917819876887,309.85382357510656
2010-04-19 08:00:00,321.0438558992877,312.8481560987758
2010-04-19 09:00:00,321.4606860944046,313.368183788423
2010-04-19 17:00:00,304.97786274162024,306.33071934680913
2010-04-19 18:00:00,304.0617265040041,305.4720256317562
2010-04-19 20:00:00,302.80601764790634,304.0855625663957
2010-04-19 21:00:00,302.03841544740555,303.110746903853
2010-04-20 05:00:00,310.91089057628477,306.15303277014215
2010-04-20 06:00:00,314.9393051217995,308.51755369683076
2010-04-20 08:00:00,319.8473729866863,311.6734048758156
2010-04-20 09:00:00,320.476334017855,312.3097589195969
2010-04-20 17:00:00,303.43075077192077,304.92958651926193
2010-04-20 18:00:00,302.97183714221546,304.8964535752871
2010-04-20 20:00:00,302.6937990820463,304.30286067733414
2010-04-20 21:00:00,302.17494472039317,303.62661665577
2010-04-21 05:00:00,311.49805244716185,306.3144987602998
2010-04-21 06:00:00,314.9096524748486,308.3212939293249
2010-04-21 08:00:00,318.06960069747475,310.4979659258309
2010-04-21 09:00:00,317.9929714114714,310.7923476067824
2010-04-21 17:00:00,302.480520098529,303.80353192298554
2010-04-21 18:00:00,301.7415463487246,303.1299724843359
2010-04-21 20:00:00,300.8982037513392,302.5503472326717
2010-04-21 21:00:00,300.3514056565765,301.9152152556668
2010-04-22 05:00:00,312.8136750913364,307.293606304057
2010-04-22 06:00:00,316.584384700734,309.07075389985494
2010-04-22 08:00:00,321.34311430333025,310.88707670849533
2010-04-22 09:00:00,321.50194442584444,311.2775985412128
2010-04-22 17:00:00,302.1865184296078,303.581020925372
2010-04-22 18:00:00,301.3002423960916,302.74745817728143
2010-04-22 20:00:00,299.9834271212021,301.3444256422516
2010-04-22 21:00:00,299.15091659475365,300.39093504260615
2010-04-23 05:00:00,314.8058591351855,308.11160489921394
2010-04-23 06:00:00,317.6954866006672,309.497017529786
2010-04-23 08:00:00,321.37490579049654,311.0887636205265
2010-04-23 09:00:00,321.741543127686,311.48226594851457
2010-04-23 17:00:00,300.02700904411233,301.66989737629706
2010-04-23 18:00:00,298.1362817232341,300.2843222360949
2010-04-23 20:00:00,296.6138707471004,299.8292365169672
2010-04-23 21:00:00,296.760968530123,299.8810392359189
2010-04-24 05:00:00,314.02159454862954,307.99192701906935
2010-04-24 06:00:00,317.32626309857716,309.75658953979683
2010-04-24 08:00:00,321.0787267464519,311.75810418033456
2010-04-24 09:00:00,321.1353933043399,312.0996295476364
2010-04-24 17:00:00,300.5652320520903,302.4239999450778
2010-04-24 18:00:00,299.6978515719045,301.6811652514159
2010-04-24 20:00:00,298.68701073127824,300.78690240563157
2010-04-24 21:00:00,298.15584523064325,300.2487058948111
2010-04-25 05:00:00,315.46657481142114,308.7095861449631
2010-04-25 06:00:00,319.3137526783995,310.9365074498628
2010-04-25 08:00:00,322.30047245348914,312.74085493043685
2010-04-25 09:00:00,322.5626716084767,313.0694877965425
2010-04-25 17:00:00,302.88420655143284,304.5711155731248
2010-04-25 18:00:00,301.1799691645501,303.8690817293658
2010-04-25 20:00:00,299.35687058365033,301.9801177038066
2010-04-25 21:00:00,298.91625607436174,301.3063240462716
2010-04-26 05:00:00,315.689879172021,309.9977596617994
2010-04-26 06:00:00,318.6082323776739,311.33804260159866
2010-04-26 08:00:00,324.4744692480619,313.29154897728023
2010-04-26 09:00:00,325.27126038350013,313.6800532407129
2010-04-26 17:00:00,302.02037034233103,304.11761958940747
2010-04-26 18:00:00,301.1303931237737,303.5304519347675
2010-04-26 20:00:00,300.37858146585194,302.58835139810947
2010-04-26 21:00:00,300.1496725214648,302.1059576895645
2010-04-27 05:00:00,316.78253056271967,310.42847065271695
2010-04-27 06:00:00,320.37911277265505,311.85124916582157
2010-04-27 08:00:00,326.4519397518117,313.7615052209981
2010-04-27 09:00:00,325.85805566726003,314.1146262805157
2010-04-27 17:00:00,302.7612180077975,304.56331243059486
2010-04-27 18:00:00,301.2784097257124,303.38016833289197
2010-04-27 20:00:00,299.66952820294443,302.390202503175
2010-04-27 21:00:00,299.48672798050944,301.9759749543318
2010-04-28 05:00:00,319.5303632739146,310.65406004636793
2010-04-28 06:00:00,323.78496157700556,312.39416506257373
2010-04-28 08:00:00,327.42451178458145,314.09986729320656
2010-04-28 09:00:00,327.07020893302644,314.5035050778617
2010-04-28 17:00:00,303.6906149324908,305.29054168560106
2010-04-28 18:00:00,302.94953335378494,304.7057608911547
2010-04-28 20:00:00,301.00445469649065,302.5940086000322
2010-04-28 21:00:00,299.70474765113397,301.2860053110931
2010-04-29 05:00:00,320.0199463172759,310.4289102657183
2010-04-29 06:00:00,324.1531615646668,312.4009810625497
2010-04-29 08:00:00,328.1201453304438,314.1184326312943
2010-04-29 09:00:00,327.96861995938013,314.5228948607834
2010-04-29 17:00:00,303.3169138339709,304.3481859815506
2010-04-29 18:00:00,302.54235661158395,303.76392993427385
2010-04-29 20:00:00,299.95117486092636,302.9989602393105
2010-04-29 21:00:00,298.559421956631,301.9444951320466
2010-04-30 05:00:00,318.9756580934686,310.2271378903617
2010-04-30 06:00:00,322.7191231702619,311.70545799596283
2010-04-30 08:00:00,325.44390981994536,312.78531154168223
2010-04-30 09:00:00,324.8138632046974,313.1764808737075
2010-04-30 17:00:00,302.6349433228856,304.13636509405995
2010-04-30 18:00:00,301.83866656616397,303.2989802896885
2010-04-30 20:00:00,300.4280058121645,301.91000500224953
2010-04-30 21:00:00,299.79031651853967,301.24984151079036
2010-05-01 05:00:00,317.0444296908856,309.2250194814062
2010-05-01 06:00:00,320.49361319755,310.89289813636816
2010-05-01 08:00:00,323.1400888028608,312.39657146060046
2010-05-01 09:00:00,322.39575324624275,312.4106355499597
2010-05-01 17:00:00,303.02484368322814,304.2448671690672
2010-05-01 18:00:00,302.5558158039863,303.7408383079964
2010-05-01 20:00:00,299.67390465405765,301.02686047664224
2010-05-01 21:00:00,298.7849439670933,300.3371871219394
2010-05-02 05:00:00,317.38595712717586,309.3969975781551
2010-05-02 06:00:00,319.8853476455289,310.54136171032354
2010-05-02 08:00:00,322.4325030874949,312.1591088481604
2010-05-02 09:00:00,322.01619815679476,312.4422360083723
2010-05-02 17:00:00,302.8247613892166,304.1802592226096
2010-05-02 18:00:00,301.7523171023705,303.3938097373363
2010-05-02 20:00:00,299.3329058442902,301.6432475367754
2010-05-02 21:00:00,297.6877223222025,301.56375596997185
2010-05-03 05:00:00,316.7329629389641,309.90794132744037
2010-05-03 06:00:00,320.32590572786256,311.9433661227234
2010-05-03 08:00:00,323.5920061484691,314.4285768764596
2010-05-03 09:00:00,323.4164812414231,314.8190552604217
2010-05-03 17:00:00,303.99327646969647,305.3994858893114
2010-05-03 18:00:00,303.1199892628909,304.88543872803865
2010-05-03 20:00:00,301.62601048920664,303.7864793680482
2010-05-03 21:00:00,299.83020837722097,302.20379394155077
2010-05-04 05:00:00,315.08045087205977,309.9772741379466
2010-05-04 06:00:00,318.31958734309546,311.97322583308755
2010-05-04 08:00:00,321.9688094363925,314.45599936557295
2010-05-04 09:00:00,322.2826386673608,314.917489614619
2010-05-04 17:00:00,305.2735573602568,306.4945484037943
2010-05-04 18:00:00,304.4935021069825,305.8594780262152
2010-05-04 20:00:00,303.5359491427617,305.0039019944672
2010-05-04 21:00:00,302.9376062707651,304.28390477067336
2010-05-05 05:00:00,314.52864681296796,309.071269336577
2010-05-05 06:00:00,317.3313987978802,310.70342015999677
2010-05-05 08:00:00,320.0820332014322,312.6717558921026
2010-05-05 09:00:00,320.46451123065685,313.14770394958595
2010-05-05 17:00:00,303.6964077001727,305.0791580364774
2010-05-05 18:00:00,302.63094128812963,304.0994357915799
2010-05-05 20:00:00,301.68866011468214,303.55404322173086
2010-05-05 21:00:00,301.35710548436145,303.1903618105755
2010-05-06 05:00:00,314.6316436626511,308.7053128376213
2010-05-06 06:00:00,317.90757365880654,310.09506608819004
2010-05-06 08:00:00,322.3145561041927,311.56670879252334
2010-05-06 09:00:00,321.4167363853043,311.6820745953059
2010-05-06 17:00:00,303.5122546414932,304.74391646892155
2010-05-06 18:00:00,301.9440692496043,303.83000201914456
2010-05-06 20:00:00,300.79986306588717,303.3243603816569
2010-05-06 21:00:00,300.70253077714216,302.72172600462557
2010-05-07 05:00:00,315.02348762594494,309.8096045448527
2010-05-07 06:00:00,318.2252766002308,311.2760905543535
2010-05-07 08:00:00,320.07426577246247,312.6688553115069
2010-05-07 09:00:00,320.46314837862786,313.03203560428005
2010-05-07 17:00:00,302.7185924747508,303.89165709602815
2010-05-07 18:00:00,301.0874085977375,302.55598336853126
2010-05-07 20:00:00,299.5856357803697,300.204124133282
2010-05-07 21:00:00,299.00957581883034,299.55427146876355
2010-05-08 05:00:00,316.9967948314038,308.8012803229051
2010-05-08 06:00:00,321.4926267133105,310.2048409907219
2010-05-08 08:00:00,325.9741703262681,311.9284320472753
2010-05-08 09:00:00,325.41814574254863,312.5230678094003
2010-05-08 17:00:00,302.19752681126766,303.55556026041415
2010-05-08 18:00:00,300.8480097413614,302.4323621376637
2010-05-08 20:00:00,299.1114074283829,301.3433745021262
2010-05-08 21:00:00,298.23824640635536,301.51188560920804
2010-05-09 05:00:00,319.3566177438697,309.73779966945096
2010-05-09 06:00:00,322.416526477032,311.44362796730553
2010-05-09 08:00:00,323.16651103015306,312.592582173634
2010-05-09 09:00:00,322.4413451207988,312.820447948203
2010-05-09 17:00:00,303.0461663950022,304.64326472348534
2010-05-09 18:00:00,302.29726491025855,304.0117979123155
2010-05-09 20:00:00,301.7317697910021,303.67515575720455
2010-05-09 21:00:00,301.6211103489293,303.51781850382804
2010-05-10 05:00:00,315.57581915950925,309.97590797083404
2010-05-10 06:00:00,318.7141309129806,311.1336350874467
2010-05-10 08:00:00,322.3113665705653,312.47767697938235
2010-05-10 09:00:00,322.4824908099299,312.8557960733611
2010-05-10 17:00:00,302.0263531512949,303.6193470065877
2010-05-10 18:00:00,301.03788059040653,302.8063464759862
2010-05-10 20:00:00,299.78709602062065,301.76235679779285
2010-05-10 21:00:00,299.3881626217318,301.3689626920021
2010-05-11 05:00:00,316.6864599571757,310.56275175826397
2010-05-11 06:00:00,320.5783006524085,312.26108018496
2010-05-11 08:00:00,324.4946351602375,313.91852293323115
2010-05-11 09:00:00,324.3610761786462,314.1751090638994
2010-05-11 17:00:00,303.35313361451506,305.0281461177879
2010-05-11 18:00:00,302.4921574761578,304.3704569718136
2010-05-11 20:00:00,301.49165511168025,303.453927885035
2010-05-11 21:00:00,300.87648882520585,302.6841021098415
2010-05-12 05:00:00,320.0989844699854,311.87753262982716
2010-05-12 06:00:00,323.4500769334508,313.5671075194936
2010-05-12 08:00:00,324.33699623425315,314.9141677832934
2010-05-12 09:00:00,323.8253217088791,315.06978239226964
2010-05-12 17:00:00,302.6275886806024,304.54900206108863
2010-05-12 18:00:00,301.452296887414,303.4777803112436
2010-05-12 20:00:00,301.0870811097978,303.89788801901517
2010-05-12 21:00:00,301.27732785640774,304.02673325737015
2010-05-13 05:00:00,317.11318598249113,311.9332198744011
2010-05-13 06:00:00,320.6811670382695,313.7383606474278
2010-05-13 08:00:00,323.7899339908077,315.248555493465
2010-05-13 09:00:00,323.76291431961886,315.4154154302894
2010-05-13 17:00:00,304.9964280326855,307.10439028982387
2010-05-13 18:00:00,304.496351621184,306.5526486765622
2010-05-13 20:00:00,304.4101529349165,306.5620381688851
2010-05-13 21:00:00,304.1638825920587,306.2797459865388
2010-05-14 05:00:00,316.1801619331348,311.0692927708795
2010-05-14 06:00:00,320.2590561500867,313.2561609535629
2010-05-14 08:00:00,323.64544449675435,315.05183006251355
2010-05-14 09:00:00,323.8328745978639,315.26483417622666
2010-05-14 17:00:00,305.1053938667286,306.8265972166841
2010-05-14 18:00:00,304.72976712783793,306.40697590926396
2010-05-14 20:00:00,302.68783724510064,304.29571568469976
2010-05-14 21:00:00,301.63563838541415,303.4686979931566
2010-05-15 05:00:00,315.6928022293538,310.2501899237258
2010-05-15 06:00:00,319.7029768087096,312.51062794642746
2010-05-15 08:00:00,324.17346419465196,314.66475704528153
2010-05-15 09:00:00,325.20205448662006,315.2101911124537
2010-05-15 17:00:00,305.1632156254514,306.73729685826
2010-05-15 18:00:00,304.32086752963545,305.92284939946677
2010-05-15 20:00:00,303.2377758055512,304.7997686447826
2010-05-15 21:00:00,302.65153402319675,304.1189380052094
2010-05-16 05:00:00,316.54968245260886,310.17772438272675
2010-05-16 06:00:00,320.2782414558305,312.0704507695508
2010-05-16 08:00:00,324.5869783657174,314.17301560036026
2010-05-16 09:00:00,326.12404001291804,314.94581531119087
2010-05-16 17:00:00,305.76435179629567,307.14583939139396
2010-05-16 18:00:00,304.82920743357425,306.1197823170337
2010-05-16 20:00:00,303.6451855675649,305.2141104582095
2010-05-16 21:00:00,303.2173260422811,304.72724949817626
2010-05-17 05:00:00,317.10009678633446,311.316866976087
2010-05-17 06:00:00,320.6211556785831,313.02234222929354
2010-05-17 08:00:00,324.04273596529964,315.36899365629364
2010-05-17 09:00:00,324.39422795511723,315.7467334906015
2010-05-17 17:00:00,305.57617803494253,307.05460337681467
2010-05-17 18:00:00,304.69125561354156,306.2741188084584
2010-05-17 20:00:00,303.5125125361885,305.2472435902741
2010-05-17 21:00:00,303.0293124629463,304.7816920581694
2010-05-18 05:00:00,316.6492910047158,311.0911144615138
2010-05-18 06:00:00,319.87120531079216,312.699897378178
2010-05-18 08:00:00,323.9617782616284,314.37151765749894
2010-05-18 09:00:00,324.42899302525217,314.8328822390141
2010-05-18 17:00:00,303.94314203717863,305.7376127316515
2010-05-18 18:00:00,302.9825250657939,304.96262908606394
2010-05-18 20:00:00,301.3236641435667,303.1350217093305
2010-05-18 21:00:00,300.5622997548437,302.2733657437223
2010-05-19 05:00:00,320.1346412976093,312.24981611866065
2010-05-19 06:00:00,323.0761017409973,313.3588366163163
2010-05-19 08:00:00,326.0270401729825,314.840044371336
2010-05-19 09:00:00,325.85377088643736,315.1558622292635
2010-05-19 17:00:00,304.7544109420894,306.48569414465015
2010-05-19 18:00:00,303.7262122531885,305.7680615629364
2010-05-19 20:00:00,303.0325957593639,305.05207693044133
2010-05-19 21:00:00,302.8315298024605,304.48576322064747
2010-05-20 05:00:00,321.6230916638955,312.5132816590954
2010-05-20 06:00:00,326.2884734966355,313.8976988476487
2010-05-20 08:00:00,329.27725610013,316.1463842406663
2010-05-20 09:00:00,328.2084953178794,316.46644375981833
2010-05-20 17:00:00,305.38493521151076,306.9278545173915
2010-05-20 18:00:00,304.14030303719966,305.8736931047014
2010-05-20 20:00:00,302.29862599894517,304.32077825749053
2010-05-20 21:00:00,301.4542911335574,303.45936655006346
2010-05-21 05:00:00,320.72925470055344,313.09196831889807
2010-05-21 06:00:00,325.80110979594514,314.531918259725
2010-05-21 08:00:00,328.67243452028066,316.35747425802316
2010-05-21 09:00:00,327.8187312051218,316.67517508343667
2010-05-21 17:00:00,304.5721461174117,306.6040432640511
2010-05-21 18:00:00,303.1833957854331,305.46875166929743
2010-05-21 20:00:00,300.7231219134456,303.25866576960345
2010-05-21 21:00:00,299.8115449737878,302.60387405372
2010-05-22 05:00:00,321.5589089180545,314.26755134570766
2010-05-22 06:00:00,326.37833544432846,315.69367637693057
2010-05-22 08:00:00,330.13540080442266,317.51965002874016
2010-05-22 09:00:00,329.5264458560797,317.9087625982582
2010-05-22 17:00:00,306.2611634382298,308.1077080772177
2010-05-22 18:00:00,305.3900502679528,307.5674372645115
2010-05-22 20:00:00,304.10024664692224,306.581244329091
2010-05-22 21:00:00,304.0345125830229,306.5342027285066
2010-05-23 05:00:00,319.50344601764886,312.52747701165856
2010-05-23 06:00:00,322.49917468525047,314.59709893977515
2010-05-23 08:00:00,325.6839447021485,317.20959470305127
2010-05-23 09:00:00,326.15962630684834,317.69265053488994
2010-05-23 17:00:00,307.59124219803306,309.24064412873776
2010-05-23 18:00:00,306.7592050702252,308.4694546080885
2010-05-23 20:00:00,305.9446087383159,307.6821734130107
2010-05-23 21:00:00,305.5036572895726,307.02897549998045
2010-05-24 05:00:00,316.23333411077135,311.19352320125915
2010-05-24 06:00:00,319.67704044101055,313.1955592033492
2010-05-24 08:00:00,324.00416184059463,316.33047551183006
2010-05-24 09:00:00,324.3806479620089,316.97002233378873
2010-05-24 17:00:00,308.6719184252441,309.86146054025426
2010-05-24 18:00:00,307.87232644385296,309.12440420188966
2010-05-24 20:00:00,306.6051324218373,307.84126448668025
2010-05-24 21:00:00,305.93533259363863,306.98632022522634
2010-05-25 05:00:00,314.30748688825656,309.47390380295104
2010-05-25 06:00:00,317.6187881446216,311.50032654749043
2010-05-25 08:00:00,322.2912743660996,314.93544636448655
2010-05-25 09:00:00,322.8448116966683,315.654615851874
2010-05-25 17:00:00,307.9233561370333,308.9238552804721
2010-05-25 18:00:00,307.19284527841813,308.1395822063617
2010-05-25 20:00:00,305.57982340432096,306.11253352231347
2010-05-25 21:00:00,304.5337394161842,304.8199342983346
2010-05-26 05:00:00,312.55033937992044,307.73675290241454
2010-05-26 06:00:00,316.25202575119323,310.1087895938538
2010-05-26 08:00:00,321.60569725565625,313.8823150023474
2010-05-26 09:00:00,322.5804804726999,314.8554730760666
2010-05-26 17:00:00,306.89233619443075,307.86859422398646
2010-05-26 18:00:00,306.36717828359735,307.4862042208115
2010-05-26 20:00:00,305.23890319259954,305.9252601705825
2010-05-26 21:00:00,304.245706543533,304.5912549411204
2010-05-27 05:00:00,312.69766839590204,308.0134792945051
2010-05-27 06:00:00,316.1243905653755,310.1499614274741
2010-05-27 08:00:00,320.1127134067436,312.87346290623645
2010-05-27 09:00:00,320.6497051315425,313.65834945890316
2010-05-27 17:00:00,307.57864955907985,308.7022491596146
2010-05-27 18:00:00,306.92707340375676,307.9782254493843
2010-05-27 20:00:00,305.48461044146944,306.19330544023563
2010-05-27 21:00:00,304.4689283797113,304.9594580322642
2010-05-28 05:00:00,311.537263726233,306.9837159331664
2010-05-28 06:00:00,314.83647778809353,309.0913663608451
2010-05-28 08:00:00,319.02742796723027,311.8987371506419
2010-05-28 09:00:00,319.9393386723264,312.9309388617706
2010-05-28 17:00:00,306.87075429484366,307.9125283686516
2010-05-28 18:00:00,306.30001391394666,307.35327463487994
2010-05-28 20:00:00,305.26549202047624,306.00908730246806
2010-05-28 21:00:00,304.62459516010955,305.1618126162395
2010-05-29 05:00:00,312.6171716534302,307.1760213702045
2010-05-29 06:00:00,316.2204392349408,309.17944451142534
2010-05-29 08:00:00,320.4465389633767,312.1463100157093
2010-05-29 09:00:00,321.03379678358834,313.16833002357896
2010-05-29 17:00:00,305.2784848205849,306.40786646768015
2010-05-29 18:00:00,304.46462450776886,305.67511682260573
2010-05-29 20:00:00,303.3884463317589,304.7198266027888
2010-05-29 21:00:00,302.9278681774169,304.1981815755459
2010-05-30 05:00:00,314.1690882842971,308.70693753423234
2010-05-30 06:00:00,318.04984251707106,310.79974412256837
2010-05-30 08:00:00,322.5848757327981,313.6117419932031
2010-05-30 09:00:00,322.33940907435715,314.0170119745522
2010-05-30 17:00:00,304.5084260726012,305.96952090976055
2010-05-30 18:00:00,303.800844800858,305.4364723005721
2010-05-30 20:00:00,303.18715981599547,305.03650948593537
2010-05-30 21:00:00,302.9570521044621,304.6314629318167
2010-05-31 05:00:00,314.4350330135305,309.1996964041735
2010-05-31 06:00:00,317.89619180123873,311.19207956463976
2010-05-31 08:00:00,322.4408672080018,314.0963456164156
2010-05-31 09:00:00,322.90374807584084,314.46768969049435
2010-05-31 17:00:00,306.20209577234203,307.2615873692399
2010-05-31 18:00:00,305.33506370509167,306.4565111110317
2010-05-31 20:00:00,304.21230129247823,305.3753879823376
2010-05-31 21:00:00,303.74421106464877,304.9199744696242
2010-06-01 05:00:00,312.8770936751402,307.89524220612094
2010-06-01 06:00:00,316.2652538281927,309.89565393480206
2010-06-01 08:00:00,321.108984737073,312.95484606914783
2010-06-01 09:00:00,321.7234788844692,313.469622337212
2010-06-01 17:00:00,304.67720906356084,306.0390220841935
2010-06-01 18:00:00,303.91658059988623,305.4088214938924
2010-06-01 20:00:00,303.26644761095804,304.8494135969776
2010-06-01 21:00:00,302.95549954030844,304.4280467217068
2010-06-02 05:00:00,313.5917891162937,308.0423432336934
2010-06-02 06:00:00,316.97586800174093,309.77537858724963
2010-06-02 08:00:00,321.53586483148655,312.59605743925454
2010-06-02 09:00:00,321.7206312981886,313.07851439301146
2010-06-02 17:00:00,305.92428981504753,306.9067194017314
2010-06-02 18:00:00,305.225293598851,305.52762235809
2010-06-02 20:00:00,303.158309278209,302.7959467295689
2010-06-02 21:00:00,302.36334000456685,302.0981606364434
2010-06-03 05:00:00,311.2965833666879,306.6336180182929
2010-06-03 06:00:00,314.96554755870665,308.4961239149097
2010-06-03 08:00:00,319.1818160893186,310.94401319882905
2010-06-03 09:00:00,319.68075808391364,311.60010172369306
2010-06-03 17:00:00,304.55283904700144,304.8830984200829
2010-06-03 18:00:00,303.8186783753852,303.7965185697347
2010-06-03 20:00:00,300.24034617090444,300.5128407294651
2010-06-03 21:00:00,299.87706548517406,301.394629573969
2010-06-04 05:00:00,311.58309372253893,306.763103161828
2010-06-04 06:00:00,314.45070280242595,308.3524617340605
2010-06-04 08:00:00,317.8476700275815,310.4144316028189
2010-06-04 09:00:00,318.24548516177987,311.0244818688908
2010-06-04 17:00:00,305.56190850444494,306.4088678345291
2010-06-04 18:00:00,305.04809885363005,305.80080182232734
2010-06-04 20:00:00,304.047899854569,304.5589069901336
2010-06-04 21:00:00,303.34976142213236,303.77678201966364
2010-06-05 05:00:00,310.3817467358888,305.65251032707323
2010-06-05 06:00:00,312.919100275025,307.0511228211672
2010-06-05 08:00:00,316.4282999846895,309.28775066734283
2010-06-05 09:00:00,317.22680955601766,310.11382015093085
2010-06-05 17:00:00,304.83209482436916,305.6711083457724
2010-06-05 18:00:00,304.21691932149224,305.19015705126276
2010-06-05 20:00:00,303.95552434465736,304.96187016703135
2010-06-05 21:00:00,303.74060949669416,304.58139908001493
2010-06-06 05:00:00,309.7822836947919,305.4552422569052
2010-06-06 06:00:00,312.3117766769715,306.8515041216129
2010-06-06 08:00:00,315.7762892007461,308.46247271286506
2010-06-06 09:00:00,317.5895532217158,309.49528009682115
2010-06-06 17:00:00,304.7519876865099,305.2388959511403
2010-06-06 18:00:00,303.80839538574224,304.5059890394402
2010-06-06 20:00:00,303.131747464737,303.5399719144237
2010-06-06 21:00:00,302.1842788202553,302.53648298877783
2010-06-07 05:00:00,302.38856816695915,301.0154983449974
2010-06-07 06:00:00,302.9573566924626,302.5903954410406
2010-06-07 08:00:00,306.1092455236497,304.03012823213595
2010-06-07 09:00:00,307.69967322209953,304.91912973459773
2010-06-07 17:00:00,295.8824128560917,295.53349708592395
2010-06-07 18:00:00,295.6051884491014,295.4521443230346
2010-06-07 20:00:00,294.93484631084334,294.8258525689688
2010-06-07 21:00:00,294.6574628033513,294.63701461533367
2010-06-08 05:00:00,307.53694129320803,302.6759305463183
2010-06-08 06:00:00,310.7711614717505,304.3378902958428
2010-06-08 08:00:00,315.5365311162682,306.40889240376566
2010-06-08 09:00:00,316.1642860682977,307.0836891679808
2010-06-08 17:00:00,299.61025309746367,299.8996061257479
2010-06-08 18:00:00,298.7923676618626,299.2157877964672
2010-06-08 20:00:00,297.3330606657478,298.0517299281798
2010-06-08 21:00:00,296.8389242492582,297.59173703891656
2010-06-09 05:00:00,313.9379376850804,306.1650866257208
2010-06-09 06:00:00,316.97957294857923,307.74012659951615
2010-06-09 08:00:00,321.5225848416885,310.27963569535314
2010-06-09 09:00:00,321.36529783181305,310.735501540644
2010-06-09 17:00:00,302.45801756966097,302.85017293921237
2010-06-09 18:00:00,301.3489734197067,301.92623922527304
2010-06-09 20:00:00,299.74910596192166,301.0126991918532
2010-06-09 21:00:00,299.0490379157162,300.31384843964423
2010-06-10 05:00:00,319.4159151379978,308.5130464527383
2010-06-10 06:00:00,322.2867678978778,309.880171389352
2010-06-10 08:00:00,325.072657510202,311.9233590759371
2010-06-10 09:00:00,323.58936365065847,312.0524341365773
2010-06-10 17:00:00,303.87679766873913,304.5622265643809
2010-06-10 18:00:00,302.6865969336088,303.6042547005535
2010-06-10 20:00:00,300.85276408849404,302.16198145039095
2010-06-10 21:00:00,300.0128341463204,301.31030456825107
2010-06-11 05:00:00,318.38688443364646,310.3740492293207
2010-06-11 06:00:00,322.31054692202247,311.6838696542984
2010-06-11 08:00:00,326.4315254669895,313.73939095660245
2010-06-11 09:00:00,326.8388353532929,314.19616393572744
2010-06-11 17:00:00,305.0421826990066,306.2678291544158
2010-06-11 18:00:00,303.9686663000169,305.23141977930294
2010-06-11 20:00:00,302.4126247411884,303.87786065852515
2010-06-11 21:00:00,301.5637172939965,303.0734223775761
2010-06-12 05:00:00,319.1808814473439,312.1116090136794
2010-06-12 06:00:00,322.2486352200501,312.93203260424696
2010-06-12 08:00:00,327.2189879806824,314.7421943182571
2010-06-12 09:00:00,326.6738007344157,315.0159041018258
2010-06-12 17:00:00,305.8624563114302,307.30049406031065
2010-06-12 18:00:00,304.9343939312434,306.46189795730663
2010-06-12 20:00:00,303.593971052596,305.13561466258193
2010-06-12 21:00:00,302.7005946507623,304.249310791768
2010-06-13 05:00:00,320.1358295082128,312.6799145479599
2010-06-13 06:00:00,323.0045987968269,313.3894301357181
2010-06-13 08:00:00,327.2728817180052,315.04369494139877
2010-06-13 09:00:00,327.5863250591354,315.18881801611104
2010-06-13 17:00:00,305.2121736500039,306.81216842110604
2010-06-13 18:00:00,303.87742720546635,305.9137892054483
2010-06-13 20:00:00,303.3119585128337,305.7137722726596
2010-06-13 21:00:00,303.39564836264026,305.30701894422157
2010-06-14 05:00:00,318.52033596891107,312.4979459412844
2010-06-14 06:00:00,322.7661775609562,314.17290505055104
2010-06-14 08:00:00,327.00939268985036,314.96039107547523
2010-06-14 09:00:00,326.06554710258877,315.11410355531194
2010-06-14 17:00:00,307.6799264681541,308.46836100667946
2010-06-14 18:00:00,306.80005360090496,307.55222862490524
2010-06-14 20:00:00,304.1797099532258,305.2640312676804
2010-06-14 21:00:00,303.73376079259555,304.6844551309782
2010-06-15 05:00:00,316.27995575374376,310.3896621680591
2010-06-15 06:00:00,319.14158258893644,311.63218952290634
2010-06-15 08:00:00,322.0226200144904,311.7960079763263
2010-06-15 09:00:00,319.9904167986431,310.51375703267945
2010-06-15 17:00:00,302.6663000638753,302.8437379152271
2010-06-15 18:00:00,301.99443644331126,302.52511556710596
2010-06-15 20:00:00,300.86924162924936,300.685441638729
2010-06-15 21:00:00,300.49283572815597,300.7628121633192
2010-06-16 05:00:00,314.97393970460115,308.08516825953694
2010-06-16 06:00:00,318.6869455816566,309.64227466553865
2010-06-16 08:00:00,320.97316289352153,310.0421318442135
2010-06-16 09:00:00,321.35150334574223,310.5797918287374
2010-06-16 17:00:00,300.9023908665074,301.4621115098198
2010-06-16 18:00:00,301.1035761664204,301.72898258156323
2010-06-16 20:00:00,300.67999425103375,301.2494013335195
2010-06-16 21:00:00,300.5107920313102,301.1443869145516
2010-06-17 05:00:00,312.9098495459887,307.6240160314622
2010-06-17 06:00:00,315.4215823086825,309.0523747707185
2010-06-17 08:00:00,321.36646013303977,311.7540811970715
2010-06-17 09:00:00,318.22208137688546,311.2989153281566
2010-06-17 17:00:00,303.1771684361533,304.47095525944366
2010-06-17 18:00:00,301.8818831950748,303.96563191700426
2010-06-17 20:00:00,300.99618304565615,303.07491157896163
2010-06-17 21:00:00,300.9014594220601,302.8188111668191
2010-06-18 05:00:00,317.01729643693875,310.7185103029977
2010-06-18 06:00:00,320.87527407042234,312.24006645778667
2010-06-18 08:00:00,323.17675887050547,313.8344308532809
2010-06-18 09:00:00,322.47500006112926,314.04696801043076
2010-06-18 17:00:00,304.4813218080024,305.96163446693834
2010-06-18 18:00:00,303.4612284514863,305.1369296927665
2010-06-18 20:00:00,301.6410177316063,303.75899278731856
2010-06-18 21:00:00,301.06721696427496,303.2026929811263
2010-06-19 05:00:00,321.3372599127113,312.7610819247911
2010-06-19 06:00:00,324.46033958587884,313.9948519573007
2010-06-19 08:00:00,326.1310353565657,315.61882129545756
2010-06-19 09:00:00,325.6432660636255,315.9223694647038
2010-06-19 17:00:00,305.9384072749016,307.52067558864604
2010-06-19 18:00:00,304.61247378027497,306.36740420301817
2010-06-19 20:00:00,302.13897274822597,304.3230089325751
2010-06-19 21:00:00,301.4816051183387,303.85178437548905
2010-06-20 05:00:00,321.77727820068736,313.4936050391528
2010-06-20 06:00:00,325.1526844982741,314.8921579792981
2010-06-20 08:00:00,326.97433770272323,317.1879852718124
2010-06-20 09:00:00,326.0738381737002,317.29922894446986
2010-06-20 17:00:00,306.45496508300033,307.9462964685378
2010-06-20 18:00:00,305.6201450247978,307.2618943083636
2010-06-20 20:00:00,304.3538255030275,306.53027877454946
2010-06-20 21:00:00,304.2010643111172,306.3826737837358
2010-06-21 05:00:00,313.7996496309301,309.05694391988277
2010-06-21 06:00:00,317.18064384284116,311.2345449626905
2010-06-21 08:00:00,321.9109720427009,314.7177258272568
2010-06-21 09:00:00,321.61969953398864,314.9896690474453
2010-06-21 17:00:00,307.9777076850504,308.77894620498637
2010-06-21 18:00:00,307.38224971165823,308.14225164804327
2010-06-21 20:00:00,306.04193686557295,306.89832765552774
2010-06-21 21:00:00,305.345877813448,306.0268977889662
2010-06-22 05:00:00,311.9502521391459,307.83464739172047
2010-06-22 06:00:00,315.4488200935634,310.1696904069287
2010-06-22 08:00:00,320.18734814095757,313.4895128153138
2010-06-22 09:00:00,320.9054257667671,314.24000450569235
2010-06-22 17:00:00,306.5732068971419,307.62034632795945
2010-06-22 18:00:00,305.9631939669052,307.0476291462527
2010-06-22 20:00:00,304.91141713381916,305.74404284178934
2010-06-22 21:00:00,304.2527177337506,304.86094305805506
2010-06-23 05:00:00,311.56358751200014,306.0374177247975
2010-06-23 06:00:00,315.08897797242156,307.994706187667
2010-06-23 08:00:00,319.58429801482447,311.5337015160794
2010-06-23 09:00:00,320.0962575903659,312.3299426297745
2010-06-23 17:00:00,306.1018021970023,306.79637952431324
2010-06-23 18:00:00,305.46113494731975,306.2225477926904
2010-06-23 20:00:00,304.6718753291573,305.38808983095987
2010-06-23 21:00:00,304.16309828089646,304.7392498186814
2010-06-24 05:00:00,312.12450038633654,306.0044216396996
2010-06-24 06:00:00,315.55524262368033,307.7741075700898
2010-06-24 08:00:00,319.95356889204544,310.60258192347453
2010-06-24 09:00:00,320.6657643134495,311.34635929995216
2010-06-24 17:00:00,305.6864961644718,306.18723874319863
2010-06-24 18:00:00,305.006972796377,305.5710012380074
2010-06-24 20:00:00,304.0795864816439,304.6606672195881
2010-06-24 21:00:00,303.8171027467137,304.35452225836474
2010-06-25 05:00:00,314.3189889822609,307.59713745117193
2010-06-25 06:00:00,318.19234557070973,309.24975679982424
2010-06-25 08:00:00,323.10682570071,311.330512212862
2010-06-25 09:00:00,323.5562037157902,311.95461417787436
2010-06-25 17:00:00,304.7704143083335,305.25117993465005
2010-06-25 18:00:00,304.0003481072895,304.6889241222976
2010-06-25 20:00:00,303.09413501992253,303.776550622126
2010-06-25 21:00:00,302.8513816516095,303.58771657135526
2010-06-26 05:00:00,317.029330731173,309.931768032362
2010-06-26 06:00:00,320.69525536770817,311.27856094995155
2010-06-26 08:00:00,325.5227801965088,313.3889076221155
2010-06-26 09:00:00,325.30255369118805,313.92220307572046
2010-06-26 17:00:00,307.4939241806054,308.1550829024822
2010-06-26 18:00:00,306.93450598577135,307.593185354271
2010-06-26 20:00:00,306.0590881676814,306.7685220303999
2010-06-26 21:00:00,305.6138727220439,306.2908617675029
2010-06-27 05:00:00,315.9479938383646,310.6340371765231
2010-06-27 06:00:00,318.94151621202843,311.9966638738459
2010-06-27 08:00:00,324.5404301718314,314.4616202191322
2010-06-27 09:00:00,324.62256886815806,314.86757811559556
2010-06-27 17:00:00,307.24577653646844,308.25859652902756
2010-06-27 18:00:00,306.6754022489527,307.5952529554558
2010-06-27 20:00:00,305.40450356223363,306.98868580775564
2010-06-27 21:00:00,305.71428361842743,306.77328317227824
2010-06-28 05:00:00,314.07668505464386,309.1086877902227
2010-06-28 06:00:00,317.3644233785903,310.86374122372763
2010-06-28 08:00:00,322.3626785630989,313.47878511073225
2010-06-28 09:00:00,322.9768049007939,314.18693392008595
2010-06-28 17:00:00,306.9873945239145,307.4258641506013
2010-06-28 18:00:00,306.5626047425351,307.1751862277602
2010-06-28 20:00:00,305.84855193386466,306.7954185497595
2010-06-28 21:00:00,305.4896648859574,306.36573704512347
2010-06-29 05:00:00,313.1084367843181,307.9723328530145
2010-06-29 06:00:00,316.3126815537275,309.79256936471523
2010-06-29 08:00:00,321.06366244229406,312.74077513331815
2010-06-29 09:00:00,322.0322842825727,313.6914112578923
2010-06-29 17:00:00,307.3127080038626,307.86583402895235
2010-06-29 18:00:00,306.49002143377885,307.1252648775309
2010-06-29 20:00:00,305.30765936664886,306.1400772823575
2010-06-29 21:00:00,304.6957696994023,305.50161296450676
2010-06-30 05:00:00,312.6174281139403,306.8046236199848
2010-06-30 06:00:00,315.98596297206797,308.5273790638693
2010-06-30 08:00:00,320.9842255391031,311.61625629066504
2010-06-30 09:00:00,321.85545349121094,312.47276969169064
2010-06-30 17:00:00,305.92859288760803,306.33612735319207
2010-06-30 18:00:00,305.07701047359524,305.667367708885
2010-06-30 20:00:00,304.2843984359953,305.2480471336236
2010-06-30 21:00:00,303.80794190111436,304.7766603255309
2010-07-01 05:00:00,313.7563229929685,307.6706387794624
2010-07-01 06:00:00,317.2679079170404,309.0965597096871
2010-07-01 08:00:00,321.9664810016086,311.29884968479905
2010-07-01 09:00:00,321.9633272285638,311.6847516311152
2010-07-01 17:00:00,306.1035787056333,306.62199237276855
2010-07-01 18:00:00,305.2138515525312,305.8592899363655
2010-07-01 20:00:00,304.0404517786528,303.61129857138235
2010-07-01 21:00:00,303.4652937314543,303.2141939230803
2010-07-02 05:00:00,315.39669461242954,308.8166249984953
2010-07-02 06:00:00,319.17087139958414,310.30287816969013
2010-07-02 08:00:00,324.6940782779171,312.3845790163578
2010-07-02 09:00:00,324.0171150242786,312.74063376028477
2010-07-02 17:00:00,307.1321838096772,307.4013858554176
2010-07-02 18:00:00,306.2936999257797,306.75466211257253
2010-07-02 20:00:00,305.42804119656745,305.59702807692423
2010-07-02 21:00:00,304.7189147431972,304.87879475974154
2010-07-03 05:00:00,316.7899667419528,308.4421849654893
2010-07-03 06:00:00,321.57407563713554,310.14014734582656
2010-07-03 08:00:00,325.2839083208693,312.4117865657953
2010-07-03 09:00:00,324.9205854324788,313.0708738306454
2010-07-03 17:00:00,305.2430280265162,305.63876603748105
2010-07-03 18:00:00,304.8201841757,305.2007227869724
2010-07-03 20:00:00,303.5747831606167,303.4391391089958
2010-07-03 21:00:00,303.2645846750409,303.20144016165943
2010-07-04 05:00:00,303.9372073792162,302.5089328807014
2010-07-04 06:00:00,308.84359209857115,304.4701835738125
2010-07-04 08:00:00,311.3883769501155,305.74188173643796
2010-07-04 09:00:00,312.49807048027617,306.40763008576147
2010-07-04 17:00:00,301.80884475590454,301.7233996986424
2010-07-04 18:00:00,301.41912858254733,301.0325856965569
2010-07-04 20:00:00,299.3707969442171,299.4568712560715
2010-07-04 21:00:00,299.31248199039686,299.20686951624043
2010-07-05 05:00:00,299.9331299204305,299.5714929518972
2010-07-05 06:00:00,300.7588502622349,300.1418507345285
2010-07-05 08:00:00,308.25754103932434,303.4264647450029
2010-07-05 09:00:00,309.04849513543223,304.1528759972524
2010-07-05 17:00:00,298.53065551851864,299.06220230079026
2010-07-05 18:00:00,298.4235867587003,299.06837905390057
2010-07-05 20:00:00,297.976945027732,298.17036047701845
2010-07-05 21:00:00,297.77209188170355,297.99593366202663
2010-07-06 05:00:00,302.14717969615214,300.6125189218389
2010-07-06 06:00:00,304.04618924791896,301.76709553346797
2010-07-06 08:00:00,307.37138764039025,302.89438258848503
2010-07-06 09:00:00,307.0445422626607,303.1015249290525
2010-07-06 17:00:00,298.6464259260792,299.23418239599386
2010-07-06 18:00:00,298.56145546653056,299.08813398975434
2010-07-06 20:00:00,298.6136538559924,299.2929226444756
2010-07-06 21:00:00,298.399212524226,299.0856196986876
2010-07-07 05:00:00,309.3744158869716,303.25436598861523
2010-07-07 06:00:00,311.05082890726567,304.13134081448175
2010-07-07 08:00:00,313.25214836226405,306.77867855313013
2010-07-07 09:00:00,313.2337347656627,307.19895664679433
2010-07-07 17:00:00,299.48804042445863,299.80952035113364
2010-07-07 18:00:00,299.05496206415825,299.331153928407
2010-07-07 20:00:00,298.44347189975264,298.99997399657826
2010-07-07 21:00:00,298.4561701276453,298.96245968764293
2010-07-08 05:00:00,308.9132784944837,303.2477274279014
2010-07-08 06:00:00,312.2388086304275,305.1949192511466
2010-07-08 08:00:00,313.6222145539035,307.5340379617982
2010-07-08 09:00:00,313.1394599009369,307.8244769973637
2010-07-08 17:00:00,300.5207989755874,301.0133671929546
2010-07-08 18:00:00,300.0960944694437,300.3226269456015
2010-07-08 20:00:00,300.24888072432645,300.8088578751716
2010-07-08 21:00:00,300.1466553721846,300.46653178586797
2010-07-09 05:00:00,306.942123013395,303.24257743376984
2010-07-09 06:00:00,307.7798032128756,303.9161372956216
2010-07-09 08:00:00,311.917219447061,306.3412979901847
2010-07-09 09:00:00,311.67977286928055,306.0585597057372
2010-07-09 17:00:00,301.7912973600837,302.50988734264405
2010-07-09 18:00:00,301.4760107384257,302.1232152154156
2010-07-09 20:00:00,301.3132872030438,302.12638791500143
2010-07-09 21:00:00,300.9960586007093,301.6342945539713
2010-07-10 05:00:00,307.2507710038054,304.3899238245513
2010-07-10 06:00:00,309.8009222233424,305.97283763914896
2010-07-10 08:00:00,312.3455846754171,307.4202178814011
2010-07-10 09:00:00,313.3022861333768,308.41360706394005
2010-07-10 17:00:00,302.15687565737403,302.65683180892785
2010-07-10 18:00:00,301.705773939888,302.13325223055756
2010-07-10 20:00:00,300.91612076722606,301.20836323178236
2010-07-10 21:00:00,300.5607861017777,300.5800364395871
2010-07-11 05:00:00,306.2414780485979,303.383141445636
2010-07-11 06:00:00,307.5191773824589,304.2594578159609
2010-07-11 08:00:00,310.69546022106573,306.40480495270674
2010-07-11 09:00:00,311.7171730546995,307.1536555826572
2010-07-11 17:00:00,301.42933744127834,301.5885511495299
2010-07-11 18:00:00,300.8357751314372,301.02910655158325
2010-07-11 20:00:00,300.1640528603952,300.44434482474543
2010-07-11 21:00:00,299.77051129216227,299.9835175689086
2010-07-12 05:00:00,303.35879086346034,301.880176985025
2010-07-12 06:00:00,305.35608888223476,303.0365198543884
2010-07-12 08:00:00,308.5439581731435,305.4940719486936
2010-07-12 09:00:00,310.5503872487872,306.9939240630493
2010-07-12 17:00:00,301.11120358600823,301.4127555576789
2010-07-12 18:00:00,300.76436905353944,301.0614051995182
2010-07-12 20:00:00,300.09325598200957,300.2718006245712
2010-07-12 21:00:00,299.60351849337025,299.7499387767539
2010-07-13 05:00:00,301.9973527764319,300.9589251266973
2010-07-13 06:00:00,302.73829961227165,301.8475159584833
2010-07-13 08:00:00,307.5835537432889,304.5681936678423
2010-07-13 09:00:00,309.1989433629487,305.59578360394454
2010-07-13 17:00:00,301.27306094412074,301.64774170862324
2010-07-13 18:00:00,300.7152372339657,300.86804721168085
2010-07-13 20:00:00,300.0659038855225,300.218992918041
2010-07-13 21:00:00,299.69673036831006,299.77121789870534
2010-07-14 05:00:00,304.74092165531107,301.44002113283506
2010-07-14 06:00:00,307.61890868670406,303.49990590805265
2010-07-14 08:00:00,313.14596456518893,307.2630346736114
2010-07-14 09:00:00,313.51442044909084,307.7271229372186
2010-07-14 17:00:00,302.03944279416504,302.546204295107
2010-07-14 18:00:00,301.42969904401457,301.8535517852736
2010-07-14 20:00:00,300.94369617338725,301.10730398968667
2010-07-14 21:00:00,300.4077457375078,300.4340417565109
2010-07-15 05:00:00,307.4870259148314,304.3434408508207
2010-07-15 06:00:00,310.492954600941,305.7585838329627
2010-07-15 08:00:00,317.10315110687117,309.09196168873086
2010-07-15 09:00:00,317.38684479371057,309.58168862082744
2010-07-15 17:00:00,302.74401152482943,302.97707161220086
2010-07-15 18:00:00,301.35252166418894,302.21720719300725
2010-07-15 20:00:00,300.4691448946396,301.8488289196796
2010-07-15 21:00:00,300.8053848901405,301.99905056946085
2010-07-16 05:00:00,309.16653397711474,305.69057841954873
2010-07-16 06:00:00,311.9575745710423,306.9658589649641
2010-07-16 08:00:00,312.13927686600175,308.11940884112573
2010-07-16 09:00:00,310.85001877606925,307.8396202052136
2010-07-16 17:00:00,301.3463419486635,302.5978954532665
2010-07-16 18:00:00,301.01610347706657,301.8788400658841
2010-07-16 20:00:00,301.84311423279655,302.6228622413013
2010-07-16 21:00:00,301.4994098445851,302.1210334672032
2010-07-17 05:00:00,311.2196192572407,306.40607213753583
2010-07-17 06:00:00,314.47311617670516,307.8902475977165
2010-07-17 08:00:00,319.1126673247304,309.68533099487496
2010-07-17 09:00:00,318.81858741043163,309.42321742076905
2010-07-17 17:00:00,301.0798152459237,301.3647219006931
2010-07-17 18:00:00,300.6522678557456,301.0725362157601
2010-07-17 20:00:00,300.1282569403274,301.2301586368602
2010-07-17 21:00:00,299.7900688277187,299.80520418281736
2010-07-18 05:00:00,303.98181695453195,301.7122561509143
2010-07-18 06:00:00,305.898909511478,303.6549951350561
2010-07-18 08:00:00,311.78092502776207,307.97278281095765
2010-07-18 09:00:00,311.49530894510184,308.2426227869348
2010-07-18 17:00:00,303.264559870692,303.5724732291717
2010-07-18 18:00:00,302.6674035164902,302.93518007628177
2010-07-18 20:00:00,301.0643971447585,301.11713847908294
2010-07-18 21:00:00,300.430523935562,300.16642946969193
2010-07-19 05:00:00,299.8100016730592,299.4873033238486
2010-07-19 06:00:00,299.9678969419976,300.60740130267266
2010-07-19 08:00:00,302.5930834330837,303.0953977846401
2010-07-19 09:00:00,303.44173898094425,303.4541974883234
2010-07-19 17:00:00,301.3319884830704,302.20005288146126
2010-07-19 18:00:00,301.03405919244,301.85577178625925
2010-07-19 20:00:00,300.74968375042886,301.51757535067475
2010-07-19 21:00:00,300.47926744364077,301.16538902717673
2010-07-20 05:00:00,305.59415039626765,303.84912264549126
2010-07-20 06:00:00,307.2449180708828,304.65875460443954
2010-07-20 08:00:00,308.9167660329669,305.36432902801937
2010-07-20 09:00:00,309.8857644761472,305.81807204424325
2010-07-20 17:00:00,300.3810219786751,301.1778500972801
2010-07-20 18:00:00,299.7564368578613,300.74823757459643
2010-07-20 20:00:00,299.699311689897,300.8397546189225
2010-07-20 21:00:00,299.44256965625453,300.5002810767693
2010-07-21 05:00:00,307.6799574559569,304.0997577778915
2010-07-21 06:00:00,310.0142949931611,305.43945383033696
2010-07-21 08:00:00,312.58350787287685,306.3431131277687
2010-07-21 09:00:00,311.9179139688313,305.2132235910566
2010-07-21 17:00:00,299.2842252052436,299.67015444809925
2010-07-21 18:00:00,298.94660347819513,299.43397298615963
2010-07-21 20:00:00,299.41652179829697,299.53780105191134
2010-07-21 21:00:00,299.3339168742552,299.6347096682697
2010-07-22 05:00:00,305.7729633725112,302.77235262125777
2010-07-22 06:00:00,307.2857233879196,303.52579165607096
2010-07-22 08:00:00,310.2017107994421,304.68393393400453
2010-07-22 09:00:00,309.38474596961066,304.3740024184593
2010-07-22 17:00:00,299.7626264245925,299.84398499475606
2010-07-22 18:00:00,299.32912086522083,299.6641395227935
2010-07-22 20:00:00,298.6641916707043,298.8204776899106
2010-07-22 21:00:00,298.5183220203558,298.734589751586
2010-07-23 05:00:00,305.22042256547786,302.62767844648323
2010-07-23 06:00:00,307.3325672355382,303.50254191676345
2010-07-23 08:00:00,309.37118281054387,305.1703446539598
2010-07-23 09:00:00,310.5505912322293,305.64965686298484
2010-07-23 17:00:00,298.9895773301323,298.87350844749136
2010-07-23 18:00:00,298.61644901222735,298.49713492136345
2010-07-23 20:00:00,298.47982150931574,298.77969393267284
2010-07-23 21:00:00,298.2742215055163,298.6614979654321
2010-07-24 05:00:00,303.1516427626412,301.5997765868765
2010-07-24 06:00:00,305.22897578681744,302.653464906572
2010-07-24 08:00:00,309.72925418330635,304.3902417434199
2010-07-24 09:00:00,309.35941640327815,304.7117763101963
2010-07-24 17:00:00,299.65484929488883,300.24775940317585
2010-07-24 18:00:00,299.7209163718672,299.8852245407222
2010-07-24 20:00:00,299.5115742499729,299.7707692573912
2010-07-24 21:00:00,299.3087669807516,299.52666796668103
2010-07-25 05:00:00,303.27434846616495,301.6199209157418
2010-07-25 06:00:00,305.3020120864657,302.8618536010178
2010-07-25 08:00:00,308.8658632534128,304.09171691330266
2010-07-25 09:00:00,308.12427778199935,303.40103438602205
2010-07-25 17:00:00,299.0086968279399,299.0818062710284
2010-07-25 18:00:00,298.7481216407153,298.6819368665134
2010-07-25 20:00:00,298.6601070645043,298.71062461253496
2010-07-25 21:00:00,298.56737216191226,298.68874727081635
2010-07-26 05:00:00,301.5573321373326,300.7245428382157
2010-07-26 06:00:00,304.05190101940934,301.79131494648465
2010-07-26 08:00:00,307.1140821600916,303.6612517087963
2010-07-26 09:00:00,308.13346688809855,304.6787366822982
2010-07-26 17:00:00,298.38302487695165,299.23962886675116
2010-07-26 18:00:00,298.43300723882595,298.9939639616086
2010-07-26 20:00:00,298.70712343753763,299.36936106630395
2010-07-26 21:00:00,298.75657073081186,299.1910250624083
2010-07-27 05:00:00,301.2994842059073,300.4130830691298
2010-07-27 06:00:00,300.9689083011198,300.7445179332386
2010-07-27 08:00:00,303.0946651746753,301.84729824448226
2010-07-27 09:00:00,304.1301665930609,302.4022623306062
2010-07-27 17:00:00,299.10210290564964,299.7705322641805
2010-07-27 18:00:00,298.70653876023965,299.25569018818015
2010-07-27 20:00:00,297.6264951027046,298.17116750003015
2010-07-27 21:00:00,297.3883219338345,297.82892635680497
2010-07-28 05:00:00,301.1697401331827,300.05211041043464
2010-07-28 06:00:00,303.73114472140884,301.20674939736017
2010-07-28 08:00:00,305.30351233812996,302.41252079803513
2010-07-28 09:00:00,306.688176394611,303.0897041638203
2010-07-28 17:00:00,298.61450860680344,299.0915999684385
2010-07-28 18:00:00,298.27579943828846,298.66641552753185
2010-07-28 20:00:00,297.8025897339055,298.32111895874215
2010-07-28 21:00:00,297.7262093613071,298.2019109975759
2010-07-29 05:00:00,303.04581878144865,301.07469132574755
2010-07-29 06:00:00,305.3583621596702,302.07826573823013
2010-07-29 08:00:00,307.9859211455876,303.5934462113814
2010-07-29 09:00:00,308.3236739477502,303.7477221378744
2010-07-29 17:00:00,299.8916574486966,300.5246231949017
2010-07-29 18:00:00,299.40224265170576,300.2296619385894
2010-07-29 20:00:00,298.8608554081851,300.0055929222166
2010-07-29 21:00:00,298.6989384726126,299.76455716690043
2010-07-30 05:00:00,304.9282604387986,302.5204753670009
2010-07-30 06:00:00,305.88807389034514,302.9508473729867
2010-07-30 08:00:00,308.1406005483195,304.5864900844674
2010-07-30 09:00:00,308.0254682355743,304.6814965716863
2010-07-30 17:00:00,299.97565129872277,300.5489963948819
2010-07-30 18:00:00,299.4897179978287,299.79546101104313
2010-07-30 20:00:00,298.58364607189395,299.1868812314167
2010-07-30 21:00:00,298.307768693874,298.80549833183113
2010-07-31 05:00:00,300.6983655744415,300.0994865288169
2010-07-31 06:00:00,302.03605682420067,300.94501327256023
2010-07-31 08:00:00,306.4677528181502,303.32062522288646
2010-07-31 09:00:00,305.4289443099811,302.8169082147866
2010-07-31 17:00:00,298.3404157547444,298.4809812948406
2010-07-31 18:00:00,298.41568461037565,298.4364037653331
2010-07-31 20:00:00,297.97794905135004,297.93696243920937
2010-07-31 21:00:00,297.8889312979253,297.87527529300644
2010-08-01 05:00:00,300.7856625643644,299.636267075737
2010-08-01 06:00:00,303.96363501409166,301.056834334034
2010-08-01 08:00:00,307.49286833823373,302.60593723479326
2010-08-01 09:00:00,307.2708019144913,303.1421702756721
2010-08-01 17:00:00,297.854825811871,297.93145300537486
2010-08-01 18:00:00,297.9649508671695,297.99759668194463
2010-08-01 20:00:00,298.082219363361,298.0430247537528
2010-08-01 21:00:00,297.703541595506,297.7440265249949
2010-08-02 05:00:00,300.23192315476336,299.564158341183
2010-08-02 06:00:00,301.59493764633396,300.37955386686406
2010-08-02 08:00:00,301.24753686937237,299.95976419551715
2010-08-02 09:00:00,301.5939298844301,300.59680516694107
2010-08-02 17:00:00,297.658666084654,297.558047819211
2010-08-02 18:00:00,297.45186910056185,297.41474425517174
2010-08-02 20:00:00,297.21340340495294,297.19059633510693
2010-08-02 21:00:00,297.2290826923858,297.14023685308376
2010-08-03 05:00:00,299.59685752645294,299.0906945979467
2010-08-03 06:00:00,302.0424382190675,300.60096348085096
2010-08-03 08:00:00,304.95586739703214,302.79026754464496
2010-08-03 09:00:00,303.94056988497175,301.71955239129915
2010-08-03 17:00:00,297.63784858221635,297.82963202289886
2010-08-03 18:00:00,297.3695037089438,297.4925728490797
2010-08-03 20:00:00,297.2334822785505,297.4416082820099
2010-08-03 21:00:00,296.95814053340024,297.1616578182932
2010-08-04 05:00:00,303.2004218667241,300.98380760345697
2010-08-04 06:00:00,303.50156088712953,301.6552868389018
2010-08-04 08:00:00,305.30929579536433,302.94935897098304
2010-08-04 09:00:00,304.58106435061603,302.7452039674545
2010-08-04 17:00:00,297.88906815680224,298.38522327111576
2010-08-04 18:00:00,297.7857192029204,298.31693024481024
2010-08-04 20:00:00,297.61917222409477,297.86404369571727
2010-08-04 21:00:00,297.4481309323539,297.70922797486674
2010-08-05 05:00:00,302.07853900927057,300.56707958815093
2010-08-05 06:00:00,302.8529289727586,301.07493708864746
2010-08-05 08:00:00,301.2000092446161,299.04669156537403
2010-08-05 09:00:00,300.40605673767936,298.8941599841478
2010-08-05 17:00:00,297.06873292144166,297.5417763308862
2010-08-05 18:00:00,296.96257207132817,297.4494722245838
2010-08-05 20:00:00,297.1053335133981,297.75789979720156
2010-08-05 21:00:00,297.3333277768457,297.8788240782469
2010-08-06 05:00:00,301.0909184013567,299.6307962473442
2010-08-06 06:00:00,302.34072584437297,300.356598041458
2010-08-06 08:00:00,307.0210194168914,303.3009120664905
2010-08-06 09:00:00,306.877165337373,303.67271319890426
2010-08-06 17:00:00,298.9126622416021,299.4876470815603
2010-08-06 18:00:00,298.67121682659314,298.9823223989807
2010-08-06 20:00:00,298.4742437753545,298.2819667398837
2010-08-06 21:00:00,298.1334662297841,298.1116940302915
2010-08-07 05:00:00,304.5459515023489,302.2952017762077
2010-08-07 06:00:00,305.60245416344407,303.2656608076052
2010-08-07 08:00:00,306.81687856712404,303.17022961350546
2010-08-07 09:00:00,307.5077062292349,303.70691160134436
2010-08-07 17:00:00,299.0596649452057,299.81288847607345
2010-08-07 18:00:00,298.87433931089146,299.59545162535966
2010-08-07 20:00:00,299.0841229501968,300.0865714803499
2010-08-07 21:00:00,299.0425307592736,299.87869180406005
2010-08-08 05:00:00,304.70934781161225,302.47188101417294
2010-08-08 06:00:00,306.18586834406454,303.50945040992303
2010-08-08 08:00:00,307.6512132594692,304.40621426292853
2010-08-08 09:00:00,307.9552258930882,304.9763852018054
2010-08-08 17:00:00,299.07550093499464,299.5551619331348
2010-08-08 18:00:00,298.70953054090126,299.1852942703318
2010-08-08 20:00:00,298.6502187108773,299.7629130029899
2010-08-08 21:00:00,298.4497201975395,299.3966567828586
2010-08-09 05:00:00,304.0415408894167,301.33515347097244
2010-08-09 06:00:00,305.6404496767488,302.36957106862127
2010-08-09 08:00:00,307.94693174200546,303.9076117470011
2010-08-09 09:00:00,307.0912298781479,303.85472389068366
2010-08-09 17:00:00,298.52877229240903,298.96734365219334
2010-08-09 18:00:00,298.33934533540935,298.8294593799279
2010-08-09 20:00:00,298.0579237974664,298.93838533892284
2010-08-09 21:00:00,297.8903159213544,298.6628456292058
2010-08-10 05:00:00,302.7641900390249,301.2904728682273
2010-08-10 06:00:00,303.3644014191003,301.74922387074616
2010-08-10 08:00:00,306.27345097193546,303.5409918786565
2010-08-10 09:00:00,304.7555659548343,301.8154182140192
2010-08-10 17:00:00,298.7130970300989,299.0742231701115
2010-08-10 18:00:00,298.37256172074376,298.7067090755986
2010-08-10 20:00:00,298.65992880234916,299.413172576387
2010-08-10 21:00:00,298.5983154814122,299.20691305904063
2010-08-11 05:00:00,303.37920709971473,301.646256504147
2010-08-11 06:00:00,304.7103373758231,302.11772033503314
2010-08-11 08:00:00,307.50985894107674,304.36003622986686
2010-08-11 09:00:00,306.33588716245396,303.5577772754734
2010-08-11 17:00:00,298.84947124651654,299.49758948750787
2010-08-11 18:00:00,298.65741723858525,299.2411484211362
2010-08-11 20:00:00,298.78588204170785,299.46632921309987
2010-08-11 21:00:00,298.5980502512128,299.2160872590193
2010-08-12 05:00:00,303.49579106640925,301.99569398853555
2010-08-12 06:00:00,305.02795553574765,302.76304826310314
2010-08-12 08:00:00,308.0862167428932,304.3803180289011
2010-08-12 09:00:00,307.069592068853,303.9209570745107
2010-08-12 17:00:00,299.3836404950299,299.7941772037736
2010-08-12 18:00:00,298.80381095427765,299.2199718786866
2010-08-12 20:00:00,298.5437739861581,298.54556448397176
2010-08-12 21:00:00,298.4418315681728,298.547171500137
2010-08-13 05:00:00,302.4343471674045,300.64568821417714
2010-08-13 06:00:00,304.00685084362067,302.0258308492934
2010-08-13 08:00:00,305.6569432051413,302.74296252422596
2010-08-13 09:00:00,306.2029769732883,302.74723705415187
2010-08-13 17:00:00,297.714085606838,297.4354442954982
2010-08-13 18:00:00,297.5889498059665,297.3851789994673
2010-08-13 20:00:00,297.1362901872773,296.99959708803055
2010-08-13 21:00:00,297.09793843179716,296.9169767406211
2010-08-14 05:00:00,298.397732938934,297.87652877078773
2010-08-14 06:00:00,299.15488956962787,298.586198310088
2010-08-14 08:00:00,301.8523516074535,300.6633926180001
2010-08-14 09:00:00,302.3237361114455,301.02014397619683
2010-08-14 17:00:00,297.3603587099143,297.5869173775836
2010-08-14 18:00:00,297.1998727148964,297.4357787192511
2010-08-14 20:00:00,297.127971278868,297.19056769842723
2010-08-14 21:00:00,297.0819431534166,297.11347380698373
2010-08-15 05:00:00,300.1514559423979,299.12719409160877
2010-08-15 06:00:00,299.9981222049849,299.4875357793917
2010-08-15 08:00:00,302.6438482017105,300.7408141384507
2010-08-15 09:00:00,303.2776396623562,301.1715090476861
2010-08-15 17:00:00,297.6476589255782,298.1579144776143
2010-08-15 18:00:00,297.3892584096853,297.9417963718597
2010-08-15 20:00:00,297.53615641777617,297.98786503067373
2010-08-15 21:00:00,297.3752667349182,297.70467573027764
2010-08-16 05:00:00,301.70525130872915,300.5596741380971
2010-08-16 06:00:00,302.8522608776122,301.1901636108963
2010-08-16 08:00:00,304.38707746085475,302.52545619782387
2010-08-16 09:00:00,304.78092152458856,302.8475759121229
2010-08-16 17:00:00,298.60990959837545,299.2544900338712
2010-08-16 18:00:00,298.35072077441106,298.9492133189056
2010-08-16 20:00:00,298.1536897444762,298.97543774620965
2010-08-16 21:00:00,298.00076127015575,298.8738075808862
2010-08-17 05:00:00,303.04986957849815,301.4844428299021
2010-08-17 06:00:00,304.0975889843675,302.36593947682434
2010-08-17 08:00:00,305.13047774069486,303.4115117665248
2010-08-17 09:00:00,305.20970207884426,303.60138607172087
2010-08-17 17:00:00,298.81116952293644,299.60543409444523
2010-08-17 18:00:00,298.7865953959743,299.573262524715
2010-08-17 20:00:00,298.5212424209195,299.2580632707922
2010-08-17 21:00:00,298.3991982293974,299.10481770049626
2010-08-18 05:00:00,302.58778971479563,301.12932112918617
2010-08-18 06:00:00,304.0935084220992,302.07711507506286
2010-08-18 08:00:00,306.18727027175976,303.4214882167352
2010-08-18 09:00:00,306.0746565056141,303.5497490834382
2010-08-18 17:00:00,298.46403416426415,298.8068561054342
2010-08-18 18:00:00,298.25661634260047,298.59882833189886
2010-08-18 20:00:00,297.71936550052214,298.1839893264653
2010-08-18 21:00:00,297.51481195811317,298.0217693076112
2010-08-19 05:00:00,298.24919328263434,298.0812533103814
2010-08-19 06:00:00,298.5345002866489,298.3076974548434
2010-08-19 08:00:00,300.1393989363143,299.5377079239244
2010-08-19 09:00:00,301.1493893992184,300.3478598572624
2010-08-19 17:00:00,297.5835767137619,298.2738493697486
2010-08-19 18:00:00,297.4675902850088,298.11029294900055
2010-08-19 20:00:00,297.1981140748011,297.6451822995038
2010-08-19 21:00:00,297.04656791980904,297.4807121147544
2010-08-20 05:00:00,298.14044210613235,298.2246338266805
2010-08-20 06:00:00,297.94231740425477,297.8127808181457
2010-08-20 08:00:00,298.6242648978446,298.65156442321876
2010-08-20 09:00:00,298.5519970627889,298.66163799832526
2010-08-20 17:00:00,296.8014879270768,297.07858734836196
2010-08-20 18:00:00,296.6824360099522,296.9400654985284
2010-08-20 20:00:00,296.5640074696122,296.919242729575
2010-08-20 21:00:00,296.52950889928314,296.85648281291384
2010-08-21 05:00:00,297.93669231867386,297.6346185387374
2010-08-21 06:00:00,298.70244221033414,298.1674046920518
2010-08-21 08:00:00,301.3617294146945,300.8596687963454
2010-08-21 09:00:00,301.1722820969686,300.6840615764788
2010-08-21 17:00:00,297.7493535822088,298.34097036117765
2010-08-21 18:00:00,297.6197757103778,298.16721053630437
2010-08-21 20:00:00,297.4407351689273,297.8675079345703
2010-08-21 21:00:00,297.25736983053855,297.58347523928796
2010-08-22 05:00:00,299.81344747910697,298.98305326911446
2010-08-22 06:00:00,301.13641148171916,300.356330107467
2010-08-22 08:00:00,301.969180725756,301.4444672007039
2010-08-22 09:00:00,302.0293234662025,301.71016256981903
2010-08-22 17:00:00,298.3471611034705,299.06512498194337
2010-08-22 18:00:00,297.882565608561,298.5708916756699
2010-08-22 20:00:00,297.4589967654189,298.13616484890366
2010-08-22 21:00:00,297.21570364977066,297.8436130235669
2010-08-23 05:00:00,301.3475048376709,300.26044385348706
2010-08-23 06:00:00,302.8917706787862,301.36793654431546
2010-08-23 08:00:00,304.4408823022122,302.7302686223999
2010-08-23 09:00:00,304.3387076402849,302.9213029012107
2010-08-23 17:00:00,297.6752442299677,298.590936740117
2010-08-23 18:00:00,297.2657056435231,298.26561789960823
2010-08-23 20:00:00,297.05481899831625,298.11668729855575
2010-08-23 21:00:00,296.8269407627946,297.745543540167
2010-08-24 05:00:00,302.36163094965815,300.68516540527344
2010-08-24 06:00:00,303.7064629365189,301.61117064677336
2010-08-24 08:00:00,304.156850335778,302.4574702046869
2010-08-24 09:00:00,304.51054892517936,302.8301706181836
2010-08-24 17:00:00,297.9666989742332,298.7312849894143
2010-08-24 18:00:00,297.5577948148519,298.3526938839576
2010-08-24 20:00:00,297.25630345513537,298.2638241102222
2010-08-24 21:00:00,296.9204282128756,297.87687993453727
2010-08-25 05:00:00,303.08983309941226,301.11158524382466
2010-08-25 06:00:00,304.17575950211113,301.86479723067794
2010-08-25 08:00:00,307.2749726658426,303.27769223346917
2010-08-25 09:00:00,307.02172331964294,303.7622472354554
2010-08-25 17:00:00,297.72622572512404,297.85905661090686
2010-08-25 18:00:00,297.7001251314748,297.7085103415561
2010-08-25 20:00:00,296.69933214466823,297.0426360895894
2010-08-25 21:00:00,296.4365629128572,296.887751339764
2010-08-26 05:00:00,304.02471439496765,301.31830278346644
2010-08-26 06:00:00,304.9717251582212,302.2951876224465
2010-08-26 08:00:00,306.20692314535887,303.34616493260364
2010-08-26 09:00:00,306.5176924601175,303.9091390600924
2010-08-26 17:00:00,298.1487305910084,298.79163549861113
2010-08-26 18:00:00,297.99839947293464,298.5857806095541
2010-08-26 20:00:00,297.7168593443414,298.148589617666
2010-08-26 21:00:00,297.5359271127381,297.9381981660111
2010-08-27 05:00:00,304.0187987575913,301.4000900339089
2010-08-27 06:00:00,305.9228814217637,302.36623313210225
2010-08-27 08:00:00,309.4836641614353,304.23514595678296
2010-08-27 09:00:00,310.2100842539078,304.3902594003545
2010-08-27 17:00:00,298.9437775457585,299.2371137527913
2010-08-27 18:00:00,298.7688649887296,299.113453704881
2010-08-27 20:00:00,298.37378818412043,298.796922069485
2010-08-27 21:00:00,298.12078563531486,298.50290321385364
2010-08-28 05:00:00,304.50614879825633,301.6592189982786
2010-08-28 06:00:00,306.3181871317201,302.53367689982036
2010-08-28 08:00:00,309.20410720519556,303.658033115287
2010-08-28 09:00:00,308.67690203039234,303.65674298349626
2010-08-28 17:00:00,298.94281497244106,299.2951664153159
2010-08-28 18:00:00,298.7529313332862,299.19551721229027
2010-08-28 20:00:00,298.3849207521036,299.2328855635022
2010-08-28 21:00:00,298.19658459867645,298.9248649702969
2010-08-29 05:00:00,306.2603561801059,303.2030858067776
2010-08-29 06:00:00,307.1967592165908,303.85960787874524
2010-08-29 08:00:00,308.4788345313403,305.44851959651714
2010-08-29 09:00:00,307.6099347318817,305.3565096392286
2010-08-29 17:00:00,299.344278650034,299.69849620284214
2010-08-29 18:00:00,298.89163863971163,299.2348314470429
2010-08-29 20:00:00,298.6135930794597,299.220770837346
2010-08-29 21:00:00,298.32930432335803,298.8021258338023
2010-08-30 05:00:00,304.6530247057899,302.36387944625596
2010-08-30 06:00:00,306.87501401269384,303.6173382540146
2010-08-30 08:00:00,308.27750056991226,305.3146660191987
2010-08-30 09:00:00,308.162017046395,305.7459483330349
2010-08-30 17:00:00,299.55166515473775,299.99665456339835
2010-08-30 18:00:00,299.1120083284304,299.498220246819
2010-08-30 20:00:00,298.48637651111386,298.9059253098969
2010-08-30 21:00:00,298.2280283782442,298.5882485129616
2010-08-31 05:00:00,301.5388713066677,300.4486476386824
2010-08-31 06:00:00,302.7343018565597,301.2583157343931
2010-08-31 08:00:00,305.4765814265412,303.16039326672194
2010-08-31 09:00:00,305.65851102808404,303.4011254215094
2010-08-31 17:00:00,298.30043065052007,299.1902192854918
2010-08-31 18:00:00,298.0608246131744,298.88856360578023
2010-08-31 20:00:00,297.84450971841443,298.3248912652578
2010-08-31 21:00:00,297.670096469403,298.0912952393707
2010-09-01 05:00:00,303.8236837284224,302.08489421262584
2010-09-01 06:00:00,305.7316874781816,302.80599554734897
2010-09-01 08:00:00,307.77008928907304,304.67702179660415
2010-09-01 09:00:00,307.52466767815116,304.0955775750253
2010-09-01 17:00:00,298.6784464831713,299.1277319580454
2010-09-01 18:00:00,298.3997522010274,298.9042278695364
2010-09-01 20:00:00,298.4985169820683,299.30562414042936
2010-09-01 21:00:00,298.472851275663,299.04854559053445
2010-09-02 05:00:00,300.10510105785494,299.335843643165
2010-09-02 06:00:00,300.64024522308205,299.3668984764346
2010-09-02 08:00:00,304.6086629858737,302.8769477644393
2010-09-02 09:00:00,305.56018665942645,303.2180236675339
2010-09-02 17:00:00,298.3497004575098,298.96655508549816
2010-09-02 18:00:00,297.9928807051413,298.7703909146584
2010-09-02 20:00:00,297.7915400665236,298.5955927397694
2010-09-02 21:00:00,297.7113280215506,298.43197540142137
2010-09-03 05:00:00,301.5196207102348,300.77938205619074
2010-09-03 06:00:00,302.49474648591735,301.6294520632328
2010-09-03 08:00:00,304.8027718754138,302.9422148012417
2010-09-03 09:00:00,304.9818066331014,303.04251735787176
2010-09-03 17:00:00,297.95080780358455,298.05060587972633
2010-09-03 18:00:00,297.67389355675647,297.86833176811234
2010-09-03 20:00:00,297.449515767384,298.16833670076863
2010-09-03 21:00:00,297.26815137583964,298.0410387130291
2010-09-04 05:00:00,301.1765888607925,300.4062025778466
2010-09-04 06:00:00,303.9008742980487,301.551903723201
2010-09-04 08:00:00,303.7885446181099,301.89345934945743
2010-09-04 09:00:00,304.1523480525553,301.73632180047883
2010-09-04 17:00:00,298.0901858384143,297.85769935455085
2010-09-04 18:00:00,297.8659242180353,297.8128883585173
2010-09-04 20:00:00,297.3318885838489,297.632702373393
2010-09-04 21:00:00,296.9983384377784,297.0829976556481
2010-09-05 05:00:00,299.46524344093075,299.0081200033931
2010-09-05 06:00:00,299.19076512223586,298.6135175848962
2010-09-05 08:00:00,301.66670445705233,300.8708204319371
2010-09-05 09:00:00,301.7924764718407,301.177803827177
2010-09-05 17:00:00,297.2969281588938,297.38847499194975
2010-09-05 18:00:00,297.15928868556796,297.14838725649884
2010-09-05 20:00:00,297.19524516383376,297.58863362692904
2010-09-05 21:00:00,297.20831312934865,297.4909853237252
2010-09-06 05:00:00,299.59151880766836,298.93439769304035
2010-09-06 06:00:00,302.20425365665477,300.193267751732
2010-09-06 08:00:00,304.7155725511454,302.9848017758692
2010-09-06 09:00:00,305.1321976577923,303.1592939755949
2010-09-06 17:00:00,297.76299164805835,298.0194045949974
2010-09-06 18:00:00,297.386937263383,297.5579938609354
2010-09-06 20:00:00,297.24731461770364,297.7904670139307
2010-09-06 21:00:00,297.28193234295253,297.851400013881
2010-09-07 05:00:00,300.8270035612932,299.68477826934014
2010-09-07 06:00:00,302.90373700205095,300.7858301524205
2010-09-07 08:00:00,305.28150363916245,303.05546442863573
2010-09-07 09:00:00,305.3229083045054,303.1545172927927
2010-09-07 17:00:00,298.3606926869538,298.56466891108016
2010-09-07 18:00:00,297.94120440608,297.89865352119244
2010-09-07 20:00:00,297.50704464669957,297.3066129287696
2010-09-07 21:00:00,297.4625918912961,297.1806230589128
2010-09-08 05:00:00,301.602984224152,300.37610514542354
2010-09-08 06:00:00,301.203504682873,299.9208818385708
2010-09-08 08:00:00,302.7072760489395,300.757688243143
2010-09-08 09:00:00,302.2444163412086,300.05300150960915
2010-09-08 17:00:00,297.97251979081403,298.47706763880285
2010-09-08 18:00:00,297.82543790138374,298.2905047964793
2010-09-08 20:00:00,297.4824059578965,297.71834454881764
2010-09-08 21:00:00,297.1608171271984,297.45169634003486
2010-09-09 05:00:00,302.7957514923049,300.818060735341
2010-09-09 06:00:00,303.84883035386474,301.4455094770952
2010-09-09 08:00:00,303.8254024229359,301.44579038928583
2010-09-09 09:00:00,303.8821884413897,301.6077322232521
2010-09-09 17:00:00,298.4248113411785,299.0938098125722
2010-09-09 18:00:00,298.14956810808695,298.718584151775
2010-09-09 20:00:00,297.9130459919182,298.38046654934874
2010-09-09 21:00:00,297.8424495232675,298.1919281523107
2010-09-10 05:00:00,300.09402009702427,299.50910507695886
2010-09-10 06:00:00,302.03000903019375,300.3634731016468
2010-09-10 08:00:00,303.73504619862894,301.93488369370095
2010-09-10 09:00:00,302.7400223977394,301.1447864644149
2010-09-10 17:00:00,297.1558591492922,297.55425423503107
2010-09-10 18:00:00,297.12930114463956,297.51881827191323
2010-09-10 20:00:00,297.2959448956929,297.68992680577537
2010-09-10 21:00:00,297.2023180240109,297.58168692801877
2010-09-11 05:00:00,297.5406856448698,297.4967711791052
2010-09-11 06:00:00,298.2458977838878,298.2704761428716
2010-09-11 08:00:00,300.1151109410361,299.67832351943196
2010-09-11 09:00:00,301.3104701813637,300.2357567785701
2010-09-11 17:00:00,297.0769497675962,297.59965926583266
2010-09-11 18:00:00,296.67574015236784,297.1803987852782
2010-09-11 20:00:00,296.24165348940534,296.9901774778205
2010-09-11 21:00:00,296.1101506590292,296.79351498643496
2010-09-12 05:00:00,301.01424844092327,299.4051106222238
2010-09-12 06:00:00,302.8076830424587,300.2310035599766
2010-09-12 08:00:00,303.1634339742558,301.31164788244683
2010-09-12 09:00:00,302.33076723918714,301.43299868073785
2010-09-12 17:00:00,297.5374528505769,297.6054598392434
2010-09-12 18:00:00,297.1534156270314,297.30642335771233
2010-09-12 20:00:00,296.7289844154393,297.24618974635706
2010-09-12 21:00:00,296.7162856467884,297.2777478845535
2010-09-13 05:00:00,301.1609830694684,299.77335177805094
2010-09-13 06:00:00,301.8216046302455,300.191752476391
2010-09-13 08:00:00,300.6566948089835,299.83646923000526
2010-09-13 09:00:00,301.19373696537343,300.1109122583421
2010-09-13 17:00:00,297.05243698143636,297.2804530868178
2010-09-13 18:00:00,296.78612176222134,297.0767563171857
2010-09-13 20:00:00,296.61862843282785,296.618382881529
2010-09-13 21:00:00,296.6107798195767,296.60420650252945
2010-09-14 05:00:00,299.0541362556728,298.0980937705018
2010-09-14 06:00:00,300.5768578151709,298.84924892431417
2010-09-14 08:00:00,302.7609454656051,300.3738554262417
2010-09-14 09:00:00,302.98775337583663,300.915577469695
2010-09-14 17:00:00,296.63670673576087,296.9321005752164
2010-09-14 18:00:00,296.47374122278717,296.8227950744158
2010-09-14 20:00:00,295.97240874726896,296.40869295799126
2010-09-14 21:00:00,295.95465694480396,296.3301331647923
2010-09-15 05:00:00,301.7388430038476,300.03244655709057
2010-09-15 06:00:00,304.27024846010846,301.3603508571631
2010-09-15 08:00:00,305.8814887236374,302.5427308633625
2010-09-15 09:00:00,306.01808079512347,302.7879132239955
2010-09-15 17:00:00,296.9376563026652,297.71175696045304
2010-09-15 18:00:00,296.58155352529286,297.3517910526787
2010-09-15 20:00:00,295.1819053144411,296.299687648591
2010-09-15 21:00:00,294.74305254873036,295.8898703365003
2010-09-16 05:00:00,303.55700779989803,301.29624111369503
2010-09-16 06:00:00,304.1770092886291,301.85310674117784
2010-09-16 08:00:00,306.32569052956325,303.22237251646163
2010-09-16 09:00:00,305.83945362814035,303.2606851257418
2010-09-16 17:00:00,295.58843923606935,296.93997175924954
2010-09-16 18:00:00,294.8526073391154,296.56820833885064
2010-09-16 20:00:00,293.8463171208033,296.17511216738194
2010-09-16 21:00:00,293.5082939159705,294.9732258565988
2010-09-17 05:00:00,303.5494352320126,301.3121579115857
2010-09-17 06:00:00,304.9595388638771,302.39596223757707
2010-09-17 08:00:00,305.8063632159828,303.59310868414605
2010-09-17 09:00:00,305.37206727955123,303.68227481695095
2010-09-17 17:00:00,295.5245874813415,296.9813886504328
2010-09-17 18:00:00,295.02185502956024,296.41312143945913
2010-09-17 20:00:00,294.3894801205957,296.3393013458957
2010-09-17 21:00:00,294.33471115417956,296.01038016156167
2010-09-18 05:00:00,303.39723562937127,300.70667289181375
2010-09-18 06:00:00,304.6246858664397,301.68448950439824
2010-09-18 08:00:00,305.30564854508737,302.8004925085694
2010-09-18 09:00:00,304.7964143444467,302.86215915297873
2010-09-18 17:00:00,295.9977930007253,297.3014102929913
2010-09-18 18:00:00,295.36952202419286,296.5769601830716
2010-09-18 20:00:00,294.6195260446134,295.9578514393012
2010-09-18 21:00:00,294.20091807125897,295.41521325721214
2010-09-19 05:00:00,302.43309756897634,300.33330092701965
2010-09-19 06:00:00,303.8641760169266,301.3091194141076
2010-09-19 08:00:00,305.1803843964047,302.5615906090876
2010-09-19 09:00:00,304.99209898021445,302.81942697298723
2010-09-19 17:00:00,296.55068436021617,297.38205525026484
2010-09-19 18:00:00,295.5980203684379,296.37635102587967
2010-09-19 20:00:00,293.66464720080927,294.4913991684172
2010-09-19 21:00:00,292.93778688404336,293.86573758588185
2010-09-20 05:00:00,300.5510508532884,298.8289321405678
2010-09-20 06:00:00,301.8826963545178,299.86506885593224
2010-09-20 08:00:00,302.524921152735,300.9194513212184
2010-09-20 09:00:00,302.3349168539415,301.30622362980307
2010-09-20 17:00:00,295.41705698445327,296.26080197656097
2010-09-20 18:00:00,294.75356928703417,295.5439401400292
2010-09-20 20:00:00,294.6544860463664,295.5569787635274
2010-09-20 21:00:00,294.28240061614474,295.4085410049039
2010-09-21 05:00:00,300.2869335109905,299.7776746705795
2010-09-21 06:00:00,301.1877368756546,300.6029446547498
2010-09-21 08:00:00,302.68642069341956,302.08971377991384
2010-09-21 09:00:00,302.2523069455186,302.15969601764886
2010-09-21 17:00:00,295.23319842745605,295.77168245712306
2010-09-21 18:00:00,294.42925439960965,295.1001996714823
2010-09-21 20:00:00,294.241695762599,296.7434663228886
2010-09-21 21:00:00,295.01296136559256,296.9716258232693
2010-09-22 05:00:00,298.93476202307943,298.6657887181074
2010-09-22 06:00:00,299.14019935267004,299.2987579909973
2010-09-22 08:00:00,299.9268496238579,299.9186209045316
2010-09-22 09:00:00,301.07056075509047,300.92115729615574
2010-09-22 17:00:00,295.7691041214624,297.3082159480255
2010-09-22 18:00:00,295.39953512182956,296.9812819329543
2010-09-22 20:00:00,294.7257168950579,296.39437812135105
2010-09-22 21:00:00,294.3753732878181,296.07315912232013
2010-09-23 05:00:00,300.8114161322407,299.9224016750906
2010-09-23 06:00:00,302.5794719114142,301.2222731815097
2010-09-23 08:00:00,304.6823114474492,303.0802521786447
2010-09-23 09:00:00,304.70031738281244,303.41362490896455
2010-09-23 17:00:00,293.54982594165307,295.64806200212615
2010-09-23 18:00:00,293.02763423126174,295.1207425157168
2010-09-23 20:00:00,292.22105421821584,294.5007774223716
2010-09-23 21:00:00,291.84848741904614,294.0771786729433
2010-09-24 05:00:00,301.41095692497925,299.91859668796343
2010-09-24 06:00:00,303.5564692281244,301.34122952547943
2010-09-24 08:00:00,305.7472100632584,303.15953543593963
2010-09-24 09:00:00,305.75038908736553,303.5165829651161
2010-09-24 17:00:00,294.6227914019616,296.3283280194816
2010-09-24 18:00:00,294.07149208198166,295.73397093598027
2010-09-24 20:00:00,293.28344148186216,295.0839437240812
2010-09-24 21:00:00,292.8088915667659,294.57255217988615
2010-09-25 05:00:00,301.79240530334374,300.18781615552626
2010-09-25 06:00:00,303.88011731352026,301.6801600522363
2010-09-25 08:00:00,305.72508164510157,303.6519778447085
2010-09-25 09:00:00,305.6115641542503,303.9672029609857
2010-09-25 17:00:00,293.7135180457164,295.507205651611
2010-09-25 18:00:00,292.8118400632509,294.6195406215768
2010-09-25 20:00:00,291.52029125054923,293.5285415531858
2010-09-25 21:00:00,291.13956121083214,293.15284714897166
2010-09-26 05:00:00,303.310224230374,301.4911504901246
2010-09-26 06:00:00,305.2505689482843,302.9031939866546
2010-09-26 08:00:00,307.04059277550647,304.86977140782244
2010-09-26 09:00:00,306.878537946563,305.00320067795104
2010-09-26 17:00:00,292.9426366632635,297.3399268151799
2010-09-26 18:00:00,292.37135865104216,296.35918171416813
2010-09-26 20:00:00,291.6013342529673,295.71662402042807
2010-09-26 21:00:00,291.2420147159617,295.35880553446856
2010-09-27 05:00:00,304.3390676912799,302.956295066328
2010-09-27 06:00:00,305.87610615640654,303.89591530915953
2010-09-27 08:00:00,307.51130862008256,305.0657447379984
2010-09-27 09:00:00,307.27307048968066,305.1473334125819
2010-09-27 17:00:00,292.5861337717582,296.2305204747087
2010-09-27 18:00:00,291.9665236980045,295.3953473013245
2010-09-27 20:00:00,291.20413652370087,293.9091910904471
2010-09-27 21:00:00,290.8385925292969,293.14183608703144
2010-09-28 05:00:00,303.8637728933561,303.2471084006946
2010-09-28 06:00:00,305.2955182138687,304.02737494940385
2010-09-28 08:00:00,307.3008586019507,304.8969221541253
2010-09-28 09:00:00,307.3248389292571,304.99909679254137
2010-09-28 17:00:00,292.679337206166,295.33929083637537
2010-09-28 18:00:00,292.32368215316984,294.88539636080003
2010-09-28 20:00:00,291.08174805721995,293.2440387508351
2010-09-28 21:00:00,290.399418129943,292.71220435567193
2010-09-29 05:00:00,304.4657352958879,303.2802343618338
2010-09-29 06:00:00,306.18923214293784,304.1572552932246
2010-09-29 08:00:00,308.05213991702976,305.11846846241065
2010-09-29 09:00:00,307.9066594951142,305.2472551577999
2010-09-29 17:00:00,293.9159455145085,296.32557238562634
2010-09-29 18:00:00,293.45335736149815,295.72985484824164
2010-09-29 20:00:00,291.9997980150126,294.36131533489026
2010-09-29 21:00:00,291.38540588284866,294.40428312092973
2010-09-30 05:00:00,304.77963924554905,303.38830053861415
2010-09-30 06:00:00,306.74162165519823,304.2795684062094
2010-09-30 08:00:00,308.780434089743,305.37120596910665
2010-09-30 09:00:00,308.32378388626734,305.49327738663453
2010-09-30 17:00:00,294.01943186802566,296.09670216423706
2010-09-30 18:00:00,293.18029728729294,295.50194275654707
2010-09-30 20:00:00,292.1651288989145,294.69170272662575
2010-09-30 21:00:00,291.81542747744425,294.19314664537995
2010-10-01 05:00:00,305.7712795686648,303.75564072054965
2010-10-01 06:00:00,307.7570101087009,304.69784150909754
2010-10-01 08:00:00,309.17640530861036,305.96782022485013
2010-10-01 09:00:00,308.82664080650676,306.18766018201836
2010-10-01 17:00:00,296.0182252716394,297.58577564868426
2010-10-01 18:00:00,295.12400561598673,296.7556618806578
2010-10-01 20:00:00,293.75950227569916,297.2975308693062
2010-10-01 21:00:00,293.2972006070412,297.342719244112
2010-10-02 05:00:00,305.52063300980626,303.0537336728606
2010-10-02 06:00:00,307.4678192844009,304.06276936817613
2010-10-02 08:00:00,309.46199176711923,305.5440646319985
2010-10-02 09:00:00,308.72596912354646,305.64787534646155
2010-10-02 17:00:00,296.4287686575727,298.07210619534106
2010-10-02 18:00:00,295.744307484208,297.420213602357
2010-10-02 20:00:00,294.6466822690332,296.40065540848605
2010-10-02 21:00:00,294.1780829525141,295.8917151922805
2010-10-03 05:00:00,305.4676719395148,303.2808801213104
2010-10-03 06:00:00,307.604687612854,304.4287059060966
2010-10-03 08:00:00,309.8452800403942,306.19493246445853
2010-10-03 09:00:00,309.4501721774485,306.47693073290344
2010-10-03 17:00:00,296.8295958156028,298.4104634712583
2010-10-03 18:00:00,296.17548848814886,297.77056847147657
2010-10-03 20:00:00,295.3073291043838,297.0720050970468
2010-10-03 21:00:00,294.9981987340425,296.768690935085
2010-10-04 05:00:00,305.4766254630772,304.16675545291287
2010-10-04 06:00:00,307.76784565930006,305.63449651544744
2010-10-04 08:00:00,308.6556787005926,307.2518934770064
2010-10-04 09:00:00,308.1532187910036,307.3189399378325
2010-10-04 17:00:00,295.69227717653814,297.78639381067774
2010-10-04 18:00:00,295.3087403425267,297.2159261835742
2010-10-04 20:00:00,293.98889639785364,295.7259285196501
2010-10-04 21:00:00,293.4149459815356,295.2513017228278
2010-10-05 05:00:00,306.77245936224756,303.87898708161293
2010-10-05 06:00:00,308.92967565033945,305.24278816493523
2010-10-05 08:00:00,310.00741186862,306.9574678300525
2010-10-05 09:00:00,309.2478459715292,307.1124683021581
2010-10-05 17:00:00,296.15261358840075,297.9225502895831
2010-10-05 18:00:00,295.44781877373697,297.2009055867952
2010-10-05 20:00:00,294.1889952202608,296.00989345556417
2010-10-05 21:00:00,293.6458739058814,295.38026839669203
2010-10-06 05:00:00,305.22005720094467,302.8863897338303
2010-10-06 06:00:00,307.6143650002032,304.0511403605457
2010-10-06 08:00:00,309.8564894195698,305.8397477771542
2010-10-06 09:00:00,309.4391435291073,306.1082221973108
2010-10-06 17:00:00,295.7114519962728,297.41375556087644
2010-10-06 18:00:00,295.102705921708,296.8137668791831
2010-10-06 20:00:00,294.21906326364484,295.92383019398835
2010-10-06 21:00:00,293.77998566002987,295.4335331615572
2010-10-07 05:00:00,305.2805430878109,302.2826074444458
2010-10-07 06:00:00,307.535473392998,303.48446916248105
2010-10-07 08:00:00,309.7059441141796,305.38204579874986
2010-10-07 09:00:00,309.1873274040516,305.6764981309512
2010-10-07 17:00:00,295.950917765613,297.57072533370905
2010-10-07 18:00:00,295.33457913861616,296.9104949292858
2010-10-07 20:00:00,293.67404670891665,295.4214649876387
2010-10-07 21:00:00,293.11158653694235,294.88486023419443
2010-10-08 05:00:00,305.8498488839125,302.5334646169136
2010-10-08 06:00:00,308.64412316555973,303.8859655206854
2010-10-08 08:00:00,310.49037252699463,305.8902137650547
2010-10-08 09:00:00,309.6340160869487,306.1555283932914
2010-10-08 17:00:00,294.98899105407054,296.8420301064137
2010-10-08 18:00:00,294.1375824350789,296.1185178124849
2010-10-08 20:00:00,293.22055453401873,295.5053703649018
2010-10-08 21:00:00,292.94005066294153,295.24048810820733
2010-10-09 05:00:00,305.0872249279992,304.00111459693846
2010-10-09 06:00:00,307.51912008558844,305.7126682557751
2010-10-09 08:00:00,309.7128554521981,307.502551532857
2010-10-09 09:00:00,309.3767355755775,307.6143886995242
2010-10-09 17:00:00,296.8332713028683,299.2422621716704
2010-10-09 18:00:00,296.32713339031204,298.5966427513558
2010-10-09 20:00:00,295.59588552513185,297.92812019430437
2010-10-09 21:00:00,295.4451008283853,297.75445175758676
2010-10-10 05:00:00,303.9162282135527,302.5632359250485
2010-10-10 06:00:00,306.4256469303361,304.41916283841124
2010-10-10 08:00:00,309.0290819823466,306.6725259554588
2010-10-10 09:00:00,308.843092108728,306.9107168753085
2010-10-10 17:00:00,296.7037780714697,298.80928681407397
2010-10-10 18:00:00,296.122993292904,298.08147727836996
2010-10-10 20:00:00,295.11209496731755,296.9577129111268
2010-10-10 21:00:00,294.54527019389053,296.3380750941202
2010-10-11 05:00:00,304.70636181471343,302.52658264442294
2010-10-11 06:00:00,307.35139625208404,304.0855370331986
2010-10-11 08:00:00,310.3853169398609,305.8229060709385
2010-10-11 09:00:00,310.14293596593916,305.9834046209538
2010-10-11 17:00:00,294.9386904911929,298.20359628262986
2010-10-11 18:00:00,294.3387780564225,298.29261154386404
2010-10-11 20:00:00,293.5286935532956,295.4437954613167
2010-10-11 21:00:00,293.0905948868151,294.9026824763082
2010-10-12 05:00:00,305.3263343376077,302.402125330662
2010-10-12 06:00:00,307.94284198684574,303.6988729233
2010-10-12 08:00:00,310.0525254777106,305.0965100069443
2010-10-12 09:00:00,307.8070040145898,304.69460713955215
2010-10-12 17:00:00,294.4382389815085,296.3307270349817
2010-10-12 18:00:00,294.04788240923534,295.9123951069931
2010-10-12 20:00:00,293.04969564240963,294.85888493189645
2010-10-12 21:00:00,292.584705605529,294.5355233073418
2010-10-13 05:00:00,305.70078443342067,303.1043619823015
2010-10-13 06:00:00,308.28196591699066,304.5468444118882
2010-10-13 08:00:00,311.02290158499557,306.08520674742243
2010-10-13 09:00:00,310.7986049799045,306.3967734690991
2010-10-13 17:00:00,294.58725361170127,296.96258439121334
2010-10-13 18:00:00,294.20267591197245,296.74101130363573
2010-10-13 20:00:00,293.8194922401652,296.0689618267889
2010-10-13 21:00:00,293.5726114517,295.78118948209084
2010-10-14 05:00:00,305.8504399797766,304.0178106275656
2010-10-14 06:00:00,308.1843012499699,305.29643863154854
2010-10-14 08:00:00,310.54533546106836,306.73439933412436
2010-10-14 09:00:00,310.37534523891924,306.974044117979
2010-10-14 17:00:00,296.8880352849035,299.07163999113726
2010-10-14 18:00:00,296.22531055044874,298.4390545155859
2010-10-14 20:00:00,294.54885368170835,296.90090190023415
2010-10-14 21:00:00,293.9203656259781,296.3651365447669
2010-10-15 05:00:00,305.9149283481122,304.29940433825476
2010-10-15 06:00:00,308.4976018544155,305.9619763437516
2010-10-15 08:00:00,310.8436582356645,307.44270928945673
2010-10-15 09:00:00,310.69640626598766,307.7395591794618
2010-10-15 17:00:00,294.6329291392181,296.81228477818945
2010-10-15 18:00:00,293.5255959015598,296.098195574133
2010-10-15 20:00:00,291.97847389256464,294.78998914815617
2010-10-15 21:00:00,291.4720344014455,294.36720010202
2010-10-16 05:00:00,306.94176785273623,304.0476302277693
2010-10-16 06:00:00,309.52441387441013,305.3808502056198
2010-10-16 08:00:00,312.18379883846995,307.25019794105566
2010-10-16 09:00:00,311.5863795581694,307.5912634051636
2010-10-16 17:00:00,297.1553406090876,299.020314620713
2010-10-16 18:00:00,296.4676104341339,298.24084319833247
2010-10-16 20:00:00,294.9328215236106,296.8556552881085
2010-10-16 21:00:00,294.262097210289,296.1830461028912
2010-10-17 05:00:00,305.9678271841746,302.577975115901
2010-10-17 06:00:00,308.51320376638637,304.08578086817755
2010-10-17 08:00:00,311.0303553506296,306.1158542956336
2010-10-17 09:00:00,310.0179489911613,305.9946014216207
2010-10-17 17:00:00,298.1715938762083,299.315976229581
2010-10-17 18:00:00,297.5447097801832,298.62133549247943
2010-10-17 20:00:00,296.67988254917424,297.73155680275846
2010-10-17 21:00:00,296.20852310815474,297.190698021182
2010-10-18 05:00:00,305.5795565048241,302.06400688183146
2010-10-18 06:00:00,307.629726016099,303.324364966347
2010-10-18 08:00:00,310.19564325600084,305.2802537585995
2010-10-18 09:00:00,309.7293349678968,305.3779841160003
2010-10-18 17:00:00,298.1108490601527,299.18804005298114
2010-10-18 18:00:00,297.60965856895973,298.61221257049607
2010-10-18 20:00:00,296.25180190076077,297.29749576703796
2010-10-18 21:00:00,295.7163486098655,296.78675889307624
2010-10-19 05:00:00,306.0869560065365,302.2696756324709
2010-10-19 06:00:00,308.6489131322076,303.6534901811455
2010-10-19 08:00:00,311.49698788212334,305.900083333208
2010-10-19 09:00:00,311.3566042249118,306.3256223705039
2010-10-19 17:00:00,297.369175398111,298.7547416980902
2010-10-19 18:00:00,296.81613072188134,298.1853448194789
2010-10-19 20:00:00,295.9581131428159,297.33081854069366
2010-10-19 21:00:00,295.3126896886135,296.65002215698433
2010-10-20 05:00:00,306.8063042733262,303.3531653076548
2010-10-20 06:00:00,309.4577103484026,304.7366419058919
2010-10-20 08:00:00,311.857231010825,306.4356933264593
2010-10-20 09:00:00,311.29923338809255,306.614913963941
2010-10-20 17:00:00,296.35203860243223,298.14778978909106
2010-10-20 18:00:00,295.546596180309,297.37169855291194
2010-10-20 20:00:00,294.05935828821686,296.12217079950227
2010-10-20 21:00:00,293.5090056009396,295.6858896922624
2010-10-21 05:00:00,307.3454870097626,304.90029361766
2010-10-21 06:00:00,310.4082336896006,306.1940675097731
2010-10-21 08:00:00,312.59685583364427,307.3845667434951
2010-10-21 09:00:00,312.1469232826645,307.54805895507064
2010-10-21 17:00:00,295.60845192555104,297.87788054902677
2010-10-21 18:00:00,294.702064549427,296.81972580073614
2010-10-21 20:00:00,293.3712725294022,295.4421768776258
2010-10-21 21:00:00,292.78233659506213,294.87938486813397
2010-10-22 05:00:00,306.3377180525628,304.5951099601475
2010-10-22 06:00:00,308.7403737025562,305.98332783327265
2010-10-22 08:00:00,310.77389446429004,306.9944213491008
2010-10-22 09:00:00,310.49487781965496,307.07401843431006
2010-10-22 17:00:00,296.67300889965935,298.9141004941497
2010-10-22 18:00:00,296.0639248276345,298.21233968631884
2010-10-22 20:00:00,294.8853183505348,297.0905024406539
2010-10-22 21:00:00,294.2787488517115,296.387864005584
2010-10-23 05:00:00,305.7547694178318,303.3912407356345
2010-10-23 06:00:00,308.6023900248053,305.1074453862313
2010-10-23 08:00:00,311.4831024310989,306.8407302644844
2010-10-23 09:00:00,311.13059153505395,306.8912716529035
2010-10-23 17:00:00,294.7572965460309,296.5093278693859
2010-10-23 18:00:00,293.68817966267216,295.5939808097569
2010-10-23 20:00:00,292.3348274642404,293.795141305321
2010-10-23 21:00:00,291.26652761967784,293.05290854620085
2010-10-24 05:00:00,304.87255074099875,301.4124913854849
2010-10-24 06:00:00,308.15736701859527,303.0098617389133
2010-10-24 08:00:00,311.764694801648,304.7970191238474
2010-10-24 09:00:00,311.39453595224626,305.1341136585583
2010-10-24 17:00:00,294.3481146249639,295.9683933346224
2010-10-24 18:00:00,293.6131251824472,295.2717590567143
2010-10-24 20:00:00,292.59053803665796,294.2582376771054
2010-10-24 21:00:00,292.00757024027354,293.5999103422709
2010-10-25 05:00:00,305.12923218619846,301.6856408023687
2010-10-25 06:00:00,307.97304404424784,303.13277201365986
2010-10-25 08:00:00,309.8376472367344,304.1509094238281
2010-10-25 09:00:00,310.11612053681597,304.50492729574944
2010-10-25 17:00:00,293.65750944963406,295.4925453879617
2010-10-25 18:00:00,293.23107376451304,295.03012517567595
2010-10-25 20:00:00,292.75897009898046,294.75500396587455
2010-10-25 21:00:00,292.28667056138056,294.26203483499256
2010-10-26 05:00:00,305.074790002385,301.41959742000915
2010-10-26 06:00:00,308.7541791918833,303.2043986504178
2010-10-26 08:00:00,310.8555720113276,304.6237788501616
2010-10-26 09:00:00,310.4639487949836,304.88550155004845
2010-10-26 17:00:00,294.6222268502774,296.2911352736557
2010-10-26 18:00:00,293.18284799725694,296.00739228376443
2010-10-26 20:00:00,291.32108869978754,294.8494960508655
2010-10-26 21:00:00,291.00771455221076,293.40810456591873
2010-10-27 05:00:00,306.71434815675707,302.14995557317746
2010-10-27 06:00:00,309.7563232280808,303.750300779181
2010-10-27 08:00:00,311.3086550437798,304.9743911907743
2010-10-27 09:00:00,310.5348646637104,305.06288285688925
2010-10-27 17:00:00,293.7597189316948,295.5784407088128
2010-10-27 18:00:00,292.90170436206694,294.83354389208307
2010-10-27 20:00:00,292.1263884087373,294.01251429953084
2010-10-27 21:00:00,291.7427210168589,293.50662475962116
2010-10-28 05:00:00,304.4868583267753,300.97150598652377
2010-10-28 06:00:00,307.7571058699457,302.5758073098487
2010-10-28 08:00:00,311.4527210770476,304.0958615671873
2010-10-28 09:00:00,310.82495726128394,304.3326096733105
2010-10-28 17:00:00,292.5981210200188,294.24129656540407
2010-10-28 18:00:00,291.5694401862993,293.398024971937
2010-10-28 20:00:00,290.049766152592,292.2828147429715
2010-10-28 21:00:00,289.48769346921955,291.81823859780525
2010-10-29 05:00:00,304.23356856476914,301.4637282126123
2010-10-29 06:00:00,307.1473781779661,302.87251646162366
2010-10-29 08:00:00,309.6702072778358,303.48964838107304
2010-10-29 09:00:00,309.76862665537874,303.7048609987797
2010-10-29 17:00:00,293.78790600604754,295.2327505620125
2010-10-29 18:00:00,293.4081526228753,294.8428781800351
2010-10-29 20:00:00,290.98958017499126,292.3319942668333
2010-10-29 21:00:00,290.0288922937332,291.66123640298474
2010-10-30 05:00:00,303.84985295135544,300.30536979593
2010-10-30 06:00:00,307.0059441094773,301.57641293565376
2010-10-30 08:00:00,310.2301973128355,302.7138550557047
2010-10-30 09:00:00,310.1078298653954,302.881091924588
2010-10-30 17:00:00,292.53625069781333,294.5936647482756
2010-10-30 18:00:00,291.80266565167113,293.910155333062
2010-10-30 20:00:00,290.4536032654655,295.21252798776965
2010-10-30 21:00:00,289.9590862961873,294.6779661487174
2010-10-31 05:00:00,303.48774825038817,299.7848118809963
2010-10-31 06:00:00,306.49841393234186,300.96637677632054
2010-10-31 08:00:00,309.35291968582226,302.0495423021596
2010-10-31 09:00:00,308.71488007485226,302.2611611106179
2010-10-31 17:00:00,291.5144767820008,293.13402532686257
2010-10-31 18:00:00,290.80786918087625,292.4650687524828
2010-10-31 20:00:00,289.6585555818673,291.3950129951278
2010-10-31 21:00:00,289.1700954584201,290.9649928347172
2010-11-01 05:00:00,304.1885359283589,299.7570449758568
2010-11-01 06:00:00,307.2908692675857,300.7724511098054
2010-11-01 08:00:00,309.7227173792012,301.92535480328814
2010-11-01 09:00:00,309.0044596808717,302.09313567503943
2010-11-01 17:00:00,292.0028508073193,293.46611100536285
2010-11-01 18:00:00,291.2524280283595,292.83811123088253
2010-11-01 20:00:00,289.78793156275583,291.5145671591737
2010-11-01 21:00:00,289.0671748086374,290.84199704962265
2010-11-02 05:00:00,303.65267692765764,299.32803443473733
2010-11-02 06:00:00,306.13584756483834,300.2176411398019
2010-11-02 08:00:00,308.4119818735931,301.25974961385157
2010-11-02 09:00:00,307.99086012641897,301.48481390766443
2010-11-02 17:00:00,291.2725310479915,292.85778427711807
2010-11-02 18:00:00,290.4873215920753,292.1289130682571
2010-11-02 20:00:00,289.2262183896199,290.96924161984487
2010-11-02 21:00:00,288.58600220290833,290.3420582493575
2010-11-03 05:00:00,303.1937698105634,299.1150540438565
2010-11-03 06:00:00,305.7620236201353,300.0937338712954
2010-11-03 08:00:00,308.5611267560069,301.691669810902
2010-11-03 09:00:00,308.39474492006934,301.9871327498661
2010-11-03 17:00:00,289.94743206100577,293.2196039514292
2010-11-03 18:00:00,288.90042760816675,292.85911785766416
2010-11-03 20:00:00,287.56503265333833,290.74711679420415
2010-11-03 21:00:00,287.08305718608557,290.0202748867323
2010-11-04 05:00:00,303.85245421046653,299.94478352080876
2010-11-04 06:00:00,306.5187971353164,300.9719277780119
2010-11-04 08:00:00,309.3652186224751,302.2901265948139
2010-11-04 09:00:00,309.2091570649933,302.54114733491735
2010-11-04 17:00:00,291.4222428567237,293.38189969995904
2010-11-04 18:00:00,290.45381959230394,292.5760626888422
2010-11-04 20:00:00,288.9510271868831,291.2015978749985
2010-11-04 21:00:00,288.4440712010365,290.63866108334486
2010-11-05 05:00:00,303.84623019978153,300.215195266418
2010-11-05 06:00:00,306.769970721934,301.3907264274515
2010-11-05 08:00:00,309.9107540700763,302.82621899150735
2010-11-05 09:00:00,309.68851770715463,303.03169231679294
2010-11-05 17:00:00,291.38112615694064,293.3519966113733
2010-11-05 18:00:00,290.1164964108695,292.4558945054817
2010-11-05 20:00:00,288.37949099783174,290.5311047005911
2010-11-05 21:00:00,287.80913356786886,289.9143060058218
2010-11-06 05:00:00,303.74597539446205,299.9084657219415
2010-11-06 06:00:00,306.9874426278936,301.2984354874386
2010-11-06 08:00:00,309.2405218938466,302.55378175332845
2010-11-06 09:00:00,308.62834028764206,302.7299442614539
2010-11-06 17:00:00,291.43953473248354,292.876431904515
2010-11-06 18:00:00,290.71532808136317,292.1756581451934
2010-11-06 20:00:00,289.4794609175625,291.08899146786825
2010-11-06 21:00:00,288.89720252555765,290.517624700749
2010-11-07 05:00:00,302.76219666279707,299.01753263076756
2010-11-07 06:00:00,305.34808309640283,300.1311283669964
2010-11-07 08:00:00,307.99819894564354,301.3112262085149
2010-11-07 09:00:00,307.7456231962184,301.55273620887607
2010-11-07 17:00:00,291.57008472319194,292.8855505004318
2010-11-07 18:00:00,291.06121064407984,292.36653823734986
2010-11-07 20:00:00,289.94376193430094,291.29582468276766
2010-11-07 21:00:00,289.47153109651873,290.88056849404734
2010-11-08 05:00:00,302.19513811719804,298.1021084543002
2010-11-08 06:00:00,304.88154211764345,299.14385462027667
2010-11-08 08:00:00,307.5364741720661,300.396850327314
2010-11-08 09:00:00,307.32584372874584,300.7278864409413
2010-11-08 17:00:00,292.52826894045984,293.74566302424404
2010-11-08 18:00:00,292.026721454732,293.2543598286727
2010-11-08 20:00:00,291.21313206183345,292.5542124790844
2010-11-08 21:00:00,291.04940631319823,292.3731871665167
2010-11-09 05:00:00,297.40365725195466,295.5897811866137
2010-11-09 06:00:00,297.54530144031685,295.89982487424317
2010-11-09 08:00:00,298.69547155347925,296.7743467733563
2010-11-09 09:00:00,298.8497416021644,297.0517848504159
2010-11-09 17:00:00,293.2596395812895,294.2905746483472
2010-11-09 18:00:00,293.12467378166684,294.1808770507436
2010-11-09 20:00:00,292.81687696836025,293.48584226540686
2010-11-09 21:00:00,292.53798406333516,293.17922315318344
2010-11-10 05:00:00,301.70057073984015,298.5567735810126
2010-11-10 06:00:00,303.0707979834135,299.5524826167361
2010-11-10 08:00:00,307.62661049582744,301.39897275669
2010-11-10 09:00:00,307.53078266725703,301.6958826708684
2010-11-10 17:00:00,294.8009434539842,295.5082411332564
2010-11-10 18:00:00,294.5410652336979,295.3220165705277
2010-11-10 20:00:00,293.9086247754207,294.68433376600274
2010-11-10 21:00:00,293.8854356715786,294.65854168672956
2010-11-11 05:00:00,301.7406942546827,298.8259878761045
2010-11-11 06:00:00,305.7005102924647,300.06587825828046
2010-11-11 08:00:00,307.61918169912093,301.7472803618397
2010-11-11 09:00:00,306.78143609139516,301.54065188274177
2010-11-11 17:00:00,294.5624929701419,294.56549058158885
2010-11-11 18:00:00,294.1335488247394,294.08531974239963
2010-11-11 20:00:00,293.83955453834477,294.33984306817433
2010-11-11 21:00:00,293.8144721690973,294.2760580383207
2010-11-12 05:00:00,299.3679829554859,296.862689354754
2010-11-12 06:00:00,300.93643997262916,297.7341135551088
2010-11-12 08:00:00,303.76820371184033,300.5134899921153
2010-11-12 09:00:00,304.3104292718215,300.4508670048648
2010-11-12 17:00:00,293.41760959243186,293.92802426848095
2010-11-12 18:00:00,293.13808494062374,293.4420380438054
2010-11-12 20:00:00,292.9260379221112,293.39404715374917
2010-11-12 21:00:00,292.76527005094226,293.32299329760633
2010-11-13 05:00:00,301.19677186563314,297.49567151179855
2010-11-13 06:00:00,303.31875154233677,298.4541592825726
2010-11-13 08:00:00,304.76710761824086,299.70050956361655
2010-11-13 09:00:00,303.65728783276853,299.24233171789234
2010-11-13 17:00:00,292.7743428940031,293.0711902447952
2010-11-13 18:00:00,292.77110292878467,293.0208495482458
2010-11-13 20:00:00,292.3125903301504,292.91678822756916
2010-11-13 21:00:00,292.0702771391082,292.67624855923174
2010-11-14 05:00:00,300.4349670410157,297.3147347895501
2010-11-14 06:00:00,302.5804761466334,298.3392583908763
2010-11-14 08:00:00,304.22227214701553,299.6693632481462
2010-11-14 09:00:00,304.4762766974733,299.9641990250174
2010-11-14 17:00:00,293.1910229934199,293.52969938727847
2010-11-14 18:00:00,292.99030655447984,293.1662831828113
2010-11-14 20:00:00,292.67286209553157,293.4563470496603
2010-11-14 21:00:00,292.6190889002913,293.3094977803517
2010-11-15 05:00:00,297.95554218968186,296.0703648830231
2010-11-15 06:00:00,299.7104619618373,296.91918910045655
2010-11-15 08:00:00,304.11525579373165,299.16332295422194
2010-11-15 09:00:00,303.8425720402934,299.190105420599
2010-11-15 17:00:00,293.37520200849866,293.6133859220014
2010-11-15 18:00:00,293.4061656652136,293.60478313898636
2010-11-15 20:00:00,293.0194029021888,293.0974122269311
2010-11-15 21:00:00,292.5182440806243,292.7756756986786
2010-11-16 05:00:00,293.8609178775264,293.0246565573388
2010-11-16 06:00:00,295.2527892549159,294.34507706793505
2010-11-16 08:00:00,302.22532832493954,298.26434384949954
2010-11-16 09:00:00,302.2928116949755,298.5076730548876
2010-11-16 17:00:00,291.7749757458139,292.2928649714254
2010-11-16 18:00:00,291.4515213459408,291.9666374923636
2010-11-16 20:00:00,291.68000309125665,292.41037328217544
2010-11-16 21:00:00,291.61881475933535,292.2211425264003
2010-11-17 05:00:00,296.5241039493602,294.3112302759579
2010-11-17 06:00:00,295.99141811846954,293.99829056891156
2010-11-17 08:00:00,296.5410070198894,295.1166119920822
2010-11-17 09:00:00,297.4906658060929,295.60420925334347
2010-11-17 17:00:00,291.62006877787496,292.19215994953925
2010-11-17 18:00:00,291.7737149090172,292.1922764712012
2010-11-17 20:00:00,291.6994076392316,291.7903671617317
2010-11-17 21:00:00,291.6994314090864,291.6691612631588
2010-11-18 05:00:00,295.8726013136572,293.52378201007105
2010-11-18 06:00:00,297.69860252062966,294.67709642125203
2010-11-18 08:00:00,299.2060388644414,295.7635822031641
2010-11-18 09:00:00,298.8159895604491,295.92929594395525
2010-11-18 17:00:00,288.72270804524237,291.53878222261267
2010-11-18 18:00:00,288.05604416857517,291.14659800478046
2010-11-18 20:00:00,287.2108137603901,289.2904567630339
2010-11-18 21:00:00,286.9334810606688,288.2474973234814
2010-11-19 05:00:00,297.7912989353362,295.22805097253735
2010-11-19 06:00:00,299.73854474036835,296.4991582508998
2010-11-19 08:00:00,301.04645398438254,297.96368107259366
2010-11-19 09:00:00,300.5096017282072,298.0626416316569
2010-11-19 17:00:00,285.3311560914403,288.15997598939026
2010-11-19 18:00:00,284.7160309496205,289.07656794520113
2010-11-19 20:00:00,283.82619381097874,290.2617221591285
2010-11-19 21:00:00,283.486812338807,289.42227661885175
2010-11-20 05:00:00,298.14529402487454,295.38481774939964
2010-11-20 06:00:00,299.7666724253509,296.4203725147688
2010-11-20 08:00:00,301.2753148953242,297.5542507318576
2010-11-20 09:00:00,300.74290605024856,297.7125922674758
2010-11-20 17:00:00,284.5134973981531,287.11995244430284
2010-11-20 18:00:00,283.84743860653265,286.6146489218314
2010-11-20 20:00:00,283.0067661561658,289.0783658490526
2010-11-20 21:00:00,282.595000797501,288.9947516113657
2010-11-21 05:00:00,297.4068870368099,295.38489312640695
2010-11-21 06:00:00,299.33226471652597,296.48694221484834
2010-11-21 08:00:00,301.250185268502,297.85701209775107
2010-11-21 09:00:00,300.9460705961395,298.0390435499476
2010-11-21 17:00:00,285.46641159645395,287.848819703277
2010-11-21 18:00:00,284.9855137194617,287.4258274965918
2010-11-21 20:00:00,284.7678980893457,287.3807163561805
2010-11-21 21:00:00,285.04775796428856,287.40316132955445
2010-11-22 05:00:00,294.01592737794476,293.66934345168954
2010-11-22 06:00:00,294.9703899789114,294.2518021123619
2010-11-22 08:00:00,294.5433801730352,294.0600636956872
2010-11-22 09:00:00,293.7822219778099,292.7469772785581
2010-11-22 17:00:00,287.9185093907619,288.42796417377394
2010-11-22 18:00:00,287.52539734921214,288.0148479773194
2010-11-22 20:00:00,287.0864067841752,287.49851406667557
2010-11-22 21:00:00,286.83362876762783,287.27994594956033
2010-11-23 05:00:00,291.3309863873733,290.66883088333765
2010-11-23 06:00:00,293.92476500054175,291.85331408672596
2010-11-23 08:00:00,291.59876908359615,289.7434446925559
2010-11-23 09:00:00,290.2791422886548,289.2449789414605
2010-11-23 17:00:00,287.5232067372656,287.8836966398501
2010-11-23 18:00:00,287.5458806630092,287.9315557964778
2010-11-23 20:00:00,287.61262679136775,287.8113090150713
2010-11-23 21:00:00,287.5676660523025,287.798762340575
2010-11-24 05:00:00,288.5542503321667,288.56464730425864
2010-11-24 06:00:00,288.92950625191855,288.8023942615292
2010-11-24 08:00:00,289.44698866269624,289.3479904621518
2010-11-24 09:00:00,289.62981326627806,289.4265819720017
2010-11-24 17:00:00,287.58765610046856,287.9637888010551
2010-11-24 18:00:00,287.4551080547974,287.8506208046559
2010-11-24 20:00:00,287.4055587462909,287.80232332814455
2010-11-24 21:00:00,287.3151841832236,287.67613721004074
2010-11-25 05:00:00,295.1751633513323,292.7870377597897
2010-11-25 06:00:00,297.1550181995739,293.97488405671436
2010-11-25 08:00:00,298.7621183468858,295.66194773528537
2010-11-25 09:00:00,299.38877483068154,296.1068165313298
2010-11-25 17:00:00,288.51763546889293,289.8235270966
2010-11-25 18:00:00,287.6602428418646,289.71820540935124
2010-11-25 20:00:00,286.45596605015834,288.4632003619601
2010-11-25 21:00:00,286.1242667317207,287.5325869661634
2010-11-26 05:00:00,295.76703045437995,292.0345782498917
2010-11-26 06:00:00,298.637158833226,294.0635180363119
2010-11-26 08:00:00,300.75686008353443,295.905737314092
2010-11-26 09:00:00,300.3426573390403,296.2080982837178
2010-11-26 17:00:00,286.6327095913409,288.1819323993795
2010-11-26 18:00:00,285.6365170706586,287.3959945890312
2010-11-26 20:00:00,284.15771416192433,286.8466147259681
2010-11-26 21:00:00,283.52105275581727,286.74715702192077
2010-11-27 05:00:00,297.0634952774401,294.43161777208326
2010-11-27 06:00:00,298.614653247898,295.3821867485811
2010-11-27 08:00:00,299.6274019308928,296.05111572077533
2010-11-27 09:00:00,299.17317145631205,296.090841049406
2010-11-27 17:00:00,284.5067902316665,286.59227330658945
2010-11-27 18:00:00,283.5740337636328,285.95896984505913
2010-11-27 20:00:00,282.58388400555395,285.2158576953576
2010-11-27 21:00:00,282.12983595461617,284.57769502660346
2010-11-28 05:00:00,295.3245049992401,293.6866414638808
2010-11-28 06:00:00,297.1599646569768,294.6075502698337
2010-11-28 08:00:00,298.7614110350058,294.9796584824385
2010-11-28 09:00:00,298.56747224922356,295.1054479190492
2010-11-28 17:00:00,283.35718196639664,286.184638542093
2010-11-28 18:00:00,282.4249265932339,286.2237260345318
2010-11-28 20:00:00,281.5321051034796,285.7685088170879
2010-11-28 21:00:00,281.12742492487695,285.1117107467769
2010-11-29 05:00:00,295.1994679925622,293.1899065861166
2010-11-29 06:00:00,296.88805973658395,294.04163705035245
2010-11-29 08:00:00,298.6312305703185,295.1016324694241
2010-11-29 09:00:00,298.23655940498156,295.2329009633586
2010-11-29 17:00:00,282.0373726067447,286.2993578095282
2010-11-29 18:00:00,281.22939106569453,287.1750348859649
2010-11-29 20:00:00,280.2091056694419,287.8102963393201
2010-11-29 21:00:00,279.79587638396515,287.9550345821998
2010-11-30 05:00:00,295.8236762518508,293.3733141506766
2010-11-30 06:00:00,297.7265852588718,294.30700878736974
2010-11-30 08:00:00,299.1154845345002,295.16607252217955
2010-11-30 09:00:00,298.68157331234505,295.2566994077803
2010-11-30 17:00:00,281.61109813813624,286.5089078177289
2010-11-30 18:00:00,280.81751210076044,286.4377566721113
2010-11-30 20:00:00,279.8704216579443,285.02495623149196
2010-11-30 21:00:00,279.4978743966078,285.0024536791127
2010-12-01 05:00:00,293.99609346786525,292.1541257602592
2010-12-01 06:00:00,296.1061917203601,293.2194650940976
2010-12-01 08:00:00,298.3562162660855,294.57467707794143
2010-12-01 09:00:00,298.2091880527961,294.78675040552173
2010-12-01 17:00:00,283.762558547668,285.88074508690505
2010-12-01 18:00:00,283.141782246312,285.3548929834587
2010-12-01 20:00:00,282.58882439705917,284.8976743019233
2010-12-01 21:00:00,282.3367380104006,284.5586780142527
2010-12-02 05:00:00,292.6973903520817,291.2921532159226
2010-12-02 06:00:00,295.4392970104247,292.86817929777783
2010-12-02 08:00:00,298.15130410686663,294.3381740293812
2010-12-02 09:00:00,298.13590149960277,294.58265554372264
2010-12-02 17:00:00,282.95904047279777,284.9947521521241
2010-12-02 18:00:00,281.9187939236822,284.195556640625
2010-12-02 20:00:00,280.55848305912343,283.31519941850144
2010-12-02 21:00:00,280.0627955126652,282.98429539097106
2010-12-03 05:00:00,293.249458536345,291.53414376233866
2010-12-03 06:00:00,295.20764162507373,292.58111057369666
2010-12-03 08:00:00,297.1086359949803,293.56261172537074
2010-12-03 09:00:00,297.151019738525,293.801516516734
2010-12-03 17:00:00,282.3178873400108,284.4514530693254
2010-12-03 18:00:00,281.4841170817935,283.70479629587135
2010-12-03 20:00:00,280.38745114836377,282.7794398703083
2010-12-03 21:00:00,279.8995327707065,282.636549045933
2010-12-04 05:00:00,292.53041791401586,290.3479268407601
2010-12-04 06:00:00,294.6189922456197,291.52995824593427
2010-12-04 08:00:00,297.1665224801227,293.0020375538313
2010-12-04 09:00:00,297.1997767420506,293.3500752970691
2010-12-04 17:00:00,281.81227619659,283.90993895920104
2010-12-04 18:00:00,280.9803065930383,283.2963286695201
2010-12-04 20:00:00,280.19652530335134,282.6331568690037
2010-12-04 21:00:00,279.8283363424575,282.2422103529168
2010-12-05 05:00:00,291.75840928558205,290.0631484162459
2010-12-05 06:00:00,294.2880654827288,291.4531626885036
2010-12-05 08:00:00,296.93086113364006,293.065278181126
2010-12-05 09:00:00,297.02774642685716,293.4497269217517
2010-12-05 17:00:00,283.50921473334125,285.2835410989488
2010-12-05 18:00:00,283.11467497227557,284.9654835611352
2010-12-05 20:00:00,282.5861787487436,284.44349764455086
2010-12-05 21:00:00,282.1593235292126,283.97798586993815
2010-12-06 05:00:00,292.82145944839266,290.612056479432
2010-12-06 06:00:00,295.6445182012667,292.33381413017474
2010-12-06 08:00:00,298.7506577502047,294.1934518916949
2010-12-06 09:00:00,298.87509242264997,294.51775716302575
2010-12-06 17:00:00,284.6650272128395,286.1787863145073
2010-12-06 18:00:00,284.0066652694726,285.58427763058705
2010-12-06 20:00:00,283.3331740133935,284.93443140814594
2010-12-06 21:00:00,282.86551150188245,284.38805117849574
2010-12-07 05:00:00,292.67344980577843,290.3122877641158
2010-12-07 06:00:00,295.48190756681703,291.86717532118223
2010-12-07 08:00:00,298.12723805761124,293.3924978576567
2010-12-07 09:00:00,298.1221603605156,293.784304250003
2010-12-07 17:00:00,283.0822940350314,284.76766293001106
2010-12-07 18:00:00,281.84356075809995,283.90134755562195
2010-12-07 20:00:00,280.1917574842832,282.5952255883827
2010-12-07 21:00:00,279.6787969886063,281.90989374710347
2010-12-08 05:00:00,293.13325328856297,290.2512662208687
2010-12-08 06:00:00,295.6003925106008,291.4881242419979
2010-12-08 08:00:00,298.217106400359,293.00285181830225
2010-12-08 09:00:00,298.08184774484033,293.3773901282547
2010-12-08 17:00:00,281.3979064283092,284.01807884369134
2010-12-08 18:00:00,280.5063898118876,284.2394118345757
2010-12-08 20:00:00,279.2103088331884,285.32209942410645
2010-12-08 21:00:00,278.6942499804387,285.05534499158114
2010-12-09 05:00:00,292.7781291661902,290.28996307420067
2010-12-09 06:00:00,295.14913900460596,291.31586029569985
2010-12-09 08:00:00,297.86248581802533,292.4376451818528
2010-12-09 09:00:00,297.76254914317553,292.7563833933215
2010-12-09 17:00:00,281.7532851538048,283.68210894521474
2010-12-09 18:00:00,281.0327530259895,283.10381266589525
2010-12-09 20:00:00,280.2634893102896,282.5356337631061
2010-12-09 21:00:00,279.89566818260823,282.1911741471254
2010-12-10 05:00:00,291.89887892336617,289.7716892283577
2010-12-10 06:00:00,294.035972559948,290.80510602342696
2010-12-10 08:00:00,296.08371423095326,291.7482091024954
2010-12-10 09:00:00,295.76214357443695,291.9161115038009
2010-12-10 17:00:00,278.62464855411577,285.38142771199233
2010-12-10 18:00:00,277.83665423988384,285.1430578481618
2010-12-10 20:00:00,276.84650001467105,284.05680579139937
2010-12-10 21:00:00,276.48765446408686,283.3808441397222
2010-12-11 05:00:00,294.13845079889285,290.25850558758515
2010-12-11 06:00:00,295.5580745985034,291.10900942386576
2010-12-11 08:00:00,296.7740403044573,292.0307429567875
2010-12-11 09:00:00,296.3396508168366,292.2694666881591
2010-12-11 17:00:00,279.3167767164704,285.0173436474911
2010-12-11 18:00:00,278.76636059589123,283.7124634729512
2010-12-11 20:00:00,277.9404832225735,281.83533984450236
2010-12-11 21:00:00,277.65580570826364,281.3444322489076
2010-12-12 05:00:00,292.46764295016675,290.6758315405236
2010-12-12 06:00:00,295.42618665415995,292.08862570364414
2010-12-12 08:00:00,298.17282024554,293.623181406265
2010-12-12 09:00:00,297.8819025213068,293.9260217934066
2010-12-12 17:00:00,280.23292374574163,282.65826987338545
2010-12-12 18:00:00,279.56798291316574,281.91869153227015
2010-12-12 20:00:00,278.58475490858086,281.26893733278814
2010-12-12 21:00:00,278.16841438187663,281.1163901401044
2010-12-13 05:00:00,293.3644590686393,291.4361381354428
2010-12-13 06:00:00,296.02271010952853,292.606069391424
2010-12-13 08:00:00,298.4204265670894,293.85653338557216
2010-12-13 09:00:00,298.30230263826115,294.11464128068116
2010-12-13 17:00:00,280.26332520189567,283.53451667397707
2010-12-13 18:00:00,279.58288576569873,283.7211605830259
2010-12-13 20:00:00,278.571092508607,284.86984638513877
2010-12-13 21:00:00,278.1331177463149,284.7472820076259
2010-12-14 05:00:00,293.8786764747373,291.7493240050799
2010-12-14 06:00:00,296.51043642393796,293.0440170217553
2010-12-14 08:00:00,298.9522428821158,294.1583152265505
2010-12-14 09:00:00,298.6849020794838,294.3649032428195
2010-12-14 17:00:00,280.4444176155173,286.4594707753515
2010-12-14 18:00:00,279.77612702027307,286.430233031098
2010-12-14 20:00:00,278.81101018732244,285.6446342056815
2010-12-14 21:00:00,278.4306063424274,285.6535877057327
2010-12-15 05:00:00,294.3941529072672,292.1197922387733
2010-12-15 06:00:00,297.0385155112056,293.30281896840995
2010-12-15 08:00:00,299.7277492058847,294.659847641579
2010-12-15 09:00:00,299.5889525097581,295.0154089082739
2010-12-15 17:00:00,280.62329002815324,288.2252285902967
2010-12-15 18:00:00,279.9127566627067,287.7331861310821
2010-12-15 20:00:00,279.01248794344065,283.05459935639414
2010-12-15 21:00:00,278.69282228443404,282.6052527523188
2010-12-16 05:00:00,296.97607922664224,292.94323951474325
2010-12-16 06:00:00,298.49469793522485,294.00936141991286
2010-12-16 08:00:00,300.26804059091813,295.19547827769134
2010-12-16 09:00:00,300.03515465123627,295.47360704419054
2010-12-16 17:00:00,281.33111748599856,284.72140140856726
2010-12-16 18:00:00,280.6338364611421,284.2200205704464
2010-12-16 20:00:00,279.6675348502278,282.2889286740719
2010-12-16 21:00:00,279.33531595709144,281.9946277071772
2010-12-17 05:00:00,295.55548631759194,293.027989133297
2010-12-17 06:00:00,297.97438237406254,294.24525623292146
2010-12-17 08:00:00,300.46031210124954,295.72778611851766
2010-12-17 09:00:00,300.2078821684804,296.0234881431921
2010-12-17 17:00:00,281.25740897673853,285.7662865590241
2010-12-17 18:00:00,280.56725453522245,285.65912532953337
2010-12-17 20:00:00,279.44876940334893,285.55806498240986
2010-12-17 21:00:00,278.98977491851946,285.4218721081185
2010-12-18 05:00:00,295.02539817210527,292.51368885010896
2010-12-18 06:00:00,297.28794776199413,293.900176578751
2010-12-18 08:00:00,299.1130743041428,295.2976052588417
2010-12-18 09:00:00,298.7932204847527,295.59551738627334
2010-12-18 17:00:00,282.60365549331453,284.88962918180164
2010-12-18 18:00:00,281.7426882422026,284.0803536296075
2010-12-18 20:00:00,280.4599677087346,282.83451290747786
2010-12-18 21:00:00,279.9518229009925,282.3390554419284
2010-12-19 05:00:00,292.10952300320054,290.2749520700041
2010-12-19 06:00:00,295.2430599077457,292.0948498083741
2010-12-19 08:00:00,298.39283945233507,294.2186340426076
2010-12-19 09:00:00,298.4276239662582,294.65744886119126
2010-12-19 17:00:00,280.9300203485004,285.21468065258904
2010-12-19 18:00:00,279.8228414855863,285.40437450908547
2010-12-19 20:00:00,278.1833479635888,285.02011940696025
2010-12-19 21:00:00,277.62633398023706,284.6221053442345
2010-12-20 05:00:00,294.58413757418265,291.1661906661164
2010-12-20 06:00:00,297.0711564826671,292.8694075950305
2010-12-20 08:00:00,299.87737571587,294.75223058103967
2010-12-20 09:00:00,299.67339083961053,295.23365999994735
2010-12-20 17:00:00,279.87089573841064,283.9489448441563
2010-12-20 18:00:00,279.1032011857937,283.96006114236746
2010-12-20 20:00:00,277.9000764914397,286.01890126655945
2010-12-20 21:00:00,277.4429103339949,285.6459195411811
2010-12-21 05:00:00,295.5803182687157,292.4671336968985
2010-12-21 06:00:00,297.5058072506004,294.03704497773765
2010-12-21 08:00:00,300.0801446382731,296.13090475167627
2010-12-21 09:00:00,299.9591853725157,296.5936843331312
2010-12-21 17:00:00,280.0388048639283,288.1855389987375
2010-12-21 18:00:00,279.2351420068961,287.56374590716484
2010-12-21 20:00:00,278.2196872282102,282.75368171774187
2010-12-21 21:00:00,277.85655769618523,281.5481277489332
2010-12-22 05:00:00,292.8388342482651,292.05267858284833
2010-12-22 06:00:00,296.1632623892903,294.08407468163915
2010-12-22 08:00:00,299.3395780730872,296.05285644531256
2010-12-22 09:00:00,299.3684918325745,296.42806825799454
2010-12-22 17:00:00,281.08118891311904,284.16505084162685
2010-12-22 18:00:00,280.42781443074233,283.5455755812729
2010-12-22 20:00:00,279.95418037214705,283.1282265873279
2010-12-22 21:00:00,279.84943207680533,283.0541862405504
2010-12-23 05:00:00,293.2089033788085,291.67993105284427
2010-12-23 06:00:00,296.519327572204,293.7486701107172
2010-12-23 08:00:00,299.95436907328883,296.01524381240824
2010-12-23 09:00:00,300.0023710606462,296.3847400447804
2010-12-23 17:00:00,283.2607817569022,285.36323636705964
2010-12-23 18:00:00,282.0859139182351,284.335461726725
2010-12-23 20:00:00,280.39670836649987,283.75484277287325
2010-12-23 21:00:00,279.85010266414224,283.3411900736334
2010-12-24 05:00:00,293.8209220051582,291.8799179617906
2010-12-24 06:00:00,296.9298263103092,293.4536614087403
2010-12-24 08:00:00,299.5747877217956,294.49628868161807
2010-12-24 09:00:00,299.3611192982443,294.79721758215015
2010-12-24 17:00:00,282.95649265471525,284.8825005294729
2010-12-24 18:00:00,282.25387683744975,284.19455938824154
2010-12-24 20:00:00,280.9869374185571,282.91726799775347
2010-12-24 21:00:00,280.3266011195484,282.2874814402341
2010-12-25 05:00:00,292.4173123634468,290.17130391219365
2010-12-25 06:00:00,295.8600110023158,291.6122136285015
2010-12-25 08:00:00,299.403138500149,293.22908403252603
2010-12-25 09:00:00,299.3367035899581,293.7132880823638
2010-12-25 17:00:00,282.44833458663874,284.27446905526983
2010-12-25 18:00:00,281.484139299907,283.4436686652467
2010-12-25 20:00:00,280.0294468296327,282.02939329455927
2010-12-25 21:00:00,279.55873521707827,281.51852407587694
2010-12-26 05:00:00,291.3726570117639,289.66079349841107
2010-12-26 06:00:00,294.96813732082563,291.81821543924246
2010-12-26 08:00:00,298.6548156503169,293.9470144545169
2010-12-26 09:00:00,298.9692224581914,294.4049621252874
2010-12-26 17:00:00,284.66967152740995,286.311998599483
2010-12-26 18:00:00,284.0405089814784,285.6476150301094
2010-12-26 20:00:00,283.08097714745946,284.61317201681976
2010-12-26 21:00:00,282.7360883809753,284.19977483764086
2010-12-27 05:00:00,291.8202361590322,290.2064839320484
2010-12-27 06:00:00,294.71546280071806,291.98349908908085
2010-12-27 08:00:00,298.550488605705,294.3285525517398
2010-12-27 09:00:00,298.8830000255802,294.8139282602742
2010-12-27 17:00:00,287.59240181897934,288.526413857294
2010-12-27 18:00:00,287.11976604726175,288.1170703435348
2010-12-27 20:00:00,286.3139705804905,287.2807708881302
2010-12-27 21:00:00,286.30207138179077,287.1919979806674
2010-12-28 05:00:00,290.35713755368084,290.0422895810637
2010-12-28 06:00:00,292.80379696509505,291.6497085171598
2010-12-28 08:00:00,298.029224272318,294.3426318998881
2010-12-28 09:00:00,297.62881594336085,294.50697615848304
2010-12-28 17:00:00,287.5276368880309,288.86857924733215
2010-12-28 18:00:00,287.6128262371422,288.7743992504244
2010-12-28 20:00:00,287.278291534753,288.24063618194157
2010-12-28 21:00:00,286.911435119911,287.841083873402
2010-12-29 05:00:00,289.26398647878494,289.26631836971995
2010-12-29 06:00:00,290.18556276859226,289.9281005859375
2010-12-29 08:00:00,290.59042410123146,290.34973501901965
2010-12-29 09:00:00,290.5678911018078,290.4822543574776
2010-12-29 17:00:00,286.4222411168926,287.3129844724305
2010-12-29 18:00:00,286.0680156172883,286.9887134099411
2010-12-29 20:00:00,286.3293005850723,287.25347630011464
2010-12-29 21:00:00,286.27597076463036,287.12677690832203
2010-12-30 05:00:00,292.24355898065085,290.9650727023696
2010-12-30 06:00:00,295.39402129139484,292.2948861379286
2010-12-30 08:00:00,297.9367816378413,293.60166049481177
2010-12-30 09:00:00,297.4748256077936,293.13094756562833
2010-12-30 17:00:00,284.576583486125,285.40034959790154
2010-12-30 18:00:00,283.81831235253765,284.7769249914607
2010-12-30 20:00:00,282.5430954755363,283.6212437516552
2010-12-30 21:00:00,281.74185006680955,282.8466604788241
2010-12-31 05:00:00,290.97795648089914,288.8060677503401
2010-12-31 06:00:00,294.4894702834966,290.5912325114058
2010-12-31 08:00:00,295.95525716302575,291.4219228218443
2010-12-31 09:00:00,295.6133850755971,291.67402921656065
2010-12-31 17:00:00,280.0195405369364,284.1477288950023
2010-12-31 18:00:00,279.1728239132921,282.67996808303343
2010-12-31 20:00:00,278.1240680853281,281.05278452445623
2010-12-31 21:00:00,277.7299234305031,280.0791452698789
