datetime_utc,skt,t2m
2009-01-01 05:00:00,295.11871060458094,291.2771435048437
2009-01-01 06:00:00,299.58066541204465,293.2139294687515
2009-01-01 08:00:00,304.2366234730866,295.21063568632485
2009-01-01 09:00:00,304.4318821558784,295.63128300036414
2009-01-01 17:00:00,284.60813924968704,286.106012541267
2009-01-01 18:00:00,283.44358169720243,285.05857030930247
2009-01-01 20:00:00,281.3877214805004,284.2655659632984
2009-01-01 21:00:00,280.59662622296025,283.78933795758496
2009-01-02 05:00:00,295.02424120792807,291.9448378317529
2009-01-02 06:00:00,299.06169276538725,293.9469307545337
2009-01-02 08:00:00,303.4104338235958,296.07230284327903
2009-01-02 09:00:00,303.8617003077902,296.6024240690681
2009-01-02 17:00:00,285.8295327819918,287.2968085102381
2009-01-02 18:00:00,285.11139858816,286.6529320010051
2009-01-02 20:00:00,283.9182673661478,285.57359549077154
2009-01-02 21:00:00,283.37349784392603,285.0472733037682
2009-01-03 05:00:00,294.793820749997,292.1543768366974
2009-01-03 06:00:00,299.3219561701747,294.7631000818567
2009-01-03 08:00:00,304.17673992045303,297.2272820142091
2009-01-03 09:00:00,304.68855339720363,297.818969985186
2009-01-03 17:00:00,285.7864489210038,287.27440094323305
2009-01-03 18:00:00,284.645699076366,286.27391642377995
2009-01-03 20:00:00,283.59137200354064,285.5346805002362
2009-01-03 21:00:00,283.3178114692676,285.2578749928526
2009-01-04 05:00:00,296.45517767155303,292.8601861844996
2009-01-04 06:00:00,301.05524041362463,295.2447999269459
2009-01-04 08:00:00,305.3104988885771,296.9608978835754
2009-01-04 09:00:00,305.26475835250596,297.413121627549
2009-01-04 17:00:00,288.6450756760702,289.37508830818444
2009-01-04 18:00:00,287.59437988939567,288.39960570254567
2009-01-04 20:00:00,286.6582594108876,287.5299634889388
2009-01-04 21:00:00,286.2060131666657,287.07497830383585
2009-01-05 05:00:00,294.89519652379863,291.36333647788217
2009-01-05 06:00:00,299.32252739904845,293.1471847275556
2009-01-05 08:00:00,303.43467761775935,294.5784912109375
2009-01-05 09:00:00,303.2409010594725,294.8411362094027
2009-01-05 17:00:00,285.7082308635506,286.4897091105833
2009-01-05 18:00:00,284.95277456509865,285.7794186161553
2009-01-05 20:00:00,283.6163212757082,284.55032503806945
2009-01-05 21:00:00,283.0073699951172,283.97060266150896
2009-01-06 05:00:00,293.22719217779456,289.6621239284521
2009-01-06 06:00:00,297.24023766657234,291.2932009704308
2009-01-06 08:00:00,302.3917711490108,292.71546867852584
2009-01-06 09:00:00,303.1885457560535,293.1656665302388
2009-01-06 17:00:00,284.43844482233783,285.4763353109727
2009-01-06 18:00:00,283.72659978881273,284.8673320235383
2009-01-06 20:00:00,282.37028233038814,283.5845850634465
2009-01-06 21:00:00,281.8577573567583,283.1217262961648
2009-01-07 05:00:00,292.41283521373026,289.1101254785006
2009-01-07 06:00:00,296.29582964363743,290.95649340707456
2009-01-07 08:00:00,301.0621593692821,292.3165035864973
2009-01-07 09:00:00,301.91200714816665,292.7561381476686
2009-01-07 17:00:00,284.14321645492765,285.1169989399256
2009-01-07 18:00:00,283.49407815565866,284.52471032752464
2009-01-07 20:00:00,282.35435335367964,283.45602148964156
2009-01-07 21:00:00,281.79290496402973,282.88532001983214
2009-01-08 05:00:00,292.3945656939538,289.0978900691945
2009-01-08 06:00:00,296.52590204130155,291.00945908556736
2009-01-08 08:00:00,301.3214551458373,292.754186080674
2009-01-08 09:00:00,301.5561314187542,293.1569137455686
2009-01-08 17:00:00,283.7576553274193,284.7780074955686
2009-01-08 18:00:00,283.0716385569521,284.1291739959011
2009-01-08 20:00:00,282.03424128692586,283.2459853397129
2009-01-08 21:00:00,281.52958893151424,282.7581769005727
2009-01-09 05:00:00,292.8595607622379,289.771759526939
2009-01-09 06:00:00,296.81018233335993,291.7340867052828
2009-01-09 08:00:00,300.990192783632,293.651613561692
2009-01-09 09:00:00,301.59426600099164,294.0902485663792
2009-01-09 17:00:00,286.147880989157,286.9725471813984
2009-01-09 18:00:00,285.23456433594504,286.2007071520037
2009-01-09 20:00:00,284.3661776455966,285.6650772682508
2009-01-09 21:00:00,283.89395346149274,285.182169980371
2009-01-10 05:00:00,293.91875480099344,290.4154986365367
2009-01-10 06:00:00,298.26015624059556,292.30659743486825
2009-01-10 08:00:00,301.30614634838605,293.96753268249233
2009-01-10 09:00:00,302.1311708988137,294.49853868293474
2009-01-10 17:00:00,285.9280288766823,286.7922122761355
2009-01-10 18:00:00,285.0582486051257,285.9594046382581
2009-01-10 20:00:00,283.88840984232803,284.8912040110913
2009-01-10 21:00:00,283.2708529573743,284.263523824777
2009-01-11 05:00:00,294.4555599641726,290.64282861365746
2009-01-11 06:00:00,298.5302173397023,292.3190190766368
2009-01-11 08:00:00,303.3056459353407,294.0506016712159
2009-01-11 09:00:00,303.72966224423544,294.5824378062103
2009-01-11 17:00:00,284.9325991073632,286.05194550265884
2009-01-11 18:00:00,283.76066836223396,285.0138697220107
2009-01-11 20:00:00,282.2348198560059,283.80775698528083
2009-01-11 21:00:00,281.9430828829208,283.5203010077102
2009-01-12 05:00:00,294.5834314143529,291.1992019394697
2009-01-12 06:00:00,298.75018211799704,293.0926342510112
2009-01-12 08:00:00,303.7560196980857,295.08267823206074
2009-01-12 09:00:00,304.3815857074661,295.5812621270931
2009-01-12 17:00:00,286.32370082108747,287.521613616238
2009-01-12 18:00:00,285.59601676482447,286.90284519753953
2009-01-12 20:00:00,284.45719286620346,285.7841463720854
2009-01-12 21:00:00,284.12018892026646,285.36965006635813
2009-01-13 05:00:00,293.12841046866725,291.37050147857434
2009-01-13 06:00:00,297.0270606512649,293.50069362834347
2009-01-13 08:00:00,301.3920981667259,295.6944713151694
2009-01-13 09:00:00,303.0931742334587,296.55383514733455
2009-01-13 17:00:00,289.1473893693122,289.9991713701669
2009-01-13 18:00:00,288.50746599147425,289.34479947082804
2009-01-13 20:00:00,287.7562615346101,288.51336820393755
2009-01-13 21:00:00,287.20532616848936,287.91932532453023
2009-01-14 05:00:00,296.4399397839751,293.295802347098
2009-01-14 06:00:00,300.4989861486873,295.4790862190705
2009-01-14 08:00:00,305.8306086089101,298.03120389447554
2009-01-14 09:00:00,305.72350100853777,298.23525481378357
2009-01-14 17:00:00,290.920391347265,291.67183143368857
2009-01-14 18:00:00,289.87771451271186,290.6570609493873
2009-01-14 20:00:00,288.44310916847735,289.4286282014773
2009-01-14 21:00:00,287.9429539238176,288.9266000286273
2009-01-15 05:00:00,297.03418083955034,294.3595384735907
2009-01-15 06:00:00,300.95597378535336,296.6355186662248
2009-01-15 08:00:00,304.95849929127746,298.8420872622168
2009-01-15 09:00:00,304.5350822601553,299.0523702800733
2009-01-15 17:00:00,292.29632739991365,292.8378352795617
2009-01-15 18:00:00,291.6607942272592,292.2263281400472
2009-01-15 20:00:00,290.5231774657827,291.06243308703597
2009-01-15 21:00:00,290.148605887438,290.7596804908318
2009-01-16 05:00:00,297.16994160092304,295.110190087364
2009-01-16 06:00:00,300.83472051164955,297.31842532400356
2009-01-16 08:00:00,304.7082527054844,299.3900104634384
2009-01-16 09:00:00,304.569905661655,299.6800154581643
2009-01-16 17:00:00,291.8158830310604,292.82560906314706
2009-01-16 18:00:00,291.37833504463754,292.37663972028787
2009-01-16 20:00:00,289.87438417032064,291.7139283872349
2009-01-16 21:00:00,289.2238234885852,290.93887829890787
2009-01-17 05:00:00,298.74452308219827,295.78741652572467
2009-01-17 06:00:00,302.4775126828986,297.4269590216168
2009-01-17 08:00:00,307.61424723244596,298.6107499132906
2009-01-17 09:00:00,307.4609154229539,298.9042386376803
2009-01-17 17:00:00,289.4854391653475,290.1292422254942
2009-01-17 18:00:00,288.85336950269794,289.64999624760753
2009-01-17 20:00:00,289.18149186944004,290.14991360562976
2009-01-17 21:00:00,289.24618596104887,290.1222109096627
2009-01-18 05:00:00,298.2735638258454,294.7912502435764
2009-01-18 06:00:00,302.3902916577638,296.50341973209237
2009-01-18 08:00:00,304.8071612812154,297.8247822907012
2009-01-18 09:00:00,305.2627640358288,298.22611684461225
2009-01-18 17:00:00,288.61739453990214,289.33262591957134
2009-01-18 18:00:00,287.82348682186085,288.55327115992003
2009-01-18 20:00:00,287.2641559947621,288.2618212824794
2009-01-18 21:00:00,286.83499996614387,287.7606274056692
2009-01-19 05:00:00,295.9501300923446,292.44042663103994
2009-01-19 06:00:00,300.07183666258635,294.46152807861705
2009-01-19 08:00:00,305.0041534705963,296.15284265832656
2009-01-19 09:00:00,305.55656400189747,296.6312892073292
2009-01-19 17:00:00,287.7055194778325,288.1211357645702
2009-01-19 18:00:00,286.76006054988443,287.25072047816957
2009-01-19 20:00:00,285.3056905126352,286.0641597988793
2009-01-19 21:00:00,284.63381177434934,285.4192139048055
2009-01-20 05:00:00,293.7092831792376,290.0302772463195
2009-01-20 06:00:00,298.41156840508086,292.5613620093864
2009-01-20 08:00:00,304.67103097031037,295.3670212755953
2009-01-20 09:00:00,305.09899166442216,296.1369946307871
2009-01-20 17:00:00,286.93428744887717,287.72900179023924
2009-01-20 18:00:00,285.9786244349781,286.8973432167653
2009-01-20 20:00:00,284.8704399731934,285.78654176685586
2009-01-20 21:00:00,284.04475478067974,285.1316219147622
2009-01-21 05:00:00,294.20069831178074,290.94413743217484
2009-01-21 06:00:00,298.3768364387594,293.04859139041287
2009-01-21 08:00:00,303.30638938398323,295.52718970441305
2009-01-21 09:00:00,303.44245945911376,296.1288831149485
2009-01-21 17:00:00,287.5325434233632,288.71652259297656
2009-01-21 18:00:00,287.5316785627227,288.6614115381461
2009-01-21 20:00:00,285.318453631526,286.59206368045193
2009-01-21 21:00:00,284.0114363095793,286.2575814081083
2009-01-22 05:00:00,297.5580563302767,293.67439023151604
2009-01-22 06:00:00,301.7948217876887,295.56360589778296
2009-01-22 08:00:00,305.7758686788644,297.60635608737755
2009-01-22 09:00:00,305.3520558831872,298.01519171151983
2009-01-22 17:00:00,287.13673116393005,288.7058153196549
2009-01-22 18:00:00,286.09827800450967,287.77849272035854
2009-01-22 20:00:00,284.06978975128504,285.9509724057143
2009-01-22 21:00:00,283.2314289251718,285.2648187763702
2009-01-23 05:00:00,298.2366075089606,295.08896426537376
2009-01-23 06:00:00,302.82694247911456,297.3748965740939
2009-01-23 08:00:00,307.0295566976162,299.556389666118
2009-01-23 09:00:00,307.2174518273681,299.99446009560984
2009-01-23 17:00:00,288.8847193784082,290.0150675957302
2009-01-23 18:00:00,287.86079284479877,289.09383842574067
2009-01-23 20:00:00,286.9591844320665,288.44765699295493
2009-01-23 21:00:00,286.14138485948183,287.6875959728459
2009-01-24 05:00:00,297.872227720193,294.80180107316545
2009-01-24 06:00:00,302.5868792658778,297.33554843614576
2009-01-24 08:00:00,306.8231813404336,299.6498778685583
2009-01-24 09:00:00,307.1222004236536,300.1801044716857
2009-01-24 17:00:00,289.9825644941286,291.7034245095746
2009-01-24 18:00:00,289.5580173251442,291.42788809142974
2009-01-24 20:00:00,287.86185073264755,289.8632197211079
2009-01-24 21:00:00,287.25470036534574,289.34381547877894
2009-01-25 05:00:00,300.0120085964585,297.5222889058212
2009-01-25 06:00:00,303.5335024935071,299.0022365058699
2009-01-25 08:00:00,306.48319732242817,300.07318319782087
2009-01-25 09:00:00,306.44218816301674,300.24022445326045
2009-01-25 17:00:00,289.4451922165411,290.63985538335726
2009-01-25 18:00:00,288.6077939637453,289.85585304107434
2009-01-25 20:00:00,287.26320623506564,288.59829904706163
2009-01-25 21:00:00,286.42135540179004,287.7138312623387
2009-01-26 05:00:00,298.97396145249,293.3471319495438
2009-01-26 06:00:00,302.66797683786353,294.92122846465264
2009-01-26 08:00:00,305.8314311258231,296.99185483958945
2009-01-26 09:00:00,305.65954923703237,297.50667958781236
2009-01-26 17:00:00,287.5090375997253,288.9978541534377
2009-01-26 18:00:00,286.6691754639424,288.34064821028744
2009-01-26 20:00:00,285.1681622474329,286.9706823410716
2009-01-26 21:00:00,284.4168243408203,286.2046672897456
2009-01-27 05:00:00,298.1605803220775,293.33286721533733
2009-01-27 06:00:00,302.5293551123197,295.0181660703592
2009-01-27 08:00:00,306.1644918150821,297.047901288754
2009-01-27 09:00:00,306.21443912171065,297.51060958415593
2009-01-27 17:00:00,287.0344359364091,288.4697309120778
2009-01-27 18:00:00,286.16072289418366,287.78716265144993
2009-01-27 20:00:00,284.6197312271283,286.5188497299406
2009-01-27 21:00:00,283.7566605202039,285.6921959452343
2009-01-28 05:00:00,297.29746313344907,293.04300592125657
2009-01-28 06:00:00,301.4799382190675,294.51937537053703
2009-01-28 08:00:00,307.40835474893015,296.616440124982
2009-01-28 09:00:00,307.64324739570793,297.3062821492576
2009-01-28 17:00:00,286.917495210292,288.30884757725227
2009-01-28 18:00:00,285.85501317287265,287.43984312930354
2009-01-28 20:00:00,283.9677917057267,285.8594756515809
2009-01-28 21:00:00,283.2524304029938,285.2828592967546
2009-01-29 05:00:00,297.34993194909237,293.9093353083394
2009-01-29 06:00:00,301.57371770215144,295.9516788006564
2009-01-29 08:00:00,306.75444787823363,298.30149483937885
2009-01-29 09:00:00,307.58705174427,298.95807757032304
2009-01-29 17:00:00,286.73600982995174,290.8046616611569
2009-01-29 18:00:00,285.5743026615842,289.94392679505427
2009-01-29 20:00:00,283.7421243958554,287.9654409117618
2009-01-29 21:00:00,283.13183400957905,286.7569143004337
2009-01-30 05:00:00,297.8366880960568,293.96902124907456
2009-01-30 06:00:00,302.5451824029531,296.18782332645173
2009-01-30 08:00:00,308.66266242969203,298.49640012485406
2009-01-30 09:00:00,309.2346697367946,299.0801298732199
2009-01-30 17:00:00,288.67940343730436,290.03923801134107
2009-01-30 18:00:00,287.66479271181925,289.143992325558
2009-01-30 20:00:00,286.48748182111603,288.1597803994577
2009-01-30 21:00:00,285.91425465729276,287.42403316644754
2009-01-31 05:00:00,297.08701826427676,292.9255602209153
2009-01-31 06:00:00,300.9614341747596,294.66045112786196
2009-01-31 08:00:00,305.89558177883345,296.77814324941767
2009-01-31 09:00:00,306.4632654410481,297.36553943322514
2009-01-31 17:00:00,286.88013172590496,288.3168644368741
2009-01-31 18:00:00,285.8725868777612,287.52836973310804
2009-01-31 20:00:00,284.09717377602414,285.9819895504803
2009-01-31 21:00:00,283.24769249021176,285.2096990223842
2009-02-01 05:00:00,298.24235732162316,293.14243350741674
2009-02-01 06:00:00,303.4129478795503,294.95787511511105
2009-02-01 08:00:00,307.86137681675984,297.5759245603588
2009-02-01 09:00:00,307.86502173942483,298.30522334447073
2009-02-01 17:00:00,287.0664958748135,288.80403663858607
2009-02-01 18:00:00,285.70632548986123,287.6167753010942
2009-02-01 20:00:00,283.21520584647203,285.9178664761442
2009-02-01 21:00:00,282.36561408138425,285.3849013083154
2009-02-02 05:00:00,299.21293597816504,295.18053152968963
2009-02-02 06:00:00,303.509597237562,297.00550724729004
2009-02-02 08:00:00,308.9519840469713,299.0453760414535
2009-02-02 09:00:00,309.6813070241402,299.66558344154765
2009-02-02 17:00:00,287.08330696940607,288.86888355319786
2009-02-02 18:00:00,285.7647256483834,287.7591869665772
2009-02-02 20:00:00,284.2184197612463,286.664722319193
2009-02-02 21:00:00,283.8803489931926,286.30225425214724
2009-02-03 05:00:00,298.6673369797059,295.5990430364624
2009-02-03 06:00:00,303.2503355758032,297.9915104235633
2009-02-03 08:00:00,308.56065547337704,300.3363892683079
2009-02-03 09:00:00,309.32474076986676,300.8391519320213
2009-02-03 17:00:00,286.95255588713707,290.3793255492976
2009-02-03 18:00:00,285.86236433549357,288.26229181274977
2009-02-03 20:00:00,284.5834338124985,286.9594340272971
2009-02-03 21:00:00,284.19212809182096,286.693972218753
2009-02-04 05:00:00,298.78825009291637,295.8260489817944
2009-02-04 06:00:00,303.16721077141665,298.34050128860355
2009-02-04 08:00:00,307.6098926467778,300.7998801585522
2009-02-04 09:00:00,308.0425927348791,301.28045306330654
2009-02-04 17:00:00,289.92703188292234,291.37382963442104
2009-02-04 18:00:00,287.873971172033,291.72737182711234
2009-02-04 20:00:00,285.8016239395494,290.0608019013251
2009-02-04 21:00:00,285.15404010884384,288.06534003917534
2009-02-05 05:00:00,300.1993166037443,295.51578370081074
2009-02-05 06:00:00,304.5617318410536,297.62188057686404
2009-02-05 08:00:00,309.3983058606164,299.4663720740743
2009-02-05 09:00:00,309.4857270368626,299.9353492631016
2009-02-05 17:00:00,289.9054006097497,291.1992067122497
2009-02-05 18:00:00,289.0367223096004,290.4832012958263
2009-02-05 20:00:00,287.8315102881386,289.554559786992
2009-02-05 21:00:00,287.34786665200824,289.0195000976186
2009-02-06 05:00:00,298.6682830246278,294.65311026316033
2009-02-06 06:00:00,303.44248945944486,296.82468984454
2009-02-06 08:00:00,308.66299236279974,298.7116124369147
2009-02-06 09:00:00,308.9791034998255,299.1540879541994
2009-02-06 17:00:00,289.64267602576683,290.88926934240783
2009-02-06 18:00:00,288.9202297780841,290.33716361070816
2009-02-06 20:00:00,287.7250399126661,289.26724158523626
2009-02-06 21:00:00,287.2257764019841,288.6770523141823
2009-02-07 05:00:00,297.87426908284385,293.9089168789574
2009-02-07 06:00:00,302.41119706869495,295.90993406886497
2009-02-07 08:00:00,308.23644859654877,297.5839533401748
2009-02-07 09:00:00,308.96839095998797,298.1215880736364
2009-02-07 17:00:00,288.65218072312274,289.5036472267656
2009-02-07 18:00:00,287.71277922878653,288.7054924634278
2009-02-07 20:00:00,286.26891770091004,287.5323593774452
2009-02-07 21:00:00,285.68537982770215,286.96013952881236
2009-02-08 05:00:00,298.27470919898553,293.5625783159112
2009-02-08 06:00:00,302.627043925375,295.5594511575802
2009-02-08 08:00:00,307.90175998964,298.04793220602306
2009-02-08 09:00:00,308.87043621139645,298.70910646882373
2009-02-08 17:00:00,288.88806182908354,289.8420851226948
2009-02-08 18:00:00,288.0028198195165,289.109863892542
2009-02-08 20:00:00,286.7744874175414,288.088250887596
2009-02-08 21:00:00,286.17286439963226,287.44186810462617
2009-02-09 05:00:00,298.2519018234935,295.08719596216235
2009-02-09 06:00:00,302.83491901697477,297.70637935409195
2009-02-09 08:00:00,308.0512171247156,300.58419548234514
2009-02-09 09:00:00,308.93999472972246,301.30086064742784
2009-02-09 17:00:00,291.28219813742146,292.4490851591842
2009-02-09 18:00:00,290.04151246433815,291.1612084716421
2009-02-09 20:00:00,288.0744835805085,289.21349458150763
2009-02-09 21:00:00,287.20202338126114,288.3327355289312
2009-02-10 05:00:00,298.6737878972834,294.47101441370137
2009-02-10 06:00:00,302.3934200386788,296.5464532085119
2009-02-10 08:00:00,304.9558573577364,297.66249359554064
2009-02-10 09:00:00,304.9933221049963,298.0191944986352
2009-02-10 17:00:00,287.5011235782288,287.98457397554984
2009-02-10 18:00:00,286.6037380412473,287.20041225063045
2009-02-10 20:00:00,285.31056121685106,286.1358049624874
2009-02-10 21:00:00,284.51508454732794,285.3910217285156
2009-02-11 05:00:00,295.75369608310416,290.8306602865963
2009-02-11 06:00:00,299.24092701587176,292.4050727926528
2009-02-11 08:00:00,303.30081635226827,294.5356513024846
2009-02-11 09:00:00,303.55344779980015,295.0071005564074
2009-02-11 17:00:00,286.34362492024997,287.4360581972566
2009-02-11 18:00:00,285.5258696663362,286.7310799949893
2009-02-11 20:00:00,284.2738541425285,285.59371854197263
2009-02-11 21:00:00,283.68378764712384,284.98640937981514
2009-02-12 05:00:00,297.63903404200573,292.05455957539095
2009-02-12 06:00:00,302.01982253064364,293.78329350217285
2009-02-12 08:00:00,307.41117654339007,296.06458140227755
2009-02-12 09:00:00,307.8616444686161,296.81496816203116
2009-02-12 17:00:00,287.4920207583482,288.63258390029887
2009-02-12 18:00:00,286.5881790842959,287.88403188649613
2009-02-12 20:00:00,285.33069868043685,286.7164609700396
2009-02-12 21:00:00,284.58339410202893,286.00475834404193
2009-02-13 05:00:00,298.8148042652383,294.82857204255043
2009-02-13 06:00:00,303.0927581551997,296.986164110651
2009-02-13 08:00:00,308.1406442086759,299.583955902899
2009-02-13 09:00:00,308.63882864788985,300.24560584492974
2009-02-13 17:00:00,290.14413614375934,291.63081752500847
2009-02-13 18:00:00,289.66986749352225,291.3125843582976
2009-02-13 20:00:00,288.94346444669236,290.54078039513166
2009-02-13 21:00:00,288.73511257083464,290.0641050412218
2009-02-14 05:00:00,300.8849074917692,294.81659060156403
2009-02-14 06:00:00,304.6092869739503,296.32555771461807
2009-02-14 08:00:00,308.8892651574086,298.5185829009775
2009-02-14 09:00:00,308.2553825202084,298.95491020778667
2009-02-14 17:00:00,289.7995773574053,290.9021096016483
2009-02-14 18:00:00,288.8782968153755,290.0118759931144
2009-02-14 20:00:00,287.5562272505327,288.65765608918315
2009-02-14 21:00:00,286.9532410279261,287.975318708846
2009-02-15 05:00:00,297.2832925852348,293.00742367125804
2009-02-15 06:00:00,301.9568048838658,295.0642152383625
2009-02-15 08:00:00,307.9745919061552,297.40752781190565
2009-02-15 09:00:00,308.4138360633321,298.09404135117734
2009-02-15 17:00:00,287.98065587588934,289.03298218996025
2009-02-15 18:00:00,287.16135525225866,288.2641739573428
2009-02-15 20:00:00,285.74626827386936,286.8916365472121
2009-02-15 21:00:00,285.0436555600865,286.18844997129753
2009-02-16 05:00:00,297.8953526148627,292.57922233969475
2009-02-16 06:00:00,302.40762604182964,294.4982265243178
2009-02-16 08:00:00,308.6073822820867,297.1510329988594
2009-02-16 09:00:00,309.533529319822,298.036267743456
2009-02-16 17:00:00,288.1889676650978,289.3565387461329
2009-02-16 18:00:00,287.33957649783474,288.6559765408697
2009-02-16 20:00:00,286.0512768197317,287.58697110074695
2009-02-16 21:00:00,285.45570378237403,286.9475536610937
2009-02-17 05:00:00,299.61664006449223,294.4928375385208
2009-02-17 06:00:00,304.1918359647731,296.4511377366923
2009-02-17 08:00:00,310.3267664975488,298.91399981905755
2009-02-17 09:00:00,311.13911101777677,299.5977385393093
2009-02-17 17:00:00,289.7872037490821,290.8483642907282
2009-02-17 18:00:00,288.72718093942603,289.9735553900156
2009-02-17 20:00:00,287.2737214451395,288.7281945321152
2009-02-17 21:00:00,286.5795966855183,287.9868612186567
2009-02-18 05:00:00,299.92923994020254,294.97600439039326
2009-02-18 06:00:00,304.4856217535692,296.99858203764506
2009-02-18 08:00:00,309.9077965687897,299.4516503520666
2009-02-18 09:00:00,310.40864866283164,300.07067920467335
2009-02-18 17:00:00,289.3724586475061,290.82929496588804
2009-02-18 18:00:00,288.60387445341087,290.202290586404
2009-02-18 20:00:00,287.3291473623784,288.96731873028824
2009-02-18 21:00:00,286.66062588684366,288.24709763255066
2009-02-19 05:00:00,300.89561547042774,295.9137385857675
2009-02-19 06:00:00,305.3399456946986,297.87002434164793
2009-02-19 08:00:00,310.9059925049957,300.18428679056274
2009-02-19 09:00:00,311.68300441747823,300.73763125850166
2009-02-19 17:00:00,289.2145311446697,290.94561668830954
2009-02-19 18:00:00,287.7148631467658,289.88746010614284
2009-02-19 20:00:00,285.78585225297786,289.27304693142696
2009-02-19 21:00:00,285.0952912787628,289.02313615654947
2009-02-20 05:00:00,302.570310360478,298.432447177787
2009-02-20 06:00:00,306.9995589528135,300.4676093291061
2009-02-20 08:00:00,312.12679999635105,302.57239272671603
2009-02-20 09:00:00,312.88364724275334,303.05468507834314
2009-02-20 17:00:00,292.07808312649723,293.5363360670939
2009-02-20 18:00:00,291.1275069085402,292.72517942831223
2009-02-20 20:00:00,289.52480148056804,291.36464889832007
2009-02-20 21:00:00,288.76192412060476,290.64787567561876
2009-02-21 05:00:00,301.8771745302644,298.16528600096154
2009-02-21 06:00:00,306.2163641743006,300.4156856213586
2009-02-21 08:00:00,311.28296544996357,302.74315940727627
2009-02-21 09:00:00,312.4884185085679,303.2182151900235
2009-02-21 17:00:00,290.5762083409196,293.06930139950134
2009-02-21 18:00:00,289.3735464651523,292.6672659522764
2009-02-21 20:00:00,287.5949705385464,289.7485751018319
2009-02-21 21:00:00,287.0192345617732,289.1268594092324
2009-02-22 05:00:00,302.6084015174713,298.594207269936
2009-02-22 06:00:00,306.95429379032646,300.8663330783462
2009-02-22 08:00:00,312.2825738233852,303.287351376103
2009-02-22 09:00:00,312.9428784527654,303.8697095967956
2009-02-22 17:00:00,295.27649480646306,296.3810247530004
2009-02-22 18:00:00,294.48110787930955,295.7409671495435
2009-02-22 20:00:00,293.1841078465819,294.98049635218547
2009-02-22 21:00:00,291.73112250329535,293.70652107979373
2009-02-23 05:00:00,302.18817963916086,299.02443218965925
2009-02-23 06:00:00,306.753187041437,301.0188937429654
2009-02-23 08:00:00,311.6392064733755,303.3542215732287
2009-02-23 09:00:00,311.9938425966331,303.8154777914791
2009-02-23 17:00:00,293.38047962159334,295.01483434080524
2009-02-23 18:00:00,292.6063013767425,294.4181022937933
2009-02-23 20:00:00,291.69668802458256,293.7115484628545
2009-02-23 21:00:00,291.3872236772017,293.31268145968255
2009-02-24 05:00:00,302.6458237799364,299.00137843997527
2009-02-24 06:00:00,306.9579139086425,301.09372467840404
2009-02-24 08:00:00,311.55343472755567,303.4558520206869
2009-02-24 09:00:00,311.97392221224504,304.00067989778444
2009-02-24 17:00:00,293.90299921961525,295.3384294318859
2009-02-24 18:00:00,293.13230183605793,294.7106785943218
2009-02-24 20:00:00,292.0212550229395,293.7491258759344
2009-02-24 21:00:00,291.51615607169083,293.1277978130041
2009-02-25 05:00:00,304.4552144901411,299.7860803354319
2009-02-25 06:00:00,308.12880068457184,301.27865861560605
2009-02-25 08:00:00,312.0553145915591,302.8723408562377
2009-02-25 09:00:00,312.4698802554185,303.5309711567977
2009-02-25 17:00:00,292.6454879925321,294.1896429781921
2009-02-25 18:00:00,291.49872792483484,293.22316218818463
2009-02-25 20:00:00,290.17952176933113,292.08218672977205
2009-02-25 21:00:00,289.6665108655745,291.64850859796326
2009-02-26 05:00:00,304.965300408644,300.6745171451422
2009-02-26 06:00:00,309.28725352235864,302.83257186725075
2009-02-26 08:00:00,313.14500349659033,304.76810465902315
2009-02-26 09:00:00,312.91342167788184,305.0791974648122
2009-02-26 17:00:00,293.95488316987075,295.20277440052
2009-02-26 18:00:00,292.8438972038187,294.20589434090306
2009-02-26 20:00:00,290.98693490285535,292.4470454188084
2009-02-26 21:00:00,290.1850290871548,291.62797837925984
2009-02-27 05:00:00,303.2241686569708,298.86381114612925
2009-02-27 06:00:00,307.8862338073448,301.01960037301984
2009-02-27 08:00:00,314.06400695236516,303.25931688964096
2009-02-27 09:00:00,315.4423777340741,303.838851834666
2009-02-27 17:00:00,294.00121837551313,295.09270525492946
2009-02-27 18:00:00,292.8911532268318,294.1342509641486
2009-02-27 20:00:00,291.1540611278845,292.56526035961275
2009-02-27 21:00:00,290.4367980016582,291.78990220362306
2009-02-28 05:00:00,303.61285743654605,298.33869480315275
2009-02-28 06:00:00,308.13487934882545,300.1247654754686
2009-02-28 08:00:00,314.2259388410806,302.1665406307932
2009-02-28 09:00:00,314.31133090402756,302.9962711422396
2009-02-28 17:00:00,292.31034811105127,293.8183784661198
2009-02-28 18:00:00,290.9376788734471,292.80240994352044
2009-02-28 20:00:00,288.9361538644565,291.19225251325656
2009-02-28 21:00:00,288.0816323584511,290.5472279035806
2009-03-01 05:00:00,305.8798151236653,300.4644010570274
2009-03-01 06:00:00,310.35586601927395,302.62603961962213
2009-03-01 08:00:00,315.2119772136671,306.03096708935476
2009-03-01 09:00:00,315.30192398988225,306.76913489766406
2009-03-01 17:00:00,295.5709525227363,297.40094429098406
2009-03-01 18:00:00,294.963065313448,296.95566903277427
2009-03-01 20:00:00,294.3390724640598,296.41021046689923
2009-03-01 21:00:00,293.61144617489197,295.5211147784452
2009-03-02 05:00:00,307.46057759007255,301.9885169265818
2009-03-02 06:00:00,312.5649455442267,304.57623370953814
2009-03-02 08:00:00,317.7827391308519,307.371897857619
2009-03-02 09:00:00,318.0278650645299,307.98899639112005
2009-03-02 17:00:00,295.12024252587366,297.01102507463406
2009-03-02 18:00:00,293.8683920038867,295.97183025342474
2009-03-02 20:00:00,291.70554578690025,293.9379996371747
2009-03-02 21:00:00,290.9654448616487,293.40421131762963
2009-03-03 05:00:00,306.64355087868057,302.94329074571607
2009-03-03 06:00:00,310.95931759968005,305.31832732919185
2009-03-03 08:00:00,315.4897985237956,308.0723141051588
2009-03-03 09:00:00,315.5811061300739,308.44041924851336
2009-03-03 17:00:00,295.5262824530227,297.50782789985647
2009-03-03 18:00:00,294.8786316623306,296.90878486339415
2009-03-03 20:00:00,294.3426376601397,296.4357746282969
2009-03-03 21:00:00,294.0338541509925,295.9900756271668
2009-03-04 05:00:00,305.37445987648516,300.8526814700275
2009-03-04 06:00:00,309.06106694343464,302.5325584940624
2009-03-04 08:00:00,312.8761773249034,304.87485564104026
2009-03-04 09:00:00,312.86841800730843,305.2549259556093
2009-03-04 17:00:00,294.0310996691876,295.86584804164613
2009-03-04 18:00:00,293.36414888496574,295.3210072803938
2009-03-04 20:00:00,292.59014937249464,294.63034476117105
2009-03-04 21:00:00,292.2040477923142,294.12853202173267
2009-03-05 05:00:00,306.46727958408815,300.3980592278009
2009-03-05 06:00:00,310.6685585527464,302.2808075186285
2009-03-05 08:00:00,313.1532811427888,303.8337664729091
2009-03-05 09:00:00,313.129501907043,304.1895468407676
2009-03-05 17:00:00,292.69802839987454,294.3979792661035
2009-03-05 18:00:00,290.93786186135975,293.43455808665976
2009-03-05 20:00:00,288.4780733552295,291.92374590622444
2009-03-05 21:00:00,287.6606034336179,291.28515949454993
2009-03-06 05:00:00,306.4479066822305,301.41481462428675
2009-03-06 06:00:00,310.1844332890445,303.01526805248767
2009-03-06 08:00:00,314.29320416795827,305.1535829094415
2009-03-06 09:00:00,314.34294974822296,305.7427582351379
2009-03-06 17:00:00,294.6095074857879,296.2435105475145
2009-03-06 18:00:00,293.95327272106573,295.6429183090046
2009-03-06 20:00:00,292.82550490839276,294.67487388105354
2009-03-06 21:00:00,292.14617092326534,293.9966031678469
2009-03-07 05:00:00,302.4802081985356,297.99350264774085
2009-03-07 06:00:00,306.8805321456839,300.1355188072922
2009-03-07 08:00:00,312.88898812457114,302.7402252056198
2009-03-07 09:00:00,313.51315883642354,303.3012729638898
2009-03-07 17:00:00,292.8456778974489,294.274800869276
2009-03-07 18:00:00,291.92615653627274,293.53582730756153
2009-03-07 20:00:00,290.31486130348526,292.14719819949113
2009-03-07 21:00:00,289.74283499930783,291.4713213763362
2009-03-08 05:00:00,304.33095034465583,298.9573998590831
2009-03-08 06:00:00,308.68794633721353,300.7302391863384
2009-03-08 08:00:00,315.19679128591014,302.5845789035039
2009-03-08 09:00:00,315.8769933762279,303.0705884042984
2009-03-08 17:00:00,293.26935221197425,294.53300417296145
2009-03-08 18:00:00,292.2845945196637,293.78131305712213
2009-03-08 20:00:00,291.20183707826493,293.0258185529195
2009-03-08 21:00:00,290.90162820918897,292.62291408356606
2009-03-09 05:00:00,304.12882137445536,300.11502329116604
2009-03-09 06:00:00,307.9083255244698,301.8615581823976
2009-03-09 08:00:00,312.9309821224359,303.86977324169845
2009-03-09 09:00:00,313.7912635979557,304.2294472105147
2009-03-09 17:00:00,294.3648336965975,295.5753904086967
2009-03-09 18:00:00,293.3585506021885,294.5986543958103
2009-03-09 20:00:00,292.0330017513046,293.3960339468323
2009-03-09 21:00:00,291.5689886060812,292.86477007520585
2009-03-10 05:00:00,305.2292947636914,300.9855707106862
2009-03-10 06:00:00,309.5951069977324,303.093668039848
2009-03-10 08:00:00,315.5117075116315,304.84166396600995
2009-03-10 09:00:00,316.68270827000975,305.1260636951229
2009-03-10 17:00:00,294.8862288229638,296.16634297187227
2009-03-10 18:00:00,294.0150987481116,295.32584941846386
2009-03-10 20:00:00,292.7525811334972,293.82517323545386
2009-03-10 21:00:00,292.06381935625126,293.0974589907701
2009-03-11 05:00:00,304.7722124002748,300.0168017606339
2009-03-11 06:00:00,309.0199888726045,301.89242873463684
2009-03-11 08:00:00,314.94121903006584,303.62697541364724
2009-03-11 09:00:00,315.6300324614868,304.22930757731245
2009-03-11 17:00:00,292.1118449488847,293.64176426022004
2009-03-11 18:00:00,291.07942952066435,292.84073929279725
2009-03-11 20:00:00,289.6357967335564,291.6177401550011
2009-03-11 21:00:00,289.15596715988835,291.0504720302869
2009-03-12 05:00:00,306.7917348805855,299.65003908507083
2009-03-12 06:00:00,311.53205168596224,301.61404835094106
2009-03-12 08:00:00,316.77859118539493,304.16927411706865
2009-03-12 09:00:00,316.75739618662874,304.77758189526105
2009-03-12 17:00:00,292.6732126009666,294.6490201318209
2009-03-12 18:00:00,291.1887298254827,293.4245780627422
2009-03-12 20:00:00,288.10595148259944,294.1775213162227
2009-03-12 21:00:00,287.15694174744493,294.8143413526068
2009-03-13 05:00:00,307.538420267208,302.287279690359
2009-03-13 06:00:00,311.32922116413323,303.79549465561496
2009-03-13 08:00:00,317.027669027884,305.8255255982762
2009-03-13 09:00:00,317.59375836999834,306.18591720040297
2009-03-13 17:00:00,294.0463965464446,295.47120824029156
2009-03-13 18:00:00,293.02139397431597,294.75267694176443
2009-03-13 20:00:00,291.67349191439354,293.69683974255764
2009-03-13 21:00:00,291.15238726928897,293.0370331515884
2009-03-14 05:00:00,305.78534142445716,301.31367821833015
2009-03-14 06:00:00,310.68682421668103,303.6342890053207
2009-03-14 08:00:00,317.4585582339342,306.80076820126664
2009-03-14 09:00:00,316.75533681437486,307.1453413294717
2009-03-14 17:00:00,294.1146738907589,296.3766728711239
2009-03-14 18:00:00,292.9228222910171,295.43470453811904
2009-03-14 20:00:00,290.4846121577893,293.31186846481813
2009-03-14 21:00:00,288.8980047287669,294.5853915221886
2009-03-15 05:00:00,309.15179074233043,302.6896078289014
2009-03-15 06:00:00,313.43930305281117,304.8433861872081
2009-03-15 08:00:00,317.77127096355423,306.5098515350389
2009-03-15 09:00:00,317.71702874276235,306.7528740129045
2009-03-15 17:00:00,294.7374691955848,296.44066233113296
2009-03-15 18:00:00,293.6786475982431,295.5263014030751
2009-03-15 20:00:00,291.98557473110674,293.8835135814038
2009-03-15 21:00:00,291.29311931592474,293.1552424026748
2009-03-16 05:00:00,307.71356389261723,302.2632071755149
2009-03-16 06:00:00,312.3257517292981,304.1118371431559
2009-03-16 08:00:00,318.5059298851824,305.9736991376833
2009-03-16 09:00:00,319.01301950886733,306.40759183298826
2009-03-16 17:00:00,294.96139465237985,296.33749427266406
2009-03-16 18:00:00,293.36853448194785,294.9503312309277
2009-03-16 20:00:00,291.5746626890679,293.66366325578264
2009-03-16 21:00:00,290.8658421168159,292.741157449449
2009-03-17 05:00:00,308.285620126592,302.8382580820328
2009-03-17 06:00:00,313.3345736134769,304.65919699176624
2009-03-17 08:00:00,318.72062911164414,306.0908070756769
2009-03-17 09:00:00,319.23130332817465,306.440540213798
2009-03-17 17:00:00,294.7984375329157,296.4230524659708
2009-03-17 18:00:00,293.2634549133583,295.04988382630427
2009-03-17 20:00:00,291.22961778449724,295.67269483663273
2009-03-17 21:00:00,290.4760488501315,293.4591021897797
2009-03-18 05:00:00,311.3158965970408,303.12658315226554
2009-03-18 06:00:00,315.1100525936838,304.6303786878777
2009-03-18 08:00:00,318.68214202551707,306.323273810106
2009-03-18 09:00:00,318.2895681560498,306.6869560441545
2009-03-18 17:00:00,295.59081629207947,297.082423746494
2009-03-18 18:00:00,294.52703373090515,296.28741128272014
2009-03-18 20:00:00,293.09624858556435,295.2531233965341
2009-03-18 21:00:00,292.54752304006615,294.6939111365743
2009-03-19 05:00:00,307.86241361503426,303.3603325654252
2009-03-19 06:00:00,311.9851408783571,305.31902135722623
2009-03-19 08:00:00,316.8928602362635,307.2603441658667
2009-03-19 09:00:00,317.0043225398601,307.61818592794504
2009-03-19 17:00:00,297.69905786264474,298.7854309082032
2009-03-19 18:00:00,296.6296492989515,297.84803463975527
2009-03-19 20:00:00,294.3347915625903,295.4771909081881
2009-03-19 21:00:00,293.1417573714293,294.15710865367544
2009-03-20 05:00:00,308.9921745923341,303.1028488464826
2009-03-20 06:00:00,313.32102312696367,304.8476410147222
2009-03-20 08:00:00,318.98645007775633,306.24660403776244
2009-03-20 09:00:00,319.11479788899237,306.8002265495218
2009-03-20 17:00:00,296.0139315565488,297.5488800142873
2009-03-20 18:00:00,295.5013363548714,296.6363508932763
2009-03-20 20:00:00,293.6022661206168,295.3115992141982
2009-03-20 21:00:00,293.1146533889653,294.7518470893472
2009-03-21 05:00:00,310.1489119331348,302.3936417025668
2009-03-21 06:00:00,314.8668041728862,304.2119826447615
2009-03-21 08:00:00,317.92901049409704,305.4142900416958
2009-03-21 09:00:00,317.27910130857873,305.7921358411228
2009-03-21 17:00:00,294.5521675192153,295.8448985001339
2009-03-21 18:00:00,293.58096210027145,295.1072316691395
2009-03-21 20:00:00,292.40546169192834,293.9921587927867
2009-03-21 21:00:00,291.7951192517861,293.32779544307203
2009-03-22 05:00:00,306.64686666761963,301.6234982671282
2009-03-22 06:00:00,310.2655627187485,303.3868661419086
2009-03-22 08:00:00,314.57690486114456,305.15577772989843
2009-03-22 09:00:00,315.273566529637,305.63231114650546
2009-03-22 17:00:00,292.5578460458247,294.73321697781745
2009-03-22 18:00:00,292.5874381513552,294.53982226543695
2009-03-22 20:00:00,291.26951284070594,293.27312769250625
2009-03-22 21:00:00,290.6044204782448,292.53066247784307
2009-03-23 05:00:00,306.5106146860931,301.5015932856062
2009-03-23 06:00:00,310.3123605313764,303.16662818661825
2009-03-23 08:00:00,313.3171629119544,304.208754670271
2009-03-23 09:00:00,315.18608836216623,304.8553027842188
2009-03-23 17:00:00,293.1407999235603,295.08463681166637
2009-03-23 18:00:00,291.9198804952331,294.43921368662126
2009-03-23 20:00:00,290.3215944498823,294.70229782786316
2009-03-23 21:00:00,289.68596998311705,295.9567355962674
2009-03-24 05:00:00,308.7201587459523,303.06236589193713
2009-03-24 06:00:00,313.254062740755,304.86230353544966
2009-03-24 08:00:00,317.37226597296626,307.0727920414671
2009-03-24 09:00:00,317.12603411799404,307.4371639774834
2009-03-24 17:00:00,296.5540257293748,297.95640013802034
2009-03-24 18:00:00,295.7987993942755,297.51658858430034
2009-03-24 20:00:00,293.84729269583164,295.136214198978
2009-03-24 21:00:00,292.89352080781583,294.17300936988397
2009-03-25 05:00:00,305.80073058329674,300.27951350748447
2009-03-25 06:00:00,309.1386310124802,301.65669690148303
2009-03-25 08:00:00,313.01061912971585,303.58545897591097
2009-03-25 09:00:00,312.9747550505886,303.9047855794522
2009-03-25 17:00:00,293.8079912041663,295.11699769383034
2009-03-25 18:00:00,292.8168380102502,294.2770070691689
2009-03-25 20:00:00,291.56545573794415,293.3783879684189
2009-03-25 21:00:00,290.9962776783619,292.62210522667834
2009-03-26 05:00:00,308.29814039797554,300.7998866711633
2009-03-26 06:00:00,313.2028472148031,302.62974680002736
2009-03-26 08:00:00,316.6474068146457,305.29370817822195
2009-03-26 09:00:00,316.0847726125379,305.72163059604924
2009-03-26 17:00:00,294.2182433799897,297.4824476668207
2009-03-26 18:00:00,292.7496496121212,297.1093967714001
2009-03-26 20:00:00,291.1827848460898,294.34676630287584
2009-03-26 21:00:00,290.8174609403214,293.9401618710652
2009-03-27 05:00:00,303.8326915629289,300.4958814906045
2009-03-27 06:00:00,306.5691793527001,301.40578892124455
2009-03-27 08:00:00,306.78993953945826,300.37233100503175
2009-03-27 09:00:00,303.7563277892596,300.13841177024904
2009-03-27 17:00:00,294.9111086194431,295.14078320707495
2009-03-27 18:00:00,294.04573475230825,294.4820348801341
2009-03-27 20:00:00,293.64967057003264,294.79817267889604
2009-03-27 21:00:00,293.7669282275466,294.65357011933173
2009-03-28 05:00:00,303.85862435692076,299.9256065380408
2009-03-28 06:00:00,308.4267116599531,302.3007972611485
2009-03-28 08:00:00,316.30448191779425,305.2608409111599
2009-03-28 09:00:00,316.7234778734863,305.8747191818543
2009-03-28 17:00:00,295.2827244363324,295.7303309506738
2009-03-28 18:00:00,293.9189933929678,294.7512810564556
2009-03-28 20:00:00,292.73066288223623,294.33711482490344
2009-03-28 21:00:00,292.3405308422212,293.8991593653322
2009-03-29 05:00:00,310.70964772087774,303.7280554866938
2009-03-29 06:00:00,313.5080806691033,305.11094477437496
2009-03-29 08:00:00,315.37491140968075,306.75332295986465
2009-03-29 09:00:00,313.7619200061393,306.6198388380336
2009-03-29 17:00:00,295.92455640889835,296.6353129194404
2009-03-29 18:00:00,294.7924545123508,295.56342472023516
2009-03-29 20:00:00,293.7906626038632,294.69235612725254
2009-03-29 21:00:00,293.2851184439402,294.1330230430756
2009-03-30 05:00:00,309.6472790546153,300.9603168505182
2009-03-30 06:00:00,311.85693439313195,302.333821982926
2009-03-30 08:00:00,314.8817364379695,304.43246497578906
2009-03-30 09:00:00,314.36472573302376,304.88030215882003
2009-03-30 17:00:00,295.5376385893036,296.765407097909
2009-03-30 18:00:00,294.5277256194175,295.920060873399
2009-03-30 20:00:00,293.11853939579527,294.743594694211
2009-03-30 21:00:00,292.475023525338,293.9542043536029
2009-03-31 05:00:00,310.13287346462255,302.23796624652414
2009-03-31 06:00:00,313.04094386872237,303.857886268839
2009-03-31 08:00:00,315.7899994460754,306.11181760532276
2009-03-31 09:00:00,315.4221881460887,306.4260667233695
2009-03-31 17:00:00,296.78709294064936,298.2343950785915
2009-03-31 18:00:00,296.02512659387344,297.5810704400249
2009-03-31 20:00:00,294.503146884254,296.23694035746104
2009-03-31 21:00:00,293.8772148050035,296.0728490326915
2009-04-01 05:00:00,312.6685534978316,304.9577290163202
2009-04-01 06:00:00,315.5233100691268,306.4216772470342
2009-04-01 08:00:00,316.25619175327574,307.6915517139876
2009-04-01 09:00:00,315.64664208833904,307.7822810850452
2009-04-01 17:00:00,298.5809994596179,300.22252498679615
2009-04-01 18:00:00,298.01731343555895,299.75761458245563
2009-04-01 20:00:00,296.5204793639102,298.25581978208663
2009-04-01 21:00:00,295.97176754897106,297.66076660156256
2009-04-02 05:00:00,312.17328818957503,306.2276750279501
2009-04-02 06:00:00,315.4783260304314,307.62649547888424
2009-04-02 08:00:00,316.9325563404336,308.84758588088494
2009-04-02 09:00:00,316.8111604711124,309.08996847708164
2009-04-02 17:00:00,298.237674095965,299.9325685897851
2009-04-02 18:00:00,297.45206885198235,299.2750238968154
2009-04-02 20:00:00,296.3662098794946,298.35834099956213
2009-04-02 21:00:00,295.82493572499607,297.8368668519477
2009-04-03 05:00:00,309.820985226859,304.40231760551086
2009-04-03 06:00:00,313.34894348990935,306.03719472076943
2009-04-03 08:00:00,316.5093317722503,308.1379504093588
2009-04-03 09:00:00,316.13914296954,308.3179242291326
2009-04-03 17:00:00,296.1008854470746,297.91652788770585
2009-04-03 18:00:00,295.0981738262441,297.15685308659204
2009-04-03 20:00:00,294.0742587661155,296.4898697628263
2009-04-03 21:00:00,293.470522535233,295.74120849233196
2009-04-04 05:00:00,309.6873922715385,304.26706085440185
2009-04-04 06:00:00,313.2546332407806,305.6530249644134
2009-04-04 08:00:00,318.80221089743685,307.5134861832958
2009-04-04 09:00:00,319.1224661946113,308.04726980059473
2009-04-04 17:00:00,297.33358814022023,298.86554761513355
2009-04-04 18:00:00,296.3211560359538,298.0873911288927
2009-04-04 20:00:00,294.1837851079109,296.1146065075703
2009-04-04 21:00:00,293.21152379957294,295.1447784235738
2009-04-05 05:00:00,313.11444616097333,304.0734623231579
2009-04-05 06:00:00,316.5707779518445,305.64013427358196
2009-04-05 08:00:00,318.85104191431833,307.97829908656047
2009-04-05 09:00:00,317.51296580921525,308.10589790050346
2009-04-05 17:00:00,298.1210181613916,299.6485853386219
2009-04-05 18:00:00,297.53437946243173,298.99786141840815
2009-04-05 20:00:00,296.8940485409118,298.91115717013554
2009-04-05 21:00:00,296.629763234378,298.46781472322203
2009-04-06 05:00:00,308.51879849896784,304.09245991523164
2009-04-06 06:00:00,311.8357563694747,305.6589563543146
2009-04-06 08:00:00,313.6334516057983,307.05736192606264
2009-04-06 09:00:00,313.98604300429895,307.27821702766124
2009-04-06 17:00:00,296.31683819834006,297.7560192513723
2009-04-06 18:00:00,295.12705798509126,296.7325961637571
2009-04-06 20:00:00,293.721016811847,295.4119255171719
2009-04-06 21:00:00,292.47548180625694,294.25424356563434
2009-04-07 05:00:00,311.47450738327893,303.65129867577224
2009-04-07 06:00:00,314.9385399958019,305.35363724859917
2009-04-07 08:00:00,317.1235494275674,307.4982520104924
2009-04-07 09:00:00,316.2008112362243,307.55084188546533
2009-04-07 17:00:00,297.0891070490809,298.6091183984225
2009-04-07 18:00:00,296.45646902592784,298.06276678194064
2009-04-07 20:00:00,294.8496878319786,296.58013133091623
2009-04-07 21:00:00,294.0726611544428,295.8093450749049
2009-04-08 05:00:00,307.0547313014238,301.1837283517987
2009-04-08 06:00:00,310.72032687476684,302.9095397855174
2009-04-08 08:00:00,312.5801911905109,303.980804513893
2009-04-08 09:00:00,312.8665379787263,304.1993471213225
2009-04-08 17:00:00,294.6231047596513,295.57559159430224
2009-04-08 18:00:00,293.94194150669,295.0702353596504
2009-04-08 20:00:00,293.1207294904947,294.29751511678126
2009-04-08 21:00:00,292.7899040374991,293.73214216188217
2009-04-09 05:00:00,308.72778870475315,300.2052233773865
2009-04-09 06:00:00,311.72000989634745,301.50812976055414
2009-04-09 08:00:00,315.1838506572236,303.3186079122253
2009-04-09 09:00:00,315.40493156068686,303.8848990277259
2009-04-09 17:00:00,294.48092183493685,295.67173146393344
2009-04-09 18:00:00,293.7161343990379,295.0259018532116
2009-04-09 20:00:00,292.34844215992604,293.6927960694112
2009-04-09 21:00:00,291.70830367783367,292.9818122993081
2009-04-10 05:00:00,308.98660308884917,300.31760581652816
2009-04-10 06:00:00,313.1659191584183,301.9937973610242
2009-04-10 08:00:00,316.5667330796252,304.1377810814715
2009-04-10 09:00:00,316.4766510903192,304.70302183271735
2009-04-10 17:00:00,294.49593464949834,295.89162888255066
2009-04-10 18:00:00,293.42909078495165,295.07354538833783
2009-04-10 20:00:00,291.80010894634324,293.93349763608677
2009-04-10 21:00:00,291.03901726439113,293.23636252193126
2009-04-11 05:00:00,312.3390827619791,303.3579716146084
2009-04-11 06:00:00,316.17842903783765,304.97665158405516
2009-04-11 08:00:00,320.1475203738925,307.2853034538187
2009-04-11 09:00:00,320.0891989074613,307.857615983725
2009-04-11 17:00:00,297.08789948873425,298.9137905690997
2009-04-11 18:00:00,295.99253257434066,298.1814381932992
2009-04-11 20:00:00,293.35661863729655,296.3089552822025
2009-04-11 21:00:00,292.1501574406088,295.6585431209147
2009-04-12 05:00:00,316.0262554856405,306.7033251981339
2009-04-12 06:00:00,319.77833053988564,307.8926048102474
2009-04-12 08:00:00,323.2090030429176,309.5432107040805
2009-04-12 09:00:00,322.73053824919947,309.85950094966563
2009-04-12 17:00:00,298.460475856975,300.2303624322124
2009-04-12 18:00:00,297.3904746691876,299.53613278898877
2009-04-12 20:00:00,294.8052876241769,297.4444627570812
2009-04-12 21:00:00,293.5146328495537,296.82030396542314
2009-04-13 05:00:00,317.512523774557,307.9323354053938
2009-04-13 06:00:00,321.50442295632854,309.10024904506787
2009-04-13 08:00:00,324.7145191069193,310.6682109862153
2009-04-13 09:00:00,324.10464660926664,310.9627649339579
2009-04-13 17:00:00,299.1657512882274,300.9711330513741
2009-04-13 18:00:00,297.90914451469814,299.86692302215994
2009-04-13 20:00:00,294.376846666145,298.187211423148
2009-04-13 21:00:00,293.259319029163,296.4714901399539
2009-04-14 05:00:00,315.3392827485119,308.10285246721213
2009-04-14 06:00:00,320.03531306991226,309.67980519722346
2009-04-14 08:00:00,324.32721041310555,311.7938981959926
2009-04-14 09:00:00,323.5321261460315,312.0837313236184
2009-04-14 17:00:00,300.1424060462987,301.65630633291
2009-04-14 18:00:00,299.19272165636437,300.8953929131131
2009-04-14 20:00:00,298.4006842097443,300.261821752704
2009-04-14 21:00:00,297.76084526073777,299.5092635426573
2009-04-15 05:00:00,313.07973662436655,307.00923380094986
2009-04-15 06:00:00,316.61822237035346,308.5663870178129
2009-04-15 08:00:00,319.6472656297023,309.9062438635687
2009-04-15 09:00:00,320.0013970373591,310.2158262843528
2009-04-15 17:00:00,299.39246679932023,300.98188022325513
2009-04-15 18:00:00,298.52258460657623,300.3244214638356
2009-04-15 20:00:00,297.6026833744372,299.71887145902053
2009-04-15 21:00:00,297.214400516269,299.1399785822088
2009-04-16 05:00:00,314.24744115515,306.9630134006494
2009-04-16 06:00:00,318.2901924497725,308.4980772279995
2009-04-16 08:00:00,322.0694845284813,309.7273742487692
2009-04-16 09:00:00,322.47814026819356,309.669981969707
2009-04-16 17:00:00,298.97630857870286,300.30675058702843
2009-04-16 18:00:00,297.9808987233966,299.6709379363685
2009-04-16 20:00:00,296.82630751129295,298.6615917987559
2009-04-16 21:00:00,296.4077710120814,298.1552710158432
2009-04-17 05:00:00,311.5848256538756,305.44695600559606
2009-04-17 06:00:00,315.98101390491837,307.017551886466
2009-04-17 08:00:00,320.4963856889581,309.23481489513614
2009-04-17 09:00:00,319.9525861460917,309.5176993253969
2009-04-17 17:00:00,297.37497315017396,299.16873587445224
2009-04-17 18:00:00,296.2008727416051,298.29058504031144
2009-04-17 20:00:00,294.3252822335218,296.91595564784916
2009-04-17 21:00:00,293.478029271671,296.1059474621789
2009-04-18 05:00:00,315.2583986585056,306.9090748979425
2009-04-18 06:00:00,317.850256074926,308.31195343440777
2009-04-18 08:00:00,320.8040059799406,310.23748720518796
2009-04-18 09:00:00,320.7082932153358,310.68616872355466
2009-04-18 17:00:00,298.75587724353574,300.7866041656635
2009-04-18 18:00:00,297.5331789319431,299.7907118363814
2009-04-18 20:00:00,295.97616431378805,298.316981569828
2009-04-18 21:00:00,295.4680390438791,297.8397357158925
2009-04-19 05:00:00,316.3938803180524,309.58756767472795
2009-04-19 06:00:00,319.69325684252067,311.220984483904
2009-04-19 08:00:00,322.1577690841604,312.9786712928619
2009-04-19 09:00:00,321.99327957317905,313.24833893151424
2009-04-19 17:00:00,301.57139027835046,303.46774776323554
2009-04-19 18:00:00,300.64559823669526,302.712834597736
2009-04-19 20:00:00,299.4285737494659,301.7115668486374
2009-04-19 21:00:00,298.8948668963369,301.13147586299385
2009-04-20 05:00:00,315.0542967668484,310.0803303769998
2009-04-20 06:00:00,318.43728642397554,311.7496489538066
2009-04-20 08:00:00,321.7391641907773,313.3995507332871
2009-04-20 09:00:00,321.83244601163,313.6038717966418
2009-04-20 17:00:00,302.36342415126336,304.2660418071071
2009-04-20 18:00:00,301.7387149616823,303.72370127720535
2009-04-20 20:00:00,301.5068476931156,303.64969391668524
2009-04-20 21:00:00,301.04478003174205,302.8474332459719
2009-04-21 05:00:00,311.4854681311844,306.74816332612824
2009-04-21 06:00:00,315.0668347186778,308.7016184003034
2009-04-21 08:00:00,319.0188536092937,310.7569965192093
2009-04-21 09:00:00,318.9867448615734,310.99646414593667
2009-04-21 17:00:00,299.24867279099755,300.8179534771042
2009-04-21 18:00:00,298.11067152684575,299.7165923507996
2009-04-21 20:00:00,296.6464854800279,298.59279048314266
2009-04-21 21:00:00,295.84149952845877,297.8782195104473
2009-04-22 05:00:00,314.0012612364876,307.06737274969305
2009-04-22 06:00:00,317.1302902856483,308.3557324519694
2009-04-22 08:00:00,319.33681975895155,309.5478754263997
2009-04-22 09:00:00,318.5986568174671,309.6395627390622
2009-04-22 17:00:00,296.9225333144742,298.7816292831821
2009-04-22 18:00:00,295.5402691904312,297.73677702493774
2009-04-22 20:00:00,293.2410996823539,295.8167325388669
2009-04-22 21:00:00,292.16893228727787,294.8502166936137
2009-04-23 05:00:00,314.1296962979028,306.50294405286223
2009-04-23 06:00:00,318.6596416596822,308.0399415379129
2009-04-23 08:00:00,322.8115058040766,309.8966156382039
2009-04-23 09:00:00,321.7687868373971,310.20272420404143
2009-04-23 17:00:00,298.4362633797715,300.5167612978049
2009-04-23 18:00:00,297.3838677781021,299.82846579529655
2009-04-23 20:00:00,296.2681567364004,299.0043878070379
2009-04-23 21:00:00,295.6302045872105,298.1138530196321
2009-04-24 05:00:00,315.1386442022809,306.97350507598077
2009-04-24 06:00:00,319.5871417452632,308.49733681230595
2009-04-24 08:00:00,322.72254153870284,310.6683400863859
2009-04-24 09:00:00,320.83537327747314,310.63303378770826
2009-04-24 17:00:00,298.60255911758026,300.34801519596704
2009-04-24 18:00:00,297.6082334121681,299.61537570101086
2009-04-24 20:00:00,296.0885370663024,298.2939584787895
2009-04-24 21:00:00,295.5247358372105,297.6782961288476
2009-04-25 05:00:00,314.1044888959276,307.65410864408284
2009-04-25 06:00:00,318.0594056633478,308.7839740582717
2009-04-25 08:00:00,322.8718688682709,310.0498356753028
2009-04-25 09:00:00,323.3899187931478,310.3623414590656
2009-04-25 17:00:00,299.12224264982484,300.7327794808269
2009-04-25 18:00:00,297.8736736138907,299.7529497896027
2009-04-25 20:00:00,295.60990141646704,298.0207351190835
2009-04-25 21:00:00,294.6817258767244,297.34998774124404
2009-04-26 05:00:00,316.3439366791759,308.317665793679
2009-04-26 06:00:00,320.73202500541703,309.52518083428384
2009-04-26 08:00:00,325.1101879008195,311.37903492696853
2009-04-26 09:00:00,324.500185574148,311.79296113236103
2009-04-26 17:00:00,299.488012093425,301.549481431582
2009-04-26 18:00:00,297.9933304044609,300.2986144314194
2009-04-26 20:00:00,294.7769278128084,299.2374650340969
2009-04-26 21:00:00,293.6880504214341,298.5294234594689
2009-04-27 05:00:00,318.19541764222606,311.05815002253314
2009-04-27 06:00:00,321.5100042404856,312.27542702038596
2009-04-27 08:00:00,324.7444777760557,313.7680218759781
2009-04-27 09:00:00,324.3609584344003,313.9990080141323
2009-04-27 17:00:00,301.1281449563331,303.0997906465927
2009-04-27 18:00:00,300.0639550630778,302.3183552605346
2009-04-27 20:00:00,298.8688810610073,301.63541984852
2009-04-27 21:00:00,298.35276493489835,301.0640073050336
2009-04-28 05:00:00,315.9122874490653,311.11175019862293
2009-04-28 06:00:00,319.3624353159007,312.96061389141346
2009-04-28 08:00:00,323.1455526249067,315.00508587900407
2009-04-28 09:00:00,323.5052116405799,315.34089260953607
2009-04-28 17:00:00,302.9921424995035,304.92458720861123
2009-04-28 18:00:00,301.972406819348,303.99107412564547
2009-04-28 20:00:00,300.65607117357536,302.9362215062687
2009-04-28 21:00:00,299.9075816291139,302.079900685738
2009-04-29 05:00:00,316.81590273347217,311.80029348599714
2009-04-29 06:00:00,320.1420180874723,313.40304539567336
2009-04-29 08:00:00,324.06305909707845,315.6321989744213
2009-04-29 09:00:00,324.5253954683136,315.9771124512095
2009-04-29 17:00:00,304.0413472038939,305.8577985249242
2009-04-29 18:00:00,302.846204219871,304.6677588417277
2009-04-29 20:00:00,301.15334864353366,302.9991819267097
2009-04-29 21:00:00,300.2702291808988,302.02166226097546
2009-04-30 05:00:00,318.0366160388353,311.5920001060827
2009-04-30 06:00:00,322.3715063485967,313.4455196339471
2009-04-30 08:00:00,325.820114018186,315.29147183693067
2009-04-30 09:00:00,325.50726052682467,315.48993768677326
2009-04-30 17:00:00,303.8817512030227,305.31944458289945
2009-04-30 18:00:00,302.8482019691879,304.4588884726879
2009-04-30 20:00:00,301.02470179294767,302.9309453273591
2009-04-30 21:00:00,300.29099451191433,302.1423895649256
2009-05-01 05:00:00,316.5342856996416,310.6445464147442
2009-05-01 06:00:00,320.035401707254,312.1531953973285
2009-05-01 08:00:00,322.80493072368694,313.99919175440436
2009-05-01 09:00:00,322.21157138630497,314.074970286506
2009-05-01 17:00:00,303.88031233918315,305.5436619316301
2009-05-01 18:00:00,303.44612478952746,305.12622803862916
2009-05-01 20:00:00,302.44757002491065,303.8943725021668
2009-05-01 21:00:00,301.6775013551873,303.0322536709496
2009-05-02 05:00:00,315.68464082268247,310.3869931495796
2009-05-02 06:00:00,319.4332452430196,312.05427842808797
2009-05-02 08:00:00,322.3603830675499,313.4064191162862
2009-05-02 09:00:00,322.6626163711901,313.65500204735804
2009-05-02 17:00:00,303.14371465791726,304.66130994611603
2009-05-02 18:00:00,302.260140323492,303.9838741872638
2009-05-02 20:00:00,300.28677713779166,302.1392052272803
2009-05-02 21:00:00,298.99039436892843,301.21912131287473
2009-05-03 05:00:00,315.4793551875557,310.0028093805298
2009-05-03 06:00:00,319.40240932282387,312.07639673641546
2009-05-03 08:00:00,324.28527173716776,313.74648993775725
2009-05-03 09:00:00,323.8945067042746,313.96860994359565
2009-05-03 17:00:00,302.6161080993747,304.40117872147056
2009-05-03 18:00:00,301.8367163565567,303.5934875676371
2009-05-03 20:00:00,300.3640585077929,302.0781973440585
2009-05-03 21:00:00,299.0660722729605,300.82823324570853
2009-05-04 05:00:00,316.6743861170506,309.0879193557245
2009-05-04 06:00:00,320.4746129957297,311.1004131064393
2009-05-04 08:00:00,324.4545262693808,312.5882325488357
2009-05-04 09:00:00,324.26755158081994,313.1235753839667
2009-05-04 17:00:00,302.7787805448512,303.9724716633237
2009-05-04 18:00:00,301.8026812396174,303.0981003771578
2009-05-04 20:00:00,299.8762701707555,301.6066868433783
2009-05-04 21:00:00,299.0766077967381,300.91221966618565
2009-05-05 05:00:00,315.36365018824034,308.8829355107618
2009-05-05 06:00:00,318.39177667415015,310.0461146232711
2009-05-05 08:00:00,321.1615389455081,311.14448987023303
2009-05-05 09:00:00,320.79070995548295,311.30938102357743
2009-05-05 17:00:00,301.194002618775,302.50552490422467
2009-05-05 18:00:00,300.4034678924984,301.7957058099826
2009-05-05 20:00:00,299.1943752717899,300.3821853614184
2009-05-05 21:00:00,298.4190663483183,299.5431400528307
2009-05-06 05:00:00,317.43284522293163,307.23535414873544
2009-05-06 06:00:00,321.0992667223162,308.8335689785668
2009-05-06 08:00:00,324.22253827064173,310.8636594751767
2009-05-06 09:00:00,323.519387666911,311.2378696153638
2009-05-06 17:00:00,301.3773170318369,302.7937616897842
2009-05-06 18:00:00,300.34602823830534,301.94986608472925
2009-05-06 20:00:00,298.6751100513711,300.45217455847785
2009-05-06 21:00:00,297.6344699947786,299.4546627285668
2009-05-07 05:00:00,316.883475469698,308.76691139350504
2009-05-07 06:00:00,320.4156632151553,310.34775591410914
2009-05-07 08:00:00,322.36923692700304,312.1635125723017
2009-05-07 09:00:00,321.295115678079,312.0607852083509
2009-05-07 17:00:00,301.1563960047459,302.645614271355
2009-05-07 18:00:00,300.3566139820728,302.0423074966219
2009-05-07 20:00:00,297.09268545847283,300.9200604031744
2009-05-07 21:00:00,295.8659735445984,300.23122468310623
2009-05-08 05:00:00,315.6036020757972,309.7369826776772
2009-05-08 06:00:00,318.5251863124007,311.2145819759516
2009-05-08 08:00:00,321.7020566261421,312.85268624280747
2009-05-08 09:00:00,321.2410085763329,312.84153822794536
2009-05-08 17:00:00,303.3206683189733,304.99983356399423
2009-05-08 18:00:00,302.67681414541,304.3190792183663
2009-05-08 20:00:00,301.46238278240565,303.19341300411844
2009-05-08 21:00:00,300.95865636981324,302.7533322703122
2009-05-09 05:00:00,314.02353737571025,309.38589914847967
2009-05-09 06:00:00,317.220997697216,311.2011747668815
2009-05-09 08:00:00,321.3866399638642,313.251956886797
2009-05-09 09:00:00,321.79316071920294,313.6445962350431
2009-05-09 17:00:00,304.321419314721,305.66227477651165
2009-05-09 18:00:00,303.5721377474134,304.9346352740319
2009-05-09 20:00:00,302.9653758326737,304.6369646774786
2009-05-09 21:00:00,302.61451399087537,303.9633834909401
2009-05-10 05:00:00,312.9901797584099,307.8431587630685
2009-05-10 06:00:00,316.44569989455687,309.8511145170003
2009-05-10 08:00:00,320.88415207591004,312.5913682887661
2009-05-10 09:00:00,321.0187231454717,312.9909033635732
2009-05-10 17:00:00,302.7275155277576,303.75376814502783
2009-05-10 18:00:00,301.9901696720917,303.5512613493416
2009-05-10 20:00:00,302.12871007228676,304.09314329267835
2009-05-10 21:00:00,302.06385671559764,303.54859124934546
2009-05-11 05:00:00,311.9859066156467,306.8835064104783
2009-05-11 06:00:00,315.16250655022907,308.7266219128812
2009-05-11 08:00:00,318.9520360538148,311.13165428972763
2009-05-11 09:00:00,319.2612422008544,311.65459746609116
2009-05-11 17:00:00,304.03350484463033,304.9429906013383
2009-05-11 18:00:00,303.18798614172795,304.18371041272934
2009-05-11 20:00:00,301.5908004455097,302.70786060868136
2009-05-11 21:00:00,300.624271034276,301.7883510031208
2009-05-12 05:00:00,316.40572377162283,308.4027098198702
2009-05-12 06:00:00,320.89237943158497,310.4254725945566
2009-05-12 08:00:00,323.70971298805557,312.0844447249073
2009-05-12 09:00:00,323.1515403006955,312.6175818773925
2009-05-12 17:00:00,303.8972295399623,305.3669844805184
2009-05-12 18:00:00,303.12450939113813,304.82310161384856
2009-05-12 20:00:00,302.34910750425837,304.09676827781925
2009-05-12 21:00:00,301.59287401854715,303.1224329262192
2009-05-13 05:00:00,315.55714461175245,309.15734512963905
2009-05-13 06:00:00,319.3124310180476,311.3604584210459
2009-05-13 08:00:00,323.69485753416467,313.82933288950403
2009-05-13 09:00:00,323.07924561581365,314.1051181270088
2009-05-13 17:00:00,306.0214694923906,307.7730862422056
2009-05-13 18:00:00,305.376390407192,306.92091383735647
2009-05-13 20:00:00,304.40452803742534,305.8992208236906
2009-05-13 21:00:00,303.7177097220634,305.34490860996334
2009-05-14 05:00:00,314.87484000607157,310.35147287518663
2009-05-14 06:00:00,318.25992183362024,312.45506782708077
2009-05-14 08:00:00,322.68433369546904,315.3156925195538
2009-05-14 09:00:00,323.34556737115093,315.895703755101
2009-05-14 17:00:00,305.44932887660707,307.3637787006301
2009-05-14 18:00:00,305.26525563855756,306.7230075077945
2009-05-14 20:00:00,303.7041212414005,305.5579348242338
2009-05-14 21:00:00,303.2461013676389,305.0562806445388
2009-05-15 05:00:00,315.81168942679244,309.9116517523955
2009-05-15 06:00:00,319.56666045343195,312.15779732114913
2009-05-15 08:00:00,323.8726078732907,315.059385349644
2009-05-15 09:00:00,324.58163943533174,315.8298499955235
2009-05-15 17:00:00,306.53253044516356,307.6165853538572
2009-05-15 18:00:00,305.5030487483749,306.5541434736208
2009-05-15 20:00:00,303.84089801711923,305.02041327383927
2009-05-15 21:00:00,303.36289423162293,304.6528497822296
2009-05-16 05:00:00,314.70092801650975,309.40117883902667
2009-05-16 06:00:00,318.52219761171034,311.6682743724947
2009-05-16 08:00:00,323.66488567522754,314.43036937272785
2009-05-16 09:00:00,324.55374350055524,315.27298314545664
2009-05-16 17:00:00,307.07682109062773,308.04613173944745
2009-05-16 18:00:00,305.81152341398877,306.98229505541883
2009-05-16 20:00:00,304.0429660697197,304.87149116034135
2009-05-16 21:00:00,303.2935608098246,304.1252722130351
2009-05-17 05:00:00,317.23863852666966,310.4240104781094
2009-05-17 06:00:00,320.9384282704311,312.4567699461762
2009-05-17 08:00:00,325.6902952973023,315.3122036174192
2009-05-17 09:00:00,326.00098197008316,315.9591006145272
2009-05-17 17:00:00,307.02010755729975,308.1304878975467
2009-05-17 18:00:00,306.07305445031875,307.14746879025125
2009-05-17 20:00:00,304.77503586403213,305.6582706727673
2009-05-17 21:00:00,304.0672968789499,304.9091363563009
2009-05-18 05:00:00,315.8331190206237,310.4177735362471
2009-05-18 06:00:00,319.1540086508164,312.32113238365514
2009-05-18 08:00:00,323.0700483748285,314.59236982019365
2009-05-18 09:00:00,322.4575581602029,314.8327154973622
2009-05-18 17:00:00,306.5641787959541,307.763727596618
2009-05-18 18:00:00,305.90625493735854,306.95452829134666
2009-05-18 20:00:00,304.3004441929893,305.1316760141052
2009-05-18 21:00:00,303.70127471312543,304.566956859524
2009-05-19 05:00:00,316.24270147902575,310.22485821787126
2009-05-19 06:00:00,319.98116414168584,312.1986491434012
2009-05-19 08:00:00,323.984336253491,314.32020171507844
2009-05-19 09:00:00,324.2261502540718,314.8048470001926
2009-05-19 17:00:00,304.9303308143087,306.52908179425685
2009-05-19 18:00:00,304.32595272681385,305.88744788030266
2009-05-19 20:00:00,303.2972208972337,304.58862716134047
2009-05-19 21:00:00,302.7510582405173,303.9980766167075
2009-05-20 05:00:00,316.4558780946423,310.5980247180157
2009-05-20 06:00:00,320.3540599805365,312.68027335285956
2009-05-20 08:00:00,324.91690282131015,314.8137030932128
2009-05-20 09:00:00,325.26489742143866,315.3347544383562
2009-05-20 17:00:00,305.2066365904727,306.5276977586085
2009-05-20 18:00:00,304.2663238478368,305.74535867135586
2009-05-20 20:00:00,303.25100383552825,304.5788699063388
2009-05-20 21:00:00,302.75939746263026,303.9406298856338
2009-05-21 05:00:00,317.089499851221,311.5781520379159
2009-05-21 06:00:00,320.63012253301355,313.4088933207037
2009-05-21 08:00:00,325.1931905878711,315.2173871714823
2009-05-21 09:00:00,325.6574032023802,315.66775783074473
2009-05-21 17:00:00,305.9353107046824,307.3320311324439
2009-05-21 18:00:00,305.0787714883249,306.63462869558936
2009-05-21 20:00:00,304.2912991234261,305.8270280129737
2009-05-21 21:00:00,303.94523688788036,305.28810526373206
2009-05-22 05:00:00,317.25363690533516,312.1130021481742
2009-05-22 06:00:00,320.81101209173215,313.4520956547859
2009-05-22 08:00:00,324.1813162170316,314.9438196778849
2009-05-22 09:00:00,323.83063559980354,315.1356681976553
2009-05-22 17:00:00,305.16477804081103,306.7687016797176
2009-05-22 18:00:00,304.3755029052358,306.0969664069648
2009-05-22 20:00:00,303.78819032736664,305.4144106778232
2009-05-22 21:00:00,303.4560694995757,304.9588880965082
2009-05-23 05:00:00,316.90735004348636,311.7036816519104
2009-05-23 06:00:00,320.38662435240667,313.42097795248395
2009-05-23 08:00:00,325.649299774405,315.05349458715034
2009-05-23 09:00:00,325.09820779997324,314.99944518196565
2009-05-23 17:00:00,306.1567557500948,307.1832011594611
2009-05-23 18:00:00,305.78462294474224,306.91925241620226
2009-05-23 20:00:00,303.8913852591728,304.6116112472464
2009-05-23 21:00:00,302.7022102720381,304.01741634421796
2009-05-24 05:00:00,316.6216674240418,310.2175300962569
2009-05-24 06:00:00,319.8117590200369,311.78275239118625
2009-05-24 08:00:00,324.11313129536734,313.65338068934176
2009-05-24 09:00:00,324.0082215484008,313.98863109712056
2009-05-24 17:00:00,304.9050775654327,305.6715127389494
2009-05-24 18:00:00,304.320246104283,305.27613513164783
2009-05-24 20:00:00,301.77002794827075,302.6645446683298
2009-05-24 21:00:00,301.17765589451017,302.3025002736707
2009-05-25 05:00:00,315.0054198560436,308.8567333250825
2009-05-25 06:00:00,318.42788056783576,310.84900788717164
2009-05-25 08:00:00,322.05428030898645,313.08962067543814
2009-05-25 09:00:00,322.3799924688824,313.62193114952237
2009-05-25 17:00:00,305.4077936298858,306.4942881344647
2009-05-25 18:00:00,304.76850966349224,305.9376015685189
2009-05-25 20:00:00,304.20355998128883,305.54531723986423
2009-05-25 21:00:00,303.80021977828727,304.9040614100193
2009-05-26 05:00:00,313.79351945356893,308.583819443713
2009-05-26 06:00:00,317.41248703590713,310.51610947243057
2009-05-26 08:00:00,322.80894305636224,313.42327368314534
2009-05-26 09:00:00,322.8638161305103,313.810646115907
2009-05-26 17:00:00,305.4867047749242,306.5973590915486
2009-05-26 18:00:00,304.9245902885825,305.97768779454873
2009-05-26 20:00:00,304.5682340601376,305.53685564179267
2009-05-26 21:00:00,304.2597154050101,305.2038991543104
2009-05-27 05:00:00,314.89207126987736,308.7304804115707
2009-05-27 06:00:00,318.76723883442224,310.8328982501625
2009-05-27 08:00:00,323.7154628242293,314.08894103627733
2009-05-27 09:00:00,323.8917370577255,314.5705349162473
2009-05-27 17:00:00,305.9111467311489,306.7862413403433
2009-05-27 18:00:00,305.19735609621773,306.0631947098601
2009-05-27 20:00:00,304.3144027169203,305.0743853740957
2009-05-27 21:00:00,303.8925060630763,304.6802680863438
2009-05-28 05:00:00,314.4458115729052,308.86800743067766
2009-05-28 06:00:00,317.9747370409856,310.85063571077654
2009-05-28 08:00:00,322.816839209323,313.7035436644944
2009-05-28 09:00:00,322.7466814132244,314.1798520551073
2009-05-28 17:00:00,305.9909574864275,306.7066724215891
2009-05-28 18:00:00,305.28482913824,306.03422670996247
2009-05-28 20:00:00,304.6254532260042,305.44597144927747
2009-05-28 21:00:00,304.3854894417644,305.16567468863605
2009-05-29 05:00:00,314.4145113999377,308.3138008058898
2009-05-29 06:00:00,318.0037780902786,310.2428814339895
2009-05-29 08:00:00,323.1204711961085,313.1871915796688
2009-05-29 09:00:00,323.355383944989,313.6269289554543
2009-05-29 17:00:00,304.4648207325047,302.82763761217683
2009-05-29 18:00:00,300.75278161376576,299.1106756177999
2009-05-29 20:00:00,300.27194514810947,300.8008286721534
2009-05-29 21:00:00,300.08303529712936,301.0234385344942
2009-05-30 05:00:00,311.7977155500274,306.23798127020086
2009-05-30 06:00:00,314.7453911403662,307.85898565401095
2009-05-30 08:00:00,318.29342912341855,309.29341746184787
2009-05-30 09:00:00,320.17019909592733,310.053472792239
2009-05-30 17:00:00,302.83862798423354,302.80147351469213
2009-05-30 18:00:00,302.018705888228,302.21119612354346
2009-05-30 20:00:00,300.9592586805346,302.15202065866055
2009-05-30 21:00:00,300.578162923616,301.89305305187065
2009-05-31 05:00:00,312.5518223508298,306.6912393907921
2009-05-31 06:00:00,315.30474867622365,308.04698049489457
2009-05-31 08:00:00,317.9409540114675,309.8261663733719
2009-05-31 09:00:00,318.2340471123694,310.42534927814876
2009-05-31 17:00:00,301.61967663404937,302.87742875720767
2009-05-31 18:00:00,301.63043774809057,302.2851690871323
2009-05-31 20:00:00,299.84484947921686,300.31850709606573
2009-05-31 21:00:00,299.04611250726026,299.83135579583825
2009-06-01 05:00:00,311.3137704293791,306.1808439939525
2009-06-01 06:00:00,313.40450880523827,307.3085651133204
2009-06-01 08:00:00,318.23730346491595,309.86369551789414
2009-06-01 09:00:00,318.58245501643154,310.48739504116156
2009-06-01 17:00:00,303.47898008937284,304.48273391606074
2009-06-01 18:00:00,302.8856621082465,303.9405813584526
2009-06-01 20:00:00,302.3538516710278,303.418716524709
2009-06-01 21:00:00,302.008005997433,303.0089436488453
2009-06-02 05:00:00,311.48165221133473,306.3944758810505
2009-06-02 06:00:00,314.61169306633104,307.97486094517404
2009-06-02 08:00:00,318.42781610003976,310.04877724669564
2009-06-02 09:00:00,318.5873613401628,310.4036459430524
2009-06-02 17:00:00,303.8000407637727,304.4593963152823
2009-06-02 18:00:00,303.153138805795,303.9526564681842
2009-06-02 20:00:00,302.0591786388991,302.9145531558844
2009-06-02 21:00:00,301.7798320846675,302.6577255413602
2009-06-03 05:00:00,311.0696808942845,305.95258833263614
2009-06-03 06:00:00,314.28592349200846,307.60112274593126
2009-06-03 08:00:00,318.85414078863823,310.4698041025406
2009-06-03 09:00:00,319.5713946984619,311.21725698979503
2009-06-03 17:00:00,305.08585760883625,305.80252872226055
2009-06-03 18:00:00,304.3718993388266,305.0861270475461
2009-06-03 20:00:00,303.3046169898176,304.1361890184494
2009-06-03 21:00:00,302.93503256681703,303.78979193594864
2009-06-04 05:00:00,311.71601507953943,306.7253993053466
2009-06-04 06:00:00,315.1797132918207,308.78152042618154
2009-06-04 08:00:00,319.8856537617594,311.7318520803114
2009-06-04 09:00:00,320.511669940684,312.4335432243641
2009-06-04 17:00:00,304.70142400944366,305.716509920423
2009-06-04 18:00:00,304.04360482284943,305.09088456869495
2009-06-04 20:00:00,302.94120334807457,303.9080705686784
2009-06-04 21:00:00,302.4600738384323,303.3311242102107
2009-06-05 05:00:00,311.12619815585424,305.95381089314844
2009-06-05 06:00:00,314.65908434945743,308.04089200294624
2009-06-05 08:00:00,319.82586192643885,311.4903636632605
2009-06-05 09:00:00,320.58287977033484,312.2737849019525
2009-06-05 17:00:00,303.7433476146822,304.9608735024286
2009-06-05 18:00:00,302.9625680744189,304.24886005795423
2009-06-05 20:00:00,302.2272093409934,303.6435965610028
2009-06-05 21:00:00,301.7820451498399,303.1161448709403
2009-06-06 05:00:00,312.93279448569467,307.47564619678565
2009-06-06 06:00:00,315.9701434166295,309.25446095047823
2009-06-06 08:00:00,320.4340996411622,311.8825260861813
2009-06-06 09:00:00,321.0375107352282,312.3785516536107
2009-06-06 17:00:00,302.92861682204136,304.3657641770843
2009-06-06 18:00:00,302.0697527446071,303.7162752313129
2009-06-06 20:00:00,301.142925268329,303.03665151728325
2009-06-06 21:00:00,300.6036067545322,302.3606036734324
2009-06-07 05:00:00,313.4764184937088,308.5730370284964
2009-06-07 06:00:00,317.25335300721815,310.53155360052875
2009-06-07 08:00:00,321.67414077735276,312.28171237187325
2009-06-07 09:00:00,322.07689599741036,312.6635281837593
2009-06-07 17:00:00,302.75569655972384,304.5126739643021
2009-06-07 18:00:00,302.0469211760581,303.9238739719009
2009-06-07 20:00:00,301.06256011821824,303.06327859793316
2009-06-07 21:00:00,300.56025298460975,302.55735771755224
2009-06-08 05:00:00,313.06140842055686,308.31107463160726
2009-06-08 06:00:00,316.7240602466836,310.40762070478024
2009-06-08 08:00:00,320.9744881510918,312.85622303732004
2009-06-08 09:00:00,321.2652559442035,313.11346501378324
2009-06-08 17:00:00,303.9613844014831,305.2984759502675
2009-06-08 18:00:00,303.25843714639115,304.6540689101021
2009-06-08 20:00:00,302.5915514177461,304.0917409652922
2009-06-08 21:00:00,302.13324658786206,303.5959921955879
2009-06-09 05:00:00,313.0324585243073,307.965319523275
2009-06-09 06:00:00,316.71500313263647,310.2225327925249
2009-06-09 08:00:00,321.7341240176067,313.0043231746633
2009-06-09 09:00:00,322.87276706783723,313.6513007682718
2009-06-09 17:00:00,304.969684054194,306.1879532495155
2009-06-09 18:00:00,303.87879273777565,305.27120825910055
2009-06-09 20:00:00,303.0231087189426,304.47287060189507
2009-06-09 21:00:00,302.712785177128,303.9754387101701
2009-06-10 05:00:00,313.91215489274373,308.2966013527798
2009-06-10 06:00:00,317.67173115828734,310.37469089784315
2009-06-10 08:00:00,322.7334333516784,313.70305669987334
2009-06-10 09:00:00,322.11807288594525,314.01372106049575
2009-06-10 17:00:00,305.25767122101166,306.48438661454827
2009-06-10 18:00:00,304.69663274967803,305.8835967406286
2009-06-10 20:00:00,303.7716087964356,304.7375470412714
2009-06-10 21:00:00,303.34604676515556,304.2524799176468
2009-06-11 05:00:00,313.65234259794966,307.8550610182281
2009-06-11 06:00:00,317.2430464593214,309.771446545429
2009-06-11 08:00:00,321.1506142403201,312.44251988297805
2009-06-11 09:00:00,322.0609243948398,313.2735629089073
2009-06-11 17:00:00,305.2441676629159,306.1191605860353
2009-06-11 18:00:00,304.5192822895726,305.4383959659994
2009-06-11 20:00:00,303.08234806384075,304.0773028592667
2009-06-11 21:00:00,302.4873262708103,303.49580571390635
2009-06-12 05:00:00,313.24703135438983,307.706175793852
2009-06-12 06:00:00,316.76276365964924,309.60377540059375
2009-06-12 08:00:00,321.2308274373435,312.4510704710598
2009-06-12 09:00:00,321.9376762872117,313.1251442178923
2009-06-12 17:00:00,303.9905305930021,304.82235865894194
2009-06-12 18:00:00,302.93681864451924,304.20882835446963
2009-06-12 20:00:00,302.62900382160956,303.9520298468497
2009-06-12 21:00:00,302.3176532621927,303.48521051862394
2009-06-13 05:00:00,313.2710973566229,307.74385980685435
2009-06-13 06:00:00,317.0752805877357,309.7264365033119
2009-06-13 08:00:00,322.81509721517926,312.6547865904351
2009-06-13 09:00:00,323.2231697352899,313.1101282293146
2009-06-13 17:00:00,305.07525721757185,306.0952377907117
2009-06-13 18:00:00,304.2801291960965,305.49365833911395
2009-06-13 20:00:00,303.423077905123,304.4448800109017
2009-06-13 21:00:00,303.04497049622614,303.9689389832766
2009-06-14 05:00:00,314.5327647110715,308.51470959021236
2009-06-14 06:00:00,317.97251955570164,310.30828013368676
2009-06-14 08:00:00,322.83515918420164,312.70712980908127
2009-06-14 09:00:00,323.1424885942315,313.332930225437
2009-06-14 17:00:00,304.2793585919819,304.88606643088985
2009-06-14 18:00:00,303.5279484353558,304.1104867520795
2009-06-14 20:00:00,302.59204670534297,303.3864538019354
2009-06-14 21:00:00,301.8453347980517,302.73174642083825
2009-06-15 05:00:00,313.2918518959833,307.3515718104476
2009-06-15 06:00:00,316.82457543888887,309.1376091438376
2009-06-15 08:00:00,320.09393155372754,310.78334228797763
2009-06-15 09:00:00,320.26348679458783,311.31894266513535
2009-06-15 17:00:00,302.90625331508363,303.71277024749617
2009-06-15 18:00:00,302.1996800638678,303.1335911214444
2009-06-15 20:00:00,298.59273325680584,298.9911548632135
2009-06-15 21:00:00,298.5120885816671,298.48013616012315
2009-06-16 05:00:00,311.2952001304215,305.88621163625385
2009-06-16 06:00:00,314.31976908491276,307.52235878120035
2009-06-16 08:00:00,316.8931860549057,309.20746780654133
2009-06-16 09:00:00,316.0473520663927,309.15310415024015
2009-06-16 17:00:00,303.31309530437454,303.7988705392611
2009-06-16 18:00:00,302.05322907481616,302.67456576636835
2009-06-16 20:00:00,300.26823016197545,300.6836752399274
2009-06-16 21:00:00,298.45327441387445,297.54264363669466
2009-06-17 05:00:00,314.2135191507443,307.29273044016037
2009-06-17 06:00:00,316.34410574843963,308.5196126458825
2009-06-17 08:00:00,317.7559077846251,309.7977956763034
2009-06-17 09:00:00,317.77373581050176,310.19711362489016
2009-06-17 17:00:00,302.42166189420027,303.2184907181421
2009-06-17 18:00:00,301.4233157917605,302.3262009348818
2009-06-17 20:00:00,299.60467519892387,301.07113612194087
2009-06-17 21:00:00,298.8355910384967,300.29032375999884
2009-06-18 05:00:00,317.04350332486433,309.16676591541074
2009-06-18 06:00:00,319.0131938681581,310.26910774219203
2009-06-18 08:00:00,321.6245879656729,311.37717382492747
2009-06-18 09:00:00,319.8913781822921,311.2967029683212
2009-06-18 17:00:00,302.1412093011183,303.81492621799464
2009-06-18 18:00:00,300.78184753794153,302.27986855058714
2009-06-18 20:00:00,299.35132435473895,301.70512566470956
2009-06-18 21:00:00,299.21987896230075,301.6034796763275
2009-06-19 05:00:00,315.74711512490677,310.196435278847
2009-06-19 06:00:00,317.1363377504981,310.798562330531
2009-06-19 08:00:00,320.6111580212421,312.0551584064502
2009-06-19 09:00:00,321.270698159428,312.555579962826
2009-06-19 17:00:00,304.0327053452126,304.95220752122407
2009-06-19 18:00:00,303.21978437661755,304.33377378490195
2009-06-19 20:00:00,301.8821613799626,303.3573866551757
2009-06-19 21:00:00,301.49431811128454,302.95586981868894
2009-06-20 05:00:00,314.5702915279818,309.3833994343762
2009-06-20 06:00:00,317.4516593098457,310.676071449127
2009-06-20 08:00:00,320.48406143070923,312.3145499677614
2009-06-20 09:00:00,320.8823695484038,312.6851286101966
2009-06-20 17:00:00,303.1850003564303,304.82609713279595
2009-06-20 18:00:00,302.2172073105635,304.1018684281407
2009-06-20 20:00:00,301.830019041276,303.8765880190904
2009-06-20 21:00:00,301.7729372750445,303.6399176410975
2009-06-21 05:00:00,313.6826552051609,308.7819526801675
2009-06-21 06:00:00,316.89056998371893,310.5656448857994
2009-06-21 08:00:00,320.33718966115237,312.56798912013073
2009-06-21 09:00:00,319.946616879597,312.643454129964
2009-06-21 17:00:00,304.645430836729,306.089623496786
2009-06-21 18:00:00,304.46680794878995,305.8470326381031
2009-06-21 20:00:00,303.3531891480432,304.4976301619379
2009-06-21 21:00:00,302.9848341743458,304.20931056982204
2009-06-22 05:00:00,312.98984766226886,308.0300546419823
2009-06-22 06:00:00,316.2348744255736,309.7646733358939
2009-06-22 08:00:00,320.16244422195507,312.01828228637504
2009-06-22 09:00:00,320.1658027778237,312.32552002611436
2009-06-22 17:00:00,304.83847062356296,305.7415223202463
2009-06-22 18:00:00,304.01635267260633,304.89532590610406
2009-06-22 20:00:00,303.4340826190308,304.26352793924246
2009-06-22 21:00:00,302.80796082765556,303.4715447800553
2009-06-23 05:00:00,311.73677756569606,307.1158316308067
2009-06-23 06:00:00,314.6338963677593,308.5071185895217
2009-06-23 08:00:00,317.58767716653176,310.19227233322454
2009-06-23 09:00:00,318.3882224107927,310.5169713941671
2009-06-23 17:00:00,304.2444758481348,304.4444438305401
2009-06-23 18:00:00,303.79658773977695,304.0291653061501
2009-06-23 20:00:00,302.6413445377203,302.8710916339892
2009-06-23 21:00:00,302.3126224464922,302.51331652625134
2009-06-24 05:00:00,313.2319671912995,307.95160029665533
2009-06-24 06:00:00,317.2766811329705,309.72197240232873
2009-06-24 08:00:00,323.0077366762793,311.97429265520424
2009-06-24 09:00:00,323.62213600288004,312.4902484347163
2009-06-24 17:00:00,301.2172978993373,302.43198299554905
2009-06-24 18:00:00,301.54407147376673,302.46581767924215
2009-06-24 20:00:00,301.5275286658336,302.2410084117543
2009-06-24 21:00:00,301.2893645487875,301.95791837577644
2009-06-25 05:00:00,313.6912579411534,307.8047484176001
2009-06-25 06:00:00,316.8977752121277,309.03042376831246
2009-06-25 08:00:00,321.89742501233866,311.3356270106805
2009-06-25 09:00:00,321.1254763140333,311.02957237960743
2009-06-25 17:00:00,302.92396282084366,302.8971769453381
2009-06-25 18:00:00,302.2188468427614,302.21527014968945
2009-06-25 20:00:00,301.53252661283284,301.6119890492208
2009-06-25 21:00:00,300.4110921615812,300.7748018097253
2009-06-26 05:00:00,312.10481664249085,307.05571120251864
2009-06-26 06:00:00,315.0989179096898,308.51815365642915
2009-06-26 08:00:00,317.5847351121241,309.45010843850065
2009-06-26 09:00:00,319.48957864676123,309.93720401711016
2009-06-26 17:00:00,303.030514733266,303.16323951286233
2009-06-26 18:00:00,302.66296732333853,302.8616986855153
2009-06-26 20:00:00,301.57672410679896,301.8001542995083
2009-06-26 21:00:00,301.57874764793644,302.1558457008679
2009-06-27 05:00:00,312.52948872664683,307.42564382685356
2009-06-27 06:00:00,315.5152824178499,308.99686263779466
2009-06-27 08:00:00,320.961542208867,311.7772059506738
2009-06-27 09:00:00,321.20980755022754,311.88938090319994
2009-06-27 17:00:00,304.77126708420104,305.27137549448827
2009-06-27 18:00:00,304.3802142503265,304.9734073397927
2009-06-27 20:00:00,301.1809074977881,301.55648455744716
2009-06-27 21:00:00,300.0273641342375,301.70342965853416
2009-06-28 05:00:00,312.1959186665634,307.66856480673397
2009-06-28 06:00:00,314.97425548394773,309.1566157407129
2009-06-28 08:00:00,314.4754704738435,308.44498658731277
2009-06-28 09:00:00,317.1438480841544,309.8195838164107
2009-06-28 17:00:00,305.0592149402401,305.80254019574136
2009-06-28 18:00:00,304.50702588473706,305.366517406399
2009-06-28 20:00:00,303.6684830346717,304.2997350472332
2009-06-28 21:00:00,303.3177168130507,303.73096344981616
2009-06-29 05:00:00,308.2301569205403,305.11477282601993
2009-06-29 06:00:00,309.5804590774795,305.768341558189
2009-06-29 08:00:00,313.48831101521876,308.313139481978
2009-06-29 09:00:00,315.9667434574827,309.35342828077603
2009-06-29 17:00:00,301.889023697064,302.26822569484153
2009-06-29 18:00:00,301.81955035992877,302.3481920239371
2009-06-29 20:00:00,302.1861371714823,303.17961106498734
2009-06-29 21:00:00,302.0841869947907,302.8587766156542
2009-06-30 05:00:00,309.979151345181,305.92822493683946
2009-06-30 06:00:00,312.2323876896698,307.22751809048174
2009-06-30 08:00:00,314.6766855389752,308.9898147935677
2009-06-30 09:00:00,315.06945173031374,309.2805092551492
2009-06-30 17:00:00,304.1777052680958,304.75759824214987
2009-06-30 18:00:00,303.65480441194836,304.37653605926937
2009-06-30 20:00:00,303.0041822718545,303.774739034738
2009-06-30 21:00:00,302.74320675889595,303.50647889594273
2009-07-01 05:00:00,309.179542600282,305.34819776067746
2009-07-01 06:00:00,311.2259001180828,306.39007474314445
2009-07-01 08:00:00,315.8311111144549,308.3288368260365
2009-07-01 09:00:00,316.91193198276045,308.86469190036206
2009-07-01 17:00:00,303.9930623999362,304.74566401171575
2009-07-01 18:00:00,303.4916849944551,304.38854646609275
2009-07-01 20:00:00,302.45244171659823,303.1000157431205
2009-07-01 21:00:00,302.2779574401573,302.96898024548733
2009-07-02 05:00:00,311.2707411144474,306.1375882893755
2009-07-02 06:00:00,314.70681254852724,307.5675525635894
2009-07-02 08:00:00,314.79091231665,308.1955708884311
2009-07-02 09:00:00,317.47621911846807,309.2274704567273
2009-07-02 17:00:00,300.9686713784428,300.522940472572
2009-07-02 18:00:00,299.6598627828119,300.2811136113477
2009-07-02 20:00:00,299.84506305524127,300.37562814956453
2009-07-02 21:00:00,299.75604866392257,300.2414698431782
2009-07-03 05:00:00,311.6779507018385,306.46241365265223
2009-07-03 06:00:00,314.3234354027982,307.85222333017595
2009-07-03 08:00:00,316.27245945629244,307.1117739919889
2009-07-03 09:00:00,316.5292196170942,307.1814836875316
2009-07-03 17:00:00,301.1469441606378,301.2706909885025
2009-07-03 18:00:00,300.748897558368,300.9886262302957
2009-07-03 20:00:00,300.5164565452259,301.2763980577466
2009-07-03 21:00:00,300.21040170255174,300.8910076452882
2009-07-04 05:00:00,311.2764988033724,305.9269802522586
2009-07-04 06:00:00,314.0656915085709,307.1545396989961
2009-07-04 08:00:00,316.7113356156783,309.89245478508104
2009-07-04 09:00:00,316.15858405396824,310.22886678874954
2009-07-04 17:00:00,302.4043550182748,303.5743939792063
2009-07-04 18:00:00,301.5060496749055,302.8455258268054
2009-07-04 20:00:00,301.305209543378,302.38758960600444
2009-07-04 21:00:00,300.92006715089775,301.84527665477685
2009-07-05 05:00:00,316.0882663109637,308.73463712671685
2009-07-05 06:00:00,318.6776900798404,310.14515634310453
2009-07-05 08:00:00,319.9022799405185,311.53920328525254
2009-07-05 09:00:00,320.10966265991397,312.12617490324664
2009-07-05 17:00:00,303.88976850935785,304.8919269814513
2009-07-05 18:00:00,302.49931629339613,303.67548009463934
2009-07-05 20:00:00,301.18358681418687,302.50776608882956
2009-07-05 21:00:00,300.906489250289,302.24207939535887
2009-07-06 05:00:00,316.91479240617326,309.98515366846686
2009-07-06 06:00:00,320.5331745353428,311.310282091514
2009-07-06 08:00:00,323.0184935112764,312.82103822117415
2009-07-06 09:00:00,322.9369461694374,313.38168334960943
2009-07-06 17:00:00,304.22944822149765,305.642136513544
2009-07-06 18:00:00,303.33205800578116,304.7529369524704
2009-07-06 20:00:00,301.2612479846172,304.69169101803254
2009-07-06 21:00:00,300.48977924458603,303.50189531088245
2009-07-07 05:00:00,316.5069236343924,310.63332172975703
2009-07-07 06:00:00,320.1151538020106,312.3550845999931
2009-07-07 08:00:00,323.67732866519407,314.43509971489345
2009-07-07 09:00:00,323.1462905484098,314.7376102629722
2009-07-07 17:00:00,305.87357244506273,307.1485630029523
2009-07-07 18:00:00,305.05234897889784,306.32770196241665
2009-07-07 20:00:00,302.4424386751854,303.64979336919333
2009-07-07 21:00:00,301.5754347273675,302.96611636592354
2009-07-08 05:00:00,314.25791651368695,308.29402442779303
2009-07-08 06:00:00,318.4620092594753,309.9690683185595
2009-07-08 08:00:00,325.0914947556788,312.615776449947
2009-07-08 09:00:00,325.67291896919994,313.1930583136842
2009-07-08 17:00:00,305.6364715294037,306.66209674946884
2009-07-08 18:00:00,305.07583465341065,306.0221306047013
2009-07-08 20:00:00,304.0792508823295,304.78209377106606
2009-07-08 21:00:00,303.6112742137468,304.2884947978109
2009-07-09 05:00:00,314.16628689758585,306.71063509854406
2009-07-09 06:00:00,318.50332578121237,308.50325538858607
2009-07-09 08:00:00,321.52324515461737,310.6897753934464
2009-07-09 09:00:00,320.97041960306274,310.8475073768839
2009-07-09 17:00:00,302.50615754443436,301.6509837193188
2009-07-09 18:00:00,301.85025913138605,301.1582025842417
2009-07-09 20:00:00,301.54667075793435,301.0112567543065
2009-07-09 21:00:00,301.0595135798991,300.59688016776863
2009-07-10 05:00:00,305.9176675946393,303.2362871919465
2009-07-10 06:00:00,308.50249896174404,304.60564774100334
2009-07-10 08:00:00,315.9045318932673,307.47840476954474
2009-07-10 09:00:00,312.1217877545232,305.014317563943
2009-07-10 17:00:00,300.97717628420224,300.98137590734547
2009-07-10 18:00:00,300.8172131319443,300.6963131850232
2009-07-10 20:00:00,299.6579477695177,299.3552469215334
2009-07-10 21:00:00,299.1066937086579,298.9182315820538
2009-07-11 05:00:00,303.5342379718422,301.6156493952535
2009-07-11 06:00:00,305.9098328295034,302.8472529853621
2009-07-11 08:00:00,306.98970245690487,303.2326435859104
2009-07-11 09:00:00,306.00199843114257,303.5202526686188
2009-07-11 17:00:00,300.1849685927569,300.3455332563545
2009-07-11 18:00:00,299.99335050656356,300.137584880247
2009-07-11 20:00:00,299.9317856657854,300.9465253503738
2009-07-11 21:00:00,300.0714498322991,300.9619009197218
2009-07-12 05:00:00,303.6485214821179,302.55174427003084
2009-07-12 06:00:00,306.024044442434,303.4019373818796
2009-07-12 08:00:00,312.1677607696486,306.8772179555085
2009-07-12 09:00:00,309.3732198471281,303.9265440483857
2009-07-12 17:00:00,300.60846158866707,300.35787740510494
2009-07-12 18:00:00,298.9375042790441,298.80087505981254
2009-07-12 20:00:00,298.9427881931488,300.9771542541786
2009-07-12 21:00:00,299.70410600612274,300.7741517006708
2009-07-13 05:00:00,301.3054856592775,301.1984414922071
2009-07-13 06:00:00,302.4058904192297,302.02552035997394
2009-07-13 08:00:00,307.4004962139394,304.76371205569416
2009-07-13 09:00:00,308.30811292181033,305.55314633879345
2009-07-13 17:00:00,301.67254789143755,302.57322398980705
2009-07-13 18:00:00,301.37993963914585,302.23616737871214
2009-07-13 20:00:00,300.52179013856204,300.920504412776
2009-07-13 21:00:00,300.2370331327794,300.81323016479683
2009-07-14 05:00:00,300.4091698127829,300.66690474923115
2009-07-14 06:00:00,301.20262971240317,300.79390186374474
2009-07-14 08:00:00,306.49143302459015,302.9035468432128
2009-07-14 09:00:00,306.6404150917277,302.7071393781524
2009-07-14 17:00:00,299.76479046884776,299.9937039273913
2009-07-14 18:00:00,299.61240155377266,299.83437823514544
2009-07-14 20:00:00,298.9272613760503,298.9970729927804
2009-07-14 21:00:00,298.3622580647285,298.42102133070557
2009-07-15 05:00:00,305.38054009248003,302.54684636332036
2009-07-15 06:00:00,308.951294297981,304.06231992748
2009-07-15 08:00:00,312.360315872451,306.00632275785614
2009-07-15 09:00:00,310.73692650934584,305.09180334058857
2009-07-15 17:00:00,299.7635708707507,300.0882602920885
2009-07-15 18:00:00,298.92846583291447,298.8618144077954
2009-07-15 20:00:00,299.14110940189687,300.37356478040135
2009-07-15 21:00:00,299.17310943368403,300.2225903715301
2009-07-16 05:00:00,306.1027871295006,303.47519358207336
2009-07-16 06:00:00,308.49131351700186,304.48121847614124
2009-07-16 08:00:00,309.2681160619704,305.8555222145398
2009-07-16 09:00:00,309.884796025022,306.45668864433867
2009-07-16 17:00:00,298.8268005418116,299.3472379381741
2009-07-16 18:00:00,298.8537067007761,299.1092649909491
2009-07-16 20:00:00,298.8797748724375,299.90120801646464
2009-07-16 21:00:00,298.79969575996574,299.74885763629743
2009-07-17 05:00:00,303.68088349282107,301.87936575350295
2009-07-17 06:00:00,304.71866865114004,302.7916686964696
2009-07-17 08:00:00,305.44879197413087,301.9899434235137
2009-07-17 09:00:00,304.1722623710456,301.2184870033676
2009-07-17 17:00:00,298.250128112699,298.6155243860371
2009-07-17 18:00:00,298.2468941428445,298.49986093106736
2009-07-17 20:00:00,298.0872159937314,297.94326772822075
2009-07-17 21:00:00,298.0954372129749,297.9132805634721
2009-07-18 05:00:00,298.7579488181186,299.16709493158044
2009-07-18 06:00:00,301.2126293917099,300.5747963739286
2009-07-18 08:00:00,306.50086594215713,303.7008293868948
2009-07-18 09:00:00,306.6374841816437,304.2211556926898
2009-07-18 17:00:00,299.9935807050285,300.34870454526646
2009-07-18 18:00:00,299.8124354616703,300.10646322805815
2009-07-18 20:00:00,299.0563452534022,299.2948776503741
2009-07-18 21:00:00,299.04609426254484,299.14703853471985
2009-07-19 05:00:00,299.8428257499895,299.2517813049222
2009-07-19 06:00:00,302.34670745426405,300.62019066009753
2009-07-19 08:00:00,306.0185314819148,303.5320552361581
2009-07-19 09:00:00,306.51107811597166,303.8786374696047
2009-07-19 17:00:00,299.70604133312065,300.10549054491133
2009-07-19 18:00:00,299.322410524718,299.7116186438797
2009-07-19 20:00:00,299.29996019078334,299.8672809571441
2009-07-19 21:00:00,299.02699947504124,299.4604936314658
2009-07-20 05:00:00,301.81674448257235,301.14272276609444
2009-07-20 06:00:00,302.942515815535,301.96109429640103
2009-07-20 08:00:00,304.5518155325727,303.32748072173086
2009-07-20 09:00:00,304.4439406666807,303.4456512263082
2009-07-20 17:00:00,299.9293990877266,300.5677519858526
2009-07-20 18:00:00,299.7262068691166,300.2947869205328
2009-07-20 20:00:00,299.1634285431614,300.07456276633525
2009-07-20 21:00:00,299.11559452003985,299.82139006674936
2009-07-21 05:00:00,300.5462794134907,300.80247182508094
2009-07-21 06:00:00,302.0474661193754,301.61344434741096
2009-07-21 08:00:00,307.6006650527931,304.8484269246482
2009-07-21 09:00:00,307.0040711577758,304.639196763237
2009-07-21 17:00:00,298.5576342801651,299.5228977761761
2009-07-21 18:00:00,298.1318621760341,299.3685527736858
2009-07-21 20:00:00,298.14053450527103,298.34438470919804
2009-07-21 21:00:00,297.91387638509366,298.1239810702613
2009-07-22 05:00:00,303.0529132484472,301.1066938967477
2009-07-22 06:00:00,304.8344291604722,302.12027537106366
2009-07-22 08:00:00,307.36184887526036,304.6119910241643
2009-07-22 09:00:00,308.90868660995886,305.13555416818394
2009-07-22 17:00:00,299.29218227580446,299.91732891535355
2009-07-22 18:00:00,298.65044227917497,299.4264671666597
2009-07-22 20:00:00,298.59016413754784,299.9561151113643
2009-07-22 21:00:00,298.44041031424547,299.6765936570837
2009-07-23 05:00:00,303.9081864085146,302.1867230713643
2009-07-23 06:00:00,303.5273128562422,301.7273793507063
2009-07-23 08:00:00,302.2658259975157,300.84867214678985
2009-07-23 09:00:00,304.05259676376375,302.8730162868882
2009-07-23 17:00:00,298.45343541878583,299.13478575061396
2009-07-23 18:00:00,298.02318736401105,298.7554835244577
2009-07-23 20:00:00,297.70871390179605,298.4898533990093
2009-07-23 21:00:00,297.64882270801235,298.28414425607457
2009-07-24 05:00:00,300.4769436170581,299.04670966902205
2009-07-24 06:00:00,299.5387667052,298.637988662132
2009-07-24 08:00:00,301.62067066539424,299.95857671376183
2009-07-24 09:00:00,301.3640855692201,300.13757173746876
2009-07-24 17:00:00,298.3810667440594,298.4309044648393
2009-07-24 18:00:00,298.29122106613846,298.35356608010227
2009-07-24 20:00:00,297.78903833045433,297.89519650028745
2009-07-24 21:00:00,297.6473402073277,297.7833735579151
2009-07-25 05:00:00,300.40198734324593,299.55415419474224
2009-07-25 06:00:00,302.2629668437094,300.5982895015017
2009-07-25 08:00:00,304.44503927598197,301.87254806071843
2009-07-25 09:00:00,303.8083859577385,301.57372348591434
2009-07-25 17:00:00,298.5320830264334,299.1334570368927
2009-07-25 18:00:00,298.3237106487821,298.8847383049493
2009-07-25 20:00:00,298.07996541215755,298.731152056913
2009-07-25 21:00:00,298.0615158903948,298.5033398409287
2009-07-26 05:00:00,298.87555549986007,298.5302167754328
2009-07-26 06:00:00,299.25287784523516,298.69564142212477
2009-07-26 08:00:00,303.00641797834265,301.7391573254978
2009-07-26 09:00:00,305.0810773288157,302.4865902987394
2009-07-26 17:00:00,299.98376173304484,300.4636663310517
2009-07-26 18:00:00,299.6683524768048,300.1259766330337
2009-07-26 20:00:00,299.0284671871614,299.33929786623355
2009-07-26 21:00:00,298.76025769155825,298.96341958068
2009-07-27 05:00:00,302.0094731923061,300.45121654633937
2009-07-27 06:00:00,303.79568246333,301.8164141967962
2009-07-27 08:00:00,305.38392653266897,303.391965281247
2009-07-27 09:00:00,304.9367750782078,303.4294826701536
2009-07-27 17:00:00,298.8580962476451,299.5265353398257
2009-07-27 18:00:00,298.60081561871783,299.14857313629295
2009-07-27 20:00:00,298.6053046416061,298.9026900939471
2009-07-27 21:00:00,298.4617927445469,298.65726262872863
2009-07-28 05:00:00,301.21323955518255,300.29349523700074
2009-07-28 06:00:00,302.54587309239275,301.369818641886
2009-07-28 08:00:00,304.9603726661812,303.15199914588396
2009-07-28 09:00:00,305.44223763064724,303.56670952137154
2009-07-28 17:00:00,299.47891240053815,299.8119548215705
2009-07-28 18:00:00,299.2471239886409,299.6205958291452
2009-07-28 20:00:00,298.94526622989696,299.2415588331884
2009-07-28 21:00:00,298.57675027479934,298.8833989876628
2009-07-29 05:00:00,300.7934782383806,300.190650340405
2009-07-29 06:00:00,302.4061467621837,301.07213563140255
2009-07-29 08:00:00,304.1503619648092,302.2561928818149
2009-07-29 09:00:00,304.0325365580837,302.4421863526519
2009-07-29 17:00:00,299.47470729927807,300.0887008925616
2009-07-29 18:00:00,299.19406522918376,299.71328175784265
2009-07-29 20:00:00,298.9181606721805,299.3798129606321
2009-07-29 21:00:00,298.6229375477748,299.0522248631082
2009-07-30 05:00:00,300.39515817698054,299.58818550286196
2009-07-30 06:00:00,301.723552074932,300.6247946293953
2009-07-30 08:00:00,304.0239568630977,302.15531728594624
2009-07-30 09:00:00,304.3952733820135,302.48678530089114
2009-07-30 17:00:00,299.20250256366467,299.70842671210664
2009-07-30 18:00:00,298.68971125480755,299.2778785599766
2009-07-30 20:00:00,298.19590432471233,298.9558004605568
2009-07-30 21:00:00,297.9413853955379,298.5884220258481
2009-07-31 05:00:00,302.52079095825763,300.3981313132358
2009-07-31 06:00:00,303.9309532271328,301.2322679469692
2009-07-31 08:00:00,304.30610172406926,301.8854583364055
2009-07-31 09:00:00,303.4463003008686,301.69076389965187
2009-07-31 17:00:00,299.0114538019354,299.77867260478865
2009-07-31 18:00:00,298.499369569846,299.1595050594289
2009-07-31 20:00:00,297.9949796703086,298.6776743038042
2009-07-31 21:00:00,297.6951132188042,298.3078615162148
2009-08-01 05:00:00,303.3666117099474,301.08520451385544
2009-08-01 06:00:00,305.18139314578013,302.3059410953375
2009-08-01 08:00:00,306.9086500264831,303.5539856662368
2009-08-01 09:00:00,307.16406934176825,303.9343839859926
2009-08-01 17:00:00,298.9989031540411,299.5376189574255
2009-08-01 18:00:00,298.50474327334274,299.1778022049021
2009-08-01 20:00:00,298.2312184291187,298.98533823163194
2009-08-01 21:00:00,297.9972290603332,298.65225518319204
2009-08-02 05:00:00,304.1737025985365,301.3238095135094
2009-08-02 06:00:00,306.4483468830127,302.69776199411353
2009-08-02 08:00:00,309.26820902537867,304.900652963318
2009-08-02 09:00:00,308.74875787814335,305.20963848096386
2009-08-02 17:00:00,298.7889448968215,299.36832179935027
2009-08-02 18:00:00,298.3480962391811,299.00746378141855
2009-08-02 20:00:00,297.895967316003,298.7002947650081
2009-08-02 21:00:00,297.5761521960995,298.2875657044868
2009-08-03 05:00:00,304.1652626072865,301.59797146507697
2009-08-03 06:00:00,306.68842342711747,302.9571419173654
2009-08-03 08:00:00,310.1067615620712,305.4741594170569
2009-08-03 09:00:00,310.67780439144656,306.15578981467127
2009-08-03 17:00:00,299.3350541125093,299.8353589591334
2009-08-03 18:00:00,298.64726099798975,299.10384821487685
2009-08-03 20:00:00,297.812662791765,298.46957087112685
2009-08-03 21:00:00,297.5812180670457,298.2050977333668
2009-08-04 05:00:00,304.82682330068343,301.92962371402973
2009-08-04 06:00:00,306.89856826946806,303.26266942663443
2009-08-04 08:00:00,309.2670736445117,305.35338786496953
2009-08-04 09:00:00,309.0131353722148,305.7213678580403
2009-08-04 17:00:00,299.47825335721575,299.8573726895043
2009-08-04 18:00:00,299.06779315401855,299.4872783078986
2009-08-04 20:00:00,298.5287420334544,299.0224192991095
2009-08-04 21:00:00,298.3441122845619,298.84001606381366
2009-08-05 05:00:00,303.89744678373887,301.59975241733076
2009-08-05 06:00:00,305.5618132604473,302.4241826743668
2009-08-05 08:00:00,306.2861660103585,303.167855472888
2009-08-05 09:00:00,307.3137349744424,303.8215195666109
2009-08-05 17:00:00,299.64238991759413,299.89363462568616
2009-08-05 18:00:00,298.93201252565547,299.2661753509004
2009-08-05 20:00:00,298.78101375914866,299.1499349538277
2009-08-05 21:00:00,298.61278763170054,298.89163833406565
2009-08-06 05:00:00,304.3740682263955,301.9131375211413
2009-08-06 06:00:00,306.6668358613236,303.2943413591899
2009-08-06 08:00:00,309.6436932156743,305.3181963011003
2009-08-06 09:00:00,309.35507136316994,305.6546445355761
2009-08-06 17:00:00,299.8445044518987,300.16429657781805
2009-08-06 18:00:00,299.37740150769065,299.7454335311161
2009-08-06 20:00:00,299.08127291874825,299.57445160523406
2009-08-06 21:00:00,298.59955621610624,299.0636025356769
2009-08-07 05:00:00,305.5667495139758,302.20747575333746
2009-08-07 06:00:00,307.07648918257655,303.32249382501027
2009-08-07 08:00:00,309.62173386678126,305.32896919426815
2009-08-07 09:00:00,310.0045139918158,305.8796555999615
2009-08-07 17:00:00,299.67172203592963,299.8778428605231
2009-08-07 18:00:00,299.11985148707595,299.42902575288605
2009-08-07 20:00:00,298.47546149255317,299.00978384620424
2009-08-07 21:00:00,298.1203086629671,298.6214688246717
2009-08-08 05:00:00,306.24581493030894,302.605342964913
2009-08-08 06:00:00,309.17294666543035,304.1565730678282
2009-08-08 08:00:00,310.00060948164696,305.97325287100347
2009-08-08 09:00:00,309.4899703673847,306.2170361252889
2009-08-08 17:00:00,300.3920210969099,300.8972720482684
2009-08-08 18:00:00,299.6259042889753,299.9168107513287
2009-08-08 20:00:00,298.8579332442791,299.3440509907821
2009-08-08 21:00:00,298.45581256884094,298.9441317894793
2009-08-09 05:00:00,306.16618048575333,303.0302970427761
2009-08-09 06:00:00,308.3711027783128,304.18849617086687
2009-08-09 08:00:00,309.2723119468278,305.827233853803
2009-08-09 09:00:00,309.0564870731489,305.9833599025921
2009-08-09 17:00:00,300.5387145808004,301.08421831175065
2009-08-09 18:00:00,299.7954382991938,300.2015319965286
2009-08-09 20:00:00,299.00149369203075,299.53599477806154
2009-08-09 21:00:00,298.5527865464221,299.0268607117546
2009-08-10 05:00:00,307.4955531327493,303.707232176982
2009-08-10 06:00:00,310.38661245572365,305.32157559387485
2009-08-10 08:00:00,313.5568995306782,308.008358430789
2009-08-10 09:00:00,313.94322458511135,308.6322535910114
2009-08-10 17:00:00,301.7765567115349,302.12332628247185
2009-08-10 18:00:00,301.1218047766546,301.3560147748339
2009-08-10 20:00:00,300.21255725925255,300.4552563636439
2009-08-10 21:00:00,299.7831623565251,299.9322655065034
2009-08-11 05:00:00,307.1408043436718,303.75900973891623
2009-08-11 06:00:00,310.0821474189935,305.4451969422986
2009-08-11 08:00:00,313.9787838646371,307.50846362003745
2009-08-11 09:00:00,315.94161079771163,308.6581320975705
2009-08-11 17:00:00,301.0719771421929,302.1151129865132
2009-08-11 18:00:00,301.19436915886973,302.0398610589684
2009-08-11 20:00:00,300.43976906892516,301.33139592951
2009-08-11 21:00:00,300.2573788118289,301.21399925008575
2009-08-12 05:00:00,305.8131259395088,303.83782968388874
2009-08-12 06:00:00,307.8694043269694,305.1569207754267
2009-08-12 08:00:00,314.6071798503858,309.1974022252534
2009-08-12 09:00:00,314.31371621247985,309.49322822464995
2009-08-12 17:00:00,299.405891665325,300.78192923946995
2009-08-12 18:00:00,299.36357076730127,300.67101246697143
2009-08-12 20:00:00,298.16387386939186,299.2272681896051
2009-08-12 21:00:00,297.7631819714751,298.88086066811775
2009-08-13 05:00:00,301.175191588321,300.1142749521876
2009-08-13 06:00:00,302.50654768980525,301.312648661515
2009-08-13 08:00:00,307.3745419071709,303.980437527085
2009-08-13 09:00:00,307.88035853875255,304.36778254575097
2009-08-13 17:00:00,299.87401144677204,299.78960499814923
2009-08-13 18:00:00,299.23573246795706,299.5123930756227
2009-08-13 20:00:00,298.70371997521727,298.8994831149861
2009-08-13 21:00:00,297.9231662603299,298.6090198393412
2009-08-14 05:00:00,299.050907129132,299.30885608831795
2009-08-14 06:00:00,302.0650572695975,300.9381860342158
2009-08-14 08:00:00,305.6042547475759,303.6539051543766
2009-08-14 09:00:00,305.68294836670293,304.0716534865839
2009-08-14 17:00:00,299.993303060899,300.54812097769855
2009-08-14 18:00:00,299.4561974241847,300.0557124251026
2009-08-14 20:00:00,298.95240567388083,299.52814668205747
2009-08-14 21:00:00,298.63852027458114,299.03186768706666
2009-08-15 05:00:00,297.8985655421652,298.91397313381015
2009-08-15 06:00:00,299.2321415035677,300.43523450478204
2009-08-15 08:00:00,303.56525871382655,302.11284234233557
2009-08-15 09:00:00,303.8594934025604,302.5026936347385
2009-08-15 17:00:00,298.5876230436775,299.5810929402732
2009-08-15 18:00:00,297.9806860643102,299.0622645820418
2009-08-15 20:00:00,296.35144985769125,297.2497152789899
2009-08-15 21:00:00,296.2085207805428,297.05307700417256
2009-08-16 05:00:00,297.2027989227342,297.04326687241183
2009-08-16 06:00:00,297.8754199811233,297.46540324676937
2009-08-16 08:00:00,301.18121079267087,300.8086807415555
2009-08-16 09:00:00,301.2315200311928,300.8543577032574
2009-08-16 17:00:00,297.5104506247216,298.4633048693829
2009-08-16 18:00:00,297.33113222754065,298.2143756884089
2009-08-16 20:00:00,297.3459794054781,298.3803604901847
2009-08-16 21:00:00,297.2032461768857,298.11437527461123
2009-08-17 05:00:00,297.93475953088887,298.58699007431056
2009-08-17 06:00:00,299.82286633695765,299.8798365188858
2009-08-17 08:00:00,304.4824893522336,302.8982302955192
2009-08-17 09:00:00,304.34877261028083,303.0978708370074
2009-08-17 17:00:00,299.25192862629706,300.28671488005136
2009-08-17 18:00:00,298.88701783637237,299.81030626105974
2009-08-17 20:00:00,298.36283528896615,299.1566759764873
2009-08-17 21:00:00,298.0876253007557,298.8159473107666
2009-08-18 05:00:00,302.66377801410226,301.65268200608364
2009-08-18 06:00:00,303.8288787935842,302.32728590766897
2009-08-18 08:00:00,306.9521075279577,304.33739091729166
2009-08-18 09:00:00,307.6850101841249,304.92176207555644
2009-08-18 17:00:00,299.21874557988855,300.2961983937879
2009-08-18 18:00:00,298.8263934918655,299.9144508585173
2009-08-18 20:00:00,298.0648621028671,299.06310835310785
2009-08-18 21:00:00,297.6844876940335,298.66408662252326
2009-08-19 05:00:00,304.8568496586546,302.6689759476343
2009-08-19 06:00:00,306.48175425007827,303.6145427216
2009-08-19 08:00:00,308.15921723493625,304.9072934049304
2009-08-19 09:00:00,307.7783238626959,305.0803933635882
2009-08-19 17:00:00,299.833264155454,300.9651970062491
2009-08-19 18:00:00,299.378666176818,300.44927033364127
2009-08-19 20:00:00,299.20812760222304,300.2807712172874
2009-08-19 21:00:00,299.1417241735708,300.0806195651438
2009-08-20 05:00:00,304.55464054807123,302.7497895509694
2009-08-20 06:00:00,306.9155755652852,304.1833136371912
2009-08-20 08:00:00,308.8005246014,305.6110526439038
2009-08-20 09:00:00,309.51143743811843,306.2326160072363
2009-08-20 17:00:00,300.0874730655335,301.0337366183477
2009-08-20 18:00:00,299.4287540100756,300.32158093092437
2009-08-20 20:00:00,298.6130078614034,299.67104364286405
2009-08-20 21:00:00,298.19377726362376,299.2232143360955
2009-08-21 05:00:00,305.06057210255113,302.74677447067756
2009-08-21 06:00:00,305.9977780005598,303.37427956885296
2009-08-21 08:00:00,310.01342851024566,305.5779403663012
2009-08-21 09:00:00,309.76766069644407,305.7827135976548
2009-08-21 17:00:00,299.47172536982225,300.20205669667575
2009-08-21 18:00:00,298.85676386617183,299.67459896422685
2009-08-21 20:00:00,298.24363776678666,299.21799275026484
2009-08-21 21:00:00,297.75197985726993,298.64929869288846
2009-08-22 05:00:00,304.80407317503943,302.3775548714519
2009-08-22 06:00:00,305.84583775031,303.00383731507003
2009-08-22 08:00:00,310.21127208833155,305.54441746504546
2009-08-22 09:00:00,310.4167854767551,305.9470725507692
2009-08-22 17:00:00,299.41202005583256,300.2889538546005
2009-08-22 18:00:00,298.7118401902115,299.54103347002456
2009-08-22 20:00:00,297.9104970217853,298.95100120697253
2009-08-22 21:00:00,297.5193516006823,298.5919883739783
2009-08-23 05:00:00,306.272779914374,303.4875831545226
2009-08-23 06:00:00,308.40923239968043,304.7125026896848
2009-08-23 08:00:00,311.75854050176355,306.58746946831513
2009-08-23 09:00:00,312.0393562963454,306.9789670406395
2009-08-23 17:00:00,300.81609091736686,302.14695817333154
2009-08-23 18:00:00,300.37174477599257,301.59564592217447
2009-08-23 20:00:00,299.57961782211515,300.5004354750247
2009-08-23 21:00:00,299.22945988306833,300.0416479830749
2009-08-24 05:00:00,307.6000770604115,304.476378853773
2009-08-24 06:00:00,310.30774861528255,305.9185969936094
2009-08-24 08:00:00,314.1861870623149,307.8020233953679
2009-08-24 09:00:00,314.0991134996223,308.1274856073647
2009-08-24 17:00:00,300.3024673344358,301.1132418921989
2009-08-24 18:00:00,299.0848280285099,299.95833019850244
2009-08-24 20:00:00,297.7487876903845,298.250726426511
2009-08-24 21:00:00,297.8542184697462,298.1976396886887
2009-08-25 05:00:00,307.157062548151,303.99158025192
2009-08-25 06:00:00,310.1442322106501,305.72285315656154
2009-08-25 08:00:00,312.40179370474567,307.13568084669777
2009-08-25 09:00:00,312.5099754157162,307.0710744519814
2009-08-25 17:00:00,298.9227830977947,300.025425915358
2009-08-25 18:00:00,298.65594569413435,299.6422136538936
2009-08-25 20:00:00,298.2696907737038,298.65901322798294
2009-08-25 21:00:00,298.0890426988411,298.47154007780904
2009-08-26 05:00:00,305.65794443092284,302.42324135520244
2009-08-26 06:00:00,308.3815331363531,304.07712793570636
2009-08-26 08:00:00,310.4588861215647,305.90527110988813
2009-08-26 09:00:00,311.3707736680982,306.61317575510554
2009-08-26 17:00:00,300.5747132852376,301.3069249228079
2009-08-26 18:00:00,299.88734184464977,300.60351233342766
2009-08-26 20:00:00,298.75035941619166,299.15388046758386
2009-08-26 21:00:00,298.5198030868554,298.89926227399127
2009-08-27 05:00:00,307.16624234380265,303.2495007154938
2009-08-27 06:00:00,310.2240718847431,304.7197020167746
2009-08-27 08:00:00,312.93926689253755,306.1931690750945
2009-08-27 09:00:00,312.9836067705199,306.5028378056084
2009-08-27 17:00:00,300.44889300189146,301.05593112657544
2009-08-27 18:00:00,300.0157641864888,300.4210409155612
2009-08-27 20:00:00,299.52037036584227,299.98945297923035
2009-08-27 21:00:00,299.02971022595614,299.34487557668353
2009-08-28 05:00:00,306.78321483359315,301.9510865527419
2009-08-28 06:00:00,307.0845699222135,302.8972031838721
2009-08-28 08:00:00,313.021992993465,306.1687164776866
2009-08-28 09:00:00,312.45726774947485,306.4669751371551
2009-08-28 17:00:00,299.4057814681842,299.47466537875283
2009-08-28 18:00:00,298.9780055723499,299.06975321483174
2009-08-28 20:00:00,298.52365559018085,299.0309435075898
2009-08-28 21:00:00,298.27590406326743,298.68511382163217
2009-08-29 05:00:00,303.4773912473893,301.9580324522703
2009-08-29 06:00:00,306.26156148337435,303.0298013084659
2009-08-29 08:00:00,307.9937225482865,303.7076374400746
2009-08-29 09:00:00,306.1734383558088,301.21764838126114
2009-08-29 17:00:00,298.00245896913975,298.40097857035914
2009-08-29 18:00:00,297.9295104604289,298.28424314431305
2009-08-29 20:00:00,297.78030691749325,297.9963122163605
2009-08-29 21:00:00,297.51945368644823,297.67076931381814
2009-08-30 05:00:00,297.1840776111385,297.294973317574
2009-08-30 06:00:00,298.3071752233755,298.5475304696152
2009-08-30 08:00:00,304.7469026774214,302.15762524244786
2009-08-30 09:00:00,304.99146638702723,302.69972318346584
2009-08-30 17:00:00,299.210110821599,299.6763238421941
2009-08-30 18:00:00,299.033453260989,299.3753267355803
2009-08-30 20:00:00,298.0468714027816,298.28249263910374
2009-08-30 21:00:00,297.54395445836894,297.772030000143
2009-08-31 05:00:00,301.4310295210781,300.5135518031422
2009-08-31 06:00:00,304.8165169173654,301.8674299948388
2009-08-31 08:00:00,307.74626035058446,304.2737333418225
2009-08-31 09:00:00,307.04725096809847,304.4846365859586
2009-08-31 17:00:00,299.1286374460935,300.0326160730677
2009-08-31 18:00:00,298.75778059525925,299.6734795004635
2009-08-31 20:00:00,298.2279774058949,298.6534920385329
2009-08-31 21:00:00,297.9348881373237,298.4179187651224
2009-09-01 05:00:00,303.5978603509982,301.4902633173256
2009-09-01 06:00:00,304.6782870064898,302.258913625003
2009-09-01 08:00:00,309.88835727121506,304.7346486707314
2009-09-01 09:00:00,310.6681364556123,305.19780650087426
2009-09-01 17:00:00,300.11373515783,301.0843123096531
2009-09-01 18:00:00,299.60902562310406,300.54713461101517
2009-09-01 20:00:00,299.4166337822912,300.36613012939836
2009-09-01 21:00:00,298.9725380590407,299.7895146209764
2009-09-02 05:00:00,306.35350833651836,303.5467135718864
2009-09-02 06:00:00,308.00537224580034,304.5474460642951
2009-09-02 08:00:00,311.014483506213,306.9560513724164
2009-09-02 09:00:00,310.12811857673165,305.80379997453264
2009-09-02 17:00:00,299.13643555721995,299.09946562733234
2009-09-02 18:00:00,298.566220887453,298.35358049248697
2009-09-02 20:00:00,297.22759184521414,297.42279165588286
2009-09-02 21:00:00,297.07909784772545,297.5847455981332
2009-09-03 05:00:00,304.5014635741435,302.7878484270422
2009-09-03 06:00:00,307.5912773238125,304.3293459617486
2009-09-03 08:00:00,309.74315813766975,305.680549562804
2009-09-03 09:00:00,309.81544913128823,305.98041305189327
2009-09-03 17:00:00,298.59675887332673,298.49792682665344
2009-09-03 18:00:00,298.4796775030245,298.1320174912275
2009-09-03 20:00:00,297.7076022437614,297.88894187797933
2009-09-03 21:00:00,297.4692870200323,297.8043571907126
2009-09-04 05:00:00,303.93485522159995,302.3138771233463
2009-09-04 06:00:00,305.0532019898777,302.9014147272095
2009-09-04 08:00:00,308.89350042357836,305.2304179422294
2009-09-04 09:00:00,309.06196953960125,305.61871279112546
2009-09-04 17:00:00,298.0789028220625,298.51880825612875
2009-09-04 18:00:00,297.5391034330536,298.15858313703023
2009-09-04 20:00:00,297.5737347948165,298.7658939449739
2009-09-04 21:00:00,297.55172209893976,298.7240179734899
2009-09-05 05:00:00,305.5802655800465,302.9086865629364
2009-09-05 06:00:00,306.74723907611775,303.9703940463544
2009-09-05 08:00:00,308.88074022008016,305.6467871056132
2009-09-05 09:00:00,308.76717928047356,306.00776625340825
2009-09-05 17:00:00,298.8851758489623,299.9986398517627
2009-09-05 18:00:00,298.35396534783087,299.38143488291786
2009-09-05 20:00:00,297.78679571166435,298.95746119988536
2009-09-05 21:00:00,297.54628757188794,298.63228062892733
2009-09-06 05:00:00,305.6950830303833,303.3425911549243
2009-09-06 06:00:00,307.6337414992793,304.75536968307614
2009-09-06 08:00:00,309.75829852417183,306.36608496432314
2009-09-06 09:00:00,309.9703722749543,306.91925352123013
2009-09-06 17:00:00,297.9069665517939,299.7819190826181
2009-09-06 18:00:00,297.7953536352502,299.6126339622933
2009-09-06 20:00:00,297.505749859685,298.7345787953522
2009-09-06 21:00:00,297.32262170259685,298.3170551834929
2009-09-07 05:00:00,306.05791251207535,303.69860162720295
2009-09-07 06:00:00,308.10898624179174,305.3289853699953
2009-09-07 08:00:00,310.2740137602772,307.7711939172495
2009-09-07 09:00:00,310.1791199859008,308.27144083219986
2009-09-07 17:00:00,296.06025627618214,298.199953005751
2009-09-07 18:00:00,295.42283715011524,297.7212276135461
2009-09-07 20:00:00,294.43721003598534,296.6674144962352
2009-09-07 21:00:00,293.989588991703,297.28554493767456
2009-09-08 05:00:00,307.29251778107397,304.02486190443227
2009-09-08 06:00:00,309.5624550700372,305.43770993178356
2009-09-08 08:00:00,311.134354930813,307.75126779612117
2009-09-08 09:00:00,310.68430947890084,308.39344150443293
2009-09-08 17:00:00,298.7033974951699,300.9480051472668
2009-09-08 18:00:00,297.91352225892905,299.6537517200817
2009-09-08 20:00:00,296.90365410144966,297.887315418026
2009-09-08 21:00:00,296.3581898458566,297.21366003004175
2009-09-09 05:00:00,308.41630923325545,303.705398324458
2009-09-09 06:00:00,309.9515342300956,305.353493054218
2009-09-09 08:00:00,310.50123955913244,305.7646838454142
2009-09-09 09:00:00,308.83173611351447,305.5988031748815
2009-09-09 17:00:00,297.62147489056935,298.6709142135362
2009-09-09 18:00:00,297.5048182036366,298.31277632750056
2009-09-09 20:00:00,297.3843946412826,298.80536107326327
2009-09-09 21:00:00,297.25206395694397,298.601542774077
2009-09-10 05:00:00,303.8050176211975,302.13226370084084
2009-09-10 06:00:00,302.8150731161673,300.63507780712814
2009-09-10 08:00:00,305.7298424343115,302.63936004873784
2009-09-10 09:00:00,306.0743700212617,303.3698488773293
2009-09-10 17:00:00,298.0754320705984,298.666700554188
2009-09-10 18:00:00,298.04703990777574,298.5397791458389
2009-09-10 20:00:00,296.65058475723623,297.59649416037445
2009-09-10 21:00:00,296.4760415616498,297.69031862044375
2009-09-11 05:00:00,304.3152649913253,302.28552027439304
2009-09-11 06:00:00,306.5029619684205,304.0102960148651
2009-09-11 08:00:00,307.9169441305434,306.0039486877724
2009-09-11 09:00:00,307.9008349167364,306.50663407006874
2009-09-11 17:00:00,298.4158954590972,299.5991265953781
2009-09-11 18:00:00,297.46578873691647,299.0679085941638
2009-09-11 20:00:00,296.44288759863434,297.9831512874374
2009-09-11 21:00:00,296.33029877790506,298.09757224437084
2009-09-12 05:00:00,305.14671504368954,302.7414295684391
2009-09-12 06:00:00,307.4573380480562,304.3705596923828
2009-09-12 08:00:00,310.3346073756049,306.67532597851863
2009-09-12 09:00:00,310.3491753341604,307.32016696547873
2009-09-12 17:00:00,299.04311372025177,300.9655714461175
2009-09-12 18:00:00,298.2037756968353,300.02554546996885
2009-09-12 20:00:00,295.8917106075904,298.0913833124428
2009-09-12 21:00:00,295.0182033591719,296.65965496703916
2009-09-13 05:00:00,305.74107558334185,303.69155408862196
2009-09-13 06:00:00,308.25826250496556,305.45192769055006
2009-09-13 08:00:00,311.3387544746576,308.2059949924839
2009-09-13 09:00:00,311.4586140731083,308.6509079896431
2009-09-13 17:00:00,299.16488877871,301.6529808103212
2009-09-13 18:00:00,298.85702397092285,301.19976987677103
2009-09-13 20:00:00,298.40909062695613,300.4164406845493
2009-09-13 21:00:00,298.0716245912808,299.81448799215593
2009-09-14 05:00:00,306.2568482808964,303.8196566306939
2009-09-14 06:00:00,308.92268945256075,305.65813383740164
2009-09-14 08:00:00,312.18137473648613,308.3140854563662
2009-09-14 09:00:00,312.3744019918339,308.74454539435675
2009-09-14 17:00:00,299.4365782656912,301.5525546786598
2009-09-14 18:00:00,299.07494954960003,300.7935814997081
2009-09-14 20:00:00,297.96063888385225,299.28453202681106
2009-09-14 21:00:00,297.35710724770377,298.57621671091795
2009-09-15 05:00:00,306.02890216845026,302.8751121015505
2009-09-15 06:00:00,308.94194364621205,304.88129917609126
2009-09-15 08:00:00,312.3922470633531,307.8779203770524
2009-09-15 09:00:00,312.63875042602353,308.5097487674472
2009-09-15 17:00:00,299.2361641811847,300.9869931166639
2009-09-15 18:00:00,298.6457102206896,300.1926257070298
2009-09-15 20:00:00,297.6999855452951,299.0008823059741
2009-09-15 21:00:00,297.1930389874522,298.4123907103928
2009-09-16 05:00:00,306.5117823713917,302.9247992328944
2009-09-16 06:00:00,309.4924087406858,304.6379735444103
2009-09-16 08:00:00,313.3758877135572,307.54789037954276
2009-09-16 09:00:00,313.58810283737307,308.12775248335026
2009-09-16 17:00:00,299.3076104397766,301.01841456056195
2009-09-16 18:00:00,298.6703189561841,300.36245337252626
2009-09-16 20:00:00,297.7223244124826,299.2666070876394
2009-09-16 21:00:00,297.25902328138545,298.6787040722205
2009-09-17 05:00:00,308.02664821724676,304.3024615036505
2009-09-17 06:00:00,311.21753268249233,305.9444922166539
2009-09-17 08:00:00,315.43260705415935,308.6814380052094
2009-09-17 09:00:00,315.58477503419476,309.3958587646484
2009-09-17 17:00:00,301.6424361876971,302.99465674354775
2009-09-17 18:00:00,300.9033856737228,302.2175416637826
2009-09-17 20:00:00,299.6358395945309,300.9614266511656
2009-09-17 21:00:00,299.1455853290293,300.44245600296284
2009-09-18 05:00:00,309.0084049124931,305.66617876943343
2009-09-18 06:00:00,312.0508574263892,307.2835200799081
2009-09-18 08:00:00,315.6582380156672,309.3903842920148
2009-09-18 09:00:00,315.28501788640426,309.7432947614344
2009-09-18 17:00:00,301.91884435527317,303.6480845964194
2009-09-18 18:00:00,301.51287580822213,303.30619609815136
2009-09-18 20:00:00,300.4437629923064,302.1042211500265
2009-09-18 21:00:00,300.0942565964991,301.66905981219605
2009-09-19 05:00:00,309.56907432803024,306.30093835204707
2009-09-19 06:00:00,312.68204979095697,308.2133389606682
2009-09-19 08:00:00,316.61756593677774,310.6701899030359
2009-09-19 09:00:00,316.85512125400254,311.072007142524
2009-09-19 17:00:00,302.34468351343565,303.9046032733653
2009-09-19 18:00:00,301.5743374582065,302.999913267068
2009-09-19 20:00:00,300.11032379573595,301.39316971459994
2009-09-19 21:00:00,299.4761617980863,300.7404809372818
2009-09-20 05:00:00,309.4498357787522,305.84318305017035
2009-09-20 06:00:00,312.79098085188906,308.0278795239371
2009-09-20 08:00:00,317.2158887301828,311.13018700080954
2009-09-20 09:00:00,317.5992146214278,311.6469855404047
2009-09-20 17:00:00,302.51517276146745,303.8648314630306
2009-09-20 18:00:00,301.849650355076,303.04795183790117
2009-09-20 20:00:00,300.46436440301784,301.2423856526567
2009-09-20 21:00:00,299.8818904130227,300.59092648922024
2009-09-21 05:00:00,309.7587895562359,305.7740295128022
2009-09-21 06:00:00,313.23395650008433,307.9561636385455
2009-09-21 08:00:00,318.1634307297059,311.3894320871503
2009-09-21 09:00:00,317.81121438236556,311.86060724713957
2009-09-21 17:00:00,302.78062960914184,304.20424159539317
2009-09-21 18:00:00,302.04228746505294,303.35580249192725
2009-09-21 20:00:00,300.63183852373544,301.6642948614982
2009-09-21 21:00:00,299.95743223404844,300.8674296421704
2009-09-22 05:00:00,310.38909888598147,306.4743952817285
2009-09-22 06:00:00,313.8378190097897,308.6147578493656
2009-09-22 08:00:00,318.378739696438,311.9628162119532
2009-09-22 09:00:00,318.2068133008866,312.3081195049551
2009-09-22 17:00:00,302.4016042512444,304.11673323950157
2009-09-22 18:00:00,301.69365371210364,303.2741632917078
2009-09-22 20:00:00,300.3696548156268,301.79728781019776
2009-09-22 21:00:00,299.73377642756435,301.1071746073813
2009-09-23 05:00:00,310.11718439651753,306.4916559815958
2009-09-23 06:00:00,313.60056550624006,308.724996581467
2009-09-23 08:00:00,317.54211155402095,311.43165917536146
2009-09-23 09:00:00,317.650232606015,311.80493429739414
2009-09-23 17:00:00,301.23965456452686,302.9956219971456
2009-09-23 18:00:00,300.4470848471432,302.2785982387643
2009-09-23 20:00:00,299.4073462816894,301.2175700418387
2009-09-23 21:00:00,299.0093813104145,300.75811887485406
2009-09-24 05:00:00,310.0330467518012,306.51294495475315
2009-09-24 06:00:00,313.3164096356173,308.52428632598077
2009-09-24 08:00:00,317.0233142071035,310.6968882697389
2009-09-24 09:00:00,317.2366519451876,311.1792275262724
2009-09-24 17:00:00,301.66313359476567,303.1349071155895
2009-09-24 18:00:00,301.0984372225675,302.49747355362666
2009-09-24 20:00:00,300.2431428788807,301.5136708640171
2009-09-24 21:00:00,299.76834233405964,300.9842276080915
2009-09-25 05:00:00,309.30820677864534,305.51778283729027
2009-09-25 06:00:00,312.5870426454236,307.4927611740418
2009-09-25 08:00:00,316.79347189034814,310.0662101428204
2009-09-25 09:00:00,317.2145807768788,310.68614514178967
2009-09-25 17:00:00,301.1098165644335,302.58622396084127
2009-09-25 18:00:00,300.44579408054915,301.8698014081535
2009-09-25 20:00:00,299.0958119114669,300.3997450065907
2009-09-25 21:00:00,298.49124528740884,299.7797198890721
2009-09-26 05:00:00,309.95958200698647,305.02637485216144
2009-09-26 06:00:00,313.54804872768506,306.87914618211465
2009-09-26 08:00:00,317.75614235617894,309.29485475043487
2009-09-26 09:00:00,318.0672479050553,309.89586962683734
2009-09-26 17:00:00,300.9142758174009,302.25499926362824
2009-09-26 18:00:00,300.1757228245904,301.5641510056788
2009-09-26 20:00:00,299.1214080951615,300.50506460133977
2009-09-26 21:00:00,298.6210261081878,299.8488352912233
2009-09-27 05:00:00,310.7748813011981,305.75892740258456
2009-09-27 06:00:00,314.5244246190428,307.5465568225079
2009-09-27 08:00:00,318.8611245882713,309.657568627403
2009-09-27 09:00:00,318.79565349749316,310.0599739062951
2009-09-27 17:00:00,301.2576290418628,302.6434984721462
2009-09-27 18:00:00,300.5508501143962,302.054691967134
2009-09-27 20:00:00,299.37215977273485,301.03604819557887
2009-09-27 21:00:00,298.93207802794564,300.5668752990629
2009-09-28 05:00:00,312.38339329794485,307.3629239968416
2009-09-28 06:00:00,315.8734458605938,308.99086012641897
2009-09-28 08:00:00,319.29408981252703,310.75823083533714
2009-09-28 09:00:00,319.2222842082772,311.14853304964373
2009-09-28 17:00:00,301.1686020720354,302.6421203378169
2009-09-28 18:00:00,300.25929577655535,301.8968794342182
2009-09-28 20:00:00,299.04334154408224,300.6906911559024
2009-09-28 21:00:00,298.59522540029286,300.2280542641098
2009-09-29 05:00:00,314.2446658894167,308.1159841011412
2009-09-29 06:00:00,317.2098843379087,309.44045964080857
2009-09-29 08:00:00,319.99426603390737,310.91318941042863
2009-09-29 09:00:00,319.7835458482175,311.27921613743206
2009-09-29 17:00:00,301.6105980542481,302.9542511174418
2009-09-29 18:00:00,300.59869758594203,302.0913461882087
2009-09-29 20:00:00,299.1784202681484,300.8515784406148
2009-09-29 21:00:00,298.5138168922742,300.24207314137135
2009-09-30 05:00:00,316.13840718555895,308.64322741116143
2009-09-30 06:00:00,319.80340870062264,310.2113407411267
2009-09-30 08:00:00,321.7109994285831,311.5014971952042
2009-09-30 09:00:00,321.16054674803934,311.87192628269753
2009-09-30 17:00:00,300.65346808058825,302.1732659244391
2009-09-30 18:00:00,299.3606792150183,301.12988699749917
2009-09-30 20:00:00,297.9516859715819,300.0211006481953
2009-09-30 21:00:00,297.4753491323792,299.4488638244535
2009-10-01 05:00:00,313.31495671206153,307.50237823157175
2009-10-01 06:00:00,317.44490037162797,309.1698724073695
2009-10-01 08:00:00,319.5203766668523,311.11136520221163
2009-10-01 09:00:00,319.50076940504175,311.50513767424644
2009-10-01 17:00:00,302.51566699105894,303.72128112510836
2009-10-01 18:00:00,302.03544318106583,303.0384150947371
2009-10-01 20:00:00,300.9357573475419,301.9313069300953
2009-10-01 21:00:00,300.5106002972196,301.431471014978
2009-10-02 05:00:00,311.66455870453495,306.1525959549773
2009-10-02 06:00:00,314.80938925250837,307.68247242884934
2009-10-02 08:00:00,317.7152884179161,309.5968072594406
2009-10-02 09:00:00,318.1376817465196,310.2173823046574
2009-10-02 17:00:00,303.43928560747753,304.07912368656855
2009-10-02 18:00:00,302.91835628562427,303.4202560636406
2009-10-02 20:00:00,301.25648804181156,301.34387120039696
2009-10-02 21:00:00,300.50365853566785,300.6046936787515
2009-10-03 05:00:00,309.25560380791666,303.979898508598
2009-10-03 06:00:00,311.9242255588526,305.55467059542474
2009-10-03 08:00:00,315.1084739790859,306.94069512930054
2009-10-03 09:00:00,314.6688950689989,307.04699074579133
2009-10-03 17:00:00,299.532782156405,299.4445529226529
2009-10-03 18:00:00,298.9925467516131,298.88912225614524
2009-10-03 20:00:00,298.2509448928716,298.2783067465196
2009-10-03 21:00:00,297.99894105414586,297.95047457890445
2009-10-04 05:00:00,305.66458035837894,301.41178282750957
2009-10-04 06:00:00,307.73888160928925,302.3174487379924
2009-10-04 08:00:00,309.9251074886469,303.09350183895447
2009-10-04 09:00:00,308.1405705479885,301.6842101204377
2009-10-04 17:00:00,298.68794751277505,299.017820737395
2009-10-04 18:00:00,298.21572182395244,298.4751853531425
2009-10-04 20:00:00,297.16260912973087,297.39824593048803
2009-10-04 21:00:00,296.8792537224862,297.04357099018773
2009-10-05 05:00:00,304.38433739143454,300.85648648066586
2009-10-05 06:00:00,306.11171399132684,301.89599959692345
2009-10-05 08:00:00,304.48550349207613,300.5890490703847
2009-10-05 09:00:00,304.8465656110061,301.2216573988528
2009-10-05 17:00:00,297.87735944609796,298.3123112988583
2009-10-05 18:00:00,297.40409246835577,297.7266275085544
2009-10-05 20:00:00,296.2500051959821,296.6741973218639
2009-10-05 21:00:00,295.47347982491846,295.9068137758135
2009-10-06 05:00:00,308.8576372613892,302.8660213899539
2009-10-06 06:00:00,311.7559662100347,304.70478294149206
2009-10-06 08:00:00,314.54193159905714,306.59518183398137
2009-10-06 09:00:00,314.19789391563194,306.9625111537281
2009-10-06 17:00:00,297.15037910449666,298.66113441126373
2009-10-06 18:00:00,296.25504052583904,297.88445859183156
2009-10-06 20:00:00,295.2945226072714,296.8541914318302
2009-10-06 21:00:00,294.77353053394194,296.28981227316365
2009-10-07 05:00:00,310.6319075527103,305.2000787203044
2009-10-07 06:00:00,313.82400350467816,306.68918686030645
2009-10-07 08:00:00,314.55758619969725,307.80290017620257
2009-10-07 09:00:00,314.407571777908,308.0600488130778
2009-10-07 17:00:00,298.2216838960104,300.31496153186396
2009-10-07 18:00:00,298.4878580948605,300.5017757562717
2009-10-07 20:00:00,298.32726082118523,299.8005998843623
2009-10-07 21:00:00,298.2475417832197,299.55259864466217
2009-10-08 05:00:00,307.35508394167863,303.5883450030546
2009-10-08 06:00:00,310.74756947945,305.436616683043
2009-10-08 08:00:00,314.9802693042256,307.79786529305903
2009-10-08 09:00:00,315.1759049660987,307.9642805619673
2009-10-08 17:00:00,298.84679033135416,300.04978881741897
2009-10-08 18:00:00,298.46787926155173,299.56362745758196
2009-10-08 20:00:00,297.8482290776375,298.61544268450865
2009-10-08 21:00:00,297.33371989715994,298.0606370170605
2009-10-09 05:00:00,307.5455841863835,303.04644939969245
2009-10-09 06:00:00,311.0276843336955,304.7810457579344
2009-10-09 08:00:00,314.291985580844,306.5671241889566
2009-10-09 09:00:00,313.91865508986183,306.83108273639886
2009-10-09 17:00:00,299.32234814942154,300.23560021728144
2009-10-09 18:00:00,298.61045651663613,299.5608352637622
2009-10-09 20:00:00,297.8097990062461,298.6983306602631
2009-10-09 21:00:00,297.3834124360871,298.1433807984339
2009-10-10 05:00:00,308.02070032246127,303.3074539255104
2009-10-10 06:00:00,311.3593736363486,304.8022632334376
2009-10-10 08:00:00,314.60680395282105,306.26091116271874
2009-10-10 09:00:00,314.36713664520687,306.61026518223656
2009-10-10 17:00:00,298.63901168282484,300.0618118027509
2009-10-10 18:00:00,297.94566253521043,299.32767160941717
2009-10-10 20:00:00,297.15602356333216,298.6588019560592
2009-10-10 21:00:00,296.856054438281,298.2738852713986
2009-10-11 05:00:00,308.1972258204856,304.1118664146388
2009-10-11 06:00:00,311.3827636436615,305.4995002452692
2009-10-11 08:00:00,313.62062992043053,306.60701766991286
2009-10-11 09:00:00,312.7036106950146,306.60961669545696
2009-10-11 17:00:00,299.0279267580006,300.16912719538476
2009-10-11 18:00:00,298.53987100421926,299.82094826720345
2009-10-11 20:00:00,297.7932999997367,299.04726535697193
2009-10-11 21:00:00,296.6689765589263,298.2369764472009
2009-10-12 05:00:00,310.0623023645904,305.24161446076147
2009-10-12 06:00:00,311.96414711221894,306.10576501502464
2009-10-12 08:00:00,313.5531506883712,306.61477919756356
2009-10-12 09:00:00,313.67159058463585,306.8514097005083
2009-10-12 17:00:00,298.647452191322,299.7509222985783
2009-10-12 18:00:00,297.6041615490554,298.9433499940188
2009-10-12 20:00:00,296.85397089648137,297.9853673855587
2009-10-12 21:00:00,296.35643795348466,297.4134674307378
2009-10-13 05:00:00,309.4996356934722,304.31071354611817
2009-10-13 06:00:00,312.1792930285626,305.76825588326244
2009-10-13 08:00:00,309.827577540981,305.654013588175
2009-10-13 09:00:00,309.94199807471233,305.92374078077603
2009-10-13 17:00:00,298.6898064517828,299.8156241253822
2009-10-13 18:00:00,297.3916150344355,298.872370480389
2009-10-13 20:00:00,296.4708417001969,298.1823886348213
2009-10-13 21:00:00,295.688246857771,297.3436446461729
2009-10-14 05:00:00,309.1365341163012,304.4737935822991
2009-10-14 06:00:00,311.25878878036525,305.25435357468524
2009-10-14 08:00:00,313.7267593360278,306.19999645450633
2009-10-14 09:00:00,313.9856842699331,306.4080140711897
2009-10-14 17:00:00,297.48132324218756,298.77604007574007
2009-10-14 18:00:00,296.28409060344495,297.9421227782827
2009-10-14 20:00:00,295.04964805567755,297.41481511802266
2009-10-14 21:00:00,294.3755896381678,297.3224332130561
2009-10-15 05:00:00,311.05541733563956,304.98526798007305
2009-10-15 06:00:00,314.7320057732299,306.38343705234615
2009-10-15 08:00:00,317.24909084419994,307.06446831325536
2009-10-15 09:00:00,317.1483373891775,307.25560916847735
2009-10-15 17:00:00,298.32883379308765,299.52503849729
2009-10-15 18:00:00,297.908831932879,299.15265115934824
2009-10-15 20:00:00,297.2947586600329,298.3411016714041
2009-10-15 21:00:00,296.88419427857013,297.9035744453983
2009-10-16 05:00:00,310.9438513004909,303.91993906171
2009-10-16 06:00:00,314.23897988623577,305.41303802161076
2009-10-16 08:00:00,316.2963423060342,305.90827191886257
2009-10-16 09:00:00,315.9641568693799,306.00747741793265
2009-10-16 17:00:00,296.9327828946577,297.7169565397713
2009-10-16 18:00:00,296.5041927578637,297.37114648569167
2009-10-16 20:00:00,295.7961891538741,297.0463953238606
2009-10-16 21:00:00,295.59280621215635,296.9305627055822
2009-10-17 05:00:00,310.8949972661141,304.04779715751096
2009-10-17 06:00:00,314.5798235688996,305.14930482931976
2009-10-17 08:00:00,316.4943768893625,306.0496700386788
2009-10-17 09:00:00,315.5746712236448,306.27144414728343
2009-10-17 17:00:00,294.0067950044465,295.6976509270573
2009-10-17 18:00:00,293.3037796138064,294.9610226341683
2009-10-17 20:00:00,291.96440136267336,294.52096719844684
2009-10-17 21:00:00,291.25369441380667,293.7742132060517
2009-10-18 05:00:00,309.38574197589895,303.992028164386
2009-10-18 06:00:00,312.8093021904192,305.17437158710965
2009-10-18 08:00:00,315.3544060423488,306.2537358405961
2009-10-18 09:00:00,314.9825009197594,306.6218435701861
2009-10-18 17:00:00,296.47476466668223,298.0030054641982
2009-10-18 18:00:00,295.61360683353,297.3533669399738
2009-10-18 20:00:00,295.45730111191193,297.0692658034973
2009-10-18 21:00:00,295.2213308513624,296.58877001558136
2009-10-19 05:00:00,307.72191160228476,303.1293246558708
2009-10-19 06:00:00,311.30797255975995,304.9967231926823
2009-10-19 08:00:00,312.52364515119416,305.7713555569642
2009-10-19 09:00:00,312.49803316795226,305.9498492271764
2009-10-19 17:00:00,295.48039447802057,296.95327826971635
2009-10-19 18:00:00,294.718702107622,296.2015340420058
2009-10-19 20:00:00,292.8460915070286,294.3551240753503
2009-10-19 21:00:00,291.8929065298777,293.35644192688267
2009-10-20 05:00:00,309.0456530037573,302.9829903530597
2009-10-20 06:00:00,312.7094526011698,304.367025930819
2009-10-20 08:00:00,316.9097614964278,305.88187642384014
2009-10-20 09:00:00,316.55237944945355,306.21941927070793
2009-10-20 17:00:00,295.00748726913855,296.49317833381735
2009-10-20 18:00:00,293.45534533014285,295.4166204749344
2009-10-20 20:00:00,291.5821408828712,294.3371164706896
2009-10-20 21:00:00,291.73048995713054,294.2961424135464
2009-10-21 05:00:00,308.2630480750133,303.439489426341
2009-10-21 06:00:00,312.37912532765256,305.2532778653232
2009-10-21 08:00:00,316.05776199317313,306.09081062587273
2009-10-21 09:00:00,315.4276581280772,306.25070105789257
2009-10-21 17:00:00,294.63979035129165,296.7109750239251
2009-10-21 18:00:00,293.76136243729087,295.83540137339446
2009-10-21 20:00:00,292.39876708043926,294.47625398562394
2009-10-21 21:00:00,291.6414468350874,293.65087907082864
2009-10-22 05:00:00,309.4280913460236,303.59143407319107
2009-10-22 06:00:00,313.26493017258366,305.1528182536685
2009-10-22 08:00:00,315.3858678785421,306.19280239393237
2009-10-22 09:00:00,314.50309574732614,306.1981574295114
2009-10-22 17:00:00,293.0701229994764,295.0622722702144
2009-10-22 18:00:00,291.9819607492221,294.0696725948199
2009-10-22 20:00:00,290.36727472666786,292.7537593988498
2009-10-22 21:00:00,289.62027022210407,292.1292730487183
2009-10-23 05:00:00,310.47533392061257,303.272210895556
2009-10-23 06:00:00,313.1544657091514,304.37464361675717
2009-10-23 08:00:00,314.00275652728203,304.9333268505032
2009-10-23 09:00:00,313.00193368121177,304.8247870634811
2009-10-23 17:00:00,292.34002205917756,294.04309274823345
2009-10-23 18:00:00,291.17755326798596,293.09187975209005
2009-10-23 20:00:00,289.25255353131166,291.5090394571125
2009-10-23 21:00:00,288.49186027068384,290.87065324357184
2009-10-24 05:00:00,309.3563677959707,302.12804931264446
2009-10-24 06:00:00,313.397119483889,303.33853076529243
2009-10-24 08:00:00,316.2836212017136,304.5314605665869
2009-10-24 09:00:00,315.50650104352246,304.83549950927363
2009-10-24 17:00:00,291.461972628977,294.226813247281
2009-10-24 18:00:00,290.25580306560124,293.24949389723673
2009-10-24 20:00:00,288.6796530795575,292.4237150359778
2009-10-24 21:00:00,288.1037573204569,292.5087846658998
2009-10-25 05:00:00,308.6480346350531,303.37441866129683
2009-10-25 06:00:00,312.23222442768025,304.84784457496215
2009-10-25 08:00:00,315.54398610448624,305.642134068376
2009-10-25 09:00:00,315.0937886524641,305.78749058610305
2009-10-25 17:00:00,292.8033708945628,295.2212939857518
2009-10-25 18:00:00,291.3988022767524,294.15677197284435
2009-10-25 20:00:00,289.68890839328384,292.29114599477714
2009-10-25 21:00:00,289.22120424338226,291.7903988078489
2009-10-26 05:00:00,310.0538788547134,303.62488768684847
2009-10-26 06:00:00,313.54395826718843,305.207859456631
2009-10-26 08:00:00,315.96023364427094,306.2463655163217
2009-10-26 09:00:00,315.2730822452962,306.3440017582639
2009-10-26 17:00:00,294.07213107022375,296.22873063520956
2009-10-26 18:00:00,292.657648142387,295.28046524212436
2009-10-26 20:00:00,290.55410348101645,295.15026472235684
2009-10-26 21:00:00,289.6125954744078,293.0578366883547
2009-10-27 05:00:00,309.47159511760134,302.63281527432525
2009-10-27 06:00:00,313.1235762538822,304.46145578158104
2009-10-27 08:00:00,315.91596634545937,306.4185548379719
2009-10-27 09:00:00,314.94205358472925,306.49763039705016
2009-10-27 17:00:00,292.87018819141826,296.5131630684452
2009-10-27 18:00:00,291.39702762550866,296.8011373511081
2009-10-27 20:00:00,289.4647003550008,293.68824956156254
2009-10-27 21:00:00,288.8085013508613,291.42746103342586
2009-10-28 05:00:00,308.23516039267895,302.30692809682415
2009-10-28 06:00:00,312.8555295030215,304.2882923190877
2009-10-28 08:00:00,317.30823581501585,305.8687721804955
2009-10-28 09:00:00,316.8547893459515,305.98647902008196
2009-10-28 17:00:00,293.0839943907846,295.1789063393427
2009-10-28 18:00:00,291.7256065333385,293.98026888102345
2009-10-28 20:00:00,289.94230978661585,292.2956228153364
2009-10-28 21:00:00,289.58868923099084,291.9129984286974
2009-10-29 05:00:00,308.8485508288367,303.0091146225187
2009-10-29 06:00:00,313.2404595655726,304.7376040795184
2009-10-29 08:00:00,317.06166086064644,305.9968474495393
2009-10-29 09:00:00,316.24036213503047,306.1520928616516
2009-10-29 17:00:00,292.78862154685845,294.6106503432264
2009-10-29 18:00:00,291.6500152446823,293.8259234788421
2009-10-29 20:00:00,290.7619458449824,292.8979676045329
2009-10-29 21:00:00,290.2179676167587,292.33245431109464
2009-10-30 05:00:00,310.35619550566827,303.1599507383279
2009-10-30 06:00:00,313.97009032826946,304.5625500083889
2009-10-30 08:00:00,316.2532228960645,306.04846057392234
2009-10-30 09:00:00,314.9761748938421,306.17987086409227
2009-10-30 17:00:00,293.28194050134977,295.93414957901734
2009-10-30 18:00:00,292.0715563616878,294.6050489569666
2009-10-30 20:00:00,290.4105078369517,293.89952254332087
2009-10-30 21:00:00,289.72186702499033,293.7974260562373
2009-10-31 05:00:00,309.3512990801654,303.9710556288897
2009-10-31 06:00:00,312.3007126912497,305.3632392824523
2009-10-31 08:00:00,314.231241235013,306.4468993435288
2009-10-31 09:00:00,313.3412808740084,306.40259948166204
2009-10-31 17:00:00,294.4254656117209,296.3603567349708
2009-10-31 18:00:00,293.64035215216165,295.7428477894176
2009-10-31 20:00:00,292.57927538103246,294.94704899251553
2009-10-31 21:00:00,292.2644986474459,294.63689976296916
2009-11-01 05:00:00,307.6350431045509,303.5534025877025
2009-11-01 06:00:00,311.6278269669308,305.42720506665154
2009-11-01 08:00:00,314.5165747361852,306.5049524057444
2009-11-01 09:00:00,313.92778365454063,306.4892947486443
2009-11-01 17:00:00,293.3699242778479,295.75041699519693
2009-11-01 18:00:00,292.08834215819564,294.8747454438996
2009-11-01 20:00:00,290.2780303014629,293.9227508403855
2009-11-01 21:00:00,289.64767815776526,293.178078367824
2009-11-02 05:00:00,310.3562991431755,303.84390272895797
2009-11-02 06:00:00,313.80260605070004,305.1961364040756
2009-11-02 08:00:00,315.8079223397701,306.3384967915634
2009-11-02 09:00:00,315.15987350393334,306.4146676790916
2009-11-02 17:00:00,293.3687517492356,295.9345830085649
2009-11-02 18:00:00,291.91247546838133,296.31675588551946
2009-11-02 20:00:00,289.83438545309343,292.7781227241128
2009-11-02 21:00:00,289.61319710330343,292.1377433224342
2009-11-03 05:00:00,305.76551477934805,301.10735056543575
2009-11-03 06:00:00,309.79002822382245,303.0470463968756
2009-11-03 08:00:00,315.56847523834756,305.2889345283685
2009-11-03 09:00:00,315.6234057739446,305.6004891887835
2009-11-03 17:00:00,294.43303984890366,295.6813134897288
2009-11-03 18:00:00,293.89021797356514,295.1438599808374
2009-11-03 20:00:00,292.72047048136704,293.8005556362252
2009-11-03 21:00:00,291.98822369450596,293.0781879865885
2009-11-04 05:00:00,305.63902715321495,300.37350423898096
2009-11-04 06:00:00,309.2722776204302,301.7311855839287
2009-11-04 08:00:00,313.1651582409311,303.2330428301278
2009-11-04 09:00:00,312.74047938554054,303.40787867000915
2009-11-04 17:00:00,293.1723886498685,294.31200762779577
2009-11-04 18:00:00,292.40529530294504,293.58088923896594
2009-11-04 20:00:00,291.1601657485374,292.4381544586323
2009-11-04 21:00:00,290.6358404644465,291.93353057532175
2009-11-05 05:00:00,305.2786869231284,299.49824436934233
2009-11-05 06:00:00,308.10989683177695,300.4075058289045
2009-11-05 08:00:00,311.46865461493496,301.8616593982479
2009-11-05 09:00:00,311.37591068403015,302.0858605007178
2009-11-05 17:00:00,292.9106074305272,294.3569839783185
2009-11-05 18:00:00,291.7675432343329,293.45945415291106
2009-11-05 20:00:00,290.1768601568895,292.2519993480806
2009-11-05 21:00:00,289.6996863413665,291.7728455812428
2009-11-06 05:00:00,305.37925945922666,300.02590197076785
2009-11-06 06:00:00,309.08948402816236,301.4895868992034
2009-11-06 08:00:00,312.7152127822853,302.6216351666326
2009-11-06 09:00:00,312.74512106685313,302.80680367538855
2009-11-06 17:00:00,293.1514266238925,294.16227045044513
2009-11-06 18:00:00,292.412582914708,293.62098334125824
2009-11-06 20:00:00,292.1705135586449,293.52868118638804
2009-11-06 21:00:00,291.799494151158,293.1837238141311
2009-11-07 05:00:00,305.84441122986686,300.4224843640908
2009-11-07 06:00:00,309.72222651171575,302.12553177702785
2009-11-07 08:00:00,313.789675743444,303.54721290341513
2009-11-07 09:00:00,313.8895696043418,303.740034976248
2009-11-07 17:00:00,294.1905412012697,295.1795339011265
2009-11-07 18:00:00,292.98661383348184,294.25418041446727
2009-11-07 20:00:00,291.721419582749,293.38023625683894
2009-11-07 21:00:00,291.17280950090736,292.91240688611987
2009-11-08 05:00:00,305.76073428772634,301.17668255304886
2009-11-08 06:00:00,308.93802237253533,302.7766240241899
2009-11-08 08:00:00,311.69891094096084,303.81975754089825
2009-11-08 09:00:00,312.148536129615,304.0041229765294
2009-11-08 17:00:00,292.5455692332405,294.1609990335944
2009-11-08 18:00:00,291.6062062973234,293.49827295899945
2009-11-08 20:00:00,290.55777715791726,292.60608345114025
2009-11-08 21:00:00,290.19860976208895,292.4151831863474
2009-11-09 05:00:00,306.0872066127501,301.7885056129773
2009-11-09 06:00:00,309.14839313430673,303.19745717100074
2009-11-09 08:00:00,311.7272346625894,304.4181413459484
2009-11-09 09:00:00,312.0530580070978,304.6000502340966
2009-11-09 17:00:00,292.9311656511069,294.68007277854605
2009-11-09 18:00:00,291.67855087303786,293.71133733199815
2009-11-09 20:00:00,290.64675219143487,292.83014616650314
2009-11-09 21:00:00,290.6684952134895,292.7047757470553
2009-11-10 05:00:00,304.11654912304994,299.5429038119794
2009-11-10 06:00:00,307.5821049577099,301.07890592554503
2009-11-10 08:00:00,310.67296455747726,302.3484803421656
2009-11-10 09:00:00,310.470427667415,302.5296654370606
2009-11-10 17:00:00,292.147042508118,293.32416613186456
2009-11-10 18:00:00,291.4816358710291,292.652220504126
2009-11-10 20:00:00,290.6110333411829,291.71721847839825
2009-11-10 21:00:00,290.11033209520053,291.0994839190702
2009-11-11 05:00:00,299.2088158229834,295.27401752207425
2009-11-11 06:00:00,302.72597187436054,297.0418159473108
2009-11-11 08:00:00,306.7631190554203,298.75997036080145
2009-11-11 09:00:00,307.0259357564071,299.26248281799224
2009-11-11 17:00:00,291.7678874152467,292.5119422242527
2009-11-11 18:00:00,291.49925739776194,292.20636964395345
2009-11-11 20:00:00,291.0546957759534,291.65246377483544
2009-11-11 21:00:00,291.1346525359778,291.6860663321426
2009-11-12 05:00:00,294.9493187902888,292.7636011532165
2009-11-12 06:00:00,295.0659362839991,292.36619988722134
2009-11-12 08:00:00,292.8646010059421,291.6301585287085
2009-11-12 09:00:00,292.3387203128386,291.1673825679832
2009-11-12 17:00:00,290.36454307426845,290.24986438721834
2009-11-12 18:00:00,290.43695192968903,290.2051726166383
2009-11-12 20:00:00,290.59943447495095,290.30215331843164
2009-11-12 21:00:00,290.6793967130923,290.3998584247701
2009-11-13 05:00:00,293.7403832716273,292.1674257816262
2009-11-13 06:00:00,297.0006403283823,293.7332978564528
2009-11-13 08:00:00,298.9557172778208,294.54911559682415
2009-11-13 09:00:00,299.57223379079295,295.377509635843
2009-11-13 17:00:00,292.55015585124954,292.7534405630432
2009-11-13 18:00:00,291.90296954844143,292.2303932789478
2009-11-13 20:00:00,291.13246601498554,291.5523530698521
2009-11-13 21:00:00,290.36470052898386,290.9332464891149
2009-11-14 05:00:00,301.64803795013665,296.38679130565953
2009-11-14 06:00:00,303.5723743174219,297.36168829355114
2009-11-14 08:00:00,301.90566814404974,297.88184790471666
2009-11-14 09:00:00,302.9857084159675,298.39642862987074
2009-11-14 17:00:00,291.8095776480041,293.1372601901438
2009-11-14 18:00:00,290.77862534721385,292.62685609414876
2009-11-14 20:00:00,289.5492320479524,291.2680292585047
2009-11-14 21:00:00,289.12134997539783,290.81542705424215
2009-11-15 05:00:00,303.55415595808455,297.0271035122394
2009-11-15 06:00:00,305.5120325073807,297.92797832753513
2009-11-15 08:00:00,306.4009425276417,298.72616008176647
2009-11-15 09:00:00,306.79837595700116,299.19588307055926
2009-11-15 17:00:00,290.2049934140339,291.21044315285235
2009-11-15 18:00:00,289.46393181987463,290.6092836823779
2009-11-15 20:00:00,288.1877909279752,289.49720928738776
2009-11-15 21:00:00,287.5824593189868,289.0867136057426
2009-11-16 05:00:00,302.56974404545156,296.58268124149834
2009-11-16 06:00:00,305.57466750887033,297.47146810993024
2009-11-16 08:00:00,309.7785537320036,299.5520434974706
2009-11-16 09:00:00,309.2129312053851,299.8720489172796
2009-11-16 17:00:00,290.88033361684745,291.8652132619144
2009-11-16 18:00:00,290.17490764318154,291.248727031408
2009-11-16 20:00:00,289.18820667707683,290.6198856724062
2009-11-16 21:00:00,289.02011348213,290.4410298822106
2009-11-17 05:00:00,301.5903572823123,296.9376074933491
2009-11-17 06:00:00,304.44012131419134,298.0356632226788
2009-11-17 08:00:00,307.6750907486503,299.2751387021575
2009-11-17 09:00:00,307.116968680971,299.2789679998977
2009-11-17 17:00:00,289.71300434882545,291.03793233862643
2009-11-17 18:00:00,288.95258565235576,290.4022534198497
2009-11-17 20:00:00,288.1084524898206,289.70364488034477
2009-11-17 21:00:00,287.68657995849986,289.25597909418934
2009-11-18 05:00:00,301.9723429863552,296.5728207957028
2009-11-18 06:00:00,305.1092332272757,297.5169972800327
2009-11-18 08:00:00,308.5774225314336,298.4628450837451
2009-11-18 09:00:00,308.07479632690615,298.69304778065265
2009-11-18 17:00:00,288.164007178073,289.5505932071727
2009-11-18 18:00:00,287.3036267908035,288.90596718339964
2009-11-18 20:00:00,285.1791388654195,287.02815615708363
2009-11-18 21:00:00,284.09145586810234,286.1284735257894
2009-11-19 05:00:00,302.0305583466,295.6691960832922
2009-11-19 06:00:00,305.8493964572901,296.9206834508017
2009-11-19 08:00:00,308.2657940692638,298.13544580491924
2009-11-19 09:00:00,307.2938004598044,298.3674897603886
2009-11-19 17:00:00,286.8176352761009,288.49519435136085
2009-11-19 18:00:00,285.6635263498832,287.4225705797757
2009-11-19 20:00:00,283.48495107218736,285.840060429507
2009-11-19 21:00:00,282.6336258475329,285.68587403378245
2009-11-20 05:00:00,301.2739114158877,295.06408879496104
2009-11-20 06:00:00,305.01786733665523,296.4851254079669
2009-11-20 08:00:00,308.58796332172693,298.2520945215446
2009-11-20 09:00:00,308.05117724966743,298.63061316538665
2009-11-20 17:00:00,285.0268184150496,289.173224638717
2009-11-20 18:00:00,283.90731616380225,289.232560779354
2009-11-20 20:00:00,282.29053583130445,287.8078451288867
2009-11-20 21:00:00,281.747583398099,286.97792631598946
2009-11-21 05:00:00,300.8785571317276,296.14260462215765
2009-11-21 06:00:00,304.78870421234745,297.7264010718864
2009-11-21 08:00:00,309.17696125518376,299.37123712148804
2009-11-21 09:00:00,309.1473379502495,299.6920004023242
2009-11-21 17:00:00,287.53186975605496,289.2220542919471
2009-11-21 18:00:00,286.4543187357428,288.3516373362489
2009-11-21 20:00:00,284.69120137313115,286.73778953611026
2009-11-21 21:00:00,284.08688359194434,286.199094798789
2009-11-22 05:00:00,300.81693330127024,296.4042711772243
2009-11-22 06:00:00,304.4889611948069,297.980945745859
2009-11-22 08:00:00,308.134649597074,299.3998921398757
2009-11-22 09:00:00,307.9278263509366,299.61322139040533
2009-11-22 17:00:00,287.90292567648396,289.39442218139834
2009-11-22 18:00:00,287.062897175229,288.5941590248896
2009-11-22 20:00:00,285.7665464756853,287.3769011181566
2009-11-22 21:00:00,285.209892096615,286.8812427491363
2009-11-23 05:00:00,300.1468195040898,295.7121161650436
2009-11-23 06:00:00,303.6194286375824,297.35107979091185
2009-11-23 08:00:00,307.81100435653707,299.4389456115629
2009-11-23 09:00:00,307.8334400899973,299.7587288502368
2009-11-23 17:00:00,288.14955190884865,289.8907274149232
2009-11-23 18:00:00,287.2377324743521,289.0456438578883
2009-11-23 20:00:00,285.5784154577505,287.37558143274805
2009-11-23 21:00:00,284.7553926300378,286.60518701491634
2009-11-24 05:00:00,300.4256405587924,295.91596935489696
2009-11-24 06:00:00,303.8322043161731,297.58658020301664
2009-11-24 08:00:00,307.7877478930175,299.59393672619836
2009-11-24 09:00:00,307.861267113355,299.9303876644658
2009-11-24 17:00:00,288.4607939404222,289.9828488154477
2009-11-24 18:00:00,287.6643300107889,289.2821898379569
2009-11-24 20:00:00,286.39241098365727,288.1052561614473
2009-11-24 21:00:00,285.76097337343657,287.45337955610046
2009-11-25 05:00:00,303.32374311779245,297.51542045228837
2009-11-25 06:00:00,307.48410165842586,299.3792651959671
2009-11-25 08:00:00,310.31424208818856,301.1441814263907
2009-11-25 09:00:00,309.56079668183173,301.2859118304378
2009-11-25 17:00:00,288.7059137141576,290.83997129842936
2009-11-25 18:00:00,287.4668752614449,289.9465285479012
2009-11-25 20:00:00,285.9667328068949,288.6301470552277
2009-11-25 21:00:00,285.4162349142536,288.0791015625
2009-11-26 05:00:00,302.94005092156505,298.478507184468
2009-11-26 06:00:00,306.90319946477155,299.8798514014951
2009-11-26 08:00:00,309.23405425978365,300.7246301354172
2009-11-26 09:00:00,308.51409604112246,300.7693039669278
2009-11-26 17:00:00,288.7993089296785,291.0241461755315
2009-11-26 18:00:00,287.6079451879845,289.9668449789791
2009-11-26 20:00:00,286.34672271305317,288.6192524914382
2009-11-26 21:00:00,285.87099892920446,288.11638482656616
2009-11-27 05:00:00,303.0804114672363,297.4766431670343
2009-11-27 06:00:00,307.52596143067154,298.8905961046969
2009-11-27 08:00:00,309.6249841064077,300.01867217312247
2009-11-27 09:00:00,308.85609461897513,300.223815635834
2009-11-27 17:00:00,288.6682330397502,290.25679815495147
2009-11-27 18:00:00,287.7586103301203,289.50651771298544
2009-11-27 20:00:00,286.1560782739672,288.0360469024611
2009-11-27 21:00:00,285.39013824698003,287.33708252047177
2009-11-28 05:00:00,300.8150399183088,296.4815321629881
2009-11-28 06:00:00,304.60337420494426,298.1566228175935
2009-11-28 08:00:00,309.0705236073452,299.8976738081875
2009-11-28 09:00:00,309.2468352001878,300.2717117050947
2009-11-28 17:00:00,289.04598060925315,290.42130979000143
2009-11-28 18:00:00,288.19745242173207,289.6956103167659
2009-11-28 20:00:00,286.7578566540922,288.3912958459605
2009-11-28 21:00:00,286.26610035007286,287.9000461619514
2009-11-29 05:00:00,300.3927457130562,296.09745489981583
2009-11-29 06:00:00,304.25623348571116,297.91078771464817
2009-11-29 08:00:00,308.99892958066494,299.79788805193084
2009-11-29 09:00:00,309.12253719852964,300.2124778383135
2009-11-29 17:00:00,289.0543011634486,290.32574777941124
2009-11-29 18:00:00,288.12090356765066,289.5283882129358
2009-11-29 20:00:00,286.2543401027497,287.9364147921005
2009-11-29 21:00:00,285.474826360153,287.26189764695835
2009-11-30 05:00:00,301.0181945424602,296.73551212069805
2009-11-30 06:00:00,304.80887428601096,298.67086232424884
2009-11-30 08:00:00,308.7308355722295,300.5367402016474
2009-11-30 09:00:00,308.4815879786511,300.7474535455689
2009-11-30 17:00:00,288.7043823806457,290.82250076082346
2009-11-30 18:00:00,287.8400404214492,289.8815313730108
2009-11-30 20:00:00,286.9023348627546,288.96005625203134
2009-11-30 21:00:00,286.65603574214987,288.74027634254776
2009-12-01 05:00:00,300.7925565510942,297.0533323361436
2009-12-01 06:00:00,304.3221735315073,298.4932050190648
2009-12-01 08:00:00,309.0638400226235,299.94083078910467
2009-12-01 09:00:00,309.1680334293971,300.16247563295997
2009-12-01 17:00:00,290.2725946693832,291.65393609515695
2009-12-01 18:00:00,289.26768874534287,290.8518908108328
2009-12-01 20:00:00,287.3369100655907,289.0251243838176
2009-12-01 21:00:00,286.77163609297503,288.4237095108385
2009-12-02 05:00:00,300.66393563339636,296.57651643209357
2009-12-02 06:00:00,304.50977712199204,298.08590766424754
2009-12-02 08:00:00,307.7323760045879,299.5373351298422
2009-12-02 09:00:00,307.3637813573993,299.7704420750975
2009-12-02 17:00:00,288.67546295495174,290.44743128513517
2009-12-02 18:00:00,287.48853232643825,289.4295196533203
2009-12-02 20:00:00,285.41547145755334,287.48623932307964
2009-12-02 21:00:00,284.7104481607446,286.8065551851858
2009-12-03 05:00:00,300.53220509674594,296.27640285403777
2009-12-03 06:00:00,303.91279512708104,297.72739491514136
2009-12-03 08:00:00,306.4582888187355,299.105505756678
2009-12-03 09:00:00,306.26430764220345,299.38911240493945
2009-12-03 17:00:00,288.9127184099336,290.5603424213333
2009-12-03 18:00:00,288.25829229369555,289.9214553010115
2009-12-03 20:00:00,287.136388487735,288.7778171016182
2009-12-03 21:00:00,286.6254030530368,288.309782524873
2009-12-04 05:00:00,300.24794730493574,296.491053529807
2009-12-04 06:00:00,304.1484103915504,298.3277078637357
2009-12-04 08:00:00,308.5152774099576,300.0652362135783
2009-12-04 09:00:00,308.30969064298137,300.35032623243995
2009-12-04 17:00:00,288.9635370898137,290.87880696207054
2009-12-04 18:00:00,287.4496014893331,291.34448418521737
2009-12-04 20:00:00,285.75008005574233,291.73858355741106
2009-12-04 21:00:00,285.2235259539541,291.27549261672107
2009-12-05 05:00:00,302.2515180966887,297.2837936801058
2009-12-05 06:00:00,306.253442067762,298.6803353284651
2009-12-05 08:00:00,309.6930824597187,299.9153085012098
2009-12-05 09:00:00,309.13268215373415,300.13437475078103
2009-12-05 17:00:00,289.5063716612171,290.9501821462105
2009-12-05 18:00:00,288.46686256538004,290.0792136875617
2009-12-05 20:00:00,286.6081958412206,288.509083634716
2009-12-05 21:00:00,285.8874385228326,287.9157226280366
2009-12-06 05:00:00,302.1052377521533,296.9400574341761
2009-12-06 06:00:00,305.85188213518853,298.3166235643102
2009-12-06 08:00:00,309.500654834812,299.57897218019457
2009-12-06 09:00:00,309.1920429811639,299.80341507216633
2009-12-06 17:00:00,289.36510637985725,290.75582305014774
2009-12-06 18:00:00,288.67352518278574,290.19865701966364
2009-12-06 20:00:00,287.6836274180831,289.225019152249
2009-12-06 21:00:00,287.2122325221269,288.634882052617
2009-12-07 05:00:00,298.2786494462259,294.565024988677
2009-12-07 06:00:00,302.53159820133436,296.7954343257957
2009-12-07 08:00:00,307.02115540585277,298.74842808610305
2009-12-07 09:00:00,307.3728689184909,299.0978522161123
2009-12-07 17:00:00,289.45217361802867,290.5804263498456
2009-12-07 18:00:00,288.85433242868385,289.99085455425717
2009-12-07 20:00:00,287.84469787879794,288.9243414222001
2009-12-07 21:00:00,287.2687366879409,288.3004754394155
2009-12-08 05:00:00,298.14264343920036,294.3550888320147
2009-12-08 06:00:00,301.85391134253274,296.14234367100227
2009-12-08 08:00:00,306.29394049269763,298.1368521292147
2009-12-08 09:00:00,306.7338197587635,298.56782675156785
2009-12-08 17:00:00,289.57035312740754,290.68428599118084
2009-12-08 18:00:00,288.8684260481495,290.0461672414065
2009-12-08 20:00:00,287.93899557292923,289.2152305097536
2009-12-08 21:00:00,287.54119108931866,288.8217693969538
2009-12-09 05:00:00,298.40006492391393,295.1785840944076
2009-12-09 06:00:00,302.2010892800447,297.225705209976
2009-12-09 08:00:00,306.68459424693344,299.60783687174234
2009-12-09 09:00:00,307.4637595295722,300.19263106759047
2009-12-09 17:00:00,289.9290622658282,291.22478596785777
2009-12-09 18:00:00,288.88525526990145,290.3090765766444
2009-12-09 20:00:00,287.89402025690066,289.3207446364298
2009-12-09 21:00:00,287.56203530051494,288.89004822247574
2009-12-10 05:00:00,298.78231442397106,295.09166902092466
2009-12-10 06:00:00,303.2717407414653,297.2153625958506
2009-12-10 08:00:00,306.867352736933,298.9968498006624
2009-12-10 09:00:00,306.5449649710868,299.21336870237565
2009-12-10 17:00:00,290.7028545738185,291.6076792054257
2009-12-10 18:00:00,289.5695821236021,290.70763762816443
2009-12-10 20:00:00,287.6094265601301,289.1418455855689
2009-12-10 21:00:00,286.9419940307805,288.5594299269384
2009-12-11 05:00:00,300.32517673862736,295.68075695537453
2009-12-11 06:00:00,304.5982913118665,297.39637518884217
2009-12-11 08:00:00,308.1278983470288,298.64569933498956
2009-12-11 09:00:00,307.5854581765291,298.9027543031196
2009-12-11 17:00:00,290.16394054724367,291.0692994950916
2009-12-11 18:00:00,289.54332851886016,290.54258354198765
2009-12-11 20:00:00,288.4000718597271,289.46351919776674
2009-12-11 21:00:00,287.99943135736174,289.03254749080617
2009-12-12 05:00:00,298.0843729686296,294.67501454874986
2009-12-12 06:00:00,301.3365267384769,296.2180583701112
2009-12-12 08:00:00,305.6769229083657,298.1393613418556
2009-12-12 09:00:00,306.445669000799,298.7024321475272
2009-12-12 17:00:00,290.74646045467335,291.51293167090745
2009-12-12 18:00:00,290.0382405708678,290.9184660360516
2009-12-12 20:00:00,288.82407554309066,290.0263475085995
2009-12-12 21:00:00,288.3982483756561,289.64336443461696
2009-12-13 05:00:00,298.4880469605809,294.8054940292758
2009-12-13 06:00:00,302.07894796362643,296.4303265117533
2009-12-13 08:00:00,306.8892700947672,298.328897579058
2009-12-13 09:00:00,306.9935941534527,298.59083279696375
2009-12-13 17:00:00,290.49165351291657,291.01106904063647
2009-12-13 18:00:00,289.7706205488538,290.3539911396515
2009-12-13 20:00:00,288.59445315039216,289.4331650226987
2009-12-13 21:00:00,288.15435607628024,289.0468005869532
2009-12-14 05:00:00,297.42573810689066,294.30653604704355
2009-12-14 06:00:00,300.69805882340773,295.9873039586518
2009-12-14 08:00:00,305.06050467233996,298.09782729420715
2009-12-14 09:00:00,305.61770514677784,298.6455167232567
2009-12-14 17:00:00,291.8953746448864,292.53791994820756
2009-12-14 18:00:00,291.05207493198674,291.7045051092727
2009-12-14 20:00:00,290.5210139387745,291.3333871662158
2009-12-14 21:00:00,290.63256852395364,291.2604911110618
2009-12-15 05:00:00,296.25691187877686,293.33987607794296
2009-12-15 06:00:00,299.6393443432354,295.00654597348534
2009-12-15 08:00:00,305.0826077218783,297.33228789860004
2009-12-15 09:00:00,305.7905049845691,297.7809302472554
2009-12-15 17:00:00,290.1219246134001,290.73935409099187
2009-12-15 18:00:00,289.41332257804225,290.0100166309045
2009-12-15 20:00:00,288.36355489722024,289.048374005569
2009-12-15 21:00:00,287.9477294075471,288.63073354289054
2009-12-16 05:00:00,295.40019846770724,292.956762399071
2009-12-16 06:00:00,297.106158663569,294.01339637039257
2009-12-16 08:00:00,303.58507315660665,296.7836010290772
2009-12-16 09:00:00,304.13257595350274,297.14136814299644
2009-12-16 17:00:00,289.003460571101,289.79582924394657
2009-12-16 18:00:00,288.502442722879,289.2971125104578
2009-12-16 20:00:00,287.10462034722144,288.0126015732211
2009-12-16 21:00:00,286.4348113261313,287.3967523325023
2009-12-17 05:00:00,296.81722404115555,293.5398647972542
2009-12-17 06:00:00,299.857734644909,294.87896533372407
2009-12-17 08:00:00,304.02334886265834,296.25609780239586
2009-12-17 09:00:00,304.23987966105454,296.54813945752636
2009-12-17 17:00:00,287.5779429995591,288.53300983916813
2009-12-17 18:00:00,287.17088879789526,288.13839028098363
2009-12-17 20:00:00,286.4335725193582,287.5501551694238
2009-12-17 21:00:00,285.98793702206365,287.06787452638974
2009-12-18 05:00:00,297.8522113864705,293.504387007656
2009-12-18 06:00:00,301.52737802937514,294.9844042009492
2009-12-18 08:00:00,305.83038614564026,296.2501426896623
2009-12-18 09:00:00,305.7011438496124,296.55519089897166
2009-12-18 17:00:00,286.96456154469166,288.16605258465546
2009-12-18 18:00:00,286.23294443562514,287.5243119297116
2009-12-18 20:00:00,284.9296378442797,286.32970086378384
2009-12-18 21:00:00,284.2917469418471,285.7262105838911
2009-12-19 05:00:00,296.99640033645517,292.9503534725525
2009-12-19 06:00:00,300.30600408192595,294.30640849861413
2009-12-19 08:00:00,304.1396548325549,295.67041189608113
2009-12-19 09:00:00,304.6913016250211,295.9997273167403
2009-12-19 17:00:00,286.5156744911417,287.8334071977848
2009-12-19 18:00:00,285.8579847808979,287.3577825137757
2009-12-19 20:00:00,284.91724573261746,286.56199707125296
2009-12-19 21:00:00,284.4106468118394,286.04640907793095
2009-12-20 05:00:00,296.60442887175435,293.1087101494035
2009-12-20 06:00:00,300.53444712775513,295.0379472212358
2009-12-20 08:00:00,305.0079547194377,296.6231210764457
2009-12-20 09:00:00,305.63603375027844,297.0717081266853
2009-12-20 17:00:00,287.3848337840593,288.3366108146397
2009-12-20 18:00:00,286.54270977378815,287.588572403683
2009-12-20 20:00:00,285.2306119333981,286.4453572183618
2009-12-20 21:00:00,284.66310375901327,285.89899488075855
2009-12-21 05:00:00,296.1986336024774,292.77273978070224
2009-12-21 06:00:00,300.0816727037239,294.5941745187909
2009-12-21 08:00:00,305.03810563991186,296.25650663919555
2009-12-21 09:00:00,305.76514396020923,296.6810642001442
2009-12-21 17:00:00,286.6894062200937,287.789243489458
2009-12-21 18:00:00,285.9256565699408,287.0498944768921
2009-12-21 20:00:00,284.6248896147694,285.86953349767373
2009-12-21 21:00:00,284.0581079844518,285.3391044393342
2009-12-22 05:00:00,297.7355183041518,292.9485802084713
2009-12-22 06:00:00,301.77924056560124,294.6625730635022
2009-12-22 08:00:00,305.9647567584445,296.3569362975416
2009-12-22 09:00:00,305.93150397772416,296.78212146729646
2009-12-22 17:00:00,286.33095777420493,287.6579416801088
2009-12-22 18:00:00,285.45391380180746,286.87078528264635
2009-12-22 20:00:00,283.6560951550312,285.32724401065497
2009-12-22 21:00:00,282.7838506713303,285.032029702961
2009-12-23 05:00:00,298.05664654983025,293.9323911505231
2009-12-23 06:00:00,302.1346547695448,295.5672407341297
2009-12-23 08:00:00,306.85541622590944,297.54630974297896
2009-12-23 09:00:00,306.4964599609375,297.8164056857305
2009-12-23 17:00:00,286.8409825870179,288.2654022545954
2009-12-23 18:00:00,285.64505526832147,287.15548534422703
2009-12-23 20:00:00,283.74819316188064,285.7026815781792
2009-12-23 21:00:00,283.22620451799344,285.1878542437208
2009-12-24 05:00:00,300.06031851041115,294.8610526909263
2009-12-24 06:00:00,304.53792147643765,296.4242847131103
2009-12-24 08:00:00,306.52008846617997,297.2554524896325
2009-12-24 09:00:00,305.97796212359464,297.4252820360275
2009-12-24 17:00:00,286.01907252236765,287.61550143907544
2009-12-24 18:00:00,284.89084090363633,286.65185060192516
2009-12-24 20:00:00,283.0217621837081,284.83034495396316
2009-12-24 21:00:00,282.3607544979807,284.14364877944735
2009-12-25 05:00:00,296.5504498121735,292.78605574268414
2009-12-25 06:00:00,300.6737736259661,294.45228506126466
2009-12-25 08:00:00,305.30083901709514,296.228926319187
2009-12-25 09:00:00,305.2679947675285,296.61933212397827
2009-12-25 17:00:00,285.89836637852557,287.18592098571116
2009-12-25 18:00:00,284.768311463813,286.1257429313954
2009-12-25 20:00:00,282.8812626396379,285.01401600889136
2009-12-25 21:00:00,282.28934552820147,284.5234871086979
2009-12-26 05:00:00,296.1788034306837,292.67738709060364
2009-12-26 06:00:00,300.21822868547014,294.427722266716
2009-12-26 08:00:00,304.5033906957218,295.9503219675026
2009-12-26 09:00:00,304.94278443135175,296.2717285391363
2009-12-26 17:00:00,285.7053229709619,287.0359667291627
2009-12-26 18:00:00,284.6128691921616,286.0475264962172
2009-12-26 20:00:00,282.64378418062796,284.5377664668902
2009-12-26 21:00:00,281.9860646111205,283.86167136546464
2009-12-27 05:00:00,294.9100573382503,291.7393028365078
2009-12-27 06:00:00,299.1264074058122,294.1154238990349
2009-12-27 08:00:00,303.73738328554595,295.9620966742329
2009-12-27 09:00:00,304.35585146582184,296.2906279718196
2009-12-27 17:00:00,286.1337347045334,287.4307975592709
2009-12-27 18:00:00,285.0829620831553,286.47016786831
2009-12-27 20:00:00,283.45634255901507,285.2234559139963
2009-12-27 21:00:00,283.0451212267295,284.8498867840172
2009-12-28 05:00:00,295.4156709973728,292.1796576642476
2009-12-28 06:00:00,299.6689440193823,294.39553343974205
2009-12-28 08:00:00,303.9886074683332,296.291523326527
2009-12-28 09:00:00,304.46772596832415,296.616602611101
2009-12-28 17:00:00,287.0456333718792,288.1338169938427
2009-12-28 18:00:00,286.2783765043427,287.4772898904715
2009-12-28 20:00:00,285.04951893199575,286.455467165343
2009-12-28 21:00:00,284.49088044012274,285.8496020630071
2009-12-29 05:00:00,293.8496712800718,291.61239598161086
2009-12-29 06:00:00,297.5329037329816,293.5658572392398
2009-12-29 08:00:00,301.9083962932757,295.69567788804443
2009-12-29 09:00:00,302.63319291172115,296.0940986245365
2009-12-29 17:00:00,288.9417314573502,289.78276593365547
2009-12-29 18:00:00,288.6919252134068,289.44814362841873
2009-12-29 20:00:00,287.1157263710245,287.9135649553249
2009-12-29 21:00:00,286.250215762569,287.0996596420124
2009-12-30 05:00:00,295.45225381483834,291.51050150302603
2009-12-30 06:00:00,299.68357117921806,293.3093203646009
2009-12-30 08:00:00,304.6992103564905,295.56383033599616
2009-12-30 09:00:00,304.1696321225864,295.88821707374325
2009-12-30 17:00:00,286.25227421788486,287.31750076834703
2009-12-30 18:00:00,285.34972166464036,286.5388947943877
2009-12-30 20:00:00,283.8314983914556,285.33208541987676
2009-12-30 21:00:00,283.1604480478907,284.7037924838544
2009-12-31 05:00:00,296.6561409078871,292.11129798360156
2009-12-31 06:00:00,300.93759559666614,293.7723886639752
2009-12-31 08:00:00,305.5528053083846,295.55298810820733
2009-12-31 09:00:00,305.56620623995605,295.94811019544795
2009-12-31 17:00:00,285.3689546746723,286.7739921534557
2009-12-31 18:00:00,284.3679209563692,285.95486675903135
2009-12-31 20:00:00,282.4310702190193,284.3058321913145
2009-12-31 21:00:00,281.4840792757337,283.7876635347199
