datetime_utc,skt,t2m
2018-01-01 05:00:00,295.7478447724564,291.7063082326175
2018-01-01 06:00:00,300.19971598902913,293.4389362305816
2018-01-01 08:00:00,304.42376104745733,294.97402410992123
2018-01-01 09:00:00,304.1066530577391,295.3068944522523
2018-01-01 17:00:00,284.18777987769647,285.5630265575345
2018-01-01 18:00:00,283.3299196357903,284.81291638390496
2018-01-01 20:00:00,282.0039244947155,283.48207428495766
2018-01-01 21:00:00,281.43464277411465,282.91188364366906
2018-01-02 05:00:00,294.2182809509371,290.63150779124584
2018-01-02 06:00:00,298.2821459659994,292.3527824272544
2018-01-02 08:00:00,302.7166574298876,294.4334029328474
2018-01-02 09:00:00,302.71627290370105,294.85616964331393
2018-01-02 17:00:00,283.62767395583796,285.2396041564471
2018-01-02 18:00:00,282.27789280778273,284.1877353004021
2018-01-02 20:00:00,280.4748757572497,282.51465584353787
2018-01-02 21:00:00,279.7785081437263,281.93208769106167
2018-01-03 05:00:00,294.07583371296136,290.57213151693713
2018-01-03 06:00:00,298.17320620591175,292.4469164597051
2018-01-03 08:00:00,302.6713471963703,294.5926370488477
2018-01-03 09:00:00,303.0546788243557,295.09556259837103
2018-01-03 17:00:00,284.1352047442655,285.60279129098853
2018-01-03 18:00:00,283.3407849045858,284.96368941908077
2018-01-03 20:00:00,282.0536455762772,283.6938039018487
2018-01-03 21:00:00,281.56648230883303,283.1992093690188
2018-01-04 05:00:00,293.62887568539946,291.0415797064595
2018-01-04 06:00:00,297.81652218388115,293.2997212696516
2018-01-04 08:00:00,302.1281927076437,295.24068785962777
2018-01-04 09:00:00,302.5731584404944,295.7673108493235
2018-01-04 17:00:00,282.78349468777844,287.5795723984164
2018-01-04 18:00:00,281.7618463924743,285.55123054962866
2018-01-04 20:00:00,280.3689305286378,283.13152065188933
2018-01-04 21:00:00,279.84827739321764,282.13425639524297
2018-01-05 05:00:00,295.5588224202349,291.93314459143875
2018-01-05 06:00:00,300.3751920867591,294.0133368399551
2018-01-05 08:00:00,305.3537537937723,295.60249168736914
2018-01-05 09:00:00,305.38725659292544,295.9299860221028
2018-01-05 17:00:00,283.02384946379345,285.8236962599086
2018-01-05 18:00:00,282.06425544256786,285.5632546399885
2018-01-05 20:00:00,280.7557230568814,283.24184729248424
2018-01-05 21:00:00,280.26583180478985,282.90012692303065
2018-01-06 05:00:00,295.3764771636352,291.7206411258833
2018-01-06 06:00:00,299.7592758860537,293.726082659282
2018-01-06 08:00:00,304.662093410874,295.2645802314182
2018-01-06 09:00:00,304.63893802213744,295.66263713160726
2018-01-06 17:00:00,285.31339921054933,286.36261433041517
2018-01-06 18:00:00,284.5167960003822,285.55861044297416
2018-01-06 20:00:00,283.3096483697877,284.5716086741772
2018-01-06 21:00:00,282.72915428408487,283.99637539103884
2018-01-07 05:00:00,294.701069483588,290.5372772922134
2018-01-07 06:00:00,299.0721999816424,292.3460692889151
2018-01-07 08:00:00,304.2707600174773,294.1909353435499
2018-01-07 09:00:00,304.259505825895,294.7938633053255
2018-01-07 17:00:00,284.04412058872873,285.3852930759612
2018-01-07 18:00:00,283.17117095618113,284.6317844008812
2018-01-07 20:00:00,281.7867743399551,283.38608032602747
2018-01-07 21:00:00,281.1312330154866,282.7272749138172
2018-01-08 05:00:00,294.20105878597786,290.6204484842591
2018-01-08 06:00:00,298.5395817220303,292.5761464358478
2018-01-08 08:00:00,303.5922344425242,294.6817878288187
2018-01-08 09:00:00,304.1707978094304,295.289933308982
2018-01-08 17:00:00,284.4877443240127,286.0118108434927
2018-01-08 18:00:00,283.6368739476373,285.3373558150234
2018-01-08 20:00:00,282.18014260690273,284.01346424731713
2018-01-08 21:00:00,281.3806792554576,283.2871283250524
2018-01-09 05:00:00,294.1453802170481,291.0782118975106
2018-01-09 06:00:00,298.57824309691443,293.17789533288897
2018-01-09 08:00:00,303.8455330212421,295.2305859534877
2018-01-09 09:00:00,304.4839464372773,295.8316276326936
2018-01-09 17:00:00,284.46255081717516,286.0683525802542
2018-01-09 18:00:00,283.118827032198,285.0485155902034
2018-01-09 20:00:00,281.1355379219232,284.0312395375021
2018-01-09 21:00:00,280.35187127299963,284.582815937342
2018-01-10 05:00:00,295.9897748479858,292.0539686205942
2018-01-10 06:00:00,300.75689796012796,294.062185090569
2018-01-10 08:00:00,305.7975946552765,296.39466321854087
2018-01-10 09:00:00,305.5228874782568,297.00914135478865
2018-01-10 17:00:00,285.55534341632864,287.1002716863835
2018-01-10 18:00:00,284.636469624994,286.25514068368403
2018-01-10 20:00:00,282.953560710137,284.5383928531123
2018-01-10 21:00:00,282.0487765413587,283.62832566365626
2018-01-11 05:00:00,298.5024586164713,292.98468925111655
2018-01-11 06:00:00,302.28629163086686,294.95101096413356
2018-01-11 08:00:00,304.4427471190278,296.71177913154406
2018-01-11 09:00:00,304.33019504635286,297.1235781818031
2018-01-11 17:00:00,285.1241993015096,286.8397675500996
2018-01-11 18:00:00,283.4561284422324,286.92208601330026
2018-01-11 20:00:00,281.4144416656259,286.3689215238363
2018-01-11 21:00:00,280.8081584160427,285.5111907347693
2018-01-12 05:00:00,297.93186811967325,293.222040255742
2018-01-12 06:00:00,302.1101564192809,295.26537063198947
2018-01-12 08:00:00,305.8213581149861,297.53560992271764
2018-01-12 09:00:00,305.8813663241677,298.1608872376899
2018-01-12 17:00:00,286.5107502048299,288.51839191924626
2018-01-12 18:00:00,285.3343408993103,289.304289102187
2018-01-12 20:00:00,284.0438277093215,289.4270608957817
2018-01-12 21:00:00,283.4296710656495,289.4574489035114
2018-01-13 05:00:00,300.85940770412265,295.89617539039926
2018-01-13 06:00:00,305.24477930759616,297.6623413838297
2018-01-13 08:00:00,308.2563573898997,299.21219760794855
2018-01-13 09:00:00,307.62680222991804,299.5394842209544
2018-01-13 17:00:00,288.7697039635045,290.19826163128823
2018-01-13 18:00:00,287.7851469395524,289.29137906161225
2018-01-13 20:00:00,286.1240004670271,287.7615895322732
2018-01-13 21:00:00,285.8362255360937,287.4837129942625
2018-01-14 05:00:00,301.3356011013037,296.2180824456119
2018-01-14 06:00:00,305.74878023732424,297.8095071378217
2018-01-14 08:00:00,308.09063636062695,299.57470872405867
2018-01-14 09:00:00,307.65544180142683,299.8893497037961
2018-01-14 17:00:00,287.7125150330813,289.6582790427656
2018-01-14 18:00:00,286.62374313660143,288.79074884305936
2018-01-14 20:00:00,285.22798709252214,287.52855290911043
2018-01-14 21:00:00,284.48851789054225,286.7455447157285
2018-01-15 05:00:00,299.5870941115087,295.39727021439234
2018-01-15 06:00:00,304.058408175852,297.0067734446475
2018-01-15 08:00:00,308.20834475195466,298.8321926546023
2018-01-15 09:00:00,308.0584568205894,299.4138024657827
2018-01-15 17:00:00,286.1835084982756,287.869476482938
2018-01-15 18:00:00,284.84316125525896,286.57855081190866
2018-01-15 20:00:00,281.9533507783534,284.50071678690625
2018-01-15 21:00:00,280.90723220519556,284.21493360992577
2018-01-16 05:00:00,298.5265979737457,294.11953815289746
2018-01-16 06:00:00,303.4091244831291,296.396666587042
2018-01-16 08:00:00,307.91953130642696,299.0007231819612
2018-01-16 09:00:00,308.1244099151188,299.61522346578874
2018-01-16 17:00:00,286.5070474210248,288.25452875686904
2018-01-16 18:00:00,285.8828208699983,287.64684748245503
2018-01-16 20:00:00,284.86301399783474,286.85691015305247
2018-01-16 21:00:00,284.3975752726175,286.4147246938274
2018-01-17 05:00:00,300.0648366637149,296.70682536214827
2018-01-17 06:00:00,305.039960864145,298.68342557416315
2018-01-17 08:00:00,307.76615242745004,300.0933381537627
2018-01-17 09:00:00,307.46216168278727,300.40154589636853
2018-01-17 17:00:00,288.3445164426266,291.2036656172507
2018-01-17 18:00:00,287.0886173806683,290.2188812396927
2018-01-17 20:00:00,285.18509698759055,289.9042641943886
2018-01-17 21:00:00,284.582717707418,289.2181779012107
2018-01-18 05:00:00,300.29841207025237,295.3889010859932
2018-01-18 06:00:00,305.0477774550992,297.51492206120895
2018-01-18 08:00:00,309.6215841472608,299.4952460055359
2018-01-18 09:00:00,309.7397873794721,300.04914902979493
2018-01-18 17:00:00,288.89307334206325,290.29102747466055
2018-01-18 18:00:00,287.9835976481622,289.58503868914164
2018-01-18 20:00:00,286.5620205119505,288.3337872803487
2018-01-18 21:00:00,285.97925693412043,287.77648928132373
2018-01-19 05:00:00,298.70932545243136,295.26226352873863
2018-01-19 06:00:00,303.4106266156918,297.2447757809114
2018-01-19 08:00:00,308.86893567759745,298.904022428398
2018-01-19 09:00:00,308.9652842094057,299.4239045600127
2018-01-19 17:00:00,288.4310253831014,289.55227087458775
2018-01-19 18:00:00,287.51765427787797,288.69616243100864
2018-01-19 20:00:00,286.0039397535045,287.2633277411086
2018-01-19 21:00:00,285.2558114355995,286.5358302464654
2018-01-20 05:00:00,296.1367077467438,292.3447261628091
2018-01-20 06:00:00,300.7254160453432,294.4441820329804
2018-01-20 08:00:00,306.6906219623489,297.21928991191373
2018-01-20 09:00:00,306.9808414500373,297.9378520101539
2018-01-20 17:00:00,285.9933574893993,287.5988856993031
2018-01-20 18:00:00,284.87259019284477,286.64345589330645
2018-01-20 20:00:00,282.7363805080232,284.6441008534013
2018-01-20 21:00:00,281.8474651977351,283.92112889458843
2018-01-21 05:00:00,297.63250805306694,293.84782085212976
2018-01-21 06:00:00,301.9022552537257,295.8673478701082
2018-01-21 08:00:00,306.39490439675075,297.9268488479873
2018-01-21 09:00:00,306.96793220884445,298.53855773737695
2018-01-21 17:00:00,287.886009510199,289.07247177147536
2018-01-21 18:00:00,287.0396288385376,288.3570861816406
2018-01-21 20:00:00,285.8026813571736,287.30820750749353
2018-01-21 21:00:00,285.24271234121454,286.7988186969963
2018-01-22 05:00:00,296.61901206558775,293.77506828602
2018-01-22 06:00:00,301.068878667564,296.2938190571884
2018-01-22 08:00:00,305.71989969920674,298.83194364715246
2018-01-22 09:00:00,306.21096862887015,299.4034567481748
2018-01-22 17:00:00,290.55915900702104,291.3811274500584
2018-01-22 18:00:00,289.41850814466665,290.5472717285157
2018-01-22 20:00:00,287.3854588301413,288.8455260854289
2018-01-22 21:00:00,286.99062628371325,288.70327951581163
2018-01-23 05:00:00,296.74164968058585,293.5242964358102
2018-01-23 06:00:00,300.1804441854656,295.1380871271683
2018-01-23 08:00:00,301.81264633390316,295.84831110832323
2018-01-23 09:00:00,301.1783072966824,295.85178764355015
2018-01-23 17:00:00,286.53983155237324,287.722693162633
2018-01-23 18:00:00,285.6531136958,286.84643632274566
2018-01-23 20:00:00,284.13914767178625,285.5097076463038
2018-01-23 21:00:00,283.29499840405765,284.6503620823653
2018-01-24 05:00:00,295.11587630214603,290.08144316357345
2018-01-24 06:00:00,298.63836042172005,291.76343528148027
2018-01-24 08:00:00,302.8807165912928,294.3594605338592
2018-01-24 09:00:00,302.9649838534269,294.9617966709226
2018-01-24 17:00:00,284.2809713448876,285.58165220193024
2018-01-24 18:00:00,283.2979819557883,284.68125666308293
2018-01-24 20:00:00,281.6997375253169,283.135910057691
2018-01-24 21:00:00,280.9892226632093,282.4047156335393
2018-01-25 05:00:00,296.77666373465934,290.4616961368978
2018-01-25 06:00:00,301.0486094470385,292.71349970695604
2018-01-25 08:00:00,304.9244467290047,295.10977403261626
2018-01-25 09:00:00,304.9137674575594,295.78259832208806
2018-01-25 17:00:00,284.92143834941373,286.17611593237643
2018-01-25 18:00:00,283.3991382052241,284.9572079133914
2018-01-25 20:00:00,281.4974964770771,283.6158611374019
2018-01-25 21:00:00,280.8239446560665,283.03967767136487
2018-01-26 05:00:00,296.90060076838466,293.1332180687386
2018-01-26 06:00:00,301.63712260241863,294.9237367603555
2018-01-26 08:00:00,306.5493193686651,296.9590088972142
2018-01-26 09:00:00,306.75509932742835,297.4407782650141
2018-01-26 17:00:00,285.9210686588141,287.34082174668515
2018-01-26 18:00:00,284.7096358712172,286.2985173535457
2018-01-26 20:00:00,282.85458439854887,284.6728596268523
2018-01-26 21:00:00,282.1739342311865,284.00365703094906
2018-01-27 05:00:00,297.450167451691,293.39643462523475
2018-01-27 06:00:00,302.6854159644646,295.626837003029
2018-01-27 08:00:00,307.3179703581682,297.7166637308976
2018-01-27 09:00:00,307.31891971817373,298.1970570568679
2018-01-27 17:00:00,286.65987592559014,288.0299552364967
2018-01-27 18:00:00,285.6813338974775,287.2157988702572
2018-01-27 20:00:00,284.0326108770856,285.68721692477607
2018-01-27 21:00:00,283.3431889044669,285.013568261004
2018-01-28 05:00:00,297.1075304028433,293.5644198095854
2018-01-28 06:00:00,302.1209311698361,295.8765943436116
2018-01-28 08:00:00,307.6149010327638,298.3406416741652
2018-01-28 09:00:00,307.947889142852,298.83928260744443
2018-01-28 17:00:00,286.81350498757854,288.23776546060947
2018-01-28 18:00:00,285.9401017528469,287.32170236643367
2018-01-28 20:00:00,284.3969213547435,285.8675752942478
2018-01-28 21:00:00,283.6368875841514,285.1993358359315
2018-01-29 05:00:00,297.69324080786095,294.55298394671945
2018-01-29 06:00:00,302.45846628150883,297.1303606312521
2018-01-29 08:00:00,307.98217533622943,299.43850409415177
2018-01-29 09:00:00,308.92366065450005,300.0595125924273
2018-01-29 17:00:00,287.47275292818273,289.2573571579849
2018-01-29 18:00:00,286.1182325272053,288.40258003787375
2018-01-29 20:00:00,284.1169945668366,288.23866330750735
2018-01-29 21:00:00,283.4060691751207,288.0594390728073
2018-01-30 05:00:00,301.5337904825783,296.81032300105636
2018-01-30 06:00:00,306.24248653934995,298.9172981156407
2018-01-30 08:00:00,309.5964106719924,301.2574198389274
2018-01-30 09:00:00,309.3954873107064,301.783743366071
2018-01-30 17:00:00,289.00984937200565,290.85695738711604
2018-01-30 18:00:00,287.543953447386,289.5486401762176
2018-01-30 20:00:00,285.17381735685615,287.7852738061561
2018-01-30 21:00:00,284.36058300706014,286.8782179822173
2018-01-31 05:00:00,299.09213329720757,295.691868904008
2018-01-31 06:00:00,303.9305359027786,298.077101156414
2018-01-31 08:00:00,309.0456127290182,300.9667386376803
2018-01-31 09:00:00,309.3165773177183,301.63774736636594
2018-01-31 17:00:00,288.8412600195463,290.7660750519881
2018-01-31 18:00:00,287.31088562481943,289.77514646086377
2018-01-31 20:00:00,284.92716178247485,291.8463490255441
2018-01-31 21:00:00,284.12133739688915,290.2115059545485
2018-02-01 05:00:00,302.9406453795352,298.202497109059
2018-02-01 06:00:00,306.93857904795686,299.77548427023396
2018-02-01 08:00:00,309.9808759410135,301.4445465275981
2018-02-01 09:00:00,309.67872495019384,301.8130170119745
2018-02-01 17:00:00,289.89226697736603,291.65048144888624
2018-02-01 18:00:00,288.94425703380807,290.92633917151693
2018-02-01 20:00:00,287.66771407634343,289.8738296579323
2018-02-01 21:00:00,287.14433006439447,289.3061395536402
2018-02-02 05:00:00,300.79711827070946,296.15114032762995
2018-02-02 06:00:00,305.557708599167,298.0685963682107
2018-02-02 08:00:00,309.2184004820367,299.97804862141425
2018-02-02 09:00:00,308.7723893693121,300.251536223848
2018-02-02 17:00:00,288.95397349682355,290.2246228939579
2018-02-02 18:00:00,287.9132260644381,289.369155977834
2018-02-02 20:00:00,286.3304084813099,288.0857671611298
2018-02-02 21:00:00,285.75452508911695,287.55057834807457
2018-02-03 05:00:00,298.38044407261174,294.76016454006015
2018-02-03 06:00:00,302.68326010211774,296.334855489628
2018-02-03 08:00:00,307.7186580475747,297.9547089751586
2018-02-03 09:00:00,308.0834897927401,298.46135216758506
2018-02-03 17:00:00,288.00001852685017,289.4662687892356
2018-02-03 18:00:00,287.2003941234712,288.7324038653969
2018-02-03 20:00:00,285.66972520355085,287.2245312001562
2018-02-03 21:00:00,284.97386902984005,286.50908819589483
2018-02-04 05:00:00,296.05486298782984,292.66017014513767
2018-02-04 06:00:00,300.1685464209511,294.63042857871034
2018-02-04 08:00:00,305.77099299026753,296.54256442735675
2018-02-04 09:00:00,306.73062622822675,297.1892806936302
2018-02-04 17:00:00,286.6245297518644,288.0641392500632
2018-02-04 18:00:00,285.6953146160108,287.2990520694774
2018-02-04 20:00:00,284.125750525523,285.9435919010768
2018-02-04 21:00:00,283.6204924502615,285.4873301266522
2018-02-05 05:00:00,296.58522000775685,293.73557868099357
2018-02-05 06:00:00,299.7828928472816,295.39595795853296
2018-02-05 08:00:00,304.3938481781994,297.5460814254126
2018-02-05 09:00:00,303.9043893681836,297.64482168423933
2018-02-05 17:00:00,290.97677753372074,291.65768223367235
2018-02-05 18:00:00,290.5051557543832,291.1808929913584
2018-02-05 20:00:00,289.79420663983507,290.2681480137336
2018-02-05 21:00:00,289.5635812345014,290.06007067852283
2018-02-06 05:00:00,297.02127300903135,293.82849842888555
2018-02-06 06:00:00,300.61243225944065,295.61266252843916
2018-02-06 08:00:00,303.9533333800423,297.0999901864121
2018-02-06 09:00:00,303.86236196085923,297.36707742041546
2018-02-06 17:00:00,289.88682969950014,290.54320760059795
2018-02-06 18:00:00,288.6960299217095,289.50708647317987
2018-02-06 20:00:00,287.5694808137068,288.32337072340107
2018-02-06 21:00:00,286.8606351079486,287.65785682807535
2018-02-07 05:00:00,297.3818621055004,293.27454017674427
2018-02-07 06:00:00,301.5950184074132,294.91724989410545
2018-02-07 08:00:00,307.46917296704964,297.08797935638665
2018-02-07 09:00:00,308.3135599568372,297.63170845960434
2018-02-07 17:00:00,287.73889729128047,288.8153495142016
2018-02-07 18:00:00,286.867731197222,288.218418820797
2018-02-07 20:00:00,285.7881946064107,287.1827042495892
2018-02-07 21:00:00,285.20601464787325,286.6541720538735
2018-02-08 05:00:00,297.6405325068163,293.72281180030575
2018-02-08 06:00:00,302.0019790578881,295.4908369913675
2018-02-08 08:00:00,305.28146061360934,296.45663489766406
2018-02-08 09:00:00,305.98467754252334,296.83608359879076
2018-02-08 17:00:00,286.5563733258123,287.9365957110248
2018-02-08 18:00:00,285.48211072736603,287.14883143067914
2018-02-08 20:00:00,283.5367715421186,285.4752842178697
2018-02-08 21:00:00,282.6961893513684,284.62774625287403
2018-02-09 05:00:00,297.57536600403864,293.5655422827863
2018-02-09 06:00:00,302.04184006983405,295.5126271299295
2018-02-09 08:00:00,308.53464267066516,297.6561851560243
2018-02-09 09:00:00,309.0039616189496,298.081353021513
2018-02-09 17:00:00,286.8841369581884,288.4094397217173
2018-02-09 18:00:00,285.9185552141516,287.5622382259516
2018-02-09 20:00:00,283.9180646288009,286.2138403141627
2018-02-09 21:00:00,283.4077260350961,285.9221074790543
2018-02-10 05:00:00,296.34442204503324,293.549592569172
2018-02-10 06:00:00,300.32640985568247,295.82514194200513
2018-02-10 08:00:00,305.72870235119836,298.8023526231387
2018-02-10 09:00:00,306.38179625054175,299.36693642356175
2018-02-10 17:00:00,290.82980438373494,291.7226731780865
2018-02-10 18:00:00,290.3095217853188,291.16804840605135
2018-02-10 20:00:00,288.6135417779532,289.6149891998808
2018-02-10 21:00:00,288.2546868463878,289.25058693437626
2018-02-11 05:00:00,295.1850317909464,292.60494017049973
2018-02-11 06:00:00,298.33050736954846,294.5358234046971
2018-02-11 08:00:00,302.75910702839104,297.3955841064453
2018-02-11 09:00:00,303.97808071424487,298.1868754476539
2018-02-11 17:00:00,289.1386609187663,290.45995463649007
2018-02-11 18:00:00,287.9050477296803,290.6075579344951
2018-02-11 20:00:00,286.54243358735494,289.3916191253897
2018-02-11 21:00:00,285.9571409298937,288.0694640266877
2018-02-12 05:00:00,297.9245459934229,293.41488631003074
2018-02-12 06:00:00,302.3567568128024,295.4785370202204
2018-02-12 08:00:00,306.1668638867112,297.4484437492853
2018-02-12 09:00:00,306.2136858218624,297.875442928085
2018-02-12 17:00:00,287.4981417898405,288.7826781897406
2018-02-12 18:00:00,286.71185497877593,288.18450664408584
2018-02-12 20:00:00,285.4832458260982,287.22144069583464
2018-02-12 21:00:00,285.04842843406925,286.72601059735837
2018-02-13 05:00:00,295.34860144851757,292.2962811768331
2018-02-13 06:00:00,300.3253472890986,295.0339821931578
2018-02-13 08:00:00,306.1829063286216,297.10537138999155
2018-02-13 09:00:00,306.89911831472244,297.57837266730974
2018-02-13 17:00:00,287.9251980774208,289.22493514661977
2018-02-13 18:00:00,287.2374959043435,288.4805945115758
2018-02-13 20:00:00,286.08182552672685,287.39272582255455
2018-02-13 21:00:00,285.4708103597256,286.7878616873766
2018-02-14 05:00:00,298.3825959615604,293.5620277534097
2018-02-14 06:00:00,302.97428616610443,295.5264419767265
2018-02-14 08:00:00,307.7031625239251,297.79971278209723
2018-02-14 09:00:00,307.6343435983996,298.33466199219504
2018-02-14 17:00:00,288.36914375199376,289.53152028511414
2018-02-14 18:00:00,287.4788585833299,288.789598062336
2018-02-14 20:00:00,286.1204847856001,287.6266616092441
2018-02-14 21:00:00,285.46047432874497,286.93221100746945
2018-02-15 05:00:00,301.34456402935854,294.8814976108827
2018-02-15 06:00:00,305.37814493282184,296.792375020878
2018-02-15 08:00:00,308.97283051524585,299.0260058433874
2018-02-15 09:00:00,309.2291098008355,299.6445899105219
2018-02-15 17:00:00,289.83483465867715,291.23114925907646
2018-02-15 18:00:00,288.7363144179522,290.3133996337515
2018-02-15 20:00:00,286.6011303870814,288.2773265397788
2018-02-15 21:00:00,285.76604911910005,287.50326183066346
2018-02-16 05:00:00,302.7028078805133,296.95603451486363
2018-02-16 06:00:00,307.44725201199714,298.7547169407638
2018-02-16 08:00:00,311.02763968586737,300.99137135463064
2018-02-16 09:00:00,310.8689174563933,301.5210054747313
2018-02-16 17:00:00,290.39744057677376,292.00566493711784
2018-02-16 18:00:00,289.3409838566244,291.190994333229
2018-02-16 20:00:00,287.68647547458835,289.46113574670164
2018-02-16 21:00:00,286.5644898965657,289.3383293445746
2018-02-17 05:00:00,303.89880740220076,297.89250147838624
2018-02-17 06:00:00,307.6787060471639,299.73974597619383
2018-02-17 08:00:00,310.09673733703903,301.4856452883117
2018-02-17 09:00:00,310.11525057423836,301.9528471677807
2018-02-17 17:00:00,290.4003189862785,291.93559904642206
2018-02-17 18:00:00,288.9626238665706,290.80262873903814
2018-02-17 20:00:00,287.2852415487469,289.40085494830544
2018-02-17 21:00:00,286.611196955841,288.7345598923223
2018-02-18 05:00:00,303.1575947248697,297.5950506648224
2018-02-18 06:00:00,307.89372918785807,299.29968003095206
2018-02-18 08:00:00,312.2529660828859,301.1795148805404
2018-02-18 09:00:00,312.07590043783557,301.84816881835184
2018-02-18 17:00:00,290.57788057724025,292.10569749076853
2018-02-18 18:00:00,289.278125286837,290.9679944195622
2018-02-18 20:00:00,287.5032236014015,289.51356080794375
2018-02-18 21:00:00,286.8688084583253,288.86308123995605
2018-02-19 05:00:00,300.563214318227,296.90361921078255
2018-02-19 06:00:00,305.36008400468864,299.45795202034833
2018-02-19 08:00:00,311.91949342983344,301.95642113354984
2018-02-19 09:00:00,313.16135193717497,302.5939085832546
2018-02-19 17:00:00,291.82574213671575,293.1093954547712
2018-02-19 18:00:00,290.5997248386565,292.12794109044717
2018-02-19 20:00:00,288.5020562452602,290.5420626271487
2018-02-19 21:00:00,287.75439126318884,289.8531147585077
2018-02-20 05:00:00,303.0068315408998,298.9407484762842
2018-02-20 06:00:00,307.589636216362,301.17999060679296
2018-02-20 08:00:00,313.7406737528891,303.7007155455133
2018-02-20 09:00:00,314.2925704697431,304.2097057701076
2018-02-20 17:00:00,292.60237913910527,294.0893545283008
2018-02-20 18:00:00,291.33667979659214,292.9353235888371
2018-02-20 20:00:00,289.4788701508556,291.6592924473649
2018-02-20 21:00:00,288.94050285445155,291.1939330490418
2018-02-21 05:00:00,305.3209325852123,301.52133051750286
2018-02-21 06:00:00,309.2871395634209,303.30872957438277
2018-02-21 08:00:00,312.51097626531805,304.53363025353764
2018-02-21 09:00:00,312.49589957074136,304.6994977342697
2018-02-21 17:00:00,293.6944960254734,295.2502464447257
2018-02-21 18:00:00,292.327241071751,294.2113222142765
2018-02-21 20:00:00,290.55006533300934,293.0211639404297
2018-02-21 21:00:00,290.12131313329854,292.54197589421676
2018-02-22 05:00:00,305.1358056678243,301.35212691061673
2018-02-22 06:00:00,309.55422275349247,303.32269773791865
2018-02-22 08:00:00,314.04836159163887,305.0397424918294
2018-02-22 09:00:00,314.08624340462944,305.42080272327775
2018-02-22 17:00:00,293.9129583655594,295.5667154932243
2018-02-22 18:00:00,292.9448870877823,294.74244081000523
2018-02-22 20:00:00,291.86018237568015,293.68300011492295
2018-02-22 21:00:00,291.1389681635359,292.7607226966893
2018-02-23 05:00:00,307.05065017488596,301.15942709618616
2018-02-23 06:00:00,311.8289341155113,303.2051691134649
2018-02-23 08:00:00,315.3459556591345,305.258944330671
2018-02-23 09:00:00,314.5858212134504,305.5724000622202
2018-02-23 17:00:00,294.8595519925487,296.076345246819
2018-02-23 18:00:00,294.1565066486,295.50247135955857
2018-02-23 20:00:00,292.7770719836783,294.33576988843265
2018-02-23 21:00:00,292.13670022314983,293.75685208971584
2018-02-24 05:00:00,303.2583273724525,300.3036864623083
2018-02-24 06:00:00,307.512404196435,302.17396571272513
2018-02-24 08:00:00,311.5330684056451,303.7463027178231
2018-02-24 09:00:00,311.7870138018451,304.16589085089595
2018-02-24 17:00:00,294.4983260708708,295.5837545527148
2018-02-24 18:00:00,294.07712229301086,295.1532525061092
2018-02-24 20:00:00,293.57725736503426,294.66839869988536
2018-02-24 21:00:00,292.9589116312506,293.85578013274636
2018-02-25 05:00:00,302.77364378754277,298.57679022038116
2018-02-25 06:00:00,306.7878294299675,300.52660519169365
2018-02-25 08:00:00,311.2272072955162,302.6576913795413
2018-02-25 09:00:00,311.5556331217197,303.1510476463565
2018-02-25 17:00:00,292.57249603506597,293.78499990031236
2018-02-25 18:00:00,291.5689236210381,292.9111970922062
2018-02-25 20:00:00,290.37146623843626,291.9020581825856
2018-02-25 21:00:00,289.8493543486749,291.2762069114368
2018-02-26 05:00:00,303.31729238830474,297.21692249550847
2018-02-26 06:00:00,308.3861469803679,299.49097006493616
2018-02-26 08:00:00,313.25314222903023,302.4801646087129
2018-02-26 09:00:00,313.0222752928183,303.1337025411691
2018-02-26 17:00:00,293.3709531528373,294.7060321402293
2018-02-26 18:00:00,292.51013736107683,293.965794591213
2018-02-26 20:00:00,290.6850646361364,292.2978778480565
2018-02-26 21:00:00,289.9442035222458,291.70482775389877
2018-02-27 05:00:00,306.70410986196464,299.91461475531014
2018-02-27 06:00:00,310.7358897580939,301.57558059104605
2018-02-27 08:00:00,315.8416902515664,303.9147515201422
2018-02-27 09:00:00,316.0136981135341,304.55850438381015
2018-02-27 17:00:00,294.5079734108665,295.81458140227755
2018-02-27 18:00:00,293.47116841226585,294.9968842211049
2018-02-27 20:00:00,291.39776434993894,293.1580759527503
2018-02-27 21:00:00,290.64446024608174,292.56797783473974
2018-02-28 05:00:00,305.9317358925089,301.35526518976013
2018-02-28 06:00:00,310.40412197495095,303.06647191686875
2018-02-28 08:00:00,314.48188438474307,305.11509638758395
2018-02-28 09:00:00,315.05839169447887,305.72321273733183
2018-02-28 17:00:00,295.90538295281505,297.2552174478539
2018-02-28 18:00:00,295.00626419137916,296.472744205516
2018-02-28 20:00:00,292.92284932893307,294.2909019717083
2018-02-28 21:00:00,292.1485525639656,293.5423525206297
2018-03-01 05:00:00,305.2445387877008,300.99812326299025
2018-03-01 06:00:00,309.9218867556156,303.1727116941855
2018-03-01 08:00:00,315.5304372402479,305.68765470390144
2018-03-01 09:00:00,315.63798901480044,306.19192427295746
2018-03-01 17:00:00,295.2027850511078,296.80728422144347
2018-03-01 18:00:00,294.41792191562735,296.17735297580714
2018-03-01 20:00:00,293.6020137040384,295.5757219640794
2018-03-01 21:00:00,293.06497241756404,294.8475341796875
2018-03-02 05:00:00,306.82683649048414,301.76032641488706
2018-03-02 06:00:00,311.16145515148,303.2791832687308
2018-03-02 08:00:00,314.8458902744005,305.09307889541606
2018-03-02 09:00:00,314.7855069905474,305.39605414297995
2018-03-02 17:00:00,294.5741429262793,296.2396248698418
2018-03-02 18:00:00,293.5537999039989,295.44751105874275
2018-03-02 20:00:00,292.48476138357387,294.6305728906476
2018-03-02 21:00:00,292.01168879669143,294.05498926665274
2018-03-03 05:00:00,305.68822038412463,301.87196507622906
2018-03-03 06:00:00,309.83722690294263,303.83626435313647
2018-03-03 08:00:00,312.80592788202557,305.22197905600717
2018-03-03 09:00:00,311.99196089875346,305.0698644464666
2018-03-03 17:00:00,294.5159656307179,295.7378879541242
2018-03-03 18:00:00,293.7751263587611,295.0013112918989
2018-03-03 20:00:00,292.71979206479017,294.1580229349239
2018-03-03 21:00:00,291.9964506504899,293.4752816551456
2018-03-04 05:00:00,306.56352772293917,300.38770111977414
2018-03-04 06:00:00,310.0458987901685,301.6204740409675
2018-03-04 08:00:00,310.5867953072711,302.6055346049586
2018-03-04 09:00:00,308.1330322594782,302.2055988987716
2018-03-04 17:00:00,292.58474557462205,293.12245486219786
2018-03-04 18:00:00,291.61002727208773,292.33707887623086
2018-03-04 20:00:00,289.7999680200233,291.0626037785746
2018-03-04 21:00:00,288.9056776425872,290.2250776481922
2018-03-05 05:00:00,305.6895719742738,298.7957947294591
2018-03-05 06:00:00,309.86598802751683,300.24995979579467
2018-03-05 08:00:00,314.3068475238348,302.1740119828282
2018-03-05 09:00:00,314.0315377069365,302.76191798417335
2018-03-05 17:00:00,292.7810626154872,294.1279704794862
2018-03-05 18:00:00,291.8695734667668,293.38915709979
2018-03-05 20:00:00,290.32608930355593,292.0084658300932
2018-03-05 21:00:00,289.4878783380306,291.1482301074294
2018-03-06 05:00:00,306.6595934146358,299.54619204575545
2018-03-06 06:00:00,310.59712832881416,301.0959157370639
2018-03-06 08:00:00,313.5769243049328,302.7682483361572
2018-03-06 09:00:00,313.5864944575564,303.2108152415977
2018-03-06 17:00:00,292.0703002036261,293.47283888524413
2018-03-06 18:00:00,291.05878066428824,292.63989838539914
2018-03-06 20:00:00,289.4480605867501,291.2773192277859
2018-03-06 21:00:00,288.63030371056135,290.4669124562127
2018-03-07 05:00:00,306.65159804427935,299.7489808821715
2018-03-07 06:00:00,310.58208567850033,301.15538299983746
2018-03-07 08:00:00,315.1093760580054,303.11459552782526
2018-03-07 09:00:00,315.5511222333864,303.58846735550185
2018-03-07 17:00:00,292.7215168487126,293.96878881704276
2018-03-07 18:00:00,291.6615471274166,293.15249516232905
2018-03-07 20:00:00,290.0110526533083,291.8595417416518
2018-03-07 21:00:00,289.37444315999977,291.2581842125656
2018-03-08 05:00:00,304.3922726435727,300.2922796358129
2018-03-08 06:00:00,307.8418918133517,302.0605417260404
2018-03-08 08:00:00,311.7080454539812,303.864226189894
2018-03-08 09:00:00,313.4288286112123,304.5023770560102
2018-03-08 17:00:00,294.50486292199844,295.8987959757424
2018-03-08 18:00:00,293.94104495290986,295.3975109929113
2018-03-08 20:00:00,292.0064765683308,293.71047077854905
2018-03-08 21:00:00,291.35740518202584,293.0889799238537
2018-03-09 05:00:00,304.9302809704984,301.01736753490195
2018-03-09 06:00:00,309.41622099560476,303.257904522959
2018-03-09 08:00:00,313.94632806763263,304.9172049406313
2018-03-09 09:00:00,314.35247607591157,305.12277017131976
2018-03-09 17:00:00,294.71052711145904,296.0230452856408
2018-03-09 18:00:00,293.9027003213327,295.30525108772366
2018-03-09 20:00:00,292.3537324925968,294.15537032728383
2018-03-09 21:00:00,291.6754752043032,293.5472018296252
2018-03-10 05:00:00,305.93572800552533,302.0917345702373
2018-03-10 06:00:00,309.7610436014843,303.9922675557423
2018-03-10 08:00:00,314.9479167685487,305.7998155967113
2018-03-10 09:00:00,315.3923875194485,305.96973669584065
2018-03-10 17:00:00,291.7566557239127,296.8677312677557
2018-03-10 18:00:00,290.40017385144813,295.0216788599046
2018-03-10 20:00:00,288.87488912103356,291.47224567336923
2018-03-10 21:00:00,288.3738921037624,290.8638987959993
2018-03-11 05:00:00,306.1185111823177,301.72851797612316
2018-03-11 06:00:00,310.19065419624695,303.533390015777
2018-03-11 08:00:00,316.5587491122159,305.66732999687025
2018-03-11 09:00:00,317.28949219126184,306.12015936664886
2018-03-11 17:00:00,294.49350779670044,295.9936698596173
2018-03-11 18:00:00,293.2679888426982,294.9472495668291
2018-03-11 20:00:00,290.77901565716337,293.0281301301507
2018-03-11 21:00:00,289.6361383752573,292.47022655234315
2018-03-12 05:00:00,307.1114288236033,302.2914988748465
2018-03-12 06:00:00,311.38329215262814,304.2352910916133
2018-03-12 08:00:00,318.1275389543483,306.3819826240716
2018-03-12 09:00:00,318.8036883902293,306.7801922532186
2018-03-12 17:00:00,292.88450041831186,297.520433281897
2018-03-12 18:00:00,291.498752752695,296.7431758886493
2018-03-12 20:00:00,289.41708254116156,292.924499229584
2018-03-12 21:00:00,288.72488408022565,291.47253497906934
2018-03-13 05:00:00,307.80732487236224,302.9613077783805
2018-03-13 06:00:00,311.79749651939727,304.776836448164
2018-03-13 08:00:00,317.21044033150457,306.962869065201
2018-03-13 09:00:00,317.3152204610534,307.46540232983136
2018-03-13 17:00:00,295.5763790794808,297.11759598413124
2018-03-13 18:00:00,294.59833426688596,296.21568110249996
2018-03-13 20:00:00,293.2857441248255,295.0996729963917
2018-03-13 21:00:00,292.5981134258911,294.4233837157075
2018-03-14 05:00:00,305.50804281602103,300.720083157344
2018-03-14 06:00:00,309.4706839868578,302.3563498804125
2018-03-14 08:00:00,313.2499983777251,304.5100837084472
2018-03-14 09:00:00,313.0998142283576,304.90285483714433
2018-03-14 17:00:00,294.5012859703029,296.091036592316
2018-03-14 18:00:00,293.83370452081476,295.60856978735313
2018-03-14 20:00:00,293.3184923545238,295.3661069003019
2018-03-14 21:00:00,293.40878281791703,295.42516055349574
2018-03-15 05:00:00,305.3808464438228,301.28619483512796
2018-03-15 06:00:00,309.30594756092614,302.9685099738405
2018-03-15 08:00:00,312.32700095154655,303.9867232077295
2018-03-15 09:00:00,312.825344373706,304.4896036392
2018-03-15 17:00:00,294.1803311199547,295.7109530644351
2018-03-15 18:00:00,292.9526457000403,294.7774844176964
2018-03-15 20:00:00,291.45027308765293,293.72005924642184
2018-03-15 21:00:00,290.7187026483804,292.9420045403009
2018-03-16 05:00:00,307.91268264935087,302.1351458016088
2018-03-16 06:00:00,312.0173085452229,303.1044885197479
2018-03-16 08:00:00,315.24528240092184,304.7545610613008
2018-03-16 09:00:00,314.93289894609495,305.14274312682073
2018-03-16 17:00:00,293.93447779580515,295.577692534413
2018-03-16 18:00:00,292.8917078097539,294.7428216684397
2018-03-16 20:00:00,291.48440690474075,293.59035916321085
2018-03-16 21:00:00,290.90737910336816,292.85253892143265
2018-03-17 05:00:00,307.8117897021936,301.90656916496386
2018-03-17 06:00:00,312.31370069506727,303.43163747449506
2018-03-17 08:00:00,316.6974927199824,305.02216305020045
2018-03-17 09:00:00,316.63589327067183,305.4005782916476
2018-03-17 17:00:00,294.2216089422053,295.7689799351391
2018-03-17 18:00:00,293.0542256923964,294.762254406381
2018-03-17 20:00:00,291.1307360585923,293.1654477817435
2018-03-17 21:00:00,290.41731727729405,292.5055907121608
2018-03-18 05:00:00,306.5057669053276,302.0168474664673
2018-03-18 06:00:00,310.67055162332827,303.84346393884977
2018-03-18 08:00:00,317.0541896967013,305.72064902565694
2018-03-18 09:00:00,318.1934033174912,306.2755536518773
2018-03-18 17:00:00,296.76344988195484,297.7519900846555
2018-03-18 18:00:00,295.82117190603486,296.9758826962605
2018-03-18 20:00:00,293.4121972129599,295.14661954106833
2018-03-18 21:00:00,292.3496887959391,294.0731176014858
2018-03-19 05:00:00,303.4701628369066,300.8938267594677
2018-03-19 06:00:00,308.6529641408582,302.8692383611882
2018-03-19 08:00:00,314.95941937980007,305.0929185253079
2018-03-19 09:00:00,315.94999295133294,305.7954327975657
2018-03-19 17:00:00,296.5735201372755,297.6309148850169
2018-03-19 18:00:00,295.83760439927113,296.97967334153657
2018-03-19 20:00:00,294.29768486787066,295.54744131502645
2018-03-19 21:00:00,293.7037108293483,294.9637973826545
2018-03-20 05:00:00,308.3549062908155,302.7048934442788
2018-03-20 06:00:00,312.12775509309694,304.12354815796084
2018-03-20 08:00:00,316.48005236609504,305.9788246096007
2018-03-20 09:00:00,316.455293182232,306.4248000792987
2018-03-20 17:00:00,296.2170138601529,297.45998313210225
2018-03-20 18:00:00,295.3585366365171,296.7886495957573
2018-03-20 20:00:00,294.1238639373074,295.6687405531874
2018-03-20 21:00:00,293.5677967277257,295.0621711719201
2018-03-21 05:00:00,305.922197127379,300.73554249720877
2018-03-21 06:00:00,310.095748266564,302.3665065677214
2018-03-21 08:00:00,312.720382713941,303.6896490440898
2018-03-21 09:00:00,312.2240304344424,303.9274421068847
2018-03-21 17:00:00,294.5344846516802,295.62753178342285
2018-03-21 18:00:00,293.4160926713047,294.5557921046652
2018-03-21 20:00:00,292.4783541968864,293.9727144402973
2018-03-21 21:00:00,291.79714850615284,293.15597465997115
2018-03-22 05:00:00,307.04096272472975,299.84832107708525
2018-03-22 06:00:00,309.9749757975386,301.00783391873165
2018-03-22 08:00:00,313.20733673142723,302.56023600950084
2018-03-22 09:00:00,313.24448605200917,302.98980089843
2018-03-22 17:00:00,294.1018181141058,295.2090369226018
2018-03-22 18:00:00,293.2146204403259,294.4734778264638
2018-03-22 20:00:00,291.8966707485299,293.39736926720946
2018-03-22 21:00:00,291.3385589787699,292.7886891886706
2018-03-23 05:00:00,306.51917980411565,299.2507278371849
2018-03-23 06:00:00,309.98587851972536,300.912215528209
2018-03-23 08:00:00,313.29400256234806,303.1787395506684
2018-03-23 09:00:00,313.2850309351376,303.6928878807691
2018-03-23 17:00:00,294.4023200036565,295.80305182364395
2018-03-23 18:00:00,293.36478112548457,294.97061815541036
2018-03-23 20:00:00,291.7647894813761,293.6023891078673
2018-03-23 21:00:00,291.12291843314387,292.9435368377733
2018-03-24 05:00:00,312.0059209979371,303.07564139109
2018-03-24 06:00:00,314.3739733350663,304.4409682122511
2018-03-24 08:00:00,316.487953221302,305.99954287113144
2018-03-24 09:00:00,316.22435780482596,306.30883462256384
2018-03-24 17:00:00,295.56175389458843,297.055495675062
2018-03-24 18:00:00,294.4970947876917,296.2234458747006
2018-03-24 20:00:00,293.29450313997194,295.4875247761355
2018-03-24 21:00:00,292.80340566767387,294.9766517956562
2018-03-25 05:00:00,310.92962291464784,303.7491678669934
2018-03-25 06:00:00,315.9033489726909,305.5584343438523
2018-03-25 08:00:00,317.86242845062117,307.3242460230282
2018-03-25 09:00:00,317.0899073243693,307.5406542573761
2018-03-25 17:00:00,295.6303036870501,297.59394250996127
2018-03-25 18:00:00,294.3714528840569,296.59611647595614
2018-03-25 20:00:00,292.440245547537,294.9601887848418
2018-03-25 21:00:00,291.46772599183544,294.06073825642216
2018-03-26 05:00:00,313.29571852955877,304.70065293510453
2018-03-26 06:00:00,315.62917594733335,306.04276721172596
2018-03-26 08:00:00,318.71144012310106,308.1792836946038
2018-03-26 09:00:00,318.7948127593759,308.67028808593756
2018-03-26 17:00:00,295.84855118150523,297.99070951347176
2018-03-26 18:00:00,293.9374041211991,296.5203778189026
2018-03-26 20:00:00,291.57537865308103,294.54889938754184
2018-03-26 21:00:00,291.10711387787103,294.2083036543225
2018-03-27 05:00:00,312.1373484277946,306.7021783437861
2018-03-27 06:00:00,315.96957134135147,307.88722076180903
2018-03-27 08:00:00,319.66765334683316,309.38491325202085
2018-03-27 09:00:00,319.61103952463674,309.6971274259829
2018-03-27 17:00:00,297.8675339144809,299.7649617246561
2018-03-27 18:00:00,296.7647346531849,298.8152713863802
2018-03-27 20:00:00,294.7311560773335,297.27533332812953
2018-03-27 21:00:00,293.70103200668547,296.3900697352522
2018-03-28 05:00:00,311.81847211135374,307.09075850147315
2018-03-28 06:00:00,316.52055086156435,308.94729412061224
2018-03-28 08:00:00,320.9390337316575,310.9401865813692
2018-03-28 09:00:00,320.64684630689345,311.187166681275
2018-03-28 17:00:00,298.2162418218533,300.4109477320879
2018-03-28 18:00:00,296.9779455481766,299.30195965642
2018-03-28 20:00:00,294.8940732041934,297.2600389665742
2018-03-28 21:00:00,293.93271849739534,296.1073496249865
2018-03-29 05:00:00,313.96659148088406,306.54921490826484
2018-03-29 06:00:00,318.447236847253,308.6064121146415
2018-03-29 08:00:00,321.37756371167484,310.68116861352206
2018-03-29 09:00:00,320.81718009866444,310.98547203404877
2018-03-29 17:00:00,298.04240939429803,300.03203654472924
2018-03-29 18:00:00,296.7515293350573,298.90744009150194
2018-03-29 20:00:00,294.8033621718961,297.1874601954855
2018-03-29 21:00:00,293.5787489880766,296.0130672366667
2018-03-30 05:00:00,313.84460458623244,307.6096727697434
2018-03-30 06:00:00,317.8435577956848,309.28258233445086
2018-03-30 08:00:00,321.0350331451934,311.52424099632697
2018-03-30 09:00:00,320.4314571668628,311.7678863572413
2018-03-30 17:00:00,298.45409805932655,300.4458244570598
2018-03-30 18:00:00,297.28762840894046,299.4644386985085
2018-03-30 20:00:00,295.62938446844305,298.0829551003196
2018-03-30 21:00:00,294.6628336384778,296.8110618650087
2018-03-31 05:00:00,312.9357148392358,307.1902772876993
2018-03-31 06:00:00,317.1744444013928,309.53287756498133
2018-03-31 08:00:00,320.76848119139123,311.8929366712761
2018-03-31 09:00:00,320.6022356265499,312.1448705876002
2018-03-31 17:00:00,297.89956401713266,299.73304066709454
2018-03-31 18:00:00,295.6011198540498,298.1217794550586
2018-03-31 20:00:00,295.24998443556495,297.3358155237325
2018-03-31 21:00:00,294.8069662320412,296.5691845486822
2018-04-01 05:00:00,310.13917428649995,304.74618908804257
2018-04-01 06:00:00,314.46829284762015,306.8184565469187
2018-04-01 08:00:00,320.75459254283936,309.5814693785963
2018-04-01 09:00:00,322.17871787331325,310.2487296411546
2018-04-01 17:00:00,299.07647246609116,300.5214868201681
2018-04-01 18:00:00,297.9893556192219,299.5842771838736
2018-04-01 20:00:00,296.0704666866543,297.86832438558565
2018-04-01 21:00:00,294.9303085256615,296.77822339920493
2018-04-02 05:00:00,312.46689818489534,306.89260173027617
2018-04-02 06:00:00,317.07725158127136,308.83209016914543
2018-04-02 08:00:00,323.1217897294666,311.2134307014924
2018-04-02 09:00:00,323.25803261214674,311.7041064058136
2018-04-02 17:00:00,300.2586639592387,301.94767711856883
2018-04-02 18:00:00,299.00363335513924,300.88043358660263
2018-04-02 20:00:00,297.0589696005423,299.0534891560559
2018-04-02 21:00:00,296.1523571278905,297.75608952644245
2018-04-03 05:00:00,312.96136016140366,306.77055455282766
2018-04-03 06:00:00,317.13189906515584,308.7748944439763
2018-04-03 08:00:00,320.93636480722296,310.8229921690672
2018-04-03 09:00:00,321.36080382454384,311.30049335497375
2018-04-03 17:00:00,299.84557924432266,301.70345617920304
2018-04-03 18:00:00,298.84782245089355,300.9718538116785
2018-04-03 20:00:00,297.79948481719924,300.0755291249609
2018-04-03 21:00:00,297.1828311632153,299.2380149853064
2018-04-04 05:00:00,313.0666088697907,307.0815108994306
2018-04-04 06:00:00,316.89576899876766,309.4491031217649
2018-04-04 08:00:00,320.5455590998998,311.3787604803664
2018-04-04 09:00:00,320.88295657682494,311.6804670383824
2018-04-04 17:00:00,300.46505227110976,302.19796240384846
2018-04-04 18:00:00,299.59576542976276,301.3744097975627
2018-04-04 20:00:00,298.0937189651748,300.1250715681878
2018-04-04 21:00:00,297.2534919585947,299.1059364354115
2018-04-05 05:00:00,313.54264605835147,306.7198071119782
2018-04-05 06:00:00,318.34575626038253,308.77919363718377
2018-04-05 08:00:00,323.162752618775,310.88251900930067
2018-04-05 09:00:00,323.7904773353612,311.34415187747527
2018-04-05 17:00:00,300.3980989852929,301.8016716203263
2018-04-05 18:00:00,299.0025935709385,300.4559234242961
2018-04-05 20:00:00,296.12417818842385,297.97651851048636
2018-04-05 21:00:00,295.2974450062897,297.44257689771376
2018-04-06 05:00:00,314.0478884281105,307.0796630812352
2018-04-06 06:00:00,318.40438191512334,309.02218453946574
2018-04-06 08:00:00,322.71864133108926,310.89178680749086
2018-04-06 09:00:00,322.4754603405029,311.2837391810719
2018-04-06 17:00:00,298.1186582215578,299.36730486806624
2018-04-06 18:00:00,296.870025470187,298.07407232205196
2018-04-06 20:00:00,294.57509990392373,295.9716172416699
2018-04-06 21:00:00,293.7655837848117,295.5783983885966
2018-04-07 05:00:00,312.02005216483894,305.94590138580844
2018-04-07 06:00:00,315.7876162301227,307.6023610589684
2018-04-07 08:00:00,320.49087519711816,309.4275038473779
2018-04-07 09:00:00,320.72984398605274,309.8706015423744
2018-04-07 17:00:00,298.42635090362126,299.8642025846179
2018-04-07 18:00:00,297.31750015705506,298.9163645786938
2018-04-07 20:00:00,295.08164072844943,296.7612584941376
2018-04-07 21:00:00,293.96013017134237,295.9268195529932
2018-04-08 05:00:00,313.0081978961022,307.1342065514328
2018-04-08 06:00:00,317.1811860823669,309.0826065933392
2018-04-08 08:00:00,321.14857948432535,310.4868476996988
2018-04-08 09:00:00,321.30622271286506,310.8990093166546
2018-04-08 17:00:00,299.4234528387273,301.403419647452
2018-04-08 18:00:00,298.4660491708247,300.5717961057125
2018-04-08 20:00:00,297.56910726726517,299.55572173555015
2018-04-08 21:00:00,296.71362057819573,298.26433155312554
2018-04-09 05:00:00,315.42284265174334,307.6410261721383
2018-04-09 06:00:00,319.057918977664,309.7221756804338
2018-04-09 08:00:00,321.8138981423871,310.21996118107637
2018-04-09 09:00:00,321.2502865313749,310.3414763463848
2018-04-09 17:00:00,299.35887559793764,300.362867099662
2018-04-09 18:00:00,298.97344458158284,300.19615208606695
2018-04-09 20:00:00,297.2678742724685,299.36449424144115
2018-04-09 21:00:00,296.5149995777383,298.5142764898221
2018-04-10 05:00:00,313.4265394401844,307.05848590398244
2018-04-10 06:00:00,316.8882636024699,308.2482992915784
2018-04-10 08:00:00,319.66952009156967,308.79628672548364
2018-04-10 09:00:00,320.37125353232733,309.43857610905303
2018-04-10 17:00:00,298.3587861612141,299.97191896130016
2018-04-10 18:00:00,298.40862566884755,299.49226454630474
2018-04-10 20:00:00,296.4308665177121,297.9531200861527
2018-04-10 21:00:00,295.36767759161484,297.10105143636696
2018-04-11 05:00:00,314.706338279971,307.6607791330488
2018-04-11 06:00:00,318.5121824385022,309.072949848851
2018-04-11 08:00:00,319.8394792553824,310.2448006793053
2018-04-11 09:00:00,318.43900304950074,310.120153488841
2018-04-11 17:00:00,298.0997223934885,300.28053387140824
2018-04-11 18:00:00,296.92998992496723,298.81483182040125
2018-04-11 20:00:00,295.64285889612324,296.76154772930414
2018-04-11 21:00:00,295.1578374313096,296.0382416523844
2018-04-12 05:00:00,312.5207149699583,305.7539855768942
2018-04-12 06:00:00,317.0527953396226,307.61190918156836
2018-04-12 08:00:00,320.980812742824,308.80208734591685
2018-04-12 09:00:00,319.8166400927057,309.0991903343259
2018-04-12 17:00:00,299.0677857009582,300.4763223797956
2018-04-12 18:00:00,298.24763622783547,299.5706986484616
2018-04-12 20:00:00,296.2798177428165,297.24399144623794
2018-04-12 21:00:00,295.606085143949,296.69225145525115
2018-04-13 05:00:00,311.3305853092799,305.3649564487357
2018-04-13 06:00:00,315.6704265435782,306.7496346824893
2018-04-13 08:00:00,319.1103406062662,308.1356621082465
2018-04-13 09:00:00,319.9694741694329,308.4934218631504
2018-04-13 17:00:00,300.3031011737183,301.6962085600443
2018-04-13 18:00:00,299.12212758585923,300.5795400704735
2018-04-13 20:00:00,297.1173163885696,298.6223689051365
2018-04-13 21:00:00,296.0816362378043,297.7200185719918
2018-04-14 05:00:00,312.59989790482956,306.8176654645218
2018-04-14 06:00:00,316.3686867877038,308.51424651300226
2018-04-14 08:00:00,320.108560006681,310.2472618114783
2018-04-14 09:00:00,320.87211157471074,310.79660325718953
2018-04-14 17:00:00,301.0052016247954,302.25100581047167
2018-04-14 18:00:00,300.14036879811346,301.521173932703
2018-04-14 20:00:00,298.1127846927966,300.10646360423794
2018-04-14 21:00:00,297.25012120039696,299.21673701540533
2018-04-15 05:00:00,313.40143221956555,308.01240784067585
2018-04-15 06:00:00,317.7925798037019,309.8384623476096
2018-04-15 08:00:00,321.8142114765655,311.287051208214
2018-04-15 09:00:00,321.64687423823614,311.5736748646882
2018-04-15 17:00:00,301.0511015199917,302.89689175410336
2018-04-15 18:00:00,300.48507645758355,302.366659766904
2018-04-15 20:00:00,299.47106019006856,301.4212497423169
2018-04-15 21:00:00,298.93387919985827,300.9071066081983
2018-04-16 05:00:00,311.341400311063,306.6900795817559
2018-04-16 06:00:00,316.1461541127351,308.5919930762245
2018-04-16 08:00:00,320.2597286888558,311.0782772587334
2018-04-16 09:00:00,319.73073680154715,311.31515498227446
2018-04-16 17:00:00,300.4447408244129,302.11043110099524
2018-04-16 18:00:00,299.5617094583614,301.40729067762754
2018-04-16 20:00:00,299.3895524176317,301.4977445911002
2018-04-16 21:00:00,299.0627306216671,300.94331797172185
2018-04-17 05:00:00,314.8139405801594,308.2690246064784
2018-04-17 06:00:00,318.5059827619415,309.603011073978
2018-04-17 08:00:00,321.8999268894754,310.966165010661
2018-04-17 09:00:00,321.7469825450739,311.2979899260958
2018-04-17 17:00:00,299.25902053057143,300.90076029208853
2018-04-17 18:00:00,297.4520816185809,299.9919350834216
2018-04-17 20:00:00,294.6932577359475,296.86289592443154
2018-04-17 21:00:00,293.83682192198484,296.0705606845568
2018-04-18 05:00:00,315.8839890490328,307.78795251126286
2018-04-18 06:00:00,320.66334592469485,309.4214966572672
2018-04-18 08:00:00,322.3161769919844,311.43338428844106
2018-04-18 09:00:00,321.3361438580764,311.50625598595946
2018-04-18 17:00:00,299.6728731693215,301.426746221463
2018-04-18 18:00:00,298.6280266007951,300.54298847592304
2018-04-18 20:00:00,295.9424289885581,298.2020130833419
2018-04-18 21:00:00,295.3193775053568,297.51047239612177
2018-04-19 05:00:00,314.8260291853378,308.0082098633188
2018-04-19 06:00:00,318.09404266780626,309.3673853234995
2018-04-19 08:00:00,321.28652293435965,311.212391669651
2018-04-19 09:00:00,321.0335322822371,311.3925490886295
2018-04-19 17:00:00,300.24082685802676,301.8115734929113
2018-04-19 18:00:00,299.1303931472849,300.95028474922356
2018-04-19 20:00:00,297.3161157217158,299.694941046058
2018-04-19 21:00:00,296.78186326695516,299.6074956767548
2018-04-20 05:00:00,310.884783517047,306.4610883715708
2018-04-20 06:00:00,313.4191406908315,307.8196088323608
2018-04-20 08:00:00,315.05461014804933,308.55539405952067
2018-04-20 09:00:00,314.8760006380008,308.6325706634757
2018-04-20 17:00:00,296.9458058831872,298.14789782319855
2018-04-20 18:00:00,295.5121974621789,296.9374056729403
2018-04-20 20:00:00,293.85377911536835,295.89721602100434
2018-04-20 21:00:00,292.9290138562031,294.97070940249876
2018-04-21 05:00:00,313.52566401359667,303.52558849552196
2018-04-21 06:00:00,316.99032816130136,305.05363476111086
2018-04-21 08:00:00,319.9144764152257,307.08634513772694
2018-04-21 09:00:00,319.5141671625969,307.645300278862
2018-04-21 17:00:00,296.42466242103995,298.06656779566976
2018-04-21 18:00:00,295.45750460161815,297.31034338529383
2018-04-21 20:00:00,294.0521696117149,296.41626966385337
2018-04-21 21:00:00,293.3503858569223,295.7667009679856
2018-04-22 05:00:00,312.0122506445839,304.3515944047408
2018-04-22 06:00:00,316.5046830610796,305.72335321693834
2018-04-22 08:00:00,320.34968555138914,307.68028085294236
2018-04-22 09:00:00,320.12530176665274,308.12398172857587
2018-04-22 17:00:00,297.23044622624053,298.91679636245516
2018-04-22 18:00:00,296.28260173121663,298.1707230202039
2018-04-22 20:00:00,294.7205143063021,296.90121262466596
2018-04-22 21:00:00,293.929926656244,296.164378114768
2018-04-23 05:00:00,313.41478979642665,305.5319718183098
2018-04-23 06:00:00,316.3963239108469,306.8526082560535
2018-04-23 08:00:00,319.99186440866055,309.04747249091906
2018-04-23 09:00:00,319.8541888455948,309.46968828621556
2018-04-23 17:00:00,297.87745972149906,299.8836513337075
2018-04-23 18:00:00,296.42314952033325,298.6812967732434
2018-04-23 20:00:00,293.7432958664623,296.4158081383845
2018-04-23 21:00:00,292.8121037181978,295.56023593896714
2018-04-24 05:00:00,317.05750818943204,308.17088012225094
2018-04-24 06:00:00,319.83415266839313,309.42024115751997
2018-04-24 08:00:00,322.22909602325393,311.00733606841055
2018-04-24 09:00:00,322.12954131186655,311.4080284130408
2018-04-24 17:00:00,299.0013477813298,301.00361280632313
2018-04-24 18:00:00,297.9867117107374,300.26709598018135
2018-04-24 20:00:00,296.6024399861717,299.1348834397796
2018-04-24 21:00:00,295.97851080519763,298.4697297365162
2018-04-25 05:00:00,313.66033481780113,308.77898913649454
2018-04-25 06:00:00,317.40620246029044,310.5438456248796
2018-04-25 08:00:00,321.48752639841047,312.2989009863056
2018-04-25 09:00:00,321.5714657258914,312.5549596660126
2018-04-25 17:00:00,301.504631759573,303.3006422751123
2018-04-25 18:00:00,300.6466217041016,302.451791325409
2018-04-25 20:00:00,299.9758911367925,302.0973542247237
2018-04-25 21:00:00,299.7491900851069,301.8757031974146
2018-04-26 05:00:00,313.1045947670018,308.33151435558165
2018-04-26 06:00:00,316.71294140925943,310.3857700718202
2018-04-26 08:00:00,319.9637628681671,312.58524081519647
2018-04-26 09:00:00,320.7407175543129,313.12967502023844
2018-04-26 17:00:00,301.99427654342765,303.7754997641353
2018-04-26 18:00:00,301.29831379330585,303.3502477284389
2018-04-26 20:00:00,300.6432696608439,302.73401469038157
2018-04-26 21:00:00,300.1582664172345,302.0946828786324
2018-04-27 05:00:00,315.8384185932083,310.3421032028316
2018-04-27 06:00:00,319.7138351887143,312.16875677593686
2018-04-27 08:00:00,322.64964484874565,313.89254527981
2018-04-27 09:00:00,322.87738366266615,314.272055016093
2018-04-27 17:00:00,303.561235166294,305.1947826508932
2018-04-27 18:00:00,302.2051438624025,304.3080734464531
2018-04-27 20:00:00,301.39907604152876,303.6230325566602
2018-04-27 21:00:00,301.3075846244448,303.37457153132226
2018-04-28 05:00:00,315.40386429185673,310.6677464513088
2018-04-28 06:00:00,318.7941186137853,312.4650357897366
2018-04-28 08:00:00,322.02388924479675,314.17065107583636
2018-04-28 09:00:00,322.0940169700305,314.4421575043712
2018-04-28 17:00:00,304.9123078097915,306.5869757089482
2018-04-28 18:00:00,304.4508494184638,306.07863319526285
2018-04-28 20:00:00,303.20810728851933,304.8094486418784
2018-04-28 21:00:00,302.60733290850106,304.1532755236045
2018-04-29 05:00:00,314.12954994048846,309.6211485311688
2018-04-29 06:00:00,317.7547887675751,311.7682218154884
2018-04-29 08:00:00,322.1326924046309,314.2802582257334
2018-04-29 09:00:00,322.9786230478155,314.78976294660055
2018-04-29 17:00:00,305.1049720517293,306.82803756173115
2018-04-29 18:00:00,304.2531881229536,305.9349849095514
2018-04-29 20:00:00,303.1429742187124,304.8822513809557
2018-04-29 21:00:00,302.6329325718579,304.3084220474785
2018-04-30 05:00:00,314.4187307490039,309.6251285359011
2018-04-30 06:00:00,318.5585788673906,311.99337131400324
2018-04-30 08:00:00,323.2228491831634,315.04291545003883
2018-04-30 09:00:00,323.3748433681776,315.49003662203415
2018-04-30 17:00:00,304.8500228435123,306.3839798091189
2018-04-30 18:00:00,304.0590181512348,305.671343810753
2018-04-30 20:00:00,303.45466465648775,305.5264566477348
2018-04-30 21:00:00,303.251738373414,304.9807099517211
2018-05-01 05:00:00,313.8539695798524,309.3255568211913
2018-05-01 06:00:00,317.9655330757882,311.89338890980866
2018-05-01 08:00:00,323.0653225703306,315.31010900182974
2018-05-01 09:00:00,323.36601682877506,315.8354128703865
2018-05-01 17:00:00,305.34763278579123,306.9878032196468
2018-05-01 18:00:00,304.4054606574342,306.1096319307348
2018-05-01 20:00:00,303.22055364059196,305.11204204353606
2018-05-01 21:00:00,302.59606712588175,304.2744848548172
2018-05-02 05:00:00,314.79211214180174,309.2151653836431
2018-05-02 06:00:00,319.1031246802473,311.3446194688418
2018-05-02 08:00:00,322.86214760896416,314.3100096668778
2018-05-02 09:00:00,322.70086735753324,314.86919465380936
2018-05-02 17:00:00,303.94558247946816,305.2636270155708
2018-05-02 18:00:00,301.8376759439478,303.7308464109071
2018-05-02 20:00:00,298.761336927605,301.38821241851946
2018-05-02 21:00:00,297.93856524686413,300.2377933449297
2018-05-03 05:00:00,315.9524496398832,309.2781576147799
2018-05-03 06:00:00,319.58200952562237,311.3062795159997
2018-05-03 08:00:00,323.7532914548148,313.4772906663422
2018-05-03 09:00:00,323.8725744638311,313.87478569512746
2018-05-03 17:00:00,304.0972580637881,305.29186257008223
2018-05-03 18:00:00,302.08374801659255,303.67231957387116
2018-05-03 20:00:00,299.56228929234584,301.2584434944235
2018-05-03 21:00:00,298.7489415243704,300.34562621976266
2018-05-04 05:00:00,316.77589644562846,310.0654188017999
2018-05-04 06:00:00,319.76533555323243,311.74314878019976
2018-05-04 08:00:00,322.20842831087043,313.23565739659574
2018-05-04 09:00:00,322.977265532836,313.87941910048664
2018-05-04 17:00:00,304.1516117513272,305.2728689514066
2018-05-04 18:00:00,303.3244106956917,304.4368690290878
2018-05-04 20:00:00,300.12005558807425,301.8512834216854
2018-05-04 21:00:00,298.75856622305054,301.30471357395544
2018-05-05 05:00:00,319.34499134598605,310.45487482338365
2018-05-05 06:00:00,323.49849455235363,312.386154409917
2018-05-05 08:00:00,324.59301630851854,314.31099984238074
2018-05-05 09:00:00,324.44296318724264,314.6746331025346
2018-05-05 17:00:00,304.79494477493927,306.23141300806833
2018-05-05 18:00:00,304.0843737445003,305.6430107316545
2018-05-05 20:00:00,302.98219981142114,304.5427971885458
2018-05-05 21:00:00,302.2605749286011,303.66752111966883
2018-05-06 05:00:00,316.1278966307089,310.80340860657776
2018-05-06 06:00:00,318.3790802566223,311.7369628812205
2018-05-06 08:00:00,321.9108447293839,313.2349110090494
2018-05-06 09:00:00,322.0891969090067,313.4527236397718
2018-05-06 17:00:00,302.4432756279944,304.16795600691273
2018-05-06 18:00:00,301.743713143794,303.57738808747985
2018-05-06 20:00:00,300.5323662897472,302.5181770971266
2018-05-06 21:00:00,300.14846928718464,302.1838935887318
2018-05-07 05:00:00,314.40069556566897,308.2634091605024
2018-05-07 06:00:00,317.27410947449954,309.4797512812681
2018-05-07 08:00:00,320.30758998500545,311.1357280807612
2018-05-07 09:00:00,320.29947952717225,311.3740398483394
2018-05-07 17:00:00,302.32396807325273,303.65486608190787
2018-05-07 18:00:00,301.5936396617919,302.94667424700117
2018-05-07 20:00:00,300.72774880619374,302.3000649803409
2018-05-07 21:00:00,300.37578158385946,301.88913678608617
2018-05-08 05:00:00,312.72955531515584,306.88796792522606
2018-05-08 06:00:00,318.32126555126877,308.4520137181451
2018-05-08 08:00:00,321.37565869065395,309.73431532849514
2018-05-08 09:00:00,319.0194806773417,309.7418295650159
2018-05-08 17:00:00,302.13838574331606,302.85519790061636
2018-05-08 18:00:00,301.4433289749781,302.0646996872818
2018-05-08 20:00:00,299.61604602972426,300.55674564966984
2018-05-08 21:00:00,298.91936879679673,300.0230011550597
2018-05-09 05:00:00,314.84444344025366,307.9379927013615
2018-05-09 06:00:00,318.3986281055515,309.4499411325793
2018-05-09 08:00:00,318.1285351487264,309.93936404094495
2018-05-09 09:00:00,319.330785319324,310.74250887501955
2018-05-09 17:00:00,303.2119801055485,304.77917494575485
2018-05-09 18:00:00,303.1900089540173,304.97638830528786
2018-05-09 20:00:00,300.54839702306435,301.63291338669313
2018-05-09 21:00:00,299.0177077424177,300.2922756389036
2018-05-10 05:00:00,316.8017573187642,309.36318943864205
2018-05-10 06:00:00,320.8124926174734,311.2101387294305
2018-05-10 08:00:00,324.750303718085,313.4028406833831
2018-05-10 09:00:00,324.4618709899244,313.71412917314956
2018-05-10 17:00:00,304.39420103475754,305.76092686822125
2018-05-10 18:00:00,303.4399200815633,305.11510285317263
2018-05-10 20:00:00,302.2098725822931,304.09592469484306
2018-05-10 21:00:00,301.464806226075,303.09870099507054
2018-05-11 05:00:00,317.217644196262,310.86877274476507
2018-05-11 06:00:00,320.5319315905931,312.7047736310445
2018-05-11 08:00:00,323.25759563240325,314.1289690484986
2018-05-11 09:00:00,323.80406111377783,314.48953933598267
2018-05-11 17:00:00,303.3219948931725,305.3723549394652
2018-05-11 18:00:00,302.81261179590444,304.99270789759186
2018-05-11 20:00:00,302.27933602120004,304.3098040141384
2018-05-11 21:00:00,301.98785374528273,303.9453561368452
2018-05-12 05:00:00,317.2812352584581,311.61509674025245
2018-05-12 06:00:00,320.4095708438539,312.8638011773672
2018-05-12 08:00:00,323.4907046231357,313.95582782762995
2018-05-12 09:00:00,323.4123617680672,314.1589768796195
2018-05-12 17:00:00,303.7495364760765,305.0911309899094
2018-05-12 18:00:00,302.8248637571173,304.28162509818293
2018-05-12 20:00:00,301.437977912797,303.2255588055392
2018-05-12 21:00:00,300.7234463919477,302.6328741699595
2018-05-13 05:00:00,315.0471699719069,309.3806564025409
2018-05-13 06:00:00,318.57934861851766,311.16847642801577
2018-05-13 08:00:00,322.8783203030955,312.90862101362376
2018-05-13 09:00:00,323.20776510606015,313.3705469022731
2018-05-13 17:00:00,303.5218171999892,305.1405988555109
2018-05-13 18:00:00,302.82164605703485,304.52297555132895
2018-05-13 20:00:00,301.61900268460647,303.26869018272555
2018-05-13 21:00:00,300.8726478188725,302.28946273168907
2018-05-14 05:00:00,318.8195280947928,311.05330546280635
2018-05-14 06:00:00,322.3999344365806,312.6546391750154
2018-05-14 08:00:00,324.55216627312,314.0256615214061
2018-05-14 09:00:00,323.3938227860696,314.0071999854042
2018-05-14 17:00:00,303.73830231606314,305.2431446892455
2018-05-14 18:00:00,302.89309668871584,304.62753361729887
2018-05-14 20:00:00,302.37725470356287,304.02179683926295
2018-05-14 21:00:00,301.7292987606008,303.15897767900134
2018-05-15 05:00:00,316.30013763004536,310.9270363970787
2018-05-15 06:00:00,319.5914777100362,312.7084198703384
2018-05-15 08:00:00,322.044011708217,313.85133867307877
2018-05-15 09:00:00,322.72191719795785,314.26863709436543
2018-05-15 17:00:00,304.13689604819467,305.5772055227694
2018-05-15 18:00:00,303.192430798923,304.91810471545017
2018-05-15 20:00:00,302.6508792354073,304.35099228210913
2018-05-15 21:00:00,302.2123908937804,303.7622363967778
2018-05-16 05:00:00,315.8705075679832,310.6424441815157
2018-05-16 06:00:00,319.24746189205604,312.46292090746584
2018-05-16 08:00:00,323.53174258380534,313.93544951499155
2018-05-16 09:00:00,323.3263327388441,314.13102842075244
2018-05-16 17:00:00,303.1531700051988,304.6480546431108
2018-05-16 18:00:00,301.6780632736136,303.19635550523947
2018-05-16 20:00:00,298.8281622653015,303.4788146408387
2018-05-16 21:00:00,297.7918624290149,303.25887318568533
2018-05-17 05:00:00,318.79894046166277,311.17674459918805
2018-05-17 06:00:00,322.1110336233177,312.56458321264233
2018-05-17 08:00:00,325.0267763534569,314.1957174809578
2018-05-17 09:00:00,324.5701393868045,314.3063566798606
2018-05-17 17:00:00,301.9312024226725,303.5427848921719
2018-05-17 18:00:00,300.4201730219719,302.60446919351585
2018-05-17 20:00:00,298.63463231631897,300.8323197328071
2018-05-17 21:00:00,297.9422612829459,300.0034215894796
2018-05-18 05:00:00,318.2169870808605,311.10773057746593
2018-05-18 06:00:00,321.7390767760196,312.8989861345805
2018-05-18 08:00:00,321.88738400028745,313.1661943338686
2018-05-18 09:00:00,321.6836451690627,313.30528804737907
2018-05-18 17:00:00,302.543453669144,304.15519300557804
2018-05-18 18:00:00,301.0097159692797,302.83994454264825
2018-05-18 20:00:00,300.1421447424749,302.6023135662814
2018-05-18 21:00:00,299.7410948390402,301.8751085043321
2018-05-19 05:00:00,320.4641052152049,310.3438138800153
2018-05-19 06:00:00,324.3345573907273,312.1453345817484
2018-05-19 08:00:00,326.45603301014484,314.0864685011571
2018-05-19 09:00:00,324.9471366188743,314.21328794129636
2018-05-19 17:00:00,303.6335742874028,304.90753190285994
2018-05-19 18:00:00,302.7418452470071,304.4736210098619
2018-05-19 20:00:00,301.4684955614557,302.68011427586913
2018-05-19 21:00:00,300.6922030221149,301.7534919115722
2018-05-20 05:00:00,317.1760956656952,309.8642939727736
2018-05-20 06:00:00,319.81778374952603,311.04920397554224
2018-05-20 08:00:00,322.74984995132235,312.1000541369611
2018-05-20 09:00:00,322.83371512438003,312.1967831745353
2018-05-20 17:00:00,304.3638088890511,305.2145073748149
2018-05-20 18:00:00,303.46220348575633,304.52760794570526
2018-05-20 20:00:00,302.1250252510623,303.68142730759917
2018-05-20 21:00:00,301.63681479337953,303.0615996138892
2018-05-21 05:00:00,317.1533433064841,311.04925445415574
2018-05-21 06:00:00,319.05924101419555,312.0931627599778
2018-05-21 08:00:00,323.39260979462847,313.8302798983864
2018-05-21 09:00:00,324.6721728637883,314.22663477352484
2018-05-21 17:00:00,304.5255714733906,305.78958933966925
2018-05-21 18:00:00,303.5728005055103,304.9515362520615
2018-05-21 20:00:00,301.7612077569007,303.9739261856432
2018-05-21 21:00:00,300.6492527284314,303.723206765479
2018-05-22 05:00:00,322.36568419187574,311.62223985198835
2018-05-22 06:00:00,325.7367863588965,313.0946956217197
2018-05-22 08:00:00,328.7668932663458,315.0973785118256
2018-05-22 09:00:00,328.44784879757924,315.6880086654875
2018-05-22 17:00:00,305.430553630247,306.81054196115264
2018-05-22 18:00:00,304.32504940179905,305.96929966907476
2018-05-22 20:00:00,303.07189457074884,305.1297043152326
2018-05-22 21:00:00,302.39638764979475,304.1932715370402
2018-05-23 05:00:00,319.446008009242,311.954827377719
2018-05-23 06:00:00,323.3988143850365,313.772525405296
2018-05-23 08:00:00,326.1625434393508,315.3444907213396
2018-05-23 09:00:00,325.699009382486,315.52468627553503
2018-05-23 17:00:00,304.6704815833705,306.26812083475033
2018-05-23 18:00:00,303.774842037442,305.5366661647803
2018-05-23 20:00:00,303.1549221091718,305.32922774727797
2018-05-23 21:00:00,302.59206906452386,304.66348308921783
2018-05-24 05:00:00,319.40014164106134,312.17605146458044
2018-05-24 06:00:00,323.2131287937723,313.6553769339398
2018-05-24 08:00:00,326.99380582506745,314.97209303845614
2018-05-24 09:00:00,327.0619672590118,315.31859312366083
2018-05-24 17:00:00,305.1384273346841,306.59748974346047
2018-05-24 18:00:00,303.97300590903075,305.6071904539511
2018-05-24 20:00:00,302.70000642326835,304.47644887021954
2018-05-24 21:00:00,302.0770887424839,303.8109826321595
2018-05-25 05:00:00,316.126454475297,310.7761301942893
2018-05-25 06:00:00,320.14154976725763,312.7710214388573
2018-05-25 08:00:00,325.38161742411705,314.61304811263125
2018-05-25 09:00:00,325.86324941579295,314.9743197401426
2018-05-25 17:00:00,304.16978771991467,305.72032946100217
2018-05-25 18:00:00,303.1949541183026,304.98427270263295
2018-05-25 20:00:00,302.11587063593936,304.0656222915062
2018-05-25 21:00:00,301.5436050109393,303.3744860679967
2018-05-26 05:00:00,317.6908454366017,311.8039094898477
2018-05-26 06:00:00,321.33623526974344,313.42987269796834
2018-05-26 08:00:00,326.1673646289138,315.22738475828953
2018-05-26 09:00:00,326.2220332258839,315.5628929667186
2018-05-26 17:00:00,304.5034074122072,306.19045987592096
2018-05-26 18:00:00,303.2539900910506,305.0591042728747
2018-05-26 20:00:00,300.6898042182159,302.93335452322236
2018-05-26 21:00:00,299.62868239956754,302.0710293104175
2018-05-27 05:00:00,319.93585491915144,313.2247939616763
2018-05-27 06:00:00,322.7416696416211,314.40576150714895
2018-05-27 08:00:00,325.93362041173623,315.90971339244874
2018-05-27 09:00:00,325.83892631824654,316.1115786841911
2018-05-27 17:00:00,303.3817048388747,305.3443891998433
2018-05-27 18:00:00,301.5926828487261,304.1564907314965
2018-05-27 20:00:00,299.2867498412522,302.1701358977378
2018-05-27 21:00:00,298.7045109870805,301.5387922854196
2018-05-28 05:00:00,322.89912496840094,313.3982979843539
2018-05-28 06:00:00,326.48214213837093,314.7459123843624
2018-05-28 08:00:00,327.527633643481,316.21768451802353
2018-05-28 09:00:00,326.8156544548705,316.3796399179702
2018-05-28 17:00:00,304.36692128232886,306.3166281490003
2018-05-28 18:00:00,303.16635978240265,305.3980999492534
2018-05-28 20:00:00,300.18172669961746,303.3213075423277
2018-05-28 21:00:00,298.7050145036083,301.646382688925
2018-05-29 05:00:00,317.07838176615616,311.3819501550613
2018-05-29 06:00:00,321.03490580836507,313.2892367182234
2018-05-29 08:00:00,324.5533739275117,315.1788868015096
2018-05-29 09:00:00,324.2244847184521,315.12676214326876
2018-05-29 17:00:00,305.4778115341586,307.04071985371127
2018-05-29 18:00:00,304.929608901954,306.5278281754081
2018-05-29 20:00:00,304.47570629149266,305.76421101104313
2018-05-29 21:00:00,304.13618269392816,305.369512784279
2018-05-30 05:00:00,315.7145369519438,309.38147866083034
2018-05-30 06:00:00,319.67601932472735,311.17841312073415
2018-05-30 08:00:00,324.6940259889388,313.28131801799196
2018-05-30 09:00:00,325.37369362194846,313.8827926800321
2018-05-30 17:00:00,306.3355881466153,307.2077697847952
2018-05-30 18:00:00,304.7797677814501,306.40269707678283
2018-05-30 20:00:00,302.9296074442577,303.74760089045503
2018-05-30 21:00:00,302.2153341237496,303.1366314998209
2018-05-31 05:00:00,317.3115235785674,310.71483255865394
2018-05-31 06:00:00,320.5303551155173,312.39785251705604
2018-05-31 08:00:00,325.0415635542436,314.84641800749654
2018-05-31 09:00:00,324.36710403512916,315.0579139932829
2018-05-31 17:00:00,305.8195490432998,307.1989315838219
2018-05-31 18:00:00,305.0010230442041,306.4778534311726
2018-05-31 20:00:00,304.02365810588253,305.47910397005006
2018-05-31 21:00:00,303.49973281836844,304.8811791512558
2018-06-01 05:00:00,315.87319534842516,311.08025215513356
2018-06-01 06:00:00,319.0100054865809,312.8898233140378
2018-06-01 08:00:00,323.9187711648103,315.7197636867341
2018-06-01 09:00:00,324.2684506503019,315.9989636954615
2018-06-01 17:00:00,306.30430111642613,307.55097194959643
2018-06-01 18:00:00,305.5643500752736,307.03338481979495
2018-06-01 20:00:00,304.89424182674367,306.07566485529867
2018-06-01 21:00:00,304.52658137481643,305.64915212387297
2018-06-02 05:00:00,315.46693455677,310.8505979282279
2018-06-02 06:00:00,318.7110940612887,312.7636213963866
2018-06-02 08:00:00,323.4110453742311,315.1561444815943
2018-06-02 09:00:00,324.1659695429869,315.84269754324566
2018-06-02 17:00:00,306.6544908661688,307.8479627659214
2018-06-02 18:00:00,305.89254600865814,307.0903488182691
2018-06-02 20:00:00,304.5913269560216,305.8128357168706
2018-06-02 21:00:00,304.1301797828616,305.38086678103787
2018-06-03 05:00:00,314.0953890619734,309.23222322860744
2018-06-03 06:00:00,317.40954208961807,311.395272418053
2018-06-03 08:00:00,321.29904541579896,314.1764181927651
2018-06-03 09:00:00,321.7241875600007,314.80430342052676
2018-06-03 17:00:00,305.89120948920817,307.1793593302346
2018-06-03 18:00:00,305.2007648720764,306.4862132726355
2018-06-03 20:00:00,304.30263898993496,305.6946068339061
2018-06-03 21:00:00,303.8932737282869,305.1841594772456
2018-06-04 05:00:00,314.1317750198999,309.44727385393094
2018-06-04 06:00:00,317.87777004624,311.7652753409693
2018-06-04 08:00:00,322.3017803362595,314.61116594452704
2018-06-04 09:00:00,322.8247835132852,315.17367741800786
2018-06-04 17:00:00,306.0974016703883,307.37775944267474
2018-06-04 18:00:00,305.38889020029313,306.7262913214591
2018-06-04 20:00:00,304.6683218651817,306.08364045270974
2018-06-04 21:00:00,304.4120268976009,305.7204593135322
2018-06-05 05:00:00,316.05521368135476,309.6613214431081
2018-06-05 06:00:00,320.0507291020892,311.9224879377979
2018-06-05 08:00:00,324.4486263375069,314.9910988359496
2018-06-05 09:00:00,324.968183120704,315.66356537852704
2018-06-05 17:00:00,308.07462142685716,309.0075233588785
2018-06-05 18:00:00,307.56782835033164,308.3923598232181
2018-06-05 20:00:00,305.96570325007974,307.1447520439724
2018-06-05 21:00:00,305.3885547185348,306.50753527907267
2018-06-06 05:00:00,316.9503554945183,311.1992625514238
2018-06-06 06:00:00,320.4313543287374,313.0651795279998
2018-06-06 08:00:00,324.72070453567386,314.8651038641555
2018-06-06 09:00:00,324.62418517125957,315.3773410603152
2018-06-06 17:00:00,308.0708451234321,308.8741158131275
2018-06-06 18:00:00,306.8024999445135,307.85462573129337
2018-06-06 20:00:00,304.25691817978685,305.95307917661034
2018-06-06 21:00:00,303.2555552572242,305.01123945004036
2018-06-07 05:00:00,315.6104210381883,309.4808988174415
2018-06-07 06:00:00,319.36475982430903,311.33272088143417
2018-06-07 08:00:00,324.2813896567135,314.4194219086681
2018-06-07 09:00:00,323.95954749249904,314.9192867896222
2018-06-07 17:00:00,307.80368027885453,308.22479911063596
2018-06-07 18:00:00,307.07022962291,307.5500336633809
2018-06-07 20:00:00,306.0617983073042,306.71770327998604
2018-06-07 21:00:00,305.65175608677566,306.2746481638293
2018-06-08 05:00:00,313.32144433067094,307.81996982380497
2018-06-08 06:00:00,317.2444692414788,309.9025950850617
2018-06-08 08:00:00,320.9077853774437,312.15688365119263
2018-06-08 09:00:00,322.30017875118875,313.2188689433188
2018-06-08 17:00:00,307.02925401402547,307.3371242529072
2018-06-08 18:00:00,306.2622889443796,306.6335780491998
2018-06-08 20:00:00,305.18833269727617,305.63878971329086
2018-06-08 21:00:00,304.54407208505876,305.00017760384065
2018-06-09 05:00:00,314.6703384234836,308.148006868289
2018-06-09 06:00:00,317.7045025935709,309.58312113663453
2018-06-09 08:00:00,322.80111412201165,312.2910882982157
2018-06-09 09:00:00,324.0179584661875,313.06099619813983
2018-06-09 17:00:00,307.624316081795,308.03065123947454
2018-06-09 18:00:00,306.94672122244106,307.3577423095703
2018-06-09 20:00:00,303.4023996361966,302.46078317227824
2018-06-09 21:00:00,302.64382610115325,302.2294423201786
2018-06-10 05:00:00,314.672695988683,308.35004640176595
2018-06-10 06:00:00,318.06541144278464,309.8323415747409
2018-06-10 08:00:00,322.4930375955873,311.78033421403273
2018-06-10 09:00:00,322.8090300244066,312.41004642903897
2018-06-10 17:00:00,306.55597803148174,306.76328006033174
2018-06-10 18:00:00,306.03189608863397,306.3205727928409
2018-06-10 20:00:00,304.3580973056505,304.636573850282
2018-06-10 21:00:00,304.0127219037026,304.6332746132497
2018-06-11 05:00:00,313.6235278207459,308.4040909166145
2018-06-11 06:00:00,316.41006916439954,309.940020921234
2018-06-11 08:00:00,320.2429603611927,311.6228170527149
2018-06-11 09:00:00,321.1738091749477,312.6034223324345
2018-06-11 17:00:00,307.02176027929835,307.7713533233972
2018-06-11 18:00:00,306.47393603684907,307.0700379123306
2018-06-11 20:00:00,305.07086057031097,305.7376129432526
2018-06-11 21:00:00,304.55900223413124,305.2336031968127
2018-06-12 05:00:00,311.205796205024,306.62789775924796
2018-06-12 06:00:00,314.4278299481549,308.7207999207389
2018-06-12 08:00:00,318.50510605164044,311.5343893841713
2018-06-12 09:00:00,319.0931054160848,312.2898618583503
2018-06-12 17:00:00,305.9221942354975,306.52197103397503
2018-06-12 18:00:00,305.37180496474446,305.9970370911303
2018-06-12 20:00:00,304.5214190607997,304.96557986313826
2018-06-12 21:00:00,303.68818267210975,303.9330532267943
2018-06-13 05:00:00,309.9260934321282,305.79182391761816
2018-06-13 06:00:00,313.04056601972536,307.8161555967639
2018-06-13 08:00:00,316.9611957473638,310.4614503269754
2018-06-13 09:00:00,317.594393855067,311.2385536276137
2018-06-13 17:00:00,304.8407024977203,305.58356227786595
2018-06-13 18:00:00,304.22851771749964,305.034417009868
2018-06-13 20:00:00,303.07690175766203,303.6290366667996
2018-06-13 21:00:00,302.2429765604311,302.55756123076975
2018-06-14 05:00:00,308.7319091420695,304.2618164861882
2018-06-14 06:00:00,311.5417576394573,305.95655401902866
2018-06-14 08:00:00,315.9242271341051,309.08051726777677
2018-06-14 09:00:00,316.6760603283146,309.97126530204974
2018-06-14 17:00:00,304.57147607083317,305.312037040346
2018-06-14 18:00:00,303.92710610787935,304.6435914825769
2018-06-14 20:00:00,302.37399308450046,302.7662885574788
2018-06-14 21:00:00,301.46614772990597,301.7213137351861
2018-06-15 05:00:00,307.73988295262694,303.7399962767614
2018-06-15 06:00:00,311.21937234229046,305.58283481686067
2018-06-15 08:00:00,316.4701908858054,309.28970456821344
2018-06-15 09:00:00,317.20610681189964,310.10087611311576
2018-06-15 17:00:00,304.53301477652667,305.1662366305735
2018-06-15 18:00:00,303.86604104534325,304.52524490238886
2018-06-15 20:00:00,302.59966528470784,303.0871580150352
2018-06-15 21:00:00,301.97630672131555,302.3519676220252
2018-06-16 05:00:00,309.24122934679406,304.71123595156905
2018-06-16 06:00:00,312.62704928593575,306.5867869372728
2018-06-16 08:00:00,316.67071326304296,309.18303296011294
2018-06-16 09:00:00,317.493313429352,309.9849478981712
2018-06-16 17:00:00,304.4771853125151,305.0933144779529
2018-06-16 18:00:00,303.88175884417285,304.6442496794949
2018-06-16 20:00:00,303.242126794001,304.14022916491115
2018-06-16 21:00:00,302.87458535592623,303.7060170930413
2018-06-17 05:00:00,310.4517967565034,305.07401584807457
2018-06-17 06:00:00,313.535151571265,306.7377525294323
2018-06-17 08:00:00,318.1314214580048,309.3579038317288
2018-06-17 09:00:00,317.97360452848886,309.72978262173933
2018-06-17 17:00:00,304.0592744941888,304.8155075566978
2018-06-17 18:00:00,303.50414799247943,304.3306890408321
2018-06-17 20:00:00,302.1799690469939,303.23156326834703
2018-06-17 21:00:00,301.66580966661456,302.80861373454655
2018-06-18 05:00:00,312.6446149264719,306.81135817705575
2018-06-18 06:00:00,316.0170467946856,308.6584644758463
2018-06-18 08:00:00,321.0392681762507,310.6933689205599
2018-06-18 09:00:00,321.2784933551618,311.2015053818149
2018-06-18 17:00:00,304.59550762911243,305.35703690209994
2018-06-18 18:00:00,303.8017033134661,304.62151262609547
2018-06-18 20:00:00,302.90313605498096,303.82804555554975
2018-06-18 21:00:00,302.49095388920904,303.3047494991167
2018-06-19 05:00:00,313.91241824204457,308.0114737629707
2018-06-19 06:00:00,316.7643983485335,309.238899783471
2018-06-19 08:00:00,320.71548889818473,311.27505119335484
2018-06-19 09:00:00,321.40112984162084,311.8314456087415
2018-06-19 17:00:00,304.98521792466175,305.5748944862965
2018-06-19 18:00:00,304.2435184707995,305.0165196963929
2018-06-19 20:00:00,301.38738392975375,300.48436282118223
2018-06-19 21:00:00,300.9596575250611,300.85127839028195
2018-06-20 05:00:00,314.6779613524262,308.5480131787034
2018-06-20 06:00:00,318.2575055373652,310.1304461180888
2018-06-20 08:00:00,323.74324602265204,312.2161608726842
2018-06-20 09:00:00,323.72815620880834,312.51290846532225
2018-06-20 17:00:00,305.30749561092335,305.9919081160394
2018-06-20 18:00:00,304.3613663542619,305.2242135634224
2018-06-20 20:00:00,303.63053696548633,304.7225376358385
2018-06-20 21:00:00,303.43648012981214,304.3738321266116
2018-06-21 05:00:00,316.2913958251201,309.87050998964
2018-06-21 06:00:00,319.06125218842544,311.071473813755
2018-06-21 08:00:00,322.18181585420626,312.6382818001629
2018-06-21 09:00:00,323.34319532303306,313.3348881232169
2018-06-21 17:00:00,305.7842529720077,306.49888845952154
2018-06-21 18:00:00,304.8619585081315,305.87866530690246
2018-06-21 20:00:00,304.76601220646694,306.0415166493373
2018-06-21 21:00:00,304.485592952311,305.47415723051245
2018-06-22 05:00:00,314.7182377608054,309.309523031414
2018-06-22 06:00:00,317.9312090528397,310.90256847034806
2018-06-22 08:00:00,323.60828158668085,313.3380523587596
2018-06-22 09:00:00,323.0151394695641,313.36901312359305
2018-06-22 17:00:00,306.09447597979766,305.74466678284347
2018-06-22 18:00:00,305.34113242409444,305.26140917761853
2018-06-22 20:00:00,303.7384454289276,303.87822061547513
2018-06-22 21:00:00,303.35986965279363,303.6474065795334
2018-06-23 05:00:00,314.14664824828156,308.82106276689944
2018-06-23 06:00:00,317.6289369086456,310.56977188274936
2018-06-23 08:00:00,321.16283194566915,312.1033073860251
2018-06-23 09:00:00,321.4408246996958,312.5608102478122
2018-06-23 17:00:00,305.7115461117314,306.45175542375887
2018-06-23 18:00:00,305.2094696938348,305.88991369121067
2018-06-23 20:00:00,303.67640117063365,303.9130191656034
2018-06-23 21:00:00,301.13185716814183,301.1529320950501
2018-06-24 05:00:00,312.3218003847566,307.2816039145636
2018-06-24 06:00:00,316.15024377384975,309.1681007890745
2018-06-24 08:00:00,319.07931814796206,310.13680433088166
2018-06-24 09:00:00,320.94102322853223,311.1252145164737
2018-06-24 17:00:00,304.2593566471329,304.67436502747614
2018-06-24 18:00:00,303.55857357736363,304.07596427082836
2018-06-24 20:00:00,302.22458513492063,301.85946081599394
2018-06-24 21:00:00,301.867913620865,301.7475082091815
2018-06-25 05:00:00,310.9668940939411,306.88400541284966
2018-06-25 06:00:00,313.20762956381213,307.95795277270776
2018-06-25 08:00:00,314.32987860869184,308.4915370852995
2018-06-25 09:00:00,315.539630695925,309.1467909144327
2018-06-25 17:00:00,302.15177708230516,302.57533891910026
2018-06-25 18:00:00,302.06653711351294,302.2130631974372
2018-06-25 20:00:00,300.37161257233936,300.003120246029
2018-06-25 21:00:00,300.13882650836774,299.92851099798975
2018-06-26 05:00:00,304.86245539449214,302.006210585772
2018-06-26 06:00:00,304.37980365018456,301.8795236549319
2018-06-26 08:00:00,310.04867645404744,305.5735958669513
2018-06-26 09:00:00,313.7573762255935,306.703381037308
2018-06-26 17:00:00,299.0274306710218,298.86276099347555
2018-06-26 18:00:00,298.4230809145606,298.69127352909976
2018-06-26 20:00:00,297.8274794991469,297.8942335272791
2018-06-26 21:00:00,297.73477182256056,297.84104261119126
2018-06-27 05:00:00,299.67309008394074,299.0607195885046
2018-06-27 06:00:00,299.563200493623,299.14946296586095
2018-06-27 08:00:00,302.4794527826765,300.8724863202253
2018-06-27 09:00:00,304.5641687566584,301.75960231598793
2018-06-27 17:00:00,298.475493608895,298.4949448971976
2018-06-27 18:00:00,298.41774805007253,298.39236466653176
2018-06-27 20:00:00,297.7964265232644,297.8309021466318
2018-06-27 21:00:00,297.58836818512856,297.5842761728907
2018-06-28 05:00:00,298.6360568853299,297.5946047037886
2018-06-28 06:00:00,299.24902844539224,297.95178403692734
2018-06-28 08:00:00,302.2571710195674,300.5195284286523
2018-06-28 09:00:00,305.3169316084616,301.72713436367695
2018-06-28 17:00:00,297.8152233529348,297.9776892757563
2018-06-28 18:00:00,297.7851259205118,297.92822651209195
2018-06-28 20:00:00,297.91900018771366,297.9471685471263
2018-06-28 21:00:00,298.04016696359787,297.6665740402528
2018-06-29 05:00:00,297.70593974109056,297.4918492674277
2018-06-29 06:00:00,298.0034056488649,297.77604308517766
2018-06-29 08:00:00,307.15142321476407,301.9192643599077
2018-06-29 09:00:00,305.7533388769682,301.4441328004622
2018-06-29 17:00:00,298.0167875833614,298.7348085235925
2018-06-29 18:00:00,298.0613412724805,298.70436422997517
2018-06-29 20:00:00,297.2613661520654,297.51011363824455
2018-06-29 21:00:00,297.11529254178606,297.37681278646085
2018-06-30 05:00:00,302.8974855302478,301.7484651868259
2018-06-30 06:00:00,303.8113299400671,302.1758793623679
2018-06-30 08:00:00,307.67372702670576,304.71630337425665
2018-06-30 09:00:00,308.0530045660692,305.0544284062319
2018-06-30 17:00:00,300.2161667740033,301.15075770585304
2018-06-30 18:00:00,299.71990127445923,300.63164201686493
2018-06-30 20:00:00,299.7106649342965,300.77994733672296
2018-06-30 21:00:00,299.53584327168755,300.5424001778954
2018-07-01 05:00:00,305.072176352855,303.2252520545054
2018-07-01 06:00:00,305.4281988863952,303.654104694196
2018-07-01 08:00:00,307.50353797007415,305.4343332487556
2018-07-01 09:00:00,307.863172345977,305.9542835394297
2018-07-01 17:00:00,300.79678760875356,301.97021232804826
2018-07-01 18:00:00,300.48557879854974,301.70584308641907
2018-07-01 20:00:00,300.21235094819855,301.6407854876643
2018-07-01 21:00:00,299.9468424933717,301.2677996713318
2018-07-02 05:00:00,304.51154902242183,303.13772185668006
2018-07-02 06:00:00,305.02392411195257,303.7323591705463
2018-07-02 08:00:00,307.6893793232452,305.0668284176678
2018-07-02 09:00:00,307.87651821424487,305.42693464047
2018-07-02 17:00:00,300.9975881943901,302.3493376086783
2018-07-02 18:00:00,300.6786535700959,302.0419134954091
2018-07-02 20:00:00,300.16757898080886,301.5254980713267
2018-07-02 21:00:00,299.8668759526751,301.00403332820474
2018-07-03 05:00:00,304.71010889367807,302.81525737368634
2018-07-03 06:00:00,305.96940173132947,303.76159197744124
2018-07-03 08:00:00,307.01670505893986,305.2012273144832
2018-07-03 09:00:00,307.3584823961067,305.76263613473105
2018-07-03 17:00:00,301.3520026537597,302.44401101228453
2018-07-03 18:00:00,301.14970127570064,301.91259443521136
2018-07-03 20:00:00,300.3053462141652,300.8466246241965
2018-07-03 21:00:00,299.6684260199361,300.0903298211943
2018-07-04 05:00:00,302.9085537950137,301.62841568816066
2018-07-04 06:00:00,305.0836241359153,302.8139505489214
2018-07-04 08:00:00,306.0853598290489,303.6518065653891
2018-07-04 09:00:00,306.87526252640777,304.3547353876758
2018-07-04 17:00:00,300.4137985394071,301.39857337140523
2018-07-04 18:00:00,300.0989167811507,301.04293738601757
2018-07-04 20:00:00,300.159995691802,301.1008943578312
2018-07-04 21:00:00,299.6957246518833,300.5085825868674
2018-07-05 05:00:00,305.19138798177335,302.59424258380534
2018-07-05 06:00:00,306.56010601590333,303.16429095863384
2018-07-05 08:00:00,308.1285129306129,304.32807177057254
2018-07-05 09:00:00,308.7264229138203,304.9050841250662
2018-07-05 17:00:00,300.20518815756213,301.49116146986955
2018-07-05 18:00:00,299.87983936374474,301.1134237985949
2018-07-05 20:00:00,299.3216344424866,300.72965022999625
2018-07-05 21:00:00,299.096137001261,300.40966415993057
2018-07-06 05:00:00,304.83926645522865,302.35964126469355
2018-07-06 06:00:00,306.5978508054384,303.19212289583885
2018-07-06 08:00:00,308.598628439411,305.29880872823423
2018-07-06 09:00:00,308.4899474439342,305.4880536377706
2018-07-06 17:00:00,300.6128582594391,302.0014313872679
2018-07-06 18:00:00,300.26260829743325,301.71502457487935
2018-07-06 20:00:00,300.0593460858879,301.7044116286173
2018-07-06 21:00:00,299.9572429451259,301.4899281882358
2018-07-07 05:00:00,306.7157701160214,304.87452072355154
2018-07-07 06:00:00,308.67759629353907,305.95582909723646
2018-07-07 08:00:00,311.0670315782168,307.3476543455903
2018-07-07 09:00:00,310.63097756595937,307.55148609320077
2018-07-07 17:00:00,301.8188639965557,303.38430525158145
2018-07-07 18:00:00,301.5017063746284,303.1050021696164
2018-07-07 20:00:00,301.2062767510789,302.4973969775466
2018-07-07 21:00:00,300.9861361557971,302.18679487466443
2018-07-08 05:00:00,307.3985277125942,305.81969293203485
2018-07-08 06:00:00,309.469311894915,307.1416609988925
2018-07-08 08:00:00,311.40992548726564,308.75776051666776
2018-07-08 09:00:00,311.51092392931736,309.2117146402368
2018-07-08 17:00:00,302.6744783516107,304.44455616720285
2018-07-08 18:00:00,302.33156079026327,304.08797023402894
2018-07-08 20:00:00,301.97635557765403,303.1097423394766
2018-07-08 21:00:00,301.5312939424912,302.5082672072119
2018-07-09 05:00:00,307.48480861763744,305.4944883325985
2018-07-09 06:00:00,309.65504382681587,306.9640674561676
2018-07-09 08:00:00,312.8102463309313,309.22450209325194
2018-07-09 09:00:00,312.719316879296,309.5790802378133
2018-07-09 17:00:00,303.07536261842137,304.8105554801106
2018-07-09 18:00:00,302.7897593728934,304.524747075579
2018-07-09 20:00:00,302.74214494467145,304.0115244061627
2018-07-09 21:00:00,302.71637247376526,303.85567005316176
2018-07-10 05:00:00,308.2008172786107,306.12764955118
2018-07-10 06:00:00,310.5389116519405,307.5650567993728
2018-07-10 08:00:00,312.9555464217035,308.9926437354419
2018-07-10 09:00:00,312.9540094219849,309.43109448261
2018-07-10 17:00:00,303.390780667862,304.75946289438684
2018-07-10 18:00:00,303.00769844701733,304.36272478617946
2018-07-10 20:00:00,300.3985957305861,300.8647522772038
2018-07-10 21:00:00,299.5757954836994,300.17901978103333
2018-07-11 05:00:00,304.19262051104766,302.71673602793356
2018-07-11 06:00:00,306.83936675414105,304.3277480914523
2018-07-11 08:00:00,306.9755282409386,303.8835038477541
2018-07-11 09:00:00,306.9063706831499,303.8049402457356
2018-07-11 17:00:00,300.9233227510849,301.3261255578745
2018-07-11 18:00:00,300.40881246557956,300.7193115422465
2018-07-11 20:00:00,298.81719484020635,299.91360186795794
2018-07-11 21:00:00,298.3874202310947,299.43912704773425
2018-07-12 05:00:00,302.1901219725058,301.5439497326115
2018-07-12 06:00:00,304.6651269709935,303.1329678857272
2018-07-12 08:00:00,306.9355667419904,304.2812858076052
2018-07-12 09:00:00,308.0361357514039,305.10296146528015
2018-07-12 17:00:00,300.78824137024964,301.0812902935481
2018-07-12 18:00:00,300.3319397442881,300.7008721303132
2018-07-12 20:00:00,298.7428740514629,298.9223903191659
2018-07-12 21:00:00,298.0892945981724,298.4661656689754
2018-07-13 05:00:00,300.3353292174259,300.33685867003925
2018-07-13 06:00:00,301.4515369338872,301.4113719217215
2018-07-13 08:00:00,305.4678463693392,302.90144992352265
2018-07-13 09:00:00,306.05477366866245,303.3971776271638
2018-07-13 17:00:00,300.7833482128079,301.3694062548903
2018-07-13 18:00:00,300.54339411519527,300.96014425456985
2018-07-13 20:00:00,298.5170210733987,298.1490990825353
2018-07-13 21:00:00,298.07130326328365,297.92038088476716
2018-07-14 05:00:00,299.9891330619072,299.952752229429
2018-07-14 06:00:00,300.91921658508585,300.5604445306105
2018-07-14 08:00:00,307.12113865645165,305.23525754108636
2018-07-14 09:00:00,308.81283385948336,305.9496466073858
2018-07-14 17:00:00,300.3788306143692,300.9876525596772
2018-07-14 18:00:00,299.99740468923045,300.54580869513046
2018-07-14 20:00:00,298.91056421688415,298.90661931442
2018-07-14 21:00:00,298.537530343595,298.6697413792779
2018-07-15 05:00:00,299.3578027569458,299.09977748030326
2018-07-15 06:00:00,299.8160529232172,299.59999202028814
2018-07-15 08:00:00,306.5208314445978,303.36353747539783
2018-07-15 09:00:00,308.32666412964807,304.1639756730232
2018-07-15 17:00:00,299.4640149790995,300.17381321887945
2018-07-15 18:00:00,299.1910506426278,299.8518159510726
2018-07-15 20:00:00,298.53744984113933,298.7170954676365
2018-07-15 21:00:00,298.337905366542,298.4443608594051
2018-07-16 05:00:00,302.03612881559064,300.57535763404036
2018-07-16 06:00:00,304.654900361283,301.76848126192493
2018-07-16 08:00:00,308.4193218918905,305.43324618346884
2018-07-16 09:00:00,309.90764386334297,305.6560691751207
2018-07-16 17:00:00,300.1001745144649,300.52038409640136
2018-07-16 18:00:00,299.8220086942652,300.2070502235636
2018-07-16 20:00:00,298.4773746249488,298.38557090818057
2018-07-16 21:00:00,298.34451895832836,298.4553848525225
2018-07-17 05:00:00,305.25692165944906,302.22744217271617
2018-07-17 06:00:00,307.7482280290366,303.7774313058251
2018-07-17 08:00:00,309.518211705659,304.1676161755766
2018-07-17 09:00:00,310.26381108500004,304.78230083447943
2018-07-17 17:00:00,299.7431259037718,299.9307215239491
2018-07-17 18:00:00,299.42264955400134,299.70218913544124
2018-07-17 20:00:00,298.7940762935691,298.866686710775
2018-07-17 21:00:00,298.5475887539574,298.6312869267398
2018-07-18 05:00:00,305.3271286175321,303.0285520862174
2018-07-18 06:00:00,305.4499432485901,303.3958507943411
2018-07-18 08:00:00,307.67470883221034,304.52086130386147
2018-07-18 09:00:00,309.46745648259196,305.02235005853356
2018-07-18 17:00:00,298.59433651117405,298.3622159090909
2018-07-18 18:00:00,298.2919570382094,298.15467698107517
2018-07-18 20:00:00,297.9373167534639,297.90047547703347
2018-07-18 21:00:00,297.8485628900984,297.8470398090286
2018-07-19 05:00:00,300.0096893310547,299.62685835122693
2018-07-19 06:00:00,300.520378265616,299.84833276216716
2018-07-19 08:00:00,304.59483306837745,302.77943584988776
2018-07-19 09:00:00,304.35253969730326,302.78817537422356
2018-07-19 17:00:00,298.39922691309954,298.42327250758376
2018-07-19 18:00:00,298.1633597257876,298.1310833194774
2018-07-19 20:00:00,297.7461661175697,297.77726745605474
2018-07-19 21:00:00,297.7263718004036,297.7395789759185
2018-07-20 05:00:00,300.3410668982931,299.48317508080345
2018-07-20 06:00:00,301.01837579054165,300.0592495722837
2018-07-20 08:00:00,303.4895575571868,301.82217369608594
2018-07-20 09:00:00,303.60401220571464,301.50013575384907
2018-07-20 17:00:00,298.2470168009378,298.43469346432914
2018-07-20 18:00:00,298.0531122004857,297.98619208901613
2018-07-20 20:00:00,297.68852598310804,297.7725858526715
2018-07-20 21:00:00,297.6880936350771,297.7492255400436
2018-07-21 05:00:00,300.7740630163066,300.1652962753696
2018-07-21 06:00:00,302.55199174925065,301.1673353104085
2018-07-21 08:00:00,303.9771270281729,302.59757386664586
2018-07-21 09:00:00,303.86551413514036,302.80464950585036
2018-07-21 17:00:00,298.1381390634781,298.3810178171872
2018-07-21 18:00:00,297.98589483651983,298.31225644715585
2018-07-21 20:00:00,297.88975499039987,298.433277923631
2018-07-21 21:00:00,297.5926322760677,298.0731851492531
2018-07-22 05:00:00,298.0696143104777,298.0210644408992
2018-07-22 06:00:00,298.15303429837223,298.03505277707137
2018-07-22 08:00:00,298.74928391843076,298.9286827005113
2018-07-22 09:00:00,299.11967853845914,299.1429108794555
2018-07-22 17:00:00,297.29206615383345,297.78956618110647
2018-07-22 18:00:00,297.2786385605258,297.6930569265216
2018-07-22 20:00:00,297.3046774607042,297.5919102696682
2018-07-22 21:00:00,297.29735942540805,297.55445619650726
2018-07-23 05:00:00,298.01313191606386,298.2615874397736
2018-07-23 06:00:00,298.9677901774966,298.99776133109685
2018-07-23 08:00:00,303.04706311336105,301.4334623692399
2018-07-23 09:00:00,303.2995488617931,301.74718939688614
2018-07-23 17:00:00,297.96495034992233,298.55830853525407
2018-07-23 18:00:00,297.81521568827344,298.3066030540526
2018-07-23 20:00:00,296.95640970709144,297.35527656919606
2018-07-23 21:00:00,296.57834569992747,297.1437066640986
2018-07-24 05:00:00,298.07811728831615,298.1623841272481
2018-07-24 06:00:00,298.7615047742847,298.93343211028537
2018-07-24 08:00:00,302.8378710871669,301.06742647285637
2018-07-24 09:00:00,303.2436654395058,301.5926063902022
2018-07-24 17:00:00,298.36634892491605,298.6950098634317
2018-07-24 18:00:00,298.0351111789697,298.32056404666287
2018-07-24 20:00:00,297.0777729428237,297.4987945086416
2018-07-24 21:00:00,296.69566777821507,297.13690227867096
2018-07-25 05:00:00,298.1610753275397,298.4589507304281
2018-07-25 06:00:00,299.36637506940514,299.06539898183206
2018-07-25 08:00:00,302.63278786022966,301.72248337191684
2018-07-25 09:00:00,302.3879856997168,301.51802629608954
2018-07-25 17:00:00,298.49612779426286,299.1912398139942
2018-07-25 18:00:00,298.2815209199174,298.8527153732229
2018-07-25 20:00:00,298.1822361644868,298.7213098793441
2018-07-25 21:00:00,297.94752949154804,298.34640848544785
2018-07-26 05:00:00,301.00324741827876,300.0283281887625
2018-07-26 06:00:00,302.2141982491468,301.0717689502405
2018-07-26 08:00:00,303.0227485033691,301.7829012643024
2018-07-26 09:00:00,302.9779045916118,301.7701407551582
2018-07-26 17:00:00,298.3893164118927,299.1033574884588
2018-07-26 18:00:00,298.2609423386114,298.93245935660485
2018-07-26 20:00:00,298.3648389631133,298.86124150962416
2018-07-26 21:00:00,298.2373684734703,298.6082122755712
2018-07-27 05:00:00,300.4259117843558,299.8492571767563
2018-07-27 06:00:00,301.478517458876,300.7092646288762
2018-07-27 08:00:00,303.40159186082553,302.13604291965856
2018-07-27 09:00:00,303.3084727847154,302.0820867365057
2018-07-27 17:00:00,298.7020082870507,299.3012110353067
2018-07-27 18:00:00,298.19074078811155,298.8618983899133
2018-07-27 20:00:00,297.39811102304327,298.1147805377037
2018-07-27 21:00:00,297.24770412827127,297.97136400219836
2018-07-28 05:00:00,302.14635722626156,300.3642264485175
2018-07-28 06:00:00,303.8386147944329,301.62472059252815
2018-07-28 08:00:00,304.3269246811125,302.6808594173203
2018-07-28 09:00:00,304.18859571741984,302.8450485488115
2018-07-28 17:00:00,298.2145606042424,299.1523328172775
2018-07-28 18:00:00,297.6439454441629,298.6453622074451
2018-07-28 20:00:00,297.2852423951512,298.35829430625694
2018-07-28 21:00:00,297.1429275489184,298.2007514941858
2018-07-29 05:00:00,302.2223538955665,300.68502384415024
2018-07-29 06:00:00,304.2253139830885,302.2121012824343
2018-07-29 08:00:00,306.24560325869425,303.71610030775264
2018-07-29 09:00:00,305.9352343166922,303.9193633892136
2018-07-29 17:00:00,298.5605545631727,299.2668797003654
2018-07-29 18:00:00,297.91167759123863,298.6976943052789
2018-07-29 20:00:00,297.2284110705547,298.0280400821351
2018-07-29 21:00:00,297.02754669894796,297.763670041124
2018-07-30 05:00:00,301.9384697207317,300.6448294429456
2018-07-30 06:00:00,303.8777530476199,301.9189778990665
2018-07-30 08:00:00,305.37748083458473,303.2568340330903
2018-07-30 09:00:00,305.52204547053304,303.5219546231357
2018-07-30 17:00:00,298.71649191081985,299.4223471995678
2018-07-30 18:00:00,298.26233175833164,299.00752606267
2018-07-30 20:00:00,297.6631158437861,298.67730042820534
2018-07-30 21:00:00,297.45124466577187,298.44436495035933
2018-07-31 05:00:00,302.7736433878518,301.26423468685294
2018-07-31 06:00:00,304.5765885410397,302.7258641929215
2018-07-31 08:00:00,306.94274157037717,303.73812172629613
2018-07-31 09:00:00,307.2833724999097,304.1886663216472
2018-07-31 17:00:00,298.1903972184897,299.3190944771554
2018-07-31 18:00:00,297.73161306513475,298.78634131009846
2018-07-31 20:00:00,297.6771032395091,298.82372078212273
2018-07-31 21:00:00,297.5695370525719,298.5490173669001
2018-08-01 05:00:00,302.2990872893017,300.56882209954165
2018-08-01 06:00:00,304.169120917886,301.74170474388933
2018-08-01 08:00:00,306.7371247560475,303.49914738871104
2018-08-01 09:00:00,307.1142682044642,303.99291740617326
2018-08-01 17:00:00,297.8453968206797,299.1310419867329
2018-08-01 18:00:00,297.39356002454946,298.6068027067258
2018-08-01 20:00:00,297.35709932441887,298.63599389874145
2018-08-01 21:00:00,297.3007325112177,298.3684516283691
2018-08-02 05:00:00,302.28943701040214,300.529357886645
2018-08-02 06:00:00,304.0162213153575,301.7813430809644
2018-08-02 08:00:00,306.61647628525554,303.7626117065618
2018-08-02 09:00:00,306.9222441263302,304.166547119893
2018-08-02 17:00:00,298.03349854362034,299.32777341304836
2018-08-02 18:00:00,297.64359383370004,298.93503931454046
2018-08-02 20:00:00,298.00239946221353,299.1916685648068
2018-08-02 21:00:00,297.92462292217147,298.85683106127067
2018-08-03 05:00:00,302.2042345420238,300.69205158627454
2018-08-03 06:00:00,303.87476919024306,301.8369024714631
2018-08-03 08:00:00,306.414297283155,303.49382209483946
2018-08-03 09:00:00,306.6992186324439,303.8988188521704
2018-08-03 17:00:00,298.764079818373,299.900639138714
2018-08-03 18:00:00,298.4854359678201,299.63400320279396
2018-08-03 20:00:00,298.2364176792797,299.3923758578779
2018-08-03 21:00:00,298.0053020647752,299.06984559045924
2018-08-04 05:00:00,300.84012957603795,299.64120549229887
2018-08-04 06:00:00,301.68643254308006,300.34458427252866
2018-08-04 08:00:00,304.4262432456935,302.478344087057
2018-08-04 09:00:00,305.240129232774,303.1036940047113
2018-08-04 17:00:00,298.64511421097814,299.8518119776745
2018-08-04 18:00:00,298.440204050214,299.6933498059289
2018-08-04 20:00:00,298.42754673186363,299.64612679268436
2018-08-04 21:00:00,298.38552080574686,299.34910818608404
2018-08-05 05:00:00,301.549797163906,300.32312667682106
2018-08-05 06:00:00,302.3414981883186,300.9321652781247
2018-08-05 08:00:00,303.34271717512365,302.13033046634246
2018-08-05 09:00:00,302.85429499880377,301.83784764646936
2018-08-05 17:00:00,298.47045870224025,299.3071547921156
2018-08-05 18:00:00,298.30382017068024,299.12654386499815
2018-08-05 20:00:00,298.41524050672916,299.1359221424638
2018-08-05 21:00:00,298.30945188642835,298.84950209325194
2018-08-06 05:00:00,302.79624033782443,300.8906799222362
2018-08-06 06:00:00,303.7133924957417,301.6981458384745
2018-08-06 08:00:00,302.9366089243368,301.5822633293634
2018-08-06 09:00:00,302.769138659461,301.5814805934536
2018-08-06 17:00:00,297.99624271716107,298.71280513816333
2018-08-06 18:00:00,297.68530708395275,298.49208614308225
2018-08-06 20:00:00,297.2382814616011,298.29912004044684
2018-08-06 21:00:00,297.2992282391329,298.23405656388434
2018-08-07 05:00:00,301.9288587996332,300.4799292377772
2018-08-07 06:00:00,302.323824113984,301.05774927359704
2018-08-07 08:00:00,304.6257671714747,302.8990592074872
2018-08-07 09:00:00,305.30577470635416,303.25060868226507
2018-08-07 17:00:00,298.907693895243,299.57247811950776
2018-08-07 18:00:00,298.46960747811386,299.12238992417724
2018-08-07 20:00:00,297.29831962409116,297.74438410731057
2018-08-07 21:00:00,296.86068535144966,297.4667798998911
2018-08-08 05:00:00,299.6576189414378,298.99440489123896
2018-08-08 06:00:00,299.01054024953504,298.83077640856726
2018-08-08 08:00:00,303.9706463688878,301.85390212613004
2018-08-08 09:00:00,302.38074374676484,301.2273124612535
2018-08-08 17:00:00,297.5170970852093,298.0947900193131
2018-08-08 18:00:00,297.33817419395973,297.81800675355413
2018-08-08 20:00:00,297.44801699692744,297.38855140345123
2018-08-08 21:00:00,297.2422604318392,297.2165260256163
2018-08-09 05:00:00,302.5497251019823,300.3229924747132
2018-08-09 06:00:00,304.33489696343986,301.0715118314158
2018-08-09 08:00:00,307.2852462980155,303.0644881567345
2018-08-09 09:00:00,307.9335234279074,303.70607739934934
2018-08-09 17:00:00,297.9930755897369,298.166965243629
2018-08-09 18:00:00,297.7510712187169,297.98057262261955
2018-08-09 20:00:00,297.54864882835074,297.86802866131944
2018-08-09 21:00:00,297.34008236548567,297.6224484906542
2018-08-10 05:00:00,300.6762373678857,299.46629173619726
2018-08-10 06:00:00,301.3323396703312,299.9109086329103
2018-08-10 08:00:00,305.97614486999987,303.4502928605983
2018-08-10 09:00:00,306.54129305752843,303.7535079697431
2018-08-10 17:00:00,299.2199139940353,300.41985265793534
2018-08-10 18:00:00,298.9672006803962,300.0872355550757
2018-08-10 20:00:00,298.9806386186456,299.99955086495
2018-08-10 21:00:00,298.80369518497514,299.675107088956
2018-08-11 05:00:00,302.02362479046786,301.02783372405867
2018-08-11 06:00:00,303.4362312399184,301.9545436676919
2018-08-11 08:00:00,306.4079011467462,303.76177449512926
2018-08-11 09:00:00,306.29737879866263,303.8844933649425
2018-08-11 17:00:00,298.66736603958765,299.64945318518875
2018-08-11 18:00:00,298.41377248896293,299.41193374610276
2018-08-11 20:00:00,298.16394832946116,299.15869693138933
2018-08-11 21:00:00,297.92877890846944,298.8108570821847
2018-08-12 05:00:00,301.22835556053786,300.04345033054915
2018-08-12 06:00:00,301.67047906766874,300.5539878292701
2018-08-12 08:00:00,302.79292309118904,301.3194920755866
2018-08-12 09:00:00,302.963806175855,301.55963548563295
2018-08-12 17:00:00,298.5226037447184,299.1482232891724
2018-08-12 18:00:00,298.30642356931344,298.936230181913
2018-08-12 20:00:00,298.0699162887315,298.73706854069366
2018-08-12 21:00:00,297.8618727626713,298.497028415486
2018-08-13 05:00:00,302.2315143414749,300.67203612246755
2018-08-13 06:00:00,303.2772368209204,301.3178683664472
2018-08-13 08:00:00,304.6205415417123,302.8017861670449
2018-08-13 09:00:00,305.0165722439947,302.88130827493774
2018-08-13 17:00:00,298.7291446679913,299.5499846424638
2018-08-13 18:00:00,298.5758677337129,299.40550507015
2018-08-13 20:00:00,298.4684075589173,299.4173661101214
2018-08-13 21:00:00,298.43425274629993,299.29746038263494
2018-08-14 05:00:00,301.95850126622094,301.30880876020956
2018-08-14 06:00:00,304.3213417746804,302.0640263961534
2018-08-14 08:00:00,307.540104541279,303.6518264088682
2018-08-14 09:00:00,307.93297514599533,303.9110808056566
2018-08-14 17:00:00,299.76150065981926,300.63867566030825
2018-08-14 18:00:00,299.3683300753037,300.1682804854148
2018-08-14 20:00:00,298.24206507701905,298.8101193702827
2018-08-14 21:00:00,297.94491767589415,298.48820704855433
2018-08-15 05:00:00,303.82520798505357,301.5654766159176
2018-08-15 06:00:00,305.79160634468445,302.7061196490319
2018-08-15 08:00:00,309.15610568806284,305.17865902470146
2018-08-15 09:00:00,308.9787794680368,305.3126729721281
2018-08-15 17:00:00,299.4676181458178,300.0697896572401
2018-08-15 18:00:00,298.9675227372415,299.9490673611822
2018-08-15 20:00:00,298.8051229280022,298.88206373781935
2018-08-15 21:00:00,298.4998221375359,298.52775289244573
2018-08-16 05:00:00,298.8955364962021,299.0253746843852
2018-08-16 06:00:00,299.0846959659241,299.38951952541925
2018-08-16 08:00:00,305.9517751496819,302.7310638427735
2018-08-16 09:00:00,306.5774335346898,303.3192196979728
2018-08-16 17:00:00,298.75025105292696,300.1888124674604
2018-08-16 18:00:00,298.5230209750277,299.88499991441915
2018-08-16 20:00:00,298.4259075993566,299.20619370941023
2018-08-16 21:00:00,298.29361331040394,298.6575364170163
2018-08-17 05:00:00,300.8297810370823,300.3488156828564
2018-08-17 06:00:00,302.7528140122424,301.11125462889123
2018-08-17 08:00:00,307.3200008821414,304.55285566944184
2018-08-17 09:00:00,307.71898652298614,304.5557746828429
2018-08-17 17:00:00,298.92635664036163,298.98282255340246
2018-08-17 18:00:00,298.52136733609103,298.7962586295623
2018-08-17 20:00:00,297.82476449269916,298.37584795606523
2018-08-17 21:00:00,297.6587064299267,298.0860896646885
2018-08-18 05:00:00,303.7907516644071,301.5165347435809
2018-08-18 06:00:00,305.9661781534392,302.4337639713141
2018-08-18 08:00:00,306.86744642918944,303.8519991035638
2018-08-18 09:00:00,307.588728588792,304.11955623303436
2018-08-18 17:00:00,297.51667428273817,297.545076531879
2018-08-18 18:00:00,297.2170573559307,297.47868765667886
2018-08-18 20:00:00,296.9997512041512,297.48783131556814
2018-08-18 21:00:00,296.90307896971154,297.33065297460337
2018-08-19 05:00:00,301.51796025304105,300.36705665999824
2018-08-19 06:00:00,301.9689905434066,300.9398936784506
2018-08-19 08:00:00,303.74610287235777,302.578276600419
2018-08-19 09:00:00,305.42079515266124,303.40785297223346
2018-08-19 17:00:00,297.78028110216144,298.242039144131
2018-08-19 18:00:00,297.68137008126234,298.1166559345733
2018-08-19 20:00:00,297.90150430500046,298.7242802177629
2018-08-19 21:00:00,297.83025144979655,298.5883630126577
2018-08-20 05:00:00,298.33399185157157,298.3151095820869
2018-08-20 06:00:00,299.4257574096115,298.8334458737601
2018-08-20 08:00:00,301.35631618881814,300.89296116997906
2018-08-20 09:00:00,301.6957563920455,301.2462995673181
2018-08-20 17:00:00,299.07139505113037,299.5930067864699
2018-08-20 18:00:00,298.77375737030076,299.22943987501054
2018-08-20 20:00:00,297.5736284300065,298.0030040065019
2018-08-20 21:00:00,297.3426141489085,297.8003200536884
2018-08-21 05:00:00,298.2599594515902,298.66753555556477
2018-08-21 06:00:00,300.5665580385088,300.0815759314962
2018-08-21 08:00:00,307.27995034616055,304.0208776206559
2018-08-21 09:00:00,307.7633296925408,304.6551939930497
2018-08-21 17:00:00,298.4763523095929,298.80867479321404
2018-08-21 18:00:00,298.23644730343113,298.4320768758953
2018-08-21 20:00:00,297.40993458611206,297.7808438434807
2018-08-21 21:00:00,296.98134919858677,297.45224915961455
2018-08-22 05:00:00,299.8703403561068,299.050761829723
2018-08-22 06:00:00,301.3008923640788,299.80838696872144
2018-08-22 08:00:00,303.8520502875142,302.35656768845854
2018-08-22 09:00:00,303.79355551979756,301.7987522307456
2018-08-22 17:00:00,297.1654285025339,297.59281820288425
2018-08-22 18:00:00,296.9389122021033,297.39092530895635
2018-08-22 20:00:00,297.21037019750185,297.9593095353278
2018-08-22 21:00:00,297.2544440694142,297.7791881825781
2018-08-23 05:00:00,297.8019372031942,297.42428259709953
2018-08-23 06:00:00,297.82337874073096,297.4727926386523
2018-08-23 08:00:00,298.2250709945138,297.9663316347566
2018-08-23 09:00:00,299.12387273050786,298.50878699351165
2018-08-23 17:00:00,296.56053084034033,297.30235457457087
2018-08-23 18:00:00,296.54947950366096,297.24270035048664
2018-08-23 20:00:00,296.2983109954693,296.9031675365195
2018-08-23 21:00:00,296.2671906834207,296.7951048158901
2018-08-24 05:00:00,298.95368172244406,298.4607221136108
2018-08-24 06:00:00,300.1185072089197,299.7434199352294
2018-08-24 08:00:00,302.7022300449836,301.59171322203935
2018-08-24 09:00:00,303.38188770923114,302.0369197569202
2018-08-24 17:00:00,297.44816495310545,298.1075471898624
2018-08-24 18:00:00,297.10451454668095,297.7484240891937
2018-08-24 20:00:00,296.53874335854744,297.29070290211354
2018-08-24 21:00:00,296.3172884149066,296.9958117327815
2018-08-25 05:00:00,300.0609804691262,299.24702921486784
2018-08-25 06:00:00,301.77958975440725,300.4527593768433
2018-08-25 08:00:00,303.3332765458729,301.838590812977
2018-08-25 09:00:00,302.63902886953485,301.72402013652317
2018-08-25 17:00:00,297.1813697521051,297.898234339451
2018-08-25 18:00:00,296.85246798804803,297.508544522184
2018-08-25 20:00:00,296.1654601016287,296.86655685824496
2018-08-25 21:00:00,295.854468394134,296.4955950062522
2018-08-26 05:00:00,300.6627931991601,299.8066536031996
2018-08-26 06:00:00,301.1979169331273,300.2505207267491
2018-08-26 08:00:00,304.1687301142007,301.85167333194397
2018-08-26 09:00:00,304.4581668659792,302.28691491360655
2018-08-26 17:00:00,296.2583282658793,297.23247364673114
2018-08-26 18:00:00,295.9058918534148,296.941385607139
2018-08-26 20:00:00,295.5859972185273,296.8394355244923
2018-08-26 21:00:00,295.45178692880876,296.6118280207982
2018-08-27 05:00:00,302.3720611196086,300.5170620534747
2018-08-27 06:00:00,303.81109252365417,301.5940942279363
2018-08-27 08:00:00,305.5054076772258,302.90666732435415
2018-08-27 09:00:00,305.30900773575934,303.06073783321995
2018-08-27 17:00:00,298.4926261960634,299.46155344723553
2018-08-27 18:00:00,298.1896061831152,299.0055023334427
2018-08-27 20:00:00,297.7776658773789,298.49727215642
2018-08-27 21:00:00,297.5670570879027,298.2320231245185
2018-08-28 05:00:00,300.1733879007066,299.5266625826091
2018-08-28 06:00:00,302.430290892238,301.0149274217697
2018-08-28 08:00:00,305.05573191591327,303.2189841248405
2018-08-28 09:00:00,305.54229729274755,303.73890319259954
2018-08-28 17:00:00,298.886777927769,299.544906827812
2018-08-28 18:00:00,298.40872646149575,299.14518939989557
2018-08-28 20:00:00,297.96563299852085,298.6134292296893
2018-08-28 21:00:00,297.52326974736525,298.26070804919226
2018-08-29 05:00:00,300.28935312232915,299.64921130164197
2018-08-29 06:00:00,301.7775541755194,300.61767641605326
2018-08-29 08:00:00,303.35641629964067,301.89229570809056
2018-08-29 09:00:00,303.7600926897375,302.1031723140017
2018-08-29 17:00:00,296.5645131491733,296.82549609168103
2018-08-29 18:00:00,296.2731085073415,296.5651017763582
2018-08-29 20:00:00,296.15177484873817,296.5497109011987
2018-08-29 21:00:00,295.9410441065055,296.3353814123592
2018-08-30 05:00:00,297.20016075099016,297.86599446959417
2018-08-30 06:00:00,298.59375785275125,298.89942436041935
2018-08-30 08:00:00,302.2179502889812,301.6542193584707
2018-08-30 09:00:00,302.1019158738053,301.6687839078977
2018-08-30 17:00:00,297.99697732558053,298.70976370178136
2018-08-30 18:00:00,297.71259214991966,298.30344972772116
2018-08-30 20:00:00,297.52544065690006,298.20489048186363
2018-08-30 21:00:00,297.3680932466716,297.90439609239576
2018-08-31 05:00:00,301.08786633789816,300.0262248505062
2018-08-31 06:00:00,302.0114161604542,300.79113797744725
2018-08-31 08:00:00,303.6537508501661,301.6165315131378
2018-08-31 09:00:00,303.79634548005043,301.9067169800745
2018-08-31 17:00:00,297.73291020327247,298.3750218889562
2018-08-31 18:00:00,297.1128502421093,298.01834452060416
2018-08-31 20:00:00,296.57795379121427,297.4725209898868
2018-08-31 21:00:00,296.3637810517533,297.1305643560707
2018-09-01 05:00:00,300.1740760039108,299.59161339335157
2018-09-01 06:00:00,301.3482929106302,300.55384031980543
2018-09-01 08:00:00,301.66681977964146,301.0030181367519
2018-09-01 09:00:00,302.1263647564387,301.4162167400719
2018-09-01 17:00:00,297.78911422470867,298.5548731211705
2018-09-01 18:00:00,297.62692747424677,298.38243201774515
2018-09-01 20:00:00,296.64255226264567,297.55604242874404
2018-09-01 21:00:00,296.43331739898827,297.2274329563135
2018-09-02 05:00:00,296.9406473074562,297.4810025489936
2018-09-02 06:00:00,297.4572146611148,298.0268633450125
2018-09-02 08:00:00,302.1374944090293,300.79529182422334
2018-09-02 09:00:00,302.328871552125,301.1351412169188
2018-09-02 17:00:00,297.574923616712,298.445561719051
2018-09-02 18:00:00,297.4819473243091,298.2467390862745
2018-09-02 20:00:00,296.7317627376327,297.49165569946103
2018-09-02 21:00:00,296.05931474541666,297.1722026995408
2018-09-03 05:00:00,300.0709168326873,299.4416647559873
2018-09-03 06:00:00,301.21914214382554,300.42918880327454
2018-09-03 08:00:00,301.81092274905353,300.739226189894
2018-09-03 09:00:00,302.0420889127052,301.0635224094009
2018-09-03 17:00:00,297.69525837714576,298.608696160221
2018-09-03 18:00:00,297.5077444114744,298.34844907222805
2018-09-03 20:00:00,296.9870360716833,297.57538295563637
2018-09-03 21:00:00,296.7822915475431,297.3969553990063
2018-09-04 05:00:00,300.47554086646977,299.1992721204949
2018-09-04 06:00:00,301.55295730849446,300.0597351497421
2018-09-04 08:00:00,301.4893310970077,299.87833142390787
2018-09-04 09:00:00,301.5754365612436,299.88386025450814
2018-09-04 17:00:00,296.51672628958164,297.3676448404698
2018-09-04 18:00:00,296.6818143494875,297.6473690556084
2018-09-04 20:00:00,296.46949170881135,297.3080009613272
2018-09-04 21:00:00,296.2725373490014,297.16960111127247
2018-09-05 05:00:00,299.74196491917405,298.6274278402696
2018-09-05 06:00:00,301.35438996066665,299.73305848860775
2018-09-05 08:00:00,301.08548801228153,300.19222846126706
2018-09-05 09:00:00,301.02319980145234,300.44340404633937
2018-09-05 17:00:00,297.09419850024676,298.0571701684608
2018-09-05 18:00:00,296.60557687815236,297.5468827587063
2018-09-05 20:00:00,296.49344770199343,297.61552234055995
2018-09-05 21:00:00,296.36201709811974,297.52706993820124
2018-09-06 05:00:00,300.7640635250896,299.2225420794612
2018-09-06 06:00:00,302.59933765570077,300.50125846216235
2018-09-06 08:00:00,303.2070593459213,301.543426936874
2018-09-06 09:00:00,304.02368977551106,302.23940917780664
2018-09-06 17:00:00,297.32766180523373,298.091215959499
2018-09-06 18:00:00,296.8204259887131,297.612035225279
2018-09-06 20:00:00,296.62785478071737,297.7094280084219
2018-09-06 21:00:00,296.327202231197,297.4426198057107
2018-09-07 05:00:00,296.95245156780413,297.0996473691497
2018-09-07 06:00:00,297.62272822728323,297.61497490505224
2018-09-07 08:00:00,301.1961753151634,299.72167625486026
2018-09-07 09:00:00,302.38399210549284,300.2630636159371
2018-09-07 17:00:00,296.1179630649843,296.30154705782337
2018-09-07 18:00:00,295.8170817511842,296.03623941242233
2018-09-07 20:00:00,295.5568474768123,295.89720687513545
2018-09-07 21:00:00,295.3939584928962,295.77600013015825
2018-09-08 05:00:00,298.677921265777,298.8245035885663
2018-09-08 06:00:00,299.9089970992784,299.9991410171674
2018-09-08 08:00:00,301.71402835699,301.41779975127
2018-09-08 09:00:00,301.9097555715975,300.2444312003067
2018-09-08 17:00:00,296.5358155989684,297.2163961025526
2018-09-08 18:00:00,296.4867694543213,297.0314513972067
2018-09-08 20:00:00,296.2354909370787,296.60593920973673
2018-09-08 21:00:00,296.0129934584231,296.32735825172745
2018-09-09 05:00:00,300.02223828614035,298.612615529488
2018-09-09 06:00:00,300.602585121002,298.97680419545696
2018-09-09 08:00:00,300.92291708830146,299.8477270423172
2018-09-09 09:00:00,300.7896870523462,299.6219411653069
2018-09-09 17:00:00,296.25016961002206,296.69832894394324
2018-09-09 18:00:00,295.94715408771907,296.4625103073238
2018-09-09 20:00:00,295.74674028534736,296.4004591132166
2018-09-09 21:00:00,295.75308549642926,296.34262012076124
2018-09-10 05:00:00,297.38094514397153,297.42871813193676
2018-09-10 06:00:00,299.0957256252483,298.24415952802997
2018-09-10 08:00:00,299.9816785674249,299.4482354867991
2018-09-10 09:00:00,300.7865325504532,300.24952507312935
2018-09-10 17:00:00,296.97599435109754,297.80085566304683
2018-09-10 18:00:00,296.7689133043098,297.4092814911312
2018-09-10 20:00:00,295.67190676367346,296.3473326884359
2018-09-10 21:00:00,295.4026140116029,296.1094519052374
2018-09-11 05:00:00,298.61707281221413,298.48757800556297
2018-09-11 06:00:00,299.2798632135377,299.10455359883593
2018-09-11 08:00:00,302.2084375742955,300.604655990248
2018-09-11 09:00:00,302.38020602139557,300.91404199820636
2018-09-11 17:00:00,297.1530280914072,298.1269814325224
2018-09-11 18:00:00,296.7829153710411,297.6815852795617
2018-09-11 20:00:00,296.34144731001425,297.26285692870346
2018-09-11 21:00:00,296.1678666407228,297.06774236975906
2018-09-12 05:00:00,301.46919163496733,300.0662546730923
2018-09-12 06:00:00,303.3161837161965,301.1318855226866
2018-09-12 08:00:00,305.5749913290579,302.9304511683014
2018-09-12 09:00:00,305.4787176099874,303.21806088581286
2018-09-12 17:00:00,296.6769961693621,297.54934149273373
2018-09-12 18:00:00,296.2548661430371,297.185725630891
2018-09-12 20:00:00,295.8576716583205,297.02123708387
2018-09-12 21:00:00,295.65923242319167,296.76360171748604
2018-09-13 05:00:00,300.4691703337918,299.0088254108635
2018-09-13 06:00:00,301.8756427265279,300.04620408350587
2018-09-13 08:00:00,304.145056537928,301.90166058415446
2018-09-13 09:00:00,304.30513296729794,302.1895571621982
2018-09-13 17:00:00,295.2105249954482,296.5640604169049
2018-09-13 18:00:00,294.74833074960577,295.98494843892945
2018-09-13 20:00:00,294.2328238230089,295.4620697303619
2018-09-13 21:00:00,293.8920054149187,295.0735346201939
2018-09-14 05:00:00,301.30870333584875,299.4875129499862
2018-09-14 06:00:00,302.9516901800923,300.55605874553845
2018-09-14 08:00:00,303.337152301806,301.4297302199072
2018-09-14 09:00:00,303.0389863706333,301.68884672332433
2018-09-14 17:00:00,294.9786014880164,296.1820541405347
2018-09-14 18:00:00,294.8045807119878,295.9917335216364
2018-09-14 20:00:00,293.7496657878482,295.2377673885304
2018-09-14 21:00:00,293.4093781928253,294.7984748687509
2018-09-15 05:00:00,301.6247504988143,299.6357912084171
2018-09-15 06:00:00,303.3997119968221,300.65624870688237
2018-09-15 08:00:00,304.71544192274473,302.01616241972323
2018-09-15 09:00:00,304.4727869254232,302.2687093443789
2018-09-15 17:00:00,295.0892463296147,296.5308235767994
2018-09-15 18:00:00,294.633157715408,296.18716701043223
2018-09-15 20:00:00,293.6799089757981,295.3383404183645
2018-09-15 21:00:00,293.1980947955915,294.96715264695086
2018-09-16 05:00:00,302.44814200614377,300.8191668447251
2018-09-16 06:00:00,304.1849888594382,301.9307549334087
2018-09-16 08:00:00,306.3062558637011,303.2071422230114
2018-09-16 09:00:00,306.5028955021698,303.4882678485982
2018-09-16 17:00:00,295.71895518251483,297.2798786133941
2018-09-16 18:00:00,295.38377314539645,296.9060070349366
2018-09-16 20:00:00,294.7496246431936,296.2543476733662
2018-09-16 21:00:00,294.48366183382336,295.9170008396331
2018-09-17 05:00:00,302.6143146626571,301.30873940207744
2018-09-17 06:00:00,304.194111616843,302.4922229314255
2018-09-17 08:00:00,305.93761118461254,304.3046859482588
2018-09-17 09:00:00,305.93209114721265,304.5924494057113
2018-09-17 17:00:00,296.55461539105386,298.2719180866823
2018-09-17 18:00:00,296.06838446148373,297.73970205721395
2018-09-17 20:00:00,294.8524732780751,296.6030733552295
2018-09-17 21:00:00,294.29238978593116,296.1182028325203
2018-09-18 05:00:00,303.08142839852025,302.0103931397613
2018-09-18 06:00:00,304.9710822671147,303.44130204822324
2018-09-18 08:00:00,306.48233375490537,305.134046322392
2018-09-18 09:00:00,306.53967536726424,305.43525119775614
2018-09-18 17:00:00,297.22126255123567,299.0423572934097
2018-09-18 18:00:00,296.6868691231326,298.5046103878638
2018-09-18 20:00:00,295.5658897317613,297.4885604223595
2018-09-18 21:00:00,295.22759692364,297.2076041951936
2018-09-19 05:00:00,303.35323736957855,302.45191908543944
2018-09-19 06:00:00,305.2747695993385,303.8622685977601
2018-09-19 08:00:00,306.8958506062512,305.75422461558196
2018-09-19 09:00:00,306.1879439390679,305.8801047350115
2018-09-19 17:00:00,297.29781420315356,299.3683512354118
2018-09-19 18:00:00,296.64689443438374,298.7050132810243
2018-09-19 20:00:00,295.49154058847296,297.5229125177181
2018-09-19 21:00:00,295.21265621802473,297.2763158154598
2018-09-20 05:00:00,303.0831981829392,302.2634957523669
2018-09-20 06:00:00,305.31004192428713,303.9329497538656
2018-09-20 08:00:00,307.3923324796562,306.17476737517603
2018-09-20 09:00:00,307.16709192214284,306.6417153803704
2018-09-20 17:00:00,296.6235882681213,298.58203472966227
2018-09-20 18:00:00,295.8703196662232,297.92663578920997
2018-09-20 20:00:00,293.4257421743337,295.1596609624031
2018-09-20 21:00:00,292.9335616806806,294.76778189684103
2018-09-21 05:00:00,305.4334748537038,302.97658246103526
2018-09-21 06:00:00,306.99176394516957,303.84776489539945
2018-09-21 08:00:00,307.9892242619731,304.91121674759546
2018-09-21 09:00:00,307.9381544116098,305.2450524610805
2018-09-21 17:00:00,297.73285055527884,298.5227377822477
2018-09-21 18:00:00,297.46634498913596,298.14605835149024
2018-09-21 20:00:00,297.26559532882624,297.6813103392238
2018-09-21 21:00:00,297.033051924272,297.36552114148725
2018-09-22 05:00:00,300.23226947519925,299.02361623237977
2018-09-22 06:00:00,301.6482515496723,299.98222520355085
2018-09-22 08:00:00,298.83230534393357,298.38075728923405
2018-09-22 09:00:00,298.29101249800624,298.5514377070869
2018-09-22 17:00:00,296.67291772310466,297.1423848391681
2018-09-22 18:00:00,296.4660470077914,296.9217226237104
2018-09-22 20:00:00,296.2699264502856,296.49439120770234
2018-09-22 21:00:00,296.2684666849616,296.48709626043524
2018-09-23 05:00:00,297.91290689947425,297.4019997806872
2018-09-23 06:00:00,298.4224836587539,297.8210561367323
2018-09-23 08:00:00,301.8108891985266,300.210543075585
2018-09-23 09:00:00,301.5726083482175,300.2398110317706
2018-09-23 17:00:00,296.5176449674304,296.75863315952574
2018-09-23 18:00:00,296.36135330552867,296.5524155156822
2018-09-23 20:00:00,295.92988819186974,296.4319413571585
2018-09-23 21:00:00,295.8663054056271,296.38893331989124
2018-09-24 05:00:00,296.68004061518167,297.3797572155029
2018-09-24 06:00:00,298.17877970785133,298.9221261704832
2018-09-24 08:00:00,303.19259229757023,302.1271476804384
2018-09-24 09:00:00,303.4347721093976,302.6012484369734
2018-09-24 17:00:00,295.4796130822509,297.02916899741336
2018-09-24 18:00:00,294.80251137097184,296.51589784783835
2018-09-24 20:00:00,293.9841978898952,295.7259207139213
2018-09-24 21:00:00,293.90442548143477,295.71896806666956
2018-09-25 05:00:00,302.22169548704744,301.1733284408029
2018-09-25 06:00:00,303.94627098236316,302.4358234611241
2018-09-25 08:00:00,306.08159285958266,304.29192576827177
2018-09-25 09:00:00,305.8168287468251,304.596145042102
2018-09-25 17:00:00,296.17733649443403,298.0249428771126
2018-09-25 18:00:00,295.55677847134865,297.4309467850554
2018-09-25 20:00:00,294.3919389956905,296.5013524365536
2018-09-25 21:00:00,293.8637356985883,295.8977362540176
2018-09-26 05:00:00,301.8044586416753,300.9822390281548
2018-09-26 06:00:00,303.7962711375373,302.4432237387071
2018-09-26 08:00:00,305.8928362783188,304.559907181421
2018-09-26 09:00:00,305.77943067741694,304.8713478828983
2018-09-26 17:00:00,294.9520756467282,297.1999166103651
2018-09-26 18:00:00,294.26235280088355,296.63274746793445
2018-09-26 20:00:00,293.565109488042,296.2222849841478
2018-09-26 21:00:00,293.20349762950366,295.6961642648847
2018-09-27 05:00:00,302.3005544136412,301.4725097985407
2018-09-27 06:00:00,304.2016218799656,302.93920569280266
2018-09-27 08:00:00,306.01339098632064,304.7908111007996
2018-09-27 09:00:00,305.8787176899256,305.00579375515366
2018-09-27 17:00:00,293.88651756439447,296.28548524265847
2018-09-27 18:00:00,293.12937438212487,295.625572780615
2018-09-27 20:00:00,292.1609503183233,294.76580944560897
2018-09-27 21:00:00,291.6929226773913,294.2760555461302
2018-09-28 05:00:00,302.172146695788,301.72398947787764
2018-09-28 06:00:00,304.11832179935027,303.0554631590292
2018-09-28 08:00:00,306.11330429100656,305.0713007475819
2018-09-28 09:00:00,305.89894734104905,305.17902485945933
2018-09-28 17:00:00,293.92868744978,296.45513245945534
2018-09-28 18:00:00,293.4624693037365,296.03723090455424
2018-09-28 20:00:00,292.61111558346977,295.133140528698
2018-09-28 21:00:00,292.21158568113356,294.67393496003467
2018-09-29 05:00:00,302.7873270890011,302.32374203627575
2018-09-29 06:00:00,304.6351147902949,303.62685230884057
2018-09-29 08:00:00,306.2823331624224,305.32854958932467
2018-09-29 09:00:00,305.8437038944756,305.36864420886405
2018-09-29 17:00:00,294.91309569466097,297.17310223924727
2018-09-29 18:00:00,294.34482721408085,296.6898660762651
2018-09-29 20:00:00,293.3962897020055,295.98253251885416
2018-09-29 21:00:00,292.97094014172194,295.53035669076974
2018-09-30 05:00:00,303.12445848932254,302.9433806056418
2018-09-30 06:00:00,304.93692484475065,304.3180091046773
2018-09-30 08:00:00,306.1705155806108,305.88718996209616
2018-09-30 09:00:00,305.89504273683525,306.01074583174085
2018-09-30 17:00:00,295.88425232779997,298.0538706492937
2018-09-30 18:00:00,295.45988179869573,297.657942714603
2018-09-30 20:00:00,294.3241244464516,296.70248267316305
2018-09-30 21:00:00,293.780096915176,296.1527228686034
2018-10-01 05:00:00,303.7277607028767,303.2221894815265
2018-10-01 06:00:00,305.5936034074734,304.59388462531
2018-10-01 08:00:00,306.5096348320207,305.894396319044
2018-10-01 09:00:00,306.4299494621383,306.063119756055
2018-10-01 17:00:00,295.8989491514138,298.0128891390902
2018-10-01 18:00:00,295.3547395491637,297.54884420668213
2018-10-01 20:00:00,294.8018145921234,297.1977569156876
2018-10-01 21:00:00,294.6437832401787,297.0433764347494
2018-10-02 05:00:00,304.1374513834761,303.7980806794483
2018-10-02 06:00:00,305.4255929720604,304.8048314122463
2018-10-02 08:00:00,307.4174311421869,306.0935540809102
2018-10-02 09:00:00,306.14671732427894,305.7739167059148
2018-10-02 17:00:00,295.4198760751216,297.6867227186959
2018-10-02 18:00:00,294.96515898858826,297.2876691303929
2018-10-02 20:00:00,294.71479439992567,297.15527355505617
2018-10-02 21:00:00,294.25361151320544,296.6333714089886
2018-10-03 05:00:00,304.15583326342664,303.6534102664707
2018-10-03 06:00:00,305.9988094617847,304.855633469686
2018-10-03 08:00:00,307.5346882119201,305.7584961830927
2018-10-03 09:00:00,307.0442618677172,305.7921403787904
2018-10-03 17:00:00,295.5471966336431,297.8135395961109
2018-10-03 18:00:00,294.9751344983493,297.3471011498308
2018-10-03 20:00:00,294.2856951039084,296.8783739792364
2018-10-03 21:00:00,294.19296184710254,296.7504768077692
2018-10-04 05:00:00,303.5374494649596,303.4099159652169
2018-10-04 06:00:00,305.74052861805876,304.98906447964566
2018-10-04 08:00:00,306.96660194338193,305.9616441770768
2018-10-04 09:00:00,306.65015885128264,306.0266833665375
2018-10-04 17:00:00,295.12004138729054,297.2835090766519
2018-10-04 18:00:00,294.5785911806927,296.76107355479286
2018-10-04 20:00:00,293.44584194941586,295.791775296392
2018-10-04 21:00:00,293.16963433264215,295.66513322498105
2018-10-05 05:00:00,304.6732895532264,304.23294175534477
2018-10-05 06:00:00,306.5787799758794,305.5181692678866
2018-10-05 08:00:00,306.93917378806185,306.23519102781324
2018-10-05 09:00:00,306.51549858010975,306.262011699941
2018-10-05 17:00:00,295.4029245949673,297.8398624179176
2018-10-05 18:00:00,294.8336203270958,297.2042779672679
2018-10-05 20:00:00,293.5706418688382,295.96591541543035
2018-10-05 21:00:00,292.7954591066334,295.0657098943537
2018-10-06 05:00:00,304.81134656250754,304.10242928856144
2018-10-06 06:00:00,306.92758169306444,305.66647809091813
2018-10-06 08:00:00,307.62744340470465,306.62121055379674
2018-10-06 09:00:00,307.3569878106492,306.7192390100982
2018-10-06 17:00:00,294.8902352543201,297.08567043592456
2018-10-06 18:00:00,294.1012269712192,296.17145793426937
2018-10-06 20:00:00,292.01913327538915,294.819218898591
2018-10-06 21:00:00,291.3083505968467,294.6274361397342
2018-10-07 05:00:00,304.75571854272505,303.95293249003873
2018-10-07 06:00:00,307.02050715418557,305.6148660480517
2018-10-07 08:00:00,308.29614086180516,307.14327549162925
2018-10-07 09:00:00,308.2204175575856,307.36621850811645
2018-10-07 17:00:00,293.2042050354286,295.80857251935817
2018-10-07 18:00:00,292.7518296910361,295.21759646846266
2018-10-07 20:00:00,291.45357166637075,293.42463366680414
2018-10-07 21:00:00,290.6286637081387,292.9834979605418
2018-10-08 05:00:00,305.36428614353366,304.24907753684306
2018-10-08 06:00:00,307.8021052849863,305.95164872979166
2018-10-08 08:00:00,309.1342483308907,307.5976076993075
2018-10-08 09:00:00,308.4319402521307,307.58490110141656
2018-10-08 17:00:00,294.2075980822735,296.9846995020133
2018-10-08 18:00:00,293.65885471526207,296.5161503114392
2018-10-08 20:00:00,293.3100473788927,296.4443583907258
2018-10-08 21:00:00,293.3859692119487,296.4552866461097
2018-10-09 05:00:00,304.29726472216873,304.39280623096533
2018-10-09 06:00:00,306.7144681110588,306.1262448726707
2018-10-09 08:00:00,308.52170794329766,307.57629462713817
2018-10-09 09:00:00,308.373683817765,307.7696312197552
2018-10-09 17:00:00,295.9548697919801,299.09607389711636
2018-10-09 18:00:00,295.31889695930187,298.3841135645133
2018-10-09 20:00:00,294.3351350851897,297.10564158106075
2018-10-09 21:00:00,293.75108316242233,296.4738387003518
2018-10-10 05:00:00,304.6597921315621,303.9552417161468
2018-10-10 06:00:00,307.1769112938174,305.6082720646322
2018-10-10 08:00:00,308.6505470922438,306.930953344689
2018-10-10 09:00:00,307.6074851672345,306.7964491175577
2018-10-10 17:00:00,294.9323596689844,297.46651697379235
2018-10-10 18:00:00,293.9023060614964,296.5263922974949
2018-10-10 20:00:00,291.90356318351854,294.5838984649612
2018-10-10 21:00:00,291.1355201004099,293.88694883090875
2018-10-11 05:00:00,304.78365548108866,303.30636784769536
2018-10-11 06:00:00,307.3410901273895,304.55858302887856
2018-10-11 08:00:00,310.02144569902464,305.79395210724584
2018-10-11 09:00:00,309.7539719638913,305.99377728243275
2018-10-11 17:00:00,293.2849881211855,295.6283273799761
2018-10-11 18:00:00,292.1228472176245,294.6155619334734
2018-10-11 20:00:00,291.1253604506859,294.2457457837779
2018-10-11 21:00:00,291.09823641314165,293.7736063106402
2018-10-12 05:00:00,304.32758508808627,301.92846124822444
2018-10-12 06:00:00,306.87124024848174,303.4531620066779
2018-10-12 08:00:00,307.83374359648104,303.9397414197172
2018-10-12 09:00:00,308.84041975165366,304.55183457666993
2018-10-12 17:00:00,293.1964828185565,296.20295752950005
2018-10-12 18:00:00,292.0529965722506,296.36044212776267
2018-10-12 20:00:00,290.5882728705972,292.6158833790266
2018-10-12 21:00:00,290.1005468618337,291.955477839442
2018-10-13 05:00:00,304.8212831376697,301.6643005512162
2018-10-13 06:00:00,307.7647899516008,303.1374280133123
2018-10-13 08:00:00,310.6739290822269,304.9980966247653
2018-10-13 09:00:00,310.0871383596458,305.39515262833
2018-10-13 17:00:00,292.59716961453614,295.1104495102893
2018-10-13 18:00:00,291.4765507443844,294.1102601508331
2018-10-13 20:00:00,289.9150261783453,292.6003069297191
2018-10-13 21:00:00,289.4528202474209,292.15829077487
2018-10-14 05:00:00,305.144242061856,302.605743290647
2018-10-14 06:00:00,308.0693340095791,304.2553251998267
2018-10-14 08:00:00,309.8966907095652,306.18413145185804
2018-10-14 09:00:00,309.83934239650546,306.62726885732405
2018-10-14 17:00:00,292.0696656354954,294.8260204861822
2018-10-14 18:00:00,291.4228486235961,293.9968570186104
2018-10-14 20:00:00,291.2898761296676,293.8765328147195
2018-10-14 21:00:00,290.9954221281689,293.2286070836895
2018-10-15 05:00:00,305.17218022280366,304.1521025012565
2018-10-15 06:00:00,308.1420629704127,306.15315284200005
2018-10-15 08:00:00,310.4226143811994,307.2560955923401
2018-10-15 09:00:00,310.06463552513185,307.3520508517837
2018-10-15 17:00:00,295.2216648519131,298.0902814585917
2018-10-15 18:00:00,294.3385698409587,297.24380375607905
2018-10-15 20:00:00,292.62362280612,295.2981261736807
2018-10-15 21:00:00,291.8209640432396,294.5530741593136
2018-10-16 05:00:00,304.75662732234537,303.9387307424207
2018-10-16 06:00:00,307.6238830519384,305.6021104057324
2018-10-16 08:00:00,309.5491321722422,306.5779740578955
2018-10-16 09:00:00,309.1638328422934,306.6647218724796
2018-10-16 17:00:00,295.8309361673834,298.2722809120026
2018-10-16 18:00:00,295.12474563198947,297.5499183407917
2018-10-16 20:00:00,294.2606159556996,296.58128768380146
2018-10-16 21:00:00,294.1219789478555,296.38588088025296
2018-10-17 05:00:00,305.56128588001974,304.13788290861396
2018-10-17 06:00:00,308.09580850233834,305.47541261270345
2018-10-17 08:00:00,310.2165827582173,306.6417726772408
2018-10-17 09:00:00,309.8864895860293,306.7677439497138
2018-10-17 17:00:00,294.87881982271404,297.4841700290863
2018-10-17 18:00:00,294.1800505604325,296.88872197743376
2018-10-17 20:00:00,293.6775208930205,296.60733944462334
2018-10-17 21:00:00,293.449008771194,296.2909264939225
2018-10-18 05:00:00,306.00608769256644,304.58753840324505
2018-10-18 06:00:00,308.6475180933032,305.87719340978305
2018-10-18 08:00:00,309.58969527657484,306.3859309826867
2018-10-18 09:00:00,309.58172583910647,306.6145446730321
2018-10-18 17:00:00,294.1443458874531,296.62063483427784
2018-10-18 18:00:00,293.0096203491023,295.50727924176465
2018-10-18 20:00:00,291.16454041279707,296.47180958705246
2018-10-18 21:00:00,290.3564407748324,296.87038933000144
2018-10-19 05:00:00,305.9533160522649,303.68315639407683
2018-10-19 06:00:00,308.0253271681869,304.6414064427921
2018-10-19 08:00:00,310.1932770621795,306.4122758110058
2018-10-19 09:00:00,309.91160068600135,306.59269103063457
2018-10-19 17:00:00,294.16717399985106,296.64339619829036
2018-10-19 18:00:00,292.9709305491396,295.3947983375866
2018-10-19 20:00:00,291.15410309543233,293.5645583377597
2018-10-19 21:00:00,290.39711036153125,292.87010524379457
2018-10-20 05:00:00,306.2113287033763,303.1348865432622
2018-10-20 06:00:00,309.49620347691615,305.0228846804203
2018-10-20 08:00:00,310.8597654745281,306.0634002215322
2018-10-20 09:00:00,310.78792211124085,306.4131427406346
2018-10-20 17:00:00,294.22118442341434,296.21185008843986
2018-10-20 18:00:00,292.92973602718126,294.96581725603994
2018-10-20 20:00:00,290.9816037781984,293.18280400774336
2018-10-20 21:00:00,290.364680097724,292.68615701496145
2018-10-21 05:00:00,304.64045905773,301.3179955857193
2018-10-21 06:00:00,308.1134378347999,302.89320618051966
2018-10-21 08:00:00,310.37895484771497,304.64602583545746
2018-10-21 09:00:00,309.76331081302214,304.78784473577895
2018-10-21 17:00:00,293.50787322951027,295.70970452401235
2018-10-21 18:00:00,292.55752972571986,294.8821024843284
2018-10-21 20:00:00,291.0347517157556,293.3705893400454
2018-10-21 21:00:00,290.295723443406,292.62447160858954
2018-10-22 05:00:00,304.8320552314559,301.57181801818007
2018-10-22 06:00:00,307.9160408995736,302.7482872068055
2018-10-22 08:00:00,310.925292051812,304.25416254593154
2018-10-22 09:00:00,310.1740515522303,304.4800132904288
2018-10-22 17:00:00,292.5276801722075,294.6214617948135
2018-10-22 18:00:00,291.37790537688693,293.5910922669116
2018-10-22 20:00:00,289.870282824124,292.15594275523046
2018-10-22 21:00:00,289.3355466728034,291.721095315848
2018-10-23 05:00:00,304.44744826024413,301.9458245275935
2018-10-23 06:00:00,307.37241310625126,303.39076658463443
2018-10-23 08:00:00,310.44353876569426,304.33562832730945
2018-10-23 09:00:00,310.76889689347047,304.53374806831727
2018-10-23 17:00:00,293.82814785291674,295.72027197604183
2018-10-23 18:00:00,293.2066951569497,295.1533323972729
2018-10-23 20:00:00,292.6956820730436,294.72893814533626
2018-10-23 21:00:00,292.6556209099863,294.5648892113167
2018-10-24 05:00:00,303.5497914506768,301.9357269004975
2018-10-24 06:00:00,306.4375067712346,303.71842657950333
2018-10-24 08:00:00,308.79347623992595,305.34217350141296
2018-10-24 09:00:00,309.7843643211988,305.8746291808612
2018-10-24 17:00:00,292.254326912949,294.85600814466665
2018-10-24 18:00:00,291.9780094987255,294.28950444061326
2018-10-24 20:00:00,290.4592237663563,292.52129123023553
2018-10-24 21:00:00,289.7731249887146,292.1230491555894
2018-10-25 05:00:00,305.66367574024645,303.1896835820885
2018-10-25 06:00:00,308.69278650034005,304.82102787623234
2018-10-25 08:00:00,311.57415771484375,305.71372296960766
2018-10-25 09:00:00,310.95951457677523,305.77522477677496
2018-10-25 17:00:00,293.1985645029688,295.4086249870219
2018-10-25 18:00:00,291.8934169351963,294.206682884087
2018-10-25 20:00:00,290.11225239852183,293.2012166638955
2018-10-25 21:00:00,289.39226030017636,292.8262787805684
2018-10-26 05:00:00,306.32161196574964,302.9067217528545
2018-10-26 06:00:00,309.72733303358086,304.4043108641826
2018-10-26 08:00:00,310.7511864002387,305.0644120038566
2018-10-26 09:00:00,310.5973078135533,305.32844176681823
2018-10-26 17:00:00,293.730642215864,295.63950073994545
2018-10-26 18:00:00,292.6831874053908,294.5189136099558
2018-10-26 20:00:00,291.24461113175926,293.04074228342586
2018-10-26 21:00:00,290.59598967988615,292.40720074716813
2018-10-27 05:00:00,305.484684831005,302.4874334585134
2018-10-27 06:00:00,308.8587417249871,303.9049096011969
2018-10-27 08:00:00,311.3611830607034,305.8164999422564
2018-10-27 09:00:00,310.6986000519505,305.901823940189
2018-10-27 17:00:00,293.4636318635867,295.19037083888827
2018-10-27 18:00:00,292.61309656927875,294.4318426334987
2018-10-27 20:00:00,290.8545350249633,292.7413134934906
2018-10-27 21:00:00,290.20083639324173,292.2086490578203
2018-10-28 05:00:00,304.66008564577265,301.5976170802888
2018-10-28 06:00:00,307.9436554049123,302.99585901386746
2018-10-28 08:00:00,311.31223857862005,304.3809868528957
2018-10-28 09:00:00,311.2480621102779,304.6844286103094
2018-10-28 17:00:00,291.5841155676702,294.8194098097885
2018-10-28 18:00:00,290.4475101418047,292.8767247368999
2018-10-28 20:00:00,289.2136866682667,291.36545009054646
2018-10-28 21:00:00,288.7486213954461,290.9963910260076
2018-10-29 05:00:00,304.33064744946404,301.19671795437995
2018-10-29 06:00:00,307.43038503120783,302.4635133904926
2018-10-29 08:00:00,311.3248115856953,304.031581484849
2018-10-29 09:00:00,311.42985008016393,304.3290664367205
2018-10-29 17:00:00,292.45039024411807,294.0682249377799
2018-10-29 18:00:00,291.2593204868593,292.9064930120859
2018-10-29 20:00:00,289.3824077776658,291.13933315188933
2018-10-29 21:00:00,288.602266543819,290.44516329772665
2018-10-30 05:00:00,303.7946858927723,300.7426217759519
2018-10-30 06:00:00,306.86023229002404,302.1641193266459
2018-10-30 08:00:00,310.289313247281,303.71392725869583
2018-10-30 09:00:00,310.32128252637773,304.00552318790477
2018-10-30 17:00:00,293.05452113452793,294.653252388553
2018-10-30 18:00:00,292.1860581032117,293.86832612541684
2018-10-30 20:00:00,290.77222711830547,292.5118846217363
2018-10-30 21:00:00,290.0790409270347,291.82139436930464
2018-10-31 05:00:00,303.9361626106344,300.7038433151363
2018-10-31 06:00:00,306.93521459076914,302.10611902363314
2018-10-31 08:00:00,310.5278100952713,303.74869641978495
2018-10-31 09:00:00,310.61763136853426,304.0985614559133
2018-10-31 17:00:00,293.2939306885142,294.8449591826217
2018-10-31 18:00:00,292.4853474245233,294.07358613330155
2018-10-31 20:00:00,290.8972222985031,292.4055069745597
2018-10-31 21:00:00,289.99747877312,291.9704779344274
2018-11-01 05:00:00,304.6253579114729,301.599310218094
2018-11-01 06:00:00,307.88275367489945,302.98394782443995
2018-11-01 08:00:00,311.6427792635831,304.5799393852246
2018-11-01 09:00:00,311.3713196694208,304.8310536530058
2018-11-01 17:00:00,294.0728664780251,295.68718546674876
2018-11-01 18:00:00,293.2779874875108,294.987418364303
2018-11-01 20:00:00,291.9157179728128,293.66656167334514
2018-11-01 21:00:00,291.3699553596955,293.14342300109394
2018-11-02 05:00:00,304.65434283945706,302.1726419128512
2018-11-02 06:00:00,307.84106809736585,303.73856674688074
2018-11-02 08:00:00,311.48918057810545,305.04895609663157
2018-11-02 09:00:00,311.4157726599366,305.1825822968329
2018-11-02 17:00:00,294.8390552303273,296.46726338484996
2018-11-02 18:00:00,294.0508664076795,295.71168064299644
2018-11-02 20:00:00,292.8532025024226,294.4733926217619
2018-11-02 21:00:00,292.27906298527176,293.96519989813055
2018-11-03 05:00:00,305.32920729250685,302.6050409396367
2018-11-03 06:00:00,308.48630891632416,304.2521885899807
2018-11-03 08:00:00,310.33762057499825,305.4644020915215
2018-11-03 09:00:00,309.46248799516536,305.36305201549555
2018-11-03 17:00:00,294.41896788328194,296.04718410215685
2018-11-03 18:00:00,293.69912508125486,295.2937702478723
2018-11-03 20:00:00,292.4443901073767,294.14103882118076
2018-11-03 21:00:00,291.921031440535,293.56366011468214
2018-11-04 05:00:00,301.71678556609777,298.38529098346163
2018-11-04 06:00:00,304.8130783292656,300.00155230553014
2018-11-04 08:00:00,308.42297539615487,302.0839704798624
2018-11-04 09:00:00,308.1308018665285,302.2891524304594
2018-11-04 17:00:00,290.74466934556773,292.47936115940837
2018-11-04 18:00:00,289.89757969272887,291.7593015603182
2018-11-04 20:00:00,288.4723732453098,290.40281127083284
2018-11-04 21:00:00,287.75578771276724,289.725573735171
2018-11-05 05:00:00,301.39082103664595,297.2207233916813
2018-11-05 06:00:00,305.0690370157063,298.91719793428445
2018-11-05 08:00:00,308.5881927913437,300.81406864583585
2018-11-05 09:00:00,308.21564604725415,301.2318016957429
2018-11-05 17:00:00,289.38685076556334,291.2983165676311
2018-11-05 18:00:00,288.4899528044949,290.52608373609644
2018-11-05 20:00:00,287.06953251490427,289.17000630383137
2018-11-05 21:00:00,286.40168223799833,288.5492111464678
2018-11-06 05:00:00,301.2306104521906,296.7855582685426
2018-11-06 06:00:00,304.5585641728712,298.28447343682285
2018-11-06 08:00:00,307.8656737293778,300.0907392457747
2018-11-06 09:00:00,307.6171018956071,300.56050011116116
2018-11-06 17:00:00,288.92674281233445,291.00611745778514
2018-11-06 18:00:00,287.8154173676148,290.0289626158257
2018-11-06 20:00:00,285.85242510356227,288.12301142006334
2018-11-06 21:00:00,284.98006840075476,287.34566430795724
2018-11-07 05:00:00,303.1183901464995,297.8757160110356
2018-11-07 06:00:00,306.5948716738191,299.3572989112607
2018-11-07 08:00:00,309.5680275609938,301.23811711809486
2018-11-07 09:00:00,309.1429981296345,301.7254587417391
2018-11-07 17:00:00,287.8319249557237,289.872062577305
2018-11-07 18:00:00,286.6237449939887,288.899194420578
2018-11-07 20:00:00,285.3844685135711,287.56747857374484
2018-11-07 21:00:00,284.8971847980893,287.0606289527082
2018-11-08 05:00:00,302.16724004289955,298.47627589809144
2018-11-08 06:00:00,305.3837518207098,300.0631914888214
2018-11-08 08:00:00,308.9964633465548,301.7680220170455
2018-11-08 09:00:00,309.03111300005565,302.0993769194569
2018-11-08 17:00:00,289.93199376369296,291.5100838730258
2018-11-08 18:00:00,289.05772461031546,290.77314219893583
2018-11-08 20:00:00,287.401956943224,289.1737269326608
2018-11-08 21:00:00,286.62438934279146,288.44694394433446
2018-11-09 05:00:00,302.2157856804564,298.740960190219
2018-11-09 06:00:00,305.7839048882296,300.4283521796228
2018-11-09 08:00:00,310.1742727929161,302.3002217297194
2018-11-09 09:00:00,310.1326210480442,302.71511702104044
2018-11-09 17:00:00,289.8563953981561,291.57786092185097
2018-11-09 18:00:00,288.9193417118584,290.7422652751529
2018-11-09 20:00:00,287.27300677424404,289.06124922601026
2018-11-09 21:00:00,286.60045479185226,288.4344174659858
2018-11-10 05:00:00,303.2272764420473,299.7819994910289
2018-11-10 06:00:00,306.6483451478838,301.3747963692264
2018-11-10 08:00:00,310.62604260554855,303.0382043165492
2018-11-10 09:00:00,310.5033562752793,303.2499929936531
2018-11-10 17:00:00,291.19978934407055,292.71388402154156
2018-11-10 18:00:00,290.2556762930425,291.90807860951946
2018-11-10 20:00:00,288.78288205562643,290.56609322146755
2018-11-10 21:00:00,288.2301617638539,290.0548309420216
2018-11-11 05:00:00,302.7272538007316,299.97630291249607
2018-11-11 06:00:00,306.31720878236655,301.7971564764602
2018-11-11 08:00:00,310.6082304732642,303.7967959317294
2018-11-11 09:00:00,310.7513048027991,304.0178829481128
2018-11-11 17:00:00,291.9480899287666,293.69167714640616
2018-11-11 18:00:00,291.13159800384005,292.943347478317
2018-11-11 20:00:00,290.1193130563698,292.0778348243843
2018-11-11 21:00:00,289.75408371277325,291.72804927972874
2018-11-12 05:00:00,304.29685701390815,301.8093242204428
2018-11-12 06:00:00,307.74149817421187,303.35797591716374
2018-11-12 08:00:00,310.7992736863428,304.7313804215018
2018-11-12 09:00:00,310.4275837385416,304.8605381241197
2018-11-12 17:00:00,293.3179421917132,295.19139578750213
2018-11-12 18:00:00,292.1617411185854,293.96786931630095
2018-11-12 20:00:00,290.40095694002645,292.53457422947116
2018-11-12 21:00:00,289.7939336509293,291.81886486647124
2018-11-13 05:00:00,304.54926515176595,301.66368956485036
2018-11-13 06:00:00,306.8445047810559,302.8383284511478
2018-11-13 08:00:00,308.0120574998194,303.46683649142466
2018-11-13 09:00:00,308.20013112683876,303.6083346515297
2018-11-13 17:00:00,293.6669045611412,295.35676685209825
2018-11-13 18:00:00,293.04470178636456,294.75383936054715
2018-11-13 20:00:00,290.83658878461614,292.6059939203718
2018-11-13 21:00:00,289.95824424144115,291.64247498122864
2018-11-14 05:00:00,304.97907799013956,300.6030359958831
2018-11-14 06:00:00,308.218433256693,302.10149758549056
2018-11-14 08:00:00,307.71756501043524,302.45243061929716
2018-11-14 09:00:00,307.8526877945487,302.93617949169845
2018-11-14 17:00:00,292.7087446544865,294.3667276203173
2018-11-14 18:00:00,291.9595050547266,293.72638745888355
2018-11-14 20:00:00,291.37568655146293,293.2785040997945
2018-11-14 21:00:00,291.098210010029,292.8221317755607
2018-11-15 05:00:00,302.22408904794185,299.3542267456995
2018-11-15 06:00:00,305.1024328857798,300.53918541671686
2018-11-15 08:00:00,308.45895289346146,301.9894523209159
2018-11-15 09:00:00,307.9475768431677,302.1025923624613
2018-11-15 17:00:00,291.06236723207735,292.59606531551697
2018-11-15 18:00:00,290.1927225027687,291.7487379641305
2018-11-15 20:00:00,288.6309149320394,290.28496138891563
2018-11-15 21:00:00,287.97692842880275,289.7118749163
2018-11-16 05:00:00,302.5486395649256,297.1858088606495
2018-11-16 06:00:00,305.83363598557577,298.82332598152806
2018-11-16 08:00:00,307.8739272765643,300.4962671218191
2018-11-16 09:00:00,307.39911069708353,300.76607862569523
2018-11-16 17:00:00,289.97910521614534,291.5254192146572
2018-11-16 18:00:00,288.7676153197678,290.5354586044335
2018-11-16 20:00:00,287.0348267871169,291.2916991905365
2018-11-16 21:00:00,286.44877502253314,291.60314678080465
2018-11-17 05:00:00,303.3993767031536,298.63384015240547
2018-11-17 06:00:00,306.5163714110576,300.11098683596754
2018-11-17 08:00:00,309.03383247363735,301.7744157317975
2018-11-17 09:00:00,308.7211146655913,302.1441742789763
2018-11-17 17:00:00,289.2620661284413,291.22353956695696
2018-11-17 18:00:00,288.4532161295322,290.47436789114414
2018-11-17 20:00:00,287.5001427837072,289.5229731766946
2018-11-17 21:00:00,287.13845315001595,289.1451337017888
2018-11-18 05:00:00,303.64732151589885,300.51870008095386
2018-11-18 06:00:00,307.12669111583926,301.98038777731966
2018-11-18 08:00:00,310.4459195364789,303.4051011942201
2018-11-18 09:00:00,310.16884007622906,303.64682839133525
2018-11-18 17:00:00,290.8069457772701,292.64048682449413
2018-11-18 18:00:00,290.3471638777958,292.0406210124952
2018-11-18 20:00:00,289.7401608788912,291.65886842230987
2018-11-18 21:00:00,289.60088671668103,291.4686130000557
2018-11-19 05:00:00,303.38438121636955,300.7714820944106
2018-11-19 06:00:00,307.06238747524736,302.4471914235543
2018-11-19 08:00:00,310.4236084360555,303.70312043882114
2018-11-19 09:00:00,310.05015535751363,303.85879427258885
2018-11-19 17:00:00,293.2178699981267,294.54518915067655
2018-11-19 18:00:00,292.19885604223595,293.56349116297463
2018-11-19 20:00:00,290.3627335088463,292.584567524068
2018-11-19 21:00:00,289.60940246111807,292.14329754516416
2018-11-20 05:00:00,304.55578707326174,300.0857118156915
2018-11-20 06:00:00,307.8756881032042,301.694396949145
2018-11-20 08:00:00,310.7932563393803,303.05344072291956
2018-11-20 09:00:00,310.269259859858,303.1814378876532
2018-11-20 17:00:00,292.8074754147757,294.1861114266841
2018-11-20 18:00:00,291.80240126787606,293.26967586758326
2018-11-20 20:00:00,290.32407368570335,291.87906852451795
2018-11-20 21:00:00,289.6059382927987,291.2136567384693
2018-11-21 05:00:00,301.87445284662704,298.4581263561278
2018-11-21 06:00:00,305.1593786160273,299.8933884866065
2018-11-21 08:00:00,309.1729758663795,301.6591573518304
2018-11-21 09:00:00,309.4335679111569,301.9161321936844
2018-11-21 17:00:00,291.90034186270645,293.28660922057827
2018-11-21 18:00:00,291.19924853873,292.69730352510476
2018-11-21 20:00:00,290.09051887500453,291.54181223253624
2018-11-21 21:00:00,289.6774345597795,291.0847177373242
2018-11-22 05:00:00,301.03599745834185,298.32373799234404
2018-11-22 06:00:00,304.1530041099513,300.1422412090566
2018-11-22 08:00:00,308.49743833380234,302.458060689259
2018-11-22 09:00:00,308.99439562781384,303.05023226275097
2018-11-22 17:00:00,294.10871351150956,295.0004646524626
2018-11-22 18:00:00,293.3007739850296,294.3367357063
2018-11-22 20:00:00,291.45973758080345,292.4720766981504
2018-11-22 21:00:00,290.7137489730294,291.8751143351174
2018-11-23 05:00:00,303.35090244569466,298.82314146538545
2018-11-23 06:00:00,306.81079188554054,300.32616712573133
2018-11-23 08:00:00,309.2833149209045,301.95886402100746
2018-11-23 09:00:00,308.6058548514391,302.04903260217793
2018-11-23 17:00:00,291.4592605144107,292.9179246429303
2018-11-23 18:00:00,290.64614038217604,292.1681582270124
2018-11-23 20:00:00,289.2203894616643,290.82478374839746
2018-11-23 21:00:00,288.4830227515364,290.1067383799972
2018-11-24 05:00:00,302.66708957101974,298.092475808824
2018-11-24 06:00:00,305.32060843586737,299.459976290334
2018-11-24 08:00:00,307.4865574065269,300.8446305896542
2018-11-24 09:00:00,307.06716392293737,301.05057834807457
2018-11-24 17:00:00,288.6654186513281,292.35559284227844
2018-11-24 18:00:00,287.53950780271936,291.9852839912215
2018-11-24 20:00:00,286.1385697422116,290.46347125836627
2018-11-24 21:00:00,285.6390297394504,289.60376862935914
2018-11-25 05:00:00,303.7206769099772,298.48970847578005
2018-11-25 06:00:00,307.03879000483016,299.87936464847513
2018-11-25 08:00:00,309.7582213132885,301.6682788866511
2018-11-25 09:00:00,309.39479354129554,302.04646940775024
2018-11-25 17:00:00,289.28029673713013,291.20881977287024
2018-11-25 18:00:00,287.92674596283945,290.75220932688666
2018-11-25 20:00:00,286.1461148254677,289.54565535488035
2018-11-25 21:00:00,285.8918370274807,288.4411692567893
2018-11-26 05:00:00,303.4283808868361,298.94185987569523
2018-11-26 06:00:00,306.6688859466412,300.16905101899556
2018-11-26 08:00:00,308.2837953023808,301.26763916015625
2018-11-26 09:00:00,308.00522104507235,301.60559832039525
2018-11-26 17:00:00,289.1849344309379,291.7781377477896
2018-11-26 18:00:00,288.6817024595381,291.5746578927767
2018-11-26 20:00:00,287.84147258458773,290.40971167612884
2018-11-26 21:00:00,287.1851115410427,290.23924481078916
2018-11-27 05:00:00,300.92699805026064,297.46920945648054
2018-11-27 06:00:00,304.2506150302975,299.02720498671334
2018-11-27 08:00:00,306.8253767721826,300.46284555396977
2018-11-27 09:00:00,305.70418542706176,300.49940380219874
2018-11-27 17:00:00,291.1724873970396,292.24936735979037
2018-11-27 18:00:00,290.567602548467,291.6994032191202
2018-11-27 20:00:00,289.8339443823957,290.84088567372277
2018-11-27 21:00:00,289.1002407926257,290.0888466621951
2018-11-28 05:00:00,298.48788703718617,295.1212583991522
2018-11-28 06:00:00,302.3836999314224,297.09369141001184
2018-11-28 08:00:00,306.60313450794195,299.3445983792674
2018-11-28 09:00:00,306.7616748310201,299.80883695017576
2018-11-28 17:00:00,289.5482707207302,290.649136065702
2018-11-28 18:00:00,288.7393838797218,289.9428876926792
2018-11-28 20:00:00,287.19414281624677,288.49232292469185
2018-11-28 21:00:00,286.60090204600374,288.0240076943796
2018-11-29 05:00:00,300.1029646863188,295.666737772467
2018-11-29 06:00:00,303.5915615275755,297.29414725046496
2018-11-29 08:00:00,306.66032374401124,299.22490342996883
2018-11-29 09:00:00,306.589101970655,299.72015526629013
2018-11-29 17:00:00,287.98606762055806,289.97807554177393
2018-11-29 18:00:00,286.90057751577694,288.7872444705347
2018-11-29 20:00:00,285.5385236225804,288.7552638590244
2018-11-29 21:00:00,284.9755904751677,288.53898985029554
2018-11-30 05:00:00,301.5423134919859,296.26620457536086
2018-11-30 06:00:00,304.4166098243466,297.73440554108936
2018-11-30 08:00:00,307.37443674143367,299.61710469344365
2018-11-30 09:00:00,307.2181317251526,300.0734132787296
2018-11-30 17:00:00,288.64327692581435,290.22053222186025
2018-11-30 18:00:00,287.6956475350449,289.3934425389271
2018-11-30 20:00:00,285.7286574682579,287.4534475976036
2018-11-30 21:00:00,285.00729652251965,286.8516558866104
2018-12-01 05:00:00,300.37104176666776,295.4741461802338
2018-12-01 06:00:00,304.2139127522661,296.8107031306427
2018-12-01 08:00:00,307.72108210253606,298.60651455307595
2018-12-01 09:00:00,307.3035713513202,298.9727270893397
2018-12-01 17:00:00,286.8457017143262,288.6220504925321
2018-12-01 18:00:00,285.8386084934229,287.92272401407064
2018-12-01 20:00:00,284.451465835924,286.5334679319972
2018-12-01 21:00:00,283.90323087577644,286.0692966972551
2018-12-02 05:00:00,298.70945624541065,295.2906651665874
2018-12-02 06:00:00,302.00661363880886,296.6065298823987
2018-12-02 08:00:00,305.9710418513082,298.3589631067402
2018-12-02 09:00:00,306.0412235113065,298.65018205686783
2018-12-02 17:00:00,288.39225051950416,289.70741187332226
2018-12-02 18:00:00,287.62400608621135,289.065992499353
2018-12-02 20:00:00,286.1888383768373,287.6876158398362
2018-12-02 21:00:00,285.44868208263614,287.02284548719786
2018-12-03 05:00:00,298.79035766319424,294.97495202768386
2018-12-03 06:00:00,301.91687928656773,296.22183472055866
2018-12-03 08:00:00,304.93520316431085,297.6142126004024
2018-12-03 09:00:00,304.8128300036414,297.9355782154712
2018-12-03 17:00:00,287.7837390164933,289.28005943827344
2018-12-03 18:00:00,287.01775302504905,288.6287468203411
2018-12-03 20:00:00,285.45502856332456,287.07648055395475
2018-12-03 21:00:00,284.5922686748769,286.33458019662163
2018-12-04 05:00:00,297.98312502539216,294.445964489953
2018-12-04 06:00:00,301.2655213154703,295.9247997736527
2018-12-04 08:00:00,304.8033712472313,297.50163908548456
2018-12-04 09:00:00,304.95223006849477,297.8226737564628
2018-12-04 17:00:00,288.3446625414174,289.5097175445322
2018-12-04 18:00:00,287.5953141787019,288.87050862598863
2018-12-04 20:00:00,286.17820697425884,287.49190160342835
2018-12-04 21:00:00,285.56348490898705,286.9490782468822
2018-12-05 05:00:00,298.16371258234574,294.8344711045088
2018-12-05 06:00:00,300.7822316644372,295.9979068656181
2018-12-05 08:00:00,304.6748447741492,297.36840251340703
2018-12-05 09:00:00,304.6048192757487,297.6338993536857
2018-12-05 17:00:00,288.18134522989095,289.3909814537766
2018-12-05 18:00:00,287.4892444346095,288.7792350169507
2018-12-05 20:00:00,286.2705384006118,287.51110647051655
2018-12-05 21:00:00,285.66544684129434,286.9348471102252
2018-12-06 05:00:00,297.65315077301165,294.40371720559426
2018-12-06 06:00:00,301.1342897341689,296.08169670869097
2018-12-06 08:00:00,304.9668059033128,297.54724596020617
2018-12-06 09:00:00,305.25115625884024,297.8313707724925
2018-12-06 17:00:00,288.06123006435683,289.26698021087884
2018-12-06 18:00:00,287.33308664565834,288.6863358413861
2018-12-06 20:00:00,285.64669357793537,287.3107401138094
2018-12-06 21:00:00,284.8289264273387,286.4917175339992
2018-12-07 05:00:00,298.04944244996057,294.4362651431138
2018-12-07 06:00:00,301.37245979955645,295.9798361097903
2018-12-07 08:00:00,304.9100336389292,297.4731098992064
2018-12-07 09:00:00,305.00038043523244,297.7477468716896
2018-12-07 17:00:00,287.81252344069753,289.10341083544245
2018-12-07 18:00:00,287.14374787928693,288.547029656879
2018-12-07 20:00:00,285.9192559899094,287.4243264925682
2018-12-07 21:00:00,285.37067778929725,286.9605255126953
2018-12-08 05:00:00,297.14856229761534,294.16263515666384
2018-12-08 06:00:00,300.7404074881955,295.97750287871514
2018-12-08 08:00:00,304.54603463806245,297.5773298266489
2018-12-08 09:00:00,304.8460535128789,297.86202671421324
2018-12-08 17:00:00,287.68827380164197,288.95736572077533
2018-12-08 18:00:00,286.9392671041386,288.319732595482
2018-12-08 20:00:00,285.45074484050735,287.00367130226647
2018-12-08 21:00:00,284.71250057367405,286.4225743180615
2018-12-09 05:00:00,296.9284451195198,293.8926988081498
2018-12-09 06:00:00,300.55547813568353,295.59073444948365
2018-12-09 08:00:00,304.6337206448171,297.10646054777783
2018-12-09 09:00:00,304.631595864318,297.35130006763717
2018-12-09 17:00:00,286.85524652184256,288.25218050211714
2018-12-09 18:00:00,286.13049337566355,287.6414304242479
2018-12-09 20:00:00,284.68828964821176,286.369017590727
2018-12-09 21:00:00,283.9503097886848,285.7679131365337
2018-12-10 05:00:00,296.0711614200257,293.1982608319064
2018-12-10 06:00:00,299.7364106259103,295.08671153675425
2018-12-10 08:00:00,303.9574323045822,296.8280999135163
2018-12-10 09:00:00,304.42302345311145,297.10181395261793
2018-12-10 17:00:00,287.34428283503314,288.5229737644754
2018-12-10 18:00:00,286.6399357682568,287.93113245324844
2018-12-10 20:00:00,285.7978179884618,287.2319537193639
2018-12-10 21:00:00,285.4102720898362,286.82944320420086
2018-12-11 05:00:00,294.7682421527034,292.5286747678219
2018-12-11 06:00:00,297.77695021901184,294.1914652631904
2018-12-11 08:00:00,299.7086894030931,295.0742296827225
2018-12-11 09:00:00,299.9446700791181,294.80871817143566
2018-12-11 17:00:00,287.2556509949577,288.2924635171523
2018-12-11 18:00:00,286.5251398777191,287.6677662712767
2018-12-11 20:00:00,285.19055178132373,286.90813000507086
2018-12-11 21:00:00,284.24556688681963,286.81668485808996
2018-12-12 05:00:00,297.49349117426,291.9079007940777
2018-12-12 06:00:00,301.0181440638467,293.8234841415805
2018-12-12 08:00:00,303.41653611663685,295.46578920714114
2018-12-12 09:00:00,303.1263242230761,295.81381881549294
2018-12-12 17:00:00,286.3440714925757,287.36210898001127
2018-12-12 18:00:00,285.64194844720544,286.6443754880932
2018-12-12 20:00:00,284.3740415411481,285.43630454793737
2018-12-12 21:00:00,283.69046568319504,284.7901209050959
2018-12-13 05:00:00,293.302831782031,289.9641325352556
2018-12-13 06:00:00,296.7486135191837,291.52119873705186
2018-12-13 08:00:00,299.5807437279559,292.65255720846824
2018-12-13 09:00:00,299.5342999944702,292.9248862714723
2018-12-13 17:00:00,283.80693893550176,285.05914200840084
2018-12-13 18:00:00,283.1667687132473,284.48193902484445
2018-12-13 20:00:00,282.22824719727316,283.6124382548046
2018-12-13 21:00:00,281.70517830635623,283.06912849790695
2018-12-14 05:00:00,293.4861615244156,289.30376024055187
2018-12-14 06:00:00,297.1142309861852,290.7497516508646
2018-12-14 08:00:00,300.6599626350109,292.5302543463803
2018-12-14 09:00:00,300.23179995591175,292.913003366056
2018-12-14 17:00:00,283.51491032910457,284.84120695469744
2018-12-14 18:00:00,282.8686590914734,284.2480901826879
2018-12-14 20:00:00,281.9196020046993,283.4474291456131
2018-12-14 21:00:00,281.3853442128891,282.91400259338286
2018-12-15 05:00:00,293.83247596493857,289.74627255291347
2018-12-15 06:00:00,297.0152727077114,291.0126772793857
2018-12-15 08:00:00,300.84728660642276,292.8343593086043
2018-12-15 09:00:00,300.78769837836455,293.32045558935323
2018-12-15 17:00:00,283.26136356583,284.555821869884
2018-12-15 18:00:00,282.40600289695993,283.7540190098649
2018-12-15 20:00:00,281.3234509672333,282.8969883852637
2018-12-15 21:00:00,280.74596547272245,282.2939289251719
2018-12-16 05:00:00,293.50227377117136,290.3061633705174
2018-12-16 06:00:00,296.8986878946125,292.0571616809063
2018-12-16 08:00:00,301.13649649833127,294.74995302456
2018-12-16 09:00:00,301.2900791961717,295.1654828840118
2018-12-16 17:00:00,283.02733984713564,284.75840503004923
2018-12-16 18:00:00,282.7947182207152,284.37286111276217
2018-12-16 20:00:00,282.5732040287717,283.79627795579444
2018-12-16 21:00:00,282.11552868859246,283.40322431614294
2018-12-17 05:00:00,291.0018313838448,289.62194767791794
2018-12-17 06:00:00,293.70486896908704,291.09934555547454
2018-12-17 08:00:00,300.76723359141766,294.63665484647356
2018-12-17 09:00:00,301.51491914581635,295.3078580130414
2018-12-17 17:00:00,283.69881682550226,285.3308312602697
2018-12-17 18:00:00,282.90588367150633,284.60234048664114
2018-12-17 20:00:00,281.29668806220053,282.99715777428014
2018-12-17 21:00:00,280.48380948435545,282.26741869534106
2018-12-18 05:00:00,294.38475605592885,290.67736165145146
2018-12-18 06:00:00,298.43114366810573,292.6831566527004
2018-12-18 08:00:00,302.8948696706623,295.2140519857774
2018-12-18 09:00:00,303.4276637942839,295.8679328530522
2018-12-18 17:00:00,282.51050942631093,284.6325428967116
2018-12-18 18:00:00,281.53056293129004,283.6051039027139
2018-12-18 20:00:00,279.3978607930094,285.0966175002934
2018-12-18 21:00:00,278.59117768321454,284.944381596311
2018-12-19 05:00:00,295.1208151183988,292.66094980107613
2018-12-19 06:00:00,299.24585739159255,294.81225574181883
2018-12-19 08:00:00,304.18063091166397,297.2259025632508
2018-12-19 09:00:00,304.6835141879936,297.7289279884844
2018-12-19 17:00:00,283.0394013438643,285.2859897936805
2018-12-19 18:00:00,282.2438273613552,284.561331656387
2018-12-19 20:00:00,280.7115525538088,282.85306818275865
2018-12-19 21:00:00,279.9853282393587,282.12212429428683
2018-12-20 05:00:00,298.2489900985741,293.1892533265571
2018-12-20 06:00:00,302.205496554382,295.11154207720415
2018-12-20 08:00:00,305.238704146516,296.9773597658507
2018-12-20 09:00:00,305.1821952314333,297.4051497684238
2018-12-20 17:00:00,283.1402628565055,285.1727300799683
2018-12-20 18:00:00,281.85299412238027,284.0508424967573
2018-12-20 20:00:00,279.9795616631883,284.1916107977117
2018-12-20 21:00:00,279.25074819791115,283.93297091397375
2018-12-21 05:00:00,296.29150790315936,292.1575969349254
2018-12-21 06:00:00,300.43607004691717,294.2264682904965
2018-12-21 08:00:00,304.2476567766516,296.4878648660951
2018-12-21 09:00:00,304.46678413191273,296.93406218777085
2018-12-21 17:00:00,284.0535984362586,285.67114511733797
2018-12-21 18:00:00,282.85104031555454,284.6201479166792
2018-12-21 20:00:00,280.9559990834382,283.03763470995045
2018-12-21 21:00:00,280.2335109857638,282.46409536399904
2018-12-22 05:00:00,294.5894436358671,292.139748289699
2018-12-22 06:00:00,298.70339582587246,294.2299445200775
2018-12-22 08:00:00,302.81589257662034,296.1509274569425
2018-12-22 09:00:00,303.165513918837,296.5724825396193
2018-12-22 17:00:00,285.4498668135774,286.7203803393066
2018-12-22 18:00:00,284.73045476081745,286.0846681521376
2018-12-22 20:00:00,283.80596084477173,285.286228597256
2018-12-22 21:00:00,283.2973507497638,284.7231708403178
2018-12-23 05:00:00,293.5025502397393,290.94052363838006
2018-12-23 06:00:00,297.8593539339368,293.6064329691036
2018-12-23 08:00:00,302.990453805321,296.3831904900644
2018-12-23 09:00:00,303.67186827578786,296.81860450309676
2018-12-23 17:00:00,286.08718291342905,287.2417260450648
2018-12-23 18:00:00,285.2482916034058,286.53668593772574
2018-12-23 20:00:00,283.7445524947485,285.23672233781394
2018-12-23 21:00:00,283.00654672584477,284.5895212934638
2018-12-24 05:00:00,294.6642480036144,291.92163817136793
2018-12-24 06:00:00,298.76430573779373,294.1715311717546
2018-12-24 08:00:00,303.00538103900084,295.9417562146768
2018-12-24 09:00:00,303.40320322656845,296.28558326098147
2018-12-24 17:00:00,285.6364061446697,286.82718161184727
2018-12-24 18:00:00,284.50283966299565,285.8679465130775
2018-12-24 20:00:00,283.60542468995277,284.98361304801864
2018-12-24 21:00:00,283.2637556455168,284.5907924987135
2018-12-25 05:00:00,293.9927052408227,290.8097658083876
2018-12-25 06:00:00,297.89664526235526,292.71099552571866
2018-12-25 08:00:00,302.5779967462337,294.45930584406454
2018-12-25 09:00:00,303.01711015745377,294.8881771046502
2018-12-25 17:00:00,284.71282192518237,285.8673211848607
2018-12-25 18:00:00,283.85694984001077,285.0701198489714
2018-12-25 20:00:00,282.64387890737856,283.9121193437621
2018-12-25 21:00:00,282.1150130637805,283.40554574458
2018-12-26 05:00:00,293.89673841385337,290.3803990956264
2018-12-26 06:00:00,297.9275555955978,292.35929496776896
2018-12-26 08:00:00,302.3829153146142,294.6966154689231
2018-12-26 09:00:00,302.31246865952886,295.2907496424412
2018-12-26 17:00:00,284.410942865263,286.03172154125343
2018-12-26 18:00:00,283.47898554397847,285.27206681873105
2018-12-26 20:00:00,282.1891980751637,284.23387202423044
2018-12-26 21:00:00,281.5000959258234,283.55954847056626
2018-12-27 05:00:00,294.4035842495817,291.127748180795
2018-12-27 06:00:00,298.07989645371634,292.9636381881079
2018-12-27 08:00:00,300.57179913866133,294.52449388313
2018-12-27 09:00:00,300.3110851881501,294.7631489381952
2018-12-27 17:00:00,282.9387727334797,284.56671746816767
2018-12-27 18:00:00,281.92907987574034,283.6544799099351
2018-12-27 20:00:00,279.5314697594782,281.3578214248634
2018-12-27 21:00:00,278.40825811776983,280.48440107395544
2018-12-28 05:00:00,295.7045053208738,290.1458111779164
2018-12-28 06:00:00,299.5201249085884,291.8710582715521
2018-12-28 08:00:00,302.3866555282993,293.7759181935174
2018-12-28 09:00:00,302.2210824552045,294.22734902121806
2018-12-28 17:00:00,280.5975308410927,282.89830449696495
2018-12-28 18:00:00,279.1567003811453,282.62114074895123
2018-12-28 20:00:00,277.4116063992305,281.7441031951199
2018-12-28 21:00:00,276.7811961357693,281.129020843741
2018-12-29 05:00:00,293.54241912794777,290.40508823953166
2018-12-29 06:00:00,297.7170853107846,292.27672190144546
2018-12-29 08:00:00,302.2185334380493,294.55400113662694
2018-12-29 09:00:00,302.53336937291596,295.1178018014494
2018-12-29 17:00:00,282.8836787948256,284.6417160857073
2018-12-29 18:00:00,282.02632395034584,283.8559203772405
2018-12-29 20:00:00,280.324044672844,282.27473517889604
2018-12-29 21:00:00,279.67367814685605,281.7232012873622
2018-12-30 05:00:00,293.38629820460716,290.7565953235597
2018-12-30 06:00:00,297.3484619093603,292.7500624223189
2018-12-30 08:00:00,301.618315263228,295.0569953624567
2018-12-30 09:00:00,302.2029789952541,295.70185485275573
2018-12-30 17:00:00,284.004601759242,285.5562120387661
2018-12-30 18:00:00,283.10073652693603,284.8045320907616
2018-12-30 20:00:00,281.4547400805175,283.24932405210245
2018-12-30 21:00:00,280.562505384072,282.59195783288897
2018-12-31 05:00:00,294.5091197949896,291.70952083076276
2018-12-31 06:00:00,298.8112742419603,293.79435687660254
2018-12-31 08:00:00,303.7946241052566,296.2236087605105
2018-12-31 09:00:00,304.2320577800733,296.7102591069344
2018-12-31 17:00:00,284.3406124967272,286.10464799642926
2018-12-31 18:00:00,283.2164727021439,285.08281198745516
2018-12-31 20:00:00,281.09647786709115,283.8627877962791
2018-12-31 21:00:00,280.2164252329681,283.97122065422167
