datetime_utc,skt,t2m
2020-01-01 05:00:00,289.06952115897957,287.0375531494893
2020-01-01 06:00:00,292.0849188994186,288.8884615200143
2020-01-01 08:00:00,296.40158497203487,291.4627478177816
2020-01-01 09:00:00,296.9966899242901,292.1624463379659
2020-01-01 17:00:00,284.8451340591596,285.74149478859454
2020-01-01 18:00:00,284.68887068126895,285.49501608920576
2020-01-01 20:00:00,283.85877106700366,284.37200821933834
2020-01-01 21:00:00,283.2727678766236,283.81961475719106
2020-01-02 05:00:00,290.6931303520967,288.414218379463
2020-01-02 06:00:00,294.15746259175023,290.426739403206
2020-01-02 08:00:00,298.3455507722217,292.6741115058699
2020-01-02 09:00:00,297.6312266909654,292.69100535999644
2020-01-02 17:00:00,286.35798233572984,287.03700249294286
2020-01-02 18:00:00,285.30935711265533,286.06884290698133
2020-01-02 20:00:00,283.1922305302554,283.9638870309792
2020-01-02 21:00:00,282.34950839426193,283.2285501865099
2020-01-03 05:00:00,293.018337091055,290.0525356345625
2020-01-03 06:00:00,297.0186202368127,291.62872519000837
2020-01-03 08:00:00,300.1426939883475,293.681098761654
2020-01-03 09:00:00,299.9198604871753,293.9340089818546
2020-01-03 17:00:00,285.37837183971436,286.50969306934047
2020-01-03 18:00:00,284.81719947191897,285.9949564647234
2020-01-03 20:00:00,284.4971160888672,285.54121942035226
2020-01-03 21:00:00,283.6956959211588,284.71443145704933
2020-01-04 05:00:00,292.8733219328941,290.0665914244571
2020-01-04 06:00:00,296.2826949297372,291.5977781322227
2020-01-04 08:00:00,299.6535734109041,292.8034336225278
2020-01-04 09:00:00,300.31953618265635,293.2849962090491
2020-01-04 17:00:00,283.54071879570586,284.90819268601336
2020-01-04 18:00:00,282.5599205358003,284.14076357519684
2020-01-04 20:00:00,281.1941200338637,283.00416788298105
2020-01-04 21:00:00,280.7035708434777,282.74721819814437
2020-01-05 05:00:00,293.45722585246085,291.10504987390453
2020-01-05 06:00:00,297.0162408531906,292.6022095761057
2020-01-05 08:00:00,300.6554066051137,294.2788965022435
2020-01-05 09:00:00,300.859765662618,294.68645612484505
2020-01-05 17:00:00,285.9564346289965,287.30126177254374
2020-01-05 18:00:00,285.4758048270627,286.8775651928824
2020-01-05 20:00:00,284.2553835547026,285.54564390491083
2020-01-05 21:00:00,283.93335339468325,285.2321059545861
2020-01-06 05:00:00,291.6597349522478,291.11851299268255
2020-01-06 06:00:00,295.5204021060045,293.0696108543267
2020-01-06 08:00:00,299.76084218076636,295.7596992057718
2020-01-06 09:00:00,300.00585942202247,296.0924902682312
2020-01-06 17:00:00,287.2689540257623,288.5945511687151
2020-01-06 18:00:00,286.6480692670966,287.977301834177
2020-01-06 20:00:00,284.9544389721792,286.31910138945733
2020-01-06 21:00:00,284.4053886660442,285.8968096763952
2020-01-07 05:00:00,293.6798789989784,291.2025864987601
2020-01-07 06:00:00,297.2465034567153,293.36330720639927
2020-01-07 08:00:00,301.0448332376583,295.3024938551047
2020-01-07 09:00:00,301.7341550054095,296.00455130413974
2020-01-07 17:00:00,286.44862323402435,286.7885803081589
2020-01-07 18:00:00,285.6218288756666,285.98947848891623
2020-01-07 20:00:00,284.6831259470324,285.2230032992841
2020-01-07 21:00:00,284.2440146048006,284.67124433473373
2020-01-08 05:00:00,289.1085265501989,286.2631265555031
2020-01-08 06:00:00,292.4585601618551,288.1082679971892
2020-01-08 08:00:00,296.76452902395664,290.55465773478136
2020-01-08 09:00:00,297.13796413991776,291.10883774485535
2020-01-08 17:00:00,281.8878553064285,282.91813908887025
2020-01-08 18:00:00,281.0601743160301,282.2064544254532
2020-01-08 20:00:00,279.8491069870113,281.215119419186
2020-01-08 21:00:00,279.29262061919934,280.701862305816
2020-01-09 05:00:00,290.13078947610956,286.4081608988288
2020-01-09 06:00:00,293.7989072402931,287.99408008357966
2020-01-09 08:00:00,297.43210135108706,290.18715941630455
2020-01-09 09:00:00,297.4250199798443,290.6156655944919
2020-01-09 17:00:00,280.7062776680169,281.95791317979433
2020-01-09 18:00:00,279.92859008977155,281.2658941565751
2020-01-09 20:00:00,278.81019220807707,280.27763467797513
2020-01-09 21:00:00,278.27353051043076,279.75552807824084
2020-01-10 05:00:00,289.95321791638577,286.3140234337382
2020-01-10 06:00:00,293.37265082831004,287.98679484645095
2020-01-10 08:00:00,297.59306775109246,290.4044196976719
2020-01-10 09:00:00,297.94925458111635,291.13038804534773
2020-01-10 17:00:00,280.26605048275144,281.93610159898947
2020-01-10 18:00:00,278.94413919551715,280.85011390251077
2020-01-10 20:00:00,277.3336736975906,279.4228572757292
2020-01-10 21:00:00,276.722607135038,278.6749285681773
2020-01-11 05:00:00,290.3365055078351,287.7651177922089
2020-01-11 06:00:00,294.00005297080395,289.9089556724889
2020-01-11 08:00:00,298.49378490007166,292.9683228009287
2020-01-11 09:00:00,299.0986552422146,293.85646666069795
2020-01-11 17:00:00,283.4981224400972,285.07521470926577
2020-01-11 18:00:00,282.8101609381395,284.48776856409205
2020-01-11 20:00:00,281.64316940895395,283.3950327680732
2020-01-11 21:00:00,281.0842469484303,282.8275329401754
2020-01-12 05:00:00,291.8142472841707,290.0917884109568
2020-01-12 06:00:00,295.811478695627,292.5922742000163
2020-01-12 08:00:00,300.9392312965334,295.8990449126586
2020-01-12 09:00:00,301.9978443727655,296.8309340748839
2020-01-12 17:00:00,287.6222196558407,289.0390598902533
2020-01-12 18:00:00,287.17574339691777,288.59690753484176
2020-01-12 20:00:00,286.59284825023775,287.9281868721561
2020-01-12 21:00:00,286.32547507264036,287.6457609579266
2020-01-13 05:00:00,294.8574523925781,293.87342432430603
2020-01-13 06:00:00,295.63747376616817,295.0706106459231
2020-01-13 08:00:00,298.1397507583783,294.21148202011506
2020-01-13 09:00:00,297.6951077877098,293.40793728350855
2020-01-13 17:00:00,283.22503003794895,284.1741557540071
2020-01-13 18:00:00,282.07350459635165,283.2117527754538
2020-01-13 20:00:00,280.37305801932365,281.642493014343
2020-01-13 21:00:00,279.59944228067974,280.8564785808922
2020-01-14 05:00:00,290.7442832206174,287.78127649715765
2020-01-14 06:00:00,295.0796460120814,289.5644041040829
2020-01-14 08:00:00,299.74481835975115,291.3373420844644
2020-01-14 09:00:00,300.391542478776,291.981746797018
2020-01-14 17:00:00,282.9803663350768,283.88665315366495
2020-01-14 18:00:00,282.29856054367747,283.22577842395
2020-01-14 20:00:00,281.4635747077836,282.4388560102607
2020-01-14 21:00:00,281.2689802172739,282.17112485065667
2020-01-15 05:00:00,289.0709652658237,287.23280007666546
2020-01-15 06:00:00,291.24202360320714,288.6299143645723
2020-01-15 08:00:00,295.71592333871524,291.1544859758327
2020-01-15 09:00:00,295.41790498754096,291.4491511787215
2020-01-15 17:00:00,287.4200737105312,287.7153521803752
2020-01-15 18:00:00,286.8600014567559,287.40187329026327
2020-01-15 20:00:00,286.2232672833882,286.61066510827953
2020-01-15 21:00:00,285.91093639967437,286.23230935024736
2020-01-16 05:00:00,287.2830691580045,286.5785742526062
2020-01-16 06:00:00,288.3463446994776,287.0238727164011
2020-01-16 08:00:00,295.24942341056556,290.90522314697637
2020-01-16 09:00:00,293.4427764610444,289.5884311952283
2020-01-16 17:00:00,285.1096340467456,285.4099754721431
2020-01-16 18:00:00,283.67235669810526,284.09191092798267
2020-01-16 20:00:00,281.7834065441725,282.62083881771986
2020-01-16 21:00:00,280.9468932306087,281.8730153229277
2020-01-17 05:00:00,291.30390610423035,287.5641558725037
2020-01-17 06:00:00,294.8022287424614,289.1345682717251
2020-01-17 08:00:00,299.1321973991688,291.51215963260785
2020-01-17 09:00:00,299.1248573573602,291.9364738052909
2020-01-17 17:00:00,283.9534228637884,284.8406577088249
2020-01-17 18:00:00,283.16006413299607,284.05543877788244
2020-01-17 20:00:00,282.36354883132253,283.3454558103588
2020-01-17 21:00:00,281.8446236068185,282.857405699273
2020-01-18 05:00:00,293.1302119697371,288.9581229234881
2020-01-18 06:00:00,296.83667074476807,290.76149807358377
2020-01-18 08:00:00,298.73753900043033,292.28221986179915
2020-01-18 09:00:00,298.3939826154194,292.5511331896202
2020-01-18 17:00:00,284.81011915868163,285.4645492953402
2020-01-18 18:00:00,284.28996805858174,284.94950443497055
2020-01-18 20:00:00,282.7522741238399,283.71489150131066
2020-01-18 21:00:00,282.11969389129314,283.17826913795415
2020-01-19 05:00:00,291.6409237101926,288.6247066033456
2020-01-19 06:00:00,295.12600146089386,290.03932892927224
2020-01-19 08:00:00,299.25594902332466,291.3951514292571
2020-01-19 09:00:00,299.56749594854466,291.9170226580557
2020-01-19 17:00:00,282.41868231586756,283.64184154163706
2020-01-19 18:00:00,281.63927928765855,282.9465438066903
2020-01-19 20:00:00,280.36402328796856,281.779369477682
2020-01-19 21:00:00,279.76935404585026,281.18872032694526
2020-01-20 05:00:00,291.359775725425,288.54425286291564
2020-01-20 06:00:00,295.1172494285831,290.41036641689584
2020-01-20 08:00:00,299.0533559414198,292.3852679894775
2020-01-20 09:00:00,299.27481001514496,292.99815436834916
2020-01-20 17:00:00,284.4781121017386,285.7612224279089
2020-01-20 18:00:00,284.0332909394486,285.37796652959935
2020-01-20 20:00:00,283.6241371143029,284.94505382943413
2020-01-20 21:00:00,283.5056346311407,284.7230614425589
2020-01-21 05:00:00,292.17905140363933,289.80651436968833
2020-01-21 06:00:00,296.14514733830293,292.1338604190868
2020-01-21 08:00:00,301.0697663340988,294.7905750245269
2020-01-21 09:00:00,301.8676884538036,295.43904480544745
2020-01-21 17:00:00,285.2430039510154,286.65361942238366
2020-01-21 18:00:00,284.67853460326586,286.15299724467184
2020-01-21 20:00:00,283.71654582207304,285.1811129154152
2020-01-21 21:00:00,283.4396154230291,284.84462748617165
2020-01-22 05:00:00,292.4249606139855,290.17192517296746
2020-01-22 06:00:00,296.86698873605127,292.4073595890463
2020-01-22 08:00:00,300.980645672015,294.0322360610374
2020-01-22 09:00:00,301.35089663842064,294.5098490428484
2020-01-22 17:00:00,285.0395775370311,286.06079642320816
2020-01-22 18:00:00,284.1689435491577,285.2330749464697
2020-01-22 20:00:00,282.81295042816777,284.1511227177178
2020-01-22 21:00:00,282.1313037842926,283.4870384698289
2020-01-23 05:00:00,291.71302228789483,288.5532376093931
2020-01-23 06:00:00,295.3498872307306,290.60780976329266
2020-01-23 08:00:00,299.680255907526,293.2211750659443
2020-01-23 09:00:00,300.09059523948355,293.7890903137866
2020-01-23 17:00:00,282.7783030082339,284.5973286445042
2020-01-23 18:00:00,281.9049831443281,283.8334026601172
2020-01-23 20:00:00,280.4278138664728,282.6087482846206
2020-01-23 21:00:00,279.6059408320117,281.7316346249338
2020-01-24 05:00:00,292.23369366803047,289.08614002574575
2020-01-24 06:00:00,296.1745249273597,291.1513184016952
2020-01-24 08:00:00,300.9444489794997,293.99068177021894
2020-01-24 09:00:00,301.4513656310565,294.7216225081857
2020-01-24 17:00:00,282.83875440412385,284.85352413606574
2020-01-24 18:00:00,281.4845568358623,283.76831000611674
2020-01-24 20:00:00,279.6329733873552,282.515008700096
2020-01-24 21:00:00,279.0166641493975,282.4191738416675
2020-01-25 05:00:00,295.43426520725245,291.96607352846024
2020-01-25 06:00:00,298.9852319608668,293.6875382997957
2020-01-25 08:00:00,303.092299897792,295.7620622490882
2020-01-25 09:00:00,303.5503257669176,296.44273044956486
2020-01-25 17:00:00,283.8477488607398,285.8897879766573
2020-01-25 18:00:00,282.9444726317983,285.01219649821843
2020-01-25 20:00:00,281.4740222760452,284.80474256330353
2020-01-25 21:00:00,280.90175822629766,284.2293982131088
2020-01-26 05:00:00,295.72036994734236,293.4975963998098
2020-01-26 06:00:00,300.0620538273651,295.6172349691758
2020-01-26 08:00:00,305.24989600982434,297.7279364493301
2020-01-26 09:00:00,305.4378319785849,298.16963311005816
2020-01-26 17:00:00,286.955885077478,288.847099433511
2020-01-26 18:00:00,286.54400679436964,288.392681738996
2020-01-26 20:00:00,285.8174532991712,287.5030861312325
2020-01-26 21:00:00,285.4577399490427,287.0456556370152
2020-01-27 05:00:00,294.7886150107362,292.86604946236395
2020-01-27 06:00:00,299.41144671094804,295.219251800208
2020-01-27 08:00:00,305.05669742813467,298.53759523459325
2020-01-27 09:00:00,304.7109701806114,298.978965771033
2020-01-27 17:00:00,287.71859668326124,288.91142000218935
2020-01-27 18:00:00,286.5909398671108,287.91617710013605
2020-01-27 20:00:00,285.45993747329123,287.0385140064868
2020-01-27 21:00:00,284.91478516471403,286.61381286244915
2020-01-28 05:00:00,295.248064978648,293.1069759139662
2020-01-28 06:00:00,297.9560216307089,294.2443827436591
2020-01-28 08:00:00,297.88343343161654,293.741455995063
2020-01-28 09:00:00,297.5671006307029,293.5916487307321
2020-01-28 17:00:00,285.2829657556096,286.2616395171508
2020-01-28 18:00:00,284.39920624672726,285.4758562461254
2020-01-28 20:00:00,283.52734840522373,284.7159031660788
2020-01-28 21:00:00,282.89538524845165,284.0891425510401
2020-01-29 05:00:00,292.61864315085865,289.45991116422357
2020-01-29 06:00:00,296.3520578111081,291.0494992766065
2020-01-29 08:00:00,300.1887890032517,293.02383091343205
2020-01-29 09:00:00,300.35067452781925,293.40125405145534
2020-01-29 17:00:00,283.9986834886078,285.3857970392025
2020-01-29 18:00:00,283.1250706982723,284.63367726659556
2020-01-29 20:00:00,281.56078565506425,283.3299523869355
2020-01-29 21:00:00,280.87927730425116,282.59030052620017
2020-01-30 05:00:00,294.20211601551216,290.4425254316286
2020-01-30 06:00:00,298.2219290711296,291.71541107600933
2020-01-30 08:00:00,301.65183118164816,293.1712231276032
2020-01-30 09:00:00,301.4764044339925,293.5547920544452
2020-01-30 17:00:00,283.4176442714979,284.84127240996514
2020-01-30 18:00:00,282.36390949360947,283.88336031168745
2020-01-30 20:00:00,280.1869456051678,282.97483567060056
2020-01-30 21:00:00,279.3641940500409,282.81349177426665
2020-01-31 05:00:00,293.9313652614599,290.12720714034214
2020-01-31 06:00:00,297.85926680131394,291.80696921796755
2020-01-31 08:00:00,301.9041030248986,293.9326358083951
2020-01-31 09:00:00,301.87038996480464,294.40494406866185
2020-01-31 17:00:00,283.63531176739,285.17990662467497
2020-01-31 18:00:00,282.67352565301036,284.31807749884894
2020-01-31 20:00:00,280.83439017885087,282.5445325760335
2020-01-31 21:00:00,279.883246376261,281.63380232283447
2020-02-01 05:00:00,293.3775568463953,290.3540819165152
2020-02-01 06:00:00,297.36164895926123,291.9522046528539
2020-02-01 08:00:00,302.5809487223809,293.8340797130426
2020-02-01 09:00:00,302.8734717934818,294.2508599232819
2020-02-01 17:00:00,283.76839297725166,285.30250918442744
2020-02-01 18:00:00,282.76180221487084,284.4994378464615
2020-02-01 20:00:00,281.45508002940977,283.3650608621136
2020-02-01 21:00:00,280.99064742031015,282.811171615436
2020-02-02 05:00:00,293.2574142902768,290.1230045547838
2020-02-02 06:00:00,297.24126125153475,291.9222932648035
2020-02-02 08:00:00,302.10529594245054,293.6637628493581
2020-02-02 09:00:00,302.69003961266276,294.18534192759745
2020-02-02 17:00:00,283.82167182534425,285.2590559149744
2020-02-02 18:00:00,282.73265508290245,284.25796478224464
2020-02-02 20:00:00,280.9471811021238,282.7580986551952
2020-02-02 21:00:00,280.07836613118735,281.9301454282505
2020-02-03 05:00:00,293.5268058600521,290.3453789991664
2020-02-03 06:00:00,297.3928296951741,292.2866434764421
2020-02-03 08:00:00,301.91962953635107,293.9338810337343
2020-02-03 09:00:00,302.60860319681274,294.4824651591767
2020-02-03 17:00:00,284.89039625923147,286.3328929601355
2020-02-03 18:00:00,284.16214203210023,285.67254095562436
2020-02-03 20:00:00,282.97164451469814,284.62166563718824
2020-02-03 21:00:00,282.4699701153442,284.1645472545654
2020-02-04 05:00:00,293.5665612360362,290.79948792068177
2020-02-04 06:00:00,297.65350471108644,293.1381962192812
2020-02-04 08:00:00,301.89794515130706,295.35044357699496
2020-02-04 09:00:00,302.3931255605077,296.001306824765
2020-02-04 17:00:00,286.595154843088,287.95135787235023
2020-02-04 18:00:00,285.67523585996935,287.0151931692162
2020-02-04 20:00:00,283.86027651464997,285.1779886959881
2020-02-04 21:00:00,283.041843220339,284.41004104496704
2020-02-05 05:00:00,295.1656370941773,291.31547899055187
2020-02-05 06:00:00,299.0957654062515,293.4234833798166
2020-02-05 08:00:00,304.26178688554813,295.35768545941323
2020-02-05 09:00:00,304.70430117285304,296.0091886123634
2020-02-05 17:00:00,287.07478163238665,287.9027417246109
2020-02-05 18:00:00,285.8950938502519,286.7904921474369
2020-02-05 20:00:00,284.1761987154216,285.2928432235365
2020-02-05 21:00:00,283.2760930700552,284.43863575704665
2020-02-06 05:00:00,294.67437878154647,290.062237755727
2020-02-06 06:00:00,298.8476524176693,291.85665564397453
2020-02-06 08:00:00,303.8802609201205,294.2048472917319
2020-02-06 09:00:00,303.94246376166905,294.8864111290507
2020-02-06 17:00:00,284.31511593011936,285.77367858416494
2020-02-06 18:00:00,283.4021032771271,285.03839033741065
2020-02-06 20:00:00,282.18033417641476,284.11888261274856
2020-02-06 21:00:00,281.7945514085296,283.7227148164769
2020-02-07 05:00:00,293.7368516260744,290.4518706758144
2020-02-07 06:00:00,297.98728851177293,292.6263441135777
2020-02-07 08:00:00,302.20716763865227,294.345965768964
2020-02-07 09:00:00,302.49706032022675,294.71675565981167
2020-02-07 17:00:00,284.4717161769309,286.05057460978884
2020-02-07 18:00:00,283.66170690974394,285.36166680428573
2020-02-07 20:00:00,282.41762889515275,284.2231740613564
2020-02-07 21:00:00,281.8952488597993,283.6250489974059
2020-02-08 05:00:00,294.0954786632755,290.3859989536562
2020-02-08 06:00:00,297.97057677564345,291.9989058108102
2020-02-08 08:00:00,302.9884286419085,294.15281204670345
2020-02-08 09:00:00,303.4197593653698,294.82257270519096
2020-02-08 17:00:00,284.190937389027,285.73104592721523
2020-02-08 18:00:00,283.1424024255691,284.76696478751114
2020-02-08 20:00:00,281.663290626279,283.5557821359032
2020-02-08 21:00:00,281.1041164780251,282.99867215619435
2020-02-09 05:00:00,293.99171048062976,290.5967118978868
2020-02-09 06:00:00,297.82205463521103,292.3669517528846
2020-02-09 08:00:00,302.2745356155654,294.43118163874414
2020-02-09 09:00:00,302.84687551254484,295.0680857512911
2020-02-09 17:00:00,284.8133256439068,286.35830455715376
2020-02-09 18:00:00,283.8960999898808,285.6246888053436
2020-02-09 20:00:00,282.4411158157607,284.33364894026414
2020-02-09 21:00:00,281.673739863838,283.5939308719018
2020-02-10 05:00:00,295.4597995799202,291.6914995895879
2020-02-10 06:00:00,299.3663203117477,293.22911107044195
2020-02-10 08:00:00,303.7323721017235,295.2764490065847
2020-02-10 09:00:00,304.10783964606753,295.8205003782487
2020-02-10 17:00:00,285.47331531683363,287.0249391623381
2020-02-10 18:00:00,284.6668296778698,286.3821777437795
2020-02-10 20:00:00,283.31447066437846,285.2572293274208
2020-02-10 21:00:00,282.6239415949041,284.55834511872985
2020-02-11 05:00:00,295.14411213879225,292.1074803944545
2020-02-11 06:00:00,299.409297431746,294.2760071365051
2020-02-11 08:00:00,304.9672258609249,296.71944132424284
2020-02-11 09:00:00,305.8465420997749,297.39946002695706
2020-02-11 17:00:00,287.20721614232235,288.77094838946186
2020-02-11 18:00:00,286.3705773258062,288.1404444337442
2020-02-11 20:00:00,284.721408085757,286.48207334450836
2020-02-11 21:00:00,283.66192864416564,285.41212461027783
2020-02-12 05:00:00,297.70726354096445,294.12393381268663
2020-02-12 06:00:00,302.2840067153719,296.4513444474371
2020-02-12 08:00:00,308.1094389740602,299.0011526381106
2020-02-12 09:00:00,308.5880835111409,299.7890498509576
2020-02-12 17:00:00,288.345328214907,289.8850957697088
2020-02-12 18:00:00,287.16739253674524,288.86126535001273
2020-02-12 20:00:00,285.3933531727372,287.09006680105057
2020-02-12 21:00:00,284.56156248965505,286.3421981882057
2020-02-13 05:00:00,300.6986545274732,296.8215239396999
2020-02-13 06:00:00,304.79047286822725,298.8477643781524
2020-02-13 08:00:00,309.06063847475684,301.20865651088064
2020-02-13 09:00:00,309.0658707346865,301.7529969296213
2020-02-13 17:00:00,289.9199730354391,291.5078543499916
2020-02-13 18:00:00,288.8970661839278,290.6512559558651
2020-02-13 20:00:00,287.4105500396117,289.3822658638741
2020-02-13 21:00:00,286.7888339943438,288.7641866534076
2020-02-14 05:00:00,298.05309856397156,294.58173035326286
2020-02-14 06:00:00,301.8611177935255,296.4601729852944
2020-02-14 08:00:00,306.2186519346546,298.7845851151712
2020-02-14 09:00:00,306.39894541312805,299.35394080210546
2020-02-14 17:00:00,288.56970710930733,290.3329001545722
2020-02-14 18:00:00,287.4775775033631,289.4189218718025
2020-02-14 20:00:00,285.6067642423515,287.69382769521474
2020-02-14 21:00:00,284.7497356162049,286.794969461732
2020-02-15 05:00:00,299.0020077180789,295.12731091891675
2020-02-15 06:00:00,302.9559322880302,297.15344031382415
2020-02-15 08:00:00,307.39551747561603,300.0577350022797
2020-02-15 09:00:00,307.7666125187338,300.75994520378407
2020-02-15 17:00:00,286.99829750472486,289.2106394481218
2020-02-15 18:00:00,285.01728087250365,288.691259516406
2020-02-15 20:00:00,282.49488633072065,288.0483050941503
2020-02-15 21:00:00,281.7436995778135,287.1547460570725
2020-02-16 05:00:00,302.41401446655465,297.88299475906445
2020-02-16 06:00:00,306.02807746499275,299.55052036937843
2020-02-16 08:00:00,309.95459327638974,301.4507696683675
2020-02-16 09:00:00,310.36020884932645,301.98315025294323
2020-02-16 17:00:00,287.6291638390493,290.4927812761445
2020-02-16 18:00:00,285.7938383128867,290.3033363330529
2020-02-16 20:00:00,283.6018974880225,287.641594344552
2020-02-16 21:00:00,282.8749325227664,286.4818162727062
2020-02-17 05:00:00,302.76744197146,299.49031017520946
2020-02-17 06:00:00,307.06903706272874,301.0473873097283
2020-02-17 08:00:00,310.9463676370348,302.96193442322624
2020-02-17 09:00:00,310.8162693441006,303.32544272118616
2020-02-17 17:00:00,289.50762967666606,291.39776900516273
2020-02-17 18:00:00,288.343128104423,290.36346042909315
2020-02-17 20:00:00,286.0340266764072,288.01787114547477
2020-02-17 21:00:00,284.5391308471492,287.257968379463
2020-02-18 05:00:00,301.79872333544245,297.8499354287546
2020-02-18 06:00:00,306.58392303419777,299.7978838669317
2020-02-18 08:00:00,310.69044212494134,302.3099326911068
2020-02-18 09:00:00,310.5301664849092,302.97136736430446
2020-02-18 17:00:00,287.4828547873005,293.2338194766287
2020-02-18 18:00:00,285.78124242938355,293.26434852823456
2020-02-18 20:00:00,283.72856431675984,289.6185879699989
2020-02-18 21:00:00,283.0610563633806,288.3148887646033
2020-02-19 05:00:00,300.82606849611636,299.34456024405034
2020-02-19 06:00:00,305.4247421711362,301.63243413375596
2020-02-19 08:00:00,309.3496474161721,303.4299167109932
2020-02-19 09:00:00,309.531011854739,303.77111651827636
2020-02-19 17:00:00,291.43727201159084,293.0005766129457
2020-02-19 18:00:00,290.64273012510984,292.28001678889996
2020-02-19 20:00:00,289.2422217323527,291.0702882364094
2020-02-19 21:00:00,288.3046701957338,290.2556990519143
2020-02-20 05:00:00,302.3520772078739,298.76126952090505
2020-02-20 06:00:00,306.5201815001219,301.0357257625539
2020-02-20 08:00:00,310.44175097167215,303.3568489768288
2020-02-20 09:00:00,310.44955677097124,303.76696387057314
2020-02-20 17:00:00,291.7836818371789,292.678493740746
2020-02-20 18:00:00,290.67405820590875,291.6394485685234
2020-02-20 20:00:00,289.26176828816415,290.3303442956487
2020-02-20 21:00:00,288.68453977141064,289.6055234841463
2020-02-21 05:00:00,296.27959196446307,292.1352064370742
2020-02-21 06:00:00,300.2670020998351,294.27005752539964
2020-02-21 08:00:00,304.92162051443324,296.6436089984441
2020-02-21 09:00:00,305.3759153157427,297.32583719262357
2020-02-21 17:00:00,287.77027354659214,289.2432866265484
2020-02-21 18:00:00,286.82492704935174,288.42898700637704
2020-02-21 20:00:00,285.60177922652946,286.9396984411866
2020-02-21 21:00:00,285.1027102242633,286.2010823207203
2020-02-22 05:00:00,297.06793633741665,292.4206983098999
2020-02-22 06:00:00,301.2768889957657,294.3727309310749
2020-02-22 08:00:00,305.4257356617227,296.08366111908197
2020-02-22 09:00:00,306.09461011137176,296.9932167746804
2020-02-22 17:00:00,288.8298191722993,290.03030411965676
2020-02-22 18:00:00,288.0078758157457,289.3037673879662
2020-02-22 20:00:00,287.5936277886201,288.91895356494217
2020-02-22 21:00:00,287.2592785898452,288.4833246592564
2020-02-23 05:00:00,299.039846881696,294.226386283322
2020-02-23 06:00:00,302.60316408507083,295.87819164963827
2020-02-23 08:00:00,305.64017057492293,297.49282030478827
2020-02-23 09:00:00,305.48566362707203,297.8381357295855
2020-02-23 17:00:00,289.7831960951419,290.7266032214525
2020-02-23 18:00:00,288.877828001425,289.93105124545576
2020-02-23 20:00:00,287.42426555145687,288.7218955911363
2020-02-23 21:00:00,286.77377789560563,288.0988191625187
2020-02-24 05:00:00,300.4921628837409,294.790541779646
2020-02-24 06:00:00,304.2486898366402,296.2228021371897
2020-02-24 08:00:00,307.84692218233886,298.3950559031247
2020-02-24 09:00:00,307.62512547944107,298.7836186154781
2020-02-24 17:00:00,289.3097393112301,290.9246741531443
2020-02-24 18:00:00,288.5193971889596,290.164415850294
2020-02-24 20:00:00,286.8729820310243,288.6336504873032
2020-02-24 21:00:00,285.9457456003903,287.6803440041094
2020-02-25 05:00:00,303.1891222749543,296.71612925007827
2020-02-25 06:00:00,306.29620328412403,298.1381877317267
2020-02-25 08:00:00,309.3097973134374,300.05350756534995
2020-02-25 09:00:00,309.3573002749121,300.4293087575763
2020-02-25 17:00:00,290.6001657447756,291.97654390261613
2020-02-25 18:00:00,289.56908996299893,291.12976149454687
2020-02-25 20:00:00,287.7714399622842,289.50701539872796
2020-02-25 21:00:00,286.9674173834144,288.85929762453804
2020-02-26 05:00:00,302.7047810841048,298.45405124846525
2020-02-26 06:00:00,306.3375411540591,299.9894706126538
2020-02-26 08:00:00,310.93149142272665,302.349912599349
2020-02-26 09:00:00,311.0455714668074,302.76122731824506
2020-02-26 17:00:00,291.2547639632262,292.95263864667095
2020-02-26 18:00:00,290.2377127014066,292.07595978018315
2020-02-26 20:00:00,288.86495807101073,290.798838799099
2020-02-26 21:00:00,288.4669240237385,290.35331559144475
2020-02-27 05:00:00,301.4648617360919,298.018539734357
2020-02-27 06:00:00,305.54480135642876,300.42346852071853
2020-02-27 08:00:00,311.4344969574586,303.76107665827533
2020-02-27 09:00:00,311.5566227564643,304.1270220129075
2020-02-27 17:00:00,294.1530467358135,295.6665541967736
2020-02-27 18:00:00,292.9480624676486,294.63177490234375
2020-02-27 20:00:00,291.45825997045483,293.19427699484334
2020-02-27 21:00:00,291.3101276697474,292.86298315109934
2020-02-28 05:00:00,301.30422773787353,298.3488407458289
2020-02-28 06:00:00,306.56416577073196,300.8669622624049
2020-02-28 08:00:00,309.2634077968509,302.6716536652693
2020-02-28 09:00:00,308.7500460114795,302.8865483641073
2020-02-28 17:00:00,293.2279189334629,294.4831120236813
2020-02-28 18:00:00,292.3892228607037,293.69383963892017
2020-02-28 20:00:00,291.207904598195,292.55076483916065
2020-02-28 21:00:00,290.7169952627691,292.03743690996214
2020-02-29 05:00:00,303.6915532657288,298.9164932321511
2020-02-29 06:00:00,308.12451080181194,300.8731364763022
2020-02-29 08:00:00,312.7016349522101,303.4211861914589
2020-02-29 09:00:00,312.049240347417,303.9330712599086
2020-02-29 17:00:00,291.8889447463496,292.577768804847
2020-02-29 18:00:00,290.961797728928,291.3450474202725
2020-02-29 20:00:00,289.98758061530964,291.0300504804943
2020-02-29 21:00:00,289.4343983278436,290.4322233743771
2020-03-01 05:00:00,302.0787316132768,297.9199154564339
2020-03-01 06:00:00,307.3190755976367,300.6075857247704
2020-03-01 08:00:00,310.78428924983746,301.50646321395146
2020-03-01 09:00:00,310.25574689726983,301.73486029532364
2020-03-01 17:00:00,292.839663160233,293.6492779794937
2020-03-01 18:00:00,292.0589077895154,292.7966062666271
2020-03-01 20:00:00,290.6124387250293,291.6793434836648
2020-03-01 21:00:00,289.9928352579314,291.04204699218
2020-03-02 05:00:00,301.89098867172453,297.40955654902524
2020-03-02 06:00:00,305.7000699506151,299.19992067780817
2020-03-02 08:00:00,308.5279990550366,300.3212577690513
2020-03-02 09:00:00,309.188871292561,300.8129427164839
2020-03-02 17:00:00,292.96132047444536,294.81492871018514
2020-03-02 18:00:00,292.3114819401769,293.75689100080353
2020-03-02 20:00:00,290.5389565113697,292.0398773757629
2020-03-02 21:00:00,290.10706965324505,291.59342462807115
2020-03-03 05:00:00,302.1439172777079,297.55829743795294
2020-03-03 06:00:00,305.7291899741339,299.064548298464
2020-03-03 08:00:00,310.88649426476434,300.6525884548945
2020-03-03 09:00:00,310.8186705931677,301.05232361027936
2020-03-03 17:00:00,293.18360423600916,294.01784970323183
2020-03-03 18:00:00,292.65446420443266,293.6173134261544
2020-03-03 20:00:00,291.87139749159616,293.0791880838309
2020-03-03 21:00:00,291.25258005198054,292.50564130833044
2020-03-04 05:00:00,302.9144074567845,299.1212771376035
2020-03-04 06:00:00,306.3088802813749,300.45784906466685
2020-03-04 08:00:00,310.20932683959404,301.7267189202213
2020-03-04 09:00:00,310.70676545553107,302.1848231757918
2020-03-04 17:00:00,291.9010336571739,293.7632228339949
2020-03-04 18:00:00,290.21343759028315,292.6330423457964
2020-03-04 20:00:00,287.9546600247752,290.27479513253564
2020-03-04 21:00:00,287.220475653838,289.5834324958696
2020-03-05 05:00:00,301.64830444994254,297.54331488234607
2020-03-05 06:00:00,304.75988320466735,299.12629222429035
2020-03-05 08:00:00,306.0610168645121,299.4064389127429
2020-03-05 09:00:00,306.08455960078305,299.85299247659407
2020-03-05 17:00:00,291.84540559036884,293.40594028655113
2020-03-05 18:00:00,291.6331463359721,292.7084979981597
2020-03-05 20:00:00,290.24087364537695,290.00879454061686
2020-03-05 21:00:00,288.68874087576137,288.82942263187357
2020-03-06 05:00:00,295.5148568645648,292.49399551368094
2020-03-06 06:00:00,298.0225976788208,293.6084438141763
2020-03-06 08:00:00,300.54338635648895,294.8675186086693
2020-03-06 09:00:00,300.38715845704627,294.9929831200646
2020-03-06 17:00:00,287.85132555381176,288.88520646058544
2020-03-06 18:00:00,287.04397166859025,288.18528601788955
2020-03-06 20:00:00,286.0775501974191,287.337357296231
2020-03-06 21:00:00,285.5701849280594,286.7285324120191
2020-03-07 05:00:00,297.885404401641,292.5700897545954
2020-03-07 06:00:00,301.33946237431843,294.34223162117655
2020-03-07 08:00:00,304.77924359855007,296.5906221128208
2020-03-07 09:00:00,304.39597441639484,297.127735367174
2020-03-07 17:00:00,287.9245447238164,288.85713090000246
2020-03-07 18:00:00,287.05010908741065,288.12208528915437
2020-03-07 20:00:00,285.9963258763858,287.3412969792018
2020-03-07 21:00:00,285.56862641556427,286.9089286815955
2020-03-08 05:00:00,298.7112515865379,294.7965820735702
2020-03-08 06:00:00,302.37265696474145,296.38202233454115
2020-03-08 08:00:00,306.5811381993933,297.9232109316692
2020-03-08 09:00:00,307.67125585523706,298.479112198981
2020-03-08 17:00:00,289.2257083134585,290.6550121336762
2020-03-08 18:00:00,288.31081464441235,289.7603755768716
2020-03-08 20:00:00,286.02748575783653,287.6954738810911
2020-03-08 21:00:00,285.16607863509967,287.0424032813779
2020-03-09 05:00:00,300.1514508169494,295.96505356422745
2020-03-09 06:00:00,303.90691325183275,297.41487982093093
2020-03-09 08:00:00,308.5133929142416,299.44484044149954
2020-03-09 09:00:00,308.9644983465021,299.80543722614124
2020-03-09 17:00:00,291.236142550852,292.1879117521924
2020-03-09 18:00:00,290.3259495763088,291.372718846302
2020-03-09 20:00:00,288.75260890026124,290.13440935931334
2020-03-09 21:00:00,288.0801864882647,289.4643815897279
2020-03-10 05:00:00,297.4636363542318,294.8277367355276
2020-03-10 06:00:00,299.4864456576449,295.9542796365653
2020-03-10 08:00:00,303.7310819464215,298.0283361825811
2020-03-10 09:00:00,302.9109351770904,298.1049075839332
2020-03-10 17:00:00,290.0120816223427,290.32662136271847
2020-03-10 18:00:00,289.26357771251895,289.62077900514765
2020-03-10 20:00:00,289.24036008955335,289.9190845225001
2020-03-10 21:00:00,288.77740962846985,289.3289736143797
2020-03-11 05:00:00,300.3818827953839,296.22934009334523
2020-03-11 06:00:00,304.04314727077866,298.49409553045854
2020-03-11 08:00:00,306.24177960364955,300.36503445900087
2020-03-11 09:00:00,304.4928122169248,300.0353566362237
2020-03-11 17:00:00,290.6022443727279,291.9109267130471
2020-03-11 18:00:00,289.1683471632665,290.5078751339199
2020-03-11 20:00:00,286.76375569253935,288.42274719614466
2020-03-11 21:00:00,285.6228558227351,287.22716337653634
2020-03-12 05:00:00,299.6989708946005,295.14049286688055
2020-03-12 06:00:00,302.65772963231444,296.6578091237872
2020-03-12 08:00:00,305.5557727549219,298.79210132663536
2020-03-12 09:00:00,305.63267636997125,299.283044800369
2020-03-12 17:00:00,288.11082618372467,290.34140339103425
2020-03-12 18:00:00,287.22938847945915,289.5483786607928
2020-03-12 20:00:00,285.733549026936,287.73906429155585
2020-03-12 21:00:00,284.582989003515,286.3223704380688
2020-03-13 05:00:00,300.34518042330745,294.15570907710327
2020-03-13 06:00:00,303.81773174268255,295.6756019298395
2020-03-13 08:00:00,306.4134850171388,297.68144987838116
2020-03-13 09:00:00,306.301215032216,298.0038850193582
2020-03-13 17:00:00,287.94131100600237,289.3614179614145
2020-03-13 18:00:00,286.9647788354906,288.5296047075504
2020-03-13 20:00:00,286.0931958167689,287.78534908911854
2020-03-13 21:00:00,285.65321368906643,287.14384775499724
2020-03-14 05:00:00,300.04458063299006,293.6453522857054
2020-03-14 06:00:00,303.6885270881359,295.4105975322988
2020-03-14 08:00:00,306.09638323438554,297.4535321675023
2020-03-14 09:00:00,305.67332505518556,297.7830280133499
2020-03-14 17:00:00,287.8751306989344,289.287009828447
2020-03-14 18:00:00,286.9392984681211,288.4530455085273
2020-03-14 20:00:00,285.7518406002474,287.1973128355523
2020-03-14 21:00:00,284.5943733532734,286.2251986369881
2020-03-15 05:00:00,300.12336484089104,294.3963509957853
2020-03-15 06:00:00,302.68771785506846,295.7920068585083
2020-03-15 08:00:00,306.50919404345785,297.35783593129304
2020-03-15 09:00:00,306.93193562041813,297.86808668703804
2020-03-15 17:00:00,288.9693091441009,290.2018234887733
2020-03-15 18:00:00,288.17507732373724,289.509921504463
2020-03-15 20:00:00,287.25677128161414,288.6128915748538
2020-03-15 21:00:00,286.91814590712727,288.222845374344
2020-03-16 05:00:00,299.21615915636437,294.4334307231227
2020-03-16 06:00:00,303.0888490368295,295.98364222545655
2020-03-16 08:00:00,308.6570830029222,298.09148626812436
2020-03-16 09:00:00,309.7557704320123,298.8500158136541
2020-03-16 17:00:00,289.9541203949962,291.20465146668704
2020-03-16 18:00:00,288.8052933844286,290.16552271203744
2020-03-16 20:00:00,286.55548986778797,288.6346614702457
2020-03-16 21:00:00,285.6863185136087,287.8690875131287
2020-03-17 05:00:00,302.5759495998201,297.3938685624368
2020-03-17 06:00:00,306.37998007846363,298.86218179429443
2020-03-17 08:00:00,311.30462667644485,301.4016989074613
2020-03-17 09:00:00,311.8403403777371,302.02837046195623
2020-03-17 17:00:00,291.99753907942807,293.4736536199396
2020-03-17 18:00:00,290.9532444370546,292.65372722137874
2020-03-17 20:00:00,289.18800617329697,290.9913463151694
2020-03-17 21:00:00,288.1771702230069,290.17616523542836
2020-03-18 05:00:00,304.8213496509429,299.6425483597813
2020-03-18 06:00:00,308.5764879129701,301.3581667578275
2020-03-18 08:00:00,313.54300441653777,303.39299232236044
2020-03-18 09:00:00,314.074291047036,303.78837209269517
2020-03-18 17:00:00,292.3495277440052,294.33503988821445
2020-03-18 18:00:00,291.3972633961353,293.2120879515661
2020-03-18 20:00:00,289.3594435822615,293.6302161077138
2020-03-18 21:00:00,288.53368519928495,292.25337435541604
2020-03-19 05:00:00,306.1309285450423,301.8100368458611
2020-03-19 06:00:00,309.1044363718371,303.375496510181
2020-03-19 08:00:00,312.14522633603985,305.2214652650713
2020-03-19 09:00:00,312.6683857687082,305.68517109499135
2020-03-19 17:00:00,294.0007297415947,295.8982457423982
2020-03-19 18:00:00,292.8496702455776,294.90003711012736
2020-03-19 20:00:00,290.0046718227111,292.9521697386755
2020-03-19 21:00:00,289.8539511940697,292.5558524344845
2020-03-20 05:00:00,306.3578630867651,301.9705934451063
2020-03-20 06:00:00,310.84915885278735,304.32397917055386
2020-03-20 08:00:00,313.143488291783,305.8383556301311
2020-03-20 09:00:00,313.42244794519365,306.20042475860544
2020-03-20 17:00:00,293.19942339175657,296.2178494022881
2020-03-20 18:00:00,292.2881034533672,294.31190904520327
2020-03-20 20:00:00,289.6738343084538,292.0340792475202
2020-03-20 21:00:00,288.8431702365493,291.3955882914445
2020-03-21 05:00:00,306.2075997045485,301.193514948817
2020-03-21 06:00:00,309.871497226239,303.40414809592886
2020-03-21 08:00:00,313.29469595557924,304.4921774607043
2020-03-21 09:00:00,313.48436131646343,304.946503814086
2020-03-21 17:00:00,294.1491961839203,295.97045811445946
2020-03-21 18:00:00,292.9481575940901,294.67810963776157
2020-03-21 20:00:00,290.7285484466788,292.79912930387195
2020-03-21 21:00:00,289.73572529703154,293.85966517561576
2020-03-22 05:00:00,309.1470232994421,302.5593267126333
2020-03-22 06:00:00,313.1402648784714,304.28533912035647
2020-03-22 08:00:00,315.9036278629156,305.3861455932053
2020-03-22 09:00:00,316.6948747443859,305.9677140716412
2020-03-22 17:00:00,294.66035783529645,297.6928338049373
2020-03-22 18:00:00,293.4660668277594,295.5438160242395
2020-03-22 20:00:00,293.6588869256488,295.5519506516185
2020-03-22 21:00:00,293.82742979640403,295.30356533244503
2020-03-23 05:00:00,304.2654362283245,300.3758248445249
2020-03-23 06:00:00,305.9664577019784,301.4655560462611
2020-03-23 08:00:00,307.8082907137408,302.3013661388991
2020-03-23 09:00:00,307.7409317651405,302.4478937510533
2020-03-23 17:00:00,296.98507664567336,297.7337322029385
2020-03-23 18:00:00,296.14555880836053,297.2704701004851
2020-03-23 20:00:00,294.28929570790245,295.72919241930197
2020-03-23 21:00:00,294.05823452189816,295.5308407635094
2020-03-24 05:00:00,308.35382792468437,303.0254196848818
2020-03-24 06:00:00,311.29228556064317,304.3903708671017
2020-03-24 08:00:00,310.7628922895952,301.4518168821173
2020-03-24 09:00:00,307.07234666821404,300.6904527520178
2020-03-24 17:00:00,294.1897640610329,295.1195144300652
2020-03-24 18:00:00,293.4867150728434,294.56114671704216
2020-03-24 20:00:00,291.48772452755594,294.3832947388635
2020-03-24 21:00:00,290.44014207460845,293.4471234290736
2020-03-25 05:00:00,308.9584463910072,303.0763582955524
2020-03-25 06:00:00,312.4639136221817,304.3621654069662
2020-03-25 08:00:00,314.45022834577986,305.6394523068092
2020-03-25 09:00:00,313.80593545264196,305.7346461315185
2020-03-25 17:00:00,294.79457884613646,296.1830207342727
2020-03-25 18:00:00,294.34623913404937,295.7959945984357
2020-03-25 20:00:00,293.94215552942785,295.37497681792604
2020-03-25 21:00:00,293.67369056078616,295.05956814946677
2020-03-26 05:00:00,301.0766419115346,297.5030641952538
2020-03-26 06:00:00,304.4633064916579,299.26447052801336
2020-03-26 08:00:00,303.05693578499677,297.8520881170852
2020-03-26 09:00:00,304.4295878829134,298.96371509334523
2020-03-26 17:00:00,293.5010980450317,294.148909205832
2020-03-26 18:00:00,292.6320592236629,293.3445488646144
2020-03-26 20:00:00,291.3351628284425,291.9448822209574
2020-03-26 21:00:00,291.3071481149259,291.5714074650605
2020-03-27 05:00:00,296.45204522319494,294.9068932907974
2020-03-27 06:00:00,298.76958915816255,296.3362193761511
2020-03-27 08:00:00,303.9681319602649,298.5477887404902
2020-03-27 09:00:00,303.9027603690172,299.0911148141823
2020-03-27 17:00:00,291.19812152786136,292.29396522651285
2020-03-27 18:00:00,290.1884712254505,291.32137501956134
2020-03-27 20:00:00,288.86703850932776,290.0060345101614
2020-03-27 21:00:00,287.9972524540083,289.1549989203643
2020-03-28 05:00:00,303.76262028816114,297.20831627985365
2020-03-28 06:00:00,307.3394769512817,298.73796989076493
2020-03-28 08:00:00,310.6509966269847,301.00277178607115
2020-03-28 09:00:00,310.79047731184994,301.4491451833575
2020-03-28 17:00:00,292.0426899067977,293.48574260129766
2020-03-28 18:00:00,291.3941389651071,292.8706030470932
2020-03-28 20:00:00,290.5021325862279,292.2899688814748
2020-03-28 21:00:00,289.99192151744114,291.717969779792
2020-03-29 05:00:00,305.03165930702437,299.866392444205
2020-03-29 06:00:00,308.1977942045003,300.96233202165746
2020-03-29 08:00:00,312.326394455826,302.79470959209334
2020-03-29 09:00:00,312.3791726792722,303.27721215763887
2020-03-29 17:00:00,292.94012197250584,294.52182347748794
2020-03-29 18:00:00,292.13615377511377,293.75076472630667
2020-03-29 20:00:00,290.989462806925,292.8676293465684
2020-03-29 21:00:00,290.3682083576596,292.2470014010813
2020-03-30 05:00:00,304.94100928637215,300.71098221836183
2020-03-30 06:00:00,308.2230773596624,302.16061295566647
2020-03-30 08:00:00,313.0990696276649,304.0987638641028
2020-03-30 09:00:00,313.797241469561,304.5584210364955
2020-03-30 17:00:00,293.8465339413777,295.5343643917325
2020-03-30 18:00:00,292.75178523129784,294.45648409662704
2020-03-30 20:00:00,291.87901778728093,293.9511724157584
2020-03-30 21:00:00,291.51227337994453,293.4183143180765
2020-03-31 05:00:00,302.88596392192164,300.590716087212
2020-03-31 06:00:00,305.0894651956661,302.1065443653171
2020-03-31 08:00:00,310.82433955070604,305.4621430618921
2020-03-31 09:00:00,311.5742850046496,306.0989420557243
2020-03-31 17:00:00,294.22342591366527,296.39739110914326
2020-03-31 18:00:00,293.4425112778674,295.51933542495516
2020-03-31 20:00:00,291.48333215933917,294.1301994382509
2020-03-31 21:00:00,290.7734657369887,293.34372044638235
2020-04-01 05:00:00,307.8000246350681,302.8816462253753
2020-04-01 06:00:00,310.61089979738966,304.1669223591433
2020-04-01 08:00:00,312.4295018082958,305.5301001362147
2020-04-01 09:00:00,312.062985130745,305.6616265953781
2020-04-01 17:00:00,294.02775061185633,296.00783196729947
2020-04-01 18:00:00,293.24773972427533,295.4040699916187
2020-04-01 20:00:00,292.19890898952866,294.2425803491625
2020-04-01 21:00:00,291.5960116158649,293.50192415916314
2020-04-02 05:00:00,307.149217508607,301.21815293228315
2020-04-02 06:00:00,310.4116078569268,302.8686926890228
2020-04-02 08:00:00,313.72142179280473,304.80347810577723
2020-04-02 09:00:00,313.6591483000063,305.24327266087704
2020-04-02 17:00:00,293.91031431600754,295.84259625686155
2020-04-02 18:00:00,292.91491040904276,295.04195207733954
2020-04-02 20:00:00,291.6763850654403,294.18967335470285
2020-04-02 21:00:00,291.22849493511654,293.61080041541527
2020-04-03 05:00:00,306.3034843127423,301.0685088594081
2020-04-03 06:00:00,310.48193674425494,302.55242198127075
2020-04-03 08:00:00,315.4301040249723,305.41363809876526
2020-04-03 09:00:00,315.09040611513956,305.90997455520517
2020-04-03 17:00:00,293.31330380197295,295.41457619689095
2020-04-03 18:00:00,292.0802511206394,294.3989004831652
2020-04-03 20:00:00,290.08960346521695,292.6509265164932
2020-04-03 21:00:00,289.18276723617765,291.76975298442164
2020-04-04 05:00:00,308.8013290381762,303.53993196884176
2020-04-04 06:00:00,313.03843103535183,304.86586833183867
2020-04-04 08:00:00,317.6725679700291,306.9325882451744
2020-04-04 09:00:00,317.08690924269763,307.2241047769555
2020-04-04 17:00:00,294.8862444344213,296.72225131606467
2020-04-04 18:00:00,293.51800544162745,295.52041581305224
2020-04-04 20:00:00,291.4920466442138,293.85978407191203
2020-04-04 21:00:00,290.68663024902344,293.15908752347366
2020-04-05 05:00:00,308.91300030959593,304.71387591016673
2020-04-05 06:00:00,312.5145309048551,306.68109979614826
2020-04-05 08:00:00,315.6799245637444,307.8084471809846
2020-04-05 09:00:00,316.7636802685096,308.6397931726394
2020-04-05 17:00:00,296.8416502119397,298.9386586569858
2020-04-05 18:00:00,295.6556807930922,297.79418651422117
2020-04-05 20:00:00,293.1088193120501,295.53707464891147
2020-04-05 21:00:00,291.9904969719415,294.3939217683531
2020-04-06 05:00:00,312.6486901281795,305.9339604311622
2020-04-06 06:00:00,317.01212558834504,307.69700006564335
2020-04-06 08:00:00,319.86015559638776,309.33269264444544
2020-04-06 09:00:00,319.1640667555329,309.62050216040006
2020-04-06 17:00:00,297.2509301278183,299.26499922506986
2020-04-06 18:00:00,296.42232500496556,298.54061612215907
2020-04-06 20:00:00,295.1810634242735,297.2218669074342
2020-04-06 21:00:00,294.4997100359854,296.38160230639534
2020-04-07 05:00:00,309.5365390630643,304.9597212169865
2020-04-07 06:00:00,313.2886352539063,307.0065178305416
2020-04-07 08:00:00,317.6978803731628,309.3145491918908
2020-04-07 09:00:00,318.11587159989983,309.70308533655293
2020-04-07 17:00:00,297.3986568597873,298.9098622655648
2020-04-07 18:00:00,296.7329304464426,298.2151410965413
2020-04-07 20:00:00,294.6355084388392,295.9297695306857
2020-04-07 21:00:00,293.87310621734764,295.15049082986746
2020-04-08 05:00:00,308.55213265205936,302.5790018043459
2020-04-08 06:00:00,312.76554887063327,304.500106458855
2020-04-08 08:00:00,317.376099596773,307.43603666096885
2020-04-08 09:00:00,317.35478687727215,308.01634728853435
2020-04-08 17:00:00,296.45366860317705,297.9896032159979
2020-04-08 18:00:00,295.2975529228411,297.0017040705277
2020-04-08 20:00:00,293.59653648059066,295.5577012871741
2020-04-08 21:00:00,292.7649044512968,294.7169606777479
2020-04-09 05:00:00,310.6462898195617,303.501321166616
2020-04-09 06:00:00,315.1770612719614,305.14914307204896
2020-04-09 08:00:00,318.9308321678032,307.5899510082368
2020-04-09 09:00:00,317.79401956096825,308.0033070897836
2020-04-09 17:00:00,296.92083570953514,298.51224577775906
2020-04-09 18:00:00,295.8026753147872,297.55592832873896
2020-04-09 20:00:00,293.8861011334671,295.9168370368852
2020-04-09 21:00:00,293.0092386207522,295.12042196359033
2020-04-10 05:00:00,311.8503322513152,306.80636267522453
2020-04-10 06:00:00,315.4510369910664,308.3043728256814
2020-04-10 08:00:00,318.68914051966965,309.81236655025157
2020-04-10 09:00:00,317.9673879473529,309.8506851078733
2020-04-10 17:00:00,295.48070553160966,299.2277590570905
2020-04-10 18:00:00,294.63332716085137,297.92795302945035
2020-04-10 20:00:00,292.8428779919453,295.5355978379448
2020-04-10 21:00:00,292.2612591289409,294.93984874848775
2020-04-11 05:00:00,313.64484253870137,307.6505111905937
2020-04-11 06:00:00,317.4502239962021,309.23378258750694
2020-04-11 08:00:00,320.483100103487,310.65664508272937
2020-04-11 09:00:00,319.48177999487643,310.7571478845158
2020-04-11 17:00:00,298.74028960288217,300.3671265588887
2020-04-11 18:00:00,297.6690629156785,299.4803580356122
2020-04-11 20:00:00,296.47540118624505,298.5689533157231
2020-04-11 21:00:00,295.9274827578035,297.8845634049003
2020-04-12 05:00:00,313.2098585931105,305.65904668446495
2020-04-12 06:00:00,316.34155623754845,307.2008250843395
2020-04-12 08:00:00,320.02572528386526,309.65060641108016
2020-04-12 09:00:00,319.9530400539216,310.1110504338481
2020-04-12 17:00:00,299.6232410072362,301.30453011581824
2020-04-12 18:00:00,298.3346574310162,300.27435093484416
2020-04-12 20:00:00,295.94222307719514,298.33829419528394
2020-04-12 21:00:00,294.8747396601367,298.3312418369005
2020-04-13 05:00:00,316.3926344814212,308.8764571555774
2020-04-13 06:00:00,319.4428533192592,310.1590223973632
2020-04-13 08:00:00,321.0848672452436,311.8914850643493
2020-04-13 09:00:00,320.66711209477927,312.07193860728495
2020-04-13 17:00:00,301.03093826458525,302.46425218391124
2020-04-13 18:00:00,300.31017579723766,301.88608432293677
2020-04-13 20:00:00,299.34810547909495,301.37814443908593
2020-04-13 21:00:00,299.27097984748923,301.1438171668853
2020-04-14 05:00:00,311.6271532526002,307.7018832308118
2020-04-14 06:00:00,315.00964219103605,309.06369646304563
2020-04-14 08:00:00,315.88615304626563,310.18330956974825
2020-04-14 09:00:00,316.3722895312199,310.6713589284747
2020-04-14 17:00:00,299.9751839189574,301.8154732067891
2020-04-14 18:00:00,299.35391035506103,301.3679008307553
2020-04-14 20:00:00,299.00376363087145,301.1163364874747
2020-04-14 21:00:00,298.7607348519959,300.9051741025481
2020-04-15 05:00:00,312.3929939916579,307.8286046996506
2020-04-15 06:00:00,315.6690795381191,309.2660362584565
2020-04-15 08:00:00,318.4304976264942,310.84337285634
2020-04-15 09:00:00,318.29081975293275,311.1435284724772
2020-04-15 17:00:00,301.98492165963717,303.03705381796067
2020-04-15 18:00:00,300.34432717721523,301.6010114907851
2020-04-15 20:00:00,296.9212714902058,298.62463028588905
2020-04-15 21:00:00,296.0039193222446,297.67941744999825
2020-04-16 05:00:00,315.48911526390515,307.8193707811447
2020-04-16 06:00:00,319.0816992243927,309.10323337266914
2020-04-16 08:00:00,323.4096578118981,311.04669673784485
2020-04-16 09:00:00,322.03387411202783,311.3417034648784
2020-04-16 17:00:00,303.450406302289,304.2494767105267
2020-04-16 18:00:00,302.47700352367525,303.3062807385837
2020-04-16 20:00:00,300.37591698504013,301.75042830409916
2020-04-16 21:00:00,300.3887701284353,301.78750250629724
2020-04-17 05:00:00,314.1894299899485,307.14222663209324
2020-04-17 06:00:00,316.8883891524446,308.5482185728194
2020-04-17 08:00:00,317.44598090079245,310.2216952049126
2020-04-17 09:00:00,317.875292949941,310.8697561020109
2020-04-17 17:00:00,300.7315639266615,302.04428573161687
2020-04-17 18:00:00,299.7174875409284,301.1650609749675
2020-04-17 20:00:00,298.68772815298775,300.27137015743875
2020-04-17 21:00:00,297.3281591853302,298.7093271687512
2020-04-18 05:00:00,312.9972252515137,306.7704867934593
2020-04-18 06:00:00,315.933576657335,308.0540910435752
2020-04-18 08:00:00,317.9024779050854,309.8972036070743
2020-04-18 09:00:00,317.3042167581285,310.03439500335554
2020-04-18 17:00:00,299.87015440577903,301.15180426128836
2020-04-18 18:00:00,299.21902797328676,300.49396697104623
2020-04-18 20:00:00,298.02981793090635,299.302896461428
2020-04-18 21:00:00,297.3423044354596,298.5506670794612
2020-04-19 05:00:00,313.7336221233538,305.34306605828385
2020-04-19 06:00:00,316.263289135667,306.669289305324
2020-04-19 08:00:00,317.58849056108704,308.2445399397511
2020-04-19 09:00:00,317.3619792685487,308.6516916660021
2020-04-19 17:00:00,298.68348947768953,299.73933034464835
2020-04-19 18:00:00,298.08079653418116,298.97325230673397
2020-04-19 20:00:00,296.92453623626193,298.98082031344046
2020-04-19 21:00:00,296.3562160074619,298.37059947338605
2020-04-20 05:00:00,310.6520828928896,305.78381820231994
2020-04-20 06:00:00,313.8090631047089,306.863368288578
2020-04-20 08:00:00,310.21440865115505,302.69968521282743
2020-04-20 09:00:00,311.05691476595604,303.5633612399109
2020-04-20 17:00:00,296.9444554450883,297.97263027008955
2020-04-20 18:00:00,296.16827063420885,297.3282652680055
2020-04-20 20:00:00,294.65713247055265,295.71655863569407
2020-04-20 21:00:00,293.912056192595,294.99370736003107
2020-04-21 05:00:00,310.068286161026,303.464484404342
2020-04-21 06:00:00,314.2468306154977,304.83430121235193
2020-04-21 08:00:00,316.10738872416397,306.7284607968088
2020-04-21 09:00:00,315.4016982256356,307.0749164457865
2020-04-21 17:00:00,297.0693378419097,298.63546226278106
2020-04-21 18:00:00,295.9887654402958,297.7909290331354
2020-04-21 20:00:00,295.2181535905976,297.376873610016
2020-04-21 21:00:00,294.7985328239359,296.72334585792294
2020-04-22 05:00:00,312.5525900630628,304.79646040294864
2020-04-22 06:00:00,316.60332483135863,306.3526764856465
2020-04-22 08:00:00,320.7521086517946,308.9330474195201
2020-04-22 09:00:00,320.3744177913813,309.4744802983406
2020-04-22 17:00:00,302.2346721584515,303.16110462253374
2020-04-22 18:00:00,301.4644927508291,302.3887486626811
2020-04-22 20:00:00,300.8488328695665,301.6560409851545
2020-04-22 21:00:00,300.09491279496257,300.6431848088104
2020-04-23 05:00:00,310.7739779291608,304.63979157387564
2020-04-23 06:00:00,314.250515836413,306.16311259923623
2020-04-23 08:00:00,319.10657732806334,308.25529642207965
2020-04-23 09:00:00,320.5268542226547,309.0854107073533
2020-04-23 17:00:00,296.84575353307974,297.2005864688538
2020-04-23 18:00:00,296.48406944803907,296.9632403780757
2020-04-23 20:00:00,295.3696948082311,297.9380366203414
2020-04-23 21:00:00,294.65652837297773,297.752095791151
2020-04-24 05:00:00,313.26123982622005,305.76587083343367
2020-04-24 06:00:00,317.17217288729955,307.3432128624116
2020-04-24 08:00:00,319.04540637094175,308.57150195669874
2020-04-24 09:00:00,318.24782876130797,308.93942759180294
2020-04-24 17:00:00,300.20988083473515,301.41699289283696
2020-04-24 18:00:00,299.5567547014939,300.83285632963725
2020-04-24 20:00:00,298.42513471465264,299.6752154287094
2020-04-24 21:00:00,297.4955075209607,298.9174251938454
2020-04-25 05:00:00,311.1424490013181,305.1186291146536
2020-04-25 06:00:00,314.7729408252405,306.58229648019943
2020-04-25 08:00:00,317.25781520379167,306.2829988829344
2020-04-25 09:00:00,317.304984917075,307.1670938735751
2020-04-25 17:00:00,297.45312431817433,298.83644064034814
2020-04-25 18:00:00,296.7834750794116,298.85215528867275
2020-04-25 20:00:00,295.24779300072527,296.808716078936
2020-04-25 21:00:00,294.6316554182667,296.15557647375925
2020-04-26 05:00:00,313.1713760681623,306.99887733870924
2020-04-26 06:00:00,315.83814478140954,308.35562411221593
2020-04-26 08:00:00,316.35302278257114,309.35829529372864
2020-04-26 09:00:00,316.1952728600641,309.73705349350564
2020-04-26 17:00:00,299.0863841193483,300.3286952884245
2020-04-26 18:00:00,298.18437107832665,299.1558507322714
2020-04-26 20:00:00,296.42075429014136,297.15556768055876
2020-04-26 21:00:00,295.9601539882196,296.8658266464257
2020-04-27 05:00:00,312.6588120893999,306.96029641925827
2020-04-27 06:00:00,316.1033777081177,308.6573781394077
2020-04-27 08:00:00,319.08994574172107,309.3847257499519
2020-04-27 09:00:00,319.4954720425128,310.0550506779887
2020-04-27 17:00:00,298.57274421962273,299.07857763822346
2020-04-27 18:00:00,298.0221833639042,298.62440128649695
2020-04-27 20:00:00,296.3485031245486,297.55720719864996
2020-04-27 21:00:00,295.7069381220131,296.987656203918
2020-04-28 05:00:00,311.5419764819976,306.17451056199747
2020-04-28 06:00:00,315.4106296486407,308.0235950252492
2020-04-28 08:00:00,319.43829773607536,309.47995622867063
2020-04-28 09:00:00,319.86095617732207,310.2294035971808
2020-04-28 17:00:00,299.84754358418,301.9086248459544
2020-04-28 18:00:00,298.8905577578787,300.7014700914569
2020-04-28 20:00:00,296.82376533590593,298.78193718626613
2020-04-28 21:00:00,296.00253956564035,297.82155086005963
2020-04-29 05:00:00,312.27086697006814,306.6491434717399
2020-04-29 06:00:00,316.3505329431849,308.340888024846
2020-04-29 08:00:00,320.35364025803665,310.36953403843205
2020-04-29 09:00:00,319.2602749017795,310.99775620564844
2020-04-29 17:00:00,301.02700321332696,303.2131600637098
2020-04-29 18:00:00,300.29428408583067,302.52112239608414
2020-04-29 20:00:00,298.65973497575897,300.4460600866192
2020-04-29 21:00:00,297.62981336032294,300.2296248143553
2020-04-30 05:00:00,315.3992383395579,309.50435272828094
2020-04-30 06:00:00,318.250204077487,310.9459920686272
2020-04-30 08:00:00,321.5295477633484,312.13939888929184
2020-04-30 09:00:00,321.19583905753444,312.6899888754258
2020-04-30 17:00:00,300.3171869404327,302.8759208173708
2020-04-30 18:00:00,299.58128135928024,302.1837728350482
2020-04-30 20:00:00,296.4620705297438,298.6500731058224
2020-04-30 21:00:00,295.2734434718528,297.35709814885735
2020-05-01 05:00:00,313.4669803566485,309.6817212450119
2020-05-01 06:00:00,316.0824626575817,311.0074574333861
2020-05-01 08:00:00,318.7002097013735,312.71314654475185
2020-05-01 09:00:00,318.61019610623913,312.9152984854253
2020-05-01 17:00:00,300.88995744561197,303.3367532221672
2020-05-01 18:00:00,300.04210156174764,302.60710379155284
2020-05-01 20:00:00,299.31721783419056,302.0291409250033
2020-05-01 21:00:00,298.98087495354184,301.55363095229137
2020-05-02 05:00:00,312.0308626994881,308.29058184278404
2020-05-02 06:00:00,315.4893026719292,310.1983589677855
2020-05-02 08:00:00,319.46653333760923,312.4503684492068
2020-05-02 09:00:00,319.7867251309482,312.85691835847217
2020-05-02 17:00:00,302.157908341183,304.07693368591407
2020-05-02 18:00:00,301.5229107308645,303.47963506525207
2020-05-02 20:00:00,300.6747939898898,302.93195113783077
2020-05-02 21:00:00,300.5096384997728,302.7930046986726
2020-05-03 05:00:00,313.1389890650205,309.0672781875211
2020-05-03 06:00:00,316.63109121925106,311.070894120838
2020-05-03 08:00:00,319.36624084378616,312.5379199011851
2020-05-03 09:00:00,318.33863115824977,311.0246700292743
2020-05-03 17:00:00,300.5908344897725,301.7503611325116
2020-05-03 18:00:00,299.75436396664946,300.8482990000391
2020-05-03 20:00:00,297.51446827093514,297.75532030949057
2020-05-03 21:00:00,297.1644443929288,297.65789040211354
2020-05-04 05:00:00,313.1783591154361,306.9132485881977
2020-05-04 06:00:00,317.34021184183604,308.56483781576526
2020-05-04 08:00:00,319.7699400397772,309.0277412543862
2020-05-04 09:00:00,319.1012292988312,309.4029306843762
2020-05-04 17:00:00,299.96483213545184,300.76702229598277
2020-05-04 18:00:00,298.97453331616697,299.98366923986123
2020-05-04 20:00:00,296.5832450408231,297.8346529168598
2020-05-04 21:00:00,295.80944034241384,297.36101425006325
2020-05-05 05:00:00,314.673915163578,306.4628792455641
2020-05-05 06:00:00,317.3691592223839,307.7566596973108
2020-05-05 08:00:00,319.4978363554357,309.507743353469
2020-05-05 09:00:00,319.43686503217845,310.1334126711994
2020-05-05 17:00:00,299.66358221256866,301.2768571615586
2020-05-05 18:00:00,298.1642454644014,300.04477880915795
2020-05-05 20:00:00,296.4056647819437,298.3986524866983
2020-05-05 21:00:00,295.90805091328906,297.76093138237763
2020-05-06 05:00:00,313.6159594613709,307.9649644331499
2020-05-06 06:00:00,317.2177350201482,309.44563063046974
2020-05-06 08:00:00,320.5533520855779,311.2473212713821
2020-05-06 09:00:00,319.3728551644206,311.3818852640631
2020-05-06 17:00:00,300.8246360273318,302.2532721756052
2020-05-06 18:00:00,300.1325803265917,301.63953572465755
2020-05-06 20:00:00,297.7501899237258,298.8271059291939
2020-05-06 21:00:00,296.9783485777022,298.20235982697994
2020-05-07 05:00:00,314.96462488394855,309.00565075984537
2020-05-07 06:00:00,319.1738769578273,310.89118094657346
2020-05-07 08:00:00,323.04290059094075,312.0828660162646
2020-05-07 09:00:00,322.9356319151233,312.50574083137224
2020-05-07 17:00:00,299.6473312260374,301.90830659792863
2020-05-07 18:00:00,297.9960360534386,300.7924713699035
2020-05-07 20:00:00,297.0267664082062,301.8643475548696
2020-05-07 21:00:00,296.10041849051123,299.6388749650153
2020-05-08 05:00:00,314.5500761011532,308.99104513629743
2020-05-08 06:00:00,317.972297609679,311.13722268973
2020-05-08 08:00:00,321.2223483469159,313.6063506092607
2020-05-08 09:00:00,320.54131696845053,313.50046136089026
2020-05-08 17:00:00,302.36672625666597,304.2713598360082
2020-05-08 18:00:00,301.45674142705275,303.582547697705
2020-05-08 20:00:00,300.5850728039382,303.070811149703
2020-05-08 21:00:00,299.98554640007313,302.17765685847064
2020-05-09 05:00:00,313.9688697897231,309.656064120206
2020-05-09 06:00:00,317.57474178084976,311.5898133734893
2020-05-09 08:00:00,321.86422139360286,313.5089973249862
2020-05-09 09:00:00,321.8923012567412,313.79688219443676
2020-05-09 17:00:00,302.77466255270275,304.54327225648393
2020-05-09 18:00:00,301.5868598220896,303.55325326787306
2020-05-09 20:00:00,300.61406868815607,303.1309770722235
2020-05-09 21:00:00,300.1520685040161,302.4824823223755
2020-05-10 05:00:00,315.80491144447734,310.38640795503454
2020-05-10 06:00:00,318.9283751500957,311.75979736516217
2020-05-10 08:00:00,323.1982838964242,313.4547974008992
2020-05-10 09:00:00,323.86408178391184,313.7867792538024
2020-05-10 17:00:00,301.8727386662699,302.81006435400167
2020-05-10 18:00:00,300.882543343425,302.1512666534753
2020-05-10 20:00:00,299.5001581365412,300.53209515822874
2020-05-10 21:00:00,299.1814238514482,300.417642649223
2020-05-11 05:00:00,315.4383279950299,309.8586361830701
2020-05-11 06:00:00,319.12435073734986,310.94225331263846
2020-05-11 08:00:00,321.78869494892234,312.28544188794814
2020-05-11 09:00:00,320.4709965921881,312.1558680600489
2020-05-11 17:00:00,301.21510752250305,301.58976877268367
2020-05-11 18:00:00,300.2478986366872,300.5483324612234
2020-05-11 20:00:00,298.9014488655173,299.35996256917946
2020-05-11 21:00:00,298.9906431647773,299.4618080738697
2020-05-12 05:00:00,314.71096956931945,308.72368959212343
2020-05-12 06:00:00,318.01707493762945,310.0625152823003
2020-05-12 08:00:00,321.32193418717344,310.0045662102604
2020-05-12 09:00:00,321.7500357605827,310.5590805500424
2020-05-12 17:00:00,302.09529529918325,302.902333475592
2020-05-12 18:00:00,301.19739674713657,302.21409040312926
2020-05-12 20:00:00,299.5891026054582,301.32337904637694
2020-05-12 21:00:00,299.22322425783506,300.9404004630396
2020-05-13 05:00:00,314.89415669257545,309.45955889544615
2020-05-13 06:00:00,318.623994048461,310.7837005050965
2020-05-13 08:00:00,321.25907547631874,310.09426035829614
2020-05-13 09:00:00,321.8756283611656,310.63810144550814
2020-05-13 17:00:00,300.66087820937713,301.4896231300107
2020-05-13 18:00:00,300.17355285550485,301.13155236854027
2020-05-13 20:00:00,298.9993922111617,300.3626735552066
2020-05-13 21:00:00,298.5463941718103,299.92132161615075
2020-05-14 05:00:00,313.74192074157054,307.8776071369188
2020-05-14 06:00:00,317.3255999643005,309.57838806716614
2020-05-14 08:00:00,320.86285814188295,311.99630161279526
2020-05-14 09:00:00,320.04139486115963,312.2658465228206
2020-05-14 17:00:00,299.6933488889909,302.2154885925387
2020-05-14 18:00:00,299.2128554286869,301.6317883977905
2020-05-14 20:00:00,297.7868955403521,299.40708067531034
2020-05-14 21:00:00,296.5464962810875,298.0614447924316
2020-05-15 05:00:00,317.5814761733421,309.3845063431421
2020-05-15 06:00:00,319.289637208536,310.23237069104965
2020-05-15 08:00:00,320.2356798733328,310.8927042157331
2020-05-15 09:00:00,320.6660101703944,311.35445739087777
2020-05-15 17:00:00,301.6535188413364,302.73570886268084
2020-05-15 18:00:00,300.6883475328631,301.8297683880399
2020-05-15 20:00:00,298.5058225093894,299.9656170814173
2020-05-15 21:00:00,297.23595408482254,298.8515593965175
2020-05-16 05:00:00,315.6304516667395,308.091725494902
2020-05-16 06:00:00,319.55359526224237,309.3263653959442
2020-05-16 08:00:00,321.79208322298723,310.5140370279321
2020-05-16 09:00:00,322.23643658230964,311.15302183741966
2020-05-16 17:00:00,301.4671263378831,302.604976095661
2020-05-16 18:00:00,299.71332899190617,303.1462998118349
2020-05-16 20:00:00,297.6346381235931,302.14294421838133
2020-05-16 21:00:00,296.92562936744633,301.99948301153665
2020-05-17 05:00:00,317.03658740215565,310.05240977894175
2020-05-17 06:00:00,318.690702300226,310.85128814744286
2020-05-17 08:00:00,319.48162822987894,312.3222400447804
2020-05-17 09:00:00,320.2953689645729,312.9232148345336
2020-05-17 17:00:00,300.83755342692183,302.7922595572214
2020-05-17 18:00:00,299.91280072275407,302.01531961261765
2020-05-17 20:00:00,297.90667310811705,300.2350175619493
2020-05-17 21:00:00,297.26011972765343,299.57815088586557
2020-05-18 05:00:00,315.5848055752841,309.9891834934981
2020-05-18 06:00:00,318.48417106358033,310.7964132394188
2020-05-18 08:00:00,321.11353566503306,311.5064644365355
2020-05-18 09:00:00,321.4221981853844,311.8700491930193
2020-05-18 17:00:00,300.43818629283936,302.2947962780028
2020-05-18 18:00:00,298.71787966124265,300.913371058201
2020-05-18 20:00:00,296.1140200199074,298.7630312409717
2020-05-18 21:00:00,295.34365781246237,298.070760412466
2020-05-19 05:00:00,315.69730848597453,310.07290722298876
2020-05-19 06:00:00,318.55438124270216,311.3596391016603
2020-05-19 08:00:00,321.32860683917266,312.86085526711764
2020-05-19 09:00:00,321.2046579792981,313.1242492158534
2020-05-19 17:00:00,301.45995336688355,303.49006483551165
2020-05-19 18:00:00,300.1978599183916,302.4575295000121
2020-05-19 20:00:00,299.27965492754026,301.6335863956869
2020-05-19 21:00:00,298.58720898738443,300.64525196328185
2020-05-20 05:00:00,315.92439516887464,309.28018214338914
2020-05-20 06:00:00,318.90082450126096,310.8229527172212
2020-05-20 08:00:00,321.2456534081505,312.9250963913458
2020-05-20 09:00:00,320.7707472273675,313.14555558732184
2020-05-20 17:00:00,301.2795690645239,303.18535633998215
2020-05-20 18:00:00,300.009575066471,302.14020438407346
2020-05-20 20:00:00,297.9438213001598,300.20287039687713
2020-05-20 21:00:00,296.9272618932974,299.0681351483879
2020-05-21 05:00:00,317.1829016028641,310.8014671666597
2020-05-21 06:00:00,320.24808254153777,312.39886051407217
2020-05-21 08:00:00,322.7745105525929,314.34132100768005
2020-05-21 09:00:00,322.4787944211798,314.6327812065513
2020-05-21 17:00:00,301.46522895801235,303.4839024712749
2020-05-21 18:00:00,299.6658327546436,302.2465083000289
2020-05-21 20:00:00,298.54722752740093,301.3536124912726
2020-05-21 21:00:00,298.36324962739405,301.2065136032222
2020-05-22 05:00:00,314.28527582812205,309.7140591096805
2020-05-22 06:00:00,317.9557909620194,311.7597735953074
2020-05-22 08:00:00,321.80075296598886,314.1684300638678
2020-05-22 09:00:00,321.98273224676336,314.56776889042794
2020-05-22 17:00:00,305.239951088175,306.8502948449463
2020-05-22 18:00:00,304.42115358138125,306.1024262321014
2020-05-22 20:00:00,303.4864733068528,305.3334069391612
2020-05-22 21:00:00,302.98249353723276,304.72108788629896
2020-05-23 05:00:00,315.1515513274629,310.2677605486431
2020-05-23 06:00:00,318.48934278208964,311.9657831882659
2020-05-23 08:00:00,321.7575844175459,313.7807628472891
2020-05-23 09:00:00,322.4230545819816,314.3160533464194
2020-05-23 17:00:00,304.1759122310691,305.8904329367522
2020-05-23 18:00:00,303.42149136724015,305.3579349370877
2020-05-23 20:00:00,302.53018785661834,304.64555074400823
2020-05-23 21:00:00,302.10824070064973,304.18652755196547
2020-05-24 05:00:00,315.8365950150923,310.79279340323757
2020-05-24 06:00:00,319.17043486655405,312.58050259676844
2020-05-24 08:00:00,321.98533501059325,314.5338884538789
2020-05-24 09:00:00,322.3743296712867,314.9019500779444
2020-05-24 17:00:00,305.74184237863693,307.35407820174066
2020-05-24 18:00:00,305.01537328875855,306.631414663259
2020-05-24 20:00:00,304.2596707336709,306.0142569755002
2020-05-24 21:00:00,303.8113263428487,305.52236625777186
2020-05-25 05:00:00,315.7392145048121,310.94536147389465
2020-05-25 06:00:00,319.1234910021578,312.82424785690426
2020-05-25 08:00:00,322.7241459451214,315.0415872300535
2020-05-25 09:00:00,321.73357756957074,314.92268971118426
2020-05-25 17:00:00,306.79530414410846,308.0593259132514
2020-05-25 18:00:00,305.9720673641916,307.30861723772
2020-05-25 20:00:00,304.8917913921809,306.35647103378693
2020-05-25 21:00:00,304.4017749898055,305.81889228056684
2020-05-26 05:00:00,314.9669900432757,310.04396731901244
2020-05-26 06:00:00,318.50716420131033,312.1024051895494
2020-05-26 08:00:00,322.4317256181009,314.9747586007846
2020-05-26 09:00:00,322.1907637350732,315.2378276948386
2020-05-26 17:00:00,306.1727149857579,307.52302776977353
2020-05-26 18:00:00,305.27897693416554,306.7092910319888
2020-05-26 20:00:00,304.6008178287736,306.0647472740138
2020-05-26 21:00:00,304.40872820132694,305.6978258035951
2020-05-27 05:00:00,314.72451594136714,310.2509558255941
2020-05-27 06:00:00,318.1740048354139,312.25827952709705
2020-05-27 08:00:00,322.3683043775279,315.0387671989359
2020-05-27 09:00:00,322.62629394061025,315.52352677214503
2020-05-27 17:00:00,306.11160910772435,307.43803154191545
2020-05-27 18:00:00,305.30003312262255,306.71468735328995
2020-05-27 20:00:00,304.6070315415393,306.37877881912675
2020-05-27 21:00:00,304.5550075583906,306.0046538131079
2020-05-28 05:00:00,313.74160522084765,308.87268957481916
2020-05-28 06:00:00,317.0021897185198,310.6540595056096
2020-05-28 08:00:00,321.0024494706023,312.97493902597296
2020-05-28 09:00:00,321.70764486962366,313.80202849730506
2020-05-28 17:00:00,305.81076181467586,307.3649095203182
2020-05-28 18:00:00,305.41806067891406,307.1386845710649
2020-05-28 20:00:00,304.51827285837135,306.0627275887182
2020-05-28 21:00:00,304.21774172084906,305.5272411234758
2020-05-29 05:00:00,313.40481393399705,307.18986786311876
2020-05-29 06:00:00,316.7947471395296,309.1357989201009
2020-05-29 08:00:00,321.2177515955662,312.280352035546
2020-05-29 09:00:00,321.31512006809606,313.0062534467465
2020-05-29 17:00:00,305.76092103743593,306.7431708572459
2020-05-29 18:00:00,304.4836358304017,305.366213782359
2020-05-29 20:00:00,298.48445959340995,297.6986860560342
2020-05-29 21:00:00,297.5555586381393,298.1636234982907
2020-05-30 05:00:00,311.22906654017,306.1826647507208
2020-05-30 06:00:00,314.17807223139266,307.757344038718
2020-05-30 08:00:00,318.9694587930877,308.91215630341753
2020-05-30 09:00:00,320.1292182205271,309.8035009116715
2020-05-30 17:00:00,300.6674258991823,300.3965907162988
2020-05-30 18:00:00,299.6147181388961,300.0808658688021
2020-05-30 20:00:00,297.91401902773345,297.46839215906084
2020-05-30 21:00:00,297.41170639249685,297.4077088248748
2020-05-31 05:00:00,310.57698273034237,304.70415822456727
2020-05-31 06:00:00,313.1303270807251,305.9973344141603
2020-05-31 08:00:00,318.91567024501336,308.5180956777329
2020-05-31 09:00:00,318.95745971867774,309.0103457411191
2020-05-31 17:00:00,300.66041087663416,301.266818453608
2020-05-31 18:00:00,299.80539746864923,300.55995744843335
2020-05-31 20:00:00,298.4965394759215,299.4226732063
2020-05-31 21:00:00,298.0198247171881,299.016735270872
2020-06-01 05:00:00,314.0733306132406,306.82928685451327
2020-06-01 06:00:00,317.4912736654649,308.174440968753
2020-06-01 08:00:00,318.5501391582754,308.4185295869096
2020-06-01 09:00:00,319.48010028198433,309.1762452676594
2020-06-01 17:00:00,299.8748383132629,300.2891615998396
2020-06-01 18:00:00,299.11056878276526,299.6838549832901
2020-06-01 20:00:00,297.8461854814198,298.7592136988471
2020-06-01 21:00:00,297.3679229548238,298.2998151499979
2020-06-02 05:00:00,314.3530540760199,307.2760460005704
2020-06-02 06:00:00,318.002099646993,308.3628752345481
2020-06-02 08:00:00,320.3993636073978,309.4456434911131
2020-06-02 09:00:00,320.1455048500849,309.63181983230663
2020-06-02 17:00:00,300.99319293429187,301.7792741396395
2020-06-02 18:00:00,300.1313726251776,301.0888481434027
2020-06-02 20:00:00,298.29757932595373,299.5942514240283
2020-06-02 21:00:00,297.5617694825347,298.97864999168644
2020-06-03 05:00:00,315.0770376760898,306.8417623134901
2020-06-03 06:00:00,318.10041073180497,308.15013228359135
2020-06-03 08:00:00,319.6221434559403,308.8219633646114
2020-06-03 09:00:00,316.80542934987875,305.3685742394399
2020-06-03 17:00:00,301.00434212471566,301.73646039918685
2020-06-03 18:00:00,300.2680465862821,301.1391372798221
2020-06-03 20:00:00,299.4579266282186,300.12973661966424
2020-06-03 21:00:00,298.76038488731916,299.563259365746
2020-06-04 05:00:00,310.75788216377816,304.67026001352747
2020-06-04 06:00:00,312.963842782842,304.2253159345207
2020-06-04 08:00:00,317.1596596222629,307.91397207580474
2020-06-04 09:00:00,317.8468279963465,308.40528286550375
2020-06-04 17:00:00,299.1133872151191,299.2785435516405
2020-06-04 18:00:00,298.6494185296339,298.9675628238907
2020-06-04 20:00:00,297.8761230374705,298.39016763601904
2020-06-04 21:00:00,297.70517513234006,298.26339390171324
2020-06-05 05:00:00,311.5986077025051,305.99875738440755
2020-06-05 06:00:00,314.3110860815769,307.41002345856606
2020-06-05 08:00:00,316.59448672443034,307.5780078905573
2020-06-05 09:00:00,316.7528080168785,308.25250688502894
2020-06-05 17:00:00,299.17999154724214,299.12295560440043
2020-06-05 18:00:00,298.16912975810897,298.49963329532665
2020-06-05 20:00:00,298.7687777150394,299.68570059142974
2020-06-05 21:00:00,298.49204852511224,298.9258117205557
2020-06-06 05:00:00,302.60284995151045,301.4731937872794
2020-06-06 06:00:00,309.67144939969245,303.82252102750476
2020-06-06 08:00:00,313.6987713782923,306.8753803176762
2020-06-06 09:00:00,314.5929193717122,307.41746248265815
2020-06-06 17:00:00,300.2532952166118,300.7000007570617
2020-06-06 18:00:00,299.4351568706965,299.9341460053102
2020-06-06 20:00:00,298.8915817425321,299.9358839084996
2020-06-06 21:00:00,298.5264468200402,299.42832121533127
2020-06-07 05:00:00,310.2015675455103,304.94323248488513
2020-06-07 06:00:00,312.5853119366709,305.98387578602745
2020-06-07 08:00:00,315.02446698628154,307.3615298513639
2020-06-07 09:00:00,315.87277670744203,308.04333402048826
2020-06-07 17:00:00,301.00438291670184,301.42170889315145
2020-06-07 18:00:00,300.3877582285548,300.7918779229163
2020-06-07 20:00:00,299.1439350051763,299.6376767856498
2020-06-07 21:00:00,298.6564013182841,299.2436766308519
2020-06-08 05:00:00,310.99387356092456,305.58326483727967
2020-06-08 06:00:00,313.74007494534106,306.8639088117838
2020-06-08 08:00:00,316.46643221580376,307.8997969664117
2020-06-08 09:00:00,315.6277856812087,307.99613498869957
2020-06-08 17:00:00,301.80777306696297,302.3244118947645
2020-06-08 18:00:00,301.17145602985966,301.72164907587694
2020-06-08 20:00:00,300.97534421853186,301.55763618457485
2020-06-08 21:00:00,300.569383829878,301.13776725686756
2020-06-09 05:00:00,311.70182990733946,306.37681415011224
2020-06-09 06:00:00,314.9016134911583,307.85377253222356
2020-06-09 08:00:00,318.082466960137,309.62574335459755
2020-06-09 09:00:00,318.50116300656356,310.0067039219367
2020-06-09 17:00:00,303.54412449159315,304.2540838068182
2020-06-09 18:00:00,302.928006070788,303.7013300820749
2020-06-09 20:00:00,302.1549887400012,303.0881943901074
2020-06-09 21:00:00,301.7261735772131,302.5909935432516
2020-06-10 05:00:00,312.9670970899115,308.0199287073638
2020-06-10 06:00:00,316.1473115001144,309.54495392080815
2020-06-10 08:00:00,319.1340719496341,311.53646262805154
2020-06-10 09:00:00,319.7217392884712,312.00198296075234
2020-06-10 17:00:00,303.07820571405676,303.78185764777095
2020-06-10 18:00:00,302.85783955202265,303.6106935803806
2020-06-10 20:00:00,300.8973998788326,300.8440756070412
2020-06-10 21:00:00,300.71106138067734,300.95880893419263
2020-06-11 05:00:00,313.09161374602,307.7803114316497
2020-06-11 06:00:00,316.22605484549547,309.25806729121274
2020-06-11 08:00:00,319.1668446075016,310.5015437709532
2020-06-11 09:00:00,318.63198593915524,310.77598078041484
2020-06-11 17:00:00,303.0927204666961,304.3536989185586
2020-06-11 18:00:00,302.3093384447377,303.7147651754653
2020-06-11 20:00:00,300.7228791599833,302.2934897353727
2020-06-11 21:00:00,301.0754740851686,302.1688249114849
2020-06-12 05:00:00,313.72073155007854,308.53055477289286
2020-06-12 06:00:00,316.9525238883514,309.99339743498115
2020-06-12 08:00:00,320.36472841330414,311.63734572400296
2020-06-12 09:00:00,320.76816465968534,312.2444497976906
2020-06-12 17:00:00,304.52915204581575,304.9371099956965
2020-06-12 18:00:00,303.93258979691564,304.3098648376935
2020-06-12 20:00:00,302.66994820757895,302.56192719587375
2020-06-12 21:00:00,302.01761106423487,301.9897670187458
2020-06-13 05:00:00,315.0388082025231,308.8220543765875
2020-06-13 06:00:00,318.1734775020089,310.34772878214835
2020-06-13 08:00:00,319.96416180673845,311.2363945912507
2020-06-13 09:00:00,320.163857293974,311.7733776874278
2020-06-13 17:00:00,304.5528393996699,305.1155475445999
2020-06-13 18:00:00,304.14937491629996,304.55670572759925
2020-06-13 20:00:00,302.73158508676966,302.8919398891173
2020-06-13 21:00:00,302.1769516626014,302.4331784711229
2020-06-14 05:00:00,311.9265206076882,306.9731769532379
2020-06-14 06:00:00,318.24758487930654,309.1351592500331
2020-06-14 08:00:00,321.8153203602748,311.30037854963166
2020-06-14 09:00:00,318.46443300879054,310.78309125856185
2020-06-14 17:00:00,303.4745029866787,304.26803527737985
2020-06-14 18:00:00,302.56914742444815,303.42385488078116
2020-06-14 20:00:00,301.9287990105721,302.5556180745318
2020-06-14 21:00:00,301.45020231884695,301.9615007115439
2020-06-15 05:00:00,314.9827932584084,308.6287258953453
2020-06-15 06:00:00,318.81818546242266,310.24852384734777
2020-06-15 08:00:00,323.6422782862682,312.5379307398627
2020-06-15 09:00:00,324.03556692067576,313.23061014654456
2020-06-15 17:00:00,304.21759573961447,305.4441309665862
2020-06-15 18:00:00,303.66722885155343,305.01972460636557
2020-06-15 20:00:00,302.3375082148242,303.8943331208545
2020-06-15 21:00:00,301.79111352576683,303.4370532395843
2020-06-16 05:00:00,314.4022828559111,310.23967022300684
2020-06-16 06:00:00,317.71732298582106,312.1716208200793
2020-06-16 08:00:00,319.6819727446522,313.8948929232699
2020-06-16 09:00:00,320.0809901491703,314.80447180796483
2020-06-16 17:00:00,305.7656960509408,306.8389840383192
2020-06-16 18:00:00,305.0938193111097,306.1933576351689
2020-06-16 20:00:00,303.10804454644773,304.5578293058281
2020-06-16 21:00:00,302.9570320023594,304.5448690452634
2020-06-17 05:00:00,314.35236611388314,309.57558096722573
2020-06-17 06:00:00,317.13073982038924,311.1603447630519
2020-06-17 08:00:00,320.30462131588416,312.9218268254873
2020-06-17 09:00:00,319.31244507776387,312.966390248256
2020-06-17 17:00:00,306.2845074340632,306.93646200265283
2020-06-17 18:00:00,305.5604247576651,306.1754158619556
2020-06-17 20:00:00,304.54505102219315,305.2059763480776
2020-06-17 21:00:00,304.1269683837891,304.7197747840353
2020-06-18 05:00:00,312.59248730581606,307.50328484815884
2020-06-18 06:00:00,315.43109746853634,309.17209344284925
2020-06-18 08:00:00,319.40475640201424,311.51828087570124
2020-06-18 09:00:00,319.863892565523,312.189386517682
2020-06-18 17:00:00,305.7599627666738,306.1640563635687
2020-06-18 18:00:00,305.08902137415436,305.45516612753846
2020-06-18 20:00:00,303.96431596988157,304.3221797149611
2020-06-18 21:00:00,303.451299987699,303.8093542913075
2020-06-19 05:00:00,312.292428602974,307.5118397387959
2020-06-19 06:00:00,315.631196455522,309.3207351614037
2020-06-19 08:00:00,320.74671672709366,312.1991289841192
2020-06-19 09:00:00,321.57068733955936,312.90145058183714
2020-06-19 17:00:00,305.5701856333963,306.190109793688
2020-06-19 18:00:00,304.9420488354605,305.5765093081905
2020-06-19 20:00:00,303.76915655150805,304.50782402050334
2020-06-19 21:00:00,303.2852734769989,304.03936165690607
2020-06-20 05:00:00,312.0720607716424,307.06076978498317
2020-06-20 06:00:00,315.15419309642544,308.6978254509266
2020-06-20 08:00:00,319.8674890785629,310.9292792274698
2020-06-20 09:00:00,320.5173090859812,311.59337168077843
2020-06-20 17:00:00,305.2358584176227,305.79955243550023
2020-06-20 18:00:00,304.5018687667024,305.21426473890875
2020-06-20 20:00:00,303.2636303776769,303.86162554207505
2020-06-20 21:00:00,302.82248613683765,303.4340171402518
2020-06-21 05:00:00,312.25858712453504,307.0593943544456
2020-06-21 06:00:00,315.45762606063863,308.5913915178625
2020-06-21 08:00:00,320.41637708666883,310.7460724253133
2020-06-21 09:00:00,321.1293082685427,311.3942879792906
2020-06-21 17:00:00,305.27486552516194,305.6661299836287
2020-06-21 18:00:00,304.52992659981703,304.9538678138393
2020-06-21 20:00:00,302.8069747666181,302.97722203705825
2020-06-21 21:00:00,302.4525867808949,302.6113293710953
2020-06-22 05:00:00,312.95077303047356,306.85294004654855
2020-06-22 06:00:00,316.553778250155,308.46021706885296
2020-06-22 08:00:00,320.34264311474533,310.0031580991113
2020-06-22 09:00:00,320.18611455367784,310.1860225777413
2020-06-22 17:00:00,303.97743269769,304.31095350174405
2020-06-22 18:00:00,303.52209815920224,303.9370834985389
2020-06-22 20:00:00,302.0269168330635,301.5523210005327
2020-06-22 21:00:00,301.7119580285024,301.50041473811876
2020-06-23 05:00:00,312.3821819522899,306.3815931840377
2020-06-23 06:00:00,314.48081394189677,307.3372159937313
2020-06-23 08:00:00,318.73043171981084,310.1085798971826
2020-06-23 09:00:00,318.6553416435818,310.3619719330445
2020-06-23 17:00:00,304.25223796356624,304.4542039068896
2020-06-23 18:00:00,303.6602164152407,303.4113015290953
2020-06-23 20:00:00,301.47434332190755,301.5536968307613
2020-06-23 21:00:00,301.21982157138535,301.01157996320217
2020-06-24 05:00:00,302.8829510046632,302.1243379002176
2020-06-24 06:00:00,304.07932593017955,302.6419947878422
2020-06-24 08:00:00,309.3466952754463,306.55068532417664
2020-06-24 09:00:00,308.82357708147754,306.49154557285397
2020-06-24 17:00:00,303.6096080668351,304.2531467666979
2020-06-24 18:00:00,303.4199649005531,304.0773875232103
2020-06-24 20:00:00,299.5550632329862,299.24402922878653
2020-06-24 21:00:00,298.6324509677975,298.8783603662335
2020-06-25 05:00:00,308.375354267232,305.2638724728248
2020-06-25 06:00:00,311.22600963339784,307.0124694401017
2020-06-25 08:00:00,315.5941165400947,309.0561932532923
2020-06-25 09:00:00,314.8396615379581,309.0723463155456
2020-06-25 17:00:00,303.6822847151793,304.30359834221366
2020-06-25 18:00:00,303.2495134350699,303.8429533689525
2020-06-25 20:00:00,301.2064241429874,301.1466168842992
2020-06-25 21:00:00,300.89349583888827,301.09495984093616
2020-06-26 05:00:00,308.8781126989238,305.5255715439243
2020-06-26 06:00:00,312.2445993291212,307.2644301122069
2020-06-26 08:00:00,313.697989606343,306.3264932735308
2020-06-26 09:00:00,313.2705305713718,307.4964253288939
2020-06-26 17:00:00,302.86198730938975,303.5120040117684
2020-06-26 18:00:00,302.55356319292304,303.24758598433436
2020-06-26 20:00:00,302.37709012494435,303.03318614989104
2020-06-26 21:00:00,302.20349892262135,302.8875254908769
2020-06-27 05:00:00,310.5170059321658,306.22307117620863
2020-06-27 06:00:00,312.91557525963924,307.4585251536318
2020-06-27 08:00:00,316.6121553441593,309.4929313718446
2020-06-27 09:00:00,316.91907608196806,309.9298237005625
2020-06-27 17:00:00,304.04233897816044,304.9275674452583
2020-06-27 18:00:00,303.4561341084391,304.2589153178117
2020-06-27 20:00:00,302.5880013158766,303.39781990697827
2020-06-27 21:00:00,302.3412840715358,303.24831433876636
2020-06-28 05:00:00,310.8575637417692,306.17947479389113
2020-06-28 06:00:00,313.7488290701515,307.57932383767996
2020-06-28 08:00:00,317.3774734285469,309.724971871163
2020-06-28 09:00:00,317.9841261336175,310.3927974142536
2020-06-28 17:00:00,304.14153305077224,304.6879874583569
2020-06-28 18:00:00,303.4444395279848,304.1197297224095
2020-06-28 20:00:00,302.66749034346714,303.6173982546767
2020-06-28 21:00:00,302.2821825964976,303.2416916246223
2020-06-29 05:00:00,312.9046942618301,307.2625473092995
2020-06-29 06:00:00,316.05406866088305,308.77630121498515
2020-06-29 08:00:00,320.5011589156094,310.9787418265556
2020-06-29 09:00:00,320.99170982231533,311.50862866888065
2020-06-29 17:00:00,305.5628545963893,306.2305535785223
2020-06-29 18:00:00,304.83509676188277,305.616198123879
2020-06-29 20:00:00,303.4988370169476,304.32575368073026
2020-06-29 21:00:00,302.99528757339266,303.776824551481
2020-06-30 05:00:00,314.0822233367591,309.04222372610514
2020-06-30 06:00:00,317.6287272589967,310.5659851873601
2020-06-30 08:00:00,322.07780489458696,311.6703037209063
2020-06-30 09:00:00,323.4481044587076,312.33653122912204
2020-06-30 17:00:00,304.38356706945484,304.86987398732424
2020-06-30 18:00:00,303.9814917471816,304.91501635065066
2020-06-30 20:00:00,303.5286522910849,304.59416245752936
2020-06-30 21:00:00,302.87502988277487,304.0537677641459
2020-07-01 05:00:00,313.55615105063225,308.63919431806903
2020-07-01 06:00:00,316.4387155306542,310.12147909907975
2020-07-01 08:00:00,316.77701814295887,310.04363762101707
2020-07-01 09:00:00,317.76440415580765,310.7191918700796
2020-07-01 17:00:00,303.6663156283104,303.51849652071394
2020-07-01 18:00:00,303.2110738651411,303.2424860926365
2020-07-01 20:00:00,303.06833640452714,303.5974199151038
2020-07-01 21:00:00,302.9183870148034,303.3931373866571
2020-07-02 05:00:00,311.788315124982,307.225310174269
2020-07-02 06:00:00,314.4319106985131,308.76961405655635
2020-07-02 08:00:00,318.9189381415745,311.0068609534501
2020-07-02 09:00:00,319.32087072716286,311.62117632144407
2020-07-02 17:00:00,305.992443443263,306.4765370138254
2020-07-02 18:00:00,305.3879426271412,305.7512843950504
2020-07-02 20:00:00,304.1457703389079,304.2807353391485
2020-07-02 21:00:00,303.5873955490042,303.8119747826058
2020-07-03 05:00:00,313.8887449479066,308.92182750731297
2020-07-03 06:00:00,316.9737077192827,310.42689850370766
2020-07-03 08:00:00,319.7082501427602,311.88018121704664
2020-07-03 09:00:00,320.6818264577716,312.667003778537
2020-07-03 17:00:00,306.65836695125915,307.0169242541485
2020-07-03 18:00:00,305.99901212859777,306.4541041722467
2020-07-03 20:00:00,304.7004053618398,304.9175174519167
2020-07-03 21:00:00,304.23803541656633,304.5721545109213
2020-07-04 05:00:00,313.8163800349772,308.37198531939913
2020-07-04 06:00:00,317.2620002264602,310.1184060165805
2020-07-04 08:00:00,321.7298363213914,311.47792626896694
2020-07-04 09:00:00,322.16048119872676,311.4303915438189
2020-07-04 17:00:00,301.4551655397577,301.02494548685934
2020-07-04 18:00:00,300.3787383562979,300.12507311992914
2020-07-04 20:00:00,299.8912648111353,299.7394919138293
2020-07-04 21:00:00,299.47970456445165,299.31806938747417
2020-07-05 05:00:00,307.5017981624751,303.75587825451873
2020-07-05 06:00:00,307.0774190282601,303.88989086180516
2020-07-05 08:00:00,309.6581583125933,306.18898769666674
2020-07-05 09:00:00,310.0379417196077,306.62008692854545
2020-07-05 17:00:00,302.71156308684033,303.0029696565931
2020-07-05 18:00:00,302.3055451426925,302.51233883521223
2020-07-05 20:00:00,300.7997108541762,300.6469227419061
2020-07-05 21:00:00,300.4245876553247,300.3460914600061
2020-07-06 05:00:00,310.7531004260611,304.5819180904441
2020-07-06 06:00:00,312.70671514149626,305.36723741434395
2020-07-06 08:00:00,315.0891376842152,308.60388275287556
2020-07-06 09:00:00,314.0471068677623,306.2538837262405
2020-07-06 17:00:00,302.0010458265872,302.1932330021322
2020-07-06 18:00:00,301.6097757489362,301.7877811378985
2020-07-06 20:00:00,300.63149991498346,300.13546569542086
2020-07-06 21:00:00,300.3120404024521,299.9440311143872
2020-07-07 05:00:00,307.78225077906814,303.7851873553589
2020-07-07 06:00:00,309.1814073230526,304.85463219688194
2020-07-07 08:00:00,309.60112773031227,305.6051797264346
2020-07-07 09:00:00,310.85896047348234,306.32345950181013
2020-07-07 17:00:00,302.00080779888225,302.418670865898
2020-07-07 18:00:00,301.54830991395266,301.8524520474332
2020-07-07 20:00:00,300.7252684418336,300.9213905981032
2020-07-07 21:00:00,300.56807089219296,300.7779518915067
2020-07-08 05:00:00,307.47580099473197,303.521197326378
2020-07-08 06:00:00,309.98701296014303,304.9457837356074
2020-07-08 08:00:00,313.6068298151754,307.47395209501997
2020-07-08 09:00:00,313.4287983522577,307.86111729978967
2020-07-08 17:00:00,302.52078348168607,302.90073616956533
2020-07-08 18:00:00,302.1197354356387,302.36087369992293
2020-07-08 20:00:00,300.90090944733936,300.95446283607896
2020-07-08 21:00:00,300.4539583320794,300.5437352161378
2020-07-09 05:00:00,304.6906352697058,302.8048238886524
2020-07-09 06:00:00,305.32747580788356,303.24085130970724
2020-07-09 08:00:00,311.87935199943274,306.53765509418787
2020-07-09 09:00:00,307.4432828929649,302.3191591565524
2020-07-09 17:00:00,301.8956348201711,302.80257167727996
2020-07-09 18:00:00,301.62508826116203,302.55322531301914
2020-07-09 20:00:00,300.9746692110835,301.7377184616583
2020-07-09 21:00:00,300.578840846457,301.21149375221944
2020-07-10 05:00:00,306.0377234883595,303.79991968093196
2020-07-10 06:00:00,308.11813657787076,305.1292133772135
2020-07-10 08:00:00,310.3136877638901,306.2861034939947
2020-07-10 09:00:00,310.48129712120965,306.74833169005507
2020-07-10 17:00:00,301.9156151817099,302.85243683566665
2020-07-10 18:00:00,301.41969374552343,302.2876420219433
2020-07-10 20:00:00,300.5432437843828,301.22969102198243
2020-07-10 21:00:00,300.1743691889641,300.70537018151424
2020-07-11 05:00:00,305.55278050403564,303.2793850186058
2020-07-11 06:00:00,307.47018317412153,304.25185259097526
2020-07-11 08:00:00,309.31429122666185,305.410010433344
2020-07-11 09:00:00,309.54700572244565,305.7213916514063
2020-07-11 17:00:00,301.836320639024,302.51866448494985
2020-07-11 18:00:00,301.4109358824273,301.82823728964036
2020-07-11 20:00:00,300.16364679792076,300.4036245243208
2020-07-11 21:00:00,299.72333943935683,299.95762319226844
2020-07-12 05:00:00,303.33823226670086,301.7109868265631
2020-07-12 06:00:00,305.84940386332795,303.1000484472431
2020-07-12 08:00:00,310.5660826649247,305.61563042168996
2020-07-12 09:00:00,310.19472968008927,305.79767186615976
2020-07-12 17:00:00,301.13678909560383,301.6621936157415
2020-07-12 18:00:00,300.60061687828033,301.0823306420184
2020-07-12 20:00:00,299.7542202895154,299.8813361122355
2020-07-12 21:00:00,299.2323171559762,299.33122053572504
2020-07-13 05:00:00,304.86883084101754,302.6392934649311
2020-07-13 06:00:00,307.51194180105057,304.0110004348637
2020-07-13 08:00:00,312.0121839432209,306.20972168721113
2020-07-13 09:00:00,311.92814640932716,306.5860992572708
2020-07-13 17:00:00,301.63519738525014,302.49731696882674
2020-07-13 18:00:00,301.1839510736921,302.0877915016492
2020-07-13 20:00:00,300.57256924904,301.33518405908427
2020-07-13 21:00:00,300.24506050192156,300.8573682223704
2020-07-14 05:00:00,308.70742913056597,305.0239486811892
2020-07-14 06:00:00,311.55558725130766,306.61706049232896
2020-07-14 08:00:00,314.3701046089913,308.20780792001216
2020-07-14 09:00:00,315.314399025657,308.7216735040462
2020-07-14 17:00:00,301.7278959159675,302.61310985312446
2020-07-14 18:00:00,301.4281381098626,302.2351652595038
2020-07-14 20:00:00,300.92080399288415,301.2432021506946
2020-07-14 21:00:00,300.4786298895837,300.8913406818784
2020-07-15 05:00:00,308.61808892060503,305.16418433520016
2020-07-15 06:00:00,311.61222225712334,306.7543409491541
2020-07-15 08:00:00,315.1512651252453,309.39167517616494
2020-07-15 09:00:00,315.1446722703648,309.7135090174036
2020-07-15 17:00:00,303.6628657313084,304.1887826081968
2020-07-15 18:00:00,303.071301876121,303.58837305195345
2020-07-15 20:00:00,301.6363653526835,301.92769259554217
2020-07-15 21:00:00,300.81334593409935,301.3060621781783
2020-07-16 05:00:00,311.42924795753237,304.9157582945743
2020-07-16 06:00:00,312.6177447396912,305.7728002751002
2020-07-16 08:00:00,314.65733857000555,308.02681712193186
2020-07-16 09:00:00,315.31804747500667,308.6233783128265
2020-07-16 17:00:00,302.48496602533044,302.5195965642004
2020-07-16 18:00:00,301.9273481324936,302.0805271660051
2020-07-16 20:00:00,301.19580414335604,301.4388642862141
2020-07-16 21:00:00,300.88357264161664,301.11004029730987
2020-07-17 05:00:00,310.7284922078137,305.330379609518
2020-07-17 06:00:00,312.07738002312755,306.21461254055214
2020-07-17 08:00:00,314.84752538648706,308.38490126129295
2020-07-17 09:00:00,314.2994504437792,308.6083025351879
2020-07-17 17:00:00,303.39738154007216,303.87767101693413
2020-07-17 18:00:00,302.7794323937367,303.24280603347097
2020-07-17 20:00:00,301.76748431518746,302.05076364008784
2020-07-17 21:00:00,301.3658479711125,301.6513807769917
2020-07-18 05:00:00,313.43866131375495,306.3896823406954
2020-07-18 06:00:00,316.0151368598174,307.12318530912944
2020-07-18 08:00:00,318.0868451040589,309.44050642815876
2020-07-18 09:00:00,317.98926096300494,309.1426565819786
2020-07-18 17:00:00,303.54602711446853,303.9541961952057
2020-07-18 18:00:00,303.171269679841,303.43713442386576
2020-07-18 20:00:00,301.8213129263997,301.7601017180503
2020-07-18 21:00:00,301.2145509646376,300.95261024510364
2020-07-19 05:00:00,308.85815429687506,305.0249080569792
2020-07-19 06:00:00,310.91713088025296,306.07405718081907
2020-07-19 08:00:00,312.84096196766814,307.1964366424984
2020-07-19 09:00:00,313.19981309041407,307.6028865349862
2020-07-19 17:00:00,303.39236111633585,303.76432433517766
2020-07-19 18:00:00,302.7420499592974,302.9665192073593
2020-07-19 20:00:00,301.7223288090828,301.9293361246494
2020-07-19 21:00:00,301.27849015763434,301.48618964384815
2020-07-20 05:00:00,308.4356945490433,304.3525962888368
2020-07-20 06:00:00,311.250983380757,305.9387933763407
2020-07-20 08:00:00,314.49548010686516,308.12994420032476
2020-07-20 09:00:00,314.96945839339674,308.72131747347186
2020-07-20 17:00:00,302.30368037289946,302.7424775815708
2020-07-20 18:00:00,301.70128190756213,302.09768375814053
2020-07-20 20:00:00,300.7273010818176,301.10568392478814
2020-07-20 21:00:00,300.36823231560425,300.70287705055557
2020-07-21 05:00:00,306.834294605696,303.40318582825745
2020-07-21 06:00:00,307.7581877862728,304.0670930365752
2020-07-21 08:00:00,311.4467133932011,306.04804872768506
2020-07-21 09:00:00,311.57278712761973,306.31488827086747
2020-07-21 17:00:00,302.478609176189,302.9096308915383
2020-07-21 18:00:00,302.10698858651983,302.5599094620104
2020-07-21 20:00:00,298.7601555352586,298.6089851837864
2020-07-21 21:00:00,298.1853597726219,298.4779794043495
2020-07-22 05:00:00,304.57557377278897,302.47224600252645
2020-07-22 06:00:00,306.4682633880475,303.207190585614
2020-07-22 08:00:00,310.2583262439134,305.6796095132461
2020-07-22 09:00:00,311.2855685429507,306.2452437249465
2020-07-22 17:00:00,299.0710121942412,299.88910582179466
2020-07-22 18:00:00,299.05303226229955,299.95862686321806
2020-07-22 20:00:00,299.824579318242,301.0102019934515
2020-07-22 21:00:00,299.77934780032683,300.84243579270844
2020-07-23 05:00:00,302.32885363656675,301.9440290924213
2020-07-23 06:00:00,305.4104638944605,303.7281133478338
2020-07-23 08:00:00,313.68042168521737,307.77703344877034
2020-07-23 09:00:00,313.63518868609464,307.97855265518916
2020-07-23 17:00:00,301.5106183538452,302.22171685875657
2020-07-23 18:00:00,300.9635712281214,301.58541691431833
2020-07-23 20:00:00,299.5647158394977,299.7552259118972
2020-07-23 21:00:00,299.23210816464183,299.5405885669962
2020-07-24 05:00:00,305.71071945684173,303.6308062161062
2020-07-24 06:00:00,308.77698249993233,304.85008188021385
2020-07-24 08:00:00,310.5343152062367,304.56529684904365
2020-07-24 09:00:00,311.1924717554877,305.38749417391693
2020-07-24 17:00:00,299.35392622514206,299.2980123793215
2020-07-24 18:00:00,298.7702662816217,298.64649970432276
2020-07-24 20:00:00,298.5363282848764,298.91338775117515
2020-07-24 21:00:00,298.25718764200786,298.2882656573515
2020-07-25 05:00:00,300.68494148430733,299.5646581194251
2020-07-25 06:00:00,301.9909855588375,300.36131970797925
2020-07-25 08:00:00,309.6009550403189,304.34768599170746
2020-07-25 09:00:00,310.84911690875083,305.02509553553705
2020-07-25 17:00:00,299.82447970115527,299.9682809744484
2020-07-25 18:00:00,299.32507211364845,299.4408539006449
2020-07-25 20:00:00,298.9131347233048,298.7443535897324
2020-07-25 21:00:00,298.48643547728176,298.40454510657923
2020-07-26 05:00:00,306.49696554645374,302.0804986939041
2020-07-26 06:00:00,308.1859510800872,302.98943673296964
2020-07-26 08:00:00,311.3222273252043,304.9688577519727
2020-07-26 09:00:00,310.73626100043487,305.2146218039773
2020-07-26 17:00:00,300.73805112206884,301.24750421227225
2020-07-26 18:00:00,300.066211929674,300.5351501841024
2020-07-26 20:00:00,298.193237657356,299.13238920379314
2020-07-26 21:00:00,297.73607135884384,298.6666135861436
2020-07-27 05:00:00,305.9403592713625,302.99682593676266
2020-07-27 06:00:00,308.249952107622,304.1324674726818
2020-07-27 08:00:00,310.7051020829446,305.8514075844975
2020-07-27 09:00:00,310.520752258771,306.16804664270904
2020-07-27 17:00:00,301.00501165404705,301.7855725633712
2020-07-27 18:00:00,300.5772105071504,301.3109387131796
2020-07-27 20:00:00,300.3706859712057,301.08760364691176
2020-07-27 21:00:00,300.1725271545317,300.8625505679561
2020-07-28 05:00:00,306.02185444177945,303.52556583069503
2020-07-28 06:00:00,307.8840029676816,304.5324620509919
2020-07-28 08:00:00,310.4410870145025,305.92865425192156
2020-07-28 09:00:00,310.54086080354244,306.30801196458344
2020-07-28 17:00:00,301.23229761814304,302.1136270296776
2020-07-28 18:00:00,300.7154694779078,301.63281155955076
2020-07-28 20:00:00,300.06268982968095,301.18707176643454
2020-07-28 21:00:00,299.84141672190236,300.9046440888627
2020-07-29 05:00:00,305.89769971756425,303.88919897329276
2020-07-29 06:00:00,307.03032509167497,304.45746190522226
2020-07-29 08:00:00,311.0491648763648,306.1775784014921
2020-07-29 09:00:00,311.24694459794665,306.3612551461383
2020-07-29 17:00:00,301.5473541118698,302.08180911588744
2020-07-29 18:00:00,300.9280610635578,301.45717993502626
2020-07-29 20:00:00,299.5840431765893,299.3654569323147
2020-07-29 21:00:00,299.2861282042987,299.2117704558997
2020-07-30 05:00:00,305.9563890407192,303.22463441446126
2020-07-30 06:00:00,306.4683382007852,303.6169532811146
2020-07-30 08:00:00,312.60515494559695,306.4784662984369
2020-07-30 09:00:00,312.8349536725296,306.87841888568806
2020-07-30 17:00:00,298.97366236611765,299.5971152565697
2020-07-30 18:00:00,298.814165253485,299.4976701780534
2020-07-30 20:00:00,298.43317240522526,298.4641954042878
2020-07-30 21:00:00,298.320390698355,298.3882514236521
2020-07-31 05:00:00,301.1972297233499,300.82490828738923
2020-07-31 06:00:00,303.4329192362875,301.7349421144083
2020-07-31 08:00:00,308.21363929313577,304.361073310276
2020-07-31 09:00:00,309.2051500458563,304.5198585263386
2020-07-31 17:00:00,299.94165076680474,300.59572066437846
2020-07-31 18:00:00,299.55641193125393,300.26384628131325
2020-07-31 20:00:00,298.4962681092907,298.71386046328786
2020-07-31 21:00:00,298.25049343020964,298.31271256504147
2020-08-01 05:00:00,303.51567862911844,301.45912339691023
2020-08-01 06:00:00,304.833423185422,302.61471096797055
2020-08-01 08:00:00,310.07628143733757,305.4168115507105
2020-08-01 09:00:00,310.48827506654624,306.03605957501475
2020-08-01 17:00:00,299.7464528135232,300.9255396015655
2020-08-01 18:00:00,299.5692666263904,300.6941540781265
2020-08-01 20:00:00,298.9761307162387,299.5055888782848
2020-08-01 21:00:00,298.84862695820345,299.35826202533644
2020-08-02 05:00:00,305.0311890823999,302.95866379936234
2020-08-02 06:00:00,306.8969542939784,303.925998846445
2020-08-02 08:00:00,310.1198053345291,305.91729421277637
2020-08-02 09:00:00,310.26188723148294,306.2201407363492
2020-08-02 17:00:00,300.92537909039,301.6326633682604
2020-08-02 18:00:00,300.49504959271025,301.0982820719526
2020-08-02 20:00:00,300.1363364573803,300.8483617750265
2020-08-02 21:00:00,299.7929426055109,300.4184935441921
2020-08-03 05:00:00,306.2525459136728,304.10979923665616
2020-08-03 06:00:00,308.26535758325605,305.36362662998664
2020-08-03 08:00:00,308.8889797075504,305.6861813255745
2020-08-03 09:00:00,309.3196614975187,306.12725051856376
2020-08-03 17:00:00,301.47647654293866,302.43419533187324
2020-08-03 18:00:00,301.05186102680506,301.9891102560129
2020-08-03 20:00:00,300.2020016333723,300.9215188283583
2020-08-03 21:00:00,299.7162555289012,300.47888096602196
2020-08-04 05:00:00,306.8190496882599,304.046861575087
2020-08-04 06:00:00,308.9659661291561,305.3511198070274
2020-08-04 08:00:00,311.8331181507081,306.8625759835971
2020-08-04 09:00:00,312.17526155774516,307.08614620919957
2020-08-04 17:00:00,301.53140416314307,302.2416253699727
2020-08-04 18:00:00,301.0584857394038,301.8050807958759
2020-08-04 20:00:00,300.2099674971335,300.97324642892613
2020-08-04 21:00:00,299.917992849012,300.81123977449533
2020-08-05 05:00:00,308.4443815257773,305.98767830447537
2020-08-05 06:00:00,310.29177644844236,307.05232269334135
2020-08-05 08:00:00,310.85615374972167,306.7550847269537
2020-08-05 09:00:00,310.3857491938469,306.76682468408427
2020-08-05 17:00:00,301.18700113869596,301.26637641894985
2020-08-05 18:00:00,300.66634579322005,300.72618681403634
2020-08-05 20:00:00,300.3111477985588,300.50062260091397
2020-08-05 21:00:00,299.96979493316036,300.2768124431969
2020-08-06 05:00:00,304.6707374090774,303.34888887331925
2020-08-06 06:00:00,306.8630585045954,304.6491856508887
2020-08-06 08:00:00,305.6422311462496,303.46895877973327
2020-08-06 09:00:00,306.0017660931556,303.57773278564076
2020-08-06 17:00:00,298.9841908365259,299.4820451310309
2020-08-06 18:00:00,298.96028191282863,299.33605315174634
2020-08-06 20:00:00,298.71140142361446,298.72827668035706
2020-08-06 21:00:00,298.3382688031542,298.52094220600804
2020-08-07 05:00:00,301.8217758390312,300.9819417051247
2020-08-07 06:00:00,304.92352767497624,302.34471370185656
2020-08-07 08:00:00,307.94366596145517,303.84225174679045
2020-08-07 09:00:00,308.1951530938523,304.28165587438457
2020-08-07 17:00:00,299.5328566634968,299.7774139545365
2020-08-07 18:00:00,299.26301120940275,299.49557711420516
2020-08-07 20:00:00,299.21904377283414,299.7504820507737
2020-08-07 21:00:00,299.03546958417854,299.3202179143168
2020-08-08 05:00:00,301.27804541918454,300.3750367480544
2020-08-08 06:00:00,300.59663985947435,299.0196272228458
2020-08-08 08:00:00,302.6194291313183,300.9488865598141
2020-08-08 09:00:00,303.72861235020525,301.8384491342977
2020-08-08 17:00:00,298.51005008738656,299.0699157714844
2020-08-08 18:00:00,298.24469196337213,298.77814313186155
2020-08-08 20:00:00,298.4419527685697,298.8569388367546
2020-08-08 21:00:00,298.4044690007238,298.81908615417956
2020-08-09 05:00:00,302.0394790014611,301.2595535772056
2020-08-09 06:00:00,302.72811522873235,301.69731979487676
2020-08-09 08:00:00,306.7465433552747,303.7854005316924
2020-08-09 09:00:00,306.9435703883002,304.0105423890571
2020-08-09 17:00:00,299.50752965988846,300.07722226276604
2020-08-09 18:00:00,299.1827354960155,299.7020685228251
2020-08-09 20:00:00,298.56737293778286,298.73121654822023
2020-08-09 21:00:00,298.4214169777046,298.50596258930506
2020-08-10 05:00:00,299.6345770649256,299.34423115734694
2020-08-10 06:00:00,300.41971274259834,299.71586726442877
2020-08-10 08:00:00,303.6629184199776,301.911024214123
2020-08-10 09:00:00,302.62410245874815,300.8510492028
2020-08-10 17:00:00,298.3505658824198,298.69961806475106
2020-08-10 18:00:00,298.1648706045283,298.5384337156322
2020-08-10 20:00:00,297.9210926637811,298.3188587535511
2020-08-10 21:00:00,297.73143343932827,298.1690586601457
2020-08-11 05:00:00,298.3575960932234,298.28811767766217
2020-08-11 06:00:00,298.6305807904213,298.3623260592092
2020-08-11 08:00:00,299.59140259165247,299.11650419308705
2020-08-11 09:00:00,300.61063089943815,299.9376021327884
2020-08-11 17:00:00,297.931117264993,298.614416231176
2020-08-11 18:00:00,297.9104638474381,298.7069098144907
2020-08-11 20:00:00,297.70092580645405,298.4797302857386
2020-08-11 21:00:00,297.57242794654036,298.30240867391393
2020-08-12 05:00:00,299.8290317811658,300.0089608120441
2020-08-12 06:00:00,301.49780019516203,301.1998611238594
2020-08-12 08:00:00,306.771960759567,303.8679182055551
2020-08-12 09:00:00,307.20107094128434,304.1793174567318
2020-08-12 17:00:00,299.08966781545683,299.31606225717604
2020-08-12 18:00:00,298.9051665319316,299.1052243507515
2020-08-12 20:00:00,298.5065996026038,298.87755531816526
2020-08-12 21:00:00,298.3751233164077,298.6932860904923
2020-08-13 05:00:00,302.3433185218846,301.4248759265306
2020-08-13 06:00:00,304.12875986907443,302.6974450627167
2020-08-13 08:00:00,304.64851435821487,303.45296202014515
2020-08-13 09:00:00,304.1892599332131,303.39957368024875
2020-08-13 17:00:00,299.66406409876373,300.3665237779427
2020-08-13 18:00:00,299.39323201936276,300.13970742717913
2020-08-13 20:00:00,299.0974746022276,299.74268476254036
2020-08-13 21:00:00,298.8419979900719,299.1925477908095
2020-08-14 05:00:00,301.86440962452,301.14198049301365
2020-08-14 06:00:00,303.2971997136144,301.995529715563
2020-08-14 08:00:00,308.3516575794191,304.0663848312684
2020-08-14 09:00:00,307.5725734105279,304.3146656665303
2020-08-14 17:00:00,298.31129302743403,298.77395796812556
2020-08-14 18:00:00,298.2003972269537,298.62631771046506
2020-08-14 20:00:00,298.0746830262829,298.46357113407646
2020-08-14 21:00:00,297.880759217155,298.1365893676946
2020-08-15 05:00:00,298.493917127236,297.95643587509187
2020-08-15 06:00:00,299.13292333194397,298.56815724894517
2020-08-15 08:00:00,300.5076061654348,299.7257519032812
2020-08-15 09:00:00,301.1977365314501,300.4737143024274
2020-08-15 17:00:00,298.60041919584825,298.9288439170238
2020-08-15 18:00:00,298.4943394359712,298.7543241856462
2020-08-15 20:00:00,298.1104331699836,298.3989749432345
2020-08-15 21:00:00,297.92153893046094,298.2497310785373
2020-08-16 05:00:00,298.53524058478644,298.1463768111172
2020-08-16 06:00:00,299.0813914153536,298.4909397589591
2020-08-16 08:00:00,302.37086839484874,300.95176381726844
2020-08-16 09:00:00,303.2654710249468,301.7089914048581
2020-08-16 17:00:00,298.5307107228895,298.94674569763276
2020-08-16 18:00:00,298.37902244250466,298.747165485964
2020-08-16 20:00:00,298.482500073355,299.09345453435725
2020-08-16 21:00:00,298.02589985475703,298.366637901459
2020-08-17 05:00:00,302.86865152085693,300.660440453763
2020-08-17 06:00:00,304.864259129129,301.93484026845687
2020-08-17 08:00:00,308.25852364421075,304.08261009651267
2020-08-17 09:00:00,307.6317409756371,304.37675920436493
2020-08-17 17:00:00,298.6632992078784,298.74681333474274
2020-08-17 18:00:00,298.50647353538193,298.71909190032443
2020-08-17 20:00:00,298.2025143192803,299.0136493277293
2020-08-17 21:00:00,298.10245522144953,298.84243158419804
2020-08-18 05:00:00,303.60256567721376,302.2533215491908
2020-08-18 06:00:00,304.0259302077565,302.51328765445936
2020-08-18 08:00:00,306.767038189575,303.9732427141516
2020-08-18 09:00:00,307.19773624931537,304.0371961784657
2020-08-18 17:00:00,298.9269465841755,299.36644470967207
2020-08-18 18:00:00,299.0715887836757,299.43751991401285
2020-08-18 20:00:00,298.6438923322916,298.9249317657048
2020-08-18 21:00:00,298.4019283535668,298.63941678133875
2020-08-19 05:00:00,300.1262687835929,299.56599306362256
2020-08-19 06:00:00,300.7767924351391,300.29538438794054
2020-08-19 08:00:00,304.3837729337954,303.0450920022691
2020-08-19 09:00:00,305.746364834496,303.5100408474727
2020-08-19 17:00:00,299.07132576353195,299.72391137356755
2020-08-19 18:00:00,298.8643712777019,299.4304670383824
2020-08-19 20:00:00,298.01357331591873,298.0682484254999
2020-08-19 21:00:00,297.81951699749163,297.97600131042196
2020-08-20 05:00:00,300.14000065925495,299.8790699351918
2020-08-20 06:00:00,301.38928530653385,300.35586028253357
2020-08-20 08:00:00,301.9248911618085,300.59036859121454
2020-08-20 09:00:00,303.89394057733807,301.49936811214974
2020-08-20 17:00:00,298.3973413123556,298.7533245586284
2020-08-20 18:00:00,297.9180466897315,298.2982440825053
2020-08-20 20:00:00,297.8107461326846,298.62604533285133
2020-08-20 21:00:00,297.5634329021436,298.1920876525033
2020-08-21 05:00:00,301.2279370606221,300.1745804373766
2020-08-21 06:00:00,305.2374701125229,301.8210914270904
2020-08-21 08:00:00,308.3432963272824,303.9552390123552
2020-08-21 09:00:00,306.45746007134625,303.6328281114575
2020-08-21 17:00:00,298.21346998875975,298.8262180510581
2020-08-21 18:00:00,298.07116092628985,298.6351357858244
2020-08-21 20:00:00,297.64910023458566,298.5179081756639
2020-08-21 21:00:00,297.39219578535796,298.21132270801235
2020-08-22 05:00:00,301.99279272611415,300.98343960566586
2020-08-22 06:00:00,303.0515842290799,301.7775466284142
2020-08-22 08:00:00,304.47384596532225,302.07550822347633
2020-08-22 09:00:00,304.75194047595767,302.717484555002
2020-08-22 17:00:00,298.0307843130432,298.8148795717119
2020-08-22 18:00:00,297.91989180413526,298.72468289462006
2020-08-22 20:00:00,297.9455968448304,298.7096576896397
2020-08-22 21:00:00,297.81914161717395,298.48253275396644
2020-08-23 05:00:00,301.20584966956375,300.72484759079475
2020-08-23 06:00:00,301.55815498340297,300.77601118043685
2020-08-23 08:00:00,303.83262627223974,302.36716831483534
2020-08-23 09:00:00,302.13662983052353,301.06902232118676
2020-08-23 17:00:00,297.896371403534,298.7271616367052
2020-08-23 18:00:00,297.70261069181703,298.4622956968052
2020-08-23 20:00:00,298.1631910562148,298.37770590760124
2020-08-23 21:00:00,297.9107430197976,297.9802255028018
2020-08-24 05:00:00,300.1298851166007,299.4080509603116
2020-08-24 06:00:00,302.61184461972744,300.51371534726655
2020-08-24 08:00:00,302.62650140371454,300.07906617809704
2020-08-24 09:00:00,301.6206180002363,300.0854902223372
2020-08-24 17:00:00,298.1747282289761,298.6319120903779
2020-08-24 18:00:00,298.0983632797453,298.53772546330293
2020-08-24 20:00:00,297.54641220492465,297.8546694621834
2020-08-24 21:00:00,297.40384174458603,297.87961490202025
2020-08-25 05:00:00,297.3659774474628,297.93599020277594
2020-08-25 06:00:00,298.1456876028852,298.4250603251171
2020-08-25 08:00:00,299.18023333674404,299.2780895027431
2020-08-25 09:00:00,299.5974799862995,299.77572389670263
2020-08-25 17:00:00,297.9899145517217,298.7055987812154
2020-08-25 18:00:00,297.5597527831655,298.38090432847406
2020-08-25 20:00:00,297.59465104442535,298.3082375078246
2020-08-25 21:00:00,297.5894685107497,298.13405988837246
2020-08-26 05:00:00,300.092185609697,299.905313500638
2020-08-26 06:00:00,301.74266273251664,301.0256875248279
2020-08-26 08:00:00,303.85770476213406,301.8964041781903
2020-08-26 09:00:00,304.99583378631644,302.5103046905095
2020-08-26 17:00:00,297.9277021175908,298.694789234038
2020-08-26 18:00:00,297.76432948413725,298.5536145649632
2020-08-26 20:00:00,297.2692139894459,297.956513579711
2020-08-26 21:00:00,296.98492358755806,297.59364154269036
2020-08-27 05:00:00,302.0250781372258,300.44547428078204
2020-08-27 06:00:00,302.6796168487502,301.08111736844245
2020-08-27 08:00:00,305.0920252160776,302.22929203638864
2020-08-27 09:00:00,305.00502138769684,302.42715785609926
2020-08-27 17:00:00,297.59106464121487,298.39421972618635
2020-08-27 18:00:00,297.53190013256574,298.27561214782054
2020-08-27 20:00:00,297.1895685181229,297.8855596227896
2020-08-27 21:00:00,296.88413138602664,297.4757842547354
2020-08-28 05:00:00,302.25528069306597,300.1983617185996
2020-08-28 06:00:00,304.30218040337,301.1475786112123
2020-08-28 08:00:00,306.45307635526257,302.90056310339224
2020-08-28 09:00:00,306.9209193154734,303.18623384966503
2020-08-28 17:00:00,298.31625025298086,299.0196716590728
2020-08-28 18:00:00,298.0848358812612,298.7842241707495
2020-08-28 20:00:00,297.6171374916112,298.63579607524196
2020-08-28 21:00:00,297.43637743275417,298.3527933129545
2020-08-29 05:00:00,302.54264330753745,300.8179452011508
2020-08-29 06:00:00,304.7200995916946,301.786077396528
2020-08-29 08:00:00,306.5001504953911,303.60264081910873
2020-08-29 09:00:00,306.643751852685,303.6802470908143
2020-08-29 17:00:00,298.01704665361825,297.873560477846
2020-08-29 18:00:00,297.5012894499651,297.38168779323206
2020-08-29 20:00:00,297.2804916687482,297.39021522275107
2020-08-29 21:00:00,297.0481256799448,297.219795097739
2020-08-30 05:00:00,299.1681591674617,298.87987966199506
2020-08-30 06:00:00,300.5853567961001,299.67688860547923
2020-08-30 08:00:00,299.1897547270741,298.34883785394754
2020-08-30 09:00:00,299.61564678550684,298.96846311595664
2020-08-30 17:00:00,297.25313679793584,297.7419918865562
2020-08-30 18:00:00,297.04226136758626,297.44104873821806
2020-08-30 20:00:00,296.87456360803736,297.2754160171297
2020-08-30 21:00:00,296.77742472268034,297.042463893332
2020-08-31 05:00:00,299.71946730415334,299.42210009652774
2020-08-31 06:00:00,301.1503653974489,300.2676195988119
2020-08-31 08:00:00,303.9417789500373,301.37275590000246
2020-08-31 09:00:00,303.60734917827307,301.2940789503383
2020-08-31 17:00:00,296.9741668230947,297.6692449631419
2020-08-31 18:00:00,297.07024060265496,297.7549299290074
2020-08-31 20:00:00,297.1775502585483,297.4944565454139
2020-08-31 21:00:00,297.01066036841536,297.2409581682532
2020-09-01 05:00:00,300.0463268356441,299.6211401611705
2020-09-01 06:00:00,301.07112349640977,300.44863901006056
2020-09-01 08:00:00,304.08814017320816,301.5609816917102
2020-09-01 09:00:00,304.50357264914015,301.7689448798934
2020-09-01 17:00:00,297.29567465760124,297.94105858942396
2020-09-01 18:00:00,297.25053532722364,297.8929795087394
2020-09-01 20:00:00,296.84772156420036,297.3178439147667
2020-09-01 21:00:00,296.7724210624519,297.19389270376905
2020-09-02 05:00:00,302.2715957712136,300.4215631705403
2020-09-02 06:00:00,303.8818993708018,301.23208592301705
2020-09-02 08:00:00,306.04390017093607,302.44890675596173
2020-09-02 09:00:00,305.9703352447651,302.7037923192758
2020-09-02 17:00:00,297.90599821822485,298.5229099785051
2020-09-02 18:00:00,297.6638396840617,298.2108489096808
2020-09-02 20:00:00,297.21665888758395,297.76423790789164
2020-09-02 21:00:00,297.1844027714663,297.6946858551543
2020-09-03 05:00:00,298.971207158775,298.46645687908534
2020-09-03 06:00:00,300.325411897962,299.35010503877663
2020-09-03 08:00:00,304.46651123705186,301.18429135174154
2020-09-03 09:00:00,304.87638347137874,301.57023573583007
2020-09-03 17:00:00,297.1181804498282,297.3831725039725
2020-09-03 18:00:00,296.79937290373863,296.83608543266683
2020-09-03 20:00:00,296.54446820228236,296.79401507032304
2020-09-03 21:00:00,296.4693373575784,296.7142550993039
2020-09-04 05:00:00,302.89664401626,300.27724185232387
2020-09-04 06:00:00,304.6764647450028,301.36073660593377
2020-09-04 08:00:00,305.7095599064291,301.68820195131934
2020-09-04 09:00:00,304.81150937778375,300.87393886760134
2020-09-04 17:00:00,297.27798085734366,297.7525662273765
2020-09-04 18:00:00,297.12488124477113,297.5536766816361
2020-09-04 20:00:00,296.4452840984327,296.6979939088983
2020-09-04 21:00:00,296.21384788477917,296.4916015530955
2020-09-05 05:00:00,302.5493313123706,300.63126510831717
2020-09-05 06:00:00,304.59613051216115,301.7274125955872
2020-09-05 08:00:00,306.2616214135028,303.138923539219
2020-09-05 09:00:00,306.5374825922844,303.1883491786492
2020-09-05 17:00:00,297.4248536613946,297.9581344910138
2020-09-05 18:00:00,297.03143475125495,297.49532535594125
2020-09-05 20:00:00,296.7337352358872,297.4181205385088
2020-09-05 21:00:00,296.52969186368455,297.103445773132
2020-09-06 05:00:00,299.44419947831403,298.76376422711627
2020-09-06 06:00:00,301.0260302950678,299.78075346630783
2020-09-06 08:00:00,306.6341035252176,303.55768917889003
2020-09-06 09:00:00,306.615579073161,303.19643929926747
2020-09-06 17:00:00,297.7760740494691,298.2852786494698
2020-09-06 18:00:00,297.467563059003,297.9677472930109
2020-09-06 20:00:00,296.8934478054429,297.50030884353333
2020-09-06 21:00:00,296.78377315480094,297.35939797047286
2020-09-07 05:00:00,300.3608884649762,299.30298314733756
2020-09-07 06:00:00,303.0149836136123,300.64335775742734
2020-09-07 08:00:00,304.3944460452981,301.690918062795
2020-09-07 09:00:00,304.68875890887574,302.14028914206204
2020-09-07 17:00:00,297.33647894014376,297.8718040713177
2020-09-07 18:00:00,297.07783726955233,297.67057511104827
2020-09-07 20:00:00,296.8488346564201,297.4782435295211
2020-09-07 21:00:00,296.8530248045371,297.4849089400611
2020-09-08 05:00:00,300.8586457991637,300.12857114442136
2020-09-08 06:00:00,303.537808034747,301.22156659847786
2020-09-08 08:00:00,306.3150523322389,303.37913447352145
2020-09-08 09:00:00,306.4701413711524,303.4538671085023
2020-09-08 17:00:00,297.8465073736864,298.79464674657225
2020-09-08 18:00:00,297.6569691145182,298.60075289075286
2020-09-08 20:00:00,297.255510092149,297.9761735537019
2020-09-08 21:00:00,297.03018110889496,297.718759145869
2020-09-09 05:00:00,302.51719771327885,300.7216558000891
2020-09-09 06:00:00,303.584645510822,301.3483486557595
2020-09-09 08:00:00,308.3314109296754,304.120493719868
2020-09-09 09:00:00,308.01932815998475,304.29905467922407
2020-09-09 17:00:00,298.3934730094827,299.1231053239208
2020-09-09 18:00:00,297.9422861813397,298.6484697103868
2020-09-09 20:00:00,297.60872122319347,298.15016649243285
2020-09-09 21:00:00,297.36530805919864,297.8002941443116
2020-09-10 05:00:00,305.17527538234907,302.43546101198365
2020-09-10 06:00:00,306.4734336488603,303.4027942722127
2020-09-10 08:00:00,308.7086792697525,304.8630131279192
2020-09-10 09:00:00,308.15678396357225,304.95947524248544
2020-09-10 17:00:00,298.3928662081162,299.45952240601525
2020-09-10 18:00:00,297.9661296497692,299.0145390162299
2020-09-10 20:00:00,297.58845898550356,298.5095231536725
2020-09-10 21:00:00,297.2603385231712,298.11328254311775
2020-09-11 05:00:00,305.6831144030179,302.8229167215262
2020-09-11 06:00:00,306.576926562011,303.4447989911989
2020-09-11 08:00:00,308.30142613956116,305.13833477096676
2020-09-11 09:00:00,308.34235747679725,305.40974600252645
2020-09-11 17:00:00,297.7574538831902,299.3284712734134
2020-09-11 18:00:00,297.41921352862573,298.60564367356034
2020-09-11 20:00:00,297.67769339492395,298.5389370440702
2020-09-11 21:00:00,297.5877014536336,298.417103936382
2020-09-12 05:00:00,306.13368946892456,303.4288962530245
2020-09-12 06:00:00,307.4230141896864,304.23490936326317
2020-09-12 08:00:00,308.1243999463568,306.0460565270187
2020-09-12 09:00:00,307.99892866372704,306.32271499516236
2020-09-12 17:00:00,297.34957171000764,299.1103624011776
2020-09-12 18:00:00,296.87987484219263,298.72701770094767
2020-09-12 20:00:00,296.30202868539493,297.77529667412006
2020-09-12 21:00:00,295.99092595786635,297.4316472551672
2020-09-13 05:00:00,306.5083638148609,304.3287795761884
2020-09-13 06:00:00,307.91745460639567,305.1993843396015
2020-09-13 08:00:00,308.9743342700835,306.2780719163422
2020-09-13 09:00:00,308.7809008817276,306.55333957760286
2020-09-13 17:00:00,297.12935975813906,298.733227816495
2020-09-13 18:00:00,296.5755714921996,298.09786519431185
2020-09-13 20:00:00,295.996742589448,297.95962790090977
2020-09-13 21:00:00,295.66568682043135,297.6600734904661
2020-09-14 05:00:00,305.4201852478121,303.258647313287
2020-09-14 06:00:00,307.083020014829,304.3990126552494
2020-09-14 08:00:00,307.80235198833543,305.7360111230695
2020-09-14 09:00:00,308.0130666959083,306.1077999120868
2020-09-14 17:00:00,298.1593271969647,299.4949396306818
2020-09-14 18:00:00,297.79996320022093,299.1278278368464
2020-09-14 20:00:00,297.2941551502387,298.81158282687005
2020-09-14 21:00:00,297.1302209275162,298.6055972859011
2020-09-15 05:00:00,305.13623909737186,303.0236754806824
2020-09-15 06:00:00,306.8379601477107,303.99782401203925
2020-09-15 08:00:00,308.12264403356426,305.2544696966562
2020-09-15 09:00:00,306.8144840657803,305.04589742651706
2020-09-15 17:00:00,299.61229848053495,300.6450489438003
2020-09-15 18:00:00,299.19841109218515,300.1454152252715
2020-09-15 20:00:00,298.56664597051355,299.54483220316416
2020-09-15 21:00:00,298.174329619562,299.08583818855936
2020-09-16 05:00:00,305.0811039905519,302.9212486608003
2020-09-16 06:00:00,306.86443414673414,304.0750358358186
2020-09-16 08:00:00,308.59081283592843,305.8526284992236
2020-09-16 09:00:00,308.39073820657836,306.10808860649496
2020-09-16 17:00:00,299.526398810106,300.49003937284823
2020-09-16 18:00:00,298.9630480562043,299.90734694000383
2020-09-16 20:00:00,298.63865656918847,299.8059041121708
2020-09-16 21:00:00,298.400981908954,299.4515587052873
2020-09-17 05:00:00,305.2474314215004,302.91392474769634
2020-09-17 06:00:00,307.0886100686754,303.99206404252493
2020-09-17 08:00:00,308.20975001824473,305.16325989709986
2020-09-17 09:00:00,308.3944187252474,305.445217326536
2020-09-17 17:00:00,299.40250186302995,300.30905560462617
2020-09-17 18:00:00,298.94868328170895,299.8652591558377
2020-09-17 20:00:00,298.25661671878015,299.2444729327421
2020-09-17 21:00:00,297.9674458790266,298.8627620279697
2020-09-18 05:00:00,305.14631650480914,302.8367026730201
2020-09-18 06:00:00,306.76654473585415,303.86027491588624
2020-09-18 08:00:00,307.25127562536113,304.564407983436
2020-09-18 09:00:00,307.6111410696444,304.82804988161627
2020-09-18 17:00:00,299.112213581479,300.0495079052283
2020-09-18 18:00:00,298.8153821948129,299.7283025662227
2020-09-18 20:00:00,298.09896533184315,298.9874871111431
2020-09-18 21:00:00,297.7980658908838,298.6133696287182
2020-09-19 05:00:00,305.4786148894182,302.8697419952722
2020-09-19 06:00:00,307.39150281532886,303.9327928634197
2020-09-19 08:00:00,309.5457064212747,305.2330790844464
2020-09-19 09:00:00,309.157980544174,305.4011379294844
2020-09-19 17:00:00,299.2297171194491,300.24951573917053
2020-09-19 18:00:00,298.82358161914516,299.8259072090701
2020-09-19 20:00:00,298.60700890022366,299.37241562195294
2020-09-19 21:00:00,298.34643399513374,299.0381572940868
2020-09-20 05:00:00,306.03614184081283,303.57384024268856
2020-09-20 06:00:00,307.34114577847384,304.54801327274834
2020-09-20 08:00:00,309.9297807220318,306.2505517145519
2020-09-20 09:00:00,309.7796766284067,306.61815275359777
2020-09-20 17:00:00,299.032099155138,300.2268242740484
2020-09-20 18:00:00,298.5255607522691,299.7169526839293
2020-09-20 20:00:00,297.6911828462809,299.06142643015994
2020-09-20 21:00:00,297.51047312496985,298.7190164527834
2020-09-21 05:00:00,306.88990515663374,303.935696547498
2020-09-21 06:00:00,308.94792993483816,305.3642942784196
2020-09-21 08:00:00,309.7843495796568,306.4187137033613
2020-09-21 09:00:00,309.434235465545,306.69998996540653
2020-09-21 17:00:00,296.2367021416663,299.6477173509877
2020-09-21 18:00:00,295.61201596958057,299.55865753597027
2020-09-21 20:00:00,294.7672494379875,297.3644634417283
2020-09-21 21:00:00,294.47387394368747,296.72137895534144
2020-09-22 05:00:00,306.69141186918426,304.1873879689832
2020-09-22 06:00:00,308.5949228812807,305.4363354652064
2020-09-22 08:00:00,309.7199441354337,306.89125688785026
2020-09-22 09:00:00,309.2640142455491,306.98600150697587
2020-09-22 17:00:00,298.97744591100195,300.00781174764063
2020-09-22 18:00:00,298.5126692385446,299.4308745350419
2020-09-22 20:00:00,297.5728782571519,299.6201123441864
2020-09-22 21:00:00,297.0244725114208,299.1342817403502
2020-09-23 05:00:00,307.4497166238324,304.0851537766185
2020-09-23 06:00:00,308.8013887802147,304.74228777540117
2020-09-23 08:00:00,310.8224655880216,306.1984036861473
2020-09-23 09:00:00,310.6629005749531,306.5364291715696
2020-09-23 17:00:00,299.57968983701636,300.63476882252746
2020-09-23 18:00:00,299.21493878239664,300.1872534377182
2020-09-23 20:00:00,298.45086660517387,299.33156361161105
2020-09-23 21:00:00,298.2579150324794,299.1318082177584
2020-09-24 05:00:00,305.501750058496,303.1631536263347
2020-09-24 06:00:00,307.5646083226373,304.63496657549325
2020-09-24 08:00:00,309.5530917222033,306.28590353097314
2020-09-24 09:00:00,308.84925999810406,306.43517835996187
2020-09-24 17:00:00,299.08166402807956,300.24417215356107
2020-09-24 18:00:00,298.6715399649551,299.80398505494486
2020-09-24 20:00:00,298.3146175155287,299.42359385909214
2020-09-24 21:00:00,298.15382822562805,299.13849655174874
2020-09-25 05:00:00,304.54110844734083,302.76215845704627
2020-09-25 06:00:00,306.76175770811017,304.2793663977107
2020-09-25 08:00:00,309.4302727415676,306.2617043611265
2020-09-25 09:00:00,309.320921887602,306.5211428978778
2020-09-25 17:00:00,299.21138456606167,300.1289252235636
2020-09-25 18:00:00,298.80714390641555,299.638337639337
2020-09-25 20:00:00,297.9105998599107,298.67093913544124
2020-09-25 21:00:00,297.5131797379081,298.2666482087827
2020-09-26 05:00:00,304.747310385682,301.70808384782174
2020-09-26 06:00:00,307.0334017243701,303.0203727639879
2020-09-26 08:00:00,309.2777696559536,304.39068558844286
2020-09-26 09:00:00,309.09685106086437,304.2261408495793
2020-09-26 17:00:00,296.1153414216358,296.7431879969334
2020-09-26 18:00:00,295.5113088081725,296.39278137959394
2020-09-26 20:00:00,295.0715269491375,296.2054388813319
2020-09-26 21:00:00,295.1553822709893,296.2393408071462
2020-09-27 05:00:00,303.6753299989392,301.01285899769175
2020-09-27 06:00:00,305.42746338454896,302.2732961269667
2020-09-27 08:00:00,308.35591181915237,304.1889244044323
2020-09-27 09:00:00,308.94340961850116,304.68053884168245
2020-09-27 17:00:00,297.5199938804967,298.4413020717345
2020-09-27 18:00:00,296.99118768489234,297.9879931668839
2020-09-27 20:00:00,296.03045390971084,296.96265532459796
2020-09-27 21:00:00,295.6137204868217,296.5252949342889
2020-09-28 05:00:00,304.58796734214746,301.8663878830262
2020-09-28 06:00:00,307.05655979338707,303.3408525699092
2020-09-28 08:00:00,309.67905074532484,305.31078107037416
2020-09-28 09:00:00,309.4294027789899,305.5101379253464
2020-09-28 17:00:00,297.5251924723433,298.6678587409491
2020-09-28 18:00:00,297.0189685792144,298.08023927097884
2020-09-28 20:00:00,296.30981311298484,297.4738689593064
2020-09-28 21:00:00,296.04456850119476,297.13397343757526
2020-09-29 05:00:00,304.51140499261936,302.2270674036905
2020-09-29 06:00:00,306.7012124553851,303.5894730484174
2020-09-29 08:00:00,309.45779846849723,305.3929451823418
2020-09-29 09:00:00,309.6839657447004,305.7934766631281
2020-09-29 17:00:00,297.6553235869562,298.8783346684578
2020-09-29 18:00:00,297.1566244163572,298.4457244402822
2020-09-29 20:00:00,296.7989839339293,298.0227884724622
2020-09-29 21:00:00,296.2889168244114,297.3800488253036
2020-09-30 05:00:00,305.15097591359006,302.6521945477267
2020-09-30 06:00:00,307.54706160864225,304.2358941546941
2020-09-30 08:00:00,309.647345732467,305.96723399581083
2020-09-30 09:00:00,308.40677874407896,305.9506724729377
2020-09-30 17:00:00,297.1110386547212,298.6040614852553
2020-09-30 18:00:00,296.5102438904656,298.0637071606559
2020-09-30 20:00:00,295.7290049642554,297.4512508727369
2020-09-30 21:00:00,295.5418438786534,297.1837824511418
2020-10-01 05:00:00,305.22321743957804,302.96730704520627
2020-10-01 06:00:00,307.6210785852559,304.52750002915394
2020-10-01 08:00:00,309.8861060473144,306.337838665179
2020-10-01 09:00:00,309.8146322805819,306.69046730546995
2020-10-01 17:00:00,297.84379370737884,299.3515801804459
2020-10-01 18:00:00,297.29447201110185,298.85202738757494
2020-10-01 20:00:00,295.93256141885956,297.49277857235296
2020-10-01 21:00:00,295.45471835613984,296.9918062653858
2020-10-02 05:00:00,305.2679959195788,302.99935503990514
2020-10-02 06:00:00,307.89724912481796,304.569570720655
2020-10-02 08:00:00,310.43110381656874,306.56266918681985
2020-10-02 09:00:00,310.31465830751483,306.81371684728316
2020-10-02 17:00:00,297.44165615087667,299.00472528725084
2020-10-02 18:00:00,296.8417768199198,298.47503784367785
2020-10-02 20:00:00,296.1478510123372,297.8679851420304
2020-10-02 21:00:00,295.91841903710036,297.60593201529997
2020-10-03 05:00:00,305.91748705189474,303.50475655718833
2020-10-03 06:00:00,308.58265053583034,305.146432720825
2020-10-03 08:00:00,310.8211867416217,306.9479398095553
2020-10-03 09:00:00,310.56240729521534,307.08972783963014
2020-10-03 17:00:00,298.1409333968199,299.6979808836762
2020-10-03 18:00:00,297.68068385895674,299.2604164629027
2020-10-03 20:00:00,296.4312609891495,298.1344096649593
2020-10-03 21:00:00,296.01930716445526,297.6465396734159
2020-10-04 05:00:00,305.6413222255619,303.14082543324616
2020-10-04 06:00:00,308.35972813869296,304.9868394707679
2020-10-04 08:00:00,311.1573613758999,307.4552470531963
2020-10-04 09:00:00,311.1082027770338,307.76856968766555
2020-10-04 17:00:00,296.7631222059253,298.65749992758543
2020-10-04 18:00:00,296.4397169445255,298.34033748585574
2020-10-04 20:00:00,295.6473891106886,297.34103842619203
2020-10-04 21:00:00,295.29654654809985,296.95536409210536
2020-10-05 05:00:00,305.9856725143174,303.454547029798
2020-10-05 06:00:00,309.0248362301678,305.3442357890595
2020-10-05 08:00:00,312.0620128237779,307.2786182938445
2020-10-05 09:00:00,311.67796337439216,307.59443786809186
2020-10-05 17:00:00,295.1753989103579,297.15292518274816
2020-10-05 18:00:00,294.3293590810156,296.505341704711
2020-10-05 20:00:00,293.32275256610984,295.5983124014409
2020-10-05 21:00:00,293.0189466902582,295.2902422700715
2020-10-06 05:00:00,306.730027749836,303.906320157514
2020-10-06 06:00:00,309.84689669616415,305.63198408176794
2020-10-06 08:00:00,312.516903564265,307.02617945031875
2020-10-06 09:00:00,312.2954998280859,307.24397813888106
2020-10-06 17:00:00,295.8402274768048,297.69295371221654
2020-10-06 18:00:00,294.98789239774686,296.9476306603759
2020-10-06 20:00:00,293.6956119390408,295.96117178941915
2020-10-06 21:00:00,293.088215808839,295.4060845279547
2020-10-07 05:00:00,306.9665863789469,304.45513325883724
2020-10-07 06:00:00,309.5383158068077,305.79402372245613
2020-10-07 08:00:00,312.6440223964227,306.67165114956754
2020-10-07 09:00:00,312.4586312127958,306.86226163843565
2020-10-07 17:00:00,296.28372284076613,298.0256194598134
2020-10-07 18:00:00,295.5529822539108,297.41155389865116
2020-10-07 20:00:00,294.3853042202848,296.47453877077265
2020-10-07 21:00:00,293.7660532805879,295.95289092218195
2020-10-08 05:00:00,308.28014429030696,304.6321088088496
2020-10-08 06:00:00,311.2642714113961,305.899064779649
2020-10-08 08:00:00,313.0355960040688,306.54689265693463
2020-10-08 09:00:00,312.7634486123484,306.64800336511547
2020-10-08 17:00:00,293.76028082660974,296.211373210137
2020-10-08 18:00:00,292.8851874870218,295.35397320058206
2020-10-08 20:00:00,291.718916553562,294.12522208709015
2020-10-08 21:00:00,291.18505574889105,293.61255896146565
2020-10-09 05:00:00,307.63560257780904,304.25603500389724
2020-10-09 06:00:00,310.49828800618747,305.7041746354066
2020-10-09 08:00:00,312.8415026789637,306.82766568458686
2020-10-09 09:00:00,312.5488964016155,306.9733475507316
2020-10-09 17:00:00,293.90134499289775,297.68680865224593
2020-10-09 18:00:00,293.0527295316864,296.01739494899755
2020-10-09 20:00:00,291.8989535009916,294.7470031174012
2020-10-09 21:00:00,291.45921175211714,295.5790059423226
2020-10-10 05:00:00,309.353350693713,305.00783326041716
2020-10-10 06:00:00,311.455470527449,305.9899714959237
2020-10-10 08:00:00,313.1266284348968,307.0021678530747
2020-10-10 09:00:00,312.5825654016621,307.19197376409926
2020-10-10 17:00:00,293.68640531707433,299.1949283735043
2020-10-10 18:00:00,292.7079640110762,298.5390873278602
2020-10-10 20:00:00,291.2756769212626,294.73621129769214
2020-10-10 21:00:00,290.74538352272725,293.9140598902533
2020-10-11 05:00:00,308.23974127394763,304.30688819826474
2020-10-11 06:00:00,310.93821878536096,305.64164362409264
2020-10-11 08:00:00,312.8187524592748,306.88926377024603
2020-10-11 09:00:00,312.3077956612562,307.0591275019712
2020-10-11 17:00:00,292.76536042811506,298.84774883722855
2020-10-11 18:00:00,291.9251704517241,298.2519380307896
2020-10-11 20:00:00,290.5727230360034,296.5454735425294
2020-10-11 21:00:00,290.0753469129189,296.2772494464516
2020-10-12 05:00:00,309.5951371156196,304.7477493403689
2020-10-12 06:00:00,311.6856313508538,305.702444937637
2020-10-12 08:00:00,313.8425846658246,306.56375049185505
2020-10-12 09:00:00,313.2966426620131,306.7313187280311
2020-10-12 17:00:00,292.4679864492549,295.9629714331017
2020-10-12 18:00:00,291.56050570683414,295.41100049129074
2020-10-12 20:00:00,290.2691785109981,296.7801877625734
2020-10-12 21:00:00,289.69217680709204,296.4234843672883
2020-10-13 05:00:00,307.4051393764596,304.19600015649075
2020-10-13 06:00:00,310.3741424748636,305.5141930249512
2020-10-13 08:00:00,313.35701228584094,306.63125492795405
2020-10-13 09:00:00,313.258952771203,306.83144857115667
2020-10-13 17:00:00,293.78876080388096,295.94225789732855
2020-10-13 18:00:00,292.802024829553,295.10105465740565
2020-10-13 20:00:00,290.91152023056804,296.2046544291022
2020-10-13 21:00:00,290.2902069091797,296.5262836991179
2020-10-14 05:00:00,307.14906637841267,304.31046954656046
2020-10-14 06:00:00,310.1134659542325,305.60547041929743
2020-10-14 08:00:00,312.6460357101746,306.37375724334015
2020-10-14 09:00:00,312.31077373487005,306.4920845443185
2020-10-14 17:00:00,298.16432594334583,299.3270993695605
2020-10-14 18:00:00,297.4279421202391,298.66782182831605
2020-10-14 20:00:00,296.3759716486527,297.7661505465515
2020-10-14 21:00:00,295.9856125606778,297.38677644656144
2020-10-15 05:00:00,307.21998734907675,303.69711226123883
2020-10-15 06:00:00,309.60361738160873,304.8593803370495
2020-10-15 08:00:00,310.5290738709719,305.38989768006223
2020-10-15 09:00:00,310.22794432559255,305.31236252983103
2020-10-15 17:00:00,297.8538711853498,299.0132212587424
2020-10-15 18:00:00,297.03629217162523,298.2588844710763
2020-10-15 20:00:00,296.38588694615066,297.8468541643469
2020-10-15 21:00:00,296.1874014174075,297.5742506312296
2020-10-16 05:00:00,306.8922547750371,303.7519390182613
2020-10-16 06:00:00,309.4781571022352,304.8664667396957
2020-10-16 08:00:00,312.3035031687497,306.3690228102203
2020-10-16 09:00:00,310.94970938237316,306.1938071463986
2020-10-16 17:00:00,299.25769202845123,300.4408454601129
2020-10-16 18:00:00,298.57033563505155,299.81372430034344
2020-10-16 20:00:00,297.60533654634685,298.92123281423045
2020-10-16 21:00:00,297.1718271781557,298.44299537411825
2020-10-17 05:00:00,306.92677495218754,303.53247611070816
2020-10-17 06:00:00,309.7766109049229,304.7628143498637
2020-10-17 08:00:00,312.5278950648609,306.1184220512402
2020-10-17 09:00:00,311.92065808218325,306.20189503344994
2020-10-17 17:00:00,299.2851415789917,300.3116223022273
2020-10-17 18:00:00,298.70159025735956,299.8051519878841
2020-10-17 20:00:00,298.00127823510786,299.2662159547968
2020-10-17 21:00:00,297.71986236337153,298.9198528225139
2020-10-18 05:00:00,308.11960377274386,303.9939031850759
2020-10-18 06:00:00,310.45950667700157,305.0323853103332
2020-10-18 08:00:00,312.3731237567261,305.8031923032505
2020-10-18 09:00:00,311.16089708889575,305.6087832693326
2020-10-18 17:00:00,299.62698519431945,300.0997678406985
2020-10-18 18:00:00,299.0487908596985,299.5328980667749
2020-10-18 20:00:00,298.7187619437055,299.31878953648646
2020-10-18 21:00:00,298.51067106602557,299.1767061348138
2020-10-19 05:00:00,304.7905192323753,301.11309927307036
2020-10-19 06:00:00,307.89070380964705,302.64568922516014
2020-10-19 08:00:00,309.6961714593214,303.66484587071307
2020-10-19 09:00:00,310.5321427449607,304.12473239516623
2020-10-19 17:00:00,298.00119700380395,298.8170177301016
2020-10-19 18:00:00,297.9010330223707,298.65506049627885
2020-10-19 20:00:00,296.1264491617588,297.1069809688809
2020-10-19 21:00:00,295.7831131945406,296.7900258726993
2020-10-20 05:00:00,308.17196810447564,302.8587627675391
2020-10-20 06:00:00,311.2535142942643,304.1137287627751
2020-10-20 08:00:00,312.7845155924605,305.2620092077505
2020-10-20 09:00:00,312.04906913863124,305.3630895394206
2020-10-20 17:00:00,297.5120792947307,298.6908548410942
2020-10-20 18:00:00,296.9992248582179,298.23428589243366
2020-10-20 20:00:00,296.60033601311216,297.8835635192589
2020-10-20 21:00:00,296.1616444874251,297.4702096007455
2020-10-21 05:00:00,307.65091285646787,303.26847383237583
2020-10-21 06:00:00,310.12702492830016,304.0077102966779
2020-10-21 08:00:00,311.9032894422534,304.4982727238871
2020-10-21 09:00:00,310.08920607838684,303.9947930616664
2020-10-21 17:00:00,297.71489568630983,298.3465336122204
2020-10-21 18:00:00,297.2185104440651,297.842085757498
2020-10-21 20:00:00,296.21536934357397,297.0163820146229
2020-10-21 21:00:00,295.4622979068609,296.3278973407481
2020-10-22 05:00:00,306.9743081020831,303.0271105656088
2020-10-22 06:00:00,310.3135064922974,304.7623314526856
2020-10-22 08:00:00,312.41981579232475,305.93976852816684
2020-10-22 09:00:00,312.1434036513507,306.1428888964543
2020-10-22 17:00:00,293.0476828459048,295.1452604743476
2020-10-22 18:00:00,292.2685590841003,294.4294967298699
2020-10-22 20:00:00,290.7752534134546,292.6200449845089
2020-10-22 21:00:00,290.0516454288148,291.8932568237117
2020-10-23 05:00:00,307.82502408020304,302.5618242637035
2020-10-23 06:00:00,311.3419818848785,304.4954005448586
2020-10-23 08:00:00,314.08781875116614,305.7564427826915
2020-10-23 09:00:00,313.4519308175438,305.8758441942682
2020-10-23 17:00:00,293.4469647047516,295.22354488049524
2020-10-23 18:00:00,292.2085714237349,294.1925892881326
2020-10-23 20:00:00,290.34388354379337,292.81209565384546
2020-10-23 21:00:00,289.65388620432424,292.27562042377394
2020-10-24 05:00:00,307.6992935157153,302.54091137620077
2020-10-24 06:00:00,310.8004149685288,304.2472324224393
2020-10-24 08:00:00,313.66954588339036,305.22503861954846
2020-10-24 09:00:00,313.1710399280895,305.3280384081354
2020-10-24 17:00:00,292.44034295456805,296.46650329025573
2020-10-24 18:00:00,291.3746834918053,294.7594936940997
2020-10-24 20:00:00,289.8419331931186,293.7556132829428
2020-10-24 21:00:00,289.2405794258295,293.2632821528313
2020-10-25 05:00:00,306.2048004573593,301.1592397116733
2020-10-25 06:00:00,309.4880601503816,302.7113316657914
2020-10-25 08:00:00,312.66289596675176,304.2573912492702
2020-10-25 09:00:00,311.7688478020197,304.4231166986545
2020-10-25 17:00:00,295.01245232392534,296.47821675022874
2020-10-25 18:00:00,294.1428167639969,295.7125072508637
2020-10-25 20:00:00,292.38782222612616,294.01554228748864
2020-10-25 21:00:00,291.66483968725925,293.37887970582
2020-10-26 05:00:00,305.34100553397957,302.12814458015333
2020-10-26 06:00:00,308.37293893493745,303.60276218408427
2020-10-26 08:00:00,311.42072704062446,304.75814017602954
2020-10-26 09:00:00,311.0383634170509,304.84725204491286
2020-10-26 17:00:00,293.0623463070815,295.08208953434223
2020-10-26 18:00:00,292.25313613962135,294.3477160860835
2020-10-26 20:00:00,291.04123712430936,293.21714782714844
2020-10-26 21:00:00,290.46848672123275,292.6020527326822
2020-10-27 05:00:00,305.12890855410063,300.689191492019
2020-10-27 06:00:00,308.1943552872433,301.7799890926696
2020-10-27 08:00:00,311.06268350515967,303.07097596343385
2020-10-27 09:00:00,310.55503438470544,303.3010660885663
2020-10-27 17:00:00,290.7969605808817,292.80612062709906
2020-10-27 18:00:00,289.37417423853714,291.8626630927088
2020-10-27 20:00:00,287.43192123154466,290.2965314538894
2020-10-27 21:00:00,286.7306297784226,289.6615326209869
2020-10-28 05:00:00,305.533928940219,300.91290783992355
2020-10-28 06:00:00,308.79001327067937,301.8157340638994
2020-10-28 08:00:00,311.7229173892452,302.8422675463378
2020-10-28 09:00:00,311.19733947377733,303.05199492326693
2020-10-28 17:00:00,289.17493905418644,292.3410142331351
2020-10-28 18:00:00,288.30229288110013,291.4216847941394
2020-10-28 20:00:00,287.0036304632578,291.83073392377247
2020-10-28 21:00:00,286.4749808759645,291.63376595095974
2020-10-29 05:00:00,306.1377661048172,300.85061351617423
2020-10-29 06:00:00,309.087285916133,301.9727946841294
2020-10-29 08:00:00,311.22451410749113,302.7655144266796
2020-10-29 09:00:00,310.6524996764855,302.91070394413134
2020-10-29 17:00:00,290.84571469252575,292.7339916258637
2020-10-29 18:00:00,289.7079736271698,291.8229550918556
2020-10-29 20:00:00,287.83936856450583,292.0930881118187
2020-10-29 21:00:00,287.0575168650764,292.165053098705
2020-10-30 05:00:00,305.8062696647938,300.79428415636437
2020-10-30 06:00:00,309.1630446752892,301.9143892590916
2020-10-30 08:00:00,311.3426311475287,302.822263791124
2020-10-30 09:00:00,310.5364855279908,302.9523629774849
2020-10-30 17:00:00,289.7868129453968,291.7261270249753
2020-10-30 18:00:00,288.7366261298557,290.8058212350807
2020-10-30 20:00:00,287.55836783057924,289.7742986693772
2020-10-30 21:00:00,287.0643228257566,289.4411653774361
2020-10-31 05:00:00,305.94197007283594,300.1764381067779
2020-10-31 06:00:00,308.7795205138314,301.2617437424388
2020-10-31 08:00:00,310.90981446723174,302.64096600689766
2020-10-31 09:00:00,309.91333837758964,302.70023758569374
2020-10-31 17:00:00,290.5721569325781,292.5403085482323
2020-10-31 18:00:00,289.5048678358457,291.60027072242303
2020-10-31 20:00:00,287.8265780315193,290.02937834141625
2020-10-31 21:00:00,287.03871324066023,289.3578790744023
2020-11-01 05:00:00,304.42471252347366,299.82455900453823
2020-11-01 06:00:00,307.6984496506043,300.8836323131215
2020-11-01 08:00:00,309.6715233660259,301.8559533399867
2020-11-01 09:00:00,308.7146596805707,301.9046836347536
2020-11-01 17:00:00,288.0915693333042,292.10048831886803
2020-11-01 18:00:00,286.9199294691276,292.22227219403806
2020-11-01 20:00:00,285.43747773486405,292.42304795181445
2020-11-01 21:00:00,284.88168151573336,292.1220205627347
2020-11-02 05:00:00,304.78682580604027,300.27191282016656
2020-11-02 06:00:00,307.7413906338402,301.21682038623123
2020-11-02 08:00:00,310.0390225779294,302.28334637893187
2020-11-02 09:00:00,309.3700098352183,302.3671758149181
2020-11-02 17:00:00,289.1271580959138,291.4426201583792
2020-11-02 18:00:00,288.1925176729223,290.6503649507355
2020-11-02 20:00:00,286.85975442424945,289.3963588720478
2020-11-02 21:00:00,286.22581594787505,288.85389754144
2020-11-03 05:00:00,303.579371941659,300.2277069326909
2020-11-03 06:00:00,306.46984045090403,301.46277179923743
2020-11-03 08:00:00,308.9873480657216,302.69766343503227
2020-11-03 09:00:00,308.4413675505134,302.68708540294864
2020-11-03 17:00:00,289.9979151650827,291.91167187800943
2020-11-03 18:00:00,289.1385841075739,291.1651995266531
2020-11-03 20:00:00,287.6885802705409,289.8976265035903
2020-11-03 21:00:00,286.95912358500004,289.2200690506052
2020-11-04 05:00:00,303.8317662078905,300.03493228201137
2020-11-04 06:00:00,307.22354706703976,301.4869127082531
2020-11-04 08:00:00,310.47737159200005,302.9282972573867
2020-11-04 09:00:00,309.95668290759824,303.067283877239
2020-11-04 17:00:00,290.71785342270863,292.6970094466246
2020-11-04 18:00:00,289.66123259416537,291.7025551347777
2020-11-04 20:00:00,287.1346688762835,290.1126546286655
2020-11-04 21:00:00,286.1362090735296,289.758812855866
2020-11-05 05:00:00,305.1951715501688,300.2863195622096
2020-11-05 06:00:00,308.2786409351601,301.7312488056295
2020-11-05 08:00:00,310.21527781435077,302.9243800276417
2020-11-05 09:00:00,309.7075996340148,303.0303870672805
2020-11-05 17:00:00,289.0768171407409,292.25353771145063
2020-11-05 18:00:00,288.1398335414234,292.2078897390968
2020-11-05 20:00:00,286.65915316683123,292.5859123429826
2020-11-05 21:00:00,286.0482072639172,292.3481258398212
2020-11-06 05:00:00,305.5882219452704,300.43373364182577
2020-11-06 06:00:00,308.56923460409337,301.7069691098159
2020-11-06 08:00:00,310.7948168973526,302.6795739407532
2020-11-06 09:00:00,310.40035594593394,302.79588567090144
2020-11-06 17:00:00,290.7579733403328,292.59606493933734
2020-11-06 18:00:00,289.99458312988287,291.94774593594263
2020-11-06 20:00:00,288.59661750029346,290.48500453672716
2020-11-06 21:00:00,287.7973555930774,289.7668930312334
2020-11-07 05:00:00,304.6729327232702,300.31384754621746
2020-11-07 06:00:00,308.1939903224011,301.49745850643876
2020-11-07 08:00:00,311.5036808713375,302.43181724136895
2020-11-07 09:00:00,310.9579177644845,302.61191602333673
2020-11-07 17:00:00,289.3211700016251,291.48976659554364
2020-11-07 18:00:00,288.6463872265926,290.8791525536583
2020-11-07 20:00:00,287.5132542685111,289.6200579862198
2020-11-07 21:00:00,286.8948738086389,288.98721760189954
2020-11-08 05:00:00,304.6497784630727,300.2521832294199
2020-11-08 06:00:00,307.83460250878005,301.30421591172416
2020-11-08 08:00:00,310.767374141558,302.4037641810342
2020-11-08 09:00:00,310.3882417370248,302.5633153459875
2020-11-08 17:00:00,290.7799842963785,292.49424849452885
2020-11-08 18:00:00,289.8642031723987,291.69161716925527
2020-11-08 20:00:00,287.9245302644092,289.76357719527186
2020-11-08 21:00:00,287.0314386541193,289.0162971390781
2020-11-09 05:00:00,304.4584155207607,299.8502797272246
2020-11-09 06:00:00,307.8243282182926,300.9717590614166
2020-11-09 08:00:00,311.16731678355825,302.17004295784085
2020-11-09 09:00:00,310.72086020353584,302.3779192250021
2020-11-09 17:00:00,288.5022916161959,293.9105570459587
2020-11-09 18:00:00,287.5059466486903,292.5676863424951
2020-11-09 20:00:00,286.0084937144134,289.9992612300926
2020-11-09 21:00:00,285.4247201411125,288.8094889871512
2020-11-10 05:00:00,302.63099002691195,298.44542622382545
2020-11-10 06:00:00,306.40127589338914,300.01794837986927
2020-11-10 08:00:00,310.51655268265034,301.53650386675116
2020-11-10 09:00:00,310.03047126099955,301.9075368402185
2020-11-10 17:00:00,290.1065723201711,291.4582676351162
2020-11-10 18:00:00,289.2622156363606,290.65489572957046
2020-11-10 20:00:00,287.87377758055516,289.26177000448405
2020-11-10 21:00:00,287.2725025053568,288.6900353101075
2020-11-11 05:00:00,301.8152458296718,297.02741324919947
2020-11-11 06:00:00,305.1715213675712,298.24666624848027
2020-11-11 08:00:00,307.9326824076554,299.57512658917113
2020-11-11 09:00:00,307.396058022333,299.78042938749667
2020-11-11 17:00:00,290.5039042985679,291.6228260575164
2020-11-11 18:00:00,289.84072915945654,290.9990169013777
2020-11-11 20:00:00,288.6117431217423,289.8710222053234
2020-11-11 21:00:00,288.01792547993006,289.3304498140544
2020-11-12 05:00:00,301.06136005795423,296.58675949966596
2020-11-12 06:00:00,303.9107679887251,297.5686428499148
2020-11-12 08:00:00,307.23957641319436,299.30870267753426
2020-11-12 09:00:00,307.12233923396275,299.5171579792981
2020-11-12 17:00:00,290.2313275212316,291.47465108392424
2020-11-12 18:00:00,289.49871231337727,290.8467826431816
2020-11-12 20:00:00,288.4351584224378,289.88373780801595
2020-11-12 21:00:00,287.75881755811224,289.1433143556945
2020-11-13 05:00:00,301.25615857892853,296.97733634866444
2020-11-13 06:00:00,304.41840072185124,298.2952503269002
2020-11-13 08:00:00,308.2459904886725,299.77134535308977
2020-11-13 09:00:00,308.3776731799674,300.0607209756672
2020-11-13 17:00:00,290.46321115361525,291.61265533400245
2020-11-13 18:00:00,289.66470969366185,290.9648131853994
2020-11-13 20:00:00,288.456816498414,289.7639695271872
2020-11-13 21:00:00,287.797486926815,289.1698184020714
2020-11-14 05:00:00,301.54945801439567,297.4890285779956
2020-11-14 06:00:00,304.8041185517157,299.02588993301737
2020-11-14 08:00:00,308.40971129994915,300.78145694585726
2020-11-14 09:00:00,308.46879911496205,301.1280396260172
2020-11-14 17:00:00,292.7069431299054,293.7354674728699
2020-11-14 18:00:00,292.2530792189306,293.28032951178653
2020-11-14 20:00:00,291.9438262610296,292.7674335544392
2020-11-14 21:00:00,292.31358628941615,293.09784304673207
2020-11-15 05:00:00,301.3839226298046,298.2943813988167
2020-11-15 06:00:00,303.71533750936686,299.47576739718255
2020-11-15 08:00:00,304.53192677079073,299.1442458706755
2020-11-15 09:00:00,302.86019462503157,299.26905552374745
2020-11-15 17:00:00,290.4391656296646,291.97977925963323
2020-11-15 18:00:00,289.9998059147863,291.3085222053234
2020-11-15 20:00:00,289.5485581455319,290.6033861251384
2020-11-15 21:00:00,289.2470733219376,290.25591961077436
2020-11-16 05:00:00,301.9741385390836,296.80916968112
2020-11-16 06:00:00,305.1739605402542,298.6306618571465
2020-11-16 08:00:00,307.05674101795734,298.9946920574171
2020-11-16 09:00:00,306.8342513450305,299.32335534705584
2020-11-16 17:00:00,291.16990318357114,291.9367690358213
2020-11-16 18:00:00,290.4616668889262,291.2205728257566
2020-11-16 20:00:00,289.1602149810556,289.9666140751773
2020-11-16 21:00:00,288.6287395083482,289.40343112093274
2020-11-17 05:00:00,298.9235322831776,295.0370024459204
2020-11-17 06:00:00,302.5481665659759,296.6102493356667
2020-11-17 08:00:00,304.5883729343973,297.20032746913074
2020-11-17 09:00:00,303.5747244060499,297.3134765625
2020-11-17 17:00:00,289.8618360146168,290.38789200746044
2020-11-17 18:00:00,289.00408312499246,289.60396821620105
2020-11-17 20:00:00,288.4051230361539,289.25550809369435
2020-11-17 21:00:00,288.07461103489294,288.871449333861
2020-11-18 05:00:00,298.6870252377079,294.66421200791933
2020-11-18 06:00:00,301.56305961432554,295.9842893485847
2020-11-18 08:00:00,305.27428853603647,297.67219197841933
2020-11-18 09:00:00,304.6459193295801,297.81680871525606
2020-11-18 17:00:00,289.91988768966985,290.6658902160927
2020-11-18 18:00:00,289.18123738387334,289.9895701121843
2020-11-18 20:00:00,288.19415092762154,289.04558134152455
2020-11-18 21:00:00,287.8884025538464,288.6715702474209
2020-11-19 05:00:00,297.6980920917999,293.98146959960184
2020-11-19 06:00:00,300.8865078072335,295.43471314322966
2020-11-19 08:00:00,305.47910747322356,296.9894037702234
2020-11-19 09:00:00,305.26683944913754,297.311801951545
2020-11-19 17:00:00,290.03031462917716,290.76085045671977
2020-11-19 18:00:00,288.9184120542647,289.7899915933242
2020-11-19 20:00:00,288.05586186248826,289.05218976084006
2020-11-19 21:00:00,287.1330649871121,288.16536097827793
2020-11-20 05:00:00,299.3012705657442,294.3652370552804
2020-11-20 06:00:00,302.88570734385536,295.7038984489735
2020-11-20 08:00:00,305.992965063439,296.99630946554646
2020-11-20 09:00:00,305.40313786534574,297.31455090821066
2020-11-20 17:00:00,287.18888956078763,288.548038359232
2020-11-20 18:00:00,286.436621361778,287.8715896959114
2020-11-20 20:00:00,285.3329934236265,287.01969462954577
2020-11-20 21:00:00,284.76652938302016,286.4654632709427
2020-11-21 05:00:00,298.6062419168387,293.6326843873011
2020-11-21 06:00:00,301.5755652617233,294.90647312158427
2020-11-21 08:00:00,304.1800395806875,296.1851679444864
2020-11-21 09:00:00,303.8320437109526,296.4764788235281
2020-11-21 17:00:00,284.6871408894544,287.8876603512992
2020-11-21 18:00:00,283.7496458503241,287.7545674093332
2020-11-21 20:00:00,282.40943219812334,286.256739541452
2020-11-21 21:00:00,281.8927247880604,286.4893495768355
2020-11-22 05:00:00,299.13625701293006,294.4521781086738
2020-11-22 06:00:00,302.4871556262941,295.62837755294356
2020-11-22 08:00:00,305.40989586311423,297.09088659066083
2020-11-22 09:00:00,305.10009549321677,297.34804303326484
2020-11-22 17:00:00,286.8963665602204,288.3325743124187
2020-11-22 18:00:00,286.20728848638083,287.7424286311874
2020-11-22 20:00:00,285.06441115745224,286.6598323357675
2020-11-22 21:00:00,284.5520133090497,286.16470148824214
2020-11-23 05:00:00,298.0418217075624,294.5148519742287
2020-11-23 06:00:00,301.3724870960959,296.22036639714645
2020-11-23 08:00:00,304.70805300108634,297.88417250717
2020-11-23 09:00:00,304.7297184831005,298.1776131275806
2020-11-23 17:00:00,287.99015123928643,289.10296826002593
2020-11-23 18:00:00,287.41156732356427,288.5907605704615
2020-11-23 20:00:00,286.3324615290426,287.6004446585116
2020-11-23 21:00:00,285.84458194491674,287.1804126333933
2020-11-24 05:00:00,297.61355160564784,294.41924444589483
2020-11-24 06:00:00,301.51856312803204,296.5453106802307
2020-11-24 08:00:00,304.7518550596546,298.36485953544064
2020-11-24 09:00:00,304.6561998975663,298.6269864639259
2020-11-24 17:00:00,290.09230880854864,290.84901432924903
2020-11-24 18:00:00,289.4366522320247,290.2371653129214
2020-11-24 20:00:00,288.5721297065723,289.40452204206144
2020-11-24 21:00:00,288.2265874219051,289.0260171052671
2020-11-25 05:00:00,297.21667621536136,294.0977643781524
2020-11-25 06:00:00,300.78014588907064,296.081962197514
2020-11-25 08:00:00,305.02924999360494,298.7964494232037
2020-11-25 09:00:00,305.21595935792146,299.3029832648937
2020-11-25 17:00:00,290.565098508297,291.09599221909906
2020-11-25 18:00:00,289.88446327056647,290.30693216426715
2020-11-25 20:00:00,289.18328123871464,289.6684361297655
2020-11-25 21:00:00,288.68415990044787,289.1475281090876
2020-11-26 05:00:00,296.08747487589835,292.4817950420644
2020-11-26 06:00:00,299.06953331428616,293.9182133608496
2020-11-26 08:00:00,302.9382169514849,296.0406354013687
2020-11-26 09:00:00,302.5051100015273,296.35827267592424
2020-11-26 17:00:00,288.51155468862856,289.26731397631727
2020-11-26 18:00:00,287.72957656930885,288.51728251828985
2020-11-26 20:00:00,286.7115457590629,287.75150871570753
2020-11-26 21:00:00,286.18430061516665,287.233523611295
2020-11-27 05:00:00,296.23504022677616,292.78068756432674
2020-11-27 06:00:00,299.8228132721088,294.8593828057287
2020-11-27 08:00:00,303.204878114956,296.7060698287329
2020-11-27 09:00:00,303.19588187148645,297.0231346048082
2020-11-27 17:00:00,286.60397254226757,287.74156334734477
2020-11-27 18:00:00,285.8319119305016,286.99301855149
2020-11-27 20:00:00,284.50560317311346,285.9045166815007
2020-11-27 21:00:00,283.93131722801456,285.40442416480585
2020-11-28 05:00:00,297.4003330224835,293.40485867587006
2020-11-28 06:00:00,301.0125261727026,295.0965207750882
2020-11-28 08:00:00,304.6527308389109,297.1250907768638
2020-11-28 09:00:00,304.4577098076442,297.6922208671394
2020-11-28 17:00:00,284.8319312097111,288.2258702353079
2020-11-28 18:00:00,283.7668074503518,288.0023654179507
2020-11-28 20:00:00,282.3201157580171,287.2558179246994
2020-11-28 21:00:00,281.7280889666871,286.8765697508637
2020-11-29 05:00:00,298.90779348881847,294.5594913617856
2020-11-29 06:00:00,302.4048272413539,296.31262853590107
2020-11-29 08:00:00,306.209284025642,298.5548194920521
2020-11-29 09:00:00,306.3136078962376,299.05214149228226
2020-11-29 17:00:00,287.0580721063129,288.7503529035806
2020-11-29 18:00:00,286.20967099699664,288.0505058394375
2020-11-29 20:00:00,284.73569957574455,286.684196930637
2020-11-29 21:00:00,283.9636275610314,285.8295442084503
2020-11-30 05:00:00,299.767709599805,295.85423676148406
2020-11-30 06:00:00,303.86654954625203,297.6339051139374
2020-11-30 08:00:00,307.4548593294823,299.6666251771806
2020-11-30 09:00:00,307.26599189276317,300.08642869664266
2020-11-30 17:00:00,287.6196349251252,289.1473435459226
2020-11-30 18:00:00,286.372629362556,288.07415334175477
2020-11-30 20:00:00,284.4360910894691,287.33440828249894
2020-11-30 21:00:00,283.7666257790682,286.90064548674644
2020-12-01 05:00:00,299.6904812006076,296.12394378144865
2020-12-01 06:00:00,303.5867780500274,298.0956777563816
2020-12-01 08:00:00,308.05703972814996,300.4075971700377
2020-12-01 09:00:00,308.019496782535,300.84346610188305
2020-12-01 17:00:00,288.55457304732647,290.2127505685956
2020-12-01 18:00:00,287.45838187618875,289.1524798094951
2020-12-01 20:00:00,285.72851503721927,287.58867465402756
2020-12-01 21:00:00,285.0694526237406,286.95736207653454
2020-12-02 05:00:00,301.8188100382801,297.5175254833533
2020-12-02 06:00:00,305.9969789713668,299.34145805464686
2020-12-02 08:00:00,309.0448127358647,301.3422255787901
2020-12-02 09:00:00,308.6403621209237,301.73646479578713
2020-12-02 17:00:00,287.3747819568417,290.9715159082633
2020-12-02 18:00:00,286.04551821386866,290.8147000869727
2020-12-02 20:00:00,284.3468718447928,289.72657608949163
2020-12-02 21:00:00,283.7148514851951,289.72861608849104
2020-12-03 05:00:00,302.5794738158239,298.32607886456935
2020-12-03 06:00:00,306.40635674098974,300.17703682028093
2020-12-03 08:00:00,309.13754342994633,302.12916252242036
2020-12-03 09:00:00,308.7021016971724,302.47503255365075
2020-12-03 17:00:00,287.1426949993304,289.96801085391286
2020-12-03 18:00:00,286.02981313461515,288.60695743413845
2020-12-03 20:00:00,284.78532400263475,287.43364521608515
2020-12-03 21:00:00,284.4000224626303,287.0523403972984
2020-12-04 05:00:00,301.4017974900538,299.00349475643117
2020-12-04 06:00:00,305.38801292572253,300.92539888684666
2020-12-04 08:00:00,308.92141733037306,302.7968558383466
2020-12-04 09:00:00,308.77907652774104,303.0317078577168
2020-12-04 17:00:00,287.8921663728076,291.9188786111371
2020-12-04 18:00:00,286.8589106531834,290.930478488352
2020-12-04 20:00:00,285.7186203825823,288.25749284130035
2020-12-04 21:00:00,285.3679459723192,287.86534610037074
2020-12-05 05:00:00,301.2286376247788,298.2490437276926
2020-12-05 06:00:00,305.1423514532198,300.1877752459839
2020-12-05 08:00:00,308.6253933193871,301.9763571764177
2020-12-05 09:00:00,308.353984885664,302.2197448542379
2020-12-05 17:00:00,290.4159763142214,292.14052068066707
2020-12-05 18:00:00,289.142601918366,291.0646231582242
2020-12-05 20:00:00,287.44032800142503,289.53962829777936
2020-12-05 21:00:00,286.8453084654728,289.0017739929293
2020-12-06 05:00:00,301.7400164258866,298.16871704195614
2020-12-06 06:00:00,305.5186858096365,299.9468046873119
2020-12-06 08:00:00,308.9708221858749,301.601489897318
2020-12-06 09:00:00,308.7016409475741,301.85929090032596
2020-12-06 17:00:00,290.0065730114013,291.56799694937075
2020-12-06 18:00:00,289.0673860570499,290.7063936724318
2020-12-06 20:00:00,287.4132275691569,289.0929430710333
2020-12-06 21:00:00,286.64490992189013,288.35798990634635
2020-12-07 05:00:00,300.9311901262986,297.50455113956116
2020-12-07 06:00:00,304.9541290706405,299.371000504457
2020-12-07 08:00:00,309.0071285582838,301.14067797080395
2020-12-07 09:00:00,309.12740844350384,301.54538467007535
2020-12-07 17:00:00,290.7706378296087,292.1496630464386
2020-12-07 18:00:00,290.09402364722024,291.61544404816004
2020-12-07 20:00:00,288.8951762100949,290.4709877754764
2020-12-07 21:00:00,288.4570083970833,290.05415511168025
2020-12-08 05:00:00,300.71379190453763,297.94737631587657
2020-12-08 06:00:00,304.37132049231394,299.93636001093176
2020-12-08 08:00:00,308.092495534747,301.96444375342327
2020-12-08 09:00:00,308.3172925763946,302.3294722170602
2020-12-08 17:00:00,289.1952067699932,293.82276514461853
2020-12-08 18:00:00,288.3484224575143,291.13099830286535
2020-12-08 20:00:00,287.260696834335,289.8287702892521
2020-12-08 21:00:00,286.8448428490496,288.93598989712996
2020-12-09 05:00:00,302.1888254691713,298.6457588419158
2020-12-09 06:00:00,305.9338698658995,300.4349878954777
2020-12-09 08:00:00,308.60057587469305,302.0697573057859
2020-12-09 09:00:00,308.34495958231264,302.2526357500873
2020-12-09 17:00:00,290.387056535859,292.16350648289284
2020-12-09 18:00:00,289.37163629517164,292.440031289687
2020-12-09 20:00:00,287.7482679040847,291.4730202273705
2020-12-09 21:00:00,287.11811856826756,290.84169215597615
2020-12-10 05:00:00,300.35342054558095,297.16567939088236
2020-12-10 06:00:00,304.2822177928108,299.1596393555816
2020-12-10 08:00:00,308.4549664466517,301.10114731516785
2020-12-10 09:00:00,308.4632773142199,301.4402840824451
2020-12-10 17:00:00,289.668427642211,291.92032814907554
2020-12-10 18:00:00,288.8412873631082,290.51232754982124
2020-12-10 20:00:00,287.3908013342342,289.27325761556995
2020-12-10 21:00:00,287.10359542211876,289.15672370428666
2020-12-11 05:00:00,297.2111804885747,295.694314683347
2020-12-11 06:00:00,300.1567745590798,297.33409814584786
2020-12-11 08:00:00,301.68190815930006,297.6886726226572
2020-12-11 09:00:00,302.09301539158054,297.8603995019005
2020-12-11 17:00:00,290.4893311675414,291.004775436707
2020-12-11 18:00:00,289.91208191388193,290.4045395579287
2020-12-11 20:00:00,289.6982449853365,290.45326336359574
2020-12-11 21:00:00,289.18527774193626,289.9320924873529
2020-12-12 05:00:00,296.70789314822537,292.8495135667328
2020-12-12 06:00:00,300.2109451646614,294.59499654196816
2020-12-12 08:00:00,303.7716304737908,296.09865383154073
2020-12-12 09:00:00,303.81788964411146,296.499331128983
2020-12-12 17:00:00,287.78772165448345,288.7696295974802
2020-12-12 18:00:00,287.0255584951909,288.00479880687084
2020-12-12 20:00:00,286.2213212352689,287.23455227468344
2020-12-12 21:00:00,285.933594149691,286.8622679394456
2020-12-13 05:00:00,295.0220945619839,291.62348987361867
2020-12-13 06:00:00,298.1328697028256,293.0202627784482
2020-12-13 08:00:00,301.27084830215057,294.20209833506624
2020-12-13 09:00:00,301.19077560824496,294.52391280305034
2020-12-13 17:00:00,286.81895768881213,287.3468663196535
2020-12-13 18:00:00,286.00258122754207,286.5662605744114
2020-12-13 20:00:00,285.5621715245886,286.1674446846561
2020-12-13 21:00:00,285.4821723032806,285.9748245968106
2020-12-14 05:00:00,294.12707597118316,290.94679081568546
2020-12-14 06:00:00,297.8500786121527,292.7384210007584
2020-12-14 08:00:00,301.95479288674284,294.6348496071179
2020-12-14 09:00:00,302.3556138613191,295.1153172991126
2020-12-14 17:00:00,287.73698293630076,288.15332487367886
2020-12-14 18:00:00,286.809473916452,287.36653329999126
2020-12-14 20:00:00,285.7424171577066,286.39426877061464
2020-12-14 21:00:00,285.2556611753208,285.9242697834785
2020-12-15 05:00:00,293.93649031017526,290.9914004380236
2020-12-15 06:00:00,297.0244307554742,292.55933085061
2020-12-15 08:00:00,301.66804353922646,294.40566497003357
2020-12-15 09:00:00,302.1258928154944,294.73102410879267
2020-12-15 17:00:00,285.9359685254207,286.4129145406244
2020-12-15 18:00:00,285.05113300153033,285.7194630721317
2020-12-15 20:00:00,283.89855606713905,284.7634804700666
2020-12-15 21:00:00,283.5352238918122,284.42266398989733
2020-12-16 05:00:00,292.7839113773293,289.4717830898949
2020-12-16 06:00:00,296.1254065797215,291.05739260821935
2020-12-16 08:00:00,299.69767897595614,292.6096800582251
2020-12-16 09:00:00,299.8928357140493,293.01220385723377
2020-12-16 17:00:00,284.21144701189183,284.7034515945129
2020-12-16 18:00:00,283.35644815735907,283.8668093688683
2020-12-16 20:00:00,282.0651598255881,282.74853835377746
2020-12-16 21:00:00,281.4477746666672,282.1635700807733
2020-12-17 05:00:00,291.24600499510217,287.22751512806667
2020-12-17 06:00:00,295.26940645238466,289.09860434039905
2020-12-17 08:00:00,300.0698538664126,291.41837756328846
2020-12-17 09:00:00,300.1144019363474,292.0676519455638
2020-12-17 17:00:00,281.6690263792253,282.7131955186465
2020-12-17 18:00:00,280.8040005488462,281.96085791448235
2020-12-17 20:00:00,279.22474454106833,280.5232908369396
2020-12-17 21:00:00,278.39188976317234,279.77324045237117
2020-12-18 05:00:00,291.73412855527437,287.81818235894013
2020-12-18 06:00:00,295.5633720785885,289.93899498514844
2020-12-18 08:00:00,300.4219828460176,292.862905728615
2020-12-18 09:00:00,300.72952120035933,293.56505527114285
2020-12-18 17:00:00,282.314099069369,283.81198446923304
2020-12-18 18:00:00,281.30164411218584,282.8781728406533
2020-12-18 20:00:00,279.42501172740214,281.0292659577309
2020-12-18 21:00:00,278.5624688711299,280.3976428909184
2020-12-19 05:00:00,293.4834286259209,290.30351309048933
2020-12-19 06:00:00,297.77918545527524,292.58501717636506
2020-12-19 08:00:00,302.82315860507305,295.58135730055704
2020-12-19 09:00:00,303.14124358049344,296.2369561334972
2020-12-19 17:00:00,282.48562396362496,286.02524600741674
2020-12-19 18:00:00,281.17182506214493,285.69060945437394
2020-12-19 20:00:00,279.49956784005894,285.53472632362593
2020-12-19 21:00:00,278.88990289955547,285.26525533291147
2020-12-20 05:00:00,295.9921399602905,292.7368884211512
2020-12-20 06:00:00,299.8091381290477,294.7665946972205
2020-12-20 08:00:00,302.89260074280446,296.6975580106715
2020-12-20 09:00:00,302.2178868321682,296.85885396760494
2020-12-20 17:00:00,283.7801985307173,288.3801249311591
2020-12-20 18:00:00,282.6619652746638,287.7384146997484
2020-12-20 20:00:00,281.41135442936553,286.8423689267668
2020-12-20 21:00:00,280.48920966149853,286.50464958108626
2020-12-21 05:00:00,297.03895949729605,293.36316905440464
2020-12-21 06:00:00,301.0669645712078,295.28044913693094
2020-12-21 08:00:00,305.14235763667364,297.42173741227487
2020-12-21 09:00:00,305.04686449047966,297.76391110177764
2020-12-21 17:00:00,286.4061285174683,288.06240066504813
2020-12-21 18:00:00,285.37882934476266,287.0919716339817
2020-12-21 20:00:00,282.7162517200817,285.54934461972744
2020-12-21 21:00:00,282.0334385899807,286.66430057472735
2020-12-22 05:00:00,296.5195241025857,293.47124169677363
2020-12-22 06:00:00,300.8587075866793,295.46818389657466
2020-12-22 08:00:00,304.7239829887778,297.2686824475305
2020-12-22 09:00:00,304.70604824542266,297.6041846605956
2020-12-22 17:00:00,286.1171448036041,287.6599284967032
2020-12-22 18:00:00,285.30872390817603,286.9583575655756
2020-12-22 20:00:00,283.6727233322449,285.3533868774979
2020-12-22 21:00:00,282.7808755131091,284.55726197981875
2020-12-23 05:00:00,295.6134955313613,292.91374027857614
2020-12-23 06:00:00,299.6702980076771,294.98855376868113
2020-12-23 08:00:00,303.7426026378097,296.7278199276682
2020-12-23 09:00:00,303.8642257902031,296.99178080272236
2020-12-23 17:00:00,286.55775176578754,287.90360844263864
2020-12-23 18:00:00,285.73403596804576,287.17470991372693
2020-12-23 20:00:00,284.26767280472814,285.8578681181686
2020-12-23 21:00:00,283.55050205412925,285.1682691059789
2020-12-24 05:00:00,295.0371164048581,292.4129124011024
2020-12-24 06:00:00,298.78078233809975,294.2850137249164
2020-12-24 08:00:00,302.7840563240698,296.1117958104115
2020-12-24 09:00:00,303.1447585330722,296.4638628614335
2020-12-24 17:00:00,286.5739496639587,287.8914484808735
2020-12-24 18:00:00,285.704377020085,287.12057793709823
2020-12-24 20:00:00,284.26563402831283,285.81813293833216
2020-12-24 21:00:00,283.5955773164017,285.11339332803925
2020-12-25 05:00:00,294.3120388036884,291.44779389885434
2020-12-25 06:00:00,298.1017099859535,293.42008781727
2020-12-25 08:00:00,302.4393360155573,295.6486098608361
2020-12-25 09:00:00,303.031372728627,296.0672581089296
2020-12-25 17:00:00,285.6046052765222,287.04770670980446
2020-12-25 18:00:00,284.7962597345902,286.37994405925735
2020-12-25 20:00:00,283.4118388077511,284.9881433096064
2020-12-25 21:00:00,282.57002975393334,284.2483073324195
2020-12-26 05:00:00,295.1576717241519,292.27504957107993
2020-12-26 06:00:00,299.18638467421334,294.4404138644414
2020-12-26 08:00:00,304.0108966798004,296.9528585942391
2020-12-26 09:00:00,304.7117839278352,297.5442912567562
2020-12-26 17:00:00,286.7278369733108,288.0497846324198
2020-12-26 18:00:00,286.0068217837388,287.45693224420535
2020-12-26 20:00:00,284.8740184060966,286.2696438217751
2020-12-26 21:00:00,284.3732646595348,285.8202013859213
2020-12-27 05:00:00,295.7752093534073,293.08043796439387
2020-12-27 06:00:00,299.7580787411824,295.1761239497063
2020-12-27 08:00:00,303.27464134557226,296.8021519077578
2020-12-27 09:00:00,302.6219794651026,296.78221388994643
2020-12-27 17:00:00,283.8615456509113,284.8380984172615
2020-12-27 18:00:00,282.5223017429534,283.6562721005574
2020-12-27 20:00:00,280.8208180149825,282.3944358884462
2020-12-27 21:00:00,279.84336742524556,281.41389211410734
2020-12-28 05:00:00,293.11131220789645,288.5211183051299
2020-12-28 06:00:00,297.1800481387757,290.39498210136986
2020-12-28 08:00:00,300.9754400032878,292.0772665814369
2020-12-28 09:00:00,301.04150860849626,292.50645507906546
2020-12-28 17:00:00,280.7371974057519,283.0722192373408
2020-12-28 18:00:00,279.34054998036345,283.07974812135853
2020-12-28 20:00:00,277.3912146146566,282.7856009884498
2020-12-28 21:00:00,276.6833385120738,282.5901737536414
2020-12-29 05:00:00,293.40804162635277,288.85296536814457
2020-12-29 06:00:00,296.9921653994427,290.4141291308293
2020-12-29 08:00:00,299.88280250772675,291.8725400668998
2020-12-29 09:00:00,299.80879547636385,292.2094681891161
2020-12-29 17:00:00,281.7444641865641,282.95009663586256
2020-12-29 18:00:00,281.02344455336936,282.2123541927485
2020-12-29 20:00:00,279.86377860658524,281.1430894002341
2020-12-29 21:00:00,279.276886480064,280.57202397656556
2020-12-30 05:00:00,290.08716610289866,286.78736929166115
2020-12-30 06:00:00,294.0914606408823,288.6806418443865
2020-12-30 08:00:00,299.14360824608474,290.79653704956246
2020-12-30 09:00:00,299.3383204103067,291.38174250386714
2020-12-30 17:00:00,281.25499270399473,282.5152126835381
2020-12-30 18:00:00,280.45970142052977,281.7336499371404
2020-12-30 20:00:00,279.23608725243616,280.54953708266623
2020-12-30 21:00:00,278.65457049870895,279.9820443786715
2020-12-31 05:00:00,290.72514686525693,286.8746575354061
2020-12-31 06:00:00,294.65815673734085,288.6122732764951
2020-12-31 08:00:00,299.4516377970691,290.9938973072681
2020-12-31 09:00:00,299.9561149702968,291.78579483855117
2020-12-31 17:00:00,282.12825433058066,283.43736424615093
2020-12-31 18:00:00,281.4031595662121,282.87412554677724
2020-12-31 20:00:00,280.4964328759992,282.0799841506088
2020-12-31 21:00:00,280.27841254706004,281.90383631349164
