datetime_utc,skt,t2m
2022-01-01 05:00:00,291.76620953623063,288.9432577829699
2022-01-01 06:00:00,295.3918308910493,290.77566156842863
2022-01-01 08:00:00,299.35280499803633,292.4874457313761
2022-01-01 09:00:00,299.8919822798672,293.14571179594213
2022-01-01 17:00:00,283.69224125137686,285.0763490556385
2022-01-01 18:00:00,282.95331118544004,284.4391733648597
2022-01-01 20:00:00,281.6675064486605,283.2499478050667
2022-01-01 21:00:00,281.0806405136508,282.6536950580144
2022-01-02 05:00:00,292.3251533919747,289.7000996923226
2022-01-02 06:00:00,296.23776644808123,291.6687770896407
2022-01-02 08:00:00,300.1814115785854,293.78400431722633
2022-01-02 09:00:00,300.6083244476554,294.4112796871615
2022-01-02 17:00:00,284.02074083231264,285.56783453378546
2022-01-02 18:00:00,283.12476415883964,284.70332232976364
2022-01-02 20:00:00,281.1353639858346,282.86194625878005
2022-01-02 21:00:00,280.2939409158998,282.1901139786872
2022-01-03 05:00:00,292.7725072781368,290.12964048223984
2022-01-03 06:00:00,296.5461906821041,292.22407919673594
2022-01-03 08:00:00,301.06402286946866,294.88103794280113
2022-01-03 09:00:00,301.68798374358244,295.5449743520681
2022-01-03 17:00:00,285.6049373021295,286.98438717881777
2022-01-03 18:00:00,284.9199386620191,286.37104668051506
2022-01-03 20:00:00,284.1059962479836,285.6795330547221
2022-01-03 21:00:00,283.8200614940955,285.36485678462657
2022-01-04 05:00:00,295.6639763078264,292.99428524258326
2022-01-04 06:00:00,299.7182178467925,295.125103613996
2022-01-04 08:00:00,304.4100337799966,297.3985324853741
2022-01-04 09:00:00,304.2876311597545,297.69009211324214
2022-01-04 17:00:00,289.22291012427473,290.0623300608208
2022-01-04 18:00:00,288.46306298583613,289.2956495005838
2022-01-04 20:00:00,288.58239957694826,289.2731961807228
2022-01-04 21:00:00,288.2445289835173,288.7655787769195
2022-01-05 05:00:00,291.51701354980474,291.3634780154941
2022-01-05 06:00:00,294.99756073327205,293.02639069873123
2022-01-05 08:00:00,292.06050617705876,291.0423466193107
2022-01-05 09:00:00,291.0299816866318,290.8623796883276
2022-01-05 17:00:00,289.1366312647087,289.19939122839224
2022-01-05 18:00:00,288.86582676398183,288.95606310452075
2022-01-05 20:00:00,287.7901131934121,287.77151740827986
2022-01-05 21:00:00,287.3381476497797,287.3521464249386
2022-01-06 05:00:00,289.64645239972555,288.72850706691185
2022-01-06 06:00:00,292.13496798616717,290.0223664223505
2022-01-06 08:00:00,292.70925872755714,290.69126645221917
2022-01-06 09:00:00,292.69007788894726,290.9466751874504
2022-01-06 17:00:00,287.09663569798636,287.5073669151459
2022-01-06 18:00:00,287.0427851507954,287.41107295290533
2022-01-06 20:00:00,286.7521379938111,286.9797787894086
2022-01-06 21:00:00,286.75849996840094,286.97270870355686
2022-01-07 05:00:00,289.41172936296977,287.63185342985605
2022-01-07 06:00:00,291.7681642835056,289.53501435971964
2022-01-07 08:00:00,296.39919442057794,292.92848609959583
2022-01-07 09:00:00,296.09799086184273,293.34900642947537
2022-01-07 17:00:00,287.91773991518653,288.3301876638263
2022-01-07 18:00:00,287.91653879691717,288.1287955356122
2022-01-07 20:00:00,287.3915016632786,287.57696918787315
2022-01-07 21:00:00,287.3570148720763,287.511922216195
2022-01-08 05:00:00,290.45347557596875,289.6752240338201
2022-01-08 06:00:00,292.79724873453154,290.49464597540384
2022-01-08 08:00:00,296.7753983837063,292.55784390630265
2022-01-08 09:00:00,297.5442518284214,292.9082233681701
2022-01-08 17:00:00,284.05876531145424,284.58681646737926
2022-01-08 18:00:00,283.4003301306021,283.8818276145241
2022-01-08 20:00:00,282.646693225267,283.13468658024067
2022-01-08 21:00:00,282.40749642441193,282.7989054769507
2022-01-09 05:00:00,288.7019576438587,285.7408391544007
2022-01-09 06:00:00,291.80680543873086,287.3508746319082
2022-01-09 08:00:00,295.1705589353212,289.1831737688767
2022-01-09 09:00:00,295.2389863988468,289.5606788670521
2022-01-09 17:00:00,281.94332460188906,282.88745352299816
2022-01-09 18:00:00,281.51982415291855,282.519963809632
2022-01-09 20:00:00,280.9327819777196,281.93098294532905
2022-01-09 21:00:00,280.44007831214935,281.50290067464067
2022-01-10 05:00:00,289.22053965140935,285.79968355763674
2022-01-10 06:00:00,291.66687423165297,286.89510097415496
2022-01-10 08:00:00,294.6997803862915,288.8112899004403
2022-01-10 09:00:00,294.9810473143779,289.3071114374052
2022-01-10 17:00:00,281.2912144829937,282.5025902558549
2022-01-10 18:00:00,280.8747548719033,282.1475627411312
2022-01-10 20:00:00,279.8110463711073,281.1071711747415
2022-01-10 21:00:00,279.16359610770627,280.51815513763665
2022-01-11 05:00:00,289.53754621367614,286.6454243946517
2022-01-11 06:00:00,292.187715668524,287.42348970433784
2022-01-11 08:00:00,295.5200707152004,288.8057456699836
2022-01-11 09:00:00,295.5127553836958,289.14288052645594
2022-01-11 17:00:00,281.10948207014695,282.0547615838896
2022-01-11 18:00:00,280.2855000312229,281.35139173792766
2022-01-11 20:00:00,279.76585244765084,281.0708391750906
2022-01-11 21:00:00,279.2171424665877,280.63543080475375
2022-01-12 05:00:00,289.2209193342823,286.0146143462147
2022-01-12 06:00:00,291.1583354697206,286.77181973920216
2022-01-12 08:00:00,294.1953369516805,287.98754591273234
2022-01-12 09:00:00,294.55356667258525,288.42097828164117
2022-01-12 17:00:00,280.0387658352845,281.7238133317333
2022-01-12 18:00:00,278.87336469982364,282.00793066744814
2022-01-12 20:00:00,277.4269859654878,281.7098729114503
2022-01-12 21:00:00,277.36114614807036,281.64437026859986
2022-01-13 05:00:00,290.0481665659759,286.8252375386713
2022-01-13 06:00:00,291.8314244486334,287.5567097480198
2022-01-13 08:00:00,295.5218885800872,289.1097930532024
2022-01-13 09:00:00,295.7460193369532,289.50158051900763
2022-01-13 17:00:00,280.5393322443558,281.88920130090463
2022-01-13 18:00:00,279.7433611101289,281.08590973323595
2022-01-13 20:00:00,278.9876601538049,280.2829951446486
2022-01-13 21:00:00,278.6480723940903,279.9127130258616
2022-01-14 05:00:00,290.80526829794485,287.1776376968172
2022-01-14 06:00:00,292.4464050434036,287.8956043731267
2022-01-14 08:00:00,295.54713722076184,289.35476872660166
2022-01-14 09:00:00,295.8361686624254,289.6752228582585
2022-01-14 17:00:00,280.5590401812584,281.9576584591153
2022-01-14 18:00:00,279.84207129809084,281.3087069095559
2022-01-14 20:00:00,278.7590906645741,280.24258679123983
2022-01-14 21:00:00,278.39476337638587,279.7854732754418
2022-01-15 05:00:00,289.66411996144916,286.9169528296989
2022-01-15 06:00:00,292.8040763490557,288.18583244241444
2022-01-15 08:00:00,295.9329521755224,289.38741950224653
2022-01-15 09:00:00,296.49464980773456,289.8749816612397
2022-01-15 17:00:00,280.86923742073895,282.09691653964336
2022-01-15 18:00:00,280.0919225660422,281.36287013261085
2022-01-15 20:00:00,278.6740241851572,279.90355888096315
2022-01-15 21:00:00,278.07223167478213,279.37314233059874
2022-01-16 05:00:00,288.75489315744176,285.79430169574283
2022-01-16 06:00:00,292.7752942759745,287.81078186975606
2022-01-16 08:00:00,296.4728132580021,289.6653938704904
2022-01-16 09:00:00,296.9909093589372,290.50563434900596
2022-01-16 17:00:00,281.2934012155871,282.57122823894485
2022-01-16 18:00:00,280.6039040305398,281.92266965610406
2022-01-16 20:00:00,279.38739039534227,280.633932128342
2022-01-16 21:00:00,279.0373788137098,280.32369955148096
2022-01-17 05:00:00,288.9828558453059,286.7160356518668
2022-01-17 06:00:00,293.64421152076665,289.0961645799352
2022-01-17 08:00:00,297.49373550297486,291.08146314812006
2022-01-17 09:00:00,298.01877294225943,292.0244455440386
2022-01-17 17:00:00,283.01702234300524,284.203514440034
2022-01-17 18:00:00,282.3297155347921,283.6184185950892
2022-01-17 20:00:00,281.39821400223605,282.38756317938055
2022-01-17 21:00:00,280.9199884117844,281.8235440717089
2022-01-18 05:00:00,288.3278933203276,284.69231977888916
2022-01-18 06:00:00,291.53112461460387,286.7454894643352
2022-01-18 08:00:00,297.4430855632012,290.13601423595645
2022-01-18 09:00:00,298.5058732701376,291.496928868933
2022-01-18 17:00:00,281.35977678343033,283.3913463715963
2022-01-18 18:00:00,280.27694170794615,283.34577257717706
2022-01-18 20:00:00,278.9623521237601,282.1740635899807
2022-01-18 21:00:00,278.5578110846239,282.4378326133881
2022-01-19 05:00:00,292.0653921870863,289.7964031060781
2022-01-19 06:00:00,296.1841648378064,292.21973309862227
2022-01-19 08:00:00,299.6369706493313,294.71152448139867
2022-01-19 09:00:00,300.15876779424025,295.39794510428453
2022-01-19 17:00:00,284.57635215912103,285.9316823574355
2022-01-19 18:00:00,283.8821372104169,285.19298867341735
2022-01-19 20:00:00,282.73625719161544,284.0842685317405
2022-01-19 21:00:00,282.20266196981237,283.5234938799325
2022-01-20 05:00:00,293.27725311420363,291.71512329853925
2022-01-20 06:00:00,297.1295751915507,293.8743554866186
2022-01-20 08:00:00,300.6239691500671,295.62194267002576
2022-01-20 09:00:00,300.81524481868894,295.9638419834601
2022-01-20 17:00:00,284.7031000780949,285.9789897995112
2022-01-20 18:00:00,283.8555214151579,285.1950771525755
2022-01-20 20:00:00,283.4045317286887,284.4729025771695
2022-01-20 21:00:00,282.8091675415979,283.82728407379295
2022-01-21 05:00:00,292.2364789965708,289.50863981320424
2022-01-21 06:00:00,296.26188429257905,291.76145944463093
2022-01-21 08:00:00,298.43525592351364,293.2930042284479
2022-01-21 09:00:00,298.912331861781,294.0294782876601
2022-01-21 17:00:00,287.42923486177654,288.40766330713114
2022-01-21 18:00:00,287.01623831397757,288.1745249978934
2022-01-21 20:00:00,286.8351866923422,287.5438694182456
2022-01-21 21:00:00,287.0195154739639,287.5758498651772
2022-01-22 05:00:00,290.89260328201743,290.6156634314586
2022-01-22 06:00:00,294.19013067166134,291.87681095258483
2022-01-22 08:00:00,296.3576269399588,293.09093290778634
2022-01-22 09:00:00,296.23946920197994,293.13968311656606
2022-01-22 17:00:00,284.62935482078046,285.3801197821995
2022-01-22 18:00:00,283.9116653653984,284.6525758998971
2022-01-22 20:00:00,282.520142259877,283.43830873933155
2022-01-22 21:00:00,281.8808841323265,282.8489853869234
2022-01-23 05:00:00,290.8739036477769,286.8350002953011
2022-01-23 06:00:00,293.602543129943,288.2186626322648
2022-01-23 08:00:00,295.6724664485326,289.9033336903906
2022-01-23 09:00:00,295.68460635521745,290.3314886813171
2022-01-23 17:00:00,282.96238059586113,283.73618672845544
2022-01-23 18:00:00,282.46919645476964,283.24120611769763
2022-01-23 20:00:00,281.242535865913,281.9515213224297
2022-01-23 21:00:00,280.36426192696547,281.3802715942195
2022-01-24 05:00:00,292.2268935146244,287.978918489947
2022-01-24 06:00:00,294.572147669153,288.9900834328956
2022-01-24 08:00:00,297.1625979383848,290.2101421620702
2022-01-24 09:00:00,297.40703802593686,290.6277936515162
2022-01-24 17:00:00,281.39406203635855,282.78114377625735
2022-01-24 18:00:00,280.52999706297703,282.03156667277335
2022-01-24 20:00:00,279.06026361168625,280.6364585276928
2022-01-24 21:00:00,278.4587443723517,279.98929594771704
2022-01-25 05:00:00,291.59425078922504,287.5424955629605
2022-01-25 06:00:00,295.23377687427774,288.76685705904964
2022-01-25 08:00:00,298.88935647503075,290.1451877070869
2022-01-25 09:00:00,298.58565710505644,290.60826087328616
2022-01-25 17:00:00,281.3537492561046,282.68500226084
2022-01-25 18:00:00,280.49203825070424,281.9703461539764
2022-01-25 20:00:00,279.0614939309048,280.59358469253334
2022-01-25 21:00:00,278.37350461516064,279.8929861859291
2022-01-26 05:00:00,292.6445265947762,287.7549463163355
2022-01-26 06:00:00,295.95517872955844,289.15691684905113
2022-01-26 08:00:00,298.23291845571464,290.6572845647074
2022-01-26 09:00:00,298.0032195339585,291.054672758458
2022-01-26 17:00:00,280.77871824008844,282.28488742258224
2022-01-26 18:00:00,279.848750556746,281.45704846022124
2022-01-26 20:00:00,278.12812678215136,279.87041241803047
2022-01-26 21:00:00,277.2799634654276,279.1326687993548
2022-01-27 05:00:00,292.2690778123947,287.6913388197889
2022-01-27 06:00:00,296.1321567247388,289.1679416650617
2022-01-27 08:00:00,299.32680606695095,291.24652480491324
2022-01-27 09:00:00,299.31835685929826,291.8362579815928
2022-01-27 17:00:00,280.76462572565066,282.4890724264418
2022-01-27 18:00:00,279.56080547503217,281.3900497977282
2022-01-27 20:00:00,277.50565882419767,279.7401767724835
2022-01-27 21:00:00,276.76915032103176,279.8895138592125
2022-01-28 05:00:00,293.36224550973105,289.33889556555613
2022-01-28 06:00:00,297.12826662695466,290.914586776945
2022-01-28 08:00:00,300.80498068505335,292.9182387764906
2022-01-28 09:00:00,300.96216034264705,293.58615634254016
2022-01-28 17:00:00,280.54222513677894,283.24296915439317
2022-01-28 18:00:00,279.5107436922188,283.0020084234158
2022-01-28 20:00:00,278.2623513431873,282.0038481067252
2022-01-28 21:00:00,277.82026860453135,281.63417949000564
2022-01-29 05:00:00,293.4734740176443,291.5906996998838
2022-01-29 06:00:00,297.4985480874272,293.70599969473017
2022-01-29 08:00:00,302.3937176673548,296.0790876908736
2022-01-29 09:00:00,303.02373491707493,296.76576592631994
2022-01-29 17:00:00,281.51858837909435,287.0063176794302
2022-01-29 18:00:00,280.5166902703754,286.6541696087054
2022-01-29 20:00:00,279.1103886867341,285.73264737121866
2022-01-29 21:00:00,278.59862235000213,285.4543333127062
2022-01-30 05:00:00,297.7176350503931,293.57750830040504
2022-01-30 06:00:00,300.48863942009643,295.43070132780144
2022-01-30 08:00:00,303.5096542287865,297.6627170933046
2022-01-30 09:00:00,303.6462577737535,298.2411432251541
2022-01-30 17:00:00,285.23100229037016,287.6648132841466
2022-01-30 18:00:00,284.40008211062394,287.0511619673672
2022-01-30 20:00:00,283.59964772181814,286.6780382341524
2022-01-30 21:00:00,283.38683948017234,286.46154298473766
2022-01-31 05:00:00,295.15250167494014,293.34897001057817
2022-01-31 06:00:00,299.13453681369776,295.410721812667
2022-01-31 08:00:00,303.335599808186,297.90100107060744
2022-01-31 09:00:00,303.8350656095014,298.59235550185383
2022-01-31 17:00:00,284.872903291911,290.73744330971925
2022-01-31 18:00:00,283.7394862006001,290.5005606253085
2022-01-31 20:00:00,282.51559852635364,287.72715813353176
2022-01-31 21:00:00,282.14850224993074,285.90141082434513
2022-02-01 05:00:00,296.84804773551105,294.65142439032553
2022-02-01 06:00:00,300.59954873953467,296.6471203302933
2022-02-01 08:00:00,304.2229949292858,298.97213691041355
2022-02-01 09:00:00,304.4944676897375,299.54233763802034
2022-02-01 17:00:00,286.3906360973011,288.12340483349533
2022-02-01 18:00:00,285.07272059083533,286.87302531520095
2022-02-01 20:00:00,282.70359684689936,284.6781875304706
2022-02-01 21:00:00,281.71617338065926,283.7366537320412
2022-02-02 05:00:00,296.30301070250056,293.6096731694344
2022-02-02 06:00:00,300.51329997434453,295.85796862868204
2022-02-02 08:00:00,304.84902088888254,299.07729980280664
2022-02-02 09:00:00,305.31000085016615,300.040891673789
2022-02-02 17:00:00,287.7322362068071,290.09074103262833
2022-02-02 18:00:00,287.2211750424331,289.86549095306634
2022-02-02 20:00:00,287.23240339517224,290.1000207745239
2022-02-02 21:00:00,287.3827524288043,290.15741300656356
2022-02-03 05:00:00,293.95607309679406,291.7126692432468
2022-02-03 06:00:00,296.77681279586534,293.1834050958807
2022-02-03 08:00:00,299.209901454085,294.05134011196617
2022-02-03 09:00:00,299.19419853786474,294.2566391484946
2022-02-03 17:00:00,285.0656665161321,286.3162470554534
2022-02-03 18:00:00,284.17165272482004,285.53688543052255
2022-02-03 20:00:00,282.4118845135846,284.1005020964495
2022-02-03 21:00:00,281.6479581765291,283.42023410415067
2022-02-04 05:00:00,295.3613061419988,291.11612298198406
2022-02-04 06:00:00,299.1605268575378,293.3245420059181
2022-02-04 08:00:00,302.0654995393679,295.8630775251815
2022-02-04 09:00:00,301.92216959572715,296.3563010005628
2022-02-04 17:00:00,283.7122716683269,285.6956635697046
2022-02-04 18:00:00,282.21474102943085,284.23285168381796
2022-02-04 20:00:00,280.46517840886526,282.6297631168219
2022-02-04 21:00:00,279.8861472389915,281.9858364111103
2022-02-05 05:00:00,292.79707164793797,290.14200597918824
2022-02-05 06:00:00,297.1067142809852,292.53887525655455
2022-02-05 08:00:00,302.7543505417364,295.32236749916484
2022-02-05 09:00:00,303.72333156309435,296.17173315674205
2022-02-05 17:00:00,285.2061318513609,286.8874743304378
2022-02-05 18:00:00,284.3995573164318,286.16217454813295
2022-02-05 20:00:00,283.2143203899931,284.8816122046237
2022-02-05 21:00:00,282.7184319400641,284.3557537531449
2022-02-06 05:00:00,294.082343925864,291.6718323741378
2022-02-06 06:00:00,298.34665342545475,294.27188070382465
2022-02-06 08:00:00,303.53499957115514,297.2468197768201
2022-02-06 09:00:00,304.36051381350666,298.0717861369505
2022-02-06 17:00:00,285.0416515332708,287.3000914774985
2022-02-06 18:00:00,283.76552143302644,286.03440746430806
2022-02-06 20:00:00,282.1567327090882,284.5988275795395
2022-02-06 21:00:00,281.5918237248261,284.04240187070405
2022-02-07 05:00:00,297.2664487865195,293.98429729538077
2022-02-07 06:00:00,301.33375516400685,295.9526683648672
2022-02-07 08:00:00,305.6957068538813,298.00741222128846
2022-02-07 09:00:00,305.98740174186247,298.616396300047
2022-02-07 17:00:00,288.1339948327956,289.8657516220869
2022-02-07 18:00:00,287.108016615105,288.8971562789659
2022-02-07 20:00:00,285.2308343261343,287.03797705698827
2022-02-07 21:00:00,284.4786006416121,286.3153468809436
2022-02-08 05:00:00,300.44086913592275,295.16693942829716
2022-02-08 06:00:00,304.03496456293186,296.70394956239016
2022-02-08 08:00:00,306.6474581161523,298.2979613599498
2022-02-08 09:00:00,305.9294491196266,298.5547568581322
2022-02-08 17:00:00,289.0366895114328,290.27466847753306
2022-02-08 18:00:00,287.8819426784898,289.1545258038584
2022-02-08 20:00:00,286.20955480449186,287.8021153007707
2022-02-08 21:00:00,285.8802341643394,287.62151850390325
2022-02-09 05:00:00,295.5542059664734,291.9715735813135
2022-02-09 06:00:00,299.49150616803047,293.7144931975425
2022-02-09 08:00:00,300.79386257647735,295.181668180163
2022-02-09 09:00:00,301.35604451654143,295.6424026841927
2022-02-09 17:00:00,287.10235393506537,287.98621021617544
2022-02-09 18:00:00,286.2036058281897,287.1531101691154
2022-02-09 20:00:00,284.6673781948942,285.91091970670027
2022-02-09 21:00:00,283.89066699105894,285.16324945811317
2022-02-10 05:00:00,296.2453113432474,291.5847253549632
2022-02-10 06:00:00,299.5559332660975,293.0307364441764
2022-02-10 08:00:00,303.86885331775454,294.88006328471084
2022-02-10 09:00:00,304.3616200874693,295.4671249742317
2022-02-10 17:00:00,285.4309374981191,286.85610599841107
2022-02-10 18:00:00,284.5087489288283,286.06860539652354
2022-02-10 20:00:00,283.08908934512385,284.8655924510515
2022-02-10 21:00:00,282.17808205908733,283.90947160294684
2022-02-11 05:00:00,298.11695161181717,292.8239923603545
2022-02-11 06:00:00,302.21569361047494,294.44164376045785
2022-02-11 08:00:00,305.1112003884808,296.2678923761165
2022-02-11 09:00:00,305.2603611409756,296.8687473291241
2022-02-11 17:00:00,285.805426834177,287.3519545027582
2022-02-11 18:00:00,284.7018140607696,286.37464070136446
2022-02-11 20:00:00,282.53141888117386,284.3173431255417
2022-02-11 21:00:00,281.3914845706135,283.42461497537533
2022-02-12 05:00:00,297.1011012331547,293.15197530549557
2022-02-12 06:00:00,301.5045427225404,294.872237783
2022-02-12 08:00:00,306.6602613452036,297.2929549489073
2022-02-12 09:00:00,307.09467523748225,297.9656949976376
2022-02-12 17:00:00,284.1182583425372,287.2543696563674
2022-02-12 18:00:00,282.8962406340659,286.1244022504574
2022-02-12 20:00:00,281.25444002548244,284.61574038371833
2022-02-12 21:00:00,280.674418092325,283.7127129036032
2022-02-13 05:00:00,296.99596930505317,294.13207316582304
2022-02-13 06:00:00,301.140989118438,296.19383796962273
2022-02-13 08:00:00,306.0010448861379,298.0210578342432
2022-02-13 09:00:00,306.7690449907159,298.54429076302034
2022-02-13 17:00:00,287.8102753908131,289.333078581306
2022-02-13 18:00:00,286.9812820505104,288.5288685238784
2022-02-13 20:00:00,285.69514526461234,287.48857629244065
2022-02-13 21:00:00,285.05269612222685,286.90017121819017
2022-02-14 05:00:00,297.05788885977677,294.21956663910527
2022-02-14 06:00:00,301.2657886616806,296.6069971916305
2022-02-14 08:00:00,306.08276454179054,298.5506901674903
2022-02-14 09:00:00,307.0031693845023,298.9666083149256
2022-02-14 17:00:00,288.40980774301966,289.9502196466243
2022-02-14 18:00:00,287.56368597703647,289.12211672367044
2022-02-14 20:00:00,286.01136871478957,287.74947595816735
2022-02-14 21:00:00,285.1928446671261,286.9480040187278
2022-02-15 05:00:00,296.96272268427543,294.2864411622975
2022-02-15 06:00:00,300.7366645236964,296.3704029194931
2022-02-15 08:00:00,306.37353179414396,298.8580768743906
2022-02-15 09:00:00,307.6061724411504,299.2572879409202
2022-02-15 17:00:00,288.198630922197,289.8254749550842
2022-02-15 18:00:00,287.48140604874385,289.199398117183
2022-02-15 20:00:00,285.23226136382453,287.1574985169116
2022-02-15 21:00:00,284.170718459025,286.2880186953787
2022-02-16 05:00:00,299.154226505885,295.88994228086784
2022-02-16 06:00:00,303.38699545368024,297.87060746720465
2022-02-16 08:00:00,308.49813899200393,299.6249161824607
2022-02-16 09:00:00,309.0359699737126,300.1351217261081
2022-02-16 17:00:00,288.053599188618,290.0509825296505
2022-02-16 18:00:00,287.19423262915006,289.30035395688384
2022-02-16 20:00:00,285.9103404604966,287.79740200424783
2022-02-16 21:00:00,284.81534636369656,286.83768222144647
2022-02-17 05:00:00,298.4807374128392,295.58755220433784
2022-02-17 06:00:00,302.99657791678453,297.9625552372866
2022-02-17 08:00:00,308.89500375521385,299.8730571258968
2022-02-17 09:00:00,309.0739944293429,300.2362218542349
2022-02-17 17:00:00,286.4247190360847,291.60395869415237
2022-02-17 18:00:00,285.2554575445472,289.895970772154
2022-02-17 20:00:00,283.65951585108405,286.17111445869244
2022-02-17 21:00:00,283.3227784284642,285.9402765588511
2022-02-18 05:00:00,299.2604127951506,296.17471304072075
2022-02-18 06:00:00,303.69504548294697,298.52816673713767
2022-02-18 08:00:00,305.4748052235561,299.7151932914745
2022-02-18 09:00:00,305.49450603655566,299.97804130942137
2022-02-18 17:00:00,287.39911410621204,290.4429267213231
2022-02-18 18:00:00,286.1788364874747,288.48402976108076
2022-02-18 20:00:00,286.5646932687157,289.15109074244333
2022-02-18 21:00:00,286.3805728906476,288.62893293524746
2022-02-19 05:00:00,300.1585252994014,296.7486208311766
2022-02-19 06:00:00,304.3665945467487,298.5590560513395
2022-02-19 08:00:00,309.4857326560468,299.88695233408225
2022-02-19 09:00:00,310.1414049615845,300.3635182432107
2022-02-19 17:00:00,289.1666561414722,290.71695597550166
2022-02-19 18:00:00,288.0335105578595,289.75229286229114
2022-02-19 20:00:00,286.1339456472999,287.9883815959348
2022-02-19 21:00:00,284.99639847906786,286.72906599941166
2022-02-20 05:00:00,299.36800587893634,296.28477007802724
2022-02-20 06:00:00,302.60343418209504,297.87354963916846
2022-02-20 08:00:00,305.502155674257,299.87623292896524
2022-02-20 09:00:00,305.61404837445235,300.33961204681634
2022-02-20 17:00:00,288.5742875673738,290.3183351584318
2022-02-20 18:00:00,287.4032634623429,289.2844358423642
2022-02-20 20:00:00,285.6111696357903,287.5951373037094
2022-02-20 21:00:00,284.226033849966,286.6656965305699
2022-02-21 05:00:00,301.68013816328005,297.8757303763979
2022-02-21 06:00:00,305.8677653825522,299.77103528697245
2022-02-21 08:00:00,309.6632297086789,301.9377648069972
2022-02-21 09:00:00,309.90361363862075,302.56071399283155
2022-02-21 17:00:00,290.91012277000675,293.06662163638924
2022-02-21 18:00:00,290.32939434786243,292.77011249465824
2022-02-21 20:00:00,289.74249138266356,292.22227139465616
2022-02-21 21:00:00,289.26089322364936,291.698767075737
2022-02-22 05:00:00,301.69292039680187,299.2833919907204
2022-02-22 06:00:00,305.71556827210134,301.84636040498003
2022-02-22 08:00:00,310.0871522782947,305.0658003890827
2022-02-22 09:00:00,310.479069385029,305.6623843153379
2022-02-22 17:00:00,294.20208895408507,295.73096344981616
2022-02-22 18:00:00,293.5324955309852,295.08784397871733
2022-02-22 20:00:00,291.91954997434453,293.20283804542294
2022-02-22 21:00:00,290.6457503308501,291.7793908023687
2022-02-23 05:00:00,301.70190540190293,297.33440207553394
2022-02-23 06:00:00,306.22216491229,299.3262623227065
2022-02-23 08:00:00,311.79864363236857,301.2029824749163
2022-02-23 09:00:00,312.6764415394176,301.6305158759119
2022-02-23 17:00:00,290.7002667631317,292.2590515418854
2022-02-23 18:00:00,289.72604351308206,291.3385251696194
2022-02-23 20:00:00,288.7187926258622,290.68144874984205
2022-02-23 21:00:00,288.31100536752007,290.0424955864717
2022-02-24 05:00:00,300.32199233044827,296.8855777969713
2022-02-24 06:00:00,304.30890028943264,298.7831803896394
2022-02-24 08:00:00,310.13126969300725,300.34284766245696
2022-02-24 09:00:00,310.8085288119794,300.90426287775966
2022-02-24 17:00:00,290.7991146328636,292.2006132011237
2022-02-24 18:00:00,289.856907966508,291.43873657320614
2022-02-24 20:00:00,287.8840994107521,289.8587617800673
2022-02-24 21:00:00,287.0224404827289,289.08159556337426
2022-02-25 05:00:00,301.9003989009534,297.95719037401295
2022-02-25 06:00:00,306.0292500406274,299.83846502789
2022-02-25 08:00:00,310.396056588148,301.67893838515084
2022-02-25 09:00:00,310.86838772484265,302.1873223726481
2022-02-25 17:00:00,289.310047308359,291.6663262318757
2022-02-25 18:00:00,288.386476842942,290.6641805263808
2022-02-25 20:00:00,288.42052996948433,291.10170055794975
2022-02-25 21:00:00,288.4281596226391,290.8959150035135
2022-02-26 05:00:00,301.95854408017294,298.11911826581917
2022-02-26 06:00:00,306.6551123620549,300.470617403051
2022-02-26 08:00:00,311.8814796953246,301.9053540575119
2022-02-26 09:00:00,312.3541646995603,302.43651784182697
2022-02-26 17:00:00,291.4195348566229,292.8103177580517
2022-02-26 18:00:00,290.49286248393713,291.9758070136072
2022-02-26 20:00:00,288.6963248230827,289.92521559328804
2022-02-26 21:00:00,288.10215923855964,289.40228859265153
2022-02-27 05:00:00,299.10104593473886,294.8188422956893
2022-02-27 06:00:00,303.34258215012284,297.05692525196514
2022-02-27 08:00:00,308.09045957967936,299.0159780916705
2022-02-27 09:00:00,308.90079913264253,299.50990887893187
2022-02-27 17:00:00,290.27103813183146,291.13867211011234
2022-02-27 18:00:00,289.34711683182206,290.2374128626749
2022-02-27 20:00:00,287.67335253981486,288.67687473385286
2022-02-27 21:00:00,286.8585316286249,287.8889288762685
2022-02-28 05:00:00,299.2980467762529,294.0098296225714
2022-02-28 06:00:00,303.9959615933693,295.8992514823361
2022-02-28 08:00:00,310.2421847491859,298.4245897478242
2022-02-28 09:00:00,310.8406169873724,299.21304572859236
2022-02-28 17:00:00,288.80998436879304,290.04627407644125
2022-02-28 18:00:00,287.6436216004641,289.1154804905684
2022-02-28 20:00:00,285.951547796076,287.6471659185707
2022-02-28 21:00:00,285.1553487439736,286.8400975302298
2022-03-01 05:00:00,301.35348748205627,296.38743003527816
2022-03-01 06:00:00,305.70647998216157,298.07458498444873
2022-03-01 08:00:00,311.27361954746334,299.97025337865796
2022-03-01 09:00:00,311.973911726236,300.5076557976439
2022-03-01 17:00:00,290.21500292103536,291.4000749161872
2022-03-01 18:00:00,289.17448338301415,290.5267476227324
2022-03-01 20:00:00,287.1166584737863,288.71664821348503
2022-03-01 21:00:00,286.10496121305164,287.7437170936808
2022-03-02 05:00:00,301.31217136001,297.1893287270756
2022-03-02 06:00:00,305.3431477127898,299.2423155421653
2022-03-02 08:00:00,309.97560599258026,301.56794223873567
2022-03-02 09:00:00,310.6768552430422,302.07548812137367
2022-03-02 17:00:00,291.92079115575194,293.7356211657884
2022-03-02 18:00:00,291.36656017332854,293.0993240426979
2022-03-02 20:00:00,289.98928351027575,291.5707147301437
2022-03-02 21:00:00,289.30512222266526,290.8426176755932
2022-03-03 05:00:00,302.6183460159184,297.1624087435071
2022-03-03 06:00:00,306.962775114321,299.32409160126156
2022-03-03 08:00:00,310.6737228652178,300.71453695194384
2022-03-03 09:00:00,310.2929611323611,301.0649678563851
2022-03-03 17:00:00,290.5582242710014,291.5838746480839
2022-03-03 18:00:00,289.72640222393676,290.86117144615514
2022-03-03 20:00:00,288.4119353683777,289.7264424046309
2022-03-03 21:00:00,287.740513805983,289.0410635879117
2022-03-04 05:00:00,300.1047072212208,294.81118640400047
2022-03-04 06:00:00,303.8888192198861,296.5806821285301
2022-03-04 08:00:00,308.3112830116495,299.13499709307143
2022-03-04 09:00:00,308.71783473127977,299.8217300391528
2022-03-04 17:00:00,290.12779040696626,291.32494266080926
2022-03-04 18:00:00,289.11821327150693,290.4655200505661
2022-03-04 20:00:00,287.4416474517211,288.991992168691
2022-03-04 21:00:00,286.57982836519074,288.161713728001
2022-03-05 05:00:00,302.33806075226914,295.81515801522323
2022-03-05 06:00:00,306.7225420794612,297.7676829380688
2022-03-05 08:00:00,311.25707904363077,300.28455805374404
2022-03-05 09:00:00,311.23026410824343,300.8855040892615
2022-03-05 17:00:00,290.1103024945604,291.49084364504586
2022-03-05 18:00:00,289.0925900498965,290.57281028618246
2022-03-05 20:00:00,287.63191446501224,289.3131158061682
2022-03-05 21:00:00,286.997130407207,288.7988958138347
2022-03-06 05:00:00,302.8008821366932,297.7947851336792
2022-03-06 06:00:00,306.98506449036677,299.46939195065727
2022-03-06 08:00:00,312.3836226970279,301.9967687339372
2022-03-06 09:00:00,312.5531570364037,302.46620824781525
2022-03-06 17:00:00,293.1784596964832,294.28897604920286
2022-03-06 18:00:00,292.6621195553631,293.7992617661487
2022-03-06 20:00:00,292.009440135515,293.1940872592074
2022-03-06 21:00:00,291.5406723610242,292.63330134551956
2022-03-07 05:00:00,303.61366920882637,298.9934067454287
2022-03-07 06:00:00,308.01107080397884,301.2758464607509
2022-03-07 08:00:00,312.58677106719176,303.2913939207104
2022-03-07 09:00:00,313.15709022087015,303.75348629238795
2022-03-07 17:00:00,293.1423525817589,294.4410472570105
2022-03-07 18:00:00,292.40772182658566,293.8603545954489
2022-03-07 20:00:00,291.3399551227023,292.85410326471316
2022-03-07 21:00:00,290.8142924022234,292.21649477919004
2022-03-08 05:00:00,302.592426294171,298.805995241703
2022-03-08 06:00:00,306.72224668435217,301.0982919936922
2022-03-08 08:00:00,311.09177766632405,303.50105972172486
2022-03-08 09:00:00,311.65972192702566,303.98009148878384
2022-03-08 17:00:00,291.78250216115237,293.1763138264096
2022-03-08 18:00:00,291.5434916162711,292.6358136381317
2022-03-08 20:00:00,290.5905911250181,291.7782058598264
2022-03-08 21:00:00,289.8997629456601,291.13745436940246
2022-03-09 05:00:00,305.6892326601848,300.01220049512773
2022-03-09 06:00:00,309.73799185025496,301.7526174583494
2022-03-09 08:00:00,312.4748198475419,303.0692246118202
2022-03-09 09:00:00,312.34079035919143,303.404360026167
2022-03-09 17:00:00,292.96577321950383,293.80910116939225
2022-03-09 18:00:00,291.74365311962066,292.51162806718116
2022-03-09 20:00:00,289.1928020882864,291.9021206519269
2022-03-09 21:00:00,288.32474239214173,291.8127604809307
2022-03-10 05:00:00,306.09188334930843,299.8451079381817
2022-03-10 06:00:00,309.73491545267206,301.2300214723373
2022-03-10 08:00:00,313.715111378345,302.50448276890074
2022-03-10 09:00:00,313.5926900666741,302.92530145630445
2022-03-10 17:00:00,292.20338670351475,293.94793741140967
2022-03-10 18:00:00,291.2204388587611,292.92559616958783
2022-03-10 20:00:00,289.79628808913503,291.8326103081137
2022-03-10 21:00:00,289.1702617768698,291.19809667649
2022-03-11 05:00:00,305.565109182396,300.1859871698271
2022-03-11 06:00:00,309.6061507402841,301.58118658550717
2022-03-11 08:00:00,314.63145531417786,303.42968284477627
2022-03-11 09:00:00,314.71617053580025,303.89571010313347
2022-03-11 17:00:00,293.3780474552572,294.80036796957756
2022-03-11 18:00:00,291.89130193536926,293.40126630080687
2022-03-11 20:00:00,289.53642954774926,292.8059816757226
2022-03-11 21:00:00,288.8086326375764,292.4703968441909
2022-03-12 05:00:00,307.8772248442993,301.1906687732103
2022-03-12 06:00:00,311.78485815109934,302.710027333217
2022-03-12 08:00:00,315.6489505150653,304.89517153135984
2022-03-12 09:00:00,315.25662746341277,305.4320939685604
2022-03-12 17:00:00,293.22954922574695,296.95417315419905
2022-03-12 18:00:00,291.73533538677293,297.245233003825
2022-03-12 20:00:00,289.84426717655316,296.65169300614224
2022-03-12 21:00:00,289.2481550266636,295.95451202157466
2022-03-13 05:00:00,309.4626399247415,304.0862762968419
2022-03-13 06:00:00,312.89098048981606,305.64072910773183
2022-03-13 08:00:00,316.5858748190576,307.4812454670346
2022-03-13 09:00:00,316.6692455979452,307.90777902941124
2022-03-13 17:00:00,295.52514646086377,297.77780917833326
2022-03-13 18:00:00,294.4528920272098,296.82246866799284
2022-03-13 20:00:00,293.48213546118126,295.94107318989853
2022-03-13 21:00:00,292.95560618725324,295.3477745350043
2022-03-14 05:00:00,309.17536848682465,304.6741463024921
2022-03-14 06:00:00,313.58689386635245,306.7464089415658
2022-03-14 08:00:00,317.7654391907397,308.90065933486164
2022-03-14 09:00:00,317.665943939256,309.3362053869686
2022-03-14 17:00:00,296.39149258794333,298.5286289444322
2022-03-14 18:00:00,295.3846638919025,297.52198986647124
2022-03-14 20:00:00,294.3661904827289,296.9105767248592
2022-03-14 21:00:00,293.98502071245423,296.53178271747703
2022-03-15 05:00:00,308.3869188540889,304.75740147665584
2022-03-15 06:00:00,312.4617845861497,307.05689292402224
2022-03-15 08:00:00,316.76905397200625,309.57517991264353
2022-03-15 09:00:00,316.92115771935795,309.9782222988793
2022-03-15 17:00:00,297.4846004491962,299.461776686376
2022-03-15 18:00:00,296.60641249082124,298.71950200673064
2022-03-15 20:00:00,295.6467505456487,297.9901008312067
2022-03-15 21:00:00,295.10760777830524,297.30666846229775
2022-03-16 05:00:00,309.0287826138395,304.9548045483135
2022-03-16 06:00:00,313.40303791910185,307.2538785302584
2022-03-16 08:00:00,317.69515283522884,309.89452577188314
2022-03-16 09:00:00,317.8012131278063,310.4484979896957
2022-03-16 17:00:00,298.1755243897989,300.0267717922781
2022-03-16 18:00:00,297.2384074582892,299.2451820784982
2022-03-16 20:00:00,296.05034471696996,298.3149575584659
2022-03-16 21:00:00,295.5611129078917,297.77583719732587
2022-03-17 05:00:00,308.8025097251857,305.0985882587168
2022-03-17 06:00:00,313.2657829484514,307.56608113669466
2022-03-17 08:00:00,318.8891324835309,310.68725818698687
2022-03-17 09:00:00,319.3337872568374,311.263065849504
2022-03-17 17:00:00,298.43858358562454,300.35716315741166
2022-03-17 18:00:00,297.532325803407,299.7103356830144
2022-03-17 20:00:00,296.15857328582433,298.62398854683283
2022-03-17 21:00:00,295.58969527657484,298.0763115552247
2022-03-18 05:00:00,312.1393254637168,304.9439625321258
2022-03-18 06:00:00,316.52613002971066,307.2865905291494
2022-03-18 08:00:00,321.2165558378575,310.0792882181647
2022-03-18 09:00:00,321.25563364366906,310.7145412309879
2022-03-18 17:00:00,295.97749352124515,298.25018764313637
2022-03-18 18:00:00,294.36016831596385,298.01070174818227
2022-03-18 20:00:00,292.1521266002685,296.77312769250625
2022-03-18 21:00:00,291.4878201712445,294.93152824131477
2022-03-19 05:00:00,311.31065890601684,305.7687489137811
2022-03-19 06:00:00,315.2150139948253,307.71390776788513
2022-03-19 08:00:00,319.03386132191804,309.94120123206375
2022-03-19 09:00:00,319.1285746711061,310.3916700036941
2022-03-19 17:00:00,297.8438432925655,299.76207894206226
2022-03-19 18:00:00,296.8021701524732,298.9002315715208
2022-03-19 20:00:00,295.8675127073503,298.3409394203974
2022-03-19 21:00:00,295.51796464964127,298.0396145437091
2022-03-20 05:00:00,309.3317964903562,305.3108885402121
2022-03-20 06:00:00,313.49614940108427,307.48020116867747
2022-03-20 08:00:00,317.0576863810535,308.88640616818094
2022-03-20 09:00:00,316.8143619014229,309.00265747446497
2022-03-20 17:00:00,296.6439087666422,298.51913755443314
2022-03-20 18:00:00,295.9077022652413,298.01957674423244
2022-03-20 20:00:00,295.2298362978802,297.70407885065066
2022-03-20 21:00:00,294.92409013416074,297.3668728491926
2022-03-21 05:00:00,310.1933257539394,305.46490511431347
2022-03-21 06:00:00,315.05698085602705,307.5206650556144
2022-03-21 08:00:00,319.1637627788244,309.05490650711886
2022-03-21 09:00:00,318.82466092572565,309.2839569656067
2022-03-21 17:00:00,298.30446092226475,300.1215334570464
2022-03-21 18:00:00,297.08503189439585,299.1461218553258
2022-03-21 20:00:00,295.4132060328691,297.7339482711534
2022-03-21 21:00:00,294.9041040358815,297.208926208214
2022-03-22 05:00:00,311.8174920927027,305.0124035146093
2022-03-22 06:00:00,316.5286627065603,307.0288256864151
2022-03-22 08:00:00,320.54068465739806,308.74391277765824
2022-03-22 09:00:00,319.7976740762155,309.05943580474616
2022-03-22 17:00:00,297.72414284163887,299.3275101342811
2022-03-22 18:00:00,296.8247799160668,298.6825014181975
2022-03-22 20:00:00,295.58711687038056,297.7323543272327
2022-03-22 21:00:00,295.13177208099603,297.17924863935804
2022-03-23 05:00:00,310.25034629692465,304.6022930409765
2022-03-23 06:00:00,314.3842775788623,306.3501166768361
2022-03-23 08:00:00,317.60592630207077,307.78530178452127
2022-03-23 09:00:00,317.46379204560503,308.14409384705436
2022-03-23 17:00:00,297.94703613187204,299.4284834898492
2022-03-23 18:00:00,297.42428786361535,298.94885653597186
2022-03-23 20:00:00,296.6391902741372,298.4564014546493
2022-03-23 21:00:00,296.14039755234916,297.9260210410472
2022-03-24 05:00:00,308.3329038458356,303.69918571672014
2022-03-24 06:00:00,312.480275652258,305.6447825380393
2022-03-24 08:00:00,317.42152562310406,307.53223272244253
2022-03-24 09:00:00,317.91784888974325,308.06772048080285
2022-03-24 17:00:00,296.7660647540688,298.4584228327535
2022-03-24 18:00:00,295.83748423336834,297.6874729855953
2022-03-24 20:00:00,295.01728287095835,297.13983323577736
2022-03-24 21:00:00,294.50939544066443,296.5172374472596
2022-03-25 05:00:00,309.5551765100982,305.26848152054845
2022-03-25 06:00:00,313.5512684732446,307.19071958098095
2022-03-25 08:00:00,317.603650861602,308.74097173423354
2022-03-25 09:00:00,317.4314390161923,308.84848840651784
2022-03-25 17:00:00,296.2250841608033,298.38159280785794
2022-03-25 18:00:00,294.7633039007202,297.22534356021737
2022-03-25 20:00:00,292.64430439012995,295.09772342158766
2022-03-25 21:00:00,291.82794368138485,294.20014751416693
2022-03-26 05:00:00,313.20890758731883,306.664984563466
2022-03-26 06:00:00,317.1270891139614,308.16115613564136
2022-03-26 08:00:00,318.7726825778767,309.42929305207383
2022-03-26 09:00:00,318.34074740417196,309.5641328550083
2022-03-26 17:00:00,295.0720767592796,297.6408503081288
2022-03-26 18:00:00,293.6446328655414,296.5027256335243
2022-03-26 20:00:00,292.01588990104216,294.93834642783514
2022-03-26 21:00:00,291.3390818685523,294.46147287424617
2022-03-27 05:00:00,312.11843641660244,307.62922040707156
2022-03-27 06:00:00,316.3288915131602,309.16755342410045
2022-03-27 08:00:00,319.25206506197185,310.37550727832485
2022-03-27 09:00:00,318.9885251320015,310.4768849565362
2022-03-27 17:00:00,297.37678584258987,299.63124378363045
2022-03-27 18:00:00,296.19970458608196,298.6549286923166
2022-03-27 20:00:00,294.4330244960697,297.168832035388
2022-03-27 21:00:00,293.8108224736524,296.56126996291624
2022-03-28 05:00:00,310.82068127366176,306.7222238079242
2022-03-28 06:00:00,314.9768759282234,308.7712362139545
2022-03-28 08:00:00,319.70223926138624,310.84137475435466
2022-03-28 09:00:00,320.41801226928897,311.2160012784467
2022-03-28 17:00:00,297.61274371272066,299.5597806439745
2022-03-28 18:00:00,296.42397862039104,298.58578328983447
2022-03-28 20:00:00,294.7987017521322,297.3829538024996
2022-03-28 21:00:00,294.0300093593509,296.668131236119
2022-03-29 05:00:00,311.06270541762717,306.78663531804483
2022-03-29 06:00:00,315.4620207564673,309.1757488515234
2022-03-29 08:00:00,319.9848647389463,311.2747382823785
2022-03-29 09:00:00,320.5096734609736,311.64025044257545
2022-03-29 17:00:00,299.07371347012986,301.0668909105204
2022-03-29 18:00:00,297.9085887091921,299.99548276363424
2022-03-29 20:00:00,296.3457408605261,298.6560060709761
2022-03-29 21:00:00,295.6847921644778,297.9234590927148
2022-03-30 05:00:00,312.8582264058212,307.94736439568237
2022-03-30 06:00:00,317.27357055005746,309.6741861305178
2022-03-30 08:00:00,321.6911629557793,311.52329492789386
2022-03-30 09:00:00,321.7771771729268,311.90457254418607
2022-03-30 17:00:00,299.81567636733797,301.86111816970515
2022-03-30 18:00:00,298.81427366377204,301.0228820941849
2022-03-30 20:00:00,297.3279174428508,299.781424382802
2022-03-30 21:00:00,296.822905412624,299.2601207621476
2022-03-31 05:00:00,312.8091857157797,307.81511343792886
2022-03-31 06:00:00,317.26315914206964,309.75181476140426
2022-03-31 08:00:00,320.73462386638255,311.4179492827006
2022-03-31 09:00:00,320.4083275699469,311.62650462475324
2022-03-31 17:00:00,298.5349378071507,300.70573528742386
2022-03-31 18:00:00,297.3140703386445,299.67267772045636
2022-03-31 20:00:00,296.0591667657273,298.6314740761403
2022-03-31 21:00:00,295.6419227259185,297.9907300152654
2022-04-01 05:00:00,312.87588745493366,306.7845689394441
2022-04-01 06:00:00,316.7216393657385,308.2505840424948
2022-04-01 08:00:00,320.4943613249275,309.896722003014
2022-04-01 09:00:00,320.52484410643024,310.3329156484736
2022-04-01 17:00:00,296.6545956087039,299.56546796378444
2022-04-01 18:00:00,294.63995156780413,299.60196776309255
2022-04-01 20:00:00,292.23319504183877,298.996217395565
2022-04-01 21:00:00,291.4938290541638,298.25756022448905
2022-04-02 05:00:00,315.22693054481357,308.7845786025602
2022-04-02 06:00:00,318.75430260233594,309.9727668468317
2022-04-02 08:00:00,321.9424899296694,311.67274479799903
2022-04-02 09:00:00,321.6922306713228,311.9688295855177
2022-04-02 17:00:00,298.56180355030875,300.89886484013874
2022-04-02 18:00:00,297.28568856778605,299.7996085803204
2022-04-02 20:00:00,295.7474276361921,298.73703997454766
2022-04-02 21:00:00,295.1614693522637,298.1768929785683
2022-04-03 05:00:00,312.7572696491823,308.4321680759612
2022-04-03 06:00:00,317.09714227097425,310.37492502268367
2022-04-03 08:00:00,321.2477740741841,312.0448728775941
2022-04-03 09:00:00,321.3204835677184,312.25348194281014
2022-04-03 17:00:00,298.64287330850794,301.0326144272815
2022-04-03 18:00:00,297.604022009898,300.2114978666849
2022-04-03 20:00:00,295.6910272019302,298.362895877409
2022-04-03 21:00:00,294.99017117681046,297.73481962089363
2022-04-04 05:00:00,314.2589554044609,308.07592350235336
2022-04-04 06:00:00,318.8611408110209,310.1254701305795
2022-04-04 08:00:00,321.7867199819885,311.7235461265905
2022-04-04 09:00:00,321.12390787979854,311.8546310918541
2022-04-04 17:00:00,297.34652183309356,299.64492499258927
2022-04-04 18:00:00,295.4223789162188,298.0376240358515
2022-04-04 20:00:00,293.2202356276784,296.50919893379387
2022-04-04 21:00:00,292.3766878712894,295.49698468459593
2022-04-05 05:00:00,315.76774310330944,308.5026571453077
2022-04-05 06:00:00,319.95351288829266,310.609386379436
2022-04-05 08:00:00,323.04117761738314,312.2557728771804
2022-04-05 09:00:00,322.5564132243716,312.4921493647829
2022-04-05 17:00:00,299.12762300699995,301.4669844240915
2022-04-05 18:00:00,297.87239589603,300.5069250215551
2022-04-05 20:00:00,295.72253239283395,298.5766482360558
2022-04-05 21:00:00,294.9524845775728,297.97540584146884
2022-04-06 05:00:00,315.03890276469514,309.3705088375897
2022-04-06 06:00:00,319.1332350203363,311.15769481218103
2022-04-06 08:00:00,322.98537180567007,312.43512035775444
2022-04-06 09:00:00,322.6971496676076,312.69660218507744
2022-04-06 17:00:00,298.7143406566743,301.136948243128
2022-04-06 18:00:00,296.8778078758111,299.6984513904354
2022-04-06 20:00:00,294.27928457862606,297.20383659092414
2022-04-06 21:00:00,293.18625672609306,296.99171551203324
2022-04-07 05:00:00,317.93937372757216,310.41244180029827
2022-04-07 06:00:00,321.69486461104526,311.7067446716026
2022-04-07 08:00:00,325.2162888913382,313.1201150244667
2022-04-07 09:00:00,324.7711772477865,313.3253394833699
2022-04-07 17:00:00,298.93817265632526,301.1454234071799
2022-04-07 18:00:00,296.9176499612159,299.8474098287856
2022-04-07 20:00:00,293.95928181558617,301.8431063095116
2022-04-07 21:00:00,293.02031234012367,299.57254110609625
2022-04-08 05:00:00,316.9154546000006,310.7973376069855
2022-04-08 06:00:00,320.56165479474885,312.3384165712425
2022-04-08 08:00:00,324.71946443578315,313.7637778871416
2022-04-08 09:00:00,324.4794398985218,313.9731680424812
2022-04-08 17:00:00,301.29391314913573,303.3785207833641
2022-04-08 18:00:00,300.27966710635803,302.50222733648974
2022-04-08 20:00:00,298.7467255673167,301.1058410738576
2022-04-08 21:00:00,298.10963334140865,300.3999698915173
2022-04-09 05:00:00,315.2783077104801,310.1527135111334
2022-04-09 06:00:00,319.3320433582841,311.9637358067399
2022-04-09 08:00:00,323.84264965086766,313.7482299334463
2022-04-09 09:00:00,323.24671225995974,313.7685089816665
2022-04-09 17:00:00,301.80811901121916,303.2733029452237
2022-04-09 18:00:00,300.5869905445352,302.2576158520621
2022-04-09 20:00:00,299.0181133111563,301.081681050211
2022-04-09 21:00:00,298.3555820506233,300.41861627281907
2022-04-10 05:00:00,314.7489909214672,309.7493995936883
2022-04-10 06:00:00,319.0526324538127,311.52145373986576
2022-04-10 08:00:00,323.9801140125433,313.07263583284686
2022-04-10 09:00:00,324.3686731276784,313.4123164619246
2022-04-10 17:00:00,301.9595428372752,303.6166722278566
2022-04-10 18:00:00,300.85151872208746,302.6754886057051
2022-04-10 20:00:00,298.9301669880495,301.1513650950005
2022-04-10 21:00:00,298.2526117451202,300.48052433055057
2022-04-11 05:00:00,314.15208881771986,309.1775248899298
2022-04-11 06:00:00,318.36286272657304,311.0643804047618
2022-04-11 08:00:00,324.2248516347265,313.36374726611405
2022-04-11 09:00:00,324.3463242447064,313.831988741694
2022-04-11 17:00:00,302.3987969397029,303.81129855257336
2022-04-11 18:00:00,301.49968899343344,303.00595899208673
2022-04-11 20:00:00,300.3540066805753,301.90886665896755
2022-04-11 21:00:00,299.7565025247301,301.28473290677067
2022-04-12 05:00:00,312.94633411001905,307.6726091381949
2022-04-12 06:00:00,317.22008021844005,309.5614665873429
2022-04-12 08:00:00,320.8619412038653,311.6556405888868
2022-04-12 09:00:00,320.75416412118403,312.13730563735373
2022-04-12 17:00:00,300.55618669365884,302.4066651378097
2022-04-12 18:00:00,299.84723857297735,301.7794404580891
2022-04-12 20:00:00,298.73181229930816,301.02436633470063
2022-04-12 21:00:00,298.1073950486852,300.45805387100205
2022-04-13 05:00:00,312.3545025089305,306.8066598571871
2022-04-13 06:00:00,316.46600226591846,308.4861540948665
2022-04-13 08:00:00,321.57052297254194,310.6165777597295
2022-04-13 09:00:00,322.12165841924025,311.1638165490102
2022-04-13 17:00:00,300.8288601726891,302.1261247302791
2022-04-13 18:00:00,299.7262502003157,301.1799322284058
2022-04-13 20:00:00,298.2067819133929,300.18151714401364
2022-04-13 21:00:00,297.3932229205163,299.3714953218293
2022-04-14 05:00:00,313.8382013964543,308.5205616767307
2022-04-14 06:00:00,317.4081941437097,310.1774543327249
2022-04-14 08:00:00,321.76882805258543,311.6652563297878
2022-04-14 09:00:00,321.399257266099,311.8610337643851
2022-04-14 17:00:00,301.04994902294845,303.1193474062786
2022-04-14 18:00:00,300.5211156953833,302.60068061722814
2022-04-14 20:00:00,299.90401485778153,301.9137680688514
2022-04-14 21:00:00,299.4390230340473,301.34801397338305
2022-04-15 05:00:00,313.59163161455575,308.7064224031563
2022-04-15 06:00:00,317.2712310885061,310.7517981859863
2022-04-15 08:00:00,320.79604571185234,312.01514102130534
2022-04-15 09:00:00,320.9171113659311,312.27760787517155
2022-04-15 17:00:00,300.26140031388434,302.25667730722296
2022-04-15 18:00:00,299.49346246704664,301.6086533227577
2022-04-15 20:00:00,298.88909768690866,301.0003044469331
2022-04-15 21:00:00,298.08459616074765,300.0230564769868
2022-04-16 05:00:00,314.16641959497485,309.1530095410457
2022-04-16 06:00:00,318.42052759485,311.3459958633399
2022-04-16 08:00:00,322.9952958023236,312.9017782578667
2022-04-16 09:00:00,323.3303605889319,313.1672781310941
2022-04-16 17:00:00,300.84431553915584,303.0400880599059
2022-04-16 18:00:00,299.90411694354754,302.1756095945009
2022-04-16 20:00:00,298.63471651003795,300.9514364939074
2022-04-16 21:00:00,297.9706324972614,300.3331328922501
2022-04-17 05:00:00,314.58598739083266,308.10800488300055
2022-04-17 06:00:00,318.71504150296585,310.6026475198097
2022-04-17 08:00:00,322.35344659602515,313.0334892801952
2022-04-17 09:00:00,322.48825284843275,313.43076842885534
2022-04-17 17:00:00,303.73163754032646,305.5004637590358
2022-04-17 18:00:00,303.1409091332293,304.90624865985984
2022-04-17 20:00:00,301.2656034872234,303.2065865115502
2022-04-17 21:00:00,300.7399445050303,302.80593218458085
2022-04-18 05:00:00,313.92471880097236,309.43542398179443
2022-04-18 06:00:00,317.9778808922907,311.76290719571574
2022-04-18 08:00:00,322.8350423333825,313.69544169421556
2022-04-18 09:00:00,322.97772193285647,313.96723016348017
2022-04-18 17:00:00,302.4645111366119,304.1354943085892
2022-04-18 18:00:00,301.42419685163924,303.2327325994318
2022-04-18 20:00:00,300.0224895506684,302.05638162527686
2022-04-18 21:00:00,299.51209097981274,301.47440583827137
2022-04-19 05:00:00,314.8533959528331,309.30587824981643
2022-04-19 06:00:00,318.74536346764705,311.2789233755808
2022-04-19 08:00:00,321.2954604467736,312.55227205014927
2022-04-19 09:00:00,322.11430213117086,313.0929418719604
2022-04-19 17:00:00,302.1265606990397,303.91674924594776
2022-04-19 18:00:00,301.25536138361156,303.1490351084752
2022-04-19 20:00:00,299.8855078275472,301.9249366325297
2022-04-19 21:00:00,299.39083145212135,301.3064147996241
2022-04-20 05:00:00,317.4663306943074,310.21074781138657
2022-04-20 06:00:00,320.8664700312681,311.5341814978648
2022-04-20 08:00:00,323.61672099015016,312.49838017021386
2022-04-20 09:00:00,323.8497511947467,312.82675250836627
2022-04-20 17:00:00,303.9943085187022,305.2948139584487
2022-04-20 18:00:00,303.54191043894906,304.8862422243656
2022-04-20 20:00:00,302.945745670924,304.0706378954401
2022-04-20 21:00:00,302.43008754359926,303.2880322848704
2022-04-21 05:00:00,308.50978796066966,306.4027208936601
2022-04-21 06:00:00,308.89479137826225,305.96745368475536
2022-04-21 08:00:00,316.8428985407614,308.56061461085716
2022-04-21 09:00:00,316.508817228955,307.9230887438006
2022-04-21 17:00:00,299.20971216516244,301.28872619534866
2022-04-21 18:00:00,297.66663846102625,299.7910841132165
2022-04-21 20:00:00,295.6209130896993,297.9324885105315
2022-04-21 21:00:00,294.8940210562825,297.3348868771217
2022-04-22 05:00:00,314.36371460901387,308.651567808836
2022-04-22 06:00:00,317.764131989795,309.88531289592913
2022-04-22 08:00:00,321.14520893772874,310.8314798646054
2022-04-22 09:00:00,321.52439537107125,311.23634470041804
2022-04-22 17:00:00,300.54107884670077,302.1868004703375
2022-04-22 18:00:00,299.58517352605276,301.3555129746259
2022-04-22 20:00:00,298.19640509042614,300.15124182561516
2022-04-22 21:00:00,297.3844651749762,299.27331075095253
2022-04-23 05:00:00,317.5086764437025,309.02605357118676
2022-04-23 06:00:00,321.44542805770146,310.44944311767955
2022-04-23 08:00:00,325.8428216590352,311.49354550871533
2022-04-23 09:00:00,325.59946529817506,311.79938367188254
2022-04-23 17:00:00,300.62376914002317,302.06573227704587
2022-04-23 18:00:00,299.3710566257659,300.96563114113366
2022-04-23 20:00:00,296.4077935828634,298.6706868834415
2022-04-23 21:00:00,295.3020675729714,297.844762252549
2022-04-24 05:00:00,318.2369179512577,309.5881574069407
2022-04-24 06:00:00,322.2095595067382,310.7908103719514
2022-04-24 08:00:00,325.95111032259666,312.4201427159948
2022-04-24 09:00:00,325.4278879738736,312.7104334192027
2022-04-24 17:00:00,301.0186511305705,302.7700893360955
2022-04-24 18:00:00,299.9666812467649,301.9735477488655
2022-04-24 20:00:00,297.5132465098048,299.36700919082244
2022-04-24 21:00:00,295.9377411311874,298.3535744736118
2022-04-25 05:00:00,316.4819836961837,309.7681946365051
2022-04-25 06:00:00,320.19136012096436,311.64779569041013
2022-04-25 08:00:00,323.06810378440537,313.01605652513786
2022-04-25 09:00:00,322.6037966312356,313.1356666929365
2022-04-25 17:00:00,301.51141383284227,303.10554786529303
2022-04-25 18:00:00,300.8308622480725,302.62053486452265
2022-04-25 20:00:00,298.49312881916444,300.1041009371013
2022-04-25 21:00:00,296.5758830395245,300.83592249983445
2022-04-26 05:00:00,315.74084526732076,309.92950740396884
2022-04-26 06:00:00,319.63878226023064,311.59424808543343
2022-04-26 08:00:00,323.1284642623643,312.67419127947744
2022-04-26 09:00:00,323.7358451572883,313.07999136855676
2022-04-26 17:00:00,302.528251471615,304.3255093285042
2022-04-26 18:00:00,301.56552347380136,303.4602747889256
2022-04-26 20:00:00,300.3120850032578,302.4946001520142
2022-04-26 21:00:00,299.89423072944254,302.001715591031
2022-04-27 05:00:00,316.3583911490183,311.09848276382235
2022-04-27 06:00:00,319.4925486090003,312.6279767334737
2022-04-27 08:00:00,323.3892670853296,314.15352824582897
2022-04-27 09:00:00,323.7307133138271,314.37846409778564
2022-04-27 17:00:00,303.56224730128685,305.42938690890884
2022-04-27 18:00:00,302.7020663597918,304.7523537798913
2022-04-27 20:00:00,301.3937865082399,303.6339941274587
2022-04-27 21:00:00,300.70658423096074,302.9223242996286
2022-04-28 05:00:00,317.2396859285093,311.11238638902853
2022-04-28 06:00:00,321.0567049517286,312.8715677834439
2022-04-28 08:00:00,326.0462216934181,314.74969567062305
2022-04-28 09:00:00,326.3362685381356,315.08986472201826
2022-04-28 17:00:00,303.7431814372998,305.51919844852205
2022-04-28 18:00:00,302.9255407065934,304.8136540487845
2022-04-28 20:00:00,301.69823645075957,303.6466587342908
2022-04-28 21:00:00,301.03581124939063,302.9587061195785
2022-04-29 05:00:00,316.5073849952827,310.7714645785434
2022-04-29 06:00:00,319.93663558607295,312.2733816608258
2022-04-29 08:00:00,324.3117688242202,313.65555470235915
2022-04-29 09:00:00,324.514866856838,314.02345748454655
2022-04-29 17:00:00,302.59922917488,304.32071849194074
2022-04-29 18:00:00,301.60286144850255,303.4962723413124
2022-04-29 20:00:00,300.06895656027297,302.0487969255962
2022-04-29 21:00:00,299.0513799164805,301.07934107141244
2022-04-30 05:00:00,316.466098614944,309.6621203077225
2022-04-30 06:00:00,320.67291367917295,311.4244658201244
2022-04-30 08:00:00,324.8150908906581,313.21054004263624
2022-04-30 09:00:00,324.77797874133284,313.5643555769017
2022-04-30 17:00:00,302.4089764329061,305.59309185010443
2022-04-30 18:00:00,300.63570649745105,304.8402847971865
2022-04-30 20:00:00,298.7647656644989,301.5089198319681
2022-04-30 21:00:00,298.3514956340584,301.26286478145465
2022-05-01 05:00:00,316.0113480954398,310.97459985295137
2022-05-01 06:00:00,319.48460451663925,312.8809561942502
2022-05-01 08:00:00,324.75705426279313,315.15341734335124
2022-05-01 09:00:00,323.98969053671067,315.2307674131702
2022-05-01 17:00:00,304.0005551707028,306.26340586892996
2022-05-01 18:00:00,303.4255516158047,305.52340630059615
2022-05-01 20:00:00,303.0386213352574,305.30261909943334
2022-05-01 21:00:00,302.9462077371512,305.07806791473064
2022-05-02 05:00:00,313.8971007689489,309.2131036837774
2022-05-02 06:00:00,317.26537947221243,311.2679400333822
2022-05-02 08:00:00,320.74532836537884,313.57143135247134
2022-05-02 09:00:00,320.934349353949,313.9162696168309
2022-05-02 17:00:00,303.20955856628893,304.8614643020513
2022-05-02 18:00:00,302.3935710983394,304.14018016750526
2022-05-02 20:00:00,301.8674840471594,303.74907567945576
2022-05-02 21:00:00,301.51081116945244,303.1166078541055
2022-05-03 05:00:00,313.92620005556176,308.0922213232573
2022-05-03 06:00:00,317.1260683503467,309.6181304414394
2022-05-03 08:00:00,320.4013852206144,311.57011220782124
2022-05-03 09:00:00,320.480555388887,312.0453279139632
2022-05-03 17:00:00,302.06896852748974,303.6270739492172
2022-05-03 18:00:00,301.20186477449533,302.89053318864205
2022-05-03 20:00:00,300.0729368236289,302.05769016636174
2022-05-03 21:00:00,299.58552269134753,301.55811313341144
2022-05-04 05:00:00,314.9421833197031,308.56152924477414
2022-05-04 06:00:00,318.33608879477293,310.0656749566641
2022-05-04 08:00:00,321.7133729343973,311.4578943472981
2022-05-04 09:00:00,321.7245030572124,311.8770355788879
2022-05-04 17:00:00,301.7491867700233,303.331597679385
2022-05-04 18:00:00,300.7295631679071,302.50802701647365
2022-05-04 20:00:00,299.0138621043718,301.05045225734153
2022-05-04 21:00:00,298.3158924120417,300.37335564799963
2022-05-05 05:00:00,316.4783470964946,309.20276052889363
2022-05-05 06:00:00,319.99198915925336,310.72342459703634
2022-05-05 08:00:00,323.0762945566045,312.03298501130797
2022-05-05 09:00:00,323.03119615928057,312.3298207240406
2022-05-05 17:00:00,303.21553267609727,304.5638980248309
2022-05-05 18:00:00,302.3555263290053,303.82477650693824
2022-05-05 20:00:00,302.0304239564023,303.63891914261876
2022-05-05 21:00:00,301.5538841917629,302.87573639527307
2022-05-06 05:00:00,318.74166717294185,309.74828447950273
2022-05-06 06:00:00,322.3402681982572,311.0905500038747
2022-05-06 08:00:00,322.8004505645329,311.26641817489656
2022-05-06 09:00:00,323.4348034968913,311.8909473860025
2022-05-06 17:00:00,301.5361582516522,304.77909618313026
2022-05-06 18:00:00,299.97022053346797,303.36172095065126
2022-05-06 20:00:00,298.3917516346889,300.61000049279545
2022-05-06 21:00:00,297.93125370066775,300.2005606770332
2022-05-07 05:00:00,316.29315013914885,310.71255373256787
2022-05-07 06:00:00,319.47534910886793,312.0183612606007
2022-05-07 08:00:00,322.48517456995137,313.0834302623026
2022-05-07 09:00:00,323.15958819514253,313.41285928923105
2022-05-07 17:00:00,303.03702748538166,304.7437254401679
2022-05-07 18:00:00,302.1580974655269,304.10567292153195
2022-05-07 20:00:00,301.92360206451184,304.1824757204218
2022-05-07 21:00:00,301.5164775172441,303.56091720040297
2022-05-08 05:00:00,316.25025232253347,311.41404460795303
2022-05-08 06:00:00,319.247823377236,312.817769407675
2022-05-08 08:00:00,322.0815472477941,314.1581288765318
2022-05-08 09:00:00,322.8222484618012,314.53987185062357
2022-05-08 17:00:00,303.61086610579525,305.5449177135121
2022-05-08 18:00:00,302.6951559622226,304.9414510388955
2022-05-08 20:00:00,301.69253208530705,304.19988834986515
2022-05-08 21:00:00,301.27431209429017,303.488516033155
2022-05-09 05:00:00,317.86719055646006,311.088354807238
2022-05-09 06:00:00,321.28617999954105,312.9062825865665
2022-05-09 08:00:00,324.92723076442724,314.988892565523
2022-05-09 09:00:00,325.09552187691855,315.29083811520434
2022-05-09 17:00:00,303.44647564763096,305.3946024655194
2022-05-09 18:00:00,302.3415900702102,304.5227355251695
2022-05-09 20:00:00,301.5481255153662,304.10316107563324
2022-05-09 21:00:00,301.06294431524765,303.2771435048437
2022-05-10 05:00:00,319.99672354535073,311.7419299109508
2022-05-10 06:00:00,322.8890340420058,313.51178752035133
2022-05-10 08:00:00,325.3083792570376,315.361070559462
2022-05-10 09:00:00,325.1080077278596,315.61523402233155
2022-05-10 17:00:00,304.88951099084227,306.7185435008562
2022-05-10 18:00:00,303.84722780483344,305.86725751644656
2022-05-10 20:00:00,301.48461714217035,303.4327560448316
2022-05-10 21:00:00,300.16168043609764,301.9393409058934
2022-05-11 05:00:00,321.45513241243293,312.4033959246196
2022-05-11 06:00:00,325.7639743469897,314.2312825912687
2022-05-11 08:00:00,326.7959353266218,316.23875819883654
2022-05-11 09:00:00,325.7596523008656,316.33345003524806
2022-05-11 17:00:00,304.57087455949363,306.48357138611686
2022-05-11 18:00:00,303.38078442119485,305.5071330019065
2022-05-11 20:00:00,302.1251137003142,304.7836968608557
2022-05-11 21:00:00,301.6869466631732,304.3284212415134
2022-05-12 05:00:00,320.13047788176226,313.1558495567099
2022-05-12 06:00:00,322.8196699145395,314.6756911079395
2022-05-12 08:00:00,325.2788872153072,316.2935072512399
2022-05-12 09:00:00,325.23304605116647,316.5460356255342
2022-05-12 17:00:00,305.88365770525115,307.8594198829404
2022-05-12 18:00:00,305.04164469150254,307.1075949881955
2022-05-12 20:00:00,304.6541677983406,306.8283134660295
2022-05-12 21:00:00,304.4986642564207,306.49409313231297
2022-05-13 05:00:00,317.71347302170864,312.71956287730825
2022-05-13 06:00:00,321.1952386277115,314.7037286038391
2022-05-13 08:00:00,323.93062167175015,316.3678137451548
2022-05-13 09:00:00,324.2224505032156,316.6621652141742
2022-05-13 17:00:00,306.33111290130853,308.1840031980917
2022-05-13 18:00:00,305.3926916607356,307.1318546994625
2022-05-13 20:00:00,303.82161201277205,305.3172985482474
2022-05-13 21:00:00,303.12225146653657,304.57067179863554
2022-05-14 05:00:00,315.92461695031875,311.17474656773646
2022-05-14 06:00:00,319.76143431112473,313.58274161834015
2022-05-14 08:00:00,324.07957355046676,316.1075870413993
2022-05-14 09:00:00,324.42724494169966,316.5295460235173
2022-05-14 17:00:00,305.01406679315085,306.99141440369505
2022-05-14 18:00:00,304.14193109591685,306.18638728396
2022-05-14 20:00:00,303.77067361370257,305.4820947397288
2022-05-14 21:00:00,303.35729101148706,304.86471472976757
2022-05-15 05:00:00,315.77244676022764,310.83572777981755
2022-05-15 06:00:00,319.25967087473816,312.74655680369887
2022-05-15 08:00:00,323.904859686853,315.0428809355514
2022-05-15 09:00:00,324.4609550158672,315.3718046826097
2022-05-15 17:00:00,305.87431528241314,307.23776402642443
2022-05-15 18:00:00,305.0468041606604,306.44560281668316
2022-05-15 20:00:00,304.2839168789574,305.7946636276363
2022-05-15 21:00:00,303.7849769298395,305.0950276003046
2022-05-16 05:00:00,313.93714681428463,308.87732469649825
2022-05-16 06:00:00,317.0784699567845,310.4695913023868
2022-05-16 08:00:00,321.5504864426717,312.34456661559403
2022-05-16 09:00:00,322.24062002972573,312.93824492985004
2022-05-16 17:00:00,303.5435937020371,305.2855923363167
2022-05-16 18:00:00,303.1190450753564,304.9577459914291
2022-05-16 20:00:00,301.94354497265925,303.77512689951936
2022-05-16 21:00:00,301.45835281630696,303.4709511449782
2022-05-17 05:00:00,315.90398412860236,309.79573294194347
2022-05-17 06:00:00,319.5794703831842,311.1508362568766
2022-05-17 08:00:00,322.24411285823595,312.2692883554703
2022-05-17 09:00:00,322.3207308588484,312.54923994772605
2022-05-17 17:00:00,303.2791537621356,304.2918149598391
2022-05-17 18:00:00,301.91648947035407,303.188004033775
2022-05-17 20:00:00,300.48613869501,302.1981381032794
2022-05-17 21:00:00,299.8934734797074,301.6199529380387
2022-05-18 05:00:00,316.02031636054414,309.2404211482209
2022-05-18 06:00:00,320.05244342351364,310.7194024131552
2022-05-18 08:00:00,324.9641990250174,312.79206265066
2022-05-18 09:00:00,325.5883018599453,313.6183742999296
2022-05-18 17:00:00,302.3833062828781,304.4680052582398
2022-05-18 18:00:00,300.7738634059536,303.0319365044404
2022-05-18 20:00:00,299.0125230221976,301.77026320165044
2022-05-18 21:00:00,298.73464556724895,301.364769981161
2022-05-19 05:00:00,319.31863859438204,312.6212987914475
2022-05-19 06:00:00,323.69137227627084,314.10036211057877
2022-05-19 08:00:00,328.2676787295584,315.7047473925104
2022-05-19 09:00:00,328.42527018636696,316.0642693377055
2022-05-19 17:00:00,305.00465294319235,306.7044625539442
2022-05-19 18:00:00,303.75615721527714,305.76760013151244
2022-05-19 20:00:00,302.06756577690135,304.70529659136054
2022-05-19 21:00:00,301.42773209441054,303.97696033354345
2022-05-20 05:00:00,316.7075548216081,311.7910928829058
2022-05-20 06:00:00,319.9193647058425,313.46215439430557
2022-05-20 08:00:00,323.79690808030233,315.6126864863838
2022-05-20 09:00:00,324.12793138030867,315.98006807159754
2022-05-20 17:00:00,305.9654912257966,307.3213681777931
2022-05-20 18:00:00,305.06888043090635,306.4785556411156
2022-05-20 20:00:00,303.7346683026095,305.2811081567421
2022-05-20 21:00:00,303.18110898903967,304.526110844546
2022-05-21 05:00:00,310.30365342902843,305.40895073513036
2022-05-21 06:00:00,313.31499910281144,306.9995597992179
2022-05-21 08:00:00,317.141175303878,309.5636865648173
2022-05-21 09:00:00,318.004891864324,310.54116901227246
2022-05-21 17:00:00,304.5031708657099,305.54122116018334
2022-05-21 18:00:00,303.8494744675553,305.0099344591514
2022-05-21 20:00:00,302.9013012855189,304.0953430975163
2022-05-21 21:00:00,302.4442193688156,303.37465487863693
2022-05-22 05:00:00,311.6715481468636,306.3160664891977
2022-05-22 06:00:00,315.3876050763946,308.4576209351903
2022-05-22 08:00:00,319.5603852117742,310.815781509564
2022-05-22 09:00:00,319.9517639818471,311.55232819496945
2022-05-22 17:00:00,303.9945590308708,305.0104166509925
2022-05-22 18:00:00,303.18427400045294,304.3052467146346
2022-05-22 20:00:00,302.37853366751887,303.70354263000024
2022-05-22 21:00:00,302.28106717666606,303.5588937062879
2022-05-23 05:00:00,311.07058464250144,305.7285726397357
2022-05-23 06:00:00,313.4898232340997,307.17107803979536
2022-05-23 08:00:00,316.7854137685156,308.7046286137703
2022-05-23 09:00:00,317.02838346366707,309.4271009354085
2022-05-23 17:00:00,301.9217826008613,301.9709367090822
2022-05-23 18:00:00,300.8580188251607,300.7909946059593
2022-05-23 20:00:00,299.9613121279583,300.009268597572
2022-05-23 21:00:00,299.4690588670446,299.37237325471426
2022-05-24 05:00:00,312.4125569347976,306.75303443003514
2022-05-24 06:00:00,315.8496187794925,308.62312542602353
2022-05-24 08:00:00,320.67716876531057,310.96442278140506
2022-05-24 09:00:00,321.0460982124317,311.7348876388856
2022-05-24 17:00:00,302.42986576215515,303.53817544475726
2022-05-24 18:00:00,301.5851905952066,302.53264731949395
2022-05-24 20:00:00,300.36115729239395,300.7098553250494
2022-05-24 21:00:00,299.6776068500819,300.0320555182929
2022-05-25 05:00:00,314.1980529455999,307.937094689885
2022-05-25 06:00:00,316.2430528073539,309.13618927707296
2022-05-25 08:00:00,320.94443546054174,311.76710627810064
2022-05-25 09:00:00,321.0557671827602,312.22150441127127
2022-05-25 17:00:00,302.77307244111284,303.7466130660752
2022-05-25 18:00:00,301.28645047274506,302.23763683066346
2022-05-25 20:00:00,299.1409469863116,301.32960463231444
2022-05-25 21:00:00,298.2937688607097,301.13003927974376
2022-05-26 05:00:00,313.85862294624695,308.19166099419033
2022-05-26 06:00:00,316.4906472322202,309.6449305177286
2022-05-26 08:00:00,319.8622099842607,311.4346708935472
2022-05-26 09:00:00,320.48687607775486,311.8728674137721
2022-05-26 17:00:00,304.3409103840268,305.1270020518721
2022-05-26 18:00:00,303.54565977499186,304.3121983273922
2022-05-26 20:00:00,302.21999263910374,303.1731187911541
2022-05-26 21:00:00,301.7322945381717,302.75517343482915
2022-05-27 05:00:00,311.9645242088565,306.09419408013537
2022-05-27 06:00:00,315.332302334496,307.8490313748917
2022-05-27 08:00:00,319.86056008360976,310.49140389417465
2022-05-27 09:00:00,320.4372172304221,311.1433308605788
2022-05-27 17:00:00,303.90420036139585,304.67523901047434
2022-05-27 18:00:00,303.19680047880155,304.05125765807827
2022-05-27 20:00:00,302.53307889165427,303.68091288186
2022-05-27 21:00:00,302.15561616071756,303.16284189091994
2022-05-28 05:00:00,311.22079712290247,305.3045351942441
2022-05-28 06:00:00,314.5331554442231,307.463203300864
2022-05-28 08:00:00,318.7228125056427,310.40106314025786
2022-05-28 09:00:00,319.45555718984735,311.24217715505836
2022-05-28 17:00:00,304.4030366965178,305.2331767030784
2022-05-28 18:00:00,303.7306991835772,304.6784541948551
2022-05-28 20:00:00,302.3291249091526,303.40035380641194
2022-05-28 21:00:00,301.8627673179967,302.9894989436874
2022-05-29 05:00:00,312.3241883734892,307.0462415839197
2022-05-29 06:00:00,315.8428411968684,309.15607782725374
2022-05-29 08:00:00,319.8972135523251,311.94521690333386
2022-05-29 09:00:00,320.23249661720405,312.54606962277455
2022-05-29 17:00:00,304.6454338226553,305.4201612428451
2022-05-29 18:00:00,303.77376254277164,304.65865308294315
2022-05-29 20:00:00,302.5804887016309,303.7623241406927
2022-05-29 21:00:00,302.1130134335652,303.26142815118214
2022-05-30 05:00:00,313.177452099158,308.2651272907463
2022-05-30 06:00:00,316.8641754291458,310.5857017528846
2022-05-30 08:00:00,320.32109429546057,312.2984306911475
2022-05-30 09:00:00,319.7467963361226,312.2839066045494
2022-05-30 17:00:00,304.01281098775763,305.0199237229828
2022-05-30 18:00:00,303.30062301941393,304.3454633809753
2022-05-30 20:00:00,302.4499673711133,303.6511492618978
2022-05-30 21:00:00,302.1350697192646,303.4135034029216
2022-05-31 05:00:00,313.81444553087226,308.3550496858147
2022-05-31 06:00:00,317.5801086190669,310.51628667658025
2022-05-31 08:00:00,322.0979034000626,313.14854080835005
2022-05-31 09:00:00,322.5450642355051,313.7015618322811
2022-05-31 17:00:00,304.878444912621,306.007674724185
2022-05-31 18:00:00,303.9333111214895,305.0899081002399
2022-05-31 20:00:00,303.0360802178758,304.33497880603574
2022-05-31 21:00:00,302.5447724376143,303.83435653427904
2022-06-01 05:00:00,315.0030910450799,309.4903194621458
2022-06-01 06:00:00,318.46937227175675,311.30946700415006
2022-06-01 08:00:00,320.24446399847426,312.5460737137288
2022-06-01 09:00:00,321.2952999591093,313.3897480780979
2022-06-01 17:00:00,304.1694358508282,305.76048354044536
2022-06-01 18:00:00,303.27762731895973,304.961890269134
2022-06-01 20:00:00,302.28015468227113,304.10207076579655
2022-06-01 21:00:00,301.6839102817059,303.4674704717745
2022-06-02 05:00:00,314.9660272113348,309.3899356507006
2022-06-02 06:00:00,318.65927591896946,311.1540001162395
2022-06-02 08:00:00,321.6958509777287,312.51910294590084
2022-06-02 09:00:00,320.7956059812949,312.49972856283557
2022-06-02 17:00:00,304.6622059356267,305.97043613145826
2022-06-02 18:00:00,303.8148004093964,305.2623543996473
2022-06-02 20:00:00,303.2577082276896,304.94619518215376
2022-06-02 21:00:00,303.14583339602996,304.7163157646755
2022-06-03 05:00:00,314.2448291043838,309.1920015308633
2022-06-03 06:00:00,318.21490765352644,311.4204535344717
2022-06-03 08:00:00,320.84225362768893,313.13683625913364
2022-06-03 09:00:00,320.4623213710697,313.22310500887033
2022-06-03 17:00:00,304.69348511306464,306.22387316781675
2022-06-03 18:00:00,303.89946860855645,305.49943909255677
2022-06-03 20:00:00,303.2046150948123,304.86329491002533
2022-06-03 21:00:00,302.6830457502227,304.2702054345553
2022-06-04 05:00:00,314.64923020467194,309.5495837524602
2022-06-04 06:00:00,318.25230292509815,311.5530712439209
2022-06-04 08:00:00,322.1486405429929,313.41104271746195
2022-06-04 09:00:00,322.619366661977,313.7315630332347
2022-06-04 17:00:00,303.523285993626,305.22426585240066
2022-06-04 18:00:00,302.68445012308604,304.6035315185923
2022-06-04 20:00:00,301.76450285595627,303.822116258148
2022-06-04 21:00:00,301.32546524494563,303.43348101364626
2022-06-05 05:00:00,314.2921316561236,309.1123222033673
2022-06-05 06:00:00,317.7253488737556,311.00816749608026
2022-06-05 08:00:00,321.38186208198914,312.8682591889415
2022-06-05 09:00:00,321.4763948414102,313.147894508115
2022-06-05 17:00:00,302.7948332846808,304.6276592613185
2022-06-05 18:00:00,302.11587768930866,304.1486683332681
2022-06-05 20:00:00,301.7523982631407,303.8194423493325
2022-06-05 21:00:00,301.5660781272571,303.6588407495908
2022-06-06 05:00:00,314.01172490994264,309.1462140898859
2022-06-06 06:00:00,317.4659199295867,311.05471404418006
2022-06-06 08:00:00,321.0032218615704,312.5721103803403
2022-06-06 09:00:00,321.5401227624832,312.9528805302178
2022-06-06 17:00:00,305.2485506266402,306.4841823254601
2022-06-06 18:00:00,304.7977298918785,306.1766308753626
2022-06-06 20:00:00,304.1957985006606,305.69585208275646
2022-06-06 21:00:00,303.7751027064625,305.00247197085065
2022-06-07 05:00:00,312.50965970690334,307.93635975230825
2022-06-07 06:00:00,315.68365379768454,309.96397677334875
2022-06-07 08:00:00,317.40383447961557,311.44726870497135
2022-06-07 09:00:00,318.4189138544727,312.3350947634281
2022-06-07 17:00:00,304.2675426230409,305.67109209951155
2022-06-07 18:00:00,303.4203559158396,304.9011916291365
2022-06-07 20:00:00,302.7990503531575,304.4520361478597
2022-06-07 21:00:00,302.41645648409667,303.862297469552
2022-06-08 05:00:00,312.18563431326896,307.2301001174057
2022-06-08 06:00:00,315.7324323845204,309.39814407983437
2022-06-08 08:00:00,319.4535542445484,311.86179708001794
2022-06-08 09:00:00,319.83106261078495,312.3992941317096
2022-06-08 17:00:00,304.68523998289885,305.8804944571802
2022-06-08 18:00:00,303.92784332604555,305.2040287247057
2022-06-08 20:00:00,303.60662623142423,304.96474138209925
2022-06-08 21:00:00,303.21379872279465,304.31906661634633
2022-06-09 05:00:00,311.45610215667585,306.4310109236942
2022-06-09 06:00:00,315.09852167491005,308.56828653720567
2022-06-09 08:00:00,319.9409918410385,311.82534437370595
2022-06-09 09:00:00,320.0305416771371,312.4279873793592
2022-06-09 17:00:00,304.67684593259463,305.77956638424354
2022-06-09 18:00:00,303.7895383202975,305.02356537758664
2022-06-09 20:00:00,303.07578163558424,304.45827414772725
2022-06-09 21:00:00,302.62904024050675,303.87697407350703
2022-06-10 05:00:00,312.53642611510946,307.42572736225804
2022-06-10 06:00:00,315.94026047716886,309.43636137458316
2022-06-10 08:00:00,320.4513600588947,312.365770548628
2022-06-10 09:00:00,321.31863189368113,313.095285001264
2022-06-10 17:00:00,304.3413355141098,305.74267763863725
2022-06-10 18:00:00,303.4508979691563,304.9790506700889
2022-06-10 20:00:00,302.36707224794463,303.93403752448927
2022-06-10 21:00:00,301.9506574492609,303.4854763130929
2022-06-11 05:00:00,312.84030511089026,307.15206817485887
2022-06-11 06:00:00,316.2329118020362,309.05845832530815
2022-06-11 08:00:00,320.9368653848469,311.8737290768852
2022-06-11 09:00:00,321.6894566516847,312.6801545506082
2022-06-11 17:00:00,305.3590754904255,306.321786395574
2022-06-11 18:00:00,304.6298661665483,305.5378352607528
2022-06-11 20:00:00,303.8486673034762,304.98893328697545
2022-06-11 21:00:00,303.63426514142094,304.6483861984935
2022-06-12 05:00:00,314.04159929131504,307.8892121630935
2022-06-12 06:00:00,317.6846408461937,309.49599410940215
2022-06-12 08:00:00,320.175975664371,310.63118319518765
2022-06-12 09:00:00,321.09122313042457,311.34955381796067
2022-06-12 17:00:00,304.65163218258715,305.4575212475699
2022-06-12 18:00:00,303.8630779248724,304.63575641179494
2022-06-12 20:00:00,303.1715626532932,303.65998889705617
2022-06-12 21:00:00,302.5887544511462,302.77931032342434
2022-06-13 05:00:00,307.8006010129015,304.5720750194485
2022-06-13 06:00:00,314.9197982529463,307.0627864608412
2022-06-13 08:00:00,320.6597761909473,310.07575212898905
2022-06-13 09:00:00,318.3181056653039,309.9664672005158
2022-06-13 17:00:00,303.2515611692643,303.17969269598206
2022-06-13 18:00:00,302.8428378582735,302.67901874653916
2022-06-13 20:00:00,299.0688970063244,299.111781327493
2022-06-13 21:00:00,298.3750566855785,298.85536586485216
2022-06-14 05:00:00,297.5789647271343,297.8071415788036
2022-06-14 06:00:00,298.20038427226535,298.1807741655959
2022-06-14 08:00:00,304.9443217602275,303.602829872919
2022-06-14 09:00:00,308.3608041772123,304.81938740358515
2022-06-14 17:00:00,300.90548108869416,301.4151188361075
2022-06-14 18:00:00,300.3747144090744,300.94751131736626
2022-06-14 20:00:00,300.0284494596931,300.7548661665483
2022-06-14 21:00:00,299.7831583361046,300.4478303177515
2022-06-15 05:00:00,309.12018273681264,305.52445403159305
2022-06-15 06:00:00,310.6295807402013,306.3579738716866
2022-06-15 08:00:00,314.10365977235864,308.263299104429
2022-06-15 09:00:00,314.27254296818575,308.5319796005273
2022-06-15 17:00:00,301.901701822854,302.77088018338003
2022-06-15 18:00:00,301.38097236997726,302.2471838717468
2022-06-15 20:00:00,300.69164479495197,301.7148257639081
2022-06-15 21:00:00,300.4715500700823,301.5088077304176
2022-06-16 05:00:00,308.7378013387483,305.0563410448918
2022-06-16 06:00:00,311.16796296623716,306.24042789594415
2022-06-16 08:00:00,314.73487139262477,308.53115219327816
2022-06-16 09:00:00,315.50849465486266,309.1008996008357
2022-06-16 17:00:00,302.2649857296231,303.314984008601
2022-06-16 18:00:00,301.63728499449275,302.7719572799048
2022-06-16 20:00:00,300.8984735192062,301.9225438475058
2022-06-16 21:00:00,300.6205953824318,301.66995126403907
2022-06-17 05:00:00,309.57624412501355,305.16280384974783
2022-06-17 06:00:00,312.07744305673845,306.45559572475537
2022-06-17 08:00:00,314.911415793679,308.3661136010027
2022-06-17 09:00:00,315.40726904729485,308.8415667940913
2022-06-17 17:00:00,302.02579656991827,303.1174934516519
2022-06-17 18:00:00,301.14527683816453,302.3753474724863
2022-06-17 20:00:00,300.2541233762204,301.54208084835295
2022-06-17 21:00:00,299.96004741180843,301.17739625998377
2022-06-18 05:00:00,310.02678185508506,305.8283709274786
2022-06-18 06:00:00,311.87089465689405,306.7729786783228
2022-06-18 08:00:00,314.52261091564395,307.6192313548413
2022-06-18 09:00:00,315.2621848131365,308.14096899282407
2022-06-18 17:00:00,302.03328687200565,302.85646024213185
2022-06-18 18:00:00,301.45876073616864,302.1400450954819
2022-06-18 20:00:00,300.17587061618985,300.0137171341201
2022-06-18 21:00:00,299.97818475144305,300.07577531106296
2022-06-19 05:00:00,308.6018410845787,304.50149018885725
2022-06-19 06:00:00,311.40324848568866,305.9637829232473
2022-06-19 08:00:00,312.09288314090486,305.20186888896075
2022-06-19 09:00:00,313.5258412177464,306.4411129709017
2022-06-19 17:00:00,300.9877125603392,301.1859642698879
2022-06-19 18:00:00,299.7982320682661,300.0035021389578
2022-06-19 20:00:00,298.721600783808,299.8019168189568
2022-06-19 21:00:00,298.649330574118,299.61053664291217
2022-06-20 05:00:00,303.5558954365265,301.57484765192396
2022-06-20 06:00:00,307.1085791683344,303.9278662965184
2022-06-20 08:00:00,305.85302318226206,302.20212838241974
2022-06-20 09:00:00,307.39166196285305,304.1002623759359
2022-06-20 17:00:00,297.41007186819115,297.6124211856507
2022-06-20 18:00:00,297.5475472801456,297.927050151149
2022-06-20 20:00:00,297.34161127734075,297.85545384387945
2022-06-20 21:00:00,297.47674567600245,298.0090227876496
2022-06-21 05:00:00,308.12907569544336,303.4859696727688
2022-06-21 06:00:00,310.3702495557318,304.73851415225647
2022-06-21 08:00:00,312.95102996120835,306.2082904174993
2022-06-21 09:00:00,313.3679488171783,307.0479800748899
2022-06-21 17:00:00,300.1194712164222,301.46111461010486
2022-06-21 18:00:00,299.72730223386793,300.867799732461
2022-06-21 20:00:00,298.6960472259757,299.37998652054085
2022-06-21 21:00:00,298.29808648672235,298.3668453175408
2022-06-22 05:00:00,310.4864686986515,304.4225021620928
2022-06-22 06:00:00,312.9776962821032,305.61361814243224
2022-06-22 08:00:00,317.2691400936461,307.9173009369884
2022-06-22 09:00:00,317.45669682624714,308.32110807304207
2022-06-22 17:00:00,300.5731497178276,301.0404445842162
2022-06-22 18:00:00,299.8060846314041,300.3743052901399
2022-06-22 20:00:00,298.57767932110096,299.8388327435463
2022-06-22 21:00:00,298.2266979482031,299.5262085102005
2022-06-23 05:00:00,311.5512577756344,306.0680211659389
2022-06-23 06:00:00,314.7516860844358,307.48888189142394
2022-06-23 08:00:00,317.2450870696128,309.28418455432484
2022-06-23 09:00:00,317.1476110802226,309.7880368930717
2022-06-23 17:00:00,300.85160124650906,301.84104776015084
2022-06-23 18:00:00,299.88325223055756,300.9292675188767
2022-06-23 20:00:00,298.11144704480756,299.4234003381479
2022-06-23 21:00:00,297.3783846063129,298.6963773941957
2022-06-24 05:00:00,312.7493637860831,306.8956546871614
2022-06-24 06:00:00,315.2499463708816,308.14178671344587
2022-06-24 08:00:00,318.2053380886837,310.11778087645354
2022-06-24 09:00:00,318.4334968131937,310.54298527839563
2022-06-24 17:00:00,299.83721465359116,303.79257260926516
2022-06-24 18:00:00,298.65650465014534,303.18456953662934
2022-06-24 20:00:00,297.24966835057245,302.1258543981426
2022-06-24 21:00:00,296.76292821475647,301.90979187293857
2022-06-25 05:00:00,313.7397918230948,308.5993666920714
2022-06-25 06:00:00,316.4158771673593,309.94272854515515
2022-06-25 08:00:00,320.318820712379,311.52666446350753
2022-06-25 09:00:00,320.7534430787449,312.0181329195231
2022-06-25 17:00:00,302.6091716748724,303.9038218305732
2022-06-25 18:00:00,301.56384961520575,303.0474319340452
2022-06-25 20:00:00,299.9279636800381,301.79281263542475
2022-06-25 21:00:00,299.2574274565663,301.2249531327117
2022-06-26 05:00:00,316.4676494157553,309.83494744205325
2022-06-26 06:00:00,319.971241226549,311.40022348365727
2022-06-26 08:00:00,323.36929380067136,312.930127888872
2022-06-26 09:00:00,323.839815583545,313.499100107625
2022-06-26 17:00:00,305.0332692620934,306.07275228397503
2022-06-26 18:00:00,304.2516917506425,305.3416281584048
2022-06-26 20:00:00,303.3782313601078,304.57229884636973
2022-06-26 21:00:00,303.1682111978164,304.2348693941701
2022-06-27 05:00:00,316.56140651614714,309.0586313444587
2022-06-27 06:00:00,320.28526419006255,310.5857706878145
2022-06-27 08:00:00,324.45698742506505,312.54400056389335
2022-06-27 09:00:00,324.0291378920545,313.0314359503278
2022-06-27 17:00:00,306.6341991453949,307.1377124756988
2022-06-27 18:00:00,305.6613173991763,306.0848790243704
2022-06-27 20:00:00,304.3147860205229,304.97513783694416
2022-06-27 21:00:00,303.92285405469056,304.55536838525614
2022-06-28 05:00:00,314.39302751867353,308.9204689578393
2022-06-28 06:00:00,317.24869931166637,310.39654207156144
2022-06-28 08:00:00,321.05531974051877,312.0261695050679
2022-06-28 09:00:00,321.8589345876167,312.72810394334135
2022-06-28 17:00:00,305.5253946219093,305.2399105313012
2022-06-28 18:00:00,304.7443423983864,304.6141307813177
2022-06-28 20:00:00,303.7971758732259,303.9660882700022
2022-06-28 21:00:00,303.4905301462888,303.7988906648751
2022-06-29 05:00:00,311.7991994378747,306.9167708057468
2022-06-29 06:00:00,314.6518613230466,308.3679799225371
2022-06-29 08:00:00,319.13823491876775,310.9139486351072
2022-06-29 09:00:00,319.8123900849941,311.29953115783604
2022-06-29 17:00:00,305.3871766077168,305.7581419863944
2022-06-29 18:00:00,304.8525591410915,305.20309177863027
2022-06-29 20:00:00,303.64426432699196,303.82943638594384
2022-06-29 21:00:00,303.20501436254096,303.4841177636192
2022-06-30 05:00:00,310.386553207421,305.74855220189266
2022-06-30 06:00:00,312.96870288349265,307.02280373125114
2022-06-30 08:00:00,313.977764699786,307.9293020568754
2022-06-30 09:00:00,313.42655744978754,308.09172979745733
2022-06-30 17:00:00,302.63221938217,301.9720410786351
2022-06-30 18:00:00,301.9845597982774,301.4322326142909
2022-06-30 20:00:00,298.9746299003049,298.65450104653195
2022-06-30 21:00:00,298.442597869732,298.47205946441795
2022-07-01 05:00:00,304.52973646449016,302.66408436544504
2022-07-01 06:00:00,303.73465814575763,302.54126112927645
2022-07-01 08:00:00,304.82685210194165,302.8331280489365
2022-07-01 09:00:00,307.1968959344003,302.7884970313779
2022-07-01 17:00:00,298.9967034667593,298.9992485810502
2022-07-01 18:00:00,298.7869259168628,298.84159893394434
2022-07-01 20:00:00,297.5808310721799,297.48232658397984
2022-07-01 21:00:00,297.3706388546983,297.32615910840144
2022-07-02 05:00:00,298.3891225617913,298.56939502122407
2022-07-02 06:00:00,300.28049260919744,299.9594797331306
2022-07-02 08:00:00,305.65651948573225,302.40045690316083
2022-07-02 09:00:00,308.4440197584626,303.4305818907469
2022-07-02 17:00:00,298.17795425203445,298.31412274517885
2022-07-02 18:00:00,298.0529013752754,298.1331033574415
2022-07-02 20:00:00,297.7648210334484,297.74258686177353
2022-07-02 21:00:00,297.62301520537153,297.6969400414701
2022-07-03 05:00:00,298.9295681099679,298.54661179176645
2022-07-03 06:00:00,299.00731234557827,298.5536879670271
2022-07-03 08:00:00,300.74953657012145,299.9331803755327
2022-07-03 09:00:00,300.9009676141254,300.1426581572311
2022-07-03 17:00:00,298.53780464912967,299.0385160754752
2022-07-03 18:00:00,298.3501296080133,298.9013294519739
2022-07-03 20:00:00,298.3634846456613,298.7203964209887
2022-07-03 21:00:00,298.0987645224173,298.4839880521566
2022-07-04 05:00:00,305.90670915083456,302.3017267306523
2022-07-04 06:00:00,308.2430604249928,303.17442375853176
2022-07-04 08:00:00,311.6275191108692,305.0400813827162
2022-07-04 09:00:00,310.809981923625,305.3062674077156
2022-07-04 17:00:00,299.30840617739733,299.7745004662748
2022-07-04 18:00:00,298.804965097107,299.40128007838837
2022-07-04 20:00:00,299.0316029270919,300.1454149431367
2022-07-04 21:00:00,298.8569405530744,299.68459873757854
2022-07-05 05:00:00,306.22523157622305,303.1040323548398
2022-07-05 06:00:00,307.72885183560646,304.07236512453056
2022-07-05 08:00:00,310.14391509116336,305.99998405938527
2022-07-05 09:00:00,310.7925599602228,306.60697325719707
2022-07-05 17:00:00,299.95963897469966,300.73912483297624
2022-07-05 18:00:00,299.7034029497755,300.45276828759995
2022-07-05 20:00:00,299.68015567914733,302.29262047813194
2022-07-05 21:00:00,300.0442191478101,301.7704118396542
2022-07-06 05:00:00,307.77224030810623,305.20241884017025
2022-07-06 06:00:00,309.3060433456821,306.20350828009134
2022-07-06 08:00:00,310.23550802974376,307.12889973738896
2022-07-06 09:00:00,310.28445234724853,307.3121904041073
2022-07-06 17:00:00,301.311702099346,301.940306747272
2022-07-06 18:00:00,300.81489546530423,301.33521803281343
2022-07-06 20:00:00,299.7959368783631,300.1443963425553
2022-07-06 21:00:00,299.4862697701241,299.67217888266356
2022-07-07 05:00:00,306.12022498649515,303.33043827003985
2022-07-07 06:00:00,307.78530864980075,304.3600246623411
2022-07-07 08:00:00,311.5910957465738,306.5629187350281
2022-07-07 09:00:00,311.4944009178409,306.5301054497529
2022-07-07 17:00:00,300.28397861945064,300.9283322185875
2022-07-07 18:00:00,299.97803644259653,300.52585250313734
2022-07-07 20:00:00,298.8161091385711,298.94128267496876
2022-07-07 21:00:00,298.5814055456035,298.77447857731846
2022-07-08 05:00:00,308.3353286531563,303.7018279559072
2022-07-08 06:00:00,309.99962998024307,304.7745465717992
2022-07-08 08:00:00,311.19191162391513,306.2080575622653
2022-07-08 09:00:00,310.9051626525785,305.00167747932517
2022-07-08 17:00:00,300.03920805803256,300.32833514338466
2022-07-08 18:00:00,299.88110196388374,300.03005492411705
2022-07-08 20:00:00,299.68232360275573,300.11995173896594
2022-07-08 21:00:00,299.5285006671547,299.76780547860596
2022-07-09 05:00:00,305.9058122208746,302.55103662899353
2022-07-09 06:00:00,307.30264879411834,303.39539719215713
2022-07-09 08:00:00,310.545234644909,305.44369984113933
2022-07-09 09:00:00,310.3082617949264,305.9737708234273
2022-07-09 17:00:00,300.3902433656948,300.60929024201147
2022-07-09 18:00:00,299.5511598748676,299.58196915683834
2022-07-09 20:00:00,298.3492554839477,298.7242095900243
2022-07-09 21:00:00,298.3403955350855,298.73277245096875
2022-07-10 05:00:00,302.35663486004614,300.6904978230481
2022-07-10 06:00:00,303.0565768625409,301.5422878177214
2022-07-10 08:00:00,299.70919806858063,299.03779456281154
2022-07-10 09:00:00,299.0024572293086,299.0402064624663
2022-07-10 17:00:00,299.0235188958825,299.07270286336706
2022-07-10 18:00:00,298.75603371077955,298.7779064913193
2022-07-10 20:00:00,298.51419039169343,298.38172284847786
2022-07-10 21:00:00,298.14284455427224,297.98619361724616
2022-07-11 05:00:00,301.7947063475434,300.07412193074987
2022-07-11 06:00:00,303.7548129371208,300.8436665586404
2022-07-11 08:00:00,309.35859541459524,304.5087359036062
2022-07-11 09:00:00,309.7424360372252,304.7503333892587
2022-07-11 17:00:00,300.4261337303785,300.97518203805885
2022-07-11 18:00:00,299.95168133986937,300.42362009762616
2022-07-11 20:00:00,298.61929382418265,298.5665740496572
2022-07-11 21:00:00,298.29174807038623,298.35162623894786
2022-07-12 05:00:00,305.78648444647416,302.81309509277344
2022-07-12 06:00:00,308.0976036553758,303.9000477607151
2022-07-12 08:00:00,311.0159819945349,306.08586219352645
2022-07-12 09:00:00,311.16480397369907,306.63727928126355
2022-07-12 17:00:00,300.3723675885076,300.6930038616727
2022-07-12 18:00:00,299.4564248953468,299.37534552105404
2022-07-12 20:00:00,297.90800443158497,297.8146697574844
2022-07-12 21:00:00,297.487824591356,297.49232069112486
2022-07-13 05:00:00,302.8410433635506,301.1910074289848
2022-07-13 06:00:00,305.8980893927105,302.66306938559325
2022-07-13 08:00:00,309.7514750946468,305.28889037427626
2022-07-13 09:00:00,310.63593697805067,305.7393605565805
2022-07-13 17:00:00,299.855724176016,300.10033008828185
2022-07-13 18:00:00,299.1785610063785,299.6946199061507
2022-07-13 20:00:00,298.9438789496988,299.7081052900646
2022-07-13 21:00:00,298.85476425946774,299.0918523615057
2022-07-14 05:00:00,306.67650640690454,303.67413494656745
2022-07-14 06:00:00,308.39772123034084,304.7665129016471
2022-07-14 08:00:00,310.2776986520353,305.83283571028744
2022-07-14 09:00:00,310.10180144464294,306.3748063614997
2022-07-14 17:00:00,299.031152687014,298.9927335013226
2022-07-14 18:00:00,298.4209115332558,298.8284193371037
2022-07-14 20:00:00,298.09898494021,299.096106601239
2022-07-14 21:00:00,298.3362629189514,299.29905632501027
2022-07-15 05:00:00,306.019175666139,304.10966458783497
2022-07-15 06:00:00,307.3409026958542,304.86055996605353
2022-07-15 08:00:00,305.6167951210621,301.9074993868271
2022-07-15 09:00:00,307.87767654207346,303.9749450213369
2022-07-15 17:00:00,298.65056223347665,299.3333017028903
2022-07-15 18:00:00,298.4737994601069,299.1053960297619
2022-07-15 20:00:00,297.73912960575615,298.05131448472406
2022-07-15 21:00:00,297.67197762652427,297.9653212160836
2022-07-16 05:00:00,302.15987771244374,300.4940456866484
2022-07-16 06:00:00,303.2582794095408,301.1011502305605
2022-07-16 08:00:00,303.85308586320457,300.74972395463425
2022-07-16 09:00:00,302.34579702885753,299.7452354254818
2022-07-16 17:00:00,298.4892170205139,299.0877370966602
2022-07-16 18:00:00,298.47735948371593,299.01915135552593
2022-07-16 20:00:00,297.8424713887125,298.0865364486154
2022-07-16 21:00:00,297.5125417136265,297.8832467759519
2022-07-17 05:00:00,300.55162958224497,299.64548187961196
2022-07-17 06:00:00,301.54215312187773,300.16695174818227
2022-07-17 08:00:00,307.10682527750777,303.8293330540826
2022-07-17 09:00:00,308.18829773607536,304.07381268752556
2022-07-17 17:00:00,299.5492522676113,299.6858005141624
2022-07-17 18:00:00,298.951838912141,299.0520487874976
2022-07-17 20:00:00,298.85710583702996,299.2777087618647
2022-07-17 21:00:00,298.720354147795,299.1205674275779
2022-07-18 05:00:00,305.174864782207,302.59201651692206
2022-07-18 06:00:00,306.4151845499988,303.56216209658487
2022-07-18 08:00:00,308.78526788132586,304.66652605382984
2022-07-18 09:00:00,309.35667892009343,304.75030439991065
2022-07-18 17:00:00,299.62366218743233,299.6166341161508
2022-07-18 18:00:00,299.15228635908466,298.86084985953454
2022-07-18 20:00:00,298.36025058176193,298.27859847387657
2022-07-18 21:00:00,298.19340035507605,298.16153099871195
2022-07-19 05:00:00,303.54080698633413,301.9214801758941
2022-07-19 06:00:00,305.87088346554793,303.16099910412805
2022-07-19 08:00:00,308.8917829281377,304.4627369791039
2022-07-19 09:00:00,309.7236549835911,305.1964505611473
2022-07-19 17:00:00,299.4735674747884,299.83615563720326
2022-07-19 18:00:00,299.07096242096463,299.2756712080334
2022-07-19 20:00:00,298.3638302137378,298.3786596406958
2022-07-19 21:00:00,298.16813998229696,298.0291594518535
2022-07-20 05:00:00,300.37322464341923,299.96623201766994
2022-07-20 06:00:00,300.875506478943,300.7316649309108
2022-07-20 08:00:00,305.14762469322545,303.6124326121091
2022-07-20 09:00:00,305.70657696599034,303.66511065419905
2022-07-20 17:00:00,299.402652969713,300.285273077308
2022-07-20 18:00:00,299.16636493136224,299.9583194068474
2022-07-20 20:00:00,298.7046347266904,299.27715236857784
2022-07-20 21:00:00,298.5977679283483,299.0680510957363
2022-07-21 05:00:00,301.30494372539783,300.4196534002507
2022-07-21 06:00:00,304.3288293494649,302.2672601120865
2022-07-21 08:00:00,305.92437438494625,303.253475618289
2022-07-21 09:00:00,306.2173923674644,303.3871763726045
2022-07-21 17:00:00,299.56637719011826,300.309768088977
2022-07-21 18:00:00,299.1463533939309,299.87662676559944
2022-07-21 20:00:00,298.86393643748045,299.55840135759496
2022-07-21 21:00:00,298.6907056153096,299.1807410147598
2022-07-22 05:00:00,302.7520148184707,300.978408249207
2022-07-22 06:00:00,303.9931153237177,301.87879715788716
2022-07-22 08:00:00,303.7920171329164,301.81295092190356
2022-07-22 09:00:00,304.5875289752413,302.2673757168105
2022-07-22 17:00:00,298.7033939449739,299.37309742414715
2022-07-22 18:00:00,298.59680841149094,299.20350668132767
2022-07-22 20:00:00,298.0005270747815,298.29937523135055
2022-07-22 21:00:00,297.6532980238528,298.0926094701735
2022-07-23 05:00:00,297.55423975211266,297.62069307159754
2022-07-23 06:00:00,297.75650271281995,297.88198137797633
2022-07-23 08:00:00,298.0523458048816,298.28157066968265
2022-07-23 09:00:00,298.51681871223155,298.82013877551253
2022-07-23 17:00:00,297.8406924349134,298.0056747413012
2022-07-23 18:00:00,297.698223684161,297.89478091576433
2022-07-23 20:00:00,297.2611393157066,297.5186578077602
2022-07-23 21:00:00,297.2562544812407,297.41092831181084
2022-07-24 05:00:00,298.68465796236995,298.0204002251059
2022-07-24 06:00:00,299.54416483686595,298.563028438433
2022-07-24 08:00:00,303.5493465241372,301.1149761276363
2022-07-24 09:00:00,306.00520616246297,302.34350983277307
2022-07-24 17:00:00,297.7597154520326,298.02401935595026
2022-07-24 18:00:00,297.7476577406121,297.80919227541324
2022-07-24 20:00:00,297.61166626352747,297.6034966044139
2022-07-24 21:00:00,297.5033301543014,297.53954793639105
2022-07-25 05:00:00,299.4812377318396,298.90846123129637
2022-07-25 06:00:00,299.8410594217216,299.3152904539887
2022-07-25 08:00:00,302.42228849202354,300.59829939973
2022-07-25 09:00:00,303.01208105807314,300.7298966276995
2022-07-25 17:00:00,297.4917532710706,297.55773676562205
2022-07-25 18:00:00,297.3820180790083,297.4902667499654
2022-07-25 20:00:00,297.3787026192264,297.31000289564327
2022-07-25 21:00:00,297.1484884958605,297.1653549123802
2022-07-26 05:00:00,297.99977944113994,297.9706891123062
2022-07-26 06:00:00,298.6479016085068,298.4698443772797
2022-07-26 08:00:00,301.15752727114733,299.8960714002236
2022-07-26 09:00:00,301.716057846469,300.7208313787663
2022-07-26 17:00:00,297.2758010605635,297.6298229999278
2022-07-26 18:00:00,297.1703029685469,297.4716068967282
2022-07-26 20:00:00,297.1605592089919,297.33118604474885
2022-07-26 21:00:00,297.1225335778,297.25815045043754
2022-07-27 05:00:00,300.4299197204308,300.2326721285452
2022-07-27 06:00:00,301.250366869252,300.95473634223174
2022-07-27 08:00:00,302.05632073118795,300.6565593607804
2022-07-27 09:00:00,302.5730636902326,301.32843008173637
2022-07-27 17:00:00,298.07690039401064,298.6464115607169
2022-07-27 18:00:00,297.928597660388,298.48757318576054
2022-07-27 20:00:00,297.71256400697587,298.11093433538827
2022-07-27 21:00:00,297.5957085090719,297.9189156413262
2022-07-28 05:00:00,300.49454781601355,299.7133055041861
2022-07-28 06:00:00,301.3401099676711,300.50813596751914
2022-07-28 08:00:00,302.74064991250066,301.152811388389
2022-07-28 09:00:00,303.3318836700017,301.47752925831657
2022-07-28 17:00:00,298.48462403096113,299.26345046973563
2022-07-28 18:00:00,298.2583659778942,299.06629283182065
2022-07-28 20:00:00,297.74046986349197,298.4779422566042
2022-07-28 21:00:00,297.70692989308225,298.36824559944995
2022-07-29 05:00:00,300.9135588894273,300.34171185838795
2022-07-29 06:00:00,302.18640611645617,301.03811819490926
2022-07-29 08:00:00,303.81479504883566,302.0801947877294
2022-07-29 09:00:00,304.35962734604476,302.42304437810725
2022-07-29 17:00:00,297.9410993108764,298.76954251187976
2022-07-29 18:00:00,297.6906254890336,298.5237237022177
2022-07-29 20:00:00,297.4489135742188,298.3793220461242
2022-07-29 21:00:00,297.22236901328824,298.08401162451696
2022-07-30 05:00:00,300.47043968165417,299.79638156979036
2022-07-30 06:00:00,302.433079230216,300.6882673830758
2022-07-30 08:00:00,304.80185042323984,302.44727260783566
2022-07-30 09:00:00,304.219978743966,302.3703012569292
2022-07-30 17:00:00,298.14039597709666,298.9184135589835
2022-07-30 18:00:00,297.84062023192234,298.63440369310655
2022-07-30 20:00:00,297.20916393027284,298.1725866849691
2022-07-30 21:00:00,297.0373352709096,297.89658697801303
2022-07-31 05:00:00,297.6869510362622,297.6515263585354
2022-07-31 06:00:00,297.53173195672883,297.7480424783998
2022-07-31 08:00:00,300.26476629930215,300.915194941963
2022-07-31 09:00:00,302.57473437481195,301.5627226983821
2022-07-31 17:00:00,297.9567261682637,298.64290935122546
2022-07-31 18:00:00,297.7858287182354,298.45565243384505
2022-07-31 20:00:00,297.30280740088415,297.89843134005747
2022-07-31 21:00:00,296.8942229237138,297.5032422458078
2022-08-01 05:00:00,299.81199949290976,299.1817324598691
2022-08-01 06:00:00,302.63887813903153,300.6548779550796
2022-08-01 08:00:00,304.173486977035,301.4417981116908
2022-08-01 09:00:00,305.21033749337926,302.0545968171812
2022-08-01 17:00:00,298.28940679847,298.9875841890168
2022-08-01 18:00:00,297.93684960881075,298.6024792029054
2022-08-01 20:00:00,297.7220128651577,298.3232705890673
2022-08-01 21:00:00,297.603376015309,298.1093837932005
2022-08-02 05:00:00,299.3194435248941,298.8123026702364
2022-08-02 06:00:00,301.4039001229732,300.04147731504753
2022-08-02 08:00:00,306.58443722482457,303.1386277914415
2022-08-02 09:00:00,306.22303953009134,303.39059495264655
2022-08-02 17:00:00,298.23803315948817,299.0774596086452
2022-08-02 18:00:00,297.89404708321547,298.72809804202234
2022-08-02 20:00:00,297.6897082923924,298.7780886328276
2022-08-02 21:00:00,297.77874168078597,298.7774017522074
2022-08-03 05:00:00,304.0016866016829,301.6012800125569
2022-08-03 06:00:00,305.751158374851,302.5549746191557
2022-08-03 08:00:00,307.62966258279715,303.36487919083
2022-08-03 09:00:00,307.2864190617401,303.49307869321945
2022-08-03 17:00:00,298.0852213949195,298.3011401489446
2022-08-03 18:00:00,298.0193433012176,298.21970121739275
2022-08-03 20:00:00,298.6146949568221,299.0182879290706
2022-08-03 21:00:00,298.54205780734634,298.79676934052696
2022-08-04 05:00:00,302.7406361819416,300.5834957645927
2022-08-04 06:00:00,303.89778311190145,301.0010080440386
2022-08-04 08:00:00,306.65505292566235,303.8521505629153
2022-08-04 09:00:00,307.82803408206894,304.40134492236405
2022-08-04 17:00:00,299.144674927134,299.6161224412257
2022-08-04 18:00:00,298.86147561095345,299.2158410023835
2022-08-04 20:00:00,298.28631443676124,298.23136516271285
2022-08-04 21:00:00,298.0689263013184,297.95044022899566
2022-08-05 05:00:00,301.2010863646521,299.60030124000116
2022-08-05 06:00:00,303.1284441132391,301.0251209276667
2022-08-05 08:00:00,305.2792866241032,301.9880746333
2022-08-05 09:00:00,305.7272507677828,301.9885011975681
2022-08-05 17:00:00,298.39471254510397,298.6279615922408
2022-08-05 18:00:00,298.0303897710721,298.46893526850204
2022-08-05 20:00:00,297.18496802848733,297.98058045185957
2022-08-05 21:00:00,297.06774716605025,297.7983750165519
2022-08-06 05:00:00,304.64870465812044,301.53979200648234
2022-08-06 06:00:00,306.7286167468055,302.4215494164701
2022-08-06 08:00:00,308.212545409592,303.4161224600347
2022-08-06 09:00:00,309.14602592950246,303.90046854122033
2022-08-06 17:00:00,299.19555654658006,299.77965913605067
2022-08-06 18:00:00,298.6896927749798,299.4030283030082
2022-08-06 20:00:00,298.3899032052015,299.32480664833673
2022-08-06 21:00:00,298.1696630398555,298.9362068822828
2022-08-07 05:00:00,304.82721224698156,301.7186342306975
2022-08-07 06:00:00,305.8218322189637,302.95473641276544
2022-08-07 08:00:00,308.72289940315335,304.34405021491153
2022-08-07 09:00:00,307.65193818126147,304.31258675644324
2022-08-07 17:00:00,298.96010097039317,299.4368100629198
2022-08-07 18:00:00,298.7265636990728,299.1605779474432
2022-08-07 20:00:00,298.41757818142696,298.66415172512245
2022-08-07 21:00:00,298.02801762890925,298.16642319219324
2022-08-08 05:00:00,302.54641048860475,300.6163808531681
2022-08-08 06:00:00,305.28172807737565,301.8546294460679
2022-08-08 08:00:00,308.2391807426841,304.279695366858
2022-08-08 09:00:00,307.252321216836,304.3786902052963
2022-08-08 17:00:00,299.6615971828279,300.51739313863277
2022-08-08 18:00:00,299.4055138633505,300.2738926539252
2022-08-08 20:00:00,298.89045868155034,299.91098894727617
2022-08-08 21:00:00,298.6741647117862,299.64071293200476
2022-08-09 05:00:00,305.0203680617417,302.9820851941689
2022-08-09 06:00:00,306.3863721709406,303.79063128690325
2022-08-09 08:00:00,307.9221577225554,305.04074515179605
2022-08-09 09:00:00,308.09384451514956,305.3043527941124
2022-08-09 17:00:00,299.35411643100264,300.24435337813134
2022-08-09 18:00:00,299.14134663021986,299.9983309847181
2022-08-09 20:00:00,299.16340719496344,300.1592611068938
2022-08-09 21:00:00,299.14555949018626,300.06364419757864
2022-08-10 05:00:00,303.479096540501,302.2935633255264
2022-08-10 06:00:00,304.72040053545425,302.9181625295677
2022-08-10 08:00:00,306.8274224844111,304.5308265157032
2022-08-10 09:00:00,306.1976550180115,304.6193879631524
2022-08-10 17:00:00,300.1448640279667,301.0750609693248
2022-08-10 18:00:00,299.8805064714194,300.7655155552187
2022-08-10 20:00:00,299.47160071327437,300.36617247312574
2022-08-10 21:00:00,299.20858973898396,299.9310555950335
2022-08-11 05:00:00,301.49450627166794,301.1968263411558
2022-08-11 06:00:00,302.3473018417006,301.57829044853406
2022-08-11 08:00:00,301.5496850623556,300.7872653720192
2022-08-11 09:00:00,301.74512339446505,301.1649171332549
2022-08-11 17:00:00,298.87661599745553,299.2165085802828
2022-08-11 18:00:00,298.70145897064447,299.01397909625837
2022-08-11 20:00:00,297.91298443951484,298.136712848681
2022-08-11 21:00:00,297.72265159477627,297.8989476937175
2022-08-12 05:00:00,298.87106873404997,298.6612570223346
2022-08-12 06:00:00,299.7880341892801,299.0942954370531
2022-08-12 08:00:00,303.02122951325356,301.5976530289613
2022-08-12 09:00:00,303.9225930330015,302.1664397676112
2022-08-12 17:00:00,297.3599255860127,297.57188544839113
2022-08-12 18:00:00,297.28472434868246,297.4678373645378
2022-08-12 20:00:00,297.0980142320066,297.26211879359926
2022-08-12 21:00:00,297.09928024127413,297.156393465533
2022-08-13 05:00:00,299.9396529234429,298.93042036858844
2022-08-13 06:00:00,299.9528047064971,298.84808890367697
2022-08-13 08:00:00,298.23140729483913,297.8933372556337
2022-08-13 09:00:00,298.8622575474815,298.50958670453036
2022-08-13 17:00:00,296.1947550016853,296.68513627485794
2022-08-13 18:00:00,296.23144909780825,296.7319370028785
2022-08-13 20:00:00,296.1113084225882,296.84642357965834
2022-08-13 21:00:00,296.03511804424926,296.75504696791637
2022-08-14 05:00:00,302.04647074789034,300.3891922961031
2022-08-14 06:00:00,303.25620068754364,301.236441190511
2022-08-14 08:00:00,304.17933029386404,301.695631994121
2022-08-14 09:00:00,304.0335161770437,301.9064297903852
2022-08-14 17:00:00,297.83944953718617,299.1936869569846
2022-08-14 18:00:00,298.0655806296045,298.4803383332004
2022-08-14 20:00:00,297.71322779956694,298.2019715860188
2022-08-14 21:00:00,297.3236936031395,297.8119900884173
2022-08-15 05:00:00,297.72362089230575,297.7182074313171
2022-08-15 06:00:00,298.26416034433987,298.0876964927638
2022-08-15 08:00:00,303.01267114295433,301.50635386321505
2022-08-15 09:00:00,303.3024841684774,302.00154694496945
2022-08-15 17:00:00,297.036694002078,297.7296762569292
2022-08-15 18:00:00,296.8026022653918,297.5509901237782
2022-08-15 20:00:00,296.81211194712864,297.85900476864197
2022-08-15 21:00:00,296.77615166004335,297.73469606937357
2022-08-16 05:00:00,297.6929485867681,297.8472413943251
2022-08-16 06:00:00,297.37884307532175,297.350752091371
2022-08-16 08:00:00,297.4012020916344,297.6884940548561
2022-08-16 09:00:00,297.9985500858818,298.1783134096025
2022-08-16 17:00:00,296.8723904179131,297.1042200214874
2022-08-16 18:00:00,296.8723552686224,297.3864229316888
2022-08-16 20:00:00,296.79310732519684,296.90821567999745
2022-08-16 21:00:00,296.70073557708224,296.7834697188508
2022-08-17 05:00:00,296.5674643024274,296.58724724015764
2022-08-17 06:00:00,296.6986881720451,297.0159033729777
2022-08-17 08:00:00,299.2914516878055,299.7345826276829
2022-08-17 09:00:00,300.3857976975169,300.4579263225726
2022-08-17 17:00:00,296.3163857717176,297.05340395135397
2022-08-17 18:00:00,296.1424516815985,296.8253381197184
2022-08-17 20:00:00,295.8137996303282,296.6385371556451
2022-08-17 21:00:00,295.91364691547693,296.7479682064203
2022-08-18 05:00:00,301.4379911731314,300.6122508702918
2022-08-18 06:00:00,302.1389448403945,301.3085237335534
2022-08-18 08:00:00,303.8783741673263,301.71123703308575
2022-08-18 09:00:00,303.5972332594392,301.74548259905566
2022-08-18 17:00:00,297.67666715319245,298.2969541152931
2022-08-18 18:00:00,297.36716405930247,297.9503543189568
2022-08-18 20:00:00,296.6953769442848,297.2824872315206
2022-08-18 21:00:00,296.39917199086335,296.9584090786833
2022-08-19 05:00:00,299.8480995777759,299.2093472473427
2022-08-19 06:00:00,301.2376552399575,299.7511782418414
2022-08-19 08:00:00,305.2449623895537,301.7498815974396
2022-08-19 09:00:00,305.1867435966692,301.9553590842131
2022-08-19 17:00:00,297.81334414724574,298.52497435865126
2022-08-19 18:00:00,297.21113414793797,297.96010729491434
2022-08-19 20:00:00,296.5352195422345,297.48563602488656
2022-08-19 21:00:00,296.29183224059403,297.1989951817023
2022-08-20 05:00:00,302.3739867364681,300.62530183718644
2022-08-20 06:00:00,304.28340978872245,301.81705055178037
2022-08-20 08:00:00,306.1911339664312,302.5455445229364
2022-08-20 09:00:00,306.603405498393,302.91423375580825
2022-08-20 17:00:00,297.40265228788735,298.178938808353
2022-08-20 18:00:00,297.06820946738975,297.81364739510605
2022-08-20 20:00:00,296.9747399093558,297.7680347601328
2022-08-20 21:00:00,296.8701053613507,297.5066585687717
2022-08-21 05:00:00,302.0687262912744,300.6275000432607
2022-08-21 06:00:00,303.0066408648145,301.31197628732457
2022-08-21 08:00:00,303.2561666432808,301.8932242841677
2022-08-21 09:00:00,303.5602631179504,302.0915920216424
2022-08-21 17:00:00,297.66178357986894,298.5580427642964
2022-08-21 18:00:00,297.6128581183717,298.45959550243316
2022-08-21 20:00:00,297.12632438765473,297.89651872490884
2022-08-21 21:00:00,297.01756857944014,297.6788842858078
2022-08-22 05:00:00,296.9717804566371,296.9365103887667
2022-08-22 06:00:00,297.76497112914853,297.43525225576155
2022-08-22 08:00:00,300.00091082509755,299.5690497823048
2022-08-22 09:00:00,301.1181954970162,300.08447209198044
2022-08-22 17:00:00,296.79002932885027,297.3370422222214
2022-08-22 18:00:00,296.7749780028921,297.2093924359291
2022-08-22 20:00:00,296.78762669262056,297.2264152256476
2022-08-22 21:00:00,296.71344748851146,297.25841285928925
2022-08-23 05:00:00,297.72546828729895,297.73696433891683
2022-08-23 06:00:00,297.96073196481666,297.71336294212404
2022-08-23 08:00:00,298.4245867618978,298.38848390270635
2022-08-23 09:00:00,298.25242563021385,298.36521829331787
2022-08-23 17:00:00,296.9866690848752,297.48972650889436
2022-08-23 18:00:00,297.01341470915287,297.45477497118463
2022-08-23 20:00:00,296.7625542216015,296.91545267207965
2022-08-23 21:00:00,296.73682353015306,296.9721370044585
2022-08-24 05:00:00,299.817527100926,299.12397610939155
2022-08-24 06:00:00,301.5456489128031,300.2104737174529
2022-08-24 08:00:00,301.3077419380929,300.4049223913066
2022-08-24 09:00:00,300.8495875330662,299.69003787283174
2022-08-24 17:00:00,296.4450694644029,297.04993644443977
2022-08-24 18:00:00,296.26318895431075,296.9009020177903
2022-08-24 20:00:00,295.8712822630519,296.3269781456523
2022-08-24 21:00:00,295.732515426189,296.23599703984195
2022-08-25 05:00:00,300.7134698006699,299.34931673070497
2022-08-25 06:00:00,302.1805091234863,300.2213681166639
2022-08-25 08:00:00,304.74420053161714,301.4088474738029
2022-08-25 09:00:00,304.33954012596,301.45000005172477
2022-08-25 17:00:00,296.1998137487285,297.11998046969046
2022-08-25 18:00:00,295.7487393512932,296.6332936338357
2022-08-25 20:00:00,295.2926947030889,296.2552116170686
2022-08-25 21:00:00,294.9914410654312,295.9036116871886
2022-08-26 05:00:00,301.4925977944961,299.950093932071
2022-08-26 06:00:00,303.1785383885741,300.8488074304143
2022-08-26 08:00:00,304.3523782927009,301.47662367622365
2022-08-26 09:00:00,304.54208470419485,301.4064868286321
2022-08-26 17:00:00,296.7642820384727,297.5838034090533
2022-08-26 18:00:00,296.6687296909985,297.4955378034265
2022-08-26 20:00:00,296.4979115678643,297.3755675846329
2022-08-26 21:00:00,296.24807664021876,296.9868318061064
2022-08-27 05:00:00,301.702545918375,299.7018244527338
2022-08-27 06:00:00,303.34060979293565,300.6182622454015
2022-08-27 08:00:00,304.77337667644485,302.1983797046914
2022-08-27 09:00:00,304.0109751838014,302.1469395524365
2022-08-27 17:00:00,295.94963779067405,297.0650575047098
2022-08-27 18:00:00,295.6169297228609,296.7319089304685
2022-08-27 20:00:00,295.5671905611623,296.61005532098665
2022-08-27 21:00:00,295.26735389838785,296.152198544636
2022-08-28 05:00:00,301.6543342578576,299.43634435245184
2022-08-28 06:00:00,302.79808604000897,300.2420193241631
2022-08-28 08:00:00,303.13698202876725,301.0797721733481
2022-08-28 09:00:00,302.88506417061404,301.1815465800751
2022-08-28 17:00:00,295.6807443768659,296.6755438806096
2022-08-28 18:00:00,295.2385354064095,296.29261775082915
2022-08-28 20:00:00,294.6714552069666,296.0317407264181
2022-08-28 21:00:00,294.5064646481366,295.7472459413972
2022-08-29 05:00:00,303.27924818324016,300.8235863684139
2022-08-29 06:00:00,304.762487778862,301.7507932924526
2022-08-29 08:00:00,305.3597375431855,302.53453221490093
2022-08-29 09:00:00,305.35157867572707,302.79273283830594
2022-08-29 17:00:00,296.0042717320893,297.0507556697805
2022-08-29 18:00:00,295.687573919311,296.58000817908714
2022-08-29 20:00:00,294.8300814165724,295.68709802847985
2022-08-29 21:00:00,294.3815359577008,295.33645761545705
2022-08-30 05:00:00,303.4888272983451,301.20109899018325
2022-08-30 06:00:00,304.23118605415334,301.79737066377663
2022-08-30 08:00:00,307.0963369642825,303.63816683024214
2022-08-30 09:00:00,307.4136681931412,303.98564420679503
2022-08-30 17:00:00,297.75801072319047,298.8085344546749
2022-08-30 18:00:00,297.27987203024935,298.32385578361243
2022-08-30 20:00:00,297.05389883925994,298.0924262706598
2022-08-30 21:00:00,296.8248428556328,297.7788064307167
2022-08-31 05:00:00,304.62511174888203,302.3032847729229
2022-08-31 06:00:00,306.2151658303565,303.0941068299563
2022-08-31 08:00:00,308.0285555658796,304.133151508443
2022-08-31 09:00:00,307.26999545574927,304.12342002175075
2022-08-31 17:00:00,298.5537006395807,299.48737895947943
2022-08-31 18:00:00,298.155162088309,299.00216228091296
2022-08-31 20:00:00,297.3946580930925,298.4200389844427
2022-08-31 21:00:00,297.0674842164402,298.0467559391251
2022-09-01 05:00:00,304.4113264274891,302.0438957978471
2022-09-01 06:00:00,306.157789068707,302.97919686292465
2022-09-01 08:00:00,308.0501943861575,304.0557676529848
2022-09-01 09:00:00,308.40193119842576,304.35584210835185
2022-09-01 17:00:00,298.6812256282577,299.600785336252
2022-09-01 18:00:00,298.38607997335896,299.3305965711597
2022-09-01 20:00:00,297.9713512120886,298.78666035750615
2022-09-01 21:00:00,297.73604859997204,298.4928292390562
2022-09-02 05:00:00,304.17932751953873,301.84272192439244
2022-09-02 06:00:00,305.6520671403647,302.7602713280724
2022-09-02 08:00:00,305.7632267603705,302.97087416920715
2022-09-02 09:00:00,305.7743736466935,303.19837006508664
2022-09-02 17:00:00,298.3615199061131,299.20653114260074
2022-09-02 18:00:00,297.94897207016203,298.84492154114054
2022-09-02 20:00:00,297.327244833548,298.4195814793944
2022-09-02 21:00:00,297.1440669266946,298.1561380395169
2022-09-03 05:00:00,304.1773768161956,301.8576929830072
2022-09-03 06:00:00,305.8385481636036,302.85855542199084
2022-09-03 08:00:00,307.2949357936489,303.811610170432
2022-09-03 09:00:00,306.6784035751743,303.8248201202722
2022-09-03 17:00:00,298.12559727931796,299.2015148098186
2022-09-03 18:00:00,297.70166137883405,298.8035880207832
2022-09-03 20:00:00,296.9470364375181,298.1120180620802
2022-09-03 21:00:00,296.68873556222314,297.7560438441202
2022-09-04 05:00:00,301.51323898621075,299.9738119680819
2022-09-04 06:00:00,303.5026725921866,301.1849552148663
2022-09-04 08:00:00,305.0418404460137,302.79143497132003
2022-09-04 09:00:00,305.0462318032475,303.0274271913596
2022-09-04 17:00:00,296.6701319713622,297.71298772638494
2022-09-04 18:00:00,296.19153250531167,297.3071000109469
2022-09-04 20:00:00,295.9279865094436,297.07130740126036
2022-09-04 21:00:00,295.6797133153319,296.7540829369026
2022-09-05 05:00:00,301.4510309957026,300.02248289698997
2022-09-05 06:00:00,302.22479085819384,300.4560765294338
2022-09-05 08:00:00,305.03905777424256,301.8284839929895
2022-09-05 09:00:00,305.46167737493533,302.23477123477977
2022-09-05 17:00:00,296.0619659188716,296.90429165550665
2022-09-05 18:00:00,295.4329885003747,296.35392730665865
2022-09-05 20:00:00,295.04993762000134,296.2845704206517
2022-09-05 21:00:00,294.74567221713545,295.9334110442222
2022-09-06 05:00:00,303.4015315780287,300.9554910527539
2022-09-06 06:00:00,305.12393835035425,301.8275965850783
2022-09-06 08:00:00,307.524007741402,303.350496148108
2022-09-06 09:00:00,307.41193553295636,303.6455449132229
2022-09-06 17:00:00,295.81732081338333,297.0285310906879
2022-09-06 18:00:00,295.23849014728944,296.42736153389535
2022-09-06 20:00:00,294.22272097641957,295.5063968417457
2022-09-06 21:00:00,293.8525337959842,295.14515758919975
2022-09-07 05:00:00,304.2320331873255,301.93527757735757
2022-09-07 06:00:00,305.9849480392386,302.9742630310529
2022-09-07 08:00:00,307.9356199479067,304.37299681958876
2022-09-07 09:00:00,307.65807364864963,304.57609278321814
2022-09-07 17:00:00,296.8091499787082,299.7965959922191
2022-09-07 18:00:00,296.3145973664035,299.0940142427277
2022-09-07 20:00:00,295.84121250334806,298.84367861990205
2022-09-07 21:00:00,295.52579983797943,298.4872208699607
2022-09-08 05:00:00,306.4749695435511,303.52740513782476
2022-09-08 06:00:00,307.3201175213595,303.9590018203336
2022-09-08 08:00:00,308.3518887653556,305.0539377033252
2022-09-08 09:00:00,307.79880555421806,305.1358014593139
2022-09-08 17:00:00,297.87015341830727,299.2923694957386
2022-09-08 18:00:00,297.49636864331546,298.96499201182405
2022-09-08 20:00:00,296.85210231786886,298.18395857377493
2022-09-08 21:00:00,296.498809696897,299.27608592264096
2022-09-09 05:00:00,305.9512872681228,303.396020192762
2022-09-09 06:00:00,307.5732214270828,304.23997716213046
2022-09-09 08:00:00,308.4864044659678,305.39426185831275
2022-09-09 09:00:00,308.0437926775869,305.4769696439911
2022-09-09 17:00:00,298.8225491469373,300.0928047074375
2022-09-09 18:00:00,298.4791161488679,299.76096667273566
2022-09-09 20:00:00,298.0758872245236,299.32819054931264
2022-09-09 21:00:00,297.80986537845183,298.92850013580085
2022-09-10 05:00:00,306.2570436827391,303.3143650519279
2022-09-10 06:00:00,307.8902882956577,304.07125859194434
2022-09-10 08:00:00,309.11255263694443,304.89635191272333
2022-09-10 09:00:00,309.10859217004526,305.1130170542948
2022-09-10 17:00:00,299.39496493817114,300.10597407689266
2022-09-10 18:00:00,299.0741143601334,299.75645684240783
2022-09-10 20:00:00,298.291967477196,298.48367079160244
2022-09-10 21:00:00,297.91937067769527,298.10676090375665
2022-09-11 05:00:00,304.91574073168454,302.21638714477353
2022-09-11 06:00:00,306.85092156032573,303.316648556749
2022-09-11 08:00:00,308.04691224179027,304.6523186870275
2022-09-11 09:00:00,307.18394286827237,304.37677596787273
2022-09-11 17:00:00,298.32812509404494,299.2855970855854
2022-09-11 18:00:00,297.95976965012284,299.0463727765899
2022-09-11 20:00:00,297.64527152462625,298.68993900810443
2022-09-11 21:00:00,297.4928980799412,298.5725946881922
2022-09-12 05:00:00,304.7889538546005,302.44817661467613
2022-09-12 06:00:00,306.0387719011821,303.1440038930837
2022-09-12 08:00:00,307.878817377546,304.17177152707137
2022-09-12 09:00:00,307.98425053154193,304.34440481130076
2022-09-12 17:00:00,299.40885281085235,300.2916972391044
2022-09-12 18:00:00,298.9442379426883,299.7835357383881
2022-09-12 20:00:00,298.11445293220794,299.0464777777485
2022-09-12 21:00:00,297.6340440182913,298.55560046461954
2022-09-13 05:00:00,302.27793066086497,301.4585765726944
2022-09-13 06:00:00,303.63533516106514,302.16152314596076
2022-09-13 08:00:00,306.14025025448564,302.825428779026
2022-09-13 09:00:00,305.61774560960674,302.9062709955295
2022-09-13 17:00:00,298.2705695529932,299.226311235472
2022-09-13 18:00:00,297.8999737708705,298.8243899117633
2022-09-13 20:00:00,297.33306463914585,298.300013232121
2022-09-13 21:00:00,297.0588657044115,297.95748513431874
2022-09-14 05:00:00,303.2888170427461,301.3995908434475
2022-09-14 06:00:00,303.37604298172823,301.852738978499
2022-09-14 08:00:00,306.3557175223375,303.2161641407454
2022-09-14 09:00:00,303.83775802165593,301.30778174260735
2022-09-14 17:00:00,297.5785166500897,297.9529811817986
2022-09-14 18:00:00,297.2155486872457,297.6902607828149
2022-09-14 20:00:00,296.97247027616106,297.5686380536237
2022-09-14 21:00:00,296.78632445254567,297.30038694314123
2022-09-15 05:00:00,303.0425180632087,301.1647177815254
2022-09-15 06:00:00,304.23211912087555,302.007757084028
2022-09-15 08:00:00,306.7891173281912,303.40826307863966
2022-09-15 09:00:00,306.9061544033339,303.8914440842733
2022-09-15 17:00:00,297.4960185845938,298.81702652330205
2022-09-15 18:00:00,296.90633210121945,298.0337880374103
2022-09-15 20:00:00,295.80549546346094,297.14119667558714
2022-09-15 21:00:00,295.3910059759907,296.50683814755575
2022-09-16 05:00:00,303.41674355622985,301.79117336185027
2022-09-16 06:00:00,305.1099909237243,302.68635020674844
2022-09-16 08:00:00,306.8012708008565,304.0538435408441
2022-09-16 09:00:00,306.7000930621555,304.35709991219966
2022-09-16 17:00:00,298.3515596551411,299.1369653122818
2022-09-16 18:00:00,297.8125732845077,298.4954268774377
2022-09-16 20:00:00,296.6696296303959,297.3119644141528
2022-09-16 21:00:00,296.3060661985988,296.9999250226836
2022-09-17 05:00:00,301.5378916641964,299.8863199289848
2022-09-17 06:00:00,303.5985731409952,300.955405848052
2022-09-17 08:00:00,306.25647607459496,302.31463815838976
2022-09-17 09:00:00,306.3435197545127,302.75111824117937
2022-09-17 17:00:00,295.43128184361154,296.80016248141675
2022-09-17 18:00:00,295.01740480020345,296.45079002909375
2022-09-17 20:00:00,294.61826191624436,296.0005033519492
2022-09-17 21:00:00,294.38117118094846,295.5972857129959
2022-09-18 05:00:00,303.2970698845956,300.81476375538693
2022-09-18 06:00:00,305.1188620874437,302.04241926901517
2022-09-18 08:00:00,307.6889204310342,303.9255103065714
2022-09-18 09:00:00,307.5207615221961,304.2240154342769
2022-09-18 17:00:00,297.28960488059306,298.3256343847431
2022-09-18 18:00:00,296.8181551094232,297.82617843463345
2022-09-18 20:00:00,296.3207204433729,297.40239594493335
2022-09-18 21:00:00,296.07399668642114,297.1041394014756
2022-09-19 05:00:00,303.06247166896645,301.1030206665603
2022-09-19 06:00:00,305.0043446404174,302.4339591850669
2022-09-19 08:00:00,307.6686777311775,304.49559056262945
2022-09-19 09:00:00,307.37806459494476,304.79421823087205
2022-09-19 17:00:00,298.03358927346153,299.3561944476629
2022-09-19 18:00:00,297.7961713323608,299.0632748126249
2022-09-19 20:00:00,296.48742781581797,297.7468833041669
2022-09-19 21:00:00,296.18451172251184,297.31626374842756
2022-09-20 05:00:00,303.2419213058401,301.28528572635037
2022-09-20 06:00:00,305.3702950969867,302.76404986506435
2022-09-20 08:00:00,307.5320818743831,304.6673272460561
2022-09-20 09:00:00,307.5394288520049,305.1821571432387
2022-09-20 17:00:00,298.58465639652195,299.8158120271421
2022-09-20 18:00:00,298.09949428752316,299.2405054830072
2022-09-20 20:00:00,297.19197059008303,298.0923493654225
2022-09-20 21:00:00,296.82284411884416,297.6205316199728
2022-09-21 05:00:00,302.368087698021,300.7960728438132
2022-09-21 06:00:00,304.0595183761902,302.10972498818796
2022-09-21 08:00:00,305.9792760957738,304.1375705854184
2022-09-21 09:00:00,306.06876019446986,304.70147942541564
2022-09-21 17:00:00,298.67308465284634,299.359950319828
2022-09-21 18:00:00,297.9867082545864,298.49594889730446
2022-09-21 20:00:00,296.6847858869791,297.4296762851427
2022-09-21 21:00:00,296.0401472376749,296.7192934856209
2022-09-22 05:00:00,300.8789592678264,299.42900416957576
2022-09-22 06:00:00,299.54710209498234,299.17998501111987
2022-09-22 08:00:00,305.8531724550691,303.1117579573292
2022-09-22 09:00:00,306.36878640479046,303.35930808703597
2022-09-22 17:00:00,297.6100632677828,298.406926088965
2022-09-22 18:00:00,297.2404387111106,297.9831699318438
2022-09-22 20:00:00,296.904349751759,297.4430221063881
2022-09-22 21:00:00,296.7434945128548,297.29438243331083
2022-09-23 05:00:00,303.01245547443034,300.5776862804255
2022-09-23 06:00:00,302.9821786278018,301.2215758619029
2022-09-23 08:00:00,304.31816834624635,302.2762967478513
2022-09-23 09:00:00,303.57773137496696,301.3923852153479
2022-09-23 17:00:00,296.57371850153334,297.2592233384519
2022-09-23 18:00:00,296.08263153875555,296.6813962257515
2022-09-23 20:00:00,296.00945736924746,296.5694715973042
2022-09-23 21:00:00,295.8895936798425,296.5296612520615
2022-09-24 05:00:00,298.98696901765186,298.89158849025546
2022-09-24 06:00:00,301.5588938238441,300.5975838118966
2022-09-24 08:00:00,302.45188393614876,301.7630969783742
2022-09-24 09:00:00,303.4177031436208,302.6034125047399
2022-09-24 17:00:00,297.35228485906805,298.20151995877825
2022-09-24 18:00:00,296.90071162383987,297.79559149837644
2022-09-24 20:00:00,296.30560008843986,297.3365690351818
2022-09-24 21:00:00,296.1250104389867,297.1843384917602
2022-09-25 05:00:00,302.2111015848827,300.0105506414992
2022-09-25 06:00:00,303.99955641360054,301.09396275313134
2022-09-25 08:00:00,306.1742353160136,302.3731235921475
2022-09-25 09:00:00,306.3383478479136,302.6636917043724
2022-09-25 17:00:00,295.264403074291,296.6167864689291
2022-09-25 18:00:00,294.63128292983043,295.9713083511141
2022-09-25 20:00:00,293.4006311684067,294.93107402783875
2022-09-25 21:00:00,292.92598904226156,294.54672013152
2022-09-26 05:00:00,303.49919920746464,300.6265258083726
2022-09-26 06:00:00,305.5957538152145,301.659488601567
2022-09-26 08:00:00,308.0088622294516,303.13497416962093
2022-09-26 09:00:00,307.92199965654794,303.4078706526793
2022-09-26 17:00:00,296.4128098451118,297.5331087979404
2022-09-26 18:00:00,296.01964379826387,297.15974750724524
2022-09-26 20:00:00,295.1470235580656,296.24740927392054
2022-09-26 21:00:00,295.165659124201,296.2297787188749
2022-09-27 05:00:00,303.81403716429725,301.3681758651381
2022-09-27 06:00:00,305.95088644865297,302.6104798632888
2022-09-27 08:00:00,307.69006117246187,303.80087717582336
2022-09-27 09:00:00,307.92477988315113,304.0979251949739
2022-09-27 17:00:00,296.16037213012504,297.595609573811
2022-09-27 18:00:00,295.56377865830996,297.03747516273535
2022-09-27 20:00:00,294.79877995048724,296.4506405211744
2022-09-27 21:00:00,294.57422697893094,296.15127685734967
2022-09-28 05:00:00,304.4396923047552,301.9068201708684
2022-09-28 06:00:00,306.4762531627308,303.14059257801216
2022-09-28 08:00:00,308.2351690213008,304.34597390385
2022-09-28 09:00:00,308.39582069996504,304.5683589753091
2022-09-28 17:00:00,296.38646113743954,297.91543640230765
2022-09-28 18:00:00,295.915383055324,297.55698823855363
2022-09-28 20:00:00,295.67176905839216,297.193878667564
2022-09-28 21:00:00,295.4169218654074,296.765019374195
2022-09-29 05:00:00,304.6646849363354,302.18675563441957
2022-09-29 06:00:00,306.7100328348451,303.4345798815711
2022-09-29 08:00:00,309.0530852331035,304.9452905405101
2022-09-29 09:00:00,308.53886705113484,305.0919219077277
2022-09-29 17:00:00,297.1243473517326,298.4169326805738
2022-09-29 18:00:00,296.6926167727619,297.99915446559163
2022-09-29 20:00:00,296.23159430317224,297.78785141296856
2022-09-29 21:00:00,295.9285586317442,297.38781569000383
2022-09-30 05:00:00,304.5647796019568,302.39087769871315
2022-09-30 06:00:00,306.84018475689766,303.8156664220872
2022-09-30 08:00:00,309.0065906918472,305.4595302352553
2022-09-30 09:00:00,308.8309012296939,305.73488430029073
2022-09-30 17:00:00,297.7452922756389,299.2381043514963
2022-09-30 18:00:00,297.1947904331107,298.74696592263336
2022-09-30 20:00:00,296.7888309849062,298.5407740470992
2022-09-30 21:00:00,296.5424800690591,298.15355288559925
2022-10-01 05:00:00,304.4815254152648,302.6331870339134
2022-10-01 06:00:00,306.7036953589582,303.9927327724745
2022-10-01 08:00:00,308.7242783133532,305.3377510388203
2022-10-01 09:00:00,308.3928189035189,305.3765913811965
2022-10-01 17:00:00,297.07728492019726,298.56882945855705
2022-10-01 18:00:00,296.89854525197273,298.4864232279303
2022-10-01 20:00:00,296.1020102478874,297.6789531031816
2022-10-01 21:00:00,295.87321483923586,297.31504565504923
2022-10-02 05:00:00,304.0276738241751,301.7053271089386
2022-10-02 06:00:00,306.27751138507864,303.0511023193735
2022-10-02 08:00:00,308.41062271282743,304.52822880678815
2022-10-02 09:00:00,308.3902967597009,304.64609688639825
2022-10-02 17:00:00,296.8174517709412,298.33659898849044
2022-10-02 18:00:00,296.13276296183585,297.67763078451526
2022-10-02 20:00:00,295.43479044815797,297.1476914651222
2022-10-02 21:00:00,295.16323158957744,296.748815903862
2022-10-03 05:00:00,304.3985691393836,302.1328963410505
2022-10-03 06:00:00,306.67738850127756,303.54397507771876
2022-10-03 08:00:00,308.3184193051284,304.68060173422606
2022-10-03 09:00:00,308.6017666950432,304.98600432832365
2022-10-03 17:00:00,296.4272958670265,298.19312052440205
2022-10-03 18:00:00,295.86464788733724,297.6938109317069
2022-10-03 20:00:00,295.4114255038175,297.4051236709571
2022-10-03 21:00:00,295.19181741441156,297.00949087275194
2022-10-04 05:00:00,305.25270087619776,302.8431764435144
2022-10-04 06:00:00,307.946866216204,304.25480226302193
2022-10-04 08:00:00,309.5668746407484,305.64317514569444
2022-10-04 09:00:00,309.302422310428,306.0161708602553
2022-10-04 17:00:00,294.3634835641447,296.5343761473481
2022-10-04 18:00:00,293.5615495349667,295.56910153052473
2022-10-04 20:00:00,293.2925376245531,295.5746740685038
2022-10-04 21:00:00,293.35826275418464,295.4497517496118
2022-10-05 05:00:00,303.55564137416184,302.2219272137423
2022-10-05 06:00:00,305.4669064608487,303.41740932376433
2022-10-05 08:00:00,308.1371222732615,305.5265934831005
2022-10-05 09:00:00,308.09440883172135,305.83819944502216
2022-10-05 17:00:00,296.91088211224155,298.04390233396936
2022-10-05 18:00:00,296.38218822978865,297.32219864150227
2022-10-05 20:00:00,295.202757613501,296.33420587430936
2022-10-05 21:00:00,294.83882355065487,295.88414135478865
2022-10-06 05:00:00,306.5452122387056,302.5811512951491
2022-10-06 06:00:00,308.81497996466913,304.0948207014698
2022-10-06 08:00:00,309.87375710227275,305.0560797645792
2022-10-06 09:00:00,309.2748554858662,305.24234784659694
2022-10-06 17:00:00,297.01287743049704,297.8903051767217
2022-10-06 18:00:00,296.4753434426612,297.3101988382442
2022-10-06 20:00:00,296.1940621257012,296.75029847508034
2022-10-06 21:00:00,295.9863730079405,296.3635524285409
2022-10-07 05:00:00,301.6284493562437,299.03669125126396
2022-10-07 06:00:00,303.8471351000488,300.2434408132027
2022-10-07 08:00:00,306.7488871428926,302.34026293174145
2022-10-07 09:00:00,306.83039935895215,302.58172031396714
2022-10-07 17:00:00,297.346660361268,297.4012744356928
2022-10-07 18:00:00,297.01355488311344,296.9217636978314
2022-10-07 20:00:00,294.8678057983587,295.2917640815347
2022-10-07 21:00:00,295.0594755152157,295.26620024929434
2022-10-08 05:00:00,296.36220871465423,295.9613687900256
2022-10-08 06:00:00,296.87040599946437,296.2538571820604
2022-10-08 08:00:00,297.45539416297004,296.5652540350915
2022-10-08 09:00:00,296.7343755407583,296.35842063210225
2022-10-08 17:00:00,295.6198479603913,295.5941683588484
2022-10-08 18:00:00,295.67201691379165,295.5123113270717
2022-10-08 20:00:00,295.26744227710606,295.3851119454359
2022-10-08 21:00:00,295.27829045323637,295.1834445477267
2022-10-09 05:00:00,297.8691189241336,297.18623610674325
2022-10-09 06:00:00,298.50471750503334,297.40387915095494
2022-10-09 08:00:00,300.0574066914469,298.6012538210453
2022-10-09 09:00:00,301.0827455917382,299.1484952906064
2022-10-09 17:00:00,294.99121286542095,295.5367732349273
2022-10-09 18:00:00,294.40805751994503,295.1490288309765
2022-10-09 20:00:00,293.5461319745597,294.2284320660843
2022-10-09 21:00:00,293.4887306201623,294.1843711723716
2022-10-10 05:00:00,303.60647491314006,299.6073966239377
2022-10-10 06:00:00,304.74574738254165,300.45642186239803
2022-10-10 08:00:00,305.36686412652585,301.4924540938508
2022-10-10 09:00:00,304.8770268327099,301.7261814299644
2022-10-10 17:00:00,294.02145587938776,296.32869502980094
2022-10-10 18:00:00,293.36338549879923,296.0617373426816
2022-10-10 20:00:00,292.2941305574908,293.76718513477016
2022-10-10 21:00:00,291.89788247036455,293.8760653409091
2022-10-11 05:00:00,303.20194889768067,299.9854001131925
2022-10-11 06:00:00,304.59439108074173,301.08009763932193
2022-10-11 08:00:00,304.97122928284347,302.59584162966314
2022-10-11 09:00:00,304.2648349285861,302.61115421242266
2022-10-11 17:00:00,293.51378872581915,294.7410551520819
2022-10-11 18:00:00,293.0007743659115,294.1996993430774
2022-10-11 20:00:00,291.97103505656236,293.1796851723882
2022-10-11 21:00:00,291.48667406925625,292.7017766308894
2022-10-12 05:00:00,302.6387841176179,299.7769697333338
2022-10-12 06:00:00,304.30509666595697,300.9982039300246
2022-10-12 08:00:00,305.5875407778795,302.4690206377826
2022-10-12 09:00:00,304.98900548996653,302.6546764638281
2022-10-12 17:00:00,290.158460784583,292.6855004168071
2022-10-12 18:00:00,289.5597919058543,291.9636868093341
2022-10-12 20:00:00,289.28159742546376,291.5181905925733
2022-10-12 21:00:00,289.13169710367964,291.2566472363582
2022-10-13 05:00:00,302.32991871885235,300.3082518496756
2022-10-13 06:00:00,304.17919068417314,301.4910450422525
2022-10-13 08:00:00,306.2353011544203,302.68348609207226
2022-10-13 09:00:00,305.9666261364389,302.9239232514415
2022-10-13 17:00:00,291.05051891168205,293.35215503004923
2022-10-13 18:00:00,290.5010545492539,292.75615789710287
2022-10-13 20:00:00,289.73217792246487,291.91276101228453
2022-10-13 21:00:00,289.3106448463005,291.5511140044554
2022-10-14 05:00:00,302.1131030113561,300.40311607043435
2022-10-14 06:00:00,304.0932042102785,301.5533875640258
2022-10-14 08:00:00,306.38277775040024,302.6860935346371
2022-10-14 09:00:00,305.6986296055681,302.8651859418637
2022-10-14 17:00:00,290.6417387505342,292.95472021352714
2022-10-14 18:00:00,289.9870894656894,292.35156760193723
2022-10-14 20:00:00,289.22051059152756,292.1248355859601
2022-10-14 21:00:00,288.80911487644005,291.9565778359059
2022-10-15 05:00:00,302.52827559413817,300.37308726729526
2022-10-15 06:00:00,304.2389356145874,301.1926806527771
2022-10-15 08:00:00,305.9966971657493,302.3568940713703
2022-10-15 09:00:00,305.3434101686639,302.57121330931307
2022-10-15 17:00:00,290.44613607491846,292.8230066284744
2022-10-15 18:00:00,289.82900735299654,292.2055728953498
2022-10-15 20:00:00,288.96131339756477,291.17215939185286
2022-10-15 21:00:00,288.58295641694855,290.6921917837463
2022-10-16 05:00:00,301.3012733400695,299.63789927243084
2022-10-16 06:00:00,303.10711340764635,300.6792992355276
2022-10-16 08:00:00,304.90361366213193,301.99618934666614
2022-10-16 09:00:00,304.52387716002386,302.11225931082373
2022-10-16 17:00:00,290.52144652191777,293.1180321644929
2022-10-16 18:00:00,290.0227239811549,292.56037061129956
2022-10-16 20:00:00,289.0289142062007,291.4295572948015
2022-10-16 21:00:00,288.4925754823376,290.7985296734309
2022-10-17 05:00:00,301.7109563795187,299.79518009885254
2022-10-17 06:00:00,303.3089463009122,300.6839547414442
2022-10-17 08:00:00,304.82959040801956,301.925269880721
2022-10-17 09:00:00,304.5710511523513,302.0312478839892
2022-10-17 17:00:00,289.182671686534,292.22056809999907
2022-10-17 18:00:00,289.0902758394074,292.08174648196746
2022-10-17 20:00:00,289.123403987091,291.8907625407026
2022-10-17 21:00:00,288.95125383515204,291.5219549758042
2022-10-18 05:00:00,301.1216075409359,299.8259369037552
2022-10-18 06:00:00,303.33343322471774,301.33877622254647
2022-10-18 08:00:00,305.75498616787246,303.06483788629896
2022-10-18 09:00:00,305.63410808639645,303.21586028159305
2022-10-18 17:00:00,291.4453581117886,294.04641711877196
2022-10-18 18:00:00,291.12073245290986,293.68074103827104
2022-10-18 20:00:00,290.387653415486,292.7274573609715
2022-10-18 21:00:00,289.84986230882555,292.13621128358534
2022-10-19 05:00:00,301.08372812609093,300.36945177263397
2022-10-19 06:00:00,303.23833835878065,301.8328427166344
2022-10-19 08:00:00,305.74648335461256,303.35103859923476
2022-10-19 09:00:00,305.76557238186456,303.5342302836696
2022-10-19 17:00:00,291.6801512355246,294.21803170837495
2022-10-19 18:00:00,291.2039077359098,293.74646123054396
2022-10-19 20:00:00,290.4534277306132,292.95969065238586
2022-10-19 21:00:00,290.05745749921755,292.52733448657494
2022-10-20 05:00:00,300.9123506472548,300.14201411407424
2022-10-20 06:00:00,303.08316888794513,301.57520979541846
2022-10-20 08:00:00,305.2027843927933,303.37009826095886
2022-10-20 09:00:00,304.97515010980686,303.4603977761761
2022-10-20 17:00:00,290.7455045585456,293.21973608454863
2022-10-20 18:00:00,290.2675025128804,292.6974252192376
2022-10-20 20:00:00,289.018417311376,291.4867377846928
2022-10-20 21:00:00,288.2803264083039,290.8303568976686
2022-10-21 05:00:00,301.50837782755474,300.3850982618994
2022-10-21 06:00:00,303.63601002744605,301.8018255718684
2022-10-21 08:00:00,305.88428764166923,303.1422362011644
2022-10-21 09:00:00,305.82410857637046,303.3403202756344
2022-10-21 17:00:00,289.2566551831544,292.57909084137856
2022-10-21 18:00:00,288.89176912704494,292.4706247385551
2022-10-21 20:00:00,288.6430424247942,291.7760148952114
2022-10-21 21:00:00,287.8452080490042,292.30926421978074
2022-10-22 05:00:00,303.01443512009917,301.7172493486449
2022-10-22 06:00:00,304.4495274289547,302.6364275869126
2022-10-22 08:00:00,306.13478403429406,303.5439102337431
2022-10-22 09:00:00,305.9015676442574,303.6962440384922
2022-10-22 17:00:00,289.48021268918075,294.1289320888431
2022-10-22 18:00:00,288.7592802826539,293.4638227277618
2022-10-22 20:00:00,287.6530464066563,293.52244805334533
2022-10-22 21:00:00,287.2599204934801,292.44187882574755
2022-10-23 05:00:00,303.3177213036959,300.8754532730267
2022-10-23 06:00:00,305.479206055816,301.9682820794763
2022-10-23 08:00:00,306.5252811802187,303.05414178081213
2022-10-23 09:00:00,305.7170255922573,303.2633568715241
2022-10-23 17:00:00,289.76883992575716,292.1710493090708
2022-10-23 18:00:00,288.9901637472614,291.2526884152452
2022-10-23 20:00:00,287.50601205693556,290.26563007842594
2022-10-23 21:00:00,286.9631047888052,290.2106059211061
2022-10-24 05:00:00,303.7245323051841,300.07037353515625
2022-10-24 06:00:00,304.9502566533023,301.1102440456396
2022-10-24 08:00:00,305.479958603305,302.4476621419145
2022-10-24 09:00:00,304.9137199883836,302.71354139236905
2022-10-24 17:00:00,288.7670149369673,292.0224311722813
2022-10-24 18:00:00,287.90501575440584,293.4616368650839
2022-10-24 20:00:00,286.6778246346167,293.17175450494
2022-10-24 21:00:00,286.2275256846094,292.6817775073882
2022-10-25 05:00:00,301.78464539796806,300.7389111158844
2022-10-25 06:00:00,304.0940452775529,302.276368504129
2022-10-25 08:00:00,305.6627951505923,303.67592772497056
2022-10-25 09:00:00,305.2934389981356,303.8684357817992
2022-10-25 17:00:00,292.2952846062753,295.10159285299954
2022-10-25 18:00:00,291.64631981989265,294.43354950186284
2022-10-25 20:00:00,290.56354751939585,293.26848920872106
2022-10-25 21:00:00,290.09184714201234,292.742493569208
2022-10-26 05:00:00,301.48889287116896,300.93106605753144
2022-10-26 06:00:00,304.2467527698111,302.72926342322023
2022-10-26 08:00:00,306.6437647133285,304.15659688470544
2022-10-26 09:00:00,306.5538122709066,304.32536950721214
2022-10-26 17:00:00,291.03385807736817,293.95007124373285
2022-10-26 18:00:00,290.68135717359644,293.47043062983016
2022-10-26 20:00:00,290.1444461158317,293.05036063407346
2022-10-26 21:00:00,289.9080999342062,292.7242192531404
2022-10-27 05:00:00,302.02454424418727,300.7627474133884
2022-10-27 06:00:00,304.71730850290265,302.6581420428213
2022-10-27 08:00:00,306.9795747824553,304.21474481473905
2022-10-27 09:00:00,306.83170129338106,304.45788059322786
2022-10-27 17:00:00,291.0481327803367,293.8560064988805
2022-10-27 18:00:00,290.7744559360028,293.56357860124353
2022-10-27 20:00:00,289.98559457458595,292.49186932250785
2022-10-27 21:00:00,289.42743714601494,291.8797835010593
2022-10-28 05:00:00,302.1720941716975,300.7201060102607
2022-10-28 06:00:00,304.8522565985681,302.6977111158092
2022-10-28 08:00:00,307.13366689814256,304.3148514287681
2022-10-28 09:00:00,306.98206753723434,304.4898550683067
2022-10-28 17:00:00,291.55742159756744,293.898449702329
2022-10-28 18:00:00,291.28996471998687,293.63868718081153
2022-10-28 20:00:00,290.749160202332,293.3856704312223
2022-10-28 21:00:00,290.27589912590884,292.86041123400486
2022-10-29 05:00:00,304.4863387755878,302.13259128282544
2022-10-29 06:00:00,306.1307152746638,303.1865635946829
2022-10-29 08:00:00,307.4158975280856,303.8957941322738
2022-10-29 09:00:00,306.8767474017268,303.9854670261565
2022-10-29 17:00:00,289.2809506550041,291.99564139391134
2022-10-29 18:00:00,288.91376508292507,291.47287006113675
2022-10-29 20:00:00,287.9495651174584,290.6881630872541
2022-10-29 21:00:00,287.3810594790889,290.5561664504888
2022-10-30 05:00:00,302.42639722074676,300.59550382029295
2022-10-30 06:00:00,304.98252189177765,301.7997580412172
2022-10-30 08:00:00,307.9802337317327,303.13526333425375
2022-10-30 09:00:00,307.4757544424942,303.414048463795
2022-10-30 17:00:00,289.6379759425559,292.0291645067682
2022-10-30 18:00:00,288.8711747226804,291.34301275832263
2022-10-30 20:00:00,287.60663866886557,290.1103408413786
2022-10-30 21:00:00,287.1716393469295,289.6583448507018
2022-10-31 05:00:00,303.17455234145535,301.13100110070184
2022-10-31 06:00:00,305.91213930479734,302.37198661251693
2022-10-31 08:00:00,308.5205598898772,303.5725572583121
2022-10-31 09:00:00,307.9624900406425,303.79528865020706
2022-10-31 17:00:00,291.40106974691383,293.60005190339405
2022-10-31 18:00:00,290.6112340095414,292.78710297994513
2022-10-31 20:00:00,289.26318610945174,291.4448738039367
2022-10-31 21:00:00,288.6348967706478,290.8181471861382
2022-11-01 05:00:00,303.3918971221877,301.22483367214585
2022-11-01 06:00:00,306.0396431568775,302.7679283483003
2022-11-01 08:00:00,308.44497172821474,304.29203389642413
2022-11-01 09:00:00,308.2779098299141,304.46155636262824
2022-11-01 17:00:00,291.33326615390865,293.77220525286043
2022-11-01 18:00:00,290.78040535901846,293.1115744286583
2022-11-01 20:00:00,289.25084003278033,291.46249836361835
2022-11-01 21:00:00,288.5411723508673,290.9104631421012
2022-11-02 05:00:00,302.8319828168637,301.0460623107816
2022-11-02 06:00:00,305.64571939006976,302.6928332876902
2022-11-02 08:00:00,307.75036000397245,304.3618695651438
2022-11-02 09:00:00,307.43887115149363,304.64462284975684
2022-11-02 17:00:00,291.6133657963875,293.99343853261325
2022-11-02 18:00:00,290.5092637072359,293.5382316365999
2022-11-02 20:00:00,288.8820783147827,293.4348615931436
2022-11-02 21:00:00,288.31790828851786,293.1430706147604
2022-11-03 05:00:00,303.5335075954443,301.23845749018926
2022-11-03 06:00:00,306.4478448241811,302.88348447449954
2022-11-03 08:00:00,308.9695034174045,304.954218295763
2022-11-03 09:00:00,308.58154524933946,305.36238008801854
2022-11-03 17:00:00,293.38259539729086,295.8295726100176
2022-11-03 18:00:00,292.57902766670026,295.0588049043676
2022-11-03 20:00:00,291.2610129193276,293.7523441402865
2022-11-03 21:00:00,290.8839333979485,293.44338251005155
2022-11-04 05:00:00,302.75290469506126,301.6324070723289
2022-11-04 06:00:00,305.7707711853121,303.46660126155626
2022-11-04 08:00:00,308.77716450037315,305.55378504490085
2022-11-04 09:00:00,308.6395409676621,305.8620795674611
2022-11-04 17:00:00,293.4029939295882,295.9947826932134
2022-11-04 18:00:00,292.7550153217992,295.3914957619595
2022-11-04 20:00:00,291.5679282495531,294.14819345341994
2022-11-04 21:00:00,291.04434813042457,293.6266253079031
2022-11-05 05:00:00,303.1938730483797,302.0432775700221
2022-11-05 06:00:00,306.3241895020284,303.98295047801156
2022-11-05 08:00:00,309.33930263901345,306.0169770838851
2022-11-05 09:00:00,309.0665966674616,306.1969888037636
2022-11-05 17:00:00,293.05224569405914,295.5639994287711
2022-11-05 18:00:00,291.87233265081795,294.436173237711
2022-11-05 20:00:00,289.9130599105671,292.1759279835941
2022-11-05 21:00:00,289.5862429814273,291.8110028988408
2022-11-06 05:00:00,303.96925492720175,302.03090993355164
2022-11-06 06:00:00,306.83279846849723,303.74815838876964
2022-11-06 08:00:00,309.6878491888061,304.91128516527834
2022-11-06 09:00:00,309.4469458487442,305.03436483844587
2022-11-06 17:00:00,291.5078813173738,293.88181287298215
2022-11-06 18:00:00,290.96277777109015,293.17456618957056
2022-11-06 20:00:00,290.82098360458394,292.85994754550273
2022-11-06 21:00:00,290.2712551875181,292.6347716438752
2022-11-07 05:00:00,303.54687365985984,301.2500983709914
2022-11-07 06:00:00,305.8716333327565,302.3983107039301
2022-11-07 08:00:00,308.6970001831995,303.5870389541603
2022-11-07 09:00:00,308.25955233111034,303.6934890629514
2022-11-07 17:00:00,292.5244410298822,296.70701349902043
2022-11-07 18:00:00,291.74975456625725,295.56457733483455
2022-11-07 20:00:00,291.0104192607392,292.7693166394814
2022-11-07 21:00:00,290.5541392651104,292.5707142834303
2022-11-08 05:00:00,302.63381567721376,300.20151365776826
2022-11-08 06:00:00,305.14018127253314,301.0618265678042
2022-11-08 08:00:00,307.3069048677277,300.9145481009697
2022-11-08 09:00:00,305.85750719725814,300.61768965287644
2022-11-08 17:00:00,292.78066127877025,293.5535680362367
2022-11-08 18:00:00,292.23190516867146,292.98243574662644
2022-11-08 20:00:00,291.4071109577761,292.5843564402341
2022-11-08 21:00:00,290.6757176756308,291.8543422563785
2022-11-09 05:00:00,302.19147255167206,299.2856257692875
2022-11-09 06:00:00,305.14650226704697,300.7450507212494
2022-11-09 08:00:00,306.0518705488537,301.0881135820057
2022-11-09 09:00:00,304.961487098541,300.99000008558085
2022-11-09 17:00:00,290.44882199797314,292.250558438764
2022-11-09 18:00:00,289.65828395661293,291.46488186170586
2022-11-09 20:00:00,288.921832491694,290.6681570279397
2022-11-09 21:00:00,288.6487701839218,290.34737865289304
2022-11-10 05:00:00,302.1698134412016,299.35551936968085
2022-11-10 06:00:00,305.1624614321763,300.83532258725864
2022-11-10 08:00:00,306.68981247065796,301.66134380228897
2022-11-10 09:00:00,306.3346657304808,301.8323394822413
2022-11-10 17:00:00,292.22203463655774,293.8611530368611
2022-11-10 18:00:00,291.61551761480257,293.1239071274391
2022-11-10 20:00:00,290.32044597325967,291.7168520558597
2022-11-10 21:00:00,289.5727865163277,291.00259114928167
2022-11-11 05:00:00,301.8355613203005,298.0737256489476
2022-11-11 06:00:00,304.7949022901444,299.32125743989405
2022-11-11 08:00:00,307.54247903456496,300.7478267628533
2022-11-11 09:00:00,306.8640140245435,301.00681360183034
2022-11-11 17:00:00,290.01280543910707,291.79351691435596
2022-11-11 18:00:00,289.08609930429327,290.93033431748216
2022-11-11 20:00:00,287.4306401045554,289.28171780296765
2022-11-11 21:00:00,286.69298364201387,288.6973699913554
2022-11-12 05:00:00,302.5680650614076,297.60305452273326
2022-11-12 06:00:00,305.3462254034904,298.79598375975814
2022-11-12 08:00:00,306.88123814093495,300.5521966496308
2022-11-12 09:00:00,306.2438348849492,300.76535509106554
2022-11-12 17:00:00,288.72096047893695,290.63550799212584
2022-11-12 18:00:00,287.744775428243,289.7560378722674
2022-11-12 20:00:00,286.0804966249158,289.4552642869288
2022-11-12 21:00:00,285.4355388106477,289.76628717031616
2022-11-13 05:00:00,301.80665903429406,298.39835107271404
2022-11-13 06:00:00,304.7095368419113,299.55349012001636
2022-11-13 08:00:00,307.8271514704488,300.88013520556717
2022-11-13 09:00:00,307.5080370557694,301.0916836213992
2022-11-13 17:00:00,290.49332234010865,292.327266793038
2022-11-13 18:00:00,289.90512023831735,291.77385139171446
2022-11-13 20:00:00,288.5922703911968,290.33052573182
2022-11-13 21:00:00,288.0917223208858,289.8545991871133
2022-11-14 05:00:00,300.9670429200347,298.38706521150334
2022-11-14 06:00:00,304.0543576609372,300.01657852149344
2022-11-14 08:00:00,306.9147637930049,301.398576498399
2022-11-14 09:00:00,306.87102175861,301.5903016547392
2022-11-14 17:00:00,288.67280169517863,290.7922464849769
2022-11-14 18:00:00,287.9476055974034,289.88477653421126
2022-11-14 20:00:00,286.96798379248577,288.89591300505884
2022-11-14 21:00:00,286.58086253020724,288.7265613009272
2022-11-15 05:00:00,301.78662661888933,298.4590187484201
2022-11-15 06:00:00,304.68543063547287,299.87948338019277
2022-11-15 08:00:00,306.8903578418796,301.2742949546027
2022-11-15 09:00:00,306.3271608044076,301.4211946084797
2022-11-15 17:00:00,291.3550919825197,292.61380301124325
2022-11-15 18:00:00,290.47454822228764,291.77249850844754
2022-11-15 20:00:00,289.3330080241011,290.68710658656795
2022-11-15 21:00:00,288.6243923992516,289.95204458839174
2022-11-16 05:00:00,299.77185441826816,295.79994989286405
2022-11-16 06:00:00,303.0077034313984,297.2015239321763
2022-11-16 08:00:00,305.2407998671333,298.7894058109983
2022-11-16 09:00:00,304.640596527899,298.9998241359905
2022-11-16 17:00:00,288.34319433556135,290.0563869623264
2022-11-16 18:00:00,287.3041120626159,289.09998350922245
2022-11-16 20:00:00,285.49404589824945,287.4641147607648
2022-11-16 21:00:00,284.7924115573313,287.0503161273127
2022-11-17 05:00:00,301.8877981506254,296.2445511781196
2022-11-17 06:00:00,304.0697774549111,297.45484197819366
2022-11-17 08:00:00,305.5964520517593,298.9676404814875
2022-11-17 09:00:00,304.83668261793986,299.1399891857741
2022-11-17 17:00:00,286.8988365091051,290.1694273397625
2022-11-17 18:00:00,285.8637312314543,289.6917519356326
2022-11-17 20:00:00,284.49443326929503,289.99477509908576
2022-11-17 21:00:00,283.9807525070496,289.38789391187015
2022-11-18 05:00:00,299.5156902671779,295.9572393243963
2022-11-18 06:00:00,302.6280553785421,297.15820956707734
2022-11-18 08:00:00,306.2929304266931,298.7394683790869
2022-11-18 09:00:00,305.83052721302755,299.0162268404968
2022-11-18 17:00:00,286.63970154937135,288.59678689871436
2022-11-18 18:00:00,285.9675117810078,288.0431669496792
2022-11-18 20:00:00,285.35415748161233,287.5953048682544
2022-11-18 21:00:00,285.1912242495591,287.41621192026946
2022-11-19 05:00:00,300.20696983866407,296.6635749005757
2022-11-19 06:00:00,303.7610292596332,298.23967299733215
2022-11-19 08:00:00,306.6852745914312,299.9026424131702
2022-11-19 09:00:00,306.03188000695184,300.1611602971293
2022-11-19 17:00:00,287.4352388073373,289.37381331762657
2022-11-19 18:00:00,286.50832191784684,288.72866670817183
2022-11-19 20:00:00,285.10832639908756,288.7361417044477
2022-11-19 21:00:00,284.5600755923702,288.8455432016052
2022-11-20 05:00:00,300.7564669522373,296.87335016988277
2022-11-20 06:00:00,303.4643146062302,298.1875408154974
2022-11-20 08:00:00,305.67863010588707,299.62405007572494
2022-11-20 09:00:00,305.23617960455243,299.87296891175725
2022-11-20 17:00:00,288.16049311892095,289.8828958238035
2022-11-20 18:00:00,287.34150625267085,289.16359765944753
2022-11-20 20:00:00,285.73039302032424,287.5863173474516
2022-11-20 21:00:00,284.8952874887522,286.8675960311537
2022-11-21 05:00:00,299.1879632888112,295.83822709423004
2022-11-21 06:00:00,302.4386739863086,297.4673888642909
2022-11-21 08:00:00,305.8093908982946,299.25216698315916
2022-11-21 09:00:00,305.693650185419,299.60253635870845
2022-11-21 17:00:00,288.1892015313147,290.1604375618816
2022-11-21 18:00:00,287.2946634865689,289.3784300770341
2022-11-21 20:00:00,285.6999219944371,287.7349972717567
2022-11-21 21:00:00,284.93970128604553,286.996615487732
2022-11-22 05:00:00,300.0445974435204,295.9455401592519
2022-11-22 06:00:00,302.90824349378397,297.15772302565847
2022-11-22 08:00:00,305.42768399043155,298.52587154723466
2022-11-22 09:00:00,305.0459672548738,298.7678925171839
2022-11-22 17:00:00,287.2384197546632,289.1307196242416
2022-11-22 18:00:00,286.021278157991,288.3798875852799
2022-11-22 20:00:00,284.474539005885,287.0220524298575
2022-11-22 21:00:00,283.95492205744716,286.4780712392187
2022-11-23 05:00:00,299.6360933277383,295.8700505331595
2022-11-23 06:00:00,302.63908849401724,297.0829656333512
2022-11-23 08:00:00,305.2722582001532,298.65487054904185
2022-11-23 09:00:00,304.76043496624163,298.91065442947837
2022-11-23 17:00:00,285.5696362934789,288.17680890240547
2022-11-23 18:00:00,284.2562240577075,287.8386914880691
2022-11-23 20:00:00,282.6798478230857,286.5200350956851
2022-11-23 21:00:00,282.1045308634753,285.9417866146987
2022-11-24 05:00:00,299.7668047700715,295.7529467801651
2022-11-24 06:00:00,303.29052522773924,296.92648503519536
2022-11-24 08:00:00,305.6816045822825,298.3757355253575
2022-11-24 09:00:00,305.2232413505002,298.7091375271602
2022-11-24 17:00:00,283.9013732063752,290.4404098205097
2022-11-24 18:00:00,282.9745246405227,289.70142445615704
2022-11-24 20:00:00,281.84260133528744,286.19505789687713
2022-11-24 21:00:00,281.3688115382966,285.70596708465246
2022-11-25 05:00:00,298.9587092935947,295.88621328203993
2022-11-25 06:00:00,302.20429188591675,297.2727488795488
2022-11-25 08:00:00,304.9922569051546,298.6753857205572
2022-11-25 09:00:00,304.83930292114826,298.92363333444933
2022-11-25 17:00:00,285.4888533252781,287.678699346463
2022-11-25 18:00:00,284.2177253100097,286.946923865743
2022-11-25 20:00:00,282.58215035789743,285.94454702133396
2022-11-25 21:00:00,281.9943628766688,285.3345725554715
2022-11-26 05:00:00,299.8473339345312,296.5150912245176
2022-11-26 06:00:00,303.45194372520973,297.9324147557992
2022-11-26 08:00:00,306.50426923989886,299.55911064441847
2022-11-26 09:00:00,306.0645736435713,299.90408983509786
2022-11-26 17:00:00,284.82262033894546,291.2561866983611
2022-11-26 18:00:00,283.8540847613741,291.1948991490439
2022-11-26 20:00:00,282.56831705478385,289.11129135343435
2022-11-26 21:00:00,282.04342888830627,288.72357711439327
2022-11-27 05:00:00,299.95933231771085,296.7659122837343
2022-11-27 06:00:00,303.3793332374702,298.1278812073412
2022-11-27 08:00:00,306.29480377808557,299.6240516744887
2022-11-27 09:00:00,306.0829198099616,299.86978252863486
2022-11-27 17:00:00,286.1230239280383,288.3389245078817
2022-11-27 18:00:00,285.3984443417683,287.6462116212066
2022-11-27 20:00:00,284.3744440769378,286.64113658088013
2022-11-27 21:00:00,283.9646882232055,286.12997126175185
2022-11-28 05:00:00,298.66036771001365,295.7055609751556
2022-11-28 06:00:00,302.05460499908963,297.51629638671875
2022-11-28 08:00:00,305.366909597247,299.0903453621181
2022-11-28 09:00:00,305.39084908554474,299.3375149155251
2022-11-28 17:00:00,288.0556572442429,289.65896587636325
2022-11-28 18:00:00,287.3222940265673,289.0080216794242
2022-11-28 20:00:00,285.9042807698067,287.62287731200047
2022-11-28 21:00:00,285.1937260091397,286.9390246092998
2022-11-29 05:00:00,298.3328656871073,295.08045033130145
2022-11-29 06:00:00,301.8219875106459,296.8789404353302
2022-11-29 08:00:00,305.3206030988179,298.43365748894786
2022-11-29 09:00:00,305.09523125458935,298.7166124999248
2022-11-29 17:00:00,287.094418871017,288.760825464281
2022-11-29 18:00:00,286.1400525015198,287.77840739810046
2022-11-29 20:00:00,284.3024935964811,286.02132179483607
2022-11-29 21:00:00,283.47512142610475,285.87440436646824
2022-11-30 05:00:00,298.98720387134057,294.8874203016284
2022-11-30 06:00:00,302.3783348330364,296.3255092344593
2022-11-30 08:00:00,305.625379988519,297.9566325935634
2022-11-30 09:00:00,305.28333657474843,298.33836917260027
2022-11-30 17:00:00,285.4573888558269,288.40807404834067
2022-11-30 18:00:00,284.33837479178453,289.01484729549367
2022-11-30 20:00:00,282.98098296413804,287.55641002684416
2022-11-30 21:00:00,282.4022866882418,287.11205913620114
2022-12-01 05:00:00,298.31722698005944,294.62580053391184
2022-12-01 06:00:00,301.50187203476355,296.1146007473186
2022-12-01 08:00:00,304.83971580187966,297.5848907329636
2022-12-01 09:00:00,304.8516809730941,297.9529317611906
2022-12-01 17:00:00,285.56293883713073,287.5990995809735
2022-12-01 18:00:00,284.80464555596353,286.861979809307
2022-12-01 20:00:00,283.73267802986413,285.6091635399864
2022-12-01 21:00:00,283.23175253375837,285.0343417269056
2022-12-02 05:00:00,297.8059635485633,294.3318633562979
2022-12-02 06:00:00,300.85939411463096,295.70339509702427
2022-12-02 08:00:00,303.58969043326124,297.17348483751294
2022-12-02 09:00:00,303.4980801904146,297.47987779520327
2022-12-02 17:00:00,286.66227188463023,288.2589774579958
2022-12-02 18:00:00,285.9441989610669,287.5977699973367
2022-12-02 20:00:00,284.47930057096556,285.87482752160776
2022-12-02 21:00:00,283.5876741100717,285.14714974284357
2022-12-03 05:00:00,297.2725951631191,294.006888814259
2022-12-03 06:00:00,300.5751573418616,295.56641351497046
2022-12-03 08:00:00,304.3869271065311,297.040564867675
2022-12-03 09:00:00,304.4502673274012,297.3462196197275
2022-12-03 17:00:00,286.60391736140787,288.2260248686757
2022-12-03 18:00:00,285.59019839341175,287.2849823609339
2022-12-03 20:00:00,283.74550947239294,285.74610630499745
2022-12-03 21:00:00,282.990314806922,286.02414967870493
2022-12-04 05:00:00,297.96439179360226,294.43489497909195
2022-12-04 06:00:00,301.2587900264605,295.70985365575194
2022-12-04 08:00:00,304.52602615709117,296.97074187150906
2022-12-04 09:00:00,304.4433710365707,297.21738390342114
2022-12-04 17:00:00,285.09187523793366,287.3228324572735
2022-12-04 18:00:00,284.1746252262721,287.0407781850759
2022-12-04 20:00:00,282.7997676337996,285.91160588198346
2022-12-04 21:00:00,282.27999212561843,286.6820218596143
2022-12-05 05:00:00,297.66822864315,293.9404783792599
2022-12-05 06:00:00,301.1058689346666,295.463964594531
2022-12-05 08:00:00,304.5356505736364,296.94157571895465
2022-12-05 09:00:00,304.47817273720386,297.23554089844504
2022-12-05 17:00:00,285.4989400196517,287.27759174646695
2022-12-05 18:00:00,284.2960145359598,286.73327401606446
2022-12-05 20:00:00,282.63948211905034,284.9317423580975
2022-12-05 21:00:00,281.9608795918375,283.8546189365475
2022-12-06 05:00:00,297.3566376343714,293.17405070582595
2022-12-06 06:00:00,301.0416873643872,294.75321558407165
2022-12-06 08:00:00,304.48253360037074,296.7000530930623
2022-12-06 09:00:00,304.06789408773415,297.0798041486226
2022-12-06 17:00:00,285.46550994073664,287.2083466798756
2022-12-06 18:00:00,284.5973299376219,286.449440719534
2022-12-06 20:00:00,283.2763200474814,285.0945903384263
2022-12-06 21:00:00,282.6817330006275,284.4765131499257
2022-12-07 05:00:00,296.9010243702376,293.3874573553288
2022-12-07 06:00:00,300.69574922111997,295.28575733813744
2022-12-07 08:00:00,303.97064977801637,297.6528684501472
2022-12-07 09:00:00,303.56737439547925,298.0435988274855
2022-12-07 17:00:00,285.19735174664,286.9879260658299
2022-12-07 18:00:00,283.88856494592045,286.2359789126827
2022-12-07 20:00:00,282.01428469524177,285.9683341333422
2022-12-07 21:00:00,281.4175198265511,286.2173066220041
2022-12-08 05:00:00,298.0157321171694,294.62942210992423
2022-12-08 06:00:00,301.82226033497295,296.4725176512919
2022-12-08 08:00:00,305.11136543732397,298.16361611576406
2022-12-08 09:00:00,304.9233581354879,298.48499064158955
2022-12-08 17:00:00,284.6147131545151,288.36567774979835
2022-12-08 18:00:00,283.7136112677482,288.0173539924328
2022-12-08 20:00:00,282.4008520799352,287.129779198504
2022-12-08 21:00:00,281.8858533721125,286.16337959277797
2022-12-09 05:00:00,298.0062294888019,295.4659161442785
2022-12-09 06:00:00,301.7310855671511,297.2704747792201
2022-12-09 08:00:00,304.7766870107783,298.61183441585314
2022-12-09 09:00:00,304.6410580063454,298.91603069569925
2022-12-09 17:00:00,287.1636013271996,288.92815499092654
2022-12-09 18:00:00,286.3619083821865,288.2061563030413
2022-12-09 20:00:00,284.875084805011,286.6636995806349
2022-12-09 21:00:00,283.79626121579776,286.25489224050375
2022-12-10 05:00:00,297.02090973699774,294.6371388721907
2022-12-10 06:00:00,300.5021406976027,296.48296909890666
2022-12-10 08:00:00,303.850321765306,298.3478013142967
2022-12-10 09:00:00,303.96304029749797,298.74258056076354
2022-12-10 17:00:00,287.4908249771282,289.20166906700666
2022-12-10 18:00:00,286.7071744098869,288.47110262784093
2022-12-10 20:00:00,285.14576490781343,287.02833679387317
2022-12-10 21:00:00,284.36335030248614,286.3025007674066
2022-12-11 05:00:00,296.98717309513887,294.4252398333675
2022-12-11 06:00:00,300.4155058074622,296.2365953771653
2022-12-11 08:00:00,303.77247657246875,298.39459825700897
2022-12-11 09:00:00,303.8898796704591,298.8035546348348
2022-12-11 17:00:00,287.2139396256034,289.0951290747785
2022-12-11 18:00:00,286.20920183037754,288.0438899435505
2022-12-11 20:00:00,284.44114428786173,286.3232967570677
2022-12-11 21:00:00,284.0018579280248,285.8648148405901
2022-12-12 05:00:00,297.56590099364104,294.9394237594722
2022-12-12 06:00:00,301.1227498105935,296.786759786503
2022-12-12 08:00:00,304.7308480566933,298.7184040322326
2022-12-12 09:00:00,304.8336257581902,299.1013325836699
2022-12-12 17:00:00,288.811396335784,290.1646555472963
2022-12-12 18:00:00,288.0591825417635,289.4297767486337
2022-12-12 20:00:00,286.4048743578613,287.82084324253356
2022-12-12 21:00:00,285.7929173074261,287.29315893234934
2022-12-13 05:00:00,297.31789984798576,295.04621057260573
2022-12-13 06:00:00,301.1550381135867,297.0517092382963
2022-12-13 08:00:00,304.4559865049295,298.57679212479087
2022-12-13 09:00:00,304.41412468720665,298.84427639295586
2022-12-13 17:00:00,287.5878260396479,289.0479461481832
2022-12-13 18:00:00,286.6955899560396,288.22961790205335
2022-12-13 20:00:00,285.05349312945395,286.77138943664835
2022-12-13 21:00:00,284.2752510388203,286.1231845332588
2022-12-14 05:00:00,296.64039865737703,293.71006443393986
2022-12-14 06:00:00,300.5033325054245,295.61179143732244
2022-12-14 08:00:00,304.8625386477619,297.88578394344665
2022-12-14 09:00:00,304.7206564316948,298.319763512751
2022-12-14 17:00:00,286.74554974713203,288.41935751140574
2022-12-14 18:00:00,285.72937919252274,287.4852218980598
2022-12-14 20:00:00,283.37702144863795,285.85003953648646
2022-12-14 21:00:00,282.4373567225569,285.02283478958765
2022-12-15 05:00:00,297.53247568750606,294.0943667936399
2022-12-15 06:00:00,301.6414760360365,295.74870293239604
2022-12-15 08:00:00,305.45073715233474,297.7250045282632
2022-12-15 09:00:00,305.0884307720261,298.1687984613498
2022-12-15 17:00:00,285.2718995833434,286.90255807838383
2022-12-15 18:00:00,283.6560728898952,286.8424628776468
2022-12-15 20:00:00,281.7232880202942,287.9230545819816
2022-12-15 21:00:00,281.0540022886773,287.7633908687645
2022-12-16 05:00:00,298.19548401443177,294.0145929509943
2022-12-16 06:00:00,301.5649031064544,295.669972306591
2022-12-16 08:00:00,304.77949911861094,297.53797571684805
2022-12-16 09:00:00,304.82123794908335,298.13534929131504
2022-12-16 17:00:00,285.49192396260923,287.12775229526045
2022-12-16 18:00:00,284.0643151846064,286.0621276291199
2022-12-16 20:00:00,281.84328483029026,285.4872532449261
2022-12-16 21:00:00,281.08466410820586,285.55877713760356
2022-12-17 05:00:00,296.7485188629668,293.5574362215533
2022-12-17 06:00:00,300.8740822155781,295.6402246977772
2022-12-17 08:00:00,305.284512794624,298.1608363828968
2022-12-17 09:00:00,305.6274106065371,298.741455078125
2022-12-17 17:00:00,286.4128088576401,288.07544638893825
2022-12-17 18:00:00,285.33568868064,287.1230110909061
2022-12-17 20:00:00,283.4103023252796,285.4980510129767
2022-12-17 21:00:00,282.6083500984086,284.97585735115325
2022-12-18 05:00:00,296.04861191571774,293.5600862899804
2022-12-18 06:00:00,300.1253402545383,295.6696658847145
2022-12-18 08:00:00,304.3759266716674,297.972222985031
2022-12-18 09:00:00,304.76858967221204,298.4888894385292
2022-12-18 17:00:00,287.43729860279336,288.7604277247824
2022-12-18 18:00:00,286.6659325363089,288.12764188651863
2022-12-18 20:00:00,285.22733771231583,286.7974480157273
2022-12-18 21:00:00,284.5675517877188,286.13683031079216
2022-12-19 05:00:00,296.386257106975,293.71582435643177
2022-12-19 06:00:00,300.24142467810304,295.77012537881296
2022-12-19 08:00:00,304.48142434048174,297.7784124765264
2022-12-19 09:00:00,304.7136750772297,298.14107133721353
2022-12-19 17:00:00,287.65791534752987,288.9048350235715
2022-12-19 18:00:00,286.8943361302921,288.23828346005575
2022-12-19 20:00:00,285.1085291129231,286.5806292752823
2022-12-19 21:00:00,284.2050323956553,285.76503804211256
2022-12-20 05:00:00,296.796613672665,293.702096172033
2022-12-20 06:00:00,300.6667920598999,295.5489174911899
2022-12-20 08:00:00,304.54026526405556,297.43810372139535
2022-12-20 09:00:00,304.77640231327945,297.8057180207757
2022-12-20 17:00:00,288.11591890449705,289.3192239299945
2022-12-20 18:00:00,287.3029936568579,288.6047401134332
2022-12-20 20:00:00,285.667329667713,287.06750314298137
2022-12-20 21:00:00,284.9665318799129,286.3510819774563
2022-12-21 05:00:00,295.7757080501327,292.99981071107743
2022-12-21 06:00:00,299.3018297333563,294.84666772028334
2022-12-21 08:00:00,302.6634285901838,296.4997311255598
2022-12-21 09:00:00,302.914925785388,296.8519510701184
2022-12-21 17:00:00,287.8640638448424,288.82901377156264
2022-12-21 18:00:00,287.00660830175934,287.972939137134
2022-12-21 20:00:00,285.67687605048184,286.6699387325528
2022-12-21 21:00:00,285.1281144152437,286.14962373566004
2022-12-22 05:00:00,294.2404643383526,291.4430465580686
2022-12-22 06:00:00,297.84285967669615,293.41997693830353
2022-12-22 08:00:00,301.9252489087027,295.5255293412642
2022-12-22 09:00:00,302.19487476789715,295.9780867096088
2022-12-22 17:00:00,285.9947039541001,287.02810102324645
2022-12-22 18:00:00,285.2039923763422,286.2617688054113
2022-12-22 20:00:00,284.1417274886544,285.4633632477701
2022-12-22 21:00:00,283.6634374774293,284.9968217752747
2022-12-23 05:00:00,293.8072285468479,290.94356794313217
2022-12-23 06:00:00,297.4732390228883,292.91926668751955
2022-12-23 08:00:00,301.66685151980363,294.68547516574483
2022-12-23 09:00:00,302.41595430770894,295.1403407727258
2022-12-23 17:00:00,285.88906618185877,286.72699872738406
2022-12-23 18:00:00,285.1586292425547,286.03567065222785
2022-12-23 20:00:00,284.03772061998933,285.06137792648997
2022-12-23 21:00:00,283.4677953734788,284.5077705794747
2022-12-24 05:00:00,293.47953316757605,290.09516970218607
2022-12-24 06:00:00,297.3827797723661,292.0412300004063
2022-12-24 08:00:00,300.7349633685613,293.50166631149034
2022-12-24 09:00:00,300.5723890824752,293.84326496329993
2022-12-24 17:00:00,283.67764366867,284.5633155105661
2022-12-24 18:00:00,282.9140600078095,283.79599217677884
2022-12-24 20:00:00,281.7192079047392,282.5911456609177
2022-12-24 21:00:00,280.949216916124,281.8733441745188
2022-12-25 05:00:00,292.3317804086741,288.5744674518039
2022-12-25 06:00:00,296.6019816112078,290.607518576694
2022-12-25 08:00:00,301.39091903145766,292.876309575579
2022-12-25 09:00:00,301.4665177261517,293.3832586726349
2022-12-25 17:00:00,282.6835545097551,283.7682877880032
2022-12-25 18:00:00,281.7627210572982,282.8442801312416
2022-12-25 20:00:00,280.1544953803252,281.3651515919549
2022-12-25 21:00:00,279.39253295992484,280.63625609599205
2022-12-26 05:00:00,292.4313668837349,288.9884539870158
2022-12-26 06:00:00,296.3380383930882,291.0688098031677
2022-12-26 08:00:00,300.741099188618,293.5719647517741
2022-12-26 09:00:00,300.9805527791404,294.09413342115874
2022-12-26 17:00:00,282.4578018306033,283.95980740916013
2022-12-26 18:00:00,281.11400240999524,282.7478064726608
2022-12-26 20:00:00,279.3134510057917,281.028272725768
2022-12-26 21:00:00,278.7200758688623,280.3673688186152
2022-12-27 05:00:00,292.68230535804037,289.10544406320724
2022-12-27 06:00:00,296.9693722717567,291.30046264930576
2022-12-27 08:00:00,301.5032132094373,294.12270349346807
2022-12-27 09:00:00,301.6376870365466,294.8222203188575
2022-12-27 17:00:00,283.155080645404,284.5442592579705
2022-12-27 18:00:00,282.08051658595105,283.61329570940717
2022-12-27 20:00:00,280.5638866218837,282.13353288412463
2022-12-27 21:00:00,279.83771184559777,281.3599782746819
2022-12-28 05:00:00,296.1864696673142,292.1103933654691
2022-12-28 06:00:00,300.2228239791236,294.1590325071926
2022-12-28 08:00:00,304.0641838038464,296.571456533
2022-12-28 09:00:00,304.1301249781816,297.0665539710658
2022-12-28 17:00:00,283.9478836412239,286.81446156553204
2022-12-28 18:00:00,283.06976790935124,286.1365403232663
2022-12-28 20:00:00,281.91715161715894,284.43642313858766
2022-12-28 21:00:00,281.5073786707615,284.4980704097424
2022-12-29 05:00:00,295.4505047438141,293.96160665315176
2022-12-29 06:00:00,299.65258544545696,296.3477553733508
2022-12-29 08:00:00,303.9867654103895,298.75226770527377
2022-12-29 09:00:00,304.45813089379544,299.36946606746255
2022-12-29 17:00:00,288.8861475211263,290.5416606321173
2022-12-29 18:00:00,288.1867890203679,289.9835648499946
2022-12-29 20:00:00,286.57229891690343,288.5626678466797
2022-12-29 21:00:00,286.41059774389987,288.49315059056454
2022-12-30 05:00:00,295.6965983997692,293.4330109771117
2022-12-30 06:00:00,299.4545947105749,295.24447340296666
2022-12-30 08:00:00,301.5193158400996,295.993183788423
2022-12-30 09:00:00,301.66427165591296,296.3044303811754
2022-12-30 17:00:00,285.66355308215316,286.71891140460235
2022-12-30 18:00:00,284.77445570089054,285.9011582196769
2022-12-30 20:00:00,283.2964443918002,284.5762264915901
2022-12-30 21:00:00,282.7375042508306,283.99665028435425
2022-12-31 05:00:00,292.44581328922504,289.4097373033709
2022-12-31 06:00:00,296.84217827419286,291.80140194650426
2022-12-31 08:00:00,300.46794191898294,293.47184595892725
2022-12-31 09:00:00,300.4668427454121,293.90813494242946
2022-12-31 17:00:00,283.0842248713842,284.4028118351024
2022-12-31 18:00:00,282.08524622277963,283.51786310463365
2022-12-31 20:00:00,280.25988536770063,281.9086791804098
2022-12-31 21:00:00,279.5255611754713,281.2746513848679
