datetime_utc,skt,t2m
2001-01-01 05:00:00,291.4501253900984,289.55283838868695
2001-01-01 06:00:00,297.13813614808544,291.11903903296997
2001-01-01 08:00:00,299.62378216524525,292.12793128626373
2001-01-01 09:00:00,298.3887064600211,291.9865024842907
2001-01-01 17:00:00,283.9900004147381,284.7033492736346
2001-01-01 18:00:00,283.05943575772375,283.8893942105568
2001-01-01 20:00:00,281.61350446562926,282.698920909723
2001-01-01 21:00:00,280.8721021231958,282.02844917755834
2001-01-02 05:00:00,292.1763899792876,287.76036386827843
2001-01-02 06:00:00,296.0646820538584,289.1089704422444
2001-01-02 08:00:00,300.4916826198207,290.9650131954434
2001-01-02 09:00:00,301.0261405157198,291.62157119257245
2001-01-02 17:00:00,283.0915774681903,284.294114099629
2001-01-02 18:00:00,282.09957067551346,283.42345051111533
2001-01-02 20:00:00,280.2154626126282,281.8147232455355
2001-01-02 21:00:00,279.5149530255005,281.43968377017825
2001-01-03 05:00:00,293.3858241711633,288.8711661645922
2001-01-03 06:00:00,297.6259275180717,290.47425017040945
2001-01-03 08:00:00,302.47131399380964,292.22215903448216
2001-01-03 09:00:00,302.53478688855745,292.84918868853975
2001-01-03 17:00:00,283.2932853992621,283.96914397770155
2001-01-03 18:00:00,282.3872583327565,283.1332607651345
2001-01-03 20:00:00,281.1429286539463,282.07268894471815
2001-01-03 21:00:00,280.5693291897766,281.53139315988693
2001-01-04 05:00:00,291.45328435912523,287.4251284136427
2001-01-04 06:00:00,295.4995236624555,288.90750131474806
2001-01-04 08:00:00,300.56604401246057,291.43542543949076
2001-01-04 09:00:00,300.5463161615451,292.00647127830376
2001-01-04 17:00:00,282.07803735013005,283.10514521194716
2001-01-04 18:00:00,281.2510190237836,282.3472579462319
2001-01-04 20:00:00,279.747880015792,280.8929611934903
2001-01-04 21:00:00,279.1276250524771,280.2890165825654
2001-01-05 05:00:00,290.2498140966947,286.9898342843783
2001-01-05 06:00:00,294.69709253531573,289.13171889859103
2001-01-05 08:00:00,300.24690020874215,291.8138335570349
2001-01-05 09:00:00,301.048610716645,292.68608079154984
2001-01-05 17:00:00,282.23796187343515,283.56276172702593
2001-01-05 18:00:00,281.3965331372936,282.84850016213346
2001-01-05 20:00:00,279.95518533621436,281.5479315712198
2001-01-05 21:00:00,279.37693034261696,281.0098368170082
2001-01-06 05:00:00,290.5585705444148,287.8852640866131
2001-01-06 06:00:00,294.66248172236885,290.1881992005053
2001-01-06 08:00:00,299.74669246350305,292.9893389732702
2001-01-06 09:00:00,300.6916282430452,293.7525954048145
2001-01-06 17:00:00,283.82230691072203,284.77668642299756
2001-01-06 18:00:00,282.97745042515834,284.0163257757578
2001-01-06 20:00:00,281.5687758294386,282.66215540999076
2001-01-06 21:00:00,281.06830203110707,282.1683288480174
2001-01-07 05:00:00,292.17693007929114,288.97547120269166
2001-01-07 06:00:00,296.69811633187925,291.463761128336
2001-01-07 08:00:00,301.6621409270723,293.70779938543524
2001-01-07 09:00:00,302.3215297234628,294.26183016972476
2001-01-07 17:00:00,283.3524723376258,284.5819913044182
2001-01-07 18:00:00,282.1079227112475,283.4171692270711
2001-01-07 20:00:00,280.27580881926974,281.7207313619887
2001-01-07 21:00:00,279.7257550537862,281.15518677510175
2001-01-08 05:00:00,291.81594213829567,287.57016717707984
2001-01-08 06:00:00,296.30967025874395,289.5285201344542
2001-01-08 08:00:00,301.60550317044255,291.97092918548816
2001-01-08 09:00:00,301.7067556278364,292.6059218819593
2001-01-08 17:00:00,282.51037882142145,283.24529899985106
2001-01-08 18:00:00,281.5490886059307,282.34834849118084
2001-01-08 20:00:00,280.1065966072729,281.19263678081967
2001-01-08 21:00:00,279.45703926732983,280.5725002905989
2001-01-09 05:00:00,291.3133533636484,287.2585457917906
2001-01-09 06:00:00,295.9529198645076,289.2957282396972
2001-01-09 08:00:00,301.79934226860433,291.9042133866179
2001-01-09 09:00:00,302.03206400584736,292.59555956542215
2001-01-09 17:00:00,282.02745121983787,283.2457211440076
2001-01-09 18:00:00,281.0375551949664,282.3451197878422
2001-01-09 20:00:00,279.4547888898335,280.93710235454637
2001-01-09 21:00:00,278.7592185656719,280.23646554814655
2001-01-10 05:00:00,292.3531498372647,288.48595949240564
2001-01-10 06:00:00,296.97379814347795,290.56979351308206
2001-01-10 08:00:00,302.3129731165059,293.0499863117612
2001-01-10 09:00:00,302.93528500690667,293.7477006015866
2001-01-10 17:00:00,282.21763728396,283.7764461382145
2001-01-10 18:00:00,280.97205375118875,282.61790931830967
2001-01-10 20:00:00,279.04258918468315,280.9064927064399
2001-01-10 21:00:00,278.32721925332845,280.1558874568146
2001-01-11 05:00:00,292.0400914220119,288.91927425813606
2001-01-11 06:00:00,296.65498281517085,291.3670663231143
2001-01-11 08:00:00,302.07824389629627,294.21469276087316
2001-01-11 09:00:00,302.79860935299354,294.97578312619623
2001-01-11 17:00:00,284.2682255302629,285.6187448839561
2001-01-11 18:00:00,283.43123437443575,284.8951322440925
2001-01-11 20:00:00,282.15200408324256,283.85684671975065
2001-01-11 21:00:00,281.7473540225272,283.44241596333603
2001-01-12 05:00:00,292.38435951550315,289.96091713927376
2001-01-12 06:00:00,296.8751199543017,292.5505344996283
2001-01-12 08:00:00,303.3056959437296,295.6762791003211
2001-01-12 09:00:00,304.72332822449954,296.56239180131394
2001-01-12 17:00:00,284.89252910408294,286.37750281758593
2001-01-12 18:00:00,284.04335753171955,285.510330976066
2001-01-12 20:00:00,282.66806521658174,284.04282697727575
2001-01-12 21:00:00,282.04038420737436,283.3819253507123
2001-01-13 05:00:00,294.1035023176432,290.5027646856793
2001-01-13 06:00:00,298.88669862438604,292.90525721475046
2001-01-13 08:00:00,304.72395310600297,295.3197456912377
2001-01-13 09:00:00,305.2009035413181,295.8766097904904
2001-01-13 17:00:00,284.3873370718699,285.81717438543524
2001-01-13 18:00:00,283.2680883892512,284.83202231573216
2001-01-13 20:00:00,281.3000330756001,282.9935161666988
2001-01-13 21:00:00,280.411240493939,282.1238031137522
2001-01-14 05:00:00,295.0770827706312,291.0340608382262
2001-01-14 06:00:00,299.9380300607079,293.1020550367829
2001-01-14 08:00:00,305.3017715900815,296.0253615651182
2001-01-14 09:00:00,305.4646588106552,296.58276122670696
2001-01-14 17:00:00,284.11193833549515,285.74284224076706
2001-01-14 18:00:00,282.9467776729073,284.70273901611705
2001-01-14 20:00:00,281.28578990119263,283.21373559513887
2001-01-14 21:00:00,280.66386434734324,282.63926278277427
2001-01-15 05:00:00,293.41830749981943,290.7630826835456
2001-01-15 06:00:00,297.9454844846564,293.28689079108335
2001-01-15 08:00:00,303.0853598290489,295.8598778582134
2001-01-15 09:00:00,303.8278003334081,296.3747791825164
2001-01-15 17:00:00,285.1733265363932,286.64117229444037
2001-01-15 18:00:00,284.2530666639331,285.67148066962994
2001-01-15 20:00:00,282.6545637980081,283.9442151132828
2001-01-15 21:00:00,281.866122464737,283.1452792363101
2001-01-16 05:00:00,292.86004474093255,289.72823384289387
2001-01-16 06:00:00,297.4577646593467,292.170451747618
2001-01-16 08:00:00,303.15208277533344,295.0636311018228
2001-01-16 09:00:00,304.10752995612995,295.7751945178204
2001-01-16 17:00:00,283.5409271287257,285.28369549720423
2001-01-16 18:00:00,282.28068598907424,284.1240878347623
2001-01-16 20:00:00,280.5112568248402,282.438437815991
2001-01-16 21:00:00,279.90951420529785,281.80633674233644
2001-01-17 05:00:00,292.30754691242987,289.63793157686257
2001-01-17 06:00:00,297.01311552873557,292.41642883488873
2001-01-17 08:00:00,303.37489979513254,295.49796707788124
2001-01-17 09:00:00,304.53027893912815,296.2988309463478
2001-01-17 17:00:00,284.8436394031683,286.4103252017076
2001-01-17 18:00:00,283.90805735536645,285.50098363938065
2001-01-17 20:00:00,282.67879409672486,284.0999789715548
2001-01-17 21:00:00,282.17906901355144,283.47764286458585
2001-01-18 05:00:00,293.8925375446149,290.86253154737005
2001-01-18 06:00:00,298.6996611843491,293.6630131467282
2001-01-18 08:00:00,304.3595445865108,296.7442117934969
2001-01-18 09:00:00,305.3525111076461,297.51173367963185
2001-01-18 17:00:00,286.98975053737274,288.21292102502196
2001-01-18 18:00:00,286.0974037628879,287.2895924196405
2001-01-18 20:00:00,284.8742297250427,285.99682831139705
2001-01-18 21:00:00,284.22588989069726,285.31388584601314
2001-01-19 05:00:00,294.5405913178102,291.93126475094647
2001-01-19 06:00:00,299.01987794661557,294.5792878184737
2001-01-19 08:00:00,304.7847803994577,297.93929193199875
2001-01-19 09:00:00,306.1571273921267,298.8967321363546
2001-01-19 17:00:00,285.69278146893663,287.8656376396379
2001-01-19 18:00:00,284.9379525441786,287.3084848929995
2001-01-19 20:00:00,284.0089535000511,285.9881844542611
2001-01-19 21:00:00,283.6589899988865,285.55645667312695
2001-01-20 05:00:00,295.675184676019,292.790057260193
2001-01-20 06:00:00,300.35177525313134,295.4014149388106
2001-01-20 08:00:00,305.76781391913795,298.26243539583885
2001-01-20 09:00:00,306.57229228673623,299.03810625120377
2001-01-20 17:00:00,285.27853654529355,287.74382790211354
2001-01-20 18:00:00,284.58664779780645,287.13911816519106
2001-01-20 20:00:00,283.1833175635669,285.59540615463845
2001-01-20 21:00:00,282.4382280722972,284.75324384457156
2001-01-21 05:00:00,297.0228682460697,293.7840962226292
2001-01-21 06:00:00,301.26622747530007,295.49649917767124
2001-01-21 08:00:00,305.18124714103425,297.40432551167964
2001-01-21 09:00:00,305.3294757672561,297.9478408272719
2001-01-21 17:00:00,286.3049418915218,287.8800496011743
2001-01-21 18:00:00,285.24060836815505,286.8549698416735
2001-01-21 20:00:00,283.13768261643514,284.86682930639233
2001-01-21 21:00:00,281.95568313951304,284.8906577511451
2001-01-22 05:00:00,297.2396058022333,292.9599475596095
2001-01-22 06:00:00,301.0661943902955,294.66939811530216
2001-01-22 08:00:00,303.8300902567953,296.20376702119097
2001-01-22 09:00:00,303.84997680852155,296.7087061195785
2001-01-22 17:00:00,286.449295114479,287.8427087581029
2001-01-22 18:00:00,285.40920728968547,286.8747064622782
2001-01-22 20:00:00,283.23583025116767,284.6966683456821
2001-01-22 21:00:00,282.1926437636553,283.6917250387841
2001-01-23 05:00:00,295.27261136235734,290.4161129850085
2001-01-23 06:00:00,299.49428213910073,292.20658373722495
2001-01-23 08:00:00,303.75425800153033,294.33786640843186
2001-01-23 09:00:00,303.68850087311307,294.9279900596395
2001-01-23 17:00:00,283.26972216119754,284.8272263537203
2001-01-23 18:00:00,282.3401754699613,283.99310551953425
2001-01-23 20:00:00,280.8749926644959,282.57519855704993
2001-01-23 21:00:00,280.26069229666734,281.985179107619
2001-01-24 05:00:00,293.269393262584,289.1505361830325
2001-01-24 06:00:00,297.4955710012851,291.4123580532926
2001-01-24 08:00:00,302.1179064029171,294.18432003544365
2001-01-24 09:00:00,302.41679086082706,294.75473737202367
2001-01-24 17:00:00,282.7227490253184,284.4601247167367
2001-01-24 18:00:00,281.0957267772986,283.1938766455981
2001-01-24 20:00:00,278.59024645036834,281.78187598653125
2001-01-24 21:00:00,277.7866228100699,282.3700777121428
2001-01-25 05:00:00,297.3041416162335,291.0666765116029
2001-01-25 06:00:00,301.3346256673428,293.2267940621163
2001-01-25 08:00:00,304.83226970090703,295.5712499633225
2001-01-25 09:00:00,305.0144015695722,296.3372325926606
2001-01-25 17:00:00,284.01030786452566,286.05104293000346
2001-01-25 18:00:00,282.5031238902699,284.84598274407296
2001-01-25 20:00:00,280.08413350673965,283.2181269288614
2001-01-25 21:00:00,279.2465928229052,283.3274068024199
2001-01-26 05:00:00,298.79845460206957,293.3124090115352
2001-01-26 06:00:00,303.9935318722013,295.1803761204513
2001-01-26 08:00:00,307.01027612436354,297.0658273329537
2001-01-26 09:00:00,307.0453299594403,297.6194568510599
2001-01-26 17:00:00,285.6031248683371,287.54954904988296
2001-01-26 18:00:00,284.516795271534,286.71002089113966
2001-01-26 20:00:00,282.4290929479849,284.85013708458473
2001-01-26 21:00:00,281.47084409834235,283.95809482756675
2001-01-27 05:00:00,297.2477744033414,293.22616882794443
2001-01-27 06:00:00,302.00162669506574,295.34479159456555
2001-01-27 08:00:00,306.65544173089313,297.81719037307244
2001-01-27 09:00:00,306.8173301708533,298.3312303634197
2001-01-27 17:00:00,285.81197964943067,287.6275501221832
2001-01-27 18:00:00,284.7766990955512,286.75876917199844
2001-01-27 20:00:00,282.7871582548497,284.93120759514335
2001-01-27 21:00:00,281.81041003963435,284.1364984732747
2001-01-28 05:00:00,296.8895744711666,293.7096748293273
2001-01-28 06:00:00,301.6821329501818,295.9431840517488
2001-01-28 08:00:00,307.28617005429027,298.11304698409214
2001-01-28 09:00:00,307.8876103899329,298.7380677445093
2001-01-28 17:00:00,287.0725130807086,288.7472774464471
2001-01-28 18:00:00,286.14772066607134,287.92301665836567
2001-01-28 20:00:00,284.63806295762265,286.63647547929054
2001-01-28 21:00:00,283.9804580994123,286.06222682300444
2001-01-29 05:00:00,296.8759026902115,294.5394169553219
2001-01-29 06:00:00,301.31623993155034,297.10881989983085
2001-01-29 08:00:00,306.59690064605104,300.0287066255402
2001-01-29 09:00:00,307.5257893519703,300.7932795449655
2001-01-29 17:00:00,286.19743159078115,288.63181872727876
2001-01-29 18:00:00,285.35201114131416,287.81245215464446
2001-01-29 20:00:00,284.1242765359041,286.5941246749808
2001-01-29 21:00:00,283.4660934424731,286.1272317095788
2001-01-30 05:00:00,300.8086303334758,295.52628548597147
2001-01-30 06:00:00,305.57469555776913,297.9625936546385
2001-01-30 08:00:00,309.1645671450669,300.0718647820189
2001-01-30 09:00:00,308.9896165703772,300.4709767251977
2001-01-30 17:00:00,288.8921131904026,290.4870901240039
2001-01-30 18:00:00,288.04785311424126,289.70100202986566
2001-01-30 20:00:00,286.51655272967275,288.0684537020597
2001-01-30 21:00:00,285.809379048634,287.22412758284986
2001-01-31 05:00:00,296.031850030132,292.494401341043
2001-01-31 06:00:00,300.56623473556823,294.72044128041796
2001-01-31 08:00:00,306.21722607252593,297.4779668728633
2001-01-31 09:00:00,306.98866880913545,298.09283861063295
2001-01-31 17:00:00,287.2207887764154,288.33225606439294
2001-01-31 18:00:00,286.2518400830003,287.44037937346525
2001-01-31 20:00:00,284.880141389021,286.2411011870727
2001-01-31 21:00:00,284.2677177817135,285.5764752639277
2001-02-01 05:00:00,294.907646614157,291.05482661595516
2001-02-01 06:00:00,299.8631542893514,293.4035075324342
2001-02-01 08:00:00,305.21316819859584,295.6923150531316
2001-02-01 09:00:00,305.42599983391665,296.2668862835101
2001-02-01 17:00:00,284.32833646001365,285.5920090638618
2001-02-01 18:00:00,283.35986751327164,284.796651596281
2001-02-01 20:00:00,281.9452829934048,283.61829824109657
2001-02-01 21:00:00,281.37340880689345,283.06112689707425
2001-02-02 05:00:00,292.5104325210736,288.7585527276038
2001-02-02 06:00:00,297.1479705904592,291.2202000316743
2001-02-02 08:00:00,302.91362483843085,294.01922377011806
2001-02-02 09:00:00,303.6512081340208,294.7809022218678
2001-02-02 17:00:00,282.9946024796261,284.6904827523489
2001-02-02 18:00:00,281.97371757048853,283.87065836902025
2001-02-02 20:00:00,279.9772150072001,281.9574965137546
2001-02-02 21:00:00,279.0053784527654,281.05949020973526
2001-02-03 05:00:00,295.36432775841286,289.7909016190398
2001-02-03 06:00:00,300.0997896826322,291.8694762713369
2001-02-03 08:00:00,305.6890978702963,294.95744243792285
2001-02-03 09:00:00,306.3717770804242,295.728743190207
2001-02-03 17:00:00,282.60607446984994,284.5196018307161
2001-02-03 18:00:00,281.2731954283634,283.32061682937695
2001-02-03 20:00:00,278.8628897174665,281.2584751405407
2001-02-03 21:00:00,277.9697171344963,280.52943281693894
2001-02-04 05:00:00,294.92481592586853,291.1329112236599
2001-02-04 06:00:00,299.6415901830641,293.5760309721913
2001-02-04 08:00:00,304.9951301421884,296.27654335715556
2001-02-04 09:00:00,305.65173619627404,296.87969432295927
2001-02-04 17:00:00,285.1007472480574,286.6219487829458
2001-02-04 18:00:00,284.0895596637932,285.71478224461913
2001-02-04 20:00:00,282.49913429295526,284.270181617678
2001-02-04 21:00:00,281.738109712057,283.5113185653334
2001-02-05 05:00:00,294.13876782433465,291.0579878890827
2001-02-05 06:00:00,298.813155446104,293.66883788968454
2001-02-05 08:00:00,304.8524952610762,296.78946517685716
2001-02-05 09:00:00,305.8262991412946,297.42560000191855
2001-02-05 17:00:00,285.8201226468079,287.49616825709177
2001-02-05 18:00:00,284.8225270698912,286.63556949750665
2001-02-05 20:00:00,283.03902598705787,284.8218295857058
2001-02-05 21:00:00,282.238911586109,283.95589069666227
2001-02-06 05:00:00,295.79502654700144,292.25694681646644
2001-02-06 06:00:00,300.55499667269055,294.8342626069103
2001-02-06 08:00:00,307.12749792724986,297.83376289920193
2001-02-06 09:00:00,308.3769134850641,298.474226235976
2001-02-06 17:00:00,286.7218401281419,288.15130662256837
2001-02-06 18:00:00,285.44104168484876,287.0413436066756
2001-02-06 20:00:00,283.41330767192164,285.1688061965449
2001-02-06 21:00:00,282.69409598187417,284.5009396968894
2001-02-07 05:00:00,298.0549297362153,294.33604320649556
2001-02-07 06:00:00,302.6788535566286,296.63639288433524
2001-02-07 08:00:00,307.98255146890654,299.36113716678
2001-02-07 09:00:00,308.64906325141897,300.0536369006329
2001-02-07 17:00:00,287.7937630534356,289.55481295592983
2001-02-07 18:00:00,286.9416678829811,288.7847774135313
2001-02-07 20:00:00,285.36120546690677,287.1759946379346
2001-02-07 21:00:00,284.60256478378693,286.39198145697407
2001-02-08 05:00:00,298.65677145559727,294.2214382976891
2001-02-08 06:00:00,302.8795251596507,296.26753270130126
2001-02-08 08:00:00,307.58964952371883,298.6207137144586
2001-02-08 09:00:00,307.8451726175787,299.095590153534
2001-02-08 17:00:00,287.37963552137006,289.0437450673437
2001-02-08 18:00:00,286.3746674336344,288.2372246317577
2001-02-08 20:00:00,284.7839624437235,286.9041414187392
2001-02-08 21:00:00,283.9972316700799,286.14436580146594
2001-02-09 05:00:00,300.30244481067626,295.18434465170276
2001-02-09 06:00:00,304.10568310189507,296.9671812130968
2001-02-09 08:00:00,307.85822892152294,299.0619713734772
2001-02-09 09:00:00,307.9643032738167,299.67050163845073
2001-02-09 17:00:00,287.65098910339077,289.57389194388605
2001-02-09 18:00:00,286.3804257573626,288.5218286969813
2001-02-09 20:00:00,284.48857123752595,286.944739413739
2001-02-09 21:00:00,283.6323280981032,286.3851524317761
2001-02-10 05:00:00,300.8372508843985,296.45546305087754
2001-02-10 06:00:00,305.121000810103,298.0379855915652
2001-02-10 08:00:00,308.989397727837,299.8986485603227
2001-02-10 09:00:00,309.0784016566578,300.4218910111485
2001-02-10 17:00:00,288.0742884843118,289.81966864493296
2001-02-10 18:00:00,286.87893434592127,288.86198951944544
2001-02-10 20:00:00,284.7499636281253,286.8912624365008
2001-02-10 21:00:00,283.8925855310378,286.0091778442195
2001-02-11 05:00:00,299.0711295387962,294.53131862928393
2001-02-11 06:00:00,303.79260909869606,296.42104176196557
2001-02-11 08:00:00,309.80785375750855,298.44632604566675
2001-02-11 09:00:00,310.3525538275532,299.1283553348301
2001-02-11 17:00:00,285.05429253482674,288.7196003542108
2001-02-11 18:00:00,283.6182270255772,288.5043474617651
2001-02-11 20:00:00,281.63422235098017,286.8032724530378
2001-02-11 21:00:00,280.960679229125,285.8960851778051
2001-02-12 05:00:00,298.9884519885611,295.46337733099756
2001-02-12 06:00:00,303.5805674642554,297.5329981540862
2001-02-12 08:00:00,309.901691148755,299.89282590986585
2001-02-12 09:00:00,310.82103347190537,300.43445054628813
2001-02-12 17:00:00,288.44873858012477,289.890894861912
2001-02-12 18:00:00,287.47840420527524,289.16446752798026
2001-02-12 20:00:00,285.65683293746696,287.7027595414219
2001-02-12 21:00:00,284.9019332439029,287.03636232913925
2001-02-13 05:00:00,296.9338068087774,294.73439117572707
2001-02-13 06:00:00,301.89696475647634,297.6321867015586
2001-02-13 08:00:00,307.0319836914815,300.8927933468106
2001-02-13 09:00:00,307.73124241057457,301.5878600603994
2001-02-13 17:00:00,291.179126522023,292.26405129924945
2001-02-13 18:00:00,290.12945549587255,291.29288535566286
2001-02-13 20:00:00,288.1272268662651,289.37788863689036
2001-02-13 21:00:00,287.3009394570749,288.66634445307983
2001-02-14 05:00:00,300.01609830459574,296.188543875155
2001-02-14 06:00:00,303.8578388466857,298.2123289651974
2001-02-14 08:00:00,306.88220941340796,299.45551329437865
2001-02-14 09:00:00,306.6876488260936,299.6030453768644
2001-02-14 17:00:00,287.87980513139206,288.86533168798604
2001-02-14 18:00:00,287.1263474051501,288.2532788057724
2001-02-14 20:00:00,285.71000946468126,286.8529365198638
2001-02-14 21:00:00,285.1232116417084,286.24270110284607
2001-02-15 05:00:00,295.97861834556926,291.4946574959072
2001-02-15 06:00:00,300.6625084546388,293.7182999245008
2001-02-15 08:00:00,304.9706456400397,296.28019885987464
2001-02-15 09:00:00,305.29076595923567,296.78148177371736
2001-02-15 17:00:00,287.5161824983147,288.91415287717285
2001-02-15 18:00:00,286.38752941725255,288.09444856570207
2001-02-15 20:00:00,284.7281774159389,286.5915977113603
2001-02-15 21:00:00,284.26329322662116,285.9640995960206
2001-02-16 05:00:00,296.746035277568,292.6611476715982
2001-02-16 06:00:00,301.2917940348433,294.8131076007485
2001-02-16 08:00:00,306.19498917354827,297.35411556108704
2001-02-16 09:00:00,306.9462194222331,298.0367568005766
2001-02-16 17:00:00,288.8525065464673,290.18923783265575
2001-02-16 18:00:00,288.05986385022175,289.54122024324533
2001-02-16 20:00:00,286.5483176021253,288.2157673652073
2001-02-16 21:00:00,285.97163400517775,287.65628698316675
2001-02-17 05:00:00,299.3960435159034,295.23006146494157
2001-02-17 06:00:00,303.51726935200037,296.87582698404697
2001-02-17 08:00:00,309.06236116617964,298.85622200282586
2001-02-17 09:00:00,309.9654281686745,299.34897708745876
2001-02-17 17:00:00,290.0064758865051,291.1383076860284
2001-02-17 18:00:00,288.9777051458373,290.24996158264815
2001-02-17 20:00:00,286.598863833858,288.666704927277
2001-02-17 21:00:00,285.63352409092414,287.60961526127187
2001-02-18 05:00:00,300.6926546963779,295.8968557584084
2001-02-18 06:00:00,305.0810543113203,297.76399261521635
2001-02-18 08:00:00,311.16369466678753,299.9743051161568
2001-02-18 09:00:00,311.8455695576955,300.53931552787043
2001-02-18 17:00:00,290.583343364792,291.91071076238836
2001-02-18 18:00:00,289.7855479000897,291.3066029364964
2001-02-18 20:00:00,288.55618563565343,290.1372160125403
2001-02-18 21:00:00,288.0204300138359,289.57399024434375
2001-02-19 05:00:00,301.9604156447119,296.6996977678249
2001-02-19 06:00:00,306.4433252837147,298.2266850405371
2001-02-19 08:00:00,311.95834997144794,300.36194651740357
2001-02-19 09:00:00,311.84774004402806,301.0044996499648
2001-02-19 17:00:00,290.572479059957,291.9739073296357
2001-02-19 18:00:00,288.62355074419634,292.20717810115025
2001-02-19 20:00:00,286.9430175452093,292.0408081618957
2001-02-19 21:00:00,286.4077208861365,290.53706277573974
2001-02-20 05:00:00,303.5189277166946,299.1490385881374
2001-02-20 06:00:00,307.8249497141787,300.91784042570004
2001-02-20 08:00:00,311.3792517475428,303.0692421982211
2001-02-20 09:00:00,311.05838560507,303.4381914182878
2001-02-20 17:00:00,291.93248138662847,293.38237674284056
2001-02-20 18:00:00,290.86597787066495,292.38233501040514
2001-02-20 20:00:00,289.5961119382885,291.19052340326766
2001-02-20 21:00:00,288.8677799595156,290.2357095680178
2001-02-21 05:00:00,302.21868908239986,297.1110471187644
2001-02-21 06:00:00,305.85640710674926,298.7115206725792
2001-02-21 08:00:00,309.5880285183711,300.31847914121187
2001-02-21 09:00:00,309.8175588881106,300.80004906323734
2001-02-21 17:00:00,289.49299337096136,291.09044403875555
2001-02-21 18:00:00,288.2757442339176,290.0780923428998
2001-02-21 20:00:00,286.03597900202533,287.9666831511746
2001-02-21 21:00:00,285.05570471341883,287.0379045248399
2001-02-22 05:00:00,301.4506536169302,297.3288070608177
2001-02-22 06:00:00,305.8260290912928,299.5517113778184
2001-02-22 08:00:00,311.69914894515455,302.1527930261174
2001-02-22 09:00:00,312.24154357439926,302.9198793196715
2001-02-22 17:00:00,291.25465155602967,293.20044556604506
2001-02-22 18:00:00,289.6626010653785,291.93816910612935
2001-02-22 20:00:00,288.16490580084144,291.2991347349664
2001-02-22 21:00:00,288.25774593970436,291.3164885393093
2001-02-23 05:00:00,302.4055988329401,299.0272893685222
2001-02-23 06:00:00,306.14639644299524,301.0404334398925
2001-02-23 08:00:00,310.5505405185035,303.58925669806763
2001-02-23 09:00:00,311.0445155068796,304.11652511808285
2001-02-23 17:00:00,293.5425024517512,295.2894513052307
2001-02-23 18:00:00,293.0856406471946,294.99314527702626
2001-02-23 20:00:00,292.72336922808677,294.7481729657331
2001-02-23 21:00:00,292.4983591511731,294.41207660034365
2001-02-24 05:00:00,303.4270046569166,299.6204071985371
2001-02-24 06:00:00,307.68276775342474,301.55097728664595
2001-02-24 08:00:00,312.81387836944157,303.97599049525564
2001-02-24 09:00:00,313.37947209480177,304.70997791260896
2001-02-24 17:00:00,296.18724450345036,297.20680817543814
2001-02-24 18:00:00,295.58973496353315,296.77685537470506
2001-02-24 20:00:00,294.7541045672354,296.21089195874515
2001-02-24 21:00:00,294.61284798503107,295.96301260126756
2001-02-25 05:00:00,304.0234851102432,297.15830673899603
2001-02-25 06:00:00,308.45880042312695,299.24957660974815
2001-02-25 08:00:00,310.8110687773106,300.8915363658558
2001-02-25 09:00:00,309.78683111957855,301.04712473629803
2001-02-25 17:00:00,291.4633501520142,292.4791389077397
2001-02-25 18:00:00,290.566068769787,291.69247631666656
2001-02-25 20:00:00,288.84143049948386,290.1237034731543
2001-02-25 21:00:00,287.9361426731104,289.2452733961203
2001-02-26 05:00:00,303.77323081276637,296.44089302333373
2001-02-26 06:00:00,307.62161659275995,297.7794769475199
2001-02-26 08:00:00,312.1850711252363,299.1957540409223
2001-02-26 09:00:00,312.4588388169675,299.77445203313846
2001-02-26 17:00:00,289.7927382223779,291.05940540472415
2001-02-26 18:00:00,288.63483900355266,290.14196427026405
2001-02-26 20:00:00,286.9459252497081,288.795368870528
2001-02-26 21:00:00,286.47528005638185,288.3075238714233
2001-02-27 05:00:00,299.69051684363416,295.86512196780353
2001-02-27 06:00:00,303.57874743633533,297.8699233138874
2001-02-27 08:00:00,309.7971447208446,300.2312682023952
2001-02-27 09:00:00,310.65014093572444,300.84000449628786
2001-02-27 17:00:00,289.67724625832864,291.4178291167978
2001-02-27 18:00:00,288.60788022645266,290.5212719980484
2001-02-27 20:00:00,287.3719521685631,289.40435210288217
2001-02-27 21:00:00,286.72224828311585,288.57088379940745
2001-02-28 05:00:00,301.1683249921755,296.5222265070135
2001-02-28 06:00:00,305.96057368720807,298.6581193779944
2001-02-28 08:00:00,312.29171042890505,300.5092160969927
2001-02-28 09:00:00,312.9972241229746,300.95946477998757
2001-02-28 17:00:00,290.2982813478068,291.9384338661041
2001-02-28 18:00:00,289.81548985274065,291.5610478993373
2001-02-28 20:00:00,288.79663793625565,290.0662221805708
2001-02-28 21:00:00,288.11258186140486,289.37835444140325
2001-03-01 05:00:00,300.8840984938141,295.9469423925932
2001-03-01 06:00:00,304.9465904294618,297.6409342902467
2001-03-01 08:00:00,309.6280421887414,299.28575983032795
2001-03-01 09:00:00,310.0920937983391,299.70528032158853
2001-03-01 17:00:00,289.3728175464507,290.92126210922453
2001-03-01 18:00:00,288.59133760660933,290.19025831413563
2001-03-01 20:00:00,287.255741113507,288.85324816123364
2001-03-01 21:00:00,286.5370169523501,288.1431711487851
2001-03-02 05:00:00,300.0722159927909,295.18072634375153
2001-03-02 06:00:00,304.1242082357774,296.6819595313403
2001-03-02 08:00:00,309.80239720043306,298.5598198842194
2001-03-02 09:00:00,310.28513560713895,299.0868100253019
2001-03-02 17:00:00,288.0178098281837,289.59230702169504
2001-03-02 18:00:00,286.9336384683618,288.6995090901944
2001-03-02 20:00:00,285.3334406542667,287.3349008663042
2001-03-02 21:00:00,284.67519161183225,286.7123925865891
2001-03-03 05:00:00,301.337408245069,296.1475155776014
2001-03-03 06:00:00,305.3936001582212,297.8811166584033
2001-03-03 08:00:00,311.633073521689,299.89953152461123
2001-03-03 09:00:00,312.96598787704494,300.44056123283866
2001-03-03 17:00:00,290.72253540227155,291.8801139749254
2001-03-03 18:00:00,289.9209065958972,291.2614756673804
2001-03-03 20:00:00,289.6248116985492,291.0948599182035
2001-03-03 21:00:00,289.6777163183744,290.89724190686997
2001-03-04 05:00:00,301.29194464779044,296.83318464047
2001-03-04 06:00:00,305.7067821485052,298.63092341959384
2001-03-04 08:00:00,310.2717412587124,300.7353037876782
2001-03-04 09:00:00,310.9209116273007,301.22814896734917
2001-03-04 17:00:00,290.2779944938577,291.6683027505507
2001-03-04 18:00:00,289.1697964660927,290.6388821829633
2001-03-04 20:00:00,287.4173911495826,289.1773171211795
2001-03-04 21:00:00,286.60729101148706,288.44797984918205
2001-03-05 05:00:00,304.935757159452,297.0275713622295
2001-03-05 06:00:00,307.9024429203733,298.3237031957218
2001-03-05 08:00:00,311.10254350612274,299.78017527810965
2001-03-05 09:00:00,310.98076066544684,300.2646990336696
2001-03-05 17:00:00,288.9268876415188,290.71819663966204
2001-03-05 18:00:00,287.3562024414815,289.63100006620766
2001-03-05 20:00:00,284.57995379760933,290.0036068814929
2001-03-05 21:00:00,283.73610204100055,290.8772824938382
2001-03-06 05:00:00,303.72419557733053,298.47096113725144
2001-03-06 06:00:00,308.05030187950666,299.7654659230096
2001-03-06 08:00:00,314.3133339903939,301.66022149366665
2001-03-06 09:00:00,314.522296006213,302.1448184161781
2001-03-06 17:00:00,291.7836306062061,293.04779066841115
2001-03-06 18:00:00,290.4314655133499,292.7143871383784
2001-03-06 20:00:00,288.57933846166577,291.4102059997653
2001-03-06 21:00:00,287.74767781920355,291.274472628977
2001-03-07 05:00:00,305.7548081173184,300.6890944376565
2001-03-07 06:00:00,309.9999623820301,301.83852895492765
2001-03-07 08:00:00,315.4801229938337,303.09976445508113
2001-03-07 09:00:00,315.7117705734559,303.4173668154583
2001-03-07 17:00:00,290.459565290501,292.4173831322528
2001-03-07 18:00:00,288.6844659696559,291.8503810841424
2001-03-07 20:00:00,286.1173502447425,290.41840878620354
2001-03-07 21:00:00,285.30306169836103,289.35575739738573
2001-03-08 05:00:00,306.37582731320424,300.7511726931908
2001-03-08 06:00:00,310.6543682315868,302.1776472893996
2001-03-08 08:00:00,315.8524778862764,303.71329191469454
2001-03-08 09:00:00,315.76273206055447,304.04353722805973
2001-03-08 17:00:00,292.41031274075505,294.1499640137095
2001-03-08 18:00:00,291.2999452846627,293.1811017710916
2001-03-08 20:00:00,289.3579268727354,291.3149589691397
2001-03-08 21:00:00,288.49479536576706,290.459690863987
2001-03-09 05:00:00,306.4211892244078,301.00344933273243
2001-03-09 06:00:00,310.5225357972602,302.4004678829058
2001-03-09 08:00:00,316.236796069035,303.8940057739822
2001-03-09 09:00:00,316.67856836539386,304.24229424098974
2001-03-09 17:00:00,292.89304176647966,294.34177500955496
2001-03-09 18:00:00,291.8969603598761,293.53963424612084
2001-03-09 20:00:00,290.2436046394618,292.20901670294296
2001-03-09 21:00:00,289.6848580664589,291.65528408808774
2001-03-10 05:00:00,304.1086535343588,299.60543710388276
2001-03-10 06:00:00,309.02340999185947,302.0182441276468
2001-03-10 08:00:00,315.21250656903806,304.61941213269813
2001-03-10 09:00:00,316.210153118304,305.22035184369435
2001-03-10 17:00:00,293.6090427157692,295.330354287922
2001-03-10 18:00:00,292.57804781262786,294.4593158363378
2001-03-10 20:00:00,291.0232156950447,292.8856408776047
2001-03-10 21:00:00,290.35688318567026,292.1749398300571
2001-03-11 05:00:00,305.5484579171532,301.14058862812533
2001-03-11 06:00:00,310.2333768306785,303.6848964602995
2001-03-11 08:00:00,316.43287259000476,305.9143207003413
2001-03-11 09:00:00,317.38201321218344,306.4663463998098
2001-03-11 17:00:00,294.5350960847593,296.0486142903521
2001-03-11 18:00:00,293.33122119403953,295.0116868922817
2001-03-11 20:00:00,291.5300328470709,293.4951421329163
2001-03-11 21:00:00,290.754442117982,292.7421814576136
2001-03-12 05:00:00,306.079431519119,301.8904031480222
2001-03-12 06:00:00,310.57329330091665,304.3138988007015
2001-03-12 08:00:00,315.6003507781653,306.4250678957335
2001-03-12 09:00:00,316.4324235725109,306.80225523961894
2001-03-12 17:00:00,293.65690530503656,296.04345665507026
2001-03-12 18:00:00,293.21237793909194,295.26582884237473
2001-03-12 20:00:00,292.01407923059213,294.1052793905438
2001-03-12 21:00:00,291.6298796384838,293.7517457089182
2001-03-13 05:00:00,307.3436542857777,301.5334598441337
2001-03-13 06:00:00,310.5682584412844,303.218052750927
2001-03-13 08:00:00,315.6276849590942,305.3953136097301
2001-03-13 09:00:00,316.0995294838363,305.9571591275867
2001-03-13 17:00:00,294.2729247905807,295.5820628255836
2001-03-13 18:00:00,293.26791254875286,294.7597591829226
2001-03-13 20:00:00,291.8632521901182,293.9327897364259
2001-03-13 21:00:00,291.272244352038,293.34527844163046
2001-03-14 05:00:00,308.43159719975597,302.917917801162
2001-03-14 06:00:00,312.75936967235504,303.9208001135311
2001-03-14 08:00:00,316.4512612176786,305.14854203093404
2001-03-14 09:00:00,315.3547051052099,305.0401203878488
2001-03-14 17:00:00,295.0627957948,296.0061898958885
2001-03-14 18:00:00,293.86866217144467,294.80414135761
2001-03-14 20:00:00,292.22343449526466,293.3098036144474
2001-03-14 21:00:00,291.62240946201035,292.6797590446766
2001-03-15 05:00:00,305.8261080184961,300.8221723324345
2001-03-15 06:00:00,310.07815612887015,302.76756359505913
2001-03-15 08:00:00,313.3713527732343,304.0389284389596
2001-03-15 09:00:00,315.0143263101211,304.5784782327379
2001-03-15 17:00:00,294.8629046706095,295.92574358500764
2001-03-15 18:00:00,293.8481882386289,295.0213137775063
2001-03-15 20:00:00,292.6854572736978,294.14583325496255
2001-03-15 21:00:00,292.12607747270437,293.4787410036625
2001-03-16 05:00:00,306.2632930150201,300.7151728602147
2001-03-16 06:00:00,310.5162852659064,302.35112516758807
2001-03-16 08:00:00,316.6068395488251,304.0755430436098
2001-03-16 09:00:00,317.2487205423082,304.78454154885975
2001-03-16 17:00:00,294.2675177481583,295.52053999937556
2001-03-16 18:00:00,293.0690361222795,294.466746231808
2001-03-16 20:00:00,290.9578994962578,292.6265826115072
2001-03-16 21:00:00,289.9254988095793,291.66366532477105
2001-03-17 05:00:00,306.9654654339759,300.7598456337199
2001-03-17 06:00:00,311.6540768804095,302.3403339826822
2001-03-17 08:00:00,317.9223637514747,304.746188312172
2001-03-17 09:00:00,317.8327942599869,305.52367315307055
2001-03-17 17:00:00,292.90144404571487,297.1444683809677
2001-03-17 18:00:00,291.3294221146265,294.3118720150141
2001-03-17 20:00:00,289.5818583248944,292.4181348803598
2001-03-17 21:00:00,288.96306300934737,291.93128233734745
2001-03-18 05:00:00,309.80373035777694,304.3003207825366
2001-03-18 06:00:00,313.4413865005658,305.86464715848905
2001-03-18 08:00:00,317.30385588424053,307.7600384023046
2001-03-18 09:00:00,317.24679767626276,307.9832593215449
2001-03-18 17:00:00,296.6799099162474,298.32646654126086
2001-03-18 18:00:00,295.40928762756255,297.33383011781194
2001-03-18 20:00:00,292.31079407208506,295.07271833375717
2001-03-18 21:00:00,291.02206169328264,293.75808306724895
2001-03-19 05:00:00,312.2460094857473,304.7040650730692
2001-03-19 06:00:00,316.70244188117687,306.50518526097846
2001-03-19 08:00:00,318.5284291695006,308.3415212528364
2001-03-19 09:00:00,316.68540695966306,308.38933063618765
2001-03-19 17:00:00,298.4542213522231,299.60165725026184
2001-03-19 18:00:00,297.44949900387616,298.7358022963137
2001-03-19 20:00:00,295.625222886472,297.19199078623063
2001-03-19 21:00:00,295.05810332922795,296.6337239599008
2001-03-20 05:00:00,308.2104639132695,303.02028410313494
2001-03-20 06:00:00,311.45168978040135,304.40826347833064
2001-03-20 08:00:00,313.45982064598326,305.4002372612388
2001-03-20 09:00:00,313.74662649098826,305.7486489035866
2001-03-20 17:00:00,295.6079963249125,296.6381332326927
2001-03-20 18:00:00,294.7132273058311,295.85959908554474
2001-03-20 20:00:00,293.7823357016353,295.20597510198235
2001-03-20 21:00:00,293.20826081685914,294.47420975460295
2001-03-21 05:00:00,305.6183435942616,299.8754520269315
2001-03-21 06:00:00,309.4654591799885,301.19430161110245
2001-03-21 08:00:00,312.9958435199662,303.1749663977483
2001-03-21 09:00:00,312.089988649718,303.2302573370089
2001-03-21 17:00:00,293.86291724911825,295.2907356062362
2001-03-21 18:00:00,293.11416978645036,294.71195744072156
2001-03-21 20:00:00,291.6075181064694,293.3682982881191
2001-03-21 21:00:00,291.0357597127718,292.7918906660036
2001-03-22 05:00:00,307.28867475277474,300.7975148346465
2001-03-22 06:00:00,311.93429746466165,302.21159891795674
2001-03-22 08:00:00,317.8334773317875,304.23172107573106
2001-03-22 09:00:00,317.7042228334306,304.8750417089242
2001-03-22 17:00:00,294.92894849498026,296.32209443972545
2001-03-22 18:00:00,294.102678672191,295.7230583625876
2001-03-22 20:00:00,293.59662050973105,295.4747440473325
2001-03-22 21:00:00,293.04536482659626,294.79460642481075
2001-03-23 05:00:00,306.19689722751804,301.0779000680509
2001-03-23 06:00:00,310.0496895765119,302.84578003023734
2001-03-23 08:00:00,315.80434219054706,304.6596671693681
2001-03-23 09:00:00,317.4382119906151,305.2339498934283
2001-03-23 17:00:00,295.2075531287994,296.45008337552815
2001-03-23 18:00:00,294.2978330826723,295.8356421989359
2001-03-23 20:00:00,293.753699116053,295.3324846405829
2001-03-23 21:00:00,293.45912372606745,294.73790304833454
2001-03-24 05:00:00,307.0963563140258,301.9207740395756
2001-03-24 06:00:00,310.6297093936585,303.4625346414481
2001-03-24 08:00:00,314.3296280495008,305.0458705531798
2001-03-24 09:00:00,314.0195491420469,305.3256746359709
2001-03-24 17:00:00,296.55258256298,297.5803954090654
2001-03-24 18:00:00,295.23514793172643,296.472282868137
2001-03-24 20:00:00,293.35671463365367,294.8628886594611
2001-03-24 21:00:00,292.62347687190777,294.24168259630954
2001-03-25 05:00:00,307.75851739022323,302.5831167870567
2001-03-25 06:00:00,311.57879297759024,304.4588479863477
2001-03-25 08:00:00,316.7928933729927,307.08912174360046
2001-03-25 09:00:00,316.625452591201,307.5498014664613
2001-03-25 17:00:00,296.1248253820857,297.84716368970595
2001-03-25 18:00:00,295.24997552480835,297.18128652234657
2001-03-25 20:00:00,294.166137436689,296.36476882911063
2001-03-25 21:00:00,293.47694081922157,295.38521649988115
2001-03-26 05:00:00,310.5333070916645,302.64853880989534
2001-03-26 06:00:00,315.3672033935923,304.6908543238471
2001-03-26 08:00:00,318.2051784944461,306.526479547674
2001-03-26 09:00:00,318.1424218693573,306.9792136969662
2001-03-26 17:00:00,295.5589015355279,297.26846804861293
2001-03-26 18:00:00,293.74105425865514,296.8356412349754
2001-03-26 20:00:00,291.2193028901134,294.2595237414532
2001-03-26 21:00:00,290.621031210125,293.1814128717032
2001-03-27 05:00:00,308.52809058425976,303.73449855152006
2001-03-27 06:00:00,312.80744273416434,305.8118960434924
2001-03-27 08:00:00,316.9338823033408,307.77181118111406
2001-03-27 09:00:00,317.04967603404276,308.1584547186853
2001-03-27 17:00:00,298.12659088746057,299.77100164240056
2001-03-27 18:00:00,297.4640237487887,299.2361627705108
2001-03-27 20:00:00,297.4968865957392,299.42760125440884
2001-03-27 21:00:00,297.30075498795475,298.97628981674035
2001-03-28 05:00:00,305.78271898172676,301.46428387705095
2001-03-28 06:00:00,308.8735208614214,302.989066948325
2001-03-28 08:00:00,311.5510068637748,304.56585366553264
2001-03-28 09:00:00,312.0987453137414,305.2749457219716
2001-03-28 17:00:00,296.02897721630035,297.4123902871907
2001-03-28 18:00:00,295.16921489227724,296.709993171398
2001-03-28 20:00:00,293.88800194597763,295.64723711057877
2001-03-28 21:00:00,293.18205430511335,294.9866236376653
2001-03-29 05:00:00,306.9322718545358,300.95975291012616
2001-03-29 06:00:00,311.3976480163669,302.42761482038924
2001-03-29 08:00:00,314.7865399329799,304.2097818759631
2001-03-29 09:00:00,314.676052640142,304.6764253166681
2001-03-29 17:00:00,294.8073645828317,296.14095502715264
2001-03-29 18:00:00,293.8473930182553,295.3504118838553
2001-03-29 20:00:00,292.4477156534768,294.25986590040117
2001-03-29 21:00:00,291.7167018896259,293.31105965495294
2001-03-30 05:00:00,305.2180374216041,299.7011682777817
2001-03-30 06:00:00,308.57667021905695,301.03905815042225
2001-03-30 08:00:00,310.6464585361569,301.68152194030483
2001-03-30 09:00:00,310.25890358570734,301.7098122994962
2001-03-30 17:00:00,292.85180095090703,293.46585891794166
2001-03-30 18:00:00,291.782748300232,292.5801221615361
2001-03-30 20:00:00,290.2245136607777,291.53236382106786
2001-03-30 21:00:00,289.33899598202464,290.58946970982254
2001-03-31 05:00:00,307.4946184907746,299.1023486450383
2001-03-31 06:00:00,309.89192209111525,300.38355714771524
2001-03-31 08:00:00,313.22621011366647,302.49900996556454
2001-03-31 09:00:00,312.93256329975804,302.87643164589156
2001-03-31 17:00:00,293.9806152955042,295.3624447439044
2001-03-31 18:00:00,293.1663786148988,294.7446983114046
2001-03-31 20:00:00,291.9925957960414,293.8672948522817
2001-03-31 21:00:00,291.2629417807369,293.0648261071721
2001-04-01 05:00:00,310.08060160256315,300.856434638401
2001-04-01 06:00:00,313.46604599680853,302.4036748618668
2001-04-01 08:00:00,315.03171030288485,304.35685499570405
2001-04-01 09:00:00,314.3561149797013,304.6512924923184
2001-04-01 17:00:00,294.16945592941966,295.6572375892675
2001-04-01 18:00:00,292.9565383605487,294.66304505146894
2001-04-01 20:00:00,291.4505915472798,293.48181037138716
2001-04-01 21:00:00,290.86826516079424,292.84161595607577
2001-04-02 05:00:00,309.1871414067014,301.43365549049315
2001-04-02 06:00:00,314.2684569042894,302.9568739833744
2001-04-02 08:00:00,318.45423155609745,305.64870740893446
2001-04-02 09:00:00,317.9686558610302,306.15593332722676
2001-04-02 17:00:00,295.257151763869,296.98746625668093
2001-04-02 18:00:00,294.12330705028467,296.08034177994693
2001-04-02 20:00:00,292.2917919188324,294.5375393719078
2001-04-02 21:00:00,291.5236767267777,293.8619269560593
2001-04-03 05:00:00,309.5552725534777,304.44023052386035
2001-04-03 06:00:00,313.8809234195939,306.0439498266564
2001-04-03 08:00:00,320.67159954241504,308.0778753812582
2001-04-03 09:00:00,321.08975316122604,308.51281190469564
2001-04-03 17:00:00,293.81323627771695,296.3997450301019
2001-04-03 18:00:00,292.43421070821853,295.6563058861966
2001-04-03 20:00:00,290.459061444816,294.6699976516982
2001-04-03 21:00:00,289.7515303930627,293.5840969937976
2001-04-04 05:00:00,309.8466034875996,304.9764320596892
2001-04-04 06:00:00,314.0000602122632,307.1716672077385
2001-04-04 08:00:00,318.30606927857013,308.3632899256443
2001-04-04 09:00:00,319.4703292494012,308.69971993891596
2001-04-04 17:00:00,297.4801779866035,299.46956261868473
2001-04-04 18:00:00,297.16648641389395,299.03066069098946
2001-04-04 20:00:00,296.29440726117105,298.0106522805518
2001-04-04 21:00:00,295.3213797923413,296.9644469744619
2001-04-05 05:00:00,309.5639475394838,303.0898921596251
2001-04-05 06:00:00,313.53080133517454,304.6624115648549
2001-04-05 08:00:00,316.3379608060252,306.1139783344945
2001-04-05 09:00:00,316.11673448559685,306.56967767324585
2001-04-05 17:00:00,295.53331151177593,296.9663026689197
2001-04-05 18:00:00,294.49968645422047,296.1587363832353
2001-04-05 20:00:00,293.2683456491432,295.44136357711534
2001-04-05 21:00:00,292.79307748944444,294.9299465467456
2001-04-06 05:00:00,310.6925031429814,304.2332205515246
2001-04-06 06:00:00,314.0180758107425,305.47601193749847
2001-04-06 08:00:00,318.03604086007465,307.01111164298743
2001-04-06 09:00:00,318.51540446465117,307.5104831172432
2001-04-06 17:00:00,296.8258019963105,298.46856491958783
2001-04-06 18:00:00,295.51793925751156,297.3086839155717
2001-04-06 20:00:00,293.0548533247138,295.3083944452929
2001-04-06 21:00:00,292.0125876545722,295.1235454541693
2001-04-07 05:00:00,313.47031490755006,306.3902052304778
2001-04-07 06:00:00,318.12671947038416,307.5474034149217
2001-04-07 08:00:00,323.3735590671722,309.3196064342152
2001-04-07 09:00:00,322.9547428078203,309.7370795674611
2001-04-07 17:00:00,298.1476763474005,299.871761398433
2001-04-07 18:00:00,296.45249449931237,298.81254135625574
2001-04-07 20:00:00,293.3619594250696,298.5704880348523
2001-04-07 21:00:00,292.4652740525538,295.76190646367013
2001-04-08 05:00:00,311.93209648426216,307.6815588059154
2001-04-08 06:00:00,315.27521765287196,309.1649953786324
2001-04-08 08:00:00,318.7275360765736,310.76385549771584
2001-04-08 09:00:00,319.0551376930554,310.9745991241032
2001-04-08 17:00:00,298.20100334649464,300.419758871634
2001-04-08 18:00:00,297.03189220928084,299.3930054651387
2001-04-08 20:00:00,295.6533847332735,298.3954364559133
2001-04-08 21:00:00,295.2747483216743,297.9911775045292
2001-04-09 05:00:00,311.03274867641176,306.71657121420276
2001-04-09 06:00:00,315.292309542099,309.0575556350967
2001-04-09 08:00:00,318.74379228259824,311.1301556133159
2001-04-09 09:00:00,318.60771766979997,311.2869565990195
2001-04-09 17:00:00,299.4541622449878,301.7146885993851
2001-04-09 18:00:00,298.93706092775693,301.2762931506329
2001-04-09 20:00:00,298.39287373171015,300.6486769854012
2001-04-09 21:00:00,297.8514015421111,299.8360779090729
2001-04-10 05:00:00,310.54424054303047,306.2177476691906
2001-04-10 06:00:00,314.7109475157845,308.49633530438956
2001-04-10 08:00:00,319.04798291974885,310.81230048369184
2001-04-10 09:00:00,319.44465127013314,311.18641439240963
2001-04-10 17:00:00,299.43933679142793,301.2534821779225
2001-04-10 18:00:00,298.6151992257093,300.57564480021847
2001-04-10 20:00:00,297.72224649626224,299.9293298001282
2001-04-10 21:00:00,297.23082574453485,299.43936918990454
2001-04-11 05:00:00,310.6434856350139,305.3464726240867
2001-04-11 06:00:00,313.8115012899202,306.7130930331896
2001-04-11 08:00:00,316.7453362416413,308.2661866833139
2001-04-11 09:00:00,317.10393146814664,308.67392729537335
2001-04-11 17:00:00,297.9246292466927,299.6333557740199
2001-04-11 18:00:00,298.06427965913605,300.0736745825534
2001-04-11 20:00:00,297.34867621423285,298.7354364850672
2001-04-11 21:00:00,296.7919420850663,297.97268916572375
2001-04-12 05:00:00,310.9215123627696,305.2922618613221
2001-04-12 06:00:00,314.18153755176235,306.5587635716231
2001-04-12 08:00:00,317.2803154755814,307.85750470506764
2001-04-12 09:00:00,314.6687063443459,306.58088333764687
2001-04-12 17:00:00,298.1148194958139,299.5169311899617
2001-04-12 18:00:00,297.41975840140935,298.79927594342104
2001-04-12 20:00:00,295.58913923595645,297.5970916748047
2001-04-12 21:00:00,295.24677592837395,297.2145326493885
2001-04-13 05:00:00,310.4018600769514,305.29136749408644
2001-04-13 06:00:00,313.9438530638333,306.53516407924
2001-04-13 08:00:00,314.27863432850415,305.4352640819109
2001-04-13 09:00:00,308.3980170486521,301.91317575040324
2001-04-13 17:00:00,296.9412216163013,298.2923942295539
2001-04-13 18:00:00,295.91591283389715,297.34814768175494
2001-04-13 20:00:00,293.89110608681324,295.52746638458206
2001-04-13 21:00:00,293.1245225339164,294.94584194941586
2001-04-14 05:00:00,314.6185566765501,305.2873175669525
2001-04-14 06:00:00,317.4065352617684,306.50588775305613
2001-04-14 08:00:00,319.4202078656166,307.8751098444723
2001-04-14 09:00:00,316.95289273254684,307.62755447176096
2001-04-14 17:00:00,296.6277342151236,297.6500709663003
2001-04-14 18:00:00,295.2183840476861,296.5569172346353
2001-04-14 20:00:00,293.80603114335304,295.7384373645753
2001-04-14 21:00:00,293.08052970521805,295.2477065029056
2001-04-15 05:00:00,312.87095240047796,304.2766477470222
2001-04-15 06:00:00,316.287191640798,305.5053264929444
2001-04-15 08:00:00,318.50759542080215,306.1358334580996
2001-04-15 09:00:00,317.16786783979563,306.2698311357542
2001-04-15 17:00:00,296.2265541770242,297.8805956965419
2001-04-15 18:00:00,295.41268768075435,297.2158990045909
2001-04-15 20:00:00,294.7910764485552,296.51543206683664
2001-04-15 21:00:00,294.27350873903066,296.0401127466987
2001-04-16 05:00:00,312.62835648688036,304.112357564259
2001-04-16 06:00:00,316.4420099008616,305.3379753359661
2001-04-16 08:00:00,319.61113493321307,306.55751914566576
2001-04-16 09:00:00,317.9647898152356,306.82654516281815
2001-04-16 17:00:00,296.3702008404607,297.3386750537185
2001-04-16 18:00:00,295.4258018458386,296.49207812575236
2001-04-16 20:00:00,293.96748297974955,294.90171821018214
2001-04-16 21:00:00,293.22775343790624,294.4622056958121
2001-04-17 05:00:00,309.9627650985365,302.43685668569134
2001-04-17 06:00:00,313.3268165999826,303.80136258870317
2001-04-17 08:00:00,315.0401245493367,304.3474386770663
2001-04-17 09:00:00,315.18390746035817,305.0396730631636
2001-04-17 17:00:00,294.82269595106504,295.8917828105815
2001-04-17 18:00:00,294.05800707424737,295.1616673168306
2001-04-17 20:00:00,293.27350619981763,294.42144483851354
2001-04-17 21:00:00,292.9049591863835,293.8744821416211
2001-04-18 05:00:00,309.1310440086988,303.23465546547726
2001-04-18 06:00:00,312.92562393635194,304.78721066138417
2001-04-18 08:00:00,315.61515885692535,305.8328499345824
2001-04-18 09:00:00,316.01358723456764,306.34964635816675
2001-04-18 17:00:00,295.03661545105456,295.90674161984487
2001-04-18 18:00:00,294.4450396991842,295.169291444846
2001-04-18 20:00:00,293.106761844206,294.64267670759256
2001-04-18 21:00:00,292.813491304042,294.27325296034616
2001-04-19 05:00:00,309.0161190415016,303.4530090896301
2001-04-19 06:00:00,311.9805645817784,304.9259900532445
2001-04-19 08:00:00,312.9126115278764,305.6753044187196
2001-04-19 09:00:00,312.88453791872564,306.31392527434787
2001-04-19 17:00:00,293.6683955023579,294.0816382832814
2001-04-19 18:00:00,292.63494414577866,293.2571216459818
2001-04-19 20:00:00,291.44197538637417,292.9165607093846
2001-04-19 21:00:00,291.0825298761917,292.43111893429045
2001-04-20 05:00:00,308.22015834626137,300.4171660530549
2001-04-20 06:00:00,311.7335815429687,302.1670207771572
2001-04-20 08:00:00,314.90920315170877,304.3798190500409
2001-04-20 09:00:00,314.68197984504405,304.81621743130205
2001-04-20 17:00:00,295.0098032664812,296.117237226254
2001-04-20 18:00:00,293.93727998189826,295.20320505574233
2001-04-20 20:00:00,292.72939461589044,294.26046515466254
2001-04-20 21:00:00,292.260256751109,293.70883745331605
2001-04-21 05:00:00,311.7830587425291,302.86594490791873
2001-04-21 06:00:00,314.30848418766254,304.5134754151519
2001-04-21 08:00:00,316.3705470433404,306.6890568431977
2001-04-21 09:00:00,316.26260406541167,307.1621005347771
2001-04-21 17:00:00,295.11671788666763,299.5152346900505
2001-04-21 18:00:00,293.6756919308326,297.7094051555052
2001-04-21 20:00:00,291.81921746440594,296.88982058673497
2001-04-21 21:00:00,291.15411311121676,297.47345241082286
2001-04-22 05:00:00,314.06727745867295,306.8780908099676
2001-04-22 06:00:00,316.95358184673387,308.35383478996386
2001-04-22 08:00:00,318.9414001605912,309.8684198882069
2001-04-22 09:00:00,318.9212052825787,310.09493992692336
2001-04-22 17:00:00,297.1758130606958,299.8598915182387
2001-04-22 18:00:00,296.19619772136673,299.07055024557013
2001-04-22 20:00:00,295.4529115180205,298.5167305921369
2001-04-22 21:00:00,295.2651001822967,298.21061069388605
2001-04-23 05:00:00,313.06641854637394,308.13368074625777
2001-04-23 06:00:00,316.41056663854096,309.7020160927795
2001-04-23 08:00:00,320.2049418068814,311.28403163727705
2001-04-23 09:00:00,320.49003467060203,311.5699786875391
2001-04-23 17:00:00,299.1887303427298,301.2051536195635
2001-04-23 18:00:00,298.2100317768397,300.5392032617413
2001-04-23 20:00:00,296.9276635826828,299.740195628491
2001-04-23 21:00:00,296.2958520263296,299.1143874064065
2001-04-24 05:00:00,315.9003567218046,309.496632157195
2001-04-24 06:00:00,319.8525249792725,310.7983348828802
2001-04-24 08:00:00,324.62037635180184,312.5105586588291
2001-04-24 09:00:00,324.30250850260165,312.94322771210517
2001-04-24 17:00:00,301.0773668803493,302.72145322732086
2001-04-24 18:00:00,299.87836128317156,301.6846522491408
2001-04-24 20:00:00,298.3847322860741,300.6214117394023
2001-04-24 21:00:00,297.6379386772544,299.8713290739133
2001-04-25 05:00:00,315.01173255109273,309.1058205015304
2001-04-25 06:00:00,319.11032490076377,311.0041846700002
2001-04-25 08:00:00,323.59164353475,312.88185742676535
2001-04-25 09:00:00,323.20425567862065,313.1012998325249
2001-04-25 17:00:00,300.9502273818194,302.76171211983285
2001-04-25 18:00:00,299.6481952637847,301.8248684828748
2001-04-25 20:00:00,298.5308529893496,301.0415563833181
2001-04-25 21:00:00,298.14962944888924,300.4470708344494
2001-04-26 05:00:00,316.99163562086954,310.46525912292196
2001-04-26 06:00:00,320.41437933735193,311.6500613266955
2001-04-26 08:00:00,322.722079401942,312.9272108739256
2001-04-26 09:00:00,321.2472134958981,312.89377724481477
2001-04-26 17:00:00,302.6642006755059,304.4328826998342
2001-04-26 18:00:00,301.69110311969587,303.6375328498923
2001-04-26 20:00:00,300.59649244405455,302.6218588995089
2001-04-26 21:00:00,300.227997037773,302.16210283887773
2001-04-27 05:00:00,313.4303720059858,308.4016945108611
2001-04-27 06:00:00,317.1922352089904,310.4333512786724
2001-04-27 08:00:00,321.43111319755,312.9216275442914
2001-04-27 09:00:00,322.0412848521087,313.4463436320676
2001-04-27 17:00:00,302.4180670739689,304.1155964479608
2001-04-27 18:00:00,301.45579559373203,303.28813975470837
2001-04-27 20:00:00,300.3199850355715,302.25292164665893
2001-04-27 21:00:00,299.8620585954428,301.74919224814016
2001-04-28 05:00:00,313.3872889443796,308.19588274140204
2001-04-28 06:00:00,316.9010389707122,310.03394704386704
2001-04-28 08:00:00,321.3797494097741,312.38776678664294
2001-04-28 09:00:00,321.96978371830306,313.09162030565346
2001-04-28 17:00:00,301.757065124982,303.3983143716821
2001-04-28 18:00:00,300.78132671714746,302.54003746373627
2001-04-28 20:00:00,299.92042327551707,302.0432706106976
2001-04-28 21:00:00,299.68156861009874,301.68641486263425
2001-04-29 05:00:00,313.85709194189224,308.4023589852779
2001-04-29 06:00:00,318.16929233827284,310.6097513677894
2001-04-29 08:00:00,323.70839330264715,313.3262547285789
2001-04-29 09:00:00,323.93687196799164,314.0190684784359
2001-04-29 17:00:00,303.08469415555936,304.51450219764183
2001-04-29 18:00:00,302.6582135639867,304.0739717880273
2001-04-29 20:00:00,301.8284979586608,303.73191767664645
2001-04-29 21:00:00,300.65763213123864,302.43557447718547
2001-04-30 05:00:00,315.19258110622417,308.68263138828365
2001-04-30 06:00:00,318.9902239595246,310.38076142721076
2001-04-30 08:00:00,323.5906095813346,313.6756770952457
2001-04-30 09:00:00,324.76318159529535,314.2733773582706
2001-04-30 17:00:00,303.81123032298035,305.3071897298052
2001-04-30 18:00:00,302.64288031485484,304.30021044432846
2001-04-30 20:00:00,300.79395655086853,302.6500384502676
2001-04-30 21:00:00,299.49759167405233,301.59975714308825
2001-05-01 05:00:00,315.43396379326816,310.1332327397468
2001-05-01 06:00:00,319.4531907374025,312.29852518278574
2001-05-01 08:00:00,324.11819138255066,314.92399084623133
2001-05-01 09:00:00,324.07034085454484,315.2490484299388
2001-05-01 17:00:00,303.60843951162093,305.6521630661881
2001-05-01 18:00:00,302.56316087719836,304.79077310664997
2001-05-01 20:00:00,301.5782601895795,303.79846899094315
2001-05-01 21:00:00,300.82133940004604,303.2534362134654
2001-05-02 05:00:00,317.3221496205852,309.9342802779517
2001-05-02 06:00:00,320.87185581953753,311.6098848645603
2001-05-02 08:00:00,324.72207928438587,313.92808817200745
2001-05-02 09:00:00,324.51081018198073,314.4148315993957
2001-05-02 17:00:00,303.3700469124299,305.23305371582785
2001-05-02 18:00:00,302.7474790317435,304.65242620388796
2001-05-02 20:00:00,302.89313110915833,304.83936035908613
2001-05-02 21:00:00,302.5628053638711,304.2887866192129
2001-05-03 05:00:00,316.93867852397625,311.7297820574697
2001-05-03 06:00:00,320.57932228593876,313.54753799320923
2001-05-03 08:00:00,323.5955089222301,314.8799528759691
2001-05-03 09:00:00,323.7598276006055,315.11524827013767
2001-05-03 17:00:00,304.5026121448111,306.1413423276646
2001-05-03 18:00:00,303.57960246928116,305.4602912702987
2001-05-03 20:00:00,302.9006525401158,304.8682065708061
2001-05-03 21:00:00,302.39899908926895,304.06539693635494
2001-05-04 05:00:00,316.45652653439936,311.25360469494836
2001-05-04 06:00:00,320.5043683632497,313.08511093915524
2001-05-04 08:00:00,325.1568351005002,315.1124908729401
2001-05-04 09:00:00,325.20221880661506,315.5598597357564
2001-05-04 17:00:00,303.16422000173793,305.2628408235101
2001-05-04 18:00:00,301.7633585173103,304.2142863457302
2001-05-04 20:00:00,301.1563919373029,303.9692079987842
2001-05-04 21:00:00,301.0391168344554,303.5726919776669
2001-05-05 05:00:00,315.73123806099676,310.8069846648465
2001-05-05 06:00:00,319.4851576418649,313.17255539152035
2001-05-05 08:00:00,323.6064453595225,315.7909969570825
2001-05-05 09:00:00,324.0565387273239,316.22261555205876
2001-05-05 17:00:00,305.9110647945081,307.9299158175664
2001-05-05 18:00:00,305.1742866880537,307.2658220711401
2001-05-05 20:00:00,304.43389713892765,306.4600118393156
2001-05-05 21:00:00,304.0366763451434,305.9237575913064
2001-05-06 05:00:00,315.4186652232025,310.92448279523336
2001-05-06 06:00:00,319.3576068848785,313.4320530825293
2001-05-06 08:00:00,323.9537292151312,316.34123472146155
2001-05-06 09:00:00,324.2415973210739,316.7583080697317
2001-05-06 17:00:00,305.8630648761391,307.5517661824983
2001-05-06 18:00:00,304.8789389306114,306.7111763976205
2001-05-06 20:00:00,304.6075388903978,306.6372832311504
2001-05-06 21:00:00,304.38805959551655,305.87344781202603
2001-05-07 05:00:00,313.97335573264013,309.4274358764084
2001-05-07 06:00:00,317.708390551833,311.73031736118213
2001-05-07 08:00:00,322.8241401754653,315.5006071070126
2001-05-07 09:00:00,323.3110896317728,316.12727308934575
2001-05-07 17:00:00,305.5902461917448,307.25204129211704
2001-05-07 18:00:00,304.8732815641101,306.616062581631
2001-05-07 20:00:00,304.0262851333031,305.3833272784076
2001-05-07 21:00:00,303.24471248867695,304.25960842890805
2001-05-08 05:00:00,311.91722673554267,307.3048689596826
2001-05-08 06:00:00,315.5383912308374,309.69304587624293
2001-05-08 08:00:00,320.37527717390486,312.1748036294946
2001-05-08 09:00:00,321.1126085466523,312.981192120051
2001-05-08 17:00:00,304.5634288111894,305.7710262586597
2001-05-08 18:00:00,303.75970092209167,305.05324574427914
2001-05-08 20:00:00,302.63711016497734,303.988572366065
2001-05-08 21:00:00,302.2030960576744,303.4185817113092
2001-05-09 05:00:00,311.8699984322711,306.6801707028241
2001-05-09 06:00:00,315.2903056563508,308.7663074134862
2001-05-09 08:00:00,319.7539829906587,311.36304841827723
2001-05-09 09:00:00,320.4485482096856,312.01607324162325
2001-05-09 17:00:00,303.85588807280885,304.8645248530642
2001-05-09 18:00:00,303.0813911332188,304.2378838631699
2001-05-09 20:00:00,302.8969072480048,304.1290530071053
2001-05-09 21:00:00,302.5779925847458,303.73205373614155
2001-05-10 05:00:00,312.0518158852411,306.9590505120934
2001-05-10 06:00:00,315.7662582044793,309.1972226934918
2001-05-10 08:00:00,320.6984139135328,312.79866928312185
2001-05-10 09:00:00,321.3365747954335,313.6000306257298
2001-05-10 17:00:00,304.92115355787,306.11166454720757
2001-05-10 18:00:00,304.2732230070376,305.57731325123086
2001-05-10 20:00:00,303.43332835522205,304.607252570624
2001-05-10 21:00:00,302.793256409914,303.7592053288488
2001-05-11 05:00:00,312.3354961236563,307.42387390136724
2001-05-11 06:00:00,316.2779684434135,309.9997566117344
2001-05-11 08:00:00,321.4465459462123,313.832278846776
2001-05-11 09:00:00,322.2015386737183,314.71577112700425
2001-05-11 17:00:00,305.09566454306963,306.4677949737878
2001-05-11 18:00:00,304.35111390570836,305.76326896303055
2001-05-11 20:00:00,303.2948215760876,304.59333450952187
2001-05-11 21:00:00,302.6891505354542,303.80477404484213
2001-05-12 05:00:00,313.0393985460279,308.2226297293312
2001-05-12 06:00:00,317.0331361650135,310.82972997068805
2001-05-12 08:00:00,321.695012332111,314.203759191951
2001-05-12 09:00:00,322.8442776390511,315.1996769368741
2001-05-12 17:00:00,304.4011035325531,305.91181609590177
2001-05-12 18:00:00,303.44003197151267,305.1202533880625
2001-05-12 20:00:00,302.2389843768809,303.8646041564471
2001-05-12 21:00:00,301.86575942781565,303.2671500089907
2001-05-13 05:00:00,313.612866582415,308.5906712983165
2001-05-13 06:00:00,317.4121804024295,310.9019493726076
2001-05-13 08:00:00,323.13301333293714,314.64746890780737
2001-05-13 09:00:00,324.00833670641134,315.4087950907797
2001-05-13 17:00:00,304.937743529333,306.15397279618884
2001-05-13 18:00:00,303.8496847049848,305.12588134201354
2001-05-13 20:00:00,302.2534931341562,303.5480358905528
2001-05-13 21:00:00,301.6548264889945,302.9356205356874
2001-05-14 05:00:00,312.81712912631514,307.27259850171384
2001-05-14 06:00:00,316.38229189080704,309.44761740004157
2001-05-14 08:00:00,321.37143132425786,312.7655153671288
2001-05-14 09:00:00,321.3388987395723,313.11417286642165
2001-05-14 17:00:00,303.9258174337849,304.9318328763377
2001-05-14 18:00:00,303.0150978311736,304.0959647814923
2001-05-14 20:00:00,301.7138244675929,302.88420958438167
2001-05-14 21:00:00,301.12809711097754,302.2714528229277
2001-05-15 05:00:00,313.06156919035595,306.6776597973746
2001-05-15 06:00:00,316.46969138969814,308.5805453872093
2001-05-15 08:00:00,321.6821393687479,311.33924851615916
2001-05-15 09:00:00,322.1961415295241,311.9360805564375
2001-05-15 17:00:00,304.12438936630275,304.81629024558515
2001-05-15 18:00:00,303.45254533059426,304.2304918380291
2001-05-15 20:00:00,303.16855939915075,303.8611072369827
2001-05-15 21:00:00,302.4352039872039,303.19287048245803
2001-05-16 05:00:00,312.560745968106,306.06140049727196
2001-05-16 06:00:00,315.7494723844602,307.66612246003467
2001-05-16 08:00:00,320.264506288596,310.0914542928499
2001-05-16 09:00:00,320.1778930052771,310.60253252637773
2001-05-16 17:00:00,301.17043839323867,303.06759610638966
2001-05-16 18:00:00,300.9932343845926,302.6626362381804
2001-05-16 20:00:00,300.3142250425459,301.15121676264266
2001-05-16 21:00:00,299.72999194223087,300.6436261381317
2001-05-17 05:00:00,311.87204682478006,305.8054956280396
2001-05-17 06:00:00,314.5790015457224,307.1459348469927
2001-05-17 08:00:00,319.58490610930875,309.95663165311413
2001-05-17 09:00:00,320.1503949040441,310.6017068589597
2001-05-17 17:00:00,298.91116309496584,299.1839786288551
2001-05-17 18:00:00,298.546290111101,299.01967661994263
2001-05-17 20:00:00,298.35547051334237,298.8045818875494
2001-05-17 21:00:00,298.39811048228495,298.95518065747933
2001-05-18 05:00:00,309.38420391817493,303.6512431892666
2001-05-18 06:00:00,311.6617495356062,304.7357684871633
2001-05-18 08:00:00,316.1258441002233,306.3295896791714
2001-05-18 09:00:00,317.2228374745702,307.27843986711076
2001-05-18 17:00:00,301.3940553591689,302.0280412812079
2001-05-18 18:00:00,300.7712973666669,301.3379095045187
2001-05-18 20:00:00,299.2759521437353,300.9702139503232
2001-05-18 21:00:00,299.1548578764882,300.83492397784454
2001-05-19 05:00:00,310.218545311221,304.882010226257
2001-05-19 06:00:00,312.6046097201449,306.23276765467756
2001-05-19 08:00:00,315.56177449042696,306.75299048754397
2001-05-19 09:00:00,317.7394554479096,308.06867962148044
2001-05-19 17:00:00,302.38122617371835,303.4278219543363
2001-05-19 18:00:00,301.98780554725874,303.0764101848397
2001-05-19 20:00:00,300.613335137742,301.3905388313376
2001-05-19 21:00:00,299.60344165866667,300.5241961133866
2001-05-20 05:00:00,311.12133372913706,305.2459974244857
2001-05-20 06:00:00,314.4477125029718,306.68591186335345
2001-05-20 08:00:00,318.76203234280206,308.1134636971543
2001-05-20 09:00:00,319.0975973073434,308.75952670386835
2001-05-20 17:00:00,302.5647358475554,303.3926970448075
2001-05-20 18:00:00,301.6731699986157,302.6032710141503
2001-05-20 20:00:00,299.06353216656186,300.2713061598673
2001-05-20 21:00:00,298.85428096259875,300.34049167251004
2001-05-21 05:00:00,312.08475735374884,305.72523444459324
2001-05-21 06:00:00,315.665823444196,307.3607627034003
2001-05-21 08:00:00,321.11065753766314,309.90360982980127
2001-05-21 09:00:00,322.29252577489257,310.6717679298531
2001-05-21 17:00:00,304.0782078300676,304.7654895282857
2001-05-21 18:00:00,303.6350386844394,304.3818671839263
2001-05-21 20:00:00,301.4654001667981,302.0025895975404
2001-05-21 21:00:00,300.5787808457949,301.25219564335003
2001-05-22 05:00:00,312.6058614816064,306.1448967320893
2001-05-22 06:00:00,315.8404799168944,307.6398325069292
2001-05-22 08:00:00,319.6285221705268,309.0395225912838
2001-05-22 09:00:00,320.9164810768445,309.8091081287167
2001-05-22 17:00:00,303.85596154540644,304.349458174272
2001-05-22 18:00:00,302.90783315226554,303.6931360418146
2001-05-22 20:00:00,300.4776978573557,301.2376543935532
2001-05-22 21:00:00,299.71312712447485,300.5568965212406
2001-05-23 05:00:00,316.52535594593394,309.3990662138341
2001-05-23 06:00:00,319.91395044547204,310.73502139427995
2001-05-23 08:00:00,324.65745455090916,312.6951011575426
2001-05-23 09:00:00,325.2064906797717,313.36400817024685
2001-05-23 17:00:00,305.1909006644839,306.3498356470893
2001-05-23 18:00:00,304.2909848017759,305.3835499532785
2001-05-23 20:00:00,303.008261117803,304.7323802366095
2001-05-23 21:00:00,302.53523308470363,304.24177631207715
2001-05-24 05:00:00,316.9372280455884,310.8090892021755
2001-05-24 06:00:00,320.0460572323557,312.254605826685
2001-05-24 08:00:00,324.0167551848848,314.600189067917
2001-05-24 09:00:00,323.9286710859631,314.8135159908348
2001-05-24 17:00:00,305.9095698563822,307.1909147006889
2001-05-24 18:00:00,305.2197746429678,306.72534045673484
2001-05-24 20:00:00,304.88754317132276,306.27243009076466
2001-05-24 21:00:00,304.5930270766624,305.8708647035855
2001-05-25 05:00:00,312.7870582850946,307.76845998426063
2001-05-25 06:00:00,315.95619831761155,309.5722102795617
2001-05-25 08:00:00,320.76455528600195,312.66998406220665
2001-05-25 09:00:00,321.3169807234236,313.33277458108626
2001-05-25 17:00:00,306.116193139498,307.07634414179114
2001-05-25 18:00:00,305.10119250375425,306.1804226962003
2001-05-25 20:00:00,304.3586627037389,305.7549444119258
2001-05-25 21:00:00,304.08566053769624,305.1566195025099
2001-05-26 05:00:00,313.8142730524801,307.99152304909444
2001-05-26 06:00:00,317.5315946981609,309.73607307516374
2001-05-26 08:00:00,322.720666212367,312.59838215926396
2001-05-26 09:00:00,323.05854877301465,313.2004283558239
2001-05-26 17:00:00,305.01367467283654,305.0354135334033
2001-05-26 18:00:00,304.15622740570683,304.1869632385912
2001-05-26 20:00:00,301.10402809930696,301.2832792543667
2001-05-26 21:00:00,299.37672062243445,300.5989274552497
2001-05-27 05:00:00,314.6130410827731,308.37507297886174
2001-05-27 06:00:00,318.06104333815847,309.92889361976654
2001-05-27 08:00:00,323.0048229058828,312.0255746238956
2001-05-27 09:00:00,323.59257599018025,312.35216572765944
2001-05-27 17:00:00,305.26957335861516,305.832150522476
2001-05-27 18:00:00,304.30447672181214,304.8565241926807
2001-05-27 20:00:00,302.7745425984011,303.2833796943465
2001-05-27 21:00:00,302.3656800068766,302.8621752816834
2001-05-28 05:00:00,314.0013579616929,307.53233076427676
2001-05-28 06:00:00,317.1374053014629,308.9344029125337
2001-05-28 08:00:00,322.67518667447365,311.1761027425758
2001-05-28 09:00:00,323.2104546263332,311.7315557447531
2001-05-28 17:00:00,304.727782803434,305.10232983605334
2001-05-28 18:00:00,304.20192881908923,304.77047433250675
2001-05-28 20:00:00,303.1305094573458,303.4798721289966
2001-05-28 21:00:00,302.66452962114187,302.8202232278551
2001-05-29 05:00:00,314.4200620724718,307.29582654015496
2001-05-29 06:00:00,318.0903209339489,308.86173541005843
2001-05-29 08:00:00,323.8193039622256,310.91590874294286
2001-05-29 09:00:00,324.4243727626713,311.6093782915724
2001-05-29 17:00:00,305.2737665631922,305.26121934793764
2001-05-29 18:00:00,304.4028620786035,304.2783723663659
2001-05-29 20:00:00,302.1962744385142,301.67411935862117
2001-05-29 21:00:00,301.39389828063304,300.89853843371566
2001-05-30 05:00:00,314.29250903489594,305.8429053590184
2001-05-30 06:00:00,316.6889851574538,307.1440460722325
2001-05-30 08:00:00,318.6410808122397,306.9964399528797
2001-05-30 09:00:00,313.8019353222957,305.24462742504244
2001-05-30 17:00:00,301.4645633315452,301.68199799571454
2001-05-30 18:00:00,301.11095551900763,301.38658941471704
2001-05-30 20:00:00,300.8441130369213,301.1973807594993
2001-05-30 21:00:00,300.37760922941845,300.4854574335742
2001-05-31 05:00:00,307.796817656107,304.1476618879933
2001-05-31 06:00:00,310.654944491864,305.5435279176121
2001-05-31 08:00:00,315.81413097410984,308.153673145547
2001-05-31 09:00:00,316.9122310691328,308.90785104431245
2001-05-31 17:00:00,302.8061926890228,303.2980281553577
2001-05-31 18:00:00,302.19692036256953,302.77695706078015
2001-05-31 20:00:00,301.22271707355515,301.7419624504947
2001-05-31 21:00:00,300.81359289607207,301.3491396911339
2001-06-01 05:00:00,310.99050277921566,305.5413630269526
2001-06-01 06:00:00,314.06718569433747,307.1236652203811
2001-06-01 08:00:00,318.0531189482091,309.5654529871302
2001-06-01 09:00:00,318.8040441621801,310.357392180315
2001-06-01 17:00:00,303.6163603983969,304.5878162824869
2001-06-01 18:00:00,302.9159501697323,303.97613492474903
2001-06-01 20:00:00,301.9811702075835,303.01909401163294
2001-06-01 21:00:00,301.6100881426654,302.5714669954979
2001-06-02 05:00:00,311.46246857488836,305.4740180205123
2001-06-02 06:00:00,315.04072187567715,307.38970319515755
2001-06-02 08:00:00,319.4619191174147,310.00823067075856
2001-06-02 09:00:00,320.1410410077252,310.8486137919139
2001-06-02 17:00:00,304.29422448485957,305.1450667653136
2001-06-02 18:00:00,303.594879691149,304.4371247137272
2001-06-02 20:00:00,302.4310669509582,303.1986683990996
2001-06-02 21:00:00,301.9641560464868,302.69597655121464
2001-06-03 05:00:00,312.32503357874043,306.334562751288
2001-06-03 06:00:00,315.7899413733343,308.0276201950567
2001-06-03 08:00:00,320.66425350524247,310.9510562702761
2001-06-03 09:00:00,321.3110953920244,311.6550393361708
2001-06-03 17:00:00,305.0566662287308,305.8286386263573
2001-06-03 18:00:00,304.35753637469605,305.2307365664348
2001-06-03 20:00:00,303.42529466155867,304.2723003557908
2001-06-03 21:00:00,303.00034834240176,303.80504940838216
2001-06-04 05:00:00,312.314492365245,306.1420960977375
2001-06-04 06:00:00,315.65765550140236,307.6730150125795
2001-06-04 08:00:00,318.5992614322892,309.53687144134005
2001-06-04 09:00:00,319.51567091743453,310.24851794602876
2001-06-04 17:00:00,303.3795936478672,302.63151830076623
2001-06-04 18:00:00,301.7464726099799,301.54382585193423
2001-06-04 20:00:00,302.26973330552113,302.67322358071164
2001-06-04 21:00:00,302.2316954249778,302.57137795846523
2001-06-05 05:00:00,311.6419771544187,306.16154407095655
2001-06-05 06:00:00,314.9317740512372,307.50014555803256
2001-06-05 08:00:00,319.1718583305371,309.46464552680953
2001-06-05 09:00:00,319.413712911503,309.89630270371634
2001-06-05 17:00:00,301.5693536649684,301.7305081313123
2001-06-05 18:00:00,301.16081030894134,301.5404364258189
2001-06-05 20:00:00,301.09749773727907,301.95725204397246
2001-06-05 21:00:00,301.1219974747057,302.01102606210577
2001-06-06 05:00:00,312.30936924445064,306.50316343616083
2001-06-06 06:00:00,314.62081935042045,307.383297325099
2001-06-06 08:00:00,320.1455248581426,310.0298837153313
2001-06-06 09:00:00,320.272553266105,310.3647612349829
2001-06-06 17:00:00,303.759885814414,304.3428833054835
2001-06-06 18:00:00,302.9326776348755,303.56610528272915
2001-06-06 20:00:00,301.4016832019589,301.9911677473683
2001-06-06 21:00:00,300.533227623703,301.4632350410262
2001-06-07 05:00:00,314.44607913071644,307.6944758763483
2001-06-07 06:00:00,318.1561575538388,309.141523364145
2001-06-07 08:00:00,320.5075676540381,310.2573779889358
2001-06-07 09:00:00,320.42604208359916,310.373466009719
2001-06-07 17:00:00,302.7102878141477,303.040831579082
2001-06-07 18:00:00,301.99245863151845,302.43399003180224
2001-06-07 20:00:00,300.88103542709945,301.3734448025884
2001-06-07 21:00:00,300.6348668173392,301.1807075112553
2001-06-08 05:00:00,315.4408885091773,308.4912180143806
2001-06-08 06:00:00,318.61342835977376,309.7302121014
2001-06-08 08:00:00,320.82224613418936,310.62179400851073
2001-06-08 09:00:00,320.12105723705787,310.76566170103195
2001-06-08 17:00:00,304.23075022646015,304.8625889853079
2001-06-08 18:00:00,303.78410840144693,304.485406273135
2001-06-08 20:00:00,302.86710330628097,303.8022765878169
2001-06-08 21:00:00,302.72614296559004,303.6264643735254
2001-06-09 05:00:00,314.5962926691229,308.6597535261204
2001-06-09 06:00:00,318.13123336815505,310.19604471027395
2001-06-09 08:00:00,322.16762344054706,311.869155977834
2001-06-09 09:00:00,322.17801730915653,312.216336148913
2001-06-09 17:00:00,304.81523240475883,305.6125766654228
2001-06-09 18:00:00,302.6092483214862,304.75040653269906
2001-06-09 20:00:00,302.7883448431782,303.6435291543029
2001-06-09 21:00:00,302.331213929069,303.27800267576623
2001-06-10 05:00:00,313.9858711842212,308.4741590878997
2001-06-10 06:00:00,317.3993526746753,310.14992663085184
2001-06-10 08:00:00,321.11260407951835,311.80834486010633
2001-06-10 09:00:00,322.53284514299344,312.66450747356214
2001-06-10 17:00:00,305.4335866025857,305.9732414680563
2001-06-10 18:00:00,304.4458237752341,304.9753902065001
2001-06-10 20:00:00,303.8121422295945,304.56888264096204
2001-06-10 21:00:00,303.32173695145474,304.090376867168
2001-06-11 05:00:00,315.0654970471774,309.1824523972804
2001-06-11 06:00:00,317.27214725065306,310.44128417968756
2001-06-11 08:00:00,320.0470611619288,312.0361448502504
2001-06-11 09:00:00,318.7656225313208,311.7471771945572
2001-06-11 17:00:00,304.403732323316,304.51375023793366
2001-06-11 18:00:00,303.5462715607395,303.7894314147291
2001-06-11 20:00:00,302.72041499486136,303.4948899044278
2001-06-11 21:00:00,302.4157964297913,303.2064137040008
2001-06-12 05:00:00,315.91500814523096,308.41034828973665
2001-06-12 06:00:00,319.10994827435087,309.69260772093793
2001-06-12 08:00:00,322.0071875949854,310.6138212324475
2001-06-12 09:00:00,322.4942468017202,311.25587244724454
2001-06-12 17:00:00,301.8575426757061,302.4757022945833
2001-06-12 18:00:00,301.90306683791624,302.31553711031546
2001-06-12 20:00:00,300.9852603859453,301.14506613051026
2001-06-12 21:00:00,299.3891688318943,300.5304361822425
2001-06-13 05:00:00,312.1155846453227,305.8263507014247
2001-06-13 06:00:00,314.6302728873372,306.8065721602947
2001-06-13 08:00:00,317.0344665245209,305.8972850970017
2001-06-13 09:00:00,315.4135520946814,305.35793768790177
2001-06-13 17:00:00,302.78234520017276,303.09161562691855
2001-06-13 18:00:00,302.0629913612213,302.22327642925717
2001-06-13 20:00:00,298.945789589904,298.11275535078005
2001-06-13 21:00:00,298.1561987690272,298.07852125829106
2001-06-14 05:00:00,306.7386454154604,303.1191940660286
2001-06-14 06:00:00,307.8670707432258,303.9686986984935
2001-06-14 08:00:00,311.4585918079723,305.79734172145095
2001-06-14 09:00:00,312.5703790367844,306.6657065463544
2001-06-14 17:00:00,301.130497584174,300.87173076329873
2001-06-14 18:00:00,299.6057840591219,299.6922432498315
2001-06-14 20:00:00,299.32182135677493,299.29710310596533
2001-06-14 21:00:00,299.077078068385,299.2154812805458
2001-06-15 05:00:00,307.74748798952265,303.2102341144956
2001-06-15 06:00:00,309.20115924946884,304.233328068385
2001-06-15 08:00:00,312.3030353422709,306.1108038245438
2001-06-15 09:00:00,312.4957511678499,306.66168276370956
2001-06-15 17:00:00,301.2459274550616,301.87131828225813
2001-06-15 18:00:00,300.7636133320343,300.88194749829216
2001-06-15 20:00:00,299.1172607845078,299.505050894292
2001-06-15 21:00:00,298.9985599370877,299.17066398350227
2001-06-16 05:00:00,308.97044062210347,303.38960000436373
2001-06-16 06:00:00,311.8248508024289,304.6948739214928
2001-06-16 08:00:00,312.77540863460314,305.96095405190675
2001-06-16 09:00:00,314.33773321730695,306.90447212771755
2001-06-16 17:00:00,298.5255007751183,298.03996319175684
2001-06-16 18:00:00,298.06422633566365,297.66217480675647
2001-06-16 20:00:00,297.13054030408114,297.0764921685029
2001-06-16 21:00:00,297.0577577846627,296.8922322747888
2001-06-17 05:00:00,299.5204753199785,297.8699839493527
2001-06-17 06:00:00,299.8734884629448,298.35957451630816
2001-06-17 08:00:00,308.56944545281505,303.72634469195395
2001-06-17 09:00:00,309.58452379317794,303.8369505049084
2001-06-17 17:00:00,299.9903741962921,300.25871610714955
2001-06-17 18:00:00,299.10980184640283,299.5246898962647
2001-06-17 20:00:00,298.03481599546177,298.5603751489672
2001-06-17 21:00:00,297.66498903059994,298.2939962848493
2001-06-18 05:00:00,305.8289830894059,302.1394188033047
2001-06-18 06:00:00,308.34981751993,303.6032847211982
2001-06-18 08:00:00,311.87799537788004,306.296939773442
2001-06-18 09:00:00,311.8271448873041,306.3598831717516
2001-06-18 17:00:00,300.4076894516203,301.0644610012625
2001-06-18 18:00:00,299.37990416069795,300.56287119531856
2001-06-18 20:00:00,298.67934176734485,299.3508470297227
2001-06-18 21:00:00,298.234833280919,299.18469917755834
2001-06-19 05:00:00,306.75253615651184,303.7022590578429
2001-06-19 06:00:00,308.99549562427774,305.0151444304338
2001-06-19 08:00:00,312.27945912600666,307.0788698593163
2001-06-19 09:00:00,311.990815995838,307.0525800472783
2001-06-19 17:00:00,301.9103155150803,302.87470895446876
2001-06-19 18:00:00,301.4626726993978,302.09491458181606
2001-06-19 20:00:00,300.26774615976956,300.6419988787964
2001-06-19 21:00:00,299.75374851314973,300.1533165742142
2001-06-20 05:00:00,305.87121868868275,302.82114773648914
2001-06-20 06:00:00,308.16402431776055,304.38263628332203
2001-06-20 08:00:00,311.26973248262806,306.81061042585804
2001-06-20 09:00:00,311.5962357484321,307.33184139680793
2001-06-20 17:00:00,300.81707507399454,301.8190166784913
2001-06-20 18:00:00,300.3802095480803,301.3586843810941
2001-06-20 20:00:00,299.42596019398087,300.07803732661876
2001-06-20 21:00:00,298.89040023262953,299.3437731115403
2001-06-21 05:00:00,305.52536807772924,302.26918758633326
2001-06-21 06:00:00,307.77846436581365,303.611407122737
2001-06-21 08:00:00,311.02163924348,305.92093041277445
2001-06-21 09:00:00,311.349771555473,306.38341476369897
2001-06-21 17:00:00,300.82725407346186,301.85168520511576
2001-06-21 18:00:00,300.3447281142412,301.4080807490415
2001-06-21 20:00:00,299.5478816803872,300.3788667746428
2001-06-21 21:00:00,299.05701932040125,299.7118171256937
2001-06-22 05:00:00,306.1897437708403,302.25579304981676
2001-06-22 06:00:00,308.71022898904715,303.7408159488155
2001-06-22 08:00:00,311.08596507867423,305.79565822325065
2001-06-22 09:00:00,311.4592496522219,306.32482693852927
2001-06-22 17:00:00,300.98059161969434,301.9583107312031
2001-06-22 18:00:00,300.4089598339769,301.3750053605607
2001-06-22 20:00:00,299.93339543276466,300.8399457182098
2001-06-22 21:00:00,299.5352541272556,300.28283813664655
2001-06-23 05:00:00,309.10526149849676,304.01602370345904
2001-06-23 06:00:00,312.16864241730826,305.52489519633565
2001-06-23 08:00:00,314.32127436798055,307.62289094851457
2001-06-23 09:00:00,313.7861921783589,308.08109218791384
2001-06-23 17:00:00,301.92444343743233,302.35678164066263
2001-06-23 18:00:00,301.3865434737712,301.8396303855767
2001-06-23 20:00:00,300.5038598388296,301.1632886983581
2001-06-23 21:00:00,300.11747299688074,300.8029737898675
2001-06-24 05:00:00,307.87335670600504,303.26471676113795
2001-06-24 06:00:00,310.5125170973673,304.4861013591749
2001-06-24 08:00:00,313.0497977516868,306.47177011169526
2001-06-24 09:00:00,313.4807216603143,307.15170071782615
2001-06-24 17:00:00,302.46803344820603,303.28396597040825
2001-06-24 18:00:00,302.1300595699363,302.82332250186585
2001-06-24 20:00:00,299.8161014268872,300.4687729704729
2001-06-24 21:00:00,298.9894393662275,300.3036532409386
2001-06-25 05:00:00,305.18700196158903,303.2422235662287
2001-06-25 06:00:00,308.1724114087403,304.7261592353621
2001-06-25 08:00:00,311.0634262719764,306.34765932997135
2001-06-25 09:00:00,311.7208853370419,306.65879233996566
2001-06-25 17:00:00,297.8348458735344,298.4188236889009
2001-06-25 18:00:00,297.25863548713767,298.48102258056264
2001-06-25 20:00:00,298.75468835110655,299.95809677899894
2001-06-25 21:00:00,299.2659496901032,300.38050889307624
2001-06-26 05:00:00,307.213533868775,303.49109251142835
2001-06-26 06:00:00,309.7544792187049,305.00613429182664
2001-06-26 08:00:00,313.06170064164974,307.0748811319172
2001-06-26 09:00:00,312.97455052638827,307.49245980708
2001-06-26 17:00:00,302.47403217427353,303.32593974861413
2001-06-26 18:00:00,302.05873288946646,302.8807707611696
2001-06-26 20:00:00,301.2555929222166,301.9500310395275
2001-06-26 21:00:00,300.8816648697816,301.5193172507734
2001-06-27 05:00:00,307.4355351664069,303.3745413664126
2001-06-27 06:00:00,310.0384047968179,304.91138196101724
2001-06-27 08:00:00,313.5161311968082,306.9428945109363
2001-06-27 09:00:00,313.45306163723194,307.3399131316433
2001-06-27 17:00:00,302.3208334383502,302.9748154274304
2001-06-27 18:00:00,301.73956454002257,302.41969927066276
2001-06-27 20:00:00,300.21432173013324,301.50521039448466
2001-06-27 21:00:00,300.4529247313325,301.42737089136534
2001-06-28 05:00:00,307.6851552249103,303.4615882203465
2001-06-28 06:00:00,309.7650930348824,304.6574469567815
2001-06-28 08:00:00,313.49418931675984,306.79167908843385
2001-06-28 09:00:00,314.35779756096366,307.474489279631
2001-06-28 17:00:00,302.4430305469201,302.84861329817807
2001-06-28 18:00:00,301.6088379329452,301.92896452964
2001-06-28 20:00:00,300.7126955288033,301.03709989997384
2001-06-28 21:00:00,299.26661315353704,300.3189881123453
2001-06-29 05:00:00,302.12114648569167,300.7319506629039
2001-06-29 06:00:00,305.24833493460494,302.3578618171586
2001-06-29 08:00:00,310.2839836273429,304.78770040033044
2001-06-29 09:00:00,311.40295156234953,305.41017818597874
2001-06-29 17:00:00,301.8725845736605,302.04754283652284
2001-06-29 18:00:00,301.2790049830644,301.42221102251665
2001-06-29 20:00:00,298.10121366386244,298.4622946152885
2001-06-29 21:00:00,297.22389279969485,298.0483083387002
2001-06-30 05:00:00,297.63142966342457,297.60195419711215
2001-06-30 06:00:00,298.2607495935378,298.0790834118295
2001-06-30 08:00:00,299.06006047464854,299.07353130511035
2001-06-30 09:00:00,299.59526374711095,299.4200486240475
2001-06-30 17:00:00,298.67057776781735,298.6994793249756
2001-06-30 18:00:00,297.63704499184445,297.91560166275195
2001-06-30 20:00:00,296.88710527464127,297.79658879778236
2001-06-30 21:00:00,296.9349347600952,297.59092303306926
2001-07-01 05:00:00,297.28061063557817,297.11643064995576
2001-07-01 06:00:00,297.70962952318473,297.45737284467845
2001-07-01 08:00:00,298.9331608612108,298.45229954418306
2001-07-01 09:00:00,299.8123675142121,299.1525909941075
2001-07-01 17:00:00,297.1083310543113,297.43335701541287
2001-07-01 18:00:00,296.8507198339619,297.23938315087366
2001-07-01 20:00:00,296.49111211979516,297.02855918660924
2001-07-01 21:00:00,296.287520069187,296.7909606557414
2001-07-02 05:00:00,297.92767082414196,298.1820849167364
2001-07-02 06:00:00,299.0209818929664,299.6488906319593
2001-07-02 08:00:00,305.9022457786995,303.0416716353735
2001-07-02 09:00:00,306.44304498281616,303.57829491566804
2001-07-02 17:00:00,298.19606015715283,298.67616678716956
2001-07-02 18:00:00,297.68328636416305,298.11577746093
2001-07-02 20:00:00,296.9467505174352,297.086187024697
2001-07-02 21:00:00,296.807308884725,296.87786916959084
2001-07-03 05:00:00,297.28420279904026,297.1556368976235
2001-07-03 06:00:00,298.37946010407387,298.499970305315
2001-07-03 08:00:00,302.12892101505327,300.98722218658963
2001-07-03 09:00:00,304.1276176934617,301.9694731349387
2001-07-03 17:00:00,297.3026238722133,297.3915818835995
2001-07-03 18:00:00,297.11148021915477,297.2386487775665
2001-07-03 20:00:00,296.9352344342483,296.78738831224723
2001-07-03 21:00:00,296.8654595655726,296.73582434984866
2001-07-04 05:00:00,302.49104118641054,300.90192184095577
2001-07-04 06:00:00,304.2437167880348,301.6116189589302
2001-07-04 08:00:00,306.14368402278296,301.0418291136002
2001-07-04 09:00:00,306.0487879207946,301.3583474651507
2001-07-04 17:00:00,298.2265651097467,298.4755926617122
2001-07-04 18:00:00,297.80344754117664,297.96240349580034
2001-07-04 20:00:00,297.13896571836784,297.48044425129706
2001-07-04 21:00:00,296.7479072888202,297.057427146218
2001-07-05 05:00:00,304.930165107151,301.6751539233286
2001-07-05 06:00:00,305.25103522302186,302.0852180563246
2001-07-05 08:00:00,308.37683587448987,303.55481201548054
2001-07-05 09:00:00,308.29798957342723,303.7975792319088
2001-07-05 17:00:00,299.6969760371651,300.42084532562865
2001-07-05 18:00:00,299.5013481810207,300.141729275508
2001-07-05 20:00:00,298.75557298469255,299.12156660788236
2001-07-05 21:00:00,298.3177088662546,298.5580301152539
2001-07-06 05:00:00,303.98061256820137,301.6369312915303
2001-07-06 06:00:00,305.2006266730592,302.3738123536661
2001-07-06 08:00:00,308.77497715648775,303.9733721905019
2001-07-06 09:00:00,308.47976595227635,304.3716425726704
2001-07-06 17:00:00,299.73492633837213,300.4416255157424
2001-07-06 18:00:00,299.2439920340187,300.0178655027792
2001-07-06 20:00:00,299.08348193998887,300.05505702602113
2001-07-06 21:00:00,298.8026294678863,299.63685873587076
2001-07-07 05:00:00,305.54873356282803,302.88899877515894
2001-07-07 06:00:00,307.23857655106417,303.87872923394013
2001-07-07 08:00:00,310.3522269744168,305.14057595557165
2001-07-07 09:00:00,310.3711486252137,305.55256065051253
2001-07-07 17:00:00,300.0130467818955,300.4269390840927
2001-07-07 18:00:00,299.8793011916621,300.3138909949727
2001-07-07 20:00:00,298.03259190352196,297.5756791266161
2001-07-07 21:00:00,297.6850125587593,297.574359887921
2001-07-08 05:00:00,299.42460303166985,298.413044346132
2001-07-08 06:00:00,299.7631742597912,298.6386948219617
2001-07-08 08:00:00,301.74129804661175,299.79590751283524
2001-07-08 09:00:00,302.9996695966677,301.03179854053565
2001-07-08 17:00:00,298.5160568072726,298.92963509346566
2001-07-08 18:00:00,298.2963882940025,298.676036676016
2001-07-08 20:00:00,298.00286418520983,298.1987555552337
2001-07-08 21:00:00,297.7151757520961,297.83057623394467
2001-07-09 05:00:00,303.31232371278827,301.3554238435484
2001-07-09 06:00:00,303.5214150638904,302.0381274113119
2001-07-09 08:00:00,305.8680193743831,301.33874431780566
2001-07-09 09:00:00,305.8607704856179,302.1946984101517
2001-07-09 17:00:00,299.81980256490607,300.23509061134473
2001-07-09 18:00:00,298.54727628969454,298.92333826849745
2001-07-09 20:00:00,297.64415857347393,297.7040824948915
2001-07-09 21:00:00,297.5599312804329,297.68400275137833
2001-07-10 05:00:00,302.90676621259274,301.4789423068242
2001-07-10 06:00:00,303.85810494680067,302.25606702619416
2001-07-10 08:00:00,308.2731350985441,304.02424946037024
2001-07-10 09:00:00,309.01579820724044,304.4994679643487
2001-07-10 17:00:00,298.7958534370035,299.1857604745357
2001-07-10 18:00:00,298.37509837099145,298.5913792920223
2001-07-10 20:00:00,297.87149851935675,297.7331904571486
2001-07-10 21:00:00,297.75769583727066,297.6722831079515
2001-07-11 05:00:00,298.90366167206616,299.05666256097874
2001-07-11 06:00:00,300.5289845282932,300.03879663499737
2001-07-11 08:00:00,305.6705676109655,302.60119189246234
2001-07-11 09:00:00,305.9078987956231,303.10817501026975
2001-07-11 17:00:00,298.15257343121783,298.60150513259583
2001-07-11 18:00:00,297.96366101751346,298.38173340502067
2001-07-11 20:00:00,297.5278013020708,297.7211469465118
2001-07-11 21:00:00,297.41890454402505,297.63705954529655
2001-07-12 05:00:00,301.40402292213383,300.8559824233797
2001-07-12 06:00:00,302.4886994207585,301.63370343459593
2001-07-12 08:00:00,302.2518065324733,301.3403221330217
2001-07-12 09:00:00,302.9046461108286,301.7583773808413
2001-07-12 17:00:00,298.03596061624256,298.8615726418047
2001-07-12 18:00:00,297.7444982543381,298.4401057732674
2001-07-12 20:00:00,297.15312613324136,297.8094350053643
2001-07-12 21:00:00,297.004623930333,297.7142717922781
2001-07-13 05:00:00,299.86727893517826,299.1825506272044
2001-07-13 06:00:00,300.50285395782424,300.00136539124196
2001-07-13 08:00:00,301.0968092814065,300.5747112867829
2001-07-13 09:00:00,301.2254296818573,300.91129177193426
2001-07-13 17:00:00,298.98888363125513,299.5337959842065
2001-07-13 18:00:00,298.8255634278472,299.25301801919574
2001-07-13 20:00:00,298.2467521350079,298.21858473955575
2001-07-13 21:00:00,297.91866263696704,297.7934515061107
2001-07-14 05:00:00,301.5527561464001,300.47012662961043
2001-07-14 06:00:00,302.2127518852246,301.06047627077265
2001-07-14 08:00:00,303.587792395076,302.0971553902413
2001-07-14 09:00:00,304.3395166617513,302.4922384018156
2001-07-14 17:00:00,298.7600541313183,299.11730771292525
2001-07-14 18:00:00,298.3081309784359,298.59141065600477
2001-07-14 20:00:00,297.8050598238576,298.06307517876064
2001-07-14 21:00:00,297.71247000907346,297.83292178490495
2001-07-15 05:00:00,299.5222137639262,298.8734457430377
2001-07-15 06:00:00,300.77253701984426,299.8827949841328
2001-07-15 08:00:00,302.8280606732714,301.2805324137119
2001-07-15 09:00:00,303.57041033023313,301.75570953792345
2001-07-15 17:00:00,298.39222585622264,298.82277812281814
2001-07-15 18:00:00,298.03115369799696,298.54308111017406
2001-07-15 20:00:00,297.8311038729957,298.1125039686959
2001-07-15 21:00:00,297.63594426653236,297.75823295134796
2001-07-16 05:00:00,299.4932994401694,299.0003234910304
2001-07-16 06:00:00,300.4105470771966,299.7553936175095
2001-07-16 08:00:00,302.1382727953613,300.65470063337375
2001-07-16 09:00:00,302.184062610973,300.84864195836894
2001-07-16 17:00:00,298.4187871759588,298.84488037297467
2001-07-16 18:00:00,298.25244723703537,298.64692231870396
2001-07-16 20:00:00,296.9107848933004,297.61462301245456
2001-07-16 21:00:00,296.4164333960676,297.26159028463263
2001-07-17 05:00:00,299.0874846565705,298.9902420161502
2001-07-17 06:00:00,301.148659469534,299.7442757205346
2001-07-17 08:00:00,303.75212560339224,301.7950409123637
2001-07-17 09:00:00,304.6594801140126,302.2481161390872
2001-07-17 17:00:00,298.33928359491614,298.6922006709917
2001-07-17 18:00:00,298.29097643177755,298.5892363373414
2001-07-17 20:00:00,297.47737500112856,297.5579315091502
2001-07-17 21:00:00,297.05037163732965,297.2464654860769
2001-07-18 05:00:00,299.11891019142286,299.2045497100783
2001-07-18 06:00:00,300.296283810091,300.0698879341866
2001-07-18 08:00:00,303.1038630974862,301.55157176812736
2001-07-18 09:00:00,304.4121270789571,302.4627587740153
2001-07-18 17:00:00,298.4354701343413,299.24855286020716
2001-07-18 18:00:00,297.9898187669657,298.74825224560476
2001-07-18 20:00:00,297.8949911061715,298.6623701850879
2001-07-18 21:00:00,297.68438871175005,298.32343697805067
2001-07-19 05:00:00,303.73679265990654,301.85994281974524
2001-07-19 06:00:00,305.50893640738605,302.81043848822407
2001-07-19 08:00:00,308.3923604109989,304.64462534194735
2001-07-19 09:00:00,308.3801823455858,304.94243512498946
2001-07-19 17:00:00,299.1412767783519,300.41191046998387
2001-07-19 18:00:00,299.0769914294979,300.0923186597545
2001-07-19 20:00:00,298.75686986420664,299.3164240244908
2001-07-19 21:00:00,298.59821243168574,299.04380386893297
2001-07-20 05:00:00,301.0585966653927,299.72894957179466
2001-07-20 06:00:00,301.8424026418724,300.31037985121344
2001-07-20 08:00:00,303.9499024566039,302.0760195222217
2001-07-20 09:00:00,304.8425953399235,302.76994695207924
2001-07-20 17:00:00,298.91896487384435,299.3925822629767
2001-07-20 18:00:00,298.568540270413,299.0373060464492
2001-07-20 20:00:00,298.16276423332323,298.4162739664087
2001-07-20 21:00:00,297.23618440084357,297.8923284592357
2001-07-21 05:00:00,300.7361006773492,299.409847947225
2001-07-21 06:00:00,301.42534457590256,299.9732078469957
2001-07-21 08:00:00,302.0223413828893,300.7721998687885
2001-07-21 09:00:00,302.17387853307974,300.8299010384065
2001-07-21 17:00:00,297.22256446215334,297.94855925996427
2001-07-21 18:00:00,297.1241507508171,297.8183291160454
2001-07-21 20:00:00,297.2659377463977,297.92508790379134
2001-07-21 21:00:00,297.1864285226596,297.7346541488483
2001-07-22 05:00:00,298.9278929817658,298.5743231868891
2001-07-22 06:00:00,300.3554159437747,299.3790257810996
2001-07-22 08:00:00,304.3910160623089,301.0922876249293
2001-07-22 09:00:00,305.18078049011706,301.70197602964146
2001-07-22 17:00:00,297.7370908293408,298.12934499308585
2001-07-22 18:00:00,297.50417538306385,297.9418731360296
2001-07-22 20:00:00,297.2790085332603,297.7778472195054
2001-07-22 21:00:00,297.0265317661186,297.6126321519285
2001-07-23 05:00:00,302.1473229265727,300.27674785784467
2001-07-23 06:00:00,303.22946293952833,301.0428333017969
2001-07-23 08:00:00,303.26721767431417,300.4018283603004
2001-07-23 09:00:00,305.7580293205744,301.6438543851644
2001-07-23 17:00:00,298.22992430041865,298.6721213977032
2001-07-23 18:00:00,297.9645551496368,298.38165381950296
2001-07-23 20:00:00,297.2825632903536,297.34982358582766
2001-07-23 21:00:00,297.0925711703778,297.0078768737511
2001-07-24 05:00:00,302.5382306491282,300.1134942147324
2001-07-24 06:00:00,303.3976231885067,300.60603492395904
2001-07-24 08:00:00,308.33795659751485,303.15783197670396
2001-07-24 09:00:00,309.6471167095637,304.27166296631236
2001-07-24 17:00:00,298.2123280012369,298.439385201053
2001-07-24 18:00:00,297.9560809730565,298.2026533176793
2001-07-24 20:00:00,297.34722604149107,297.22752001840274
2001-07-24 21:00:00,297.26804703299547,297.0306000320129
2001-07-25 05:00:00,299.14265488916993,297.9845308559518
2001-07-25 06:00:00,300.14094592830617,298.56961228851173
2001-07-25 08:00:00,300.51636078398104,298.7950442274473
2001-07-25 09:00:00,301.2425803491625,299.93290835058747
2001-07-25 17:00:00,298.06976678081213,298.7303193361256
2001-07-25 18:00:00,297.8784192853789,298.4566914891977
2001-07-25 20:00:00,297.5838806669591,297.8414096450218
2001-07-25 21:00:00,297.3746395963366,297.566383161971
2001-07-26 05:00:00,301.4169263795638,299.839955193236
2001-07-26 06:00:00,303.42197238351974,300.87781671603403
2001-07-26 08:00:00,306.95426146238356,302.6840203612905
2001-07-26 09:00:00,307.20794849366365,303.1017851983821
2001-07-26 17:00:00,298.0513364677253,298.8178032873592
2001-07-26 18:00:00,297.8304002053565,298.5379566492395
2001-07-26 20:00:00,297.6577467955132,298.20821668627815
2001-07-26 21:00:00,297.4633579107205,297.8781517981013
2001-07-27 05:00:00,301.4802202833085,299.84186138981846
2001-07-27 06:00:00,302.70530606638675,300.5381280226039
2001-07-27 08:00:00,303.90657076372753,301.9121251745474
2001-07-27 09:00:00,305.125042813952,302.51096157079854
2001-07-27 17:00:00,298.9362043430699,299.50637622239594
2001-07-27 18:00:00,298.63552315686997,299.1597087607362
2001-07-27 20:00:00,298.3892592090671,298.85659916999714
2001-07-27 21:00:00,298.10273176055114,298.47528203132526
2001-07-28 05:00:00,301.1827424083175,300.5922470445442
2001-07-28 06:00:00,304.1714268053993,301.79911747772263
2001-07-28 08:00:00,306.17806828150583,303.08120024553244
2001-07-28 09:00:00,305.8493367387628,302.3187077174018
2001-07-28 17:00:00,298.34339827198096,299.0666652262119
2001-07-28 18:00:00,298.09901052042954,298.7471735032938
2001-07-28 20:00:00,297.8846918467564,298.26920310374584
2001-07-28 21:00:00,297.74154726566263,298.0708941443492
2001-07-29 05:00:00,301.85738169430584,300.0951676802202
2001-07-29 06:00:00,302.7099935710889,301.065024071739
2001-07-29 08:00:00,304.56169840808275,302.4186948473538
2001-07-29 09:00:00,304.97257135094407,302.77310878947634
2001-07-29 17:00:00,298.45687196140847,299.22190113978684
2001-07-29 18:00:00,298.1153422915513,298.89468412002543
2001-07-29 20:00:00,297.85228878544365,298.5663739220571
2001-07-29 21:00:00,297.71481948640934,298.32409519848
2001-07-30 05:00:00,301.4042368743379,299.85414123535156
2001-07-30 06:00:00,302.9675534429095,301.00708162986626
2001-07-30 08:00:00,304.2475581705479,302.1223077524241
2001-07-30 09:00:00,304.5390921711739,302.4481152033402
2001-07-30 17:00:00,298.0405616936588,298.7021342602276
2001-07-30 18:00:00,297.5281193620068,298.2287941860675
2001-07-30 20:00:00,297.10975891489466,297.775823490278
2001-07-30 21:00:00,296.67033017104137,297.3447997059404
2001-07-31 05:00:00,301.06739858853615,299.54712363127015
2001-07-31 06:00:00,301.89259547628865,300.049850746002
2001-07-31 08:00:00,303.16110300025883,300.89351307262075
2001-07-31 09:00:00,305.0754633405359,302.17018574154804
2001-07-31 17:00:00,298.27891973134,299.23057774806796
2001-07-31 18:00:00,297.97590543162113,298.9229831548612
2001-07-31 20:00:00,297.3890085088086,298.2364283533787
2001-07-31 21:00:00,297.18942627517396,297.9396790914433
2001-08-01 05:00:00,303.79065101282623,301.60665460948036
2001-08-01 06:00:00,305.318272124821,302.5332386739816
2001-08-01 08:00:00,306.99532871804735,303.34593031402727
2001-08-01 09:00:00,306.87443330879387,303.4422427090732
2001-08-01 17:00:00,298.5594422703348,299.57068077992585
2001-08-01 18:00:00,298.06931209711155,298.9638608629788
2001-08-01 20:00:00,297.2139416240581,297.97917890034404
2001-08-01 21:00:00,296.8934233302512,297.60848009200606
2001-08-02 05:00:00,303.6063122624425,301.1711188317815
2001-08-02 06:00:00,305.43859014525805,302.2992425104503
2001-08-02 08:00:00,307.09906443168273,303.74797004029637
2001-08-02 09:00:00,307.3990780399834,304.1793883901164
2001-08-02 17:00:00,297.3333969703992,298.33321283043625
2001-08-02 18:00:00,296.78187121375134,297.7519662912895
2001-08-02 20:00:00,295.9512755830409,296.91486987568015
2001-08-02 21:00:00,295.544185385682,296.4479098327355
2001-08-03 05:00:00,304.4585641117419,301.17041248386187
2001-08-03 06:00:00,306.3580495308287,302.1488306783197
2001-08-03 08:00:00,308.4802604169801,303.6572740081646
2001-08-03 09:00:00,308.18331015752904,303.84193683735947
2001-08-03 17:00:00,298.374869536178,299.1847654557191
2001-08-03 18:00:00,297.8047599145922,298.6727805350705
2001-08-03 20:00:00,297.5106901101229,298.22111861547813
2001-08-03 21:00:00,296.9177778388025,298.3343143081077
2001-08-04 05:00:00,306.020690635834,302.75055023334426
2001-08-04 06:00:00,307.7537402842188,303.85253142134985
2001-08-04 08:00:00,308.5723585884083,305.2651710216364
2001-08-04 09:00:00,308.23663816760615,305.42475670107706
2001-08-04 17:00:00,298.84593511031846,299.38772359651114
2001-08-04 18:00:00,298.555933618766,299.1219233908161
2001-08-04 20:00:00,297.911501915319,298.2228167141531
2001-08-04 21:00:00,297.71150010025195,297.9673622025547
2001-08-05 05:00:00,301.8559827055145,300.170193876434
2001-08-05 06:00:00,304.461917824297,301.3572944206156
2001-08-05 08:00:00,307.80255547804165,303.70145685463365
2001-08-05 09:00:00,308.27448125759884,304.0759548898471
2001-08-05 17:00:00,299.107116417084,299.78320206699465
2001-08-05 18:00:00,299.0423567996738,299.656358292731
2001-08-05 20:00:00,297.7635149140204,297.98612529360827
2001-08-05 21:00:00,297.5292254243683,297.7668634776158
2001-08-06 05:00:00,304.3722628459725,301.2835930822811
2001-08-06 06:00:00,307.71498700393187,302.8904564714946
2001-08-06 08:00:00,309.7448720829146,304.1690629156786
2001-08-06 09:00:00,309.7267642263639,304.840268786038
2001-08-06 17:00:00,298.6777199155928,298.9027973286727
2001-08-06 18:00:00,298.5161398724525,298.43961883215763
2001-08-06 20:00:00,297.8917315796087,297.75312304386557
2001-08-06 21:00:00,297.83333555906324,297.67161708179356
2001-08-07 05:00:00,304.4238659075486,301.43879382305414
2001-08-07 06:00:00,304.3928441780925,301.87203845478166
2001-08-07 08:00:00,304.5004586806099,301.9900244902389
2001-08-07 09:00:00,304.7185037433642,301.74006283705705
2001-08-07 17:00:00,298.46666953817174,298.190134903683
2001-08-07 18:00:00,298.0469220224624,297.97245642804586
2001-08-07 20:00:00,297.2206176616745,297.05749953729895
2001-08-07 21:00:00,297.0983159046144,296.9765192158233
2001-08-08 05:00:00,303.3050885075597,300.3134944075245
2001-08-08 06:00:00,306.2347789464636,301.6205269412377
2001-08-08 08:00:00,308.0251970805446,302.97951894328116
2001-08-08 09:00:00,308.7168257703032,303.51890780268167
2001-08-08 17:00:00,298.1410213053135,298.27865649959523
2001-08-08 18:00:00,297.88707901259596,297.9730159483264
2001-08-08 20:00:00,297.26384722176243,297.7481297050676
2001-08-08 21:00:00,297.182937081312,297.59775363351974
2001-08-09 05:00:00,302.9135611935279,301.0497631666657
2001-08-09 06:00:00,305.4210442306448,302.24180081078015
2001-08-09 08:00:00,307.99774285126904,303.10516430306694
2001-08-09 09:00:00,308.18994930602366,303.3979256840076
2001-08-09 17:00:00,297.81982071557655,297.8596111703176
2001-08-09 18:00:00,297.4909665617627,297.5512270934776
2001-08-09 20:00:00,297.1909857281184,297.26504048728066
2001-08-09 21:00:00,296.99325469829637,296.9676591258938
2001-08-10 05:00:00,301.18707503449565,299.55474362130894
2001-08-10 06:00:00,302.9690161941599,300.76378794994855
2001-08-10 08:00:00,304.37862623123624,301.0850230306617
2001-08-10 09:00:00,305.44984972091225,301.96862919929396
2001-08-10 17:00:00,298.2692689587045,298.39612547605543
2001-08-10 18:00:00,298.3326082156142,298.143520831327
2001-08-10 20:00:00,297.65729808366535,297.6733933553123
2001-08-10 21:00:00,297.45989905593945,297.43088586745534
2001-08-11 05:00:00,304.34611280820405,301.9353240590617
2001-08-11 06:00:00,305.0965877115635,302.78171653336113
2001-08-11 08:00:00,306.68134950893506,303.965512926663
2001-08-11 09:00:00,307.21821382637194,304.6107599525863
2001-08-11 17:00:00,299.1902452654023,299.9664577019784
2001-08-11 18:00:00,298.9213629253841,299.6081396258667
2001-08-11 20:00:00,298.0056786911881,298.2893014681541
2001-08-11 21:00:00,297.6061706307857,297.73320371748304
2001-08-12 05:00:00,305.54473338545927,302.0811487089137
2001-08-12 06:00:00,307.3776040569476,303.18945397140436
2001-08-12 08:00:00,309.2847584399678,304.9942623896665
2001-08-12 09:00:00,309.50027489331546,304.81327862144434
2001-08-12 17:00:00,298.60944454622194,299.00363547115006
2001-08-12 18:00:00,298.1413398824965,298.34241674861113
2001-08-12 20:00:00,297.2807569929925,297.1062269401844
2001-08-12 21:00:00,296.8779672819587,296.8070995877447
2001-08-13 05:00:00,300.9189758771006,300.14680939426046
2001-08-13 06:00:00,302.4786685420479,301.43191384901803
2001-08-13 08:00:00,304.7612519815266,302.5030356761303
2001-08-13 09:00:00,304.2827087543411,302.60363936460993
2001-08-13 17:00:00,297.90090126543095,298.19761754110897
2001-08-13 18:00:00,297.6849851211524,298.0116915239943
2001-08-13 20:00:00,297.53179750604147,298.1060259896912
2001-08-13 21:00:00,297.34303554070567,297.9454771021298
2001-08-14 05:00:00,301.2640807353109,300.4553720624127
2001-08-14 06:00:00,302.84586269572634,301.34994269372504
2001-08-14 08:00:00,307.9992285024587,303.48870050227515
2001-08-14 09:00:00,308.5615326303914,304.1626105404047
2001-08-14 17:00:00,298.97076352535305,299.2117108549286
2001-08-14 18:00:00,298.66024281835337,298.9502959405696
2001-08-14 20:00:00,298.3454924878795,298.6138998069822
2001-08-14 21:00:00,297.9972408629713,298.396277852345
2001-08-15 05:00:00,302.6994051235299,300.41165857065255
2001-08-15 06:00:00,305.77314589019915,301.8355327306433
2001-08-15 08:00:00,306.6318346678935,303.41523524021335
2001-08-15 09:00:00,306.5011520268186,303.2264389719912
2001-08-15 17:00:00,298.31409685931334,298.5746049689953
2001-08-15 18:00:00,297.99650406800725,298.2362011173289
2001-08-15 20:00:00,297.10994150311626,297.3353892415992
2001-08-15 21:00:00,296.8074049281046,297.04680242082924
2001-08-16 05:00:00,299.9055745458383,299.1921991427617
2001-08-16 06:00:00,301.0724180012895,299.96137273991235
2001-08-16 08:00:00,300.2104336308037,298.44117753274264
2001-08-16 09:00:00,300.4486336730111,298.5315544704443
2001-08-16 17:00:00,296.8317782221296,296.8659889209436
2001-08-16 18:00:00,296.54597529571487,296.6768520220035
2001-08-16 20:00:00,296.16683988174424,296.3475830830484
2001-08-16 21:00:00,295.8809187408589,296.2416411224977
2001-08-17 05:00:00,297.28305700269794,297.49861304895904
2001-08-17 06:00:00,298.65738255951914,298.41719255021246
2001-08-17 08:00:00,303.6273789604199,301.5469815058774
2001-08-17 09:00:00,303.5091544035219,301.1228777116914
2001-08-17 17:00:00,297.41115766387145,298.3671244193667
2001-08-17 18:00:00,297.21742314366605,298.1073458867007
2001-08-17 20:00:00,296.97919531118345,297.8526091965028
2001-08-17 21:00:00,296.83638362561237,297.70798926213854
2001-08-18 05:00:00,300.97931914483826,298.8475539056105
2001-08-18 06:00:00,302.73507356570207,300.0590592253557
2001-08-18 08:00:00,304.79187296204645,301.98651308785605
2001-08-18 09:00:00,304.10358272605396,302.14984972561456
2001-08-18 17:00:00,296.9811056222314,297.89528779439826
2001-08-18 18:00:00,296.58341709601314,297.4855673015577
2001-08-18 20:00:00,296.55320756203963,297.5050166384282
2001-08-18 21:00:00,296.4353455013046,297.30308231771085
2001-08-19 05:00:00,301.5587461262895,299.7463539017735
2001-08-19 06:00:00,303.30248910583595,300.78594049062866
2001-08-19 08:00:00,303.3218617020476,301.33672101178047
2001-08-19 09:00:00,303.8160306580813,301.89253944902464
2001-08-19 17:00:00,297.1658316261045,297.87954810661233
2001-08-19 18:00:00,296.702071767375,297.4149997752327
2001-08-19 20:00:00,296.3473459722816,297.1490367777726
2001-08-19 21:00:00,296.1745112203119,296.9536656407619
2001-08-20 05:00:00,302.68886071250694,300.62766760780556
2001-08-20 06:00:00,303.6326328506823,301.4113541472307
2001-08-20 08:00:00,304.98680679015644,302.1758314699899
2001-08-20 09:00:00,305.1806066715846,302.5117783744824
2001-08-20 17:00:00,297.8258944424716,298.5754777999431
2001-08-20 18:00:00,297.45391283784704,298.2008610330121
2001-08-20 20:00:00,296.86438714778296,297.5714743074908
2001-08-20 21:00:00,296.49311758079585,297.15858316054147
2001-08-21 05:00:00,302.54770779132105,300.4282657053144
2001-08-21 06:00:00,304.2372607685201,301.5691947525565
2001-08-21 08:00:00,305.7058946465491,302.7965381310791
2001-08-21 09:00:00,305.0966870465154,302.7329347019754
2001-08-21 17:00:00,298.2920314982786,299.00597810671763
2001-08-21 18:00:00,297.93351729147605,298.6200150782228
2001-08-21 20:00:00,297.36665497061284,298.08436015500865
2001-08-21 21:00:00,297.0405732141621,297.7322225467817
2001-08-22 05:00:00,303.53860095101993,301.231850316969
2001-08-22 06:00:00,304.94396925633794,302.2057160317255
2001-08-22 08:00:00,307.05184052501147,303.92842163179984
2001-08-22 09:00:00,306.15178944921274,303.61670194605284
2001-08-22 17:00:00,298.42968434949506,299.1908399114624
2001-08-22 18:00:00,298.0068729441779,298.78511440000847
2001-08-22 20:00:00,297.08146133775523,297.83124251872624
2001-08-22 21:00:00,296.6281607793917,297.3449508361346
2001-08-23 05:00:00,303.382810360478,301.11511329215926
2001-08-23 06:00:00,304.13539003627875,301.6973290347906
2001-08-23 08:00:00,306.51902604066356,303.2811790195929
2001-08-23 09:00:00,306.61908537360665,303.65499398300574
2001-08-23 17:00:00,298.23517633329374,298.96752924985253
2001-08-23 18:00:00,297.93359596005575,298.67278549594033
2001-08-23 20:00:00,297.24059703574164,297.8968358443955
2001-08-23 21:00:00,296.97329577900047,297.6375799428884
2001-08-24 05:00:00,303.7166983394299,301.36686619551415
2001-08-24 06:00:00,305.1811308309734,302.07210737090264
2001-08-24 08:00:00,306.0264519454886,302.4128006287092
2001-08-24 09:00:00,307.12559638589124,303.08593571314645
2001-08-24 17:00:00,298.3812825301396,299.0346145747439
2001-08-24 18:00:00,297.82478499449275,298.45688185963684
2001-08-24 20:00:00,297.20793377563285,297.79359318479004
2001-08-24 21:00:00,297.05437962042714,297.5881733475554
2001-08-25 05:00:00,303.8555424812211,301.2417149242524
2001-08-25 06:00:00,305.7655702188313,302.3779039662131
2001-08-25 08:00:00,307.1435690528623,303.3711235152187
2001-08-25 09:00:00,307.8131549758794,304.0211335874302
2001-08-25 17:00:00,298.1177111186306,298.84782336783155
2001-08-25 18:00:00,297.56092613467086,298.3135806467206
2001-08-25 20:00:00,296.4283089189574,297.21196395333266
2001-08-25 21:00:00,296.03664455795877,296.82869117395904
2001-08-26 05:00:00,303.4179103951241,300.9533484272303
2001-08-26 06:00:00,305.103434887432,301.94900167080215
2001-08-26 08:00:00,307.19764474360346,303.6777959274033
2001-08-26 09:00:00,306.89156815304045,303.83601849619157
2001-08-26 17:00:00,296.72171573021745,297.7691578916482
2001-08-26 18:00:00,296.2646654361202,297.28404304022416
2001-08-26 20:00:00,295.5745815753202,296.6996528143508
2001-08-26 21:00:00,295.40582564578773,296.62471266924325
2001-08-27 05:00:00,302.3348266413473,299.63991754705256
2001-08-27 06:00:00,304.3072339544311,300.8682850983183
2001-08-27 08:00:00,307.1049385012023,302.88812378117774
2001-08-27 09:00:00,307.2917904141137,303.33746424882185
2001-08-27 17:00:00,297.1345962736015,298.1698993512405
2001-08-27 18:00:00,296.7119143211236,297.8323305949959
2001-08-27 20:00:00,296.4285143600958,297.7722352531915
2001-08-27 21:00:00,296.3359397570782,297.5521341097557
2001-08-28 05:00:00,301.62667456393245,299.655363015291
2001-08-28 06:00:00,303.7577522407144,300.9238943326271
2001-08-28 08:00:00,306.0495247392698,302.35087707707623
2001-08-28 09:00:00,306.51654414807336,302.8790450132867
2001-08-28 17:00:00,296.9142537168436,298.02781134136654
2001-08-28 18:00:00,296.6335216927786,297.9103275998532
2001-08-28 20:00:00,296.7266808320268,298.14678752881537
2001-08-28 21:00:00,296.59050201745174,297.76445451686493
2001-08-29 05:00:00,301.27336696630636,299.0547080958386
2001-08-29 06:00:00,302.7393504937735,299.93036887899206
2001-08-29 08:00:00,305.97636129088323,301.93544196788633
2001-08-29 09:00:00,306.47263720590274,302.3887358960826
2001-08-29 17:00:00,296.78186265566313,297.7423722042325
2001-08-29 18:00:00,296.2524414767837,297.3647646441115
2001-08-29 20:00:00,296.26345275032503,297.6235177109165
2001-08-29 21:00:00,296.15855243136224,297.3194810253079
2001-08-30 05:00:00,301.7292529842336,298.90689580649916
2001-08-30 06:00:00,303.45134240196006,299.8161188722208
2001-08-30 08:00:00,304.41370722178505,300.81047114532424
2001-08-30 09:00:00,304.9771993016977,301.362906645553
2001-08-30 17:00:00,297.6156260250897,298.12314169579554
2001-08-30 18:00:00,296.5770262496314,297.3037700447353
2001-08-30 20:00:00,295.5447338086615,296.7757579644766
2001-08-30 21:00:00,295.53469867441794,296.73019846488586
2001-08-31 05:00:00,302.9540881846094,300.23319903874807
2001-08-31 06:00:00,303.56584600087126,300.8177974330626
2001-08-31 08:00:00,306.55442779494,302.7292088771638
2001-08-31 09:00:00,305.8781990556761,302.76116578935296
2001-08-31 17:00:00,296.98856564185286,297.587944418697
2001-08-31 18:00:00,296.372501038256,297.1196949257873
2001-08-31 20:00:00,295.7764662638284,296.730405105097
2001-08-31 21:00:00,295.3625264689441,296.34422523251664
2001-09-01 05:00:00,304.9767148762896,301.4797926845463
2001-09-01 06:00:00,307.2390174101608,302.7494276660984
2001-09-01 08:00:00,310.141105052319,304.82879967829115
2001-09-01 09:00:00,310.19478509606125,305.21460910791245
2001-09-01 17:00:00,298.8923983346149,299.50012199977886
2001-09-01 18:00:00,298.36686332714396,299.03378211258007
2001-09-01 20:00:00,297.55426608469156,298.14057393360576
2001-09-01 21:00:00,297.26278439655505,297.76581866201155
2001-09-02 05:00:00,305.5895188482957,302.433412548941
2001-09-02 06:00:00,307.5924772665203,303.5628072682808
2001-09-02 08:00:00,310.63175301338754,305.27319378257715
2001-09-02 09:00:00,310.94789116481786,305.77071428813264
2001-09-02 17:00:00,298.99045667369126,299.497562355547
2001-09-02 18:00:00,298.4650786977336,299.0023279410481
2001-09-02 20:00:00,297.71650660533936,298.2843386234231
2001-09-02 21:00:00,297.1960830806033,297.7551703313466
2001-09-03 05:00:00,305.024515748575,301.8544738957621
2001-09-03 06:00:00,307.6219174424746,303.24086515782244
2001-09-03 08:00:00,310.43726429990704,304.645046169475
2001-09-03 09:00:00,310.7307887143457,305.14400165951673
2001-09-03 17:00:00,298.2217821729569,298.777777837862
2001-09-03 18:00:00,297.46785165936626,298.0100010429582
2001-09-03 20:00:00,296.2339807871861,296.957570574133
2001-09-03 21:00:00,295.87981227880636,296.728384455841
2001-09-04 05:00:00,304.61502834608086,301.30067810622864
2001-09-04 06:00:00,306.85063930799487,302.59690426678065
2001-09-04 08:00:00,306.78562673324797,303.0164781755586
2001-09-04 09:00:00,307.3190804644616,303.45243621497013
2001-09-04 17:00:00,298.1200636054041,298.68337300305006
2001-09-04 18:00:00,297.47402006598946,298.01534279469166
2001-09-04 20:00:00,296.39813213612894,297.0992948887712
2001-09-04 21:00:00,295.91541639424986,296.67849950099765
2001-09-05 05:00:00,304.2336251563027,301.4103860017515
2001-09-05 06:00:00,306.23265237911085,302.39166252712255
2001-09-05 08:00:00,308.96324583268125,303.9140812384513
2001-09-05 09:00:00,309.072684054382,304.27596570971565
2001-09-05 17:00:00,297.85095322995414,298.4031495034052
2001-09-05 18:00:00,297.19798556241125,297.7698544353844
2001-09-05 20:00:00,296.05198356734223,296.62749385980686
2001-09-05 21:00:00,295.4896153007707,296.11496209143127
2001-09-06 05:00:00,303.5658990892314,300.5455882068041
2001-09-06 06:00:00,305.77934624858557,301.7557981752652
2001-09-06 08:00:00,309.6618638472124,303.75961710455243
2001-09-06 09:00:00,309.9670543464931,304.35719673144985
2001-09-06 17:00:00,297.69937895552954,298.54574105331824
2001-09-06 18:00:00,297.10781879160544,297.956777751905
2001-09-06 20:00:00,296.4414192517109,297.4217833767319
2001-09-06 21:00:00,296.2033724557086,297.1465835453733
2001-09-07 05:00:00,306.79952321103985,302.4280444411174
2001-09-07 06:00:00,309.480512880581,303.66858537906126
2001-09-07 08:00:00,312.6296536250181,305.67315295297306
2001-09-07 09:00:00,312.26017838817535,305.9542296516877
2001-09-07 17:00:00,299.1719918978417,299.9462213736653
2001-09-07 18:00:00,298.46989142325333,299.2201316845252
2001-09-07 20:00:00,297.89442180521866,298.6121481027001
2001-09-07 21:00:00,297.695452415337,298.32080332046297
2001-09-08 05:00:00,305.3726364394366,302.41508937653487
2001-09-08 06:00:00,308.30703867014455,303.76328977047024
2001-09-08 08:00:00,311.0486265161923,304.97146542964987
2001-09-08 09:00:00,310.6083884217155,305.09895054327876
2001-09-08 17:00:00,299.4877976004626,300.2916854129551
2001-09-08 18:00:00,298.99399020014266,299.82208745688985
2001-09-08 20:00:00,298.1501292271313,298.927529686221
2001-09-08 21:00:00,297.7945754134968,298.5438372078588
2001-09-09 05:00:00,306.5458430920617,303.2120400121657
2001-09-09 06:00:00,308.3348260300553,304.2828043980297
2001-09-09 08:00:00,312.04325735036326,306.199325208855
2001-09-09 09:00:00,311.3232509807005,306.19844739352607
2001-09-09 17:00:00,299.05833336311423,299.9527608815621
2001-09-09 18:00:00,298.56741605738097,299.4053537753771
2001-09-09 20:00:00,297.7375040392295,298.4596430656539
2001-09-09 21:00:00,297.3506706719773,298.063933832436
2001-09-10 05:00:00,306.1226907503807,302.5986970451837
2001-09-10 06:00:00,308.70409385081615,303.97184252628745
2001-09-10 08:00:00,311.8856668104927,305.9172530681217
2001-09-10 09:00:00,312.07209594444424,306.29292407866063
2001-09-10 17:00:00,298.51542943357873,299.3884561829648
2001-09-10 18:00:00,297.80881064110804,298.73753352231347
2001-09-10 20:00:00,296.7945134849137,297.741188460763
2001-09-10 21:00:00,296.29278352852043,297.2518829204636
2001-09-11 05:00:00,306.22728208474274,302.1163415423895
2001-09-11 06:00:00,308.9977159544206,303.4942691138786
2001-09-11 08:00:00,311.9898064000581,305.41378699539257
2001-09-11 09:00:00,312.18828574534746,305.8995625594364
2001-09-11 17:00:00,298.96047740871626,299.71572995883844
2001-09-11 18:00:00,298.28328750680885,299.08261428151184
2001-09-11 20:00:00,297.2958186638924,298.1128806656425
2001-09-11 21:00:00,296.85590996176506,297.6292415201572
2001-09-12 05:00:00,306.8667513666609,302.4712150585486
2001-09-12 06:00:00,309.8007591494427,303.8022948795548
2001-09-12 08:00:00,313.5477698844828,305.7226326917463
2001-09-12 09:00:00,313.6976967504469,306.24414417519597
2001-09-12 17:00:00,299.20622979915015,299.9944856052957
2001-09-12 18:00:00,298.5652710807342,299.4407787822612
2001-09-12 20:00:00,297.69434207393135,298.62000891828023
2001-09-12 21:00:00,297.2034174091827,298.0951530092119
2001-09-13 05:00:00,307.8637539903262,303.23487670616305
2001-09-13 06:00:00,309.8439776122295,304.08510515539234
2001-09-13 08:00:00,313.4259731016468,305.9014574471167
2001-09-13 09:00:00,314.05126144338647,306.44697213430067
2001-09-13 17:00:00,299.26130713887505,300.00770949729605
2001-09-13 18:00:00,298.6380482160806,299.4045850991836
2001-09-13 20:00:00,297.3263184675267,298.0858482983887
2001-09-13 21:00:00,296.90823897962764,297.70481952496783
2001-09-14 05:00:00,308.1495042045605,303.421422103153
2001-09-14 06:00:00,310.7086221374606,304.49488776490574
2001-09-14 08:00:00,314.1920533966394,306.2078482887962
2001-09-14 09:00:00,314.4486213531259,306.7272644748305
2001-09-14 17:00:00,298.25355219436904,299.12875993960813
2001-09-14 18:00:00,297.8532439997457,298.67137066057904
2001-09-14 20:00:00,296.4231770284738,297.06984025340967
2001-09-14 21:00:00,296.20683091079883,296.9729671154992
2001-09-15 05:00:00,308.18295062378115,303.80152973004596
2001-09-15 06:00:00,310.45401033892284,304.7092735161215
2001-09-15 08:00:00,313.7388910843154,305.6138575102772
2001-09-15 09:00:00,313.87459784039,306.10398227591725
2001-09-15 17:00:00,299.0584303234318,299.83524342494314
2001-09-15 18:00:00,298.4194408352093,299.3242319398007
2001-09-15 20:00:00,296.94521840805265,297.9084533080115
2001-09-15 21:00:00,296.3269890783748,297.3662001928674
2001-09-16 05:00:00,310.3173232350402,304.6002552285216
2001-09-16 06:00:00,312.99780038325184,305.6410480610946
2001-09-16 08:00:00,314.4020510116601,306.6395793850139
2001-09-16 09:00:00,312.6070429209752,306.5322113037109
2001-09-16 17:00:00,298.9070759025303,299.84401026932966
2001-09-16 18:00:00,298.2559128395398,299.1607639447934
2001-09-16 20:00:00,296.97573998308695,298.0813484838454
2001-09-16 21:00:00,296.86550052213744,297.956344486936
2001-09-17 05:00:00,309.58139197962316,305.03900454481504
2001-09-17 06:00:00,312.4621402405444,306.1686790478064
2001-09-17 08:00:00,314.747326349808,307.4033668882491
2001-09-17 09:00:00,314.54924159351225,307.6370402895982
2001-09-17 17:00:00,299.5107495465154,300.57982693100564
2001-09-17 18:00:00,298.7872463749443,299.9701668573271
2001-09-17 20:00:00,298.038362406068,299.4362626509233
2001-09-17 21:00:00,297.67873971524705,299.04178919152963
2001-09-18 05:00:00,309.1090977320502,305.50074227308085
2001-09-18 06:00:00,311.85220503843806,306.85773894746427
2001-09-18 08:00:00,313.256940162788,307.5235853386219
2001-09-18 09:00:00,312.16776582456333,307.34444950615136
2001-09-18 17:00:00,299.27579765143497,300.41699583174085
2001-09-18 18:00:00,298.5314999243879,299.7877970079795
2001-09-18 20:00:00,297.7329717321646,299.1030037854963
2001-09-18 21:00:00,297.36311906952704,298.7381266166323
2001-09-19 05:00:00,308.61820774636766,304.81757414689974
2001-09-19 06:00:00,311.4819533902067,306.2659056065446
2001-09-19 08:00:00,313.7972256935249,307.2096757932877
2001-09-19 09:00:00,313.65615477951354,307.3940133210874
2001-09-19 17:00:00,299.5491868358548,300.54331666919967
2001-09-19 18:00:00,298.99883226767895,300.0257082617338
2001-09-19 20:00:00,297.75373967292677,298.6543572283305
2001-09-19 21:00:00,297.19335189842843,298.15048307116115
2001-09-20 05:00:00,308.25384876503966,303.79875284203763
2001-09-20 06:00:00,311.0949154282204,305.1521127991757
2001-09-20 08:00:00,314.95803934106107,306.66048425518676
2001-09-20 09:00:00,314.9941084851469,307.0331561730713
2001-09-20 17:00:00,299.1119866040528,299.84664764169185
2001-09-20 18:00:00,298.3594602047019,299.1982580575811
2001-09-20 20:00:00,297.3794353232362,298.3381232921442
2001-09-20 21:00:00,296.8389504407698,297.8414370120949
2001-09-21 05:00:00,309.7387109647731,304.64342678640213
2001-09-21 06:00:00,313.13775371439834,305.6984371426293
2001-09-21 08:00:00,316.6644216105457,307.2471826961853
2001-09-21 09:00:00,316.43822351111834,307.4441857242437
2001-09-21 17:00:00,299.34968557490043,300.3709260208765
2001-09-21 18:00:00,298.4475547896328,299.6512715673226
2001-09-21 20:00:00,297.1611499756988,298.6028198806457
2001-09-21 21:00:00,296.58628445523914,298.09855698877936
2001-09-22 05:00:00,310.6893713529379,306.08978476032087
2001-09-22 06:00:00,313.87874580935824,307.49460736996224
2001-09-22 08:00:00,316.6108554552075,308.39957147019305
2001-09-22 09:00:00,316.3751351660683,308.61320855327307
2001-09-22 17:00:00,298.9480503828757,300.50338733361576
2001-09-22 18:00:00,298.0050071163795,299.5953666322588
2001-09-22 20:00:00,296.5171572034275,298.1488505453101
2001-09-22 21:00:00,295.95754311301494,297.6976522436862
2001-09-23 05:00:00,311.22541449360193,306.2139696729569
2001-09-23 06:00:00,314.60094004015343,307.821076850127
2001-09-23 08:00:00,317.83950257852376,309.04540914526706
2001-09-23 09:00:00,317.5648041241709,309.2420449043826
2001-09-23 17:00:00,298.86884798070497,300.62572471019115
2001-09-23 18:00:00,297.90780634946196,299.78116597085966
2001-09-23 20:00:00,296.327405697392,298.1347046368662
2001-09-23 21:00:00,295.5216634130258,297.26760031960225
2001-09-24 05:00:00,311.77607882224913,305.89601210489843
2001-09-24 06:00:00,315.6735840313975,307.26352097991804
2001-09-24 08:00:00,317.9561521180422,308.75959944761775
2001-09-24 09:00:00,317.33449520352076,308.8972802536881
2001-09-24 17:00:00,298.3837433331553,299.83440840005505
2001-09-24 18:00:00,297.3971590297799,298.95859505252224
2001-09-24 20:00:00,295.5529650672008,297.7190597134489
2001-09-24 21:00:00,294.7348266272406,297.17648376558884
2001-09-25 05:00:00,311.0587501231989,305.81263128671515
2001-09-25 06:00:00,314.62034976059925,307.1814696513266
2001-09-25 08:00:00,317.0401216574553,308.33473802751683
2001-09-25 09:00:00,317.51118394002344,308.68155262246154
2001-09-25 17:00:00,298.7940660661835,300.21584699774746
2001-09-25 18:00:00,297.75340948119555,299.27206108199067
2001-09-25 20:00:00,296.0639828063307,297.7705053203095
2001-09-25 21:00:00,295.6089799878042,297.3352595536478
2001-09-26 05:00:00,312.0201776677912,306.51620029631675
2001-09-26 06:00:00,315.6501493762565,307.77502135760244
2001-09-26 08:00:00,317.4825745804468,308.78358464174903
2001-09-26 09:00:00,316.22513809556773,308.84358067211275
2001-09-26 17:00:00,298.63742662614965,300.31145878161414
2001-09-26 18:00:00,297.62333140792026,299.36408493441684
2001-09-26 20:00:00,295.7032009177656,297.3199724100404
2001-09-26 21:00:00,295.08706796701955,296.7176971200435
2001-09-27 05:00:00,312.10602577809016,306.4306487801997
2001-09-27 06:00:00,315.68101969338346,307.6552784689035
2001-09-27 08:00:00,319.036093971946,309.38150548714515
2001-09-27 09:00:00,318.1060534743205,309.5098033605261
2001-09-27 17:00:00,296.92616972607345,299.52654488538553
2001-09-27 18:00:00,295.29353880331223,299.80361729226604
2001-09-27 20:00:00,293.2995893011108,298.5518688090226
2001-09-27 21:00:00,292.67646674345747,296.6542445389993
2001-09-28 05:00:00,311.9555986871705,306.8115514393764
2001-09-28 06:00:00,315.1935484288103,307.9968720422872
2001-09-28 08:00:00,319.0706955684903,309.2602851996988
2001-09-28 09:00:00,318.8056143832684,309.53799008221034
2001-09-28 17:00:00,297.7966557342576,299.3618513909621
2001-09-28 18:00:00,296.4512255041185,297.98586982056986
2001-09-28 20:00:00,294.0311550146259,298.838471940192
2001-09-28 21:00:00,293.2370244806463,298.6638019250244
2001-09-29 05:00:00,312.99231584781126,307.0932622595083
2001-09-29 06:00:00,316.73120519229553,308.35189250364147
2001-09-29 08:00:00,319.7258246470306,309.7860892696998
2001-09-29 09:00:00,319.0604548990634,310.0612413027254
2001-09-29 17:00:00,296.43662460632794,299.35896425879054
2001-09-29 18:00:00,295.4572482586642,298.03762918481107
2001-09-29 20:00:00,295.4021100483617,297.80184863638624
2001-09-29 21:00:00,295.4621700292743,297.65147559778717
2001-09-30 05:00:00,309.9519804262417,305.0888263484914
2001-09-30 06:00:00,313.0599247913331,306.5574219972584
2001-09-30 08:00:00,314.90220846637555,307.96686150737463
2001-09-30 09:00:00,314.80317737361867,308.1753317622815
2001-09-30 17:00:00,299.06958162986626,299.78568414767466
2001-09-30 18:00:00,298.68047524380205,299.3197154557944
2001-09-30 20:00:00,297.445618357607,297.988295685896
2001-09-30 21:00:00,296.9720645428439,297.5456463735901
2001-10-01 05:00:00,306.46825741619466,301.92726899368927
2001-10-01 06:00:00,310.3949735903042,303.5490909100314
2001-10-01 08:00:00,315.68892762547097,306.8031013147857
2001-10-01 09:00:00,316.0161023955499,307.06940064040833
2001-10-01 17:00:00,296.7449776483427,297.4601213781419
2001-10-01 18:00:00,296.17118071334204,297.22165006334865
2001-10-01 20:00:00,296.1891235210495,297.3936065297649
2001-10-01 21:00:00,296.3228934454073,297.4979239582832
2001-10-02 05:00:00,306.51578346569846,301.8891888164409
2001-10-02 06:00:00,309.279240236444,303.2076405905796
2001-10-02 08:00:00,311.4350675280179,304.44157978639765
2001-10-02 09:00:00,312.23597698476175,305.01651226684385
2001-10-02 17:00:00,299.0368531025797,299.07031341693806
2001-10-02 18:00:00,298.44031434139964,298.4404745234179
2001-10-02 20:00:00,297.73145916061526,297.71223807077746
2001-10-02 21:00:00,297.22079223256634,297.2457667557962
2001-10-03 05:00:00,304.93959548550504,300.84241956995885
2001-10-03 06:00:00,306.7623098223529,301.99640621426295
2001-10-03 08:00:00,312.00487347854124,304.05682800951286
2001-10-03 09:00:00,312.48999472502015,304.58105252446666
2001-10-03 17:00:00,297.9050405117323,298.2439188670671
2001-10-03 18:00:00,297.38093975989955,297.6706050173344
2001-10-03 20:00:00,296.91579584201054,297.3770624052027
2001-10-03 21:00:00,296.5708335088839,296.99106321643427
2001-10-04 05:00:00,308.4609746477454,302.05239167529373
2001-10-04 06:00:00,309.5862357164568,302.94676210847217
2001-10-04 08:00:00,313.4836989815687,304.97487070233507
2001-10-04 09:00:00,313.447284645586,305.3641750294549
2001-10-04 17:00:00,298.69247735116073,299.6881965437361
2001-10-04 18:00:00,298.1612481350892,299.06640175935485
2001-10-04 20:00:00,297.05191077657037,297.9992629229012
2001-10-04 21:00:00,296.5639943738564,297.5026332343855
2001-10-05 05:00:00,311.4355489674995,303.904320456765
2001-10-05 06:00:00,314.192624202311,305.4694849140655
2001-10-05 08:00:00,316.14505096576613,307.53546060288824
2001-10-05 09:00:00,315.51589744814737,307.9142868206571
2001-10-05 17:00:00,298.09766986300286,299.5719928712066
2001-10-05 18:00:00,297.43026883870317,298.8350591909353
2001-10-05 20:00:00,296.6545302709923,298.0587935954654
2001-10-05 21:00:00,296.57769765986137,297.84779802272425
2001-10-06 05:00:00,309.5426135893412,304.3413723326978
2001-10-06 06:00:00,312.61963715869217,305.7139699080692
2001-10-06 08:00:00,315.48030546449917,307.0778406316584
2001-10-06 09:00:00,313.3905175066509,306.8165844181102
2001-10-06 17:00:00,298.6114386042755,299.70124885077104
2001-10-06 18:00:00,297.90928400683293,299.0699081773567
2001-10-06 20:00:00,296.6853518963595,298.2957526443552
2001-10-06 21:00:00,296.38173982358677,297.991869228463
2001-10-07 05:00:00,309.70020340036353,304.4032566675971
2001-10-07 06:00:00,312.7285053741032,305.6023666546415
2001-10-07 08:00:00,315.63582494703394,307.0664754435535
2001-10-07 09:00:00,315.85487904129855,307.4679279533116
2001-10-07 17:00:00,299.03374832694084,300.234168688946
2001-10-07 18:00:00,298.3269175336982,299.63651643585536
2001-10-07 20:00:00,296.85643919957994,298.06668459946644
2001-10-07 21:00:00,296.0983887659199,297.5027425616107
2001-10-08 05:00:00,310.0006611828444,304.9593501392241
2001-10-08 06:00:00,313.33841868725324,306.2077272294667
2001-10-08 08:00:00,317.23416156504305,307.66567544099547
2001-10-08 09:00:00,317.11023379474284,307.96579428556703
2001-10-08 17:00:00,298.46467898329166,299.7152266774229
2001-10-08 18:00:00,297.73697757574,299.1330628711013
2001-10-08 20:00:00,296.53012108472166,297.91147012813434
2001-10-08 21:00:00,295.5557855450317,297.3103067547956
2001-10-09 05:00:00,311.3930740238889,305.4628077008874
2001-10-09 06:00:00,314.9629589956604,306.77519971380246
2001-10-09 08:00:00,318.46948340934676,308.6239815639972
2001-10-09 09:00:00,317.852397924579,308.9042830268848
2001-10-09 17:00:00,296.6257038557291,299.1895260098168
2001-10-09 18:00:00,295.2564280646608,297.77384612519865
2001-10-09 20:00:00,293.4755973404471,296.0746865999901
2001-10-09 21:00:00,293.1285330092044,295.85379519705043
2001-10-10 05:00:00,311.1863042422913,305.960383434325
2001-10-10 06:00:00,315.07121824667155,307.4113795393605
2001-10-10 08:00:00,318.1679424644435,309.06115172493435
2001-10-10 09:00:00,317.15554522733294,309.1375698800814
2001-10-10 17:00:00,299.4223939634068,300.9667094602423
2001-10-10 18:00:00,298.6721728637884,300.25649429579914
2001-10-10 20:00:00,297.66858142917437,299.0644344335712
2001-10-10 21:00:00,297.2199507420897,298.5496914338992
2001-10-11 05:00:00,308.7850675891471,303.91720179012634
2001-10-11 06:00:00,312.40337427077566,305.62637474871195
2001-10-11 08:00:00,314.6705587707425,306.66619127740853
2001-10-11 09:00:00,314.07061802844976,306.7254390863498
2001-10-11 17:00:00,296.6041271521241,297.57014712199964
2001-10-11 18:00:00,296.9395909478374,297.3954806570279
2001-10-11 20:00:00,296.2592496004972,296.85297489019314
2001-10-11 21:00:00,296.02078914789274,296.8089050622126
2001-10-12 05:00:00,305.59598377856713,301.4128348375506
2001-10-12 06:00:00,306.6097800514915,302.8992875485648
2001-10-12 08:00:00,308.53034143198073,302.5198913950399
2001-10-12 09:00:00,309.5436346115794,302.81806268677326
2001-10-12 17:00:00,297.14006263486044,297.8662557499067
2001-10-12 18:00:00,296.614262185589,297.25039748087505
2001-10-12 20:00:00,295.8919370207471,296.2977321019342
2001-10-12 21:00:00,295.50041328042244,295.88331846169586
2001-10-13 05:00:00,307.7146922201148,302.1018153632918
2001-10-13 06:00:00,310.8649247791073,303.63946676621634
2001-10-13 08:00:00,314.31059883482106,305.2012381296496
2001-10-13 09:00:00,312.9211196076521,305.0704690847999
2001-10-13 17:00:00,296.50869200813753,297.88156033884763
2001-10-13 18:00:00,295.7892507074059,297.258819674123
2001-10-13 20:00:00,294.9419664521063,296.1176729599023
2001-10-13 21:00:00,294.61387582552635,295.72217521020923
2001-10-14 05:00:00,308.5701697868265,303.6346025746115
2001-10-14 06:00:00,311.2584173734456,304.8397996664415
2001-10-14 08:00:00,313.1582815114449,305.91529897916115
2001-10-14 09:00:00,312.57503976219425,305.99555468449057
2001-10-14 17:00:00,293.7965032874344,295.90838780572125
2001-10-14 18:00:00,292.48601112306943,294.71688473647106
2001-10-14 20:00:00,290.2625049185496,292.89535071045293
2001-10-14 21:00:00,289.52152429707064,292.5767537544615
2001-10-15 05:00:00,308.6676054544552,304.02451849938916
2001-10-15 06:00:00,312.31597895688384,305.05224515330076
2001-10-15 08:00:00,314.89025077173267,306.17734860271815
2001-10-15 09:00:00,314.1005420655426,306.299237902249
2001-10-15 17:00:00,293.1488615015439,295.4172350350073
2001-10-15 18:00:00,292.28092782559855,295.58261331755136
2001-10-15 20:00:00,291.5014742717537,295.23367255494486
2001-10-15 21:00:00,290.8244090499055,295.27719485337275
2001-10-16 05:00:00,309.6908496216008,303.65548659032225
2001-10-16 06:00:00,312.5222328080235,305.0920182097307
2001-10-16 08:00:00,314.9056015602429,306.281203941498
2001-10-16 09:00:00,314.3401668178282,306.56416330205275
2001-10-16 17:00:00,293.8135208811708,295.79498502616707
2001-10-16 18:00:00,292.7725701236578,294.89015571582485
2001-10-16 20:00:00,291.2922641419116,293.4088309454073
2001-10-16 21:00:00,290.74177821648686,292.8728641927334
2001-10-17 05:00:00,306.98938766503,302.218929367183
2001-10-17 06:00:00,310.56802549200546,303.54749527330205
2001-10-17 08:00:00,314.52182916720585,305.2068387400388
2001-10-17 09:00:00,314.42946701167364,305.5806075038822
2001-10-17 17:00:00,291.6380843058206,296.29032785095313
2001-10-17 18:00:00,290.58457189715705,295.32563548977095
2001-10-17 20:00:00,288.87986496747556,294.0403656570129
2001-10-17 21:00:00,288.26945730717784,292.7502108252104
2001-10-18 05:00:00,309.124426608093,303.6539179915089
2001-10-18 06:00:00,313.0793927255874,304.8713405709054
2001-10-18 08:00:00,317.02833467786235,306.3848940198337
2001-10-18 09:00:00,316.62844698160933,306.61556828150583
2001-10-18 17:00:00,291.58507795289785,297.29959689523844
2001-10-18 18:00:00,290.5846776036526,295.31871566419795
2001-10-18 20:00:00,289.3537231821492,292.20299209100995
2001-10-18 21:00:00,289.1071378123044,291.9965245227785
2001-10-19 05:00:00,308.7204893138633,305.0003111711452
2001-10-19 06:00:00,312.24672911751253,306.3025153678812
2001-10-19 08:00:00,316.8836615375819,307.4510964509702
2001-10-19 09:00:00,316.78435588066685,307.64983834617857
2001-10-19 17:00:00,293.7629846417114,296.13930757166975
2001-10-19 18:00:00,292.315841298625,295.28743676889474
2001-10-19 20:00:00,290.191832814268,293.06236671483026
2001-10-19 21:00:00,289.53131686594156,292.5148667863043
2001-10-20 05:00:00,310.09227916088605,305.4279431782445
2001-10-20 06:00:00,313.3351094814588,306.52810960484584
2001-10-20 08:00:00,316.7016007198574,307.2795792448869
2001-10-20 09:00:00,316.40294220487954,307.4062747338152
2001-10-20 17:00:00,294.96459895106057,297.01790803459653
2001-10-20 18:00:00,293.883581223216,296.14820530308043
2001-10-20 20:00:00,291.51927004022116,294.2382755132596
2001-10-20 21:00:00,290.57400935897476,293.98306384916845
2001-10-21 05:00:00,309.21749475887634,304.3579405327608
2001-10-21 06:00:00,312.75195411247176,305.6885351995107
2001-10-21 08:00:00,316.83825601304443,306.7152791780022
2001-10-21 09:00:00,316.57849236298784,306.8628924212581
2001-10-21 17:00:00,292.76859289325074,298.33564353907605
2001-10-21 18:00:00,291.70967663969213,297.8315659862454
2001-10-21 20:00:00,290.19285338979284,296.44745152830524
2001-10-21 21:00:00,289.6115369987782,296.3827908696673
2001-10-22 05:00:00,311.3663709549397,304.45350574087837
2001-10-22 06:00:00,314.7204409747719,305.62384646846266
2001-10-22 08:00:00,317.33740598799085,306.3915300648459
2001-10-22 09:00:00,316.6499271480989,306.5466317528018
2001-10-22 17:00:00,292.92006644556085,296.36904455810924
2001-10-22 18:00:00,291.9722495292111,295.5741694939706
2001-10-22 20:00:00,290.55342471177113,294.1681911897586
2001-10-22 21:00:00,289.9518686773597,295.31428680655034
2001-10-23 05:00:00,310.58834284002126,304.09312309653075
2001-10-23 06:00:00,313.8613840582191,305.7700940383417
2001-10-23 08:00:00,315.7575397932291,307.18886064197324
2001-10-23 09:00:00,315.039186451211,307.28735915832056
2001-10-23 17:00:00,292.68755485170243,296.60144191089506
2001-10-23 18:00:00,291.615849757966,295.3869834394411
2001-10-23 20:00:00,290.09349544389954,292.8409413718296
2001-10-23 21:00:00,289.53208196842803,292.29880242722425
2001-10-24 05:00:00,311.75221240685795,304.5333540671044
2001-10-24 06:00:00,314.47678529242705,305.75237559831385
2001-10-24 08:00:00,315.7977044997487,306.9978639576211
2001-10-24 09:00:00,314.980168887757,307.1039912336964
2001-10-24 17:00:00,294.7642024059325,296.8549513618458
2001-10-24 18:00:00,293.84112179701793,296.0446369423888
2001-10-24 20:00:00,292.51594461167724,294.7943181536047
2001-10-24 21:00:00,292.02134326059024,294.39161867867637
2001-10-25 05:00:00,308.55452774118385,304.737955360824
2001-10-25 06:00:00,311.75646380173225,306.10009464681247
2001-10-25 08:00:00,314.6447439796201,307.2757085203574
2001-10-25 09:00:00,314.3300940656148,307.39900209870655
2001-10-25 17:00:00,295.515553314256,297.3191246890875
2001-10-25 18:00:00,294.7130141059864,296.64255922197015
2001-10-25 20:00:00,293.44542018143903,295.5191175463754
2001-10-25 21:00:00,292.93420475987693,295.0539162610823
2001-10-26 05:00:00,307.37271172239895,303.7622194922025
2001-10-26 06:00:00,311.1205584697988,305.6826228301955
2001-10-26 08:00:00,315.0835242366938,307.5869327304176
2001-10-26 09:00:00,314.887127915957,307.81251953783317
2001-10-26 17:00:00,295.7281239749103,297.532796286655
2001-10-26 18:00:00,294.84526960140755,296.7608585445833
2001-10-26 20:00:00,293.5271123524624,295.5708829059807
2001-10-26 21:00:00,292.73899888331056,294.55937608621895
2001-10-27 05:00:00,309.6322720003054,303.4696419455788
2001-10-27 06:00:00,313.65738610971505,305.2345601509459
2001-10-27 08:00:00,317.31779028564836,307.2500842642527
2001-10-27 09:00:00,316.95888177198697,307.72513880090463
2001-10-27 17:00:00,296.08393704689155,297.6429489441388
2001-10-27 18:00:00,295.30888874541813,296.9315187662886
2001-10-27 20:00:00,294.0150505265764,295.53291532401863
2001-10-27 21:00:00,293.47094959323687,295.05137925816615
2001-10-28 05:00:00,307.34005034318875,302.93349660159265
2001-10-28 06:00:00,310.8573139819599,304.5917253303234
2001-10-28 08:00:00,315.0150183867232,306.20575621241966
2001-10-28 09:00:00,315.4688020773771,306.5049082516522
2001-10-28 17:00:00,295.8868743473282,297.28463072695973
2001-10-28 18:00:00,294.90667473039207,296.4081682578441
2001-10-28 20:00:00,293.456423790319,294.961822345187
2001-10-28 21:00:00,292.97834032526004,294.45917907150573
2001-10-29 05:00:00,306.86818548123165,302.4743004139105
2001-10-29 06:00:00,310.28154988575426,304.0369062379623
2001-10-29 08:00:00,314.6562314731498,305.9640848779899
2001-10-29 09:00:00,314.9442839306566,306.22618086569486
2001-10-29 17:00:00,295.95106558072365,297.2536673523796
2001-10-29 18:00:00,295.15122992893214,296.59538351332276
2001-10-29 20:00:00,293.9766792097518,295.52822709046825
2001-10-29 21:00:00,293.5576308005029,295.0926581854446
2001-10-30 05:00:00,307.1505254619111,303.03351457828
2001-10-30 06:00:00,310.7647474903171,304.71466494708665
2001-10-30 08:00:00,315.2104300570966,306.56950070420845
2001-10-30 09:00:00,315.7018198915549,306.8345184326172
2001-10-30 17:00:00,295.9691940331129,297.4220520395711
2001-10-30 18:00:00,295.1388712267296,296.8052916445975
2001-10-30 20:00:00,294.00734601366133,295.749807819196
2001-10-30 21:00:00,293.66074889760546,295.452939120206
2001-10-31 05:00:00,308.8362666572371,304.83767584990284
2001-10-31 06:00:00,312.18755487521366,306.3081018715317
2001-10-31 08:00:00,315.2734398276119,307.70861374395105
2001-10-31 09:00:00,314.9689611308564,307.8378355852077
2001-10-31 17:00:00,296.3549643400454,298.31731865035
2001-10-31 18:00:00,295.40452223015126,297.48626502085546
2001-10-31 20:00:00,293.77440004980616,295.95861818757373
2001-10-31 21:00:00,293.0075821369565,295.19866788185254
2001-11-01 05:00:00,309.7778429169501,305.0937309794139
2001-11-01 06:00:00,313.2188524854569,306.64600310009695
2001-11-01 08:00:00,316.69095683281523,307.82599934958535
2001-11-01 09:00:00,316.4145086726349,308.0673651555653
2001-11-01 17:00:00,296.5184321704741,298.3316726567014
2001-11-01 18:00:00,295.6109426818754,297.5823039097485
2001-11-01 20:00:00,293.8478977338559,295.9093206373312
2001-11-01 21:00:00,293.0987366380971,295.28355167900287
2001-11-02 05:00:00,308.84075821933834,304.46265320858714
2001-11-02 06:00:00,312.1808733359691,305.89519906301166
2001-11-02 08:00:00,315.62883985428306,307.4320245634059
2001-11-02 09:00:00,315.20482248738296,307.6097603725909
2001-11-02 17:00:00,296.60996407389825,298.3542777650713
2001-11-02 18:00:00,295.7611597704777,297.61093243097855
2001-11-02 20:00:00,294.368475821426,296.2403802621897
2001-11-02 21:00:00,293.92762709325194,295.7960602888157
2001-11-03 05:00:00,307.1640304306806,303.4336582648185
2001-11-03 06:00:00,310.10545186893603,304.95530945200403
2001-11-03 08:00:00,312.4517423985368,306.4586202565621
2001-11-03 09:00:00,312.1076770188812,306.5535998234213
2001-11-03 17:00:00,295.62401151730575,297.5211511738312
2001-11-03 18:00:00,295.2281331913129,297.1496022228835
2001-11-03 20:00:00,295.0903129401303,296.7407008848499
2001-11-03 21:00:00,294.7553181699686,296.3267437856994
2001-11-04 05:00:00,307.3227165469036,302.2576986586184
2001-11-04 06:00:00,310.77584965827845,303.64417303288116
2001-11-04 08:00:00,313.3493149908739,304.8392517842203
2001-11-04 09:00:00,312.6710221065763,304.8957230813331
2001-11-04 17:00:00,294.0764285000888,295.32445303941915
2001-11-04 18:00:00,293.1738811193152,294.51400270153454
2001-11-04 20:00:00,291.82090909749223,293.3475751597635
2001-11-04 21:00:00,291.1199916610365,292.63994338589566
2001-11-05 05:00:00,306.90888227042507,301.0810089111328
2001-11-05 06:00:00,310.36786551688596,302.4332197333338
2001-11-05 08:00:00,313.53221929752954,303.99935125459695
2001-11-05 09:00:00,313.0783751830114,304.28880220715916
2001-11-05 17:00:00,294.2791285580957,295.72023706186354
2001-11-05 18:00:00,293.4993911531563,295.1087296402142
2001-11-05 20:00:00,292.5033748491519,294.10628045174667
2001-11-05 21:00:00,291.96191182893307,293.5323348082086
2001-11-06 05:00:00,307.0997799254713,301.4083483068528
2001-11-06 06:00:00,310.5680384702051,302.54809107141244
2001-11-06 08:00:00,313.90063953840496,303.67938864874
2001-11-06 09:00:00,313.33395776028624,303.9361621404098
2001-11-06 17:00:00,294.46186814506547,295.2592882764725
2001-11-06 18:00:00,293.3658794291398,293.9467793892271
2001-11-06 20:00:00,291.7579405891877,292.2202174770079
2001-11-06 21:00:00,291.2758621192309,291.8129401302485
2001-11-07 05:00:00,303.779320057074,298.62967697167073
2001-11-07 06:00:00,307.82853828042244,300.4981349715834
2001-11-07 08:00:00,311.2130205010413,301.85228133238337
2001-11-07 09:00:00,310.68900758716836,301.9685021210892
2001-11-07 17:00:00,293.0555381363456,293.98870313553306
2001-11-07 18:00:00,292.2305778421129,293.14657491675143
2001-11-07 20:00:00,290.7772992197281,291.70924784185706
2001-11-07 21:00:00,290.1289973795322,291.096952300226
2001-11-08 05:00:00,303.6667349511192,297.6149029371735
2001-11-08 06:00:00,306.8785101092651,298.861910662776
2001-11-08 08:00:00,309.3549284383953,300.2691613713105
2001-11-08 09:00:00,308.8616980272008,300.5439125613549
2001-11-08 17:00:00,290.54024142366717,292.0486159831607
2001-11-08 18:00:00,289.75828688611233,291.34354810905756
2001-11-08 20:00:00,288.2324743755794,289.9352336113552
2001-11-08 21:00:00,287.4541416491493,289.17985170243884
2001-11-09 05:00:00,303.3936654018878,297.5532086435562
2001-11-09 06:00:00,307.0317727957374,298.8463961890739
2001-11-09 08:00:00,309.73556234068786,300.4454951352441
2001-11-09 09:00:00,309.02827103295937,300.73208331327044
2001-11-09 17:00:00,288.977397924579,290.7613614968416
2001-11-09 18:00:00,287.93126547979466,289.87439143529105
2001-11-09 20:00:00,286.24582953078357,288.0988176577998
2001-11-09 21:00:00,285.576364055804,287.41124232781505
2001-11-10 05:00:00,303.61655043967886,297.60130566331014
2001-11-10 06:00:00,306.94523343172943,298.85880833230516
2001-11-10 08:00:00,310.1022314885731,300.3757363717619
2001-11-10 09:00:00,309.7887103252675,300.7323505419245
2001-11-10 17:00:00,289.30418863869596,290.9141302593684
2001-11-10 18:00:00,288.10374798649815,289.7998096013473
2001-11-10 20:00:00,286.07278324826655,288.2295002753636
2001-11-10 21:00:00,285.2407967636508,288.33149604033247
2001-11-11 05:00:00,302.7187169432089,297.34215083658603
2001-11-11 06:00:00,306.0455235744294,298.74459606106
2001-11-11 08:00:00,309.488428688931,300.5159540867034
2001-11-11 09:00:00,309.3577467296818,300.879074731483
2001-11-11 17:00:00,289.09009927006093,292.30228956601655
2001-11-11 18:00:00,287.60462667174255,292.50485069615814
2001-11-11 20:00:00,285.8322271690898,288.55079848373254
2001-11-11 21:00:00,285.2323435590888,287.21983534896685
2001-11-12 05:00:00,303.71739453049764,298.1020779837445
2001-11-12 06:00:00,306.5933949333861,299.3961493869776
2001-11-12 08:00:00,309.46981362458916,300.97800514914775
2001-11-12 09:00:00,309.2948883714955,301.33251466442516
2001-11-12 17:00:00,290.65149913252964,292.3220607716423
2001-11-12 18:00:00,289.8159812609844,291.5949376463339
2001-11-12 20:00:00,288.38091772987593,290.2881255539246
2001-11-12 21:00:00,287.74924545405645,289.66892782014395
2001-11-13 05:00:00,303.6507805587698,298.2284512747602
2001-11-13 06:00:00,307.260702430008,299.6975658869339
2001-11-13 08:00:00,310.91030545227335,301.5214476269456
2001-11-13 09:00:00,310.5318896935791,301.9433961700769
2001-11-13 17:00:00,289.9096265419606,291.81861595306634
2001-11-13 18:00:00,288.80608444331426,290.87649324531736
2001-11-13 20:00:00,286.79495610735273,289.2299199743521
2001-11-13 21:00:00,286.0766422877143,288.66561750932175
2001-11-14 05:00:00,304.5552492538476,299.3195676171724
2001-11-14 06:00:00,308.0994907373273,300.59217651085055
2001-11-14 08:00:00,311.8961245826286,302.0577195554008
2001-11-14 09:00:00,311.8412872925746,302.41886118931467
2001-11-14 17:00:00,288.4555042660659,292.98481872746686
2001-11-14 18:00:00,287.3458272407896,292.64363645956223
2001-11-14 20:00:00,285.7266025866492,291.7168469539225
2001-11-14 21:00:00,285.077839268007,291.0864540652612
2001-11-15 05:00:00,303.644108047838,298.7381086540516
2001-11-15 06:00:00,307.3822525800284,300.32568265330076
2001-11-15 08:00:00,311.6356969283799,302.10599904582017
2001-11-15 09:00:00,311.60065482540745,302.48600310573966
2001-11-15 17:00:00,290.0968464996855,291.7899988582946
2001-11-15 18:00:00,289.1816414243819,291.0800175130459
2001-11-15 20:00:00,287.6719088326617,289.65679945747365
2001-11-15 21:00:00,286.9741815176142,288.91196151286687
2001-11-16 05:00:00,302.30123783811035,298.0181860549057
2001-11-16 06:00:00,305.9034089498417,299.6970494157177
2001-11-16 08:00:00,309.6798820554384,301.2499812615487
2001-11-16 09:00:00,309.9118238781193,301.54102025671256
2001-11-16 17:00:00,290.7313857820626,292.30305431583446
2001-11-16 18:00:00,289.7602209905263,291.4513467515378
2001-11-16 20:00:00,287.7035044712719,289.6698413020106
2001-11-16 21:00:00,286.9903873625816,289.008809799406
2001-11-17 05:00:00,302.7133448149647,298.17406464798614
2001-11-17 06:00:00,306.4663127082155,299.78807065519976
2001-11-17 08:00:00,310.7865497841857,301.42919522184076
2001-11-17 09:00:00,310.77267926279313,301.7314344268
2001-11-17 17:00:00,289.9313012638886,291.5264221567586
2001-11-17 18:00:00,288.637695006854,290.6541289577866
2001-11-17 20:00:00,286.4674909265456,290.45319438164336
2001-11-17 21:00:00,285.6733677280703,288.36907935473147
2001-11-18 05:00:00,302.4696519143409,297.80075054433206
2001-11-18 06:00:00,306.20360669810526,299.48816983027524
2001-11-18 08:00:00,311.18410152206064,301.519586571927
2001-11-18 09:00:00,311.32353487881744,302.02331665227155
2001-11-18 17:00:00,289.19050097355307,291.2428184474011
2001-11-18 18:00:00,287.8593545452288,290.26554520288124
2001-11-18 20:00:00,285.96831041050984,288.41866068553486
2001-11-18 21:00:00,285.32956612091766,287.6569554544928
2001-11-19 05:00:00,303.37350550858747,298.4316402723315
2001-11-19 06:00:00,307.14827809385235,300.02052412929453
2001-11-19 08:00:00,311.08606594185613,301.68028694235124
2001-11-19 09:00:00,311.09375164578614,302.07748248507323
2001-11-19 17:00:00,290.06516255289085,291.6953741699595
2001-11-19 18:00:00,289.1198624903322,290.93137908606394
2001-11-19 20:00:00,287.28139400629124,289.2309950959334
2001-11-19 21:00:00,286.54219544209394,288.59547852220817
2001-11-20 05:00:00,301.84344122700037,298.0068435316277
2001-11-20 06:00:00,305.804495624842,299.86746867081416
2001-11-20 08:00:00,310.6407649858707,301.75501064306417
2001-11-20 09:00:00,311.1033771438481,302.10474044259047
2001-11-20 17:00:00,290.3090385354722,291.7996379928707
2001-11-20 18:00:00,289.3613245748041,291.0503566606754
2001-11-20 20:00:00,287.94967637260453,289.8072129118792
2001-11-20 21:00:00,287.45463049466883,289.3563493631654
2001-11-21 05:00:00,301.51988728057444,297.89904625279877
2001-11-21 06:00:00,305.5112240501839,299.7922361870576
2001-11-21 08:00:00,310.95096074414363,301.78556807272605
2001-11-21 09:00:00,311.34604977459315,302.2038306660939
2001-11-21 17:00:00,290.47758267583396,291.86539930628703
2001-11-21 18:00:00,289.50817520776405,291.09031211723715
2001-11-21 20:00:00,288.053167240278,289.8704720895353
2001-11-21 21:00:00,287.5711419527263,289.46682671075246
2001-11-22 05:00:00,302.2257122868566,298.54760351901064
2001-11-22 06:00:00,306.32527127728804,300.41291660961275
2001-11-22 08:00:00,311.2395125566903,302.19666190360476
2001-11-22 09:00:00,311.0809850002107,302.54070226731034
2001-11-22 17:00:00,290.1483581025722,291.65730506650107
2001-11-22 18:00:00,288.81573453412403,290.4796116245546
2001-11-22 20:00:00,286.65840901285185,289.63094516748276
2001-11-22 21:00:00,285.8829986619288,289.00857732035166
2001-11-23 05:00:00,303.2165361354458,297.75708976475227
2001-11-23 06:00:00,307.33996506795313,299.5391483630164
2001-11-23 08:00:00,311.50469665057125,301.1638329128271
2001-11-23 09:00:00,310.8853210543264,301.54260164563567
2001-11-23 17:00:00,289.1856832871636,290.8833946851075
2001-11-23 18:00:00,287.9063262939453,289.71408875734306
2001-11-23 20:00:00,285.61335568655807,287.6522231373838
2001-11-23 21:00:00,284.75077509475966,287.00977333668385
2001-11-24 05:00:00,301.6811662623989,297.43987865477385
2001-11-24 06:00:00,305.3406977249404,298.96941884750584
2001-11-24 08:00:00,309.51924744592793,300.3432603786098
2001-11-24 09:00:00,309.61114076399843,300.6513985985049
2001-11-24 17:00:00,288.73726735166485,290.39159413295096
2001-11-24 18:00:00,287.84945095632406,289.70637719105866
2001-11-24 20:00:00,286.2544413656226,288.21981823279054
2001-11-24 21:00:00,285.6391749683257,287.6511952498661
2001-11-25 05:00:00,300.0848730995401,296.31669341617817
2001-11-25 06:00:00,303.79128113733424,298.032841945466
2001-11-25 08:00:00,308.22182418752715,299.39175337452
2001-11-25 09:00:00,308.6789801410975,299.6755298208933
2001-11-25 17:00:00,288.3317869683076,289.84659248434343
2001-11-25 18:00:00,287.3720404767476,289.0614975986569
2001-11-25 20:00:00,285.44804727939317,287.22351603221455
2001-11-25 21:00:00,284.55661584416225,286.4470552935255
2001-11-26 05:00:00,300.5303683758517,296.46570195696205
2001-11-26 06:00:00,304.21395185144365,297.73942128609065
2001-11-26 08:00:00,309.13642382511557,299.0974745552051
2001-11-26 09:00:00,308.6641290838068,299.3075722810484
2001-11-26 17:00:00,286.53331492090444,288.73943732075037
2001-11-26 18:00:00,285.29589112550707,288.76305924284804
2001-11-26 20:00:00,283.6660437209213,285.9925992286812
2001-11-26 21:00:00,283.1059994690223,285.56003752768686
2001-11-27 05:00:00,299.97273310821487,295.5906439547546
2001-11-27 06:00:00,303.72124559963794,296.9076603917385
2001-11-27 08:00:00,308.26516347453116,298.1903574609977
2001-11-27 09:00:00,307.62120549888203,298.5332730003792
2001-11-27 17:00:00,287.1310132324971,288.66990906137903
2001-11-27 18:00:00,286.09172354346987,287.7986233656874
2001-11-27 20:00:00,284.46560358597065,286.36470198668025
2001-11-27 21:00:00,283.8670561897736,285.80867241857965
2001-11-28 05:00:00,299.724418111134,294.5644770359222
2001-11-28 06:00:00,303.3292814469301,295.918170687965
2001-11-28 08:00:00,306.6274251835005,297.7360187642196
2001-11-28 09:00:00,306.00934928811756,297.99536626548354
2001-11-28 17:00:00,286.1968023361888,287.83648091508724
2001-11-28 18:00:00,285.036223001583,286.85112986983427
2001-11-28 20:00:00,283.33125570852695,287.8482021102553
2001-11-28 21:00:00,282.62473392339626,287.05626402209833
2001-11-29 05:00:00,300.0051133871446,295.38734278509907
2001-11-29 06:00:00,303.67849712636325,296.59402907831463
2001-11-29 08:00:00,307.51371468895206,298.0172064829681
2001-11-29 09:00:00,307.2373309965678,298.2444956916139
2001-11-29 17:00:00,287.19760663189766,288.75407823465645
2001-11-29 18:00:00,286.1294756214865,287.71572217662094
2001-11-29 20:00:00,283.88059038300366,287.6584175474287
2001-11-29 21:00:00,283.055644947869,287.3988355686558
2001-11-30 05:00:00,301.7127932885027,295.64638318266077
2001-11-30 06:00:00,305.7705239647159,297.25257861779545
2001-11-30 08:00:00,307.9163897592224,299.0595017537497
2001-11-30 09:00:00,307.17139080970423,299.31673329122634
2001-11-30 17:00:00,287.53129018069416,289.2535392631919
2001-11-30 18:00:00,286.6990197039165,288.5406569376565
2001-11-30 20:00:00,285.1134298409814,286.89352583921936
2001-11-30 21:00:00,284.1930095513907,286.00421958417854
2001-12-01 05:00:00,301.2705037215457,295.69630841224335
2001-12-01 06:00:00,305.21571782704314,297.28358466526026
2001-12-01 08:00:00,307.7170842057568,299.21983182228223
2001-12-01 09:00:00,307.11027329361133,299.47365227979947
2001-12-01 17:00:00,286.86036919592345,288.9174389008932
2001-12-01 18:00:00,285.5407402379487,288.0247796386343
2001-12-01 20:00:00,283.4922889039403,288.28670832041786
2001-12-01 21:00:00,282.7712489570418,289.05081054499414
2001-12-02 05:00:00,301.7117835516555,296.57967765819865
2001-12-02 06:00:00,305.26560778977876,298.066225965879
2001-12-02 08:00:00,307.87193646306065,299.5184063081197
2001-12-02 09:00:00,307.5637168943055,299.83516872976156
2001-12-02 17:00:00,287.15972148031227,289.4340999468082
2001-12-02 18:00:00,285.89479572784,289.2003204627838
2001-12-02 20:00:00,284.1762615374314,287.9202327875217
2001-12-02 21:00:00,283.5798756462767,287.7174621723099
2001-12-03 05:00:00,301.2632348247228,297.31728488822193
2001-12-03 06:00:00,305.07569288068635,298.84165463205113
2001-12-03 08:00:00,308.7255067751845,300.5187395092886
2001-12-03 09:00:00,308.65940445487047,300.8448857570466
2001-12-03 17:00:00,286.3681307470854,290.14788844221727
2001-12-03 18:00:00,285.44535583119915,289.3616795943955
2001-12-03 20:00:00,284.01002855109874,286.5145218295199
2001-12-03 21:00:00,283.5613784907595,286.0934286014692
2001-12-04 05:00:00,301.37858191256527,297.58771852278744
2001-12-04 06:00:00,305.6132552700895,299.28646338041096
2001-12-04 08:00:00,309.34916736385304,300.56006597627663
2001-12-04 09:00:00,309.11669907768265,300.80051206991374
2001-12-04 17:00:00,287.0930693968786,290.3702252451187
2001-12-04 18:00:00,285.9321339376535,290.5452159769914
2001-12-04 20:00:00,284.3160989111855,287.41763244534866
2001-12-04 21:00:00,283.7824065174638,286.55754432619443
2001-12-05 05:00:00,302.0036965533288,297.7285373964001
2001-12-05 06:00:00,306.0571415317812,299.15385310051073
2001-12-05 08:00:00,309.6158954637995,300.6027416587795
2001-12-05 09:00:00,309.19880742100975,300.88923706148734
2001-12-05 17:00:00,289.09701968341466,290.85564183968427
2001-12-05 18:00:00,288.12269613445267,289.9891572784753
2001-12-05 20:00:00,286.2872271427572,288.2555395517217
2001-12-05 21:00:00,285.4708243253969,287.5407640078035
2001-12-06 05:00:00,301.28894080586724,296.9395440664424
2001-12-06 06:00:00,305.56453017130474,298.6260571825119
2001-12-06 08:00:00,309.9411260431463,300.4419331131804
2001-12-06 09:00:00,309.41114033609404,300.7953666839835
2001-12-06 17:00:00,289.17359470549644,290.68802321893963
2001-12-06 18:00:00,287.7747876324529,290.0295614939074
2001-12-06 20:00:00,285.6660596850473,290.2516840624699
2001-12-06 21:00:00,284.9862994648091,290.16102259184805
2001-12-07 05:00:00,302.07817639555145,298.2382435850076
2001-12-07 06:00:00,305.97206346132725,299.70250301037805
2001-12-07 08:00:00,309.4091568110721,301.3720205392235
2001-12-07 09:00:00,309.18577505149904,301.73037289471034
2001-12-07 17:00:00,290.342407485186,292.1190273713992
2001-12-07 18:00:00,289.5828625366023,291.4803444461205
2001-12-07 20:00:00,288.18798449594175,290.19212531749565
2001-12-07 21:00:00,287.4891735482474,289.56377308614816
2001-12-08 05:00:00,300.90484057222204,298.0068178573632
2001-12-08 06:00:00,304.43554189061894,299.66190010153093
2001-12-08 08:00:00,307.8473330411044,301.4515034068715
2001-12-08 09:00:00,307.61207242004673,301.6795417773889
2001-12-08 17:00:00,289.3348746747926,291.09423376709356
2001-12-08 18:00:00,288.1612016298738,290.17049054114955
2001-12-08 20:00:00,286.1961345701997,289.8514890274025
2001-12-08 21:00:00,285.4012023267467,289.3584157652774
2001-12-09 05:00:00,301.6972263847551,297.51246882880963
2001-12-09 06:00:00,305.8272903983141,299.4816381516185
2001-12-09 08:00:00,309.00871765889076,301.6630000274611
2001-12-09 09:00:00,308.5926997297901,302.0484654172359
2001-12-09 17:00:00,288.88139451413383,291.4579596614985
2001-12-09 18:00:00,287.7446522529026,289.84393270577783
2001-12-09 20:00:00,286.4461431753103,288.6209340146951
2001-12-09 21:00:00,286.1340555858171,288.13882462746926
2001-12-10 05:00:00,301.65466491981357,298.318072726069
2001-12-10 06:00:00,305.34683493215977,299.97061695633755
2001-12-10 08:00:00,309.0947176987658,301.6821649254563
2001-12-10 09:00:00,308.9565907905943,301.94910970490963
2001-12-10 17:00:00,288.9608678597331,292.18915580196995
2001-12-10 18:00:00,288.1605771715726,291.017775901477
2001-12-10 20:00:00,286.97851480210693,289.2595720570334
2001-12-10 21:00:00,286.5116439372623,288.4237890258225
2001-12-11 05:00:00,301.7659440709189,297.2366623371518
2001-12-11 06:00:00,305.51076642757937,299.07808300894106
2001-12-11 08:00:00,309.3299869249341,300.654773565213
2001-12-11 09:00:00,309.1565244466021,300.97762292706176
2001-12-11 17:00:00,290.50204143318444,291.6933810993777
2001-12-11 18:00:00,289.56900040871926,290.85927063364466
2001-12-11 20:00:00,287.6767588469942,288.8446870166091
2001-12-11 21:00:00,287.1125146898173,288.34110444572934
2001-12-12 05:00:00,298.5703485192062,295.077755379934
2001-12-12 06:00:00,302.56917008927496,296.75384935282045
2001-12-12 08:00:00,306.722886260375,298.2845483200943
2001-12-12 09:00:00,306.3148696969948,298.4934208051449
2001-12-12 17:00:00,287.6284986122731,288.8286580701455
2001-12-12 18:00:00,286.7600894451876,288.0928824590792
2001-12-12 20:00:00,285.2611436887956,286.67918478285407
2001-12-12 21:00:00,284.6660079603386,286.15809868811095
2001-12-13 05:00:00,297.2103401266371,292.8732687740003
2001-12-13 06:00:00,301.4580334867645,294.7436151019598
2001-12-13 08:00:00,306.83764770695905,297.28158061493343
2001-12-13 09:00:00,306.5159406617904,297.76519782443995
2001-12-13 17:00:00,286.85986476245756,288.2638276839293
2001-12-13 18:00:00,286.0516641907773,287.5458505216108
2001-12-13 20:00:00,284.15690396489646,285.83762856881685
2001-12-13 21:00:00,283.4708429698033,285.2789751943344
2001-12-14 05:00:00,296.6215010350585,293.3793249615169
2001-12-14 06:00:00,300.5503478439637,295.26901216903707
2001-12-14 08:00:00,305.0151765232645,297.3426777467889
2001-12-14 09:00:00,305.3940291676573,297.84959564444097
2001-12-14 17:00:00,288.1860669669459,289.41986229754013
2001-12-14 18:00:00,287.722463551949,288.9344322780615
2001-12-14 20:00:00,286.24537670447023,287.39858696089686
2001-12-14 21:00:00,285.50578823001433,286.75587061336853
2001-12-15 05:00:00,296.80502293473586,293.5474309230622
2001-12-15 06:00:00,301.1711218647303,295.9671161810312
2001-12-15 08:00:00,306.16566091105454,298.29503649225217
2001-12-15 09:00:00,306.64586776945,298.73232089426193
2001-12-15 17:00:00,287.8736009641862,288.96974591224335
2001-12-15 18:00:00,287.18905021303055,288.35002481845567
2001-12-15 20:00:00,286.0190481647321,287.1351943287901
2001-12-15 21:00:00,285.56285845223124,286.65400503008686
2001-12-16 05:00:00,296.5728469637032,293.27892224704175
2001-12-16 06:00:00,301.02312230843427,295.6910921399509
2001-12-16 08:00:00,305.9744547416323,297.5985621612502
2001-12-16 09:00:00,306.55681914577866,297.9771675615355
2001-12-16 17:00:00,287.85083804843237,288.8682615165534
2001-12-16 18:00:00,286.96340761346335,287.9623252974453
2001-12-16 20:00:00,285.718410074619,286.7408226965388
2001-12-16 21:00:00,285.2065387837509,286.2300521074715
2001-12-17 05:00:00,297.0141489884152,293.21084637046783
2001-12-17 06:00:00,301.08694624937556,295.2362022693793
2001-12-17 08:00:00,305.7761494734989,297.291445128172
2001-12-17 09:00:00,306.2755556033095,297.71877101904073
2001-12-17 17:00:00,288.0461907996602,289.125811325567
2001-12-17 18:00:00,287.2173431584575,288.3996546059067
2001-12-17 20:00:00,285.63104116383977,286.8989874512095
2001-12-17 21:00:00,285.0242556908465,286.3242233817126
2001-12-18 05:00:00,296.8864640998547,293.4623756585026
2001-12-18 06:00:00,300.8187050136102,295.5976979119017
2001-12-18 08:00:00,306.1131873461425,298.19726054657406
2001-12-18 09:00:00,306.9228044930151,298.78789700124594
2001-12-18 17:00:00,287.88707471004074,289.20960217962283
2001-12-18 18:00:00,286.57244835428907,289.60025913138605
2001-12-18 20:00:00,284.74461277754546,287.42844124016665
2001-12-18 21:00:00,284.11977056141814,287.2131740058699
2001-12-19 05:00:00,297.09251471991166,293.8209280710558
2001-12-19 06:00:00,300.43294284156366,295.2850533883634
2001-12-19 08:00:00,304.2638775277395,297.0764713845745
2001-12-19 09:00:00,304.28874599180534,297.3881952553207
2001-12-19 17:00:00,285.9961036717396,287.3568396663813
2001-12-19 18:00:00,285.1736835779505,286.5505306202752
2001-12-19 20:00:00,283.75222891174224,285.17924445435887
2001-12-19 21:00:00,283.16632921780206,284.5960108870167
2001-12-20 05:00:00,295.1609242913903,291.17429157838984
2001-12-20 06:00:00,299.0312420061814,292.729176055485
2001-12-20 08:00:00,303.65423384138916,294.57892750885526
2001-12-20 09:00:00,303.80910709422255,295.1016091462828
2001-12-20 17:00:00,284.3751220938237,285.8016805545942
2001-12-20 18:00:00,283.34350762271737,284.89777970277294
2001-12-20 20:00:00,281.61122392322324,283.27858653017114
2001-12-20 21:00:00,280.9261937075293,282.68724382162463
2001-12-21 05:00:00,294.07328758768756,290.3838623234965
2001-12-21 06:00:00,298.0075737669582,292.20283023969415
2001-12-21 08:00:00,303.226605102351,294.3901636155985
2001-12-21 09:00:00,303.7640931962635,295.11949660855197
2001-12-21 17:00:00,283.0196444330672,284.67971987496543
2001-12-21 18:00:00,281.5791803016134,283.4923844770952
2001-12-21 20:00:00,279.3466700949176,282.22864834590024
2001-12-21 21:00:00,278.556402479739,281.49233138873507
2001-12-22 05:00:00,293.42367560764313,290.15785997858035
2001-12-22 06:00:00,297.493671858072,292.1818184169305
2001-12-22 08:00:00,302.2028205060445,294.7685440839347
2001-12-22 09:00:00,302.6824946939854,295.43992946254457
2001-12-22 17:00:00,283.7015069805786,285.34397166388794
2001-12-22 18:00:00,282.4586295670096,284.3294980559033
2001-12-22 20:00:00,280.04649230768945,282.88085356772586
2001-12-22 21:00:00,279.1365268983532,282.7095006581264
2001-12-23 05:00:00,293.48531521413656,290.31368832815957
2001-12-23 06:00:00,297.43804487278356,292.3180944269354
2001-12-23 08:00:00,302.53178398708354,294.89635494567216
2001-12-23 09:00:00,303.3084399160141,295.61029701644355
2001-12-23 17:00:00,283.95699344394023,285.60760632060897
2001-12-23 18:00:00,282.85752856896727,284.6685004094716
2001-12-23 20:00:00,280.57923026297976,283.1005133113068
2001-12-23 21:00:00,279.51329273288536,283.71680994724454
2001-12-24 05:00:00,294.74924307942206,290.983866381535
2001-12-24 06:00:00,298.79072243994665,292.8509197499609
2001-12-24 08:00:00,303.4316027484065,295.02970359578893
2001-12-24 09:00:00,303.9696686073151,295.6635533407767
2001-12-24 17:00:00,283.8843337001712,285.55741966964655
2001-12-24 18:00:00,282.81147937745266,284.6239576060526
2001-12-24 20:00:00,280.8351671074866,282.9226399143966
2001-12-24 21:00:00,279.94300625981833,282.34011057896316
2001-12-25 05:00:00,293.54096672163905,290.624855194327
2001-12-25 06:00:00,297.47240597294365,292.6114667472193
2001-12-25 08:00:00,302.57141390713775,295.2356817777425
2001-12-25 09:00:00,303.24705726376664,295.8999045538057
2001-12-25 17:00:00,287.463353584654,288.3435518238321
2001-12-25 18:00:00,286.7640627727303,287.7505235716081
2001-12-25 20:00:00,284.8018655879839,286.0785618621873
2001-12-25 21:00:00,283.9282101952974,285.3502968669121
2001-12-26 05:00:00,294.39872146865065,291.7370724905805
2001-12-26 06:00:00,298.8487716228091,294.3304221883577
2001-12-26 08:00:00,303.9927086029288,296.9478071356775
2001-12-26 09:00:00,304.7127027937738,297.4185656061158
2001-12-26 17:00:00,286.9593749905955,288.38180502023096
2001-12-26 18:00:00,286.12472846879064,287.6103797524662
2001-12-26 20:00:00,284.6048047458079,286.0644075367227
2001-12-26 21:00:00,283.9917061780745,285.43252716299565
2001-12-27 05:00:00,295.6355049826882,292.4763698489714
2001-12-27 06:00:00,300.1620056904703,294.803106228633
2001-12-27 08:00:00,305.02499657676475,296.5563739841267
2001-12-27 09:00:00,305.34156975650643,296.9275963170503
2001-12-27 17:00:00,286.1023420383824,287.4190254152648
2001-12-27 18:00:00,285.26970831308233,286.6537790871549
2001-12-27 20:00:00,283.72156196676525,285.10183875696686
2001-12-27 21:00:00,283.0460340973042,284.45097280540523
2001-12-28 05:00:00,295.13312837339146,291.2158525934205
2001-12-28 06:00:00,299.33831730682425,293.1935944873122
2001-12-28 08:00:00,304.7046375715494,295.40965675389276
2001-12-28 09:00:00,305.29094210537994,296.14199041475314
2001-12-28 17:00:00,285.094083013079,286.3368740463845
2001-12-28 18:00:00,284.0600339539797,285.40892515491083
2001-12-28 20:00:00,282.2291285392867,283.6063519964233
2001-12-28 21:00:00,281.4889164059115,282.8886334576482
2001-12-29 05:00:00,294.57901106777103,290.3836955583334
2001-12-29 06:00:00,299.2675589163241,292.51725430481247
2001-12-29 08:00:00,304.8795965632599,295.1795189244722
2001-12-29 09:00:00,304.6647336986289,295.75079312787403
2001-12-29 17:00:00,283.98535847480196,285.29321289062506
2001-12-29 18:00:00,282.88389201818154,284.26807482327075
2001-12-29 20:00:00,281.1557011303072,282.67414787774464
2001-12-29 21:00:00,280.4068382510052,281.97490208982873
2001-12-30 05:00:00,293.7672637328161,290.1863037485555
2001-12-30 06:00:00,298.1408655904291,292.17781163290584
2001-12-30 08:00:00,303.09446836215875,294.3944154101638
2001-12-30 09:00:00,303.4483685838791,295.0575679549818
2001-12-30 17:00:00,283.4025383994833,285.2861123107064
2001-12-30 18:00:00,281.8808187240813,285.34638436292465
2001-12-30 20:00:00,279.8490229108485,283.0251142739882
2001-12-30 21:00:00,279.1724971777118,282.49695755263514
2001-12-31 05:00:00,295.011226706953,291.1377569824595
2001-12-31 06:00:00,299.3153926808221,293.2072970209577
2001-12-31 08:00:00,303.8202815592197,295.39783779902524
2001-12-31 09:00:00,304.1037552279574,295.88342144088864
2001-12-31 17:00:00,284.30908882599584,285.9438194192613
2001-12-31 18:00:00,283.02568058901466,284.84338364799515
2001-12-31 20:00:00,280.9541509125744,283.16808296756125
2001-12-31 21:00:00,280.2186213465428,282.59670550283187
