datetime_utc,skt,t2m
2004-01-01 05:00:00,293.11777781999353,290.0725218033754
2004-01-01 06:00:00,297.74405509114086,292.519954452162
2004-01-01 08:00:00,303.01482834544134,294.4315066344933
2004-01-01 09:00:00,303.5308350737914,294.96399332525556
2004-01-01 17:00:00,284.7406872483358,285.8147262079507
2004-01-01 18:00:00,283.9900858310412,285.15684318836367
2004-01-01 20:00:00,282.8011890052831,283.8182026491327
2004-01-01 21:00:00,282.18789773949857,283.2248265482428
2004-01-02 05:00:00,292.06136666461026,289.2434048410189
2004-01-02 06:00:00,296.7660355766309,291.5999776784371
2004-01-02 08:00:00,301.58881875436373,293.7772122281725
2004-01-02 09:00:00,302.0847317970406,294.2548731258728
2004-01-02 17:00:00,285.4748865724161,286.2802761883141
2004-01-02 18:00:00,284.58888985232693,285.29939422842534
2004-01-02 20:00:00,282.9260098497012,283.57093963858165
2004-01-02 21:00:00,282.30459775763046,283.024204694986
2004-01-03 05:00:00,290.8159194264464,287.57961697571085
2004-01-03 06:00:00,294.93267829318995,289.5014582135828
2004-01-03 08:00:00,299.6048082254701,291.8853139304233
2004-01-03 09:00:00,300.1515607789779,292.5053527079672
2004-01-03 17:00:00,283.62812116296703,284.4122775508369
2004-01-03 18:00:00,282.77961535813813,283.59388399050675
2004-01-03 20:00:00,281.6821353483274,282.45662276586876
2004-01-03 21:00:00,281.3447879033023,282.10622195580345
2004-01-04 05:00:00,290.7365958473899,287.2594016711407
2004-01-04 06:00:00,294.86521471961066,289.37527980716277
2004-01-04 08:00:00,299.1790391542878,291.72324151507877
2004-01-04 09:00:00,299.40105665115806,292.3799409322636
2004-01-04 17:00:00,282.39060153579123,283.62026843525047
2004-01-04 18:00:00,281.67327351856676,282.9184662946751
2004-01-04 20:00:00,281.2959366902732,282.4796932555495
2004-01-04 21:00:00,281.5548525488432,282.553185132325
2004-01-05 05:00:00,289.04837548677654,286.5514437729846
2004-01-05 06:00:00,292.457004611775,288.5087783884011
2004-01-05 08:00:00,297.5192478456189,291.27357344193894
2004-01-05 09:00:00,298.1932888177951,292.0694631332609
2004-01-05 17:00:00,282.5177929471197,283.59424959015223
2004-01-05 18:00:00,281.78917337896644,282.84189851405256
2004-01-05 20:00:00,280.3946891279177,281.3017812296863
2004-01-05 21:00:00,279.87248516817493,280.779519667427
2004-01-06 05:00:00,288.88471037360665,286.1685852144827
2004-01-06 06:00:00,293.22297320490816,288.72059320999404
2004-01-06 08:00:00,297.8948040508158,291.3669361884495
2004-01-06 09:00:00,298.4100777695102,292.12910390892085
2004-01-06 17:00:00,282.17700009573775,283.4634264694708
2004-01-06 18:00:00,281.28312904111044,282.5756583191764
2004-01-06 20:00:00,280.0119461506284,281.42404929515214
2004-01-06 21:00:00,279.4967322680175,280.898277247448
2004-01-07 05:00:00,291.43355761323767,287.70169227259186
2004-01-07 06:00:00,295.77771565065547,290.0382111583175
2004-01-07 08:00:00,300.6784174703119,293.09400834140865
2004-01-07 09:00:00,301.02968941851645,293.83596442035974
2004-01-07 17:00:00,282.8004338715587,284.4476597202577
2004-01-07 18:00:00,282.1248363618307,283.7457003130568
2004-01-07 20:00:00,280.7292046451422,282.45097807192104
2004-01-07 21:00:00,280.0587622785054,281.80383150309376
2004-01-08 05:00:00,293.62698944985226,289.9911500198999
2004-01-08 06:00:00,297.94190007990056,291.879758249997
2004-01-08 08:00:00,302.54248629953537,294.0281081706607
2004-01-08 09:00:00,303.0582267161695,294.683174003989
2004-01-08 17:00:00,283.2890717634251,285.07764932077
2004-01-08 18:00:00,282.1999604823225,284.1591764429501
2004-01-08 20:00:00,280.7871058248041,282.89362978237256
2004-01-08 21:00:00,280.2958028643451,282.4324151554901
2004-01-09 05:00:00,296.9936873754845,291.6341395914463
2004-01-09 06:00:00,301.13580463333017,293.50446278435425
2004-01-09 08:00:00,304.67562247865555,295.52384139944115
2004-01-09 09:00:00,304.65141216448535,296.15771705380575
2004-01-09 17:00:00,284.81968282220544,286.4730261286896
2004-01-09 18:00:00,283.2903664328835,285.6293402203059
2004-01-09 20:00:00,281.4851440053508,283.8709080347846
2004-01-09 21:00:00,280.93722183862343,283.3944593761662
2004-01-10 05:00:00,296.41591596089086,292.6053551437308
2004-01-10 06:00:00,300.65423407650144,294.4744614658444
2004-01-10 08:00:00,305.1959529694497,296.4017323404321
2004-01-10 09:00:00,305.648046625781,296.9464093459589
2004-01-10 17:00:00,285.5259079426206,287.2526641046321
2004-01-10 18:00:00,284.45265106060106,286.51104214378796
2004-01-10 20:00:00,282.4302542617398,287.1323063031918
2004-01-10 21:00:00,281.7073177578637,286.3337670136674
2004-01-11 05:00:00,297.32838886654804,293.8933202335023
2004-01-11 06:00:00,301.7092517682327,295.68507535725786
2004-01-11 08:00:00,306.4112052270921,297.76165526967577
2004-01-11 09:00:00,306.3032411831002,298.26741627368426
2004-01-11 17:00:00,286.2035373399732,288.0127501877137
2004-01-11 18:00:00,284.72419536572943,287.2378848506416
2004-01-11 20:00:00,282.9113229478269,285.9558481883562
2004-01-11 21:00:00,282.37054930041865,285.5794677734375
2004-01-12 05:00:00,298.30731513871245,294.99497433325917
2004-01-12 06:00:00,302.3572033145945,296.85259085774237
2004-01-12 08:00:00,306.8472168956222,299.3923099794079
2004-01-12 09:00:00,307.2885766404068,299.9763934072251
2004-01-12 17:00:00,286.1542739280384,288.3876731178977
2004-01-12 18:00:00,285.22480736307807,287.5763251682276
2004-01-12 20:00:00,284.6747539737743,286.97902172776327
2004-01-12 21:00:00,284.27657234650366,286.4375896953471
2004-01-13 05:00:00,300.19192439051363,295.65387684685425
2004-01-13 06:00:00,304.4398466794994,297.8992624150587
2004-01-13 08:00:00,307.39150476676105,299.7379852906214
2004-01-13 09:00:00,307.308083908951,300.15132204593607
2004-01-13 17:00:00,288.36361976470715,290.2649234013492
2004-01-13 18:00:00,287.39357518929364,289.40942568551225
2004-01-13 20:00:00,285.2273202904935,287.337232733728
2004-01-13 21:00:00,284.05690395078966,286.9975938841081
2004-01-14 05:00:00,300.621230209186,295.33123269103163
2004-01-14 06:00:00,305.00801114639256,296.9361275083662
2004-01-14 08:00:00,308.0957286581971,298.80940223070803
2004-01-14 09:00:00,307.8598671606032,299.4247151097091
2004-01-14 17:00:00,287.5965887695689,289.18710364766406
2004-01-14 18:00:00,286.2517965637113,288.03169758330876
2004-01-14 20:00:00,284.11929582263735,287.57996576482606
2004-01-14 21:00:00,283.4034454627838,287.03157057563766
2004-01-15 05:00:00,298.91833919295914,295.45869154261516
2004-01-15 06:00:00,303.64506653020123,297.46160978014564
2004-01-15 08:00:00,308.8750425318173,299.8894886786839
2004-01-15 09:00:00,309.09779849294887,300.4826846130089
2004-01-15 17:00:00,287.92179611981925,289.8736114972178
2004-01-15 18:00:00,287.33575392430663,289.35029101261557
2004-01-15 20:00:00,286.0519418819293,288.2258911603037
2004-01-15 21:00:00,285.07621088013263,287.40831348671935
2004-01-16 05:00:00,296.7325834676922,294.9742663226253
2004-01-16 06:00:00,301.12355429439225,297.4326568274359
2004-01-16 08:00:00,306.64425409960637,300.21773137590736
2004-01-16 09:00:00,306.48368471025134,300.5059709357921
2004-01-16 17:00:00,290.2377284304203,291.3843338882611
2004-01-16 18:00:00,289.0606699327842,290.36949082478907
2004-01-16 20:00:00,287.18151521609275,288.86523808977455
2004-01-16 21:00:00,286.473747711887,288.26780230458974
2004-01-17 05:00:00,298.2773820027732,294.862472769292
2004-01-17 06:00:00,301.90499130272536,296.7814702532141
2004-01-17 08:00:00,304.9318358622641,298.3483722140132
2004-01-17 09:00:00,304.9330534619066,298.73824132792936
2004-01-17 17:00:00,288.33366805489516,289.92956272589595
2004-01-17 18:00:00,287.66582431411155,289.28144815265676
2004-01-17 20:00:00,286.34659890290953,287.6165143264277
2004-01-17 21:00:00,285.84337335007586,287.11588051065644
2004-01-18 05:00:00,295.40431044098045,291.86360217830617
2004-01-18 06:00:00,299.199748011326,293.46513416072804
2004-01-18 08:00:00,302.89121381527474,294.9081222463646
2004-01-18 09:00:00,302.8964137472615,295.20382351867966
2004-01-18 17:00:00,285.2478502505733,286.3094098718581
2004-01-18 18:00:00,284.38386914175356,285.55851124908963
2004-01-18 20:00:00,282.87371468801166,284.14372700131366
2004-01-18 21:00:00,282.2675278814989,283.56567027792914
2004-01-19 05:00:00,293.1659185001039,289.3104959731844
2004-01-19 06:00:00,297.80364491796274,291.632328286193
2004-01-19 08:00:00,303.07562592069985,294.1235714105686
2004-01-19 09:00:00,303.0357550105255,294.67024703532775
2004-01-19 17:00:00,285.6254006548912,286.45458264931324
2004-01-19 18:00:00,284.6830569415688,285.6807266258863
2004-01-19 20:00:00,283.60843558524533,284.8623692963634
2004-01-19 21:00:00,283.18331293185435,284.48595215690153
2004-01-20 05:00:00,291.8708666550176,289.91950692528025
2004-01-20 06:00:00,295.53427714155345,292.0611796327659
2004-01-20 08:00:00,298.5304647718997,293.8452371559084
2004-01-20 09:00:00,298.1178835264891,294.0792569482271
2004-01-20 17:00:00,285.6571410756633,287.059320270556
2004-01-20 18:00:00,285.7251661679778,286.60650611254397
2004-01-20 20:00:00,284.8046479776203,285.52029677568856
2004-01-20 21:00:00,284.69841203263434,285.3498237268951
2004-01-21 05:00:00,290.90288544876734,288.95531135641374
2004-01-21 06:00:00,295.3883003740355,291.67569950144906
2004-01-21 08:00:00,298.344659038244,293.10106387380824
2004-01-21 09:00:00,299.7031870931617,293.97568665961455
2004-01-21 17:00:00,285.49847854120526,286.65220106033775
2004-01-21 18:00:00,284.91949554584426,286.0134705013046
2004-01-21 20:00:00,284.3577024345222,285.1009018579139
2004-01-21 21:00:00,284.1285655017259,284.7451654795689
2004-01-22 05:00:00,289.7708923621979,287.6879259059536
2004-01-22 06:00:00,292.72934199775494,288.9590951834328
2004-01-22 08:00:00,296.67714010511963,291.0777019389054
2004-01-22 09:00:00,297.6347354365791,292.201711199133
2004-01-22 17:00:00,284.7797395679727,285.1647285496693
2004-01-22 18:00:00,284.38351851876234,284.7819700314561
2004-01-22 20:00:00,284.03897416830426,284.58797709930843
2004-01-22 21:00:00,283.7099002079898,284.22891940688504
2004-01-23 05:00:00,289.31611924840047,287.2356502726927
2004-01-23 06:00:00,293.3528978909109,288.7351812941635
2004-01-23 08:00:00,297.8809057626592,291.3409359642464
2004-01-23 09:00:00,298.7422236602736,291.68939961343773
2004-01-23 17:00:00,282.64434113818436,283.55804699631796
2004-01-23 18:00:00,281.78343995363207,282.8221467757262
2004-01-23 20:00:00,280.62048986402607,281.96284630632914
2004-01-23 21:00:00,280.0290949370351,281.42656755961696
2004-01-24 05:00:00,291.4715032357097,288.12158287765436
2004-01-24 06:00:00,295.6354590417424,289.6116883170623
2004-01-24 08:00:00,299.8468014521665,291.4910847997445
2004-01-24 09:00:00,299.84670345735475,291.91548967875764
2004-01-24 17:00:00,283.21241431096666,284.27628630886466
2004-01-24 18:00:00,282.7307156649503,283.85444013363406
2004-01-24 20:00:00,282.59210230940477,283.59029236780293
2004-01-24 21:00:00,281.9452201008613,282.90675043655654
2004-01-25 05:00:00,292.82532210857,288.2550400556144
2004-01-25 06:00:00,296.44847454899815,289.63566575248734
2004-01-25 08:00:00,301.2491175294474,291.8585582198274
2004-01-25 09:00:00,301.6449382999462,292.42784459565195
2004-01-25 17:00:00,283.63291444469854,284.6127269021903
2004-01-25 18:00:00,282.7800229253313,283.86927659045017
2004-01-25 20:00:00,281.29998826319337,282.5627310683804
2004-01-25 21:00:00,280.6107656423043,281.892008800536
2004-01-26 05:00:00,294.04861563049224,289.2677272097171
2004-01-26 06:00:00,298.26203561086317,290.6755455028845
2004-01-26 08:00:00,302.8363652868521,292.7486766468395
2004-01-26 09:00:00,302.921598014185,293.3499378269002
2004-01-26 17:00:00,283.7898134487252,284.7675670041877
2004-01-26 18:00:00,282.94266694572934,284.0067403878563
2004-01-26 20:00:00,281.57934003691827,282.83261258870317
2004-01-26 21:00:00,280.95348128919795,282.2191396751462
2004-01-27 05:00:00,292.9953928801973,288.57723303091
2004-01-27 06:00:00,297.0112589643623,290.2171474274575
2004-01-27 08:00:00,302.1066185902741,292.35844524836136
2004-01-27 09:00:00,302.8159231412209,292.98475221419375
2004-01-27 17:00:00,283.4911790562705,284.50120798354897
2004-01-27 18:00:00,282.6624428818149,283.7625617922179
2004-01-27 20:00:00,281.38370886569027,282.637504142679
2004-01-27 21:00:00,280.73945883352695,281.98835606273775
2004-01-28 05:00:00,291.894727498247,288.7760903897748
2004-01-28 06:00:00,295.6450238808278,290.9591497765116
2004-01-28 08:00:00,301.3344056257298,293.85207215295924
2004-01-28 09:00:00,302.42809628338216,294.53015764468626
2004-01-28 17:00:00,285.46213723110674,286.51808737826826
2004-01-28 18:00:00,284.6996170302569,285.82036436577613
2004-01-28 20:00:00,283.65450478481773,284.9427857479807
2004-01-28 21:00:00,283.3164777476541,284.6012895110943
2004-01-29 05:00:00,292.08520794649525,289.6428400401158
2004-01-29 06:00:00,295.66024763815574,291.85148068091536
2004-01-29 08:00:00,300.8818171990487,295.00038041172115
2004-01-29 09:00:00,301.5182722235681,295.6541445692442
2004-01-29 17:00:00,287.78096687775366,288.40760920778814
2004-01-29 18:00:00,286.78540901924686,287.405563330981
2004-01-29 20:00:00,285.2055926918065,285.95337948556676
2004-01-29 21:00:00,284.60333548194643,285.3863734170358
2004-01-30 05:00:00,291.64282400545613,290.0445867459102
2004-01-30 06:00:00,295.32431947211455,292.80595082898714
2004-01-30 08:00:00,301.5552271062678,295.38229033906583
2004-01-30 09:00:00,301.2680865788864,295.73880374009144
2004-01-30 17:00:00,286.4390352363763,286.9795026029754
2004-01-30 18:00:00,285.4945741721037,286.02394200399954
2004-01-30 20:00:00,284.11812846649593,284.62138601811534
2004-01-30 21:00:00,283.449847252233,283.8527583752649
2004-01-31 05:00:00,292.0585222523459,286.8378751781211
2004-01-31 06:00:00,296.7083674402928,289.1414533947209
2004-01-31 08:00:00,300.72856826664673,291.2335607355291
2004-01-31 09:00:00,300.6088056520247,291.7212417437961
2004-01-31 17:00:00,282.8854607110398,283.7710580928667
2004-01-31 18:00:00,282.1023125317872,283.0421393442963
2004-01-31 20:00:00,281.09531100468575,282.24806462597957
2004-01-31 21:00:00,280.60116372600726,281.74802460986405
2004-02-01 05:00:00,292.1291170281879,287.17315560974214
2004-02-01 06:00:00,295.92202032292016,289.1732292939408
2004-02-01 08:00:00,299.52510588047875,291.2795751774439
2004-02-01 09:00:00,299.6740241146235,291.63098732312034
2004-02-01 17:00:00,282.14386837434694,283.0957611272074
2004-02-01 18:00:00,281.31087304631075,282.3310455886535
2004-02-01 20:00:00,279.90565857497864,281.1294572592149
2004-02-01 21:00:00,279.2944915959574,280.562426997627
2004-02-02 05:00:00,291.5234602353606,286.6852868407827
2004-02-02 06:00:00,295.1921040163202,288.53918480542484
2004-02-02 08:00:00,299.64913409075865,291.21537150660726
2004-02-02 09:00:00,300.0428271888768,291.86001918422426
2004-02-02 17:00:00,281.58102515739364,282.90074312888964
2004-02-02 18:00:00,280.59535995506906,282.07198932101073
2004-02-02 20:00:00,278.96468497865555,280.8102917311188
2004-02-02 21:00:00,278.2674001684909,280.17308178447615
2004-02-03 05:00:00,292.795498723058,287.8304943208151
2004-02-03 06:00:00,297.3005206515132,289.91772065948817
2004-02-03 08:00:00,303.07742048595645,293.08621599053384
2004-02-03 09:00:00,303.5636523559759,293.98793175554795
2004-02-03 17:00:00,282.3925623019414,283.9143818295425
2004-02-03 18:00:00,281.2200802419512,282.8458502817962
2004-02-03 20:00:00,278.625487058666,281.09177120073554
2004-02-03 21:00:00,277.6247145501418,281.16472760922005
2004-02-04 05:00:00,297.6666743861876,290.65703762624594
2004-02-04 06:00:00,301.2278152724444,292.764236520729
2004-02-04 08:00:00,304.4509858306273,295.30337413911275
2004-02-04 09:00:00,304.64469187873175,295.99943763486044
2004-02-04 17:00:00,283.9426041472308,285.64315690097897
2004-02-04 18:00:00,282.57446818065205,284.2968561675038
2004-02-04 20:00:00,279.8800127825862,283.65738695611935
2004-02-04 21:00:00,279.0719607548648,284.2675218391124
2004-02-05 05:00:00,296.48742048031374,292.51660633527996
2004-02-05 06:00:00,300.9176893895507,294.1605642403954
2004-02-05 08:00:00,304.8290277607452,295.90536574259374
2004-02-05 09:00:00,304.570480581792,296.31109847199565
2004-02-05 17:00:00,283.98940120749927,286.1064846703011
2004-02-05 18:00:00,282.44338363859066,284.85490102429975
2004-02-05 20:00:00,280.52451958090575,282.97138520932896
2004-02-05 21:00:00,279.8250943082507,282.2450222491483
2004-02-06 05:00:00,296.6810013311119,292.1987902813223
2004-02-06 06:00:00,300.57873887824724,293.85649546195623
2004-02-06 08:00:00,304.0877141496985,295.64677906477215
2004-02-06 09:00:00,304.31604173187117,296.1003355193763
2004-02-06 17:00:00,283.85879406098775,285.65293733805464
2004-02-06 18:00:00,282.24653832387116,284.2906344609194
2004-02-06 20:00:00,279.42074039500375,283.843158810091
2004-02-06 21:00:00,278.53333840862445,284.61990516321686
2004-02-07 05:00:00,296.9539962086729,292.61975283394975
2004-02-07 06:00:00,301.44304404236686,294.3693443733298
2004-02-07 08:00:00,306.1193822734345,296.8618413516663
2004-02-07 09:00:00,306.37854584633664,297.543683679519
2004-02-07 17:00:00,283.89334607234537,286.11090915485966
2004-02-07 18:00:00,282.2585654001574,285.14115842281393
2004-02-07 20:00:00,280.0968314289863,284.2432965247767
2004-02-07 21:00:00,279.4321884601987,283.13956262150606
2004-02-08 05:00:00,296.78088435333206,294.1775780723349
2004-02-08 06:00:00,301.2804220049701,296.40757102554863
2004-02-08 08:00:00,306.90898393298886,298.81416428952446
2004-02-08 09:00:00,307.7876434796397,299.36807011162006
2004-02-08 17:00:00,287.8858961390421,289.51194194211797
2004-02-08 18:00:00,287.18043764934333,288.703970087695
2004-02-08 20:00:00,285.7019398458566,287.419751959332
2004-02-08 21:00:00,285.07355740257697,286.80704765143486
2004-02-09 05:00:00,296.50495365183974,294.0983136475362
2004-02-09 06:00:00,301.2390652790275,296.9279928574761
2004-02-09 08:00:00,306.40439244815485,300.1362089794847
2004-02-09 09:00:00,306.48235141184,300.4421278096862
2004-02-09 17:00:00,289.35775827369633,290.3603049162173
2004-02-09 18:00:00,288.34737966387587,289.3086836569482
2004-02-09 20:00:00,286.552677736444,287.768687384889
2004-02-09 21:00:00,285.6729965797742,286.9040401558663
2004-02-10 05:00:00,296.52008287050694,292.2599324136743
2004-02-10 06:00:00,300.5865328984194,294.1189573784639
2004-02-10 08:00:00,305.38181153284205,296.43432297434754
2004-02-10 09:00:00,305.5962917051624,296.90886731728204
2004-02-10 17:00:00,286.2426396209764,287.5404266216355
2004-02-10 18:00:00,285.41434146075846,286.7827156666431
2004-02-10 20:00:00,284.3127616094698,285.6825512149852
2004-02-10 21:00:00,283.78025949533986,284.9460098666293
2004-02-11 05:00:00,296.1159207618843,291.3112734660897
2004-02-11 06:00:00,300.66665590635984,293.24804823865145
2004-02-11 08:00:00,306.0866504780868,295.5277772735925
2004-02-11 09:00:00,306.9076039647836,296.1914254351647
2004-02-11 17:00:00,287.1362503592516,288.3891725701801
2004-02-11 18:00:00,286.3613282660674,287.7678327281229
2004-02-11 20:00:00,285.2536483317935,286.8914644214883
2004-02-11 21:00:00,284.6828614691924,286.3184811866889
2004-02-12 05:00:00,298.0441273129409,293.52777193654305
2004-02-12 06:00:00,301.7773403408715,295.2207922795888
2004-02-12 08:00:00,306.4650822714408,297.88855163856357
2004-02-12 09:00:00,306.82490384376655,298.5418474288494
2004-02-12 17:00:00,288.2026759354837,289.84022188113175
2004-02-12 18:00:00,287.3098560209818,288.969263085599
2004-02-12 20:00:00,285.6651759919106,287.46104804980916
2004-02-12 21:00:00,284.80369953455283,286.64307919635974
2004-02-13 05:00:00,297.79791208040916,294.0695562377366
2004-02-13 06:00:00,301.36337541248105,295.923855374517
2004-02-13 08:00:00,305.96774160329295,298.4744267397559
2004-02-13 09:00:00,306.9740662655588,299.0993571700227
2004-02-13 17:00:00,289.03219291792817,290.6524366193633
2004-02-13 18:00:00,288.16445250430354,289.7044425458864
2004-02-13 20:00:00,286.74408102402884,288.23648362828334
2004-02-13 21:00:00,285.98638546889293,287.4382818189718
2004-02-14 05:00:00,298.364779644277,294.8905430633592
2004-02-14 06:00:00,303.0209556544323,297.21968565295765
2004-02-14 08:00:00,308.6638733286336,299.1490931812163
2004-02-14 09:00:00,309.6215343739843,299.7030021067944
2004-02-14 17:00:00,288.838600781739,290.3621977584204
2004-02-14 18:00:00,287.8309056027828,289.49151211637195
2004-02-14 20:00:00,286.1778240233246,288.03266927898386
2004-02-14 21:00:00,285.41024596885836,287.25472234834695
2004-02-15 05:00:00,300.39159039466523,294.84708384556467
2004-02-15 06:00:00,305.2037288154403,296.8974090717239
2004-02-15 08:00:00,309.7856189510304,299.52158970531593
2004-02-15 09:00:00,309.909960001753,300.2938293080852
2004-02-15 17:00:00,288.91755509339794,290.70151542111057
2004-02-15 18:00:00,287.66729042746806,289.66044785980085
2004-02-15 20:00:00,285.3133759344304,287.6981073035665
2004-02-15 21:00:00,284.34997937124575,287.3407605704615
2004-02-16 05:00:00,300.88050868147513,297.0329575972124
2004-02-16 06:00:00,305.3224302741523,298.9054253200537
2004-02-16 08:00:00,311.1299073817366,301.30319547726674
2004-02-16 09:00:00,311.9134737787702,301.952504938299
2004-02-16 17:00:00,290.16008033223443,292.14293756470295
2004-02-16 18:00:00,289.05526700482716,291.1851244957311
2004-02-16 20:00:00,287.6145804101036,289.76057504615727
2004-02-16 21:00:00,287.02020045017423,289.04749948181245
2004-02-17 05:00:00,299.1190830930172,296.5648084737487
2004-02-17 06:00:00,303.7942853554371,299.3498350828197
2004-02-17 08:00:00,309.1640015588887,302.49277690305547
2004-02-17 09:00:00,309.77943335769726,303.09861677784033
2004-02-17 17:00:00,289.90737945603667,292.2667976696796
2004-02-17 18:00:00,288.42421441452893,291.00290250851674
2004-02-17 20:00:00,286.64550127637773,289.6869136063822
2004-02-17 21:00:00,285.9850237924255,288.6238491487429
2004-02-18 05:00:00,301.1200617480168,297.12890227660193
2004-02-18 06:00:00,305.129821189563,298.9155389582982
2004-02-18 08:00:00,309.28042769468806,301.05808024119887
2004-02-18 09:00:00,309.67758780598456,301.67202935123294
2004-02-18 17:00:00,290.83630486298784,292.41963172289553
2004-02-18 18:00:00,289.9413116643168,291.615254100923
2004-02-18 20:00:00,288.7712770294519,290.4456957800914
2004-02-18 21:00:00,288.1060711077439,289.6822215405011
2004-02-19 05:00:00,300.6018768451614,296.6182296588351
2004-02-19 06:00:00,304.8571802500768,298.9592467368292
2004-02-19 08:00:00,309.46702439318454,301.17922030832443
2004-02-19 09:00:00,310.0307956219454,301.6274302384152
2004-02-19 17:00:00,290.08126878077155,291.7660433588484
2004-02-19 18:00:00,289.1082823390403,291.0173129888455
2004-02-19 20:00:00,287.58334164847207,289.6924635265568
2004-02-19 21:00:00,286.9111774133056,289.0510057117245
2004-02-20 05:00:00,301.4682943288277,296.8546308567418
2004-02-20 06:00:00,305.98992050006325,298.72766938525467
2004-02-20 08:00:00,311.8212177059133,300.9653673451193
2004-02-20 09:00:00,312.176989139504,301.6471054241727
2004-02-20 17:00:00,290.4561780744414,292.0727012646033
2004-02-20 18:00:00,289.48711243616236,291.3077911235886
2004-02-20 20:00:00,287.8766954183946,289.87170367836035
2004-02-20 21:00:00,287.1639187523323,289.1777413578357
2004-02-21 05:00:00,301.8806515122048,298.174517427277
2004-02-21 06:00:00,306.2366950882969,300.4143536865987
2004-02-21 08:00:00,311.30798525582475,302.8257199656247
2004-02-21 09:00:00,311.8358134077216,303.3404767428782
2004-02-21 17:00:00,289.5524787608942,291.70185320696953
2004-02-21 18:00:00,288.33839588135896,290.7005924642178
2004-02-21 20:00:00,287.39002511093537,289.83146738014165
2004-02-21 21:00:00,287.10389951638336,289.3811546995754
2004-02-22 05:00:00,302.72104032307817,298.9003068074607
2004-02-22 06:00:00,307.2386161674888,300.94405154564714
2004-02-22 08:00:00,313.5741836712431,303.030856586568
2004-02-22 09:00:00,314.2307502734826,303.55471874642626
2004-02-22 17:00:00,291.9284718047673,293.52216906907563
2004-02-22 18:00:00,290.91637334838305,292.6823813698509
2004-02-22 20:00:00,289.5408996676077,291.366124204568
2004-02-22 21:00:00,288.8622775320279,290.5730094027997
2004-02-23 05:00:00,303.6383006326591,297.85831607765704
2004-02-23 06:00:00,307.6328159326398,299.75019497864054
2004-02-23 08:00:00,311.4695038876292,301.89031810789885
2004-02-23 09:00:00,311.3784804851138,302.36905920560633
2004-02-23 17:00:00,290.0541206442153,292.6410357647207
2004-02-23 18:00:00,288.24802968829,292.57266729087416
2004-02-23 20:00:00,286.2869902671027,291.73058924506
2004-02-23 21:00:00,285.6352793924246,291.70736123013023
2004-02-24 05:00:00,305.294385701372,299.7065243478549
2004-02-24 06:00:00,310.3019723759961,301.2132046880267
2004-02-24 08:00:00,314.43131210256615,303.20155104062593
2004-02-24 09:00:00,314.4425645072949,303.8407218474636
2004-02-24 17:00:00,292.1863905285099,294.0087183172053
2004-02-24 18:00:00,290.68798517776753,292.81931195604415
2004-02-24 20:00:00,288.0381694964158,292.74253066993094
2004-02-24 21:00:00,287.19835151472523,292.8869205704088
2004-02-25 05:00:00,306.6389797780841,301.1605495458758
2004-02-25 06:00:00,310.81342580175186,302.7106542837087
2004-02-25 08:00:00,314.64622525772074,304.65825019448494
2004-02-25 09:00:00,314.8425235131121,305.16857609212485
2004-02-25 17:00:00,291.7215280635699,294.21947431050023
2004-02-25 18:00:00,289.91664551439567,294.8049823543508
2004-02-25 20:00:00,287.75990568140435,292.4336004271897
2004-02-25 21:00:00,286.99218030556324,290.8923118367953
2004-02-26 05:00:00,307.126460470661,302.20109536945364
2004-02-26 06:00:00,311.9069716067086,303.89942657047504
2004-02-26 08:00:00,316.05144487801243,305.80730211349044
2004-02-26 09:00:00,315.98232195226734,306.1747592402901
2004-02-26 17:00:00,293.88567101900315,295.7227968941852
2004-02-26 18:00:00,292.7820450087725,294.86636373699173
2004-02-26 20:00:00,290.68412148309596,292.87029615499205
2004-02-26 21:00:00,289.8547167902919,292.1124093595014
2004-02-27 05:00:00,304.46855304641605,300.8461237644378
2004-02-27 06:00:00,308.45450553247485,302.808396890461
2004-02-27 08:00:00,312.0409356397914,304.22227257021774
2004-02-27 09:00:00,312.15133311972596,304.5320963573015
2004-02-27 17:00:00,293.3363098003464,295.12339345405945
2004-02-27 18:00:00,292.47767288842806,294.4312715927147
2004-02-27 20:00:00,291.2744483653864,293.3869162443422
2004-02-27 21:00:00,290.6045421958888,292.51104947929207
2004-02-28 05:00:00,306.38801440693015,299.99236209440306
2004-02-28 06:00:00,311.0746274457323,301.9552284323012
2004-02-28 08:00:00,315.6151331121272,304.00897821035517
2004-02-28 09:00:00,315.6121145521731,304.3914476344692
2004-02-28 17:00:00,293.8769518083711,295.0949804602859
2004-02-28 18:00:00,292.6420187457868,294.10879671775695
2004-02-28 20:00:00,289.95113296391236,291.7662343170684
2004-02-28 21:00:00,288.7049116184605,290.806586125966
2004-02-29 05:00:00,304.5725851191211,300.00113862541684
2004-02-29 06:00:00,308.74386039463513,301.5456349941542
2004-02-29 08:00:00,314.11451681222314,303.0495223881468
2004-02-29 09:00:00,314.2373192644634,303.41279632615385
2004-02-29 17:00:00,292.0141116996025,293.5063209239801
2004-02-29 18:00:00,290.85275936273655,292.6328167790441
2004-02-29 20:00:00,288.7252833949767,290.7979880687085
2004-02-29 21:00:00,287.5858003354771,289.8278060936597
2004-03-01 05:00:00,304.849558637763,299.4797042352944
2004-03-01 06:00:00,308.92788030921224,301.00960936935735
2004-03-01 08:00:00,314.6363442631091,302.8313971520939
2004-03-01 09:00:00,314.4721707430753,303.3571431023314
2004-03-01 17:00:00,291.05323495262394,292.5915718960284
2004-03-01 18:00:00,289.8916491962545,291.66857084912033
2004-03-01 20:00:00,288.2184969956408,290.2155806625202
2004-03-01 21:00:00,287.60738411596265,289.60458891270525
2004-03-02 05:00:00,303.7393051170973,298.3113012798762
2004-03-02 06:00:00,307.81450560206804,300.14792982198423
2004-03-02 08:00:00,312.033803155132,302.3741390187127
2004-03-02 09:00:00,312.1236751891432,302.79603621331495
2004-03-02 17:00:00,290.4591554192072,292.4062811523814
2004-03-02 18:00:00,288.98336968326424,291.2344565369499
2004-03-02 20:00:00,286.93371680778426,289.4646361458283
2004-03-02 21:00:00,286.20209995734126,288.7361902316289
2004-03-03 05:00:00,305.641628506371,299.3890182659696
2004-03-03 06:00:00,309.1913913909019,300.8552973296132
2004-03-03 08:00:00,313.1618166601713,302.8738306924265
2004-03-03 09:00:00,313.33764519125725,303.4262810752645
2004-03-03 17:00:00,290.907198701691,292.8861393392178
2004-03-03 18:00:00,289.08826212596455,292.33457537681926
2004-03-03 20:00:00,286.72394835673424,290.3087945359146
2004-03-03 21:00:00,285.96814141177987,289.5572029196059
2004-03-04 05:00:00,306.52955114896565,300.86880784703334
2004-03-04 06:00:00,311.2901209050959,302.3497250737688
2004-03-04 08:00:00,315.97983836686853,304.26170264480663
2004-03-04 09:00:00,315.8493923428246,304.714280632501
2004-03-04 17:00:00,292.62443107522694,294.5326579230592
2004-03-04 18:00:00,291.43180586193307,293.67559678087986
2004-03-04 20:00:00,288.55357880438055,292.1100196544488
2004-03-04 21:00:00,287.46283699588156,291.4506843931319
2004-03-05 05:00:00,308.2644715860188,302.1260214924629
2004-03-05 06:00:00,312.2701445874889,303.74100972838323
2004-03-05 08:00:00,314.1801018619391,305.0539195996771
2004-03-05 09:00:00,313.84782743527455,305.2448693321005
2004-03-05 17:00:00,292.0025293852772,294.33556614010286
2004-03-05 18:00:00,289.9787027508893,293.0177244589031
2004-03-05 20:00:00,288.2597579838499,291.08422750464206
2004-03-05 21:00:00,287.7088732844325,290.477434837212
2004-03-06 05:00:00,307.8659942344819,301.8880038738985
2004-03-06 06:00:00,310.6288896275595,303.16323626831246
2004-03-06 08:00:00,313.35532507286604,304.77729936079555
2004-03-06 09:00:00,313.39324170598996,305.13189088324737
2004-03-06 17:00:00,292.2123705800766,294.1273636310971
2004-03-06 18:00:00,290.8338464346064,292.9098017946781
2004-03-06 20:00:00,288.86344415932115,291.4157880362818
2004-03-06 21:00:00,288.1060695089802,290.5976305522243
2004-03-07 05:00:00,306.67783723663666,301.0438385244878
2004-03-07 06:00:00,310.30489540981773,302.9165988210905
2004-03-07 08:00:00,314.72196887564405,305.6528907858168
2004-03-07 09:00:00,315.2930597149536,306.47627046699705
2004-03-07 17:00:00,293.0325920681006,295.27579210278435
2004-03-07 18:00:00,292.002607865767,294.5074633582164
2004-03-07 20:00:00,289.0674181498805,294.68205588036585
2004-03-07 21:00:00,287.6687583041669,293.7455480543234
2004-03-08 05:00:00,306.6626458777853,302.61696386116864
2004-03-08 06:00:00,311.1513117480168,304.5715331325913
2004-03-08 08:00:00,316.4923573216231,306.30519672975703
2004-03-08 09:00:00,317.15737461272306,306.8054451494261
2004-03-08 17:00:00,294.1400225717224,295.64122994397934
2004-03-08 18:00:00,293.10079389434014,294.5498208162046
2004-03-08 20:00:00,291.49989405839216,292.96476900779595
2004-03-08 21:00:00,290.7872544392966,292.22955766627894
2004-03-09 05:00:00,303.5390581974447,299.6347535637384
2004-03-09 06:00:00,308.07894455449787,302.116656710444
2004-03-09 08:00:00,314.3898792707681,304.8647218301594
2004-03-09 09:00:00,315.7188751032613,305.4546341859321
2004-03-09 17:00:00,294.6016880264635,295.8548711180136
2004-03-09 18:00:00,293.61432978037874,294.9115395803114
2004-03-09 20:00:00,292.27221787839164,293.69626451677465
2004-03-09 21:00:00,291.6695570982476,293.0434584889463
2004-03-10 05:00:00,305.08856158851665,300.7298767136867
2004-03-10 06:00:00,309.6652844727315,303.0631756892741
2004-03-10 08:00:00,316.3153620221766,305.84615543406625
2004-03-10 09:00:00,317.59480426711923,306.49630645610887
2004-03-10 17:00:00,292.8778459875169,297.75761037394517
2004-03-10 18:00:00,291.36835664299497,295.3867491970445
2004-03-10 20:00:00,289.3960347462141,295.797047454881
2004-03-10 21:00:00,288.57778469843936,294.77869221315547
2004-03-11 05:00:00,307.7025742023862,302.17988976712223
2004-03-11 06:00:00,312.91337190460536,304.810662385679
2004-03-11 08:00:00,317.1913950821652,307.0890164838183
2004-03-11 09:00:00,317.217402500805,307.45567552187407
2004-03-11 17:00:00,295.3773085913048,297.2183372133134
2004-03-11 18:00:00,294.02507738486645,296.14202887912745
2004-03-11 20:00:00,291.5091564489991,294.2958385073716
2004-03-11 21:00:00,290.53004225156343,293.82820181119246
2004-03-12 05:00:00,310.5557145176022,304.04179617436534
2004-03-12 06:00:00,315.5624393645347,305.6907022061811
2004-03-12 08:00:00,319.2934274776323,307.65688054771016
2004-03-12 09:00:00,318.83684990035005,308.08201239399256
2004-03-12 17:00:00,295.97570600935785,297.6967236440979
2004-03-12 18:00:00,294.46459932724025,296.48724553324223
2004-03-12 20:00:00,291.9663074652109,297.0391936456478
2004-03-12 21:00:00,291.12707220938614,296.0627203002366
2004-03-13 05:00:00,310.63644054160096,304.9088512591111
2004-03-13 06:00:00,314.96218049177224,306.64680170608784
2004-03-13 08:00:00,319.2622335989413,308.848879398293
2004-03-13 09:00:00,318.8324019986052,309.26188088345054
2004-03-13 17:00:00,296.33376113585956,298.34770393077696
2004-03-13 18:00:00,295.2994308589236,297.47866419247015
2004-03-13 20:00:00,293.89769407486875,296.18790949511424
2004-03-13 21:00:00,293.3269845407072,295.5125261491914
2004-03-14 05:00:00,310.22967628044046,303.4278741257584
2004-03-14 06:00:00,314.6417602162882,305.961104053562
2004-03-14 08:00:00,319.60285933249173,308.73473697891586
2004-03-14 09:00:00,319.62907783496547,309.1858175362938
2004-03-14 17:00:00,296.19025948969727,298.16300221400564
2004-03-14 18:00:00,294.61383371691124,297.1467516741878
2004-03-14 20:00:00,292.1623296987478,295.05390114336063
2004-03-14 21:00:00,291.18399424031264,294.60098276006056
2004-03-15 05:00:00,313.280671529667,305.7027668063924
2004-03-15 06:00:00,317.98933443560253,307.6718242392518
2004-03-15 08:00:00,320.67865185377593,309.8757673595646
2004-03-15 09:00:00,320.3759443991357,310.21206829617677
2004-03-15 17:00:00,297.6226498173271,299.5787658456294
2004-03-15 18:00:00,296.0678636877122,298.51553281246237
2004-03-15 20:00:00,294.6134058830367,297.416313864968
2004-03-15 21:00:00,294.25112188542016,297.0562503855842
2004-03-16 05:00:00,310.48623626661964,306.6006495353805
2004-03-16 06:00:00,314.52643268979017,308.63174899296695
2004-03-16 08:00:00,318.381260617672,310.65070826173377
2004-03-16 09:00:00,318.47349151000043,311.027785667102
2004-03-16 17:00:00,297.5415532563244,299.7597159692797
2004-03-16 18:00:00,296.55463993677927,299.02695289929216
2004-03-16 20:00:00,295.23410306909966,297.87614008311317
2004-03-16 21:00:00,294.6248186343623,297.0962385697798
2004-03-17 05:00:00,312.08093656707433,307.55494546522897
2004-03-17 06:00:00,316.56980743173096,309.47496178484477
2004-03-17 08:00:00,319.33095956105853,310.69970305785193
2004-03-17 09:00:00,318.8418855828754,310.83653242819486
2004-03-17 17:00:00,296.9203412683425,299.34451648964904
2004-03-17 18:00:00,295.6615133417773,298.3873495093112
2004-03-17 20:00:00,294.4163429013386,297.410033521373
2004-03-17 21:00:00,293.90490760274224,296.66166176818
2004-03-18 05:00:00,310.71856021734163,306.53983839414155
2004-03-18 06:00:00,315.2719142308404,308.6712422422342
2004-03-18 08:00:00,319.4418349773013,310.57644119615367
2004-03-18 09:00:00,319.51518992466623,310.8072055528638
2004-03-18 17:00:00,297.8031811589269,299.86678240148603
2004-03-18 18:00:00,296.80031575113304,299.05077694744466
2004-03-18 20:00:00,295.5469446637781,298.126716813615
2004-03-18 21:00:00,294.98620553744047,297.3928831362026
2004-03-19 05:00:00,312.68227709754035,307.6752668242609
2004-03-19 06:00:00,317.701831788238,309.4646580347846
2004-03-19 08:00:00,321.70000207369065,311.1732510418297
2004-03-19 09:00:00,321.0453795681382,311.33091291477575
2004-03-19 17:00:00,298.25671553648493,300.07323440528245
2004-03-19 18:00:00,296.5549314525352,298.6497310174081
2004-03-19 20:00:00,294.2957830443772,296.6759853980207
2004-03-19 21:00:00,293.4757320127796,295.9060670120875
2004-03-20 05:00:00,313.55849486176146,306.1753734712057
2004-03-20 06:00:00,316.9497987250518,307.96199367152894
2004-03-20 08:00:00,319.4896192036351,310.0642855604551
2004-03-20 09:00:00,318.9253035958265,310.2967347555057
2004-03-20 17:00:00,296.36279865846797,298.6703466524145
2004-03-20 18:00:00,294.99971951101156,297.63192774885795
2004-03-20 20:00:00,294.87962202592337,298.59051640632526
2004-03-20 21:00:00,295.33361045237865,298.49137264774834
2004-03-21 05:00:00,311.10561238011155,307.3157568697937
2004-03-21 06:00:00,315.13746939307924,309.26984968611566
2004-03-21 08:00:00,319.1483253044046,310.9449182166524
2004-03-21 09:00:00,319.35706673785245,311.22883260341933
2004-03-21 17:00:00,299.3488817494162,301.63268502210434
2004-03-21 18:00:00,298.39511512791614,300.81215325636197
2004-03-21 20:00:00,297.232630325576,299.72661895046616
2004-03-21 21:00:00,296.71028894268676,299.0410773890044
2004-03-22 05:00:00,311.38734974442355,307.815287632641
2004-03-22 06:00:00,315.35583202203355,309.8766704729783
2004-03-22 08:00:00,319.25267734145535,311.6374585073792
2004-03-22 09:00:00,319.46050926643454,311.80931766080926
2004-03-22 17:00:00,300.2181463256271,302.2304744397179
2004-03-22 18:00:00,299.3270417200215,301.32670713168994
2004-03-22 20:00:00,296.80491316079724,298.35153014854586
2004-03-22 21:00:00,295.240612529643,297.03909158339303
2004-03-23 05:00:00,312.0413021563749,307.0027277025126
2004-03-23 06:00:00,315.93345378764053,308.7544799240418
2004-03-23 08:00:00,319.8238190120468,310.9911929749194
2004-03-23 09:00:00,319.25882809114387,311.10147179367
2004-03-23 17:00:00,298.98775346988157,300.4507823174099
2004-03-23 18:00:00,297.66161904827294,299.0824266383754
2004-03-23 20:00:00,295.2337097497126,296.92158665826037
2004-03-23 21:00:00,294.15255198897495,295.9186319077878
2004-03-24 05:00:00,310.05760851185573,303.23747794176285
2004-03-24 06:00:00,313.83004586759074,304.9116491191376
2004-03-24 08:00:00,316.9570633193194,307.2098052461269
2004-03-24 09:00:00,316.42807519380784,307.58143053804235
2004-03-24 17:00:00,295.6232783665826,297.3422036428114
2004-03-24 18:00:00,294.48674775345484,296.3421617928198
2004-03-24 20:00:00,292.3005333240668,294.08940655865547
2004-03-24 21:00:00,291.28363523791865,293.06635073998314
2004-03-25 05:00:00,311.2602520958852,303.3717859911808
2004-03-25 06:00:00,315.1142679928632,304.7722283173783
2004-03-25 08:00:00,316.1659693313857,306.01085313700014
2004-03-25 09:00:00,315.32968132595073,306.0987193338309
2004-03-25 17:00:00,293.4260109077066,295.0661039661002
2004-03-25 18:00:00,291.99526382704914,293.6955623068318
2004-03-25 20:00:00,289.0178174693338,291.26186012303333
2004-03-25 21:00:00,288.0489629148886,290.2820080961395
2004-03-26 05:00:00,308.84287815652385,302.02001656883493
2004-03-26 06:00:00,313.241934001905,303.81989233078684
2004-03-26 08:00:00,319.2283084205192,305.5702161509745
2004-03-26 09:00:00,319.3529821551636,306.0253811734851
2004-03-26 17:00:00,294.63671315432697,296.20721574263143
2004-03-26 18:00:00,293.65676757624414,295.4948102013539
2004-03-26 20:00:00,291.7678185508505,293.7558004088321
2004-03-26 21:00:00,290.8511536632003,292.8901445244788
2004-03-27 05:00:00,310.6190749581312,303.2786378787001
2004-03-27 06:00:00,314.7302974001468,304.5652908301684
2004-03-27 08:00:00,318.1015048269498,306.1405555243118
2004-03-27 09:00:00,317.41652638298706,306.3995241420846
2004-03-27 17:00:00,294.57711215967026,296.2163978188725
2004-03-27 18:00:00,293.52292965740565,295.38583272925143
2004-03-27 20:00:00,291.91207055795724,294.1786441420921
2004-03-27 21:00:00,291.19173136330534,293.4837640606567
2004-03-28 05:00:00,313.924989650356,303.6777000956249
2004-03-28 06:00:00,316.027456110174,304.8868971767337
2004-03-28 08:00:00,318.2179921154616,306.5333239021948
2004-03-28 09:00:00,317.95516107262375,306.9029541015625
2004-03-28 17:00:00,295.50603796631236,297.30340084787144
2004-03-28 18:00:00,294.37155069077886,296.4533064361714
2004-03-28 20:00:00,292.6973555789707,295.0794597090852
2004-03-28 21:00:00,291.90676931607527,294.30348713409
2004-03-29 05:00:00,314.48850759262297,304.9804573470529
2004-03-29 06:00:00,317.5200117255212,306.3061876576193
2004-03-29 08:00:00,320.6688719104361,307.9296523507094
2004-03-29 09:00:00,320.71595399736077,308.190290171854
2004-03-29 17:00:00,295.7842244763955,297.58611058968427
2004-03-29 18:00:00,294.04966065769753,296.2704483055738
2004-03-29 20:00:00,291.02588767593926,295.53194527412967
2004-03-29 21:00:00,290.1018793138407,296.53832998408006
2004-03-30 05:00:00,313.68562805928144,306.0979693255549
2004-03-30 06:00:00,317.85504564188295,307.4715530795199
2004-03-30 08:00:00,322.142569990114,308.7775946383484
2004-03-30 09:00:00,321.8865665147778,309.0743988225199
2004-03-30 17:00:00,296.7030283923509,298.4605427699391
2004-03-30 18:00:00,295.10535302771996,297.04348357543006
2004-03-30 20:00:00,291.85299837791314,296.67836127846925
2004-03-30 21:00:00,290.7996352420566,296.5286590623195
2004-03-31 05:00:00,314.0651547001396,306.6845161661345
2004-03-31 06:00:00,318.0202747456649,308.0238884454149
2004-03-31 08:00:00,322.42086074899635,309.4817931141435
2004-03-31 09:00:00,322.3800044831216,309.75394229271745
2004-03-31 17:00:00,297.33442840811284,299.1909105862234
2004-03-31 18:00:00,295.67299074898887,297.61604934480783
2004-03-31 20:00:00,292.888052730237,295.7379524924538
2004-03-31 21:00:00,291.9767349313698,294.794585711416
2004-04-01 05:00:00,309.89894233315687,304.4738175872662
2004-04-01 06:00:00,314.32211172048045,306.554409902893
2004-04-01 08:00:00,316.7390344558034,307.84615841999266
2004-04-01 09:00:00,316.1464055888642,307.8884470370959
2004-04-01 17:00:00,297.5577424318287,298.9426301976749
2004-04-01 18:00:00,296.8146646790585,298.24097359162084
2004-04-01 20:00:00,295.4628722392172,296.80865431493163
2004-04-01 21:00:00,294.60846664358183,295.9219991157896
2004-04-02 05:00:00,309.07150990349487,303.95376932529166
2004-04-02 06:00:00,313.0626006986033,305.7593229790498
2004-04-02 08:00:00,318.1150792714077,308.6352300893728
2004-04-02 09:00:00,318.0749203251396,309.01637228097314
2004-04-02 17:00:00,297.60726583095834,299.1828494784645
2004-04-02 18:00:00,296.61837194880644,298.37954584953417
2004-04-02 20:00:00,295.29259541515944,297.3882084686326
2004-04-02 21:00:00,294.8890205700703,296.93450965352343
2004-04-03 05:00:00,310.9079942277106,305.9433121409365
2004-04-03 06:00:00,314.95194222049093,307.82633513698966
2004-04-03 08:00:00,319.15852816777164,309.50464137566655
2004-04-03 09:00:00,319.2468410544844,309.82731814156693
2004-04-03 17:00:00,299.33803858117807,300.9333810909136
2004-04-03 18:00:00,298.52726472875196,300.4039146294028
2004-04-03 20:00:00,297.4673136988847,299.5666630631787
2004-04-03 21:00:00,296.95970908519115,298.8452906439595
2004-04-04 05:00:00,313.7350165979888,307.12725865344976
2004-04-04 06:00:00,318.04420508809375,309.0845020923115
2004-04-04 08:00:00,322.8834904228411,310.7700531052882
2004-04-04 09:00:00,322.50230645178283,311.0948498318853
2004-04-04 17:00:00,299.6984613591975,301.22641790592803
2004-04-04 18:00:00,298.4312776351012,299.99647782947324
2004-04-04 20:00:00,295.7192418079347,299.4986238406142
2004-04-04 21:00:00,294.401197271832,299.4630407912338
2004-04-05 05:00:00,314.6355181254665,307.68456384691143
2004-04-05 06:00:00,318.56206704067705,309.228187290656
2004-04-05 08:00:00,320.4164949484709,310.60187249558373
2004-04-05 09:00:00,320.5089896133023,311.0039775595643
2004-04-05 17:00:00,299.70272542662536,301.5767724694016
2004-04-05 18:00:00,299.0453102570286,301.04548602699316
2004-04-05 20:00:00,298.7599248195466,300.8038776086181
2004-04-05 21:00:00,298.510330576375,300.37987383120975
2004-04-06 05:00:00,312.68033763256574,308.01346481158663
2004-04-06 06:00:00,316.8578630867651,309.86850774967803
2004-04-06 08:00:00,321.47681705610046,311.5228625093293
2004-04-06 09:00:00,321.4702941471329,311.74817256604206
2004-04-06 17:00:00,300.62677563871557,302.4024943629472
2004-04-06 18:00:00,299.8816365152368,301.7168546420951
2004-04-06 20:00:00,298.73971110903796,300.49922076726364
2004-04-06 21:00:00,298.12311204813295,299.87597543396095
2004-04-07 05:00:00,311.66934319306597,306.345966380256
2004-04-07 06:00:00,315.8134943840133,308.5067294551339
2004-04-07 08:00:00,318.9058725742052,310.1632948818119
2004-04-07 09:00:00,318.3486430163744,310.16682542233696
2004-04-07 17:00:00,300.04839149792497,301.77503955529545
2004-04-07 18:00:00,299.13672009014016,301.007240025031
2004-04-07 20:00:00,298.37913259262297,300.0398850169131
2004-04-07 21:00:00,298.03106454340815,299.5770680761117
2004-04-08 05:00:00,310.6813401279538,305.91319152643945
2004-04-08 06:00:00,314.63876683686294,308.0283305633968
2004-04-08 08:00:00,320.01085537056707,309.9153676084451
2004-04-08 09:00:00,320.12348413687823,310.19209164941265
2004-04-08 17:00:00,301.14008412412574,302.40768912246307
2004-04-08 18:00:00,300.07144844513647,301.46457720317164
2004-04-08 20:00:00,298.73892369439307,300.0809336516817
2004-04-08 21:00:00,298.0865882203465,299.30173206770183
2004-04-09 05:00:00,311.6785173695333,306.2588020877221
2004-04-09 06:00:00,315.6162799194524,308.24062372098905
2004-04-09 08:00:00,320.1117982320683,310.49289086199326
2004-04-09 09:00:00,320.90681158926895,310.99903272443635
2004-04-09 17:00:00,300.93741618246065,302.3755589560111
2004-04-09 18:00:00,300.0075671603022,301.4588795619312
2004-04-09 20:00:00,298.43095832906994,299.86259321732956
2004-04-09 21:00:00,297.73195188548794,299.18690829284384
2004-04-10 05:00:00,312.40826622914466,307.007405356009
2004-04-10 06:00:00,316.2602626289168,308.72106703183687
2004-04-10 08:00:00,320.755273780764,310.7776576954705
2004-04-10 09:00:00,320.9204655251996,311.12102380408714
2004-04-10 17:00:00,300.85282731019475,302.1943035390234
2004-04-10 18:00:00,299.85336273146333,301.2928554963992
2004-04-10 20:00:00,298.32438337564105,299.79171978637504
2004-04-10 21:00:00,297.6371239895813,299.0071606511144
2004-04-11 05:00:00,313.1122033305822,307.6062102707215
2004-04-11 06:00:00,317.08166099513073,309.3628800543504
2004-04-11 08:00:00,321.87079066671834,311.4553059488305
2004-04-11 09:00:00,321.8667519544417,311.80424490107225
2004-04-11 17:00:00,300.6145317653662,302.2268932089783
2004-04-11 18:00:00,299.57641951879845,301.3600023266714
2004-04-11 20:00:00,298.6153522132909,300.5451708589386
2004-04-11 21:00:00,298.33099849565747,300.1158929480978
2004-04-12 05:00:00,312.8818534768785,308.23861228813564
2004-04-12 06:00:00,316.41157329541693,309.91103239603143
2004-04-12 08:00:00,319.99202480228,311.58379054840987
2004-04-12 09:00:00,320.1314836217001,311.85797267261387
2004-04-12 17:00:00,301.6043650152504,303.3465996552689
2004-04-12 18:00:00,300.79076090432096,302.550982482628
2004-04-12 20:00:00,299.40416133275204,301.11421789042936
2004-04-12 21:00:00,298.8331050784636,300.58348410302204
2004-04-13 05:00:00,312.4812349104918,307.990059380906
2004-04-13 06:00:00,316.36497140187885,310.0051179718347
2004-04-13 08:00:00,319.87384190728375,311.9214659515992
2004-04-13 09:00:00,319.80982124787084,312.23165077714964
2004-04-13 17:00:00,301.5633475328631,303.09386149025846
2004-04-13 18:00:00,300.618978538572,302.32106791585915
2004-04-13 20:00:00,299.5802688716189,301.4592450675318
2004-04-13 21:00:00,298.89370146811655,300.60568538248447
2004-04-14 05:00:00,313.5861866720285,308.95738168490135
2004-04-14 06:00:00,316.70299084491467,310.47161949874805
2004-04-14 08:00:00,319.610492394775,312.3014343214697
2004-04-14 09:00:00,319.5313321247307,312.5393538511773
2004-04-14 17:00:00,302.33178341811174,303.8521433449673
2004-04-14 18:00:00,301.40353990739965,303.0318168087623
2004-04-14 20:00:00,300.02589204902824,301.6981875238874
2004-04-14 21:00:00,299.2259251340328,300.83487977672985
2004-04-15 05:00:00,313.1300544209767,308.5307458016465
2004-04-15 06:00:00,316.81128185959926,310.38908875264076
2004-04-15 08:00:00,320.24304356743994,312.60228053300153
2004-04-15 09:00:00,320.35869688906917,312.9334059657962
2004-04-15 17:00:00,303.69578408827584,305.0853028378245
2004-04-15 18:00:00,302.9553935987006,304.3588118119673
2004-04-15 20:00:00,301.8240875573298,303.53367334962445
2004-04-15 21:00:00,301.48737623217664,303.1875241225232
2004-04-16 05:00:00,312.07658259269823,307.4730237070328
2004-04-16 06:00:00,316.0128005957934,309.78134623146946
2004-04-16 08:00:00,320.7402193748345,312.7168854888305
2004-04-16 09:00:00,321.14269699778504,313.2229989967288
2004-04-16 17:00:00,302.6473233262637,304.12593165604835
2004-04-16 18:00:00,301.99369995399326,303.71574133827437
2004-04-16 20:00:00,301.6921367909765,303.3175368815982
2004-04-16 21:00:00,301.0952680731775,302.3814507765101
2004-04-17 05:00:00,308.53032535029854,303.94972971958816
2004-04-17 06:00:00,312.25197934002284,306.21105507966735
2004-04-17 08:00:00,317.15579689155186,309.3386973658769
2004-04-17 09:00:00,317.21424788135596,309.7430603074367
2004-04-17 17:00:00,300.5916008383541,301.93474984426166
2004-04-17 18:00:00,299.78802024711996,301.18588386147707
2004-04-17 20:00:00,298.4920940428559,300.07348858520317
2004-04-17 21:00:00,297.7388135912973,299.34747526054207
2004-04-18 05:00:00,311.03522607835674,305.8549271923001
2004-04-18 06:00:00,315.07957872293764,307.98127008329374
2004-04-18 08:00:00,319.5570248455406,310.13188161982225
2004-04-18 09:00:00,319.7717925602189,310.45812205357254
2004-04-18 17:00:00,300.3336791757075,301.7292429449378
2004-04-18 18:00:00,299.37791170140815,300.86177977575176
2004-04-18 20:00:00,298.0782902134218,299.68457209935355
2004-04-18 21:00:00,297.4644047953131,299.0972649290676
2004-04-19 05:00:00,312.1248038928204,306.3208274429862
2004-04-19 06:00:00,316.39912600289506,308.14085552762214
2004-04-19 08:00:00,322.4231774986984,310.57751516568464
2004-04-19 09:00:00,322.841143356817,311.23041100641615
2004-04-19 17:00:00,300.95543857568583,302.12566473304025
2004-04-19 18:00:00,300.02689619020254,301.3853715799622
2004-04-19 20:00:00,298.7991507931373,300.50811602999505
2004-04-19 21:00:00,298.43085786557896,300.0788936761935
2004-04-20 05:00:00,314.9248728230481,307.6879322774972
2004-04-20 06:00:00,319.6195978714248,309.5008461927229
2004-04-20 08:00:00,324.3975328348451,311.8141396967766
2004-04-20 09:00:00,324.15409796998387,312.2882098181773
2004-04-20 17:00:00,302.5049897415796,303.6644963527498
2004-04-20 18:00:00,301.3327283580057,302.621064972253
2004-04-20 20:00:00,299.6319181562757,301.22555934629753
2004-04-20 21:00:00,299.00787228906097,300.5910317490024
2004-04-21 05:00:00,315.3382767029279,308.48296996882226
2004-04-21 06:00:00,320.1203918927256,310.5108183638892
2004-04-21 08:00:00,323.5935840577301,312.2165398972428
2004-04-21 09:00:00,323.22782589952095,312.5191129616853
2004-04-21 17:00:00,302.09580911363037,303.30056029144896
2004-04-21 18:00:00,301.0870330998637,302.4138012431987
2004-04-21 20:00:00,299.76520598283724,301.1640567867708
2004-04-21 21:00:00,299.1955140617853,300.5555530659774
2004-04-22 05:00:00,314.94249764135327,308.7242560717284
2004-04-22 06:00:00,319.1216555038476,310.34964997889637
2004-04-22 08:00:00,323.39332855647814,311.7980594958289
2004-04-22 09:00:00,323.114424060416,312.0904471657493
2004-04-22 17:00:00,299.9993841938319,300.1718730485679
2004-04-22 18:00:00,298.9187441974281,299.25261929222546
2004-04-22 20:00:00,297.0310691280982,297.84289736519975
2004-04-22 21:00:00,296.44210295831476,297.2875600617913
2004-04-23 05:00:00,314.64452722957947,306.0927875442387
2004-04-23 06:00:00,319.7992249475606,307.89020878067373
2004-04-23 08:00:00,322.37028282412393,310.27163992530575
2004-04-23 09:00:00,322.1311987831339,310.62777940371006
2004-04-23 17:00:00,299.4481821868379,301.1869256206213
2004-04-23 18:00:00,297.4984716524145,302.03874404037316
2004-04-23 20:00:00,295.60644514792136,298.5213831121272
2004-04-23 21:00:00,295.47816460231786,298.15138870027664
2004-04-24 05:00:00,317.12350861207,307.97307975780797
2004-04-24 06:00:00,321.3956407685126,309.556287274706
2004-04-24 08:00:00,324.4162268499013,311.5534637874374
2004-04-24 09:00:00,323.3066059224227,311.89759596250093
2004-04-24 17:00:00,299.6028625065079,301.3744521412901
2004-04-24 18:00:00,298.55389232664885,300.4246363705957
2004-04-24 20:00:00,297.38900427678703,298.73646505441064
2004-04-24 21:00:00,296.7110295464703,297.8795053396828
2004-04-25 05:00:00,312.71722047685296,306.5316183269483
2004-04-25 06:00:00,317.3800429239846,308.5478539841568
2004-04-25 08:00:00,324.404103165966,310.44983425052214
2004-04-25 09:00:00,324.7412194955882,311.16551706934194
2004-04-25 17:00:00,300.71459088670827,302.3284069231736
2004-04-25 18:00:00,299.5337451529246,301.29840160775444
2004-04-25 20:00:00,298.35443700664035,299.6278906588562
2004-04-25 21:00:00,297.7800283094033,298.8803651454085
2004-04-26 05:00:00,313.5723344423738,307.29330399664605
2004-04-26 06:00:00,318.06481308195,309.14565111345433
2004-04-26 08:00:00,325.15084105316777,311.91021947170077
2004-04-26 09:00:00,325.27251995069037,312.6371027119171
2004-04-26 17:00:00,301.55996715857185,303.17504532495155
2004-04-26 18:00:00,300.293441678416,302.05629524501336
2004-04-26 20:00:00,298.47396547291055,300.35711622899413
2004-04-26 21:00:00,297.95561871873946,299.7742507769992
2004-04-27 05:00:00,315.96172388015066,308.6009063955816
2004-04-27 06:00:00,320.1864860311311,310.73932256243074
2004-04-27 08:00:00,323.2102744127459,313.12739783993857
2004-04-27 09:00:00,322.9260537921923,313.49385578643376
2004-04-27 17:00:00,302.19524544596857,304.173548599972
2004-04-27 18:00:00,301.47130214414904,303.4923825726855
2004-04-27 20:00:00,300.9491450658014,302.894224875146
2004-04-27 21:00:00,300.76427458541235,302.7635812627149
2004-04-28 05:00:00,314.2508486143797,308.4444571143857
2004-04-28 06:00:00,317.85076826709815,310.57960049433774
2004-04-28 08:00:00,321.77453707326174,312.499077630888
2004-04-28 09:00:00,322.4956727578938,312.9753084109267
2004-04-28 17:00:00,303.838346977998,305.1754688327595
2004-04-28 18:00:00,303.1798458246311,304.55486625589094
2004-04-28 20:00:00,302.2935185836534,303.4586720988269
2004-04-28 21:00:00,301.5354011429844,302.68372259154705
2004-04-29 05:00:00,313.6015988248522,307.5786466201759
2004-04-29 06:00:00,317.40703282995474,309.4701951413382
2004-04-29 08:00:00,321.8731369230156,311.061425724823
2004-04-29 09:00:00,322.13471227801637,311.6650966650165
2004-04-29 17:00:00,303.3537392403201,304.5060846361063
2004-04-29 18:00:00,302.7042742760046,303.66825372963365
2004-04-29 20:00:00,300.233706434629,301.4124956880402
2004-04-29 21:00:00,298.42043354992506,300.9233180018162
2004-04-30 05:00:00,311.19433236379285,305.668910845035
2004-04-30 06:00:00,314.54198732067516,307.33582767903897
2004-04-30 08:00:00,317.13585177334875,308.95785106312144
2004-04-30 09:00:00,314.92162321822485,308.2074076413006
2004-04-30 17:00:00,298.07639311568585,299.10881747817405
2004-04-30 18:00:00,296.49106373368136,297.555148226087
2004-04-30 20:00:00,294.2045814737517,295.00082627871
2004-04-30 21:00:00,293.21685226746075,294.13795915553675
2004-05-01 05:00:00,310.8962948744763,303.3053258534389
2004-05-01 06:00:00,315.2583648963776,304.8557545290155
2004-05-01 08:00:00,319.89007469612204,306.9226641309647
2004-05-01 09:00:00,320.15885882972754,307.4349375579317
2004-05-01 17:00:00,297.2788329513856,298.5555105811826
2004-05-01 18:00:00,296.2139627371437,297.7367749559494
2004-05-01 20:00:00,294.35511610504295,296.17644179804114
2004-05-01 21:00:00,293.6520920152473,295.4281104371434
2004-05-02 05:00:00,311.28215130304886,304.9907379385503
2004-05-02 06:00:00,315.3882904287847,306.6061763205036
2004-05-02 08:00:00,321.730608054045,308.2908327781548
2004-05-02 09:00:00,322.0686390646066,308.78932204048147
2004-05-02 17:00:00,297.8659518202207,299.2824255850723
2004-05-02 18:00:00,296.76791085594425,298.3657937542132
2004-05-02 20:00:00,295.089994339436,296.82506440196454
2004-05-02 21:00:00,294.4334249158486,296.13973256068533
2004-05-03 05:00:00,312.3193757420145,306.0563900187865
2004-05-03 06:00:00,316.66173368903634,307.8400448180494
2004-05-03 08:00:00,323.1409297055566,310.1543819621458
2004-05-03 09:00:00,323.4395131726845,310.7614550010082
2004-05-03 17:00:00,299.14719688286215,300.71052887480135
2004-05-03 18:00:00,298.03898620605474,299.8919220440928
2004-05-03 20:00:00,296.4824151037654,298.61786862036854
2004-05-03 21:00:00,295.8556693478248,297.99863646614534
2004-05-04 05:00:00,315.39476544537416,309.47446228873747
2004-05-04 06:00:00,319.3597560465244,311.007781794332
2004-05-04 08:00:00,323.6763201274196,312.81068944710614
2004-05-04 09:00:00,323.5727379656352,313.09794148825716
2004-05-04 17:00:00,300.75763931627085,302.6810486357091
2004-05-04 18:00:00,299.65758320436646,301.8425065144919
2004-05-04 20:00:00,298.2851373939926,300.29224331096066
2004-05-04 21:00:00,297.65110301530603,299.5392161929185
2004-05-05 05:00:00,315.44643302176877,308.9387255699499
2004-05-05 06:00:00,320.87471875865214,310.9188735562223
2004-05-05 08:00:00,325.59225555560994,313.4519407863059
2004-05-05 09:00:00,324.7181009019285,313.67372552198697
2004-05-05 17:00:00,301.8777630163819,303.59866492884186
2004-05-05 18:00:00,300.7870822900617,302.5914508602101
2004-05-05 20:00:00,299.1247516743759,301.04284023761016
2004-05-05 21:00:00,298.242598194187,300.09283698835804
2004-05-06 05:00:00,315.9166909380944,309.66535959111525
2004-05-06 06:00:00,320.2315004933597,311.1091387356375
2004-05-06 08:00:00,325.3871251181204,313.11603145276086
2004-05-06 09:00:00,325.2320836189164,313.4214803404727
2004-05-06 17:00:00,301.3763337921472,303.3573500716998
2004-05-06 18:00:00,300.13956078763005,302.32177346439687
2004-05-06 20:00:00,298.50329201908437,300.9566430795726
2004-05-06 21:00:00,297.82194718888434,300.2466612170768
2004-05-07 05:00:00,316.32534070595386,310.55341935121044
2004-05-07 06:00:00,320.1123970631275,312.42767171756884
2004-05-07 08:00:00,325.93983224360346,314.31601286007924
2004-05-07 09:00:00,326.9858160974065,314.67805626726664
2004-05-07 17:00:00,303.6492680577541,305.08581237322744
2004-05-07 18:00:00,302.9708353756756,304.5630175527329
2004-05-07 20:00:00,302.15808700302904,304.0353543556343
2004-05-07 21:00:00,301.3910045888281,303.0646158462313
2004-05-08 05:00:00,315.4176691228693,311.22219058655446
2004-05-08 06:00:00,315.4229782880363,311.30847341951863
2004-05-08 08:00:00,312.78144890501613,309.9336207173822
2004-05-08 09:00:00,313.4645752282282,310.0536904827289
2004-05-08 17:00:00,303.3354619383261,303.5475272720878
2004-05-08 18:00:00,302.72082681758747,303.10908418958104
2004-05-08 20:00:00,301.96188439132624,303.308217828924
2004-05-08 21:00:00,301.51877534040506,302.80110328333404
2004-05-09 05:00:00,318.1459268766853,310.4055743812596
2004-05-09 06:00:00,322.009068493483,311.7627849373134
2004-05-09 08:00:00,322.1279797429113,312.4615186035909
2004-05-09 09:00:00,321.1454428039457,312.5342801745022
2004-05-09 17:00:00,305.63073274350864,306.2182777298985
2004-05-09 18:00:00,304.877513091994,305.5899073713917
2004-05-09 20:00:00,303.47366471724075,304.2014109842216
2004-05-09 21:00:00,302.6763749556108,303.483175245382
2004-05-10 05:00:00,319.8777154531611,310.5095030985922
2004-05-10 06:00:00,324.98798938157563,312.11867771236854
2004-05-10 08:00:00,325.06430314685605,313.3132496556075
2004-05-10 09:00:00,324.79417748590834,313.8094825450739
2004-05-10 17:00:00,304.5398237936669,304.4204665832049
2004-05-10 18:00:00,303.70042191374654,303.734197161047
2004-05-10 20:00:00,302.61104848241587,302.8643559718904
2004-05-10 21:00:00,302.27248202707443,302.4920863781945
2004-05-11 05:00:00,311.99539417331505,307.0458369086079
2004-05-11 06:00:00,316.69306353317756,309.40794892156805
2004-05-11 08:00:00,318.65679426149154,311.10984390799547
2004-05-11 09:00:00,317.0823197798295,310.78320792129114
2004-05-11 17:00:00,304.073153315046,304.1188517895245
2004-05-11 18:00:00,303.0329279025273,303.1155944965287
2004-05-11 20:00:00,302.80447982529466,303.0434642021755
2004-05-11 21:00:00,302.54191737476225,302.7449932833115
2004-05-12 05:00:00,309.80589701177894,305.4354683474877
2004-05-12 06:00:00,311.53737237163244,306.198149247603
2004-05-12 08:00:00,314.09176955494934,307.59990545193483
2004-05-12 09:00:00,314.9083282282613,308.1603066748574
2004-05-12 17:00:00,303.08437590753357,303.48791532119725
2004-05-12 18:00:00,302.6004093681535,302.98836520860675
2004-05-12 20:00:00,301.7872706150237,302.21932988100684
2004-05-12 21:00:00,301.30594518629175,301.6487364688162
2004-05-13 05:00:00,311.7330859732371,305.84019700624907
2004-05-13 06:00:00,315.311513069047,307.5197961275309
2004-05-13 08:00:00,318.9942647407896,309.1290566748574
2004-05-13 09:00:00,319.42812127582096,309.7145271477604
2004-05-13 17:00:00,303.04789096732355,303.91930914880317
2004-05-13 18:00:00,302.666354022151,303.6113104210429
2004-05-13 20:00:00,301.36576561126947,301.9049250010533
2004-05-13 21:00:00,300.85982789684704,301.358832925053
2004-05-14 05:00:00,311.3858388186604,305.93791233997314
2004-05-14 06:00:00,314.58208128190006,307.6370906741667
2004-05-14 08:00:00,318.7565455032607,310.0023143750677
2004-05-14 09:00:00,318.8975002247674,310.38115761496806
2004-05-14 17:00:00,302.56184528274423,303.68787834273286
2004-05-14 18:00:00,301.830996520714,303.03375046646283
2004-05-14 20:00:00,301.06263182747347,302.06724447241555
2004-05-14 21:00:00,300.61280390147255,301.5360018314309
2004-05-15 05:00:00,312.06624061337607,306.18092588357086
2004-05-15 06:00:00,315.74547025565926,307.9423742544119
2004-05-15 08:00:00,320.9611606215844,310.6954894690374
2004-05-15 09:00:00,321.3748758606992,311.20133781727
2004-05-15 17:00:00,303.05779566125625,303.9108171977321
2004-05-15 18:00:00,302.2740944508228,303.25268959080677
2004-05-15 20:00:00,301.3278839393463,302.4330268236816
2004-05-15 21:00:00,300.9353296547348,302.0598519535388
2004-05-16 05:00:00,313.50335399468986,307.5409821920293
2004-05-16 06:00:00,316.59490515381236,309.28104860279336
2004-05-16 08:00:00,321.36929191977293,312.0180055591836
2004-05-16 09:00:00,321.64783892756435,312.51831872878347
2004-05-16 17:00:00,304.7773570808681,305.9436967611681
2004-05-16 18:00:00,303.9441416406852,305.1613711223397
2004-05-16 20:00:00,302.73105373294396,303.93585508373013
2004-05-16 21:00:00,302.17917215732285,303.35393847449353
2004-05-17 05:00:00,314.40755162878287,309.41969228782716
2004-05-17 06:00:00,317.87058388543977,311.3795497288873
2004-05-17 08:00:00,322.3107265948514,313.9372752091183
2004-05-17 09:00:00,322.7996595996921,314.36547364880016
2004-05-17 17:00:00,304.44408403816874,306.01844813460013
2004-05-17 18:00:00,303.48426028870296,305.18455112733534
2004-05-17 20:00:00,302.19688711768856,303.8964078459424
2004-05-17 21:00:00,301.66822304747694,303.3276621108797
2004-05-18 05:00:00,313.98308388073747,309.4071878630134
2004-05-18 06:00:00,317.45230972454624,311.4875462183784
2004-05-18 08:00:00,321.84689622593953,314.01539350841745
2004-05-18 09:00:00,322.40720634284116,314.41569267472795
2004-05-18 17:00:00,305.5889112240361,306.6868147886773
2004-05-18 18:00:00,304.8449650604295,305.95923013789997
2004-05-18 20:00:00,304.07484518324463,305.3162533564634
2004-05-18 21:00:00,303.5506068671981,304.5053311716794
2004-05-19 05:00:00,311.6799123614154,307.32920990225347
2004-05-19 06:00:00,315.3217156267681,309.77524424407443
2004-05-19 08:00:00,319.94572218320405,313.58167188083075
2004-05-19 09:00:00,320.3618133262787,314.16458456688923
2004-05-19 17:00:00,304.9915817096164,306.015553619902
2004-05-19 18:00:00,304.29709522970285,305.2874753508252
2004-05-19 20:00:00,303.0801006252483,303.85831125785467
2004-05-19 21:00:00,302.1696767704145,302.71449867565934
2004-05-20 05:00:00,309.9957585268652,305.6295071030251
2004-05-20 06:00:00,313.19684115323156,307.6738506487595
2004-05-20 08:00:00,317.6386008240592,311.07210628938606
2004-05-20 09:00:00,318.3174399683031,311.85390193804017
2004-05-20 17:00:00,304.4470713281852,305.29779029223147
2004-05-20 18:00:00,303.8121511168399,304.65565020498036
2004-05-20 20:00:00,302.517056692914,303.1225460622638
2004-05-20 21:00:00,301.6002079239245,301.97744339530016
2004-05-21 05:00:00,310.0989370948545,305.4418980579347
2004-05-21 06:00:00,313.7614500871609,307.7671976662564
2004-05-21 08:00:00,318.9378642359941,311.522875605085
2004-05-21 09:00:00,319.8042397050902,312.4452611984935
2004-05-21 17:00:00,303.85821554363235,304.7464839659046
2004-05-21 18:00:00,303.20985643007725,304.205629651462
2004-05-21 20:00:00,302.2669965041621,303.1349257599959
2004-05-21 21:00:00,301.59401760483377,302.2201547725542
2004-05-22 05:00:00,310.1315172192496,305.2050702487375
2004-05-22 06:00:00,313.830941410388,307.5419055721242
2004-05-22 08:00:00,319.15846489904845,311.6346634922116
2004-05-22 09:00:00,319.89728375686155,312.43642325614377
2004-05-22 17:00:00,303.9019771628828,304.810717496005
2004-05-22 18:00:00,303.23419539770475,304.2085907264557
2004-05-22 20:00:00,302.26915826782795,303.0258040464898
2004-05-22 21:00:00,301.50994202976784,302.0670743216351
2004-05-23 05:00:00,309.8033117873276,305.03998809015076
2004-05-23 06:00:00,313.30929426713425,307.2263213217902
2004-05-23 08:00:00,317.90805815474835,310.68112069763276
2004-05-23 09:00:00,318.67646013680155,311.5044704960381
2004-05-23 17:00:00,304.2042179666058,305.19966732078046
2004-05-23 18:00:00,303.63303548051687,304.68064259674594
2004-05-23 20:00:00,302.81978876381334,303.867868667391
2004-05-23 21:00:00,302.267201286986,303.187255859375
2004-05-24 05:00:00,311.7822569390107,306.3566532928514
2004-05-24 06:00:00,315.437845521054,308.55777353718764
2004-05-24 08:00:00,321.14017144483853,312.0656099245986
2004-05-24 09:00:00,321.97896501867353,312.76535217567294
2004-05-24 17:00:00,304.04522042061404,305.0144750891923
2004-05-24 18:00:00,303.13239576342664,304.1659628422859
2004-05-24 20:00:00,301.7795996761469,302.98265160324036
2004-05-24 21:00:00,301.26442604476387,302.45388471841443
2004-05-25 05:00:00,312.7015285168664,307.10549830361765
2004-05-25 06:00:00,316.35119640661867,309.0814148560511
2004-05-25 08:00:00,321.3310247812139,312.060133124353
2004-05-25 09:00:00,321.7722907867197,312.6529608492859
2004-05-25 17:00:00,303.784175314411,304.6737177397695
2004-05-25 18:00:00,302.83643081265353,303.77696726465444
2004-05-25 20:00:00,301.1838822563183,302.3015832886307
2004-05-25 21:00:00,300.5490036833635,301.71947748451646
2004-05-26 05:00:00,312.84321834052844,305.8923473152431
2004-05-26 06:00:00,317.1662642327589,307.97158752347366
2004-05-26 08:00:00,321.3554488594984,311.324172174251
2004-05-26 09:00:00,321.73230072162556,312.15367758916966
2004-05-26 17:00:00,303.7340896912092,304.49942919432846
2004-05-26 18:00:00,302.91268906791703,303.77662244893736
2004-05-26 20:00:00,301.82923228494565,302.83795932481763
2004-05-26 21:00:00,301.3260770306933,302.35227888721533
2004-05-27 05:00:00,313.7674292753952,307.26463943269846
2004-05-27 06:00:00,317.4689528784142,308.7854294505068
2004-05-27 08:00:00,321.3524833643932,311.3473062383008
2004-05-27 09:00:00,321.34157081451184,311.7778271409139
2004-05-27 17:00:00,302.6545156234953,303.53647767523955
2004-05-27 18:00:00,301.6674921773432,303.05406715616425
2004-05-27 20:00:00,299.9966215536297,300.5801788706258
2004-05-27 21:00:00,299.4843706739335,300.227360400654
2004-05-28 05:00:00,313.98784102570664,307.40764757811746
2004-05-28 06:00:00,317.53939102243385,309.0372188432926
2004-05-28 08:00:00,322.9278493449207,312.34508553197827
2004-05-28 09:00:00,323.1559820660091,312.93634903118686
2004-05-28 17:00:00,302.8592076000337,304.24804290160193
2004-05-28 18:00:00,301.9429271915477,303.5274503499224
2004-05-28 20:00:00,301.0345475442237,302.8776066902055
2004-05-28 21:00:00,300.8436083213207,302.58626886729286
2004-05-29 05:00:00,313.54589051421505,308.3903559609811
2004-05-29 06:00:00,316.7089602994992,309.87118934666614
2004-05-29 08:00:00,321.01945537925684,312.0793730231757
2004-05-29 09:00:00,321.89640163897735,312.70800527328703
2004-05-29 17:00:00,303.77091105362666,305.09400342756135
2004-05-29 18:00:00,302.92670597023516,304.4144507644724
2004-05-29 20:00:00,301.6052460281066,303.26088614676877
2004-05-29 21:00:00,301.14243926766846,302.76363505641194
2004-05-30 05:00:00,315.02225653085577,308.9821854930813
2004-05-30 06:00:00,318.40079642885087,310.64465879842936
2004-05-30 08:00:00,324.78169490302844,313.5940180045247
2004-05-30 09:00:00,325.37817206478263,314.19582003694836
2004-05-30 17:00:00,305.1746218171436,306.43614514178967
2004-05-30 18:00:00,304.28642921859205,305.6140182095426
2004-05-30 20:00:00,302.9556554903051,304.16762739043395
2004-05-30 21:00:00,302.45807237434093,303.6388234048852
2004-05-31 05:00:00,313.8678475072829,308.31645644647864
2004-05-31 06:00:00,317.47064911970193,310.2441745987291
2004-05-31 08:00:00,322.4546509024175,313.6313457753515
2004-05-31 09:00:00,323.20172062713664,314.15464481771085
2004-05-31 17:00:00,304.2004691948325,305.5871872630068
2004-05-31 18:00:00,303.4515018786414,304.93711907103176
2004-05-31 20:00:00,302.5795471943765,303.98267024764664
2004-05-31 21:00:00,302.15734099166235,303.5151137247659
2004-06-01 05:00:00,314.7493843348993,308.43092212177396
2004-06-01 06:00:00,318.58572159636367,310.3109289325074
2004-06-01 08:00:00,323.7456661277265,313.60802117628384
2004-06-01 09:00:00,323.66707993141495,314.0708573257611
2004-06-01 17:00:00,305.3695618051961,306.3043347374868
2004-06-01 18:00:00,304.75848887109976,305.7963456211178
2004-06-01 20:00:00,303.9924854813445,305.0849139385488
2004-06-01 21:00:00,303.6885219156651,304.7504389546869
2004-06-02 05:00:00,314.674454487711,309.71049443084763
2004-06-02 06:00:00,318.47640767854244,311.89878382043594
2004-06-02 08:00:00,323.320362625945,314.23656972641203
2004-06-02 09:00:00,323.76399482527205,314.6591088246491
2004-06-02 17:00:00,306.04311816387445,307.10673560567193
2004-06-02 18:00:00,305.2035103961022,306.50222103547975
2004-06-02 20:00:00,304.0190637056559,305.3089572806572
2004-06-02 21:00:00,303.7376236878852,305.05306560122546
2004-06-03 05:00:00,313.84395193796496,308.8420206078763
2004-06-03 06:00:00,317.25941617757036,310.90477427055
2004-06-03 08:00:00,321.19025878436025,313.4634326294134
2004-06-03 09:00:00,321.20540015833404,313.81971289307023
2004-06-03 17:00:00,305.17653532571893,306.3198538429013
2004-06-03 18:00:00,304.4604221338117,305.73106812181754
2004-06-03 20:00:00,303.73363613604766,304.9908393660018
2004-06-03 21:00:00,303.2965293849011,304.26326691755344
2004-06-04 05:00:00,311.55103232643825,306.07745269634324
2004-06-04 06:00:00,315.2969562313039,308.263627744419
2004-06-04 08:00:00,320.8900409575052,312.03049068127643
2004-06-04 09:00:00,321.95876470956676,312.98886841948854
2004-06-04 17:00:00,305.8240649865478,306.5879655317827
2004-06-04 18:00:00,305.1060540150788,305.9660246486106
2004-06-04 20:00:00,304.24453634253274,305.1914054976406
2004-06-04 21:00:00,303.6425934308115,304.4105474063539
2004-06-05 05:00:00,311.7375969791266,306.22638625981085
2004-06-05 06:00:00,315.05358663362057,308.1198581407544
2004-06-05 08:00:00,320.7701151279161,311.5569112157601
2004-06-05 09:00:00,321.6409794788331,312.39900774140204
2004-06-05 17:00:00,304.35746504162057,305.40883056922763
2004-06-05 18:00:00,303.475514651447,304.6821614693053
2004-06-05 20:00:00,303.8887804028434,305.04415341040755
2004-06-05 21:00:00,303.87605896936543,304.7396231300107
2004-06-06 05:00:00,312.1304033746705,306.81735852539816
2004-06-06 06:00:00,315.9759804559599,309.19285741021343
2004-06-06 08:00:00,321.17725973026415,312.71974146862055
2004-06-06 09:00:00,321.9519651204302,313.4627217203149
2004-06-06 17:00:00,304.08916406381667,305.2378299989392
2004-06-06 18:00:00,302.99126332052316,304.2691655327984
2004-06-06 20:00:00,301.94623023739945,303.5420743122307
2004-06-06 21:00:00,301.5733681136544,303.07635629709773
2004-06-07 05:00:00,312.4527188905031,306.8973960935243
2004-06-07 06:00:00,315.89383931446525,308.8594425947898
2004-06-07 08:00:00,321.20925865702344,311.9794117085555
2004-06-07 09:00:00,321.9642253811076,312.82744232789025
2004-06-07 17:00:00,304.32566659512986,305.54759956912375
2004-06-07 18:00:00,303.4877314163467,304.886957906244
2004-06-07 20:00:00,302.68710738594984,304.24195365729435
2004-06-07 21:00:00,302.86381163986505,304.2664069600392
2004-06-08 05:00:00,314.0858650854078,307.90071373985074
2004-06-08 06:00:00,317.0148073734231,309.18330536123784
2004-06-08 08:00:00,321.53212485291374,311.44136860851887
2004-06-08 09:00:00,322.3109533606766,312.0313103063081
2004-06-08 17:00:00,302.85130707398406,303.29385944948353
2004-06-08 18:00:00,302.1273325257382,302.63090364664845
2004-06-08 20:00:00,301.1833107217986,302.0319414182878
2004-06-08 21:00:00,300.68373277191023,301.60352545269467
2004-06-09 05:00:00,317.7088408624447,308.28664709717174
2004-06-09 06:00:00,321.3229497077836,309.5007317165381
2004-06-09 08:00:00,322.39117161261464,309.074965607771
2004-06-09 09:00:00,321.8179214548073,309.37477339875346
2004-06-09 17:00:00,302.94328632560456,302.8147361767127
2004-06-09 18:00:00,302.24381555871713,302.23826928278334
2004-06-09 20:00:00,300.6901199270287,300.88421480387495
2004-06-09 21:00:00,300.013218061215,300.3397178473568
2004-06-10 05:00:00,315.9473452105177,306.88992728070224
2004-06-10 06:00:00,319.17054931922763,308.0208721190278
2004-06-10 08:00:00,321.3567786077138,309.6369304451259
2004-06-10 09:00:00,321.37880837274446,310.1775075621524
2004-06-10 17:00:00,303.0987245768355,303.8342772073849
2004-06-10 18:00:00,302.31352283260304,303.21325843470123
2004-06-10 20:00:00,301.30242750641014,302.30617740672244
2004-06-10 21:00:00,300.78653845177223,301.7316151106119
2004-06-11 05:00:00,316.4783987976921,308.1685538034778
2004-06-11 06:00:00,319.7855708000289,309.58902866263605
2004-06-11 08:00:00,321.197328870212,311.0176045986464
2004-06-11 09:00:00,321.6491009164114,311.7004060671767
2004-06-11 17:00:00,303.9653171016182,304.90062975773276
2004-06-11 18:00:00,303.1932594522674,304.2981602179435
2004-06-11 20:00:00,302.74395218248173,303.8317722032544
2004-06-11 21:00:00,302.57403244700384,303.5306808401146
2004-06-12 05:00:00,318.619889011001,308.949986556278
2004-06-12 06:00:00,320.453935102983,309.99476637641897
2004-06-12 08:00:00,323.6894876394874,312.05625551103265
2004-06-12 09:00:00,322.2555957670756,312.0052506927349
2004-06-12 17:00:00,304.3783764244044,305.06567190020405
2004-06-12 18:00:00,303.5630103112737,304.4460444751616
2004-06-12 20:00:00,302.82167918435965,303.9195543474336
2004-06-12 21:00:00,302.3605105454455,303.37791713250255
2004-06-13 05:00:00,316.57477700067415,308.51281216331915
2004-06-13 06:00:00,320.8220179576903,309.9681585984898
2004-06-13 08:00:00,324.38696131537245,312.1732655717706
2004-06-13 09:00:00,322.8961252409431,312.2625258435454
2004-06-13 17:00:00,304.79888883099903,305.5197533606013
2004-06-13 18:00:00,304.48383454732794,305.2829604185601
2004-06-13 20:00:00,303.64841894963854,304.31139899255317
2004-06-13 21:00:00,303.38046353991115,303.96110111465805
2004-06-14 05:00:00,316.16534240440524,308.52059113630344
2004-06-14 06:00:00,319.46411577174774,309.88001518073185
2004-06-14 08:00:00,322.12387792648997,311.8343758840223
2004-06-14 09:00:00,320.75536554509944,311.81185330007406
2004-06-14 17:00:00,305.1960514579973,305.5865626166157
2004-06-14 18:00:00,304.561285292239,304.9779179459911
2004-06-14 20:00:00,303.69271928173004,304.18808789833673
2004-06-14 21:00:00,303.1508452851894,303.5512855659097
2004-06-15 05:00:00,312.6596233679444,306.3374153924833
2004-06-15 06:00:00,316.1112544643126,307.8807198828652
2004-06-15 08:00:00,319.115705163894,309.8889095735476
2004-06-15 09:00:00,318.88105797437015,310.1693116645049
2004-06-15 17:00:00,304.0930671162892,303.55613268836066
2004-06-15 18:00:00,303.08364049973216,302.5019906254138
2004-06-15 20:00:00,303.27851371588804,304.0067523315618
2004-06-15 21:00:00,302.92396550112403,303.5914096920443
2004-06-16 05:00:00,314.4110659465584,308.08067049047065
2004-06-16 06:00:00,317.10521823783137,309.622319437506
2004-06-16 08:00:00,319.3823473302903,311.09552030166606
2004-06-16 09:00:00,318.51910092393496,311.0181049176467
2004-06-16 17:00:00,303.85798005514044,304.30934178333257
2004-06-16 18:00:00,303.15212243878057,303.6637517050345
2004-06-16 20:00:00,302.2830274961028,302.92442375853176
2004-06-16 21:00:00,301.68200100515213,302.36849296111353
2004-06-17 05:00:00,313.993863639185,306.5409480772327
2004-06-17 06:00:00,316.89564965575795,308.2353838434205
2004-06-17 08:00:00,318.8706532670831,309.05711726819055
2004-06-17 09:00:00,319.4199579647399,309.6276570277516
2004-06-17 17:00:00,303.2408115757265,302.75815515268386
2004-06-17 18:00:00,301.45551945432123,300.3663481960679
2004-06-17 20:00:00,298.7637389055202,298.1544081066349
2004-06-17 21:00:00,298.092151541923,298.3512702318847
2004-06-18 05:00:00,311.10303192844015,305.92920109964854
2004-06-18 06:00:00,314.37210506209976,307.9573845767828
2004-06-18 08:00:00,317.96606363023193,310.5550221823765
2004-06-18 09:00:00,317.97937496050116,310.9125111349191
2004-06-18 17:00:00,303.20370702052884,303.2503142040941
2004-06-18 18:00:00,302.40207071407184,302.4933839395344
2004-06-18 20:00:00,300.92208182830103,300.93014519313823
2004-06-18 21:00:00,300.3019296796003,300.2374586625533
2004-06-19 05:00:00,308.2152242322549,303.46226235787935
2004-06-19 06:00:00,310.8019726581309,304.98324319284023
2004-06-19 08:00:00,315.12644083878297,307.6272438648853
2004-06-19 09:00:00,315.80179343201536,308.4357234678577
2004-06-19 17:00:00,302.6550797754884,302.98251168790324
2004-06-19 18:00:00,301.8988683433122,302.0942620981273
2004-06-19 20:00:00,300.43756352734675,300.5411994828281
2004-06-19 21:00:00,299.79305769298776,299.81263187449593
2004-06-20 05:00:00,308.1137140447443,303.65749677708044
2004-06-20 06:00:00,311.40554917721977,305.38358061192395
2004-06-20 08:00:00,315.473871357452,307.82780604663725
2004-06-20 09:00:00,315.7525616661977,308.48784180157725
2004-06-20 17:00:00,302.4478385231712,302.8265003739226
2004-06-20 18:00:00,301.6846895614648,302.003844321417
2004-06-20 20:00:00,300.5816985190558,300.8188903996684
2004-06-20 21:00:00,299.94798542134384,300.01032958890323
2004-06-21 05:00:00,307.4231548103603,303.5465396593091
2004-06-21 06:00:00,310.6084319410045,305.21669380176235
2004-06-21 08:00:00,314.8556234774127,307.70696753456343
2004-06-21 09:00:00,315.72503210693736,308.44649657262676
2004-06-21 17:00:00,303.01653246299145,303.17232754417853
2004-06-21 18:00:00,302.1155370350795,302.24768332083164
2004-06-21 20:00:00,300.79432073984015,300.9226366228242
2004-06-21 21:00:00,299.9242799403304,299.8962671547348
2004-06-22 05:00:00,306.88855641134353,303.13925358988286
2004-06-22 06:00:00,309.99332534954624,304.9398522751724
2004-06-22 08:00:00,314.90248361831453,308.1238995333115
2004-06-22 09:00:00,315.84536858369097,309.02755958310263
2004-06-22 17:00:00,303.1336278224763,303.3820686046442
2004-06-22 18:00:00,302.2870007531117,302.44924087406855
2004-06-22 20:00:00,301.0444857416609,301.08427285780715
2004-06-22 21:00:00,300.29748690330376,300.1804436682186
2004-06-23 05:00:00,306.28341479661475,302.9076421705343
2004-06-23 06:00:00,309.62884107686705,304.76916574439946
2004-06-23 08:00:00,314.4625006677189,307.50707474107554
2004-06-23 09:00:00,315.48556826551817,308.4352119104888
2004-06-23 17:00:00,303.0979665747409,303.4558103352739
2004-06-23 18:00:00,302.28783709462874,302.48208594652834
2004-06-23 20:00:00,301.13870135808395,301.3400929220285
2004-06-23 21:00:00,300.4934781960604,300.60942089392336
2004-06-24 05:00:00,306.83844440854017,302.9539433319139
2004-06-24 06:00:00,309.63028370250356,304.3831997534894
2004-06-24 08:00:00,315.12072135560874,307.7448920674611
2004-06-24 09:00:00,316.08789958277913,308.69921421233244
2004-06-24 17:00:00,301.9854225429071,302.2977688029662
2004-06-24 18:00:00,301.4829566379541,301.8059356172206
2004-06-24 20:00:00,301.01690161283284,301.49052288131827
2004-06-24 21:00:00,300.6500622201223,300.97831016035036
2004-06-25 05:00:00,309.686012279822,304.2640199117558
2004-06-25 06:00:00,312.2252405104909,305.5683637245778
2004-06-25 08:00:00,317.0245284681511,307.81850834216107
2004-06-25 09:00:00,316.95191179695775,308.33429526401045
2004-06-25 17:00:00,302.67124029080196,302.9426856136469
2004-06-25 18:00:00,302.09774575725726,302.57013661247925
2004-06-25 20:00:00,301.52516397673105,301.9559549763684
2004-06-25 21:00:00,301.0953006127215,301.3898980327306
2004-06-26 05:00:00,309.7891549696725,304.4004809081279
2004-06-26 06:00:00,313.04280708677413,305.8460684189995
2004-06-26 08:00:00,316.65536520183554,307.61919404251734
2004-06-26 09:00:00,318.1816291515192,308.5416327242859
2004-06-26 17:00:00,302.868483039374,303.1233482419618
2004-06-26 18:00:00,302.22655838553453,302.57490017601447
2004-06-26 20:00:00,301.69473781497527,302.2183820492314
2004-06-26 21:00:00,301.4468803934764,301.9038408981817
2004-06-27 05:00:00,308.62413431646644,304.4729757441211
2004-06-27 06:00:00,311.61591368500365,305.54496649931684
2004-06-27 08:00:00,316.653430533152,307.7381936471525
2004-06-27 09:00:00,318.76949567750717,308.92404612113586
2004-06-27 17:00:00,302.29919353655566,302.38399697231773
2004-06-27 18:00:00,301.56898931141814,301.7946948975738
2004-06-27 20:00:00,300.42784160972565,300.4123209290585
2004-06-27 21:00:00,300.0741092111738,300.11295547838023
2004-06-28 05:00:00,310.47057999668215,304.5916304860166
2004-06-28 06:00:00,313.04822567321116,305.8474185514524
2004-06-28 08:00:00,310.4775906226301,304.39751842246034
2004-06-28 09:00:00,313.1770695949372,306.52961695690186
2004-06-28 17:00:00,301.93357360087487,302.4203832829127
2004-06-28 18:00:00,301.5680406097271,302.0579767917815
2004-06-28 20:00:00,300.8888470101614,301.38769714637607
2004-06-28 21:00:00,300.5156226723881,300.93856402428014
2004-06-29 05:00:00,310.0443897453038,305.23424658165504
2004-06-29 06:00:00,313.09648938759454,306.72158009392456
2004-06-29 08:00:00,315.31178678680095,307.99205590763887
2004-06-29 09:00:00,316.1866314010738,308.56888080708603
2004-06-29 17:00:00,303.156794402559,303.5990558030609
2004-06-29 18:00:00,302.39649008822926,302.6687322067002
2004-06-29 20:00:00,301.3843732460622,301.9140511205641
2004-06-29 21:00:00,301.01471431596985,301.5171625169657
2004-06-30 05:00:00,310.1954009492519,305.4373478353115
2004-06-30 06:00:00,313.33028944394624,307.07403933579457
2004-06-30 08:00:00,318.7893767040941,309.92406855085045
2004-06-30 09:00:00,319.41247892453237,310.5116085528593
2004-06-30 17:00:00,304.25201780439716,304.867095876732
2004-06-30 18:00:00,303.40414325261526,303.88581834037797
2004-06-30 20:00:00,302.12248194713624,302.49652534567156
2004-06-30 21:00:00,301.49698028799565,301.9041104779589
2004-07-01 05:00:00,311.1072676648344,305.54919250206154
2004-07-01 06:00:00,314.3415501246284,307.2346272284886
2004-07-01 08:00:00,319.71165442797366,310.3151539948027
2004-07-01 09:00:00,320.5591848928866,311.11445074566336
2004-07-01 17:00:00,304.1112613531033,304.5617083063111
2004-07-01 18:00:00,303.258596270404,303.6505061591903
2004-07-01 20:00:00,302.0877536015445,302.4860537724429
2004-07-01 21:00:00,301.4402710337118,301.8535947167818
2004-07-02 05:00:00,312.2414953293529,306.2516949716813
2004-07-02 06:00:00,315.99298387242396,308.0005276625623
2004-07-02 08:00:00,321.47123802902155,310.78220575506043
2004-07-02 09:00:00,322.21852045984963,311.5689601104689
2004-07-02 17:00:00,305.294604214755,305.6686132633815
2004-07-02 18:00:00,304.5815438621768,304.99603309102343
2004-07-02 20:00:00,303.4782491016829,303.8333175024377
2004-07-02 21:00:00,302.8617690311191,303.02092765255594
2004-07-03 05:00:00,313.5121782299918,307.1919660759266
2004-07-03 06:00:00,317.37478548352635,308.78052376157876
2004-07-03 08:00:00,322.6863716725025,311.25715921692927
2004-07-03 09:00:00,323.0015165449475,311.8553487016534
2004-07-03 17:00:00,304.9862704989723,304.86512751645415
2004-07-03 18:00:00,304.0861518048726,304.0008936383874
2004-07-03 20:00:00,300.6563809340467,300.133992223049
2004-07-03 21:00:00,299.39659393733746,299.5582665206839
2004-07-04 05:00:00,313.94596195074,307.97230155956584
2004-07-04 06:00:00,316.3343009537284,309.03776606719924
2004-07-04 08:00:00,318.8595441868199,308.30358181381814
2004-07-04 09:00:00,316.4303225853777,305.3004326254635
2004-07-04 17:00:00,301.89862681243386,302.13321456556514
2004-07-04 18:00:00,301.7396594078405,301.93738110370373
2004-07-04 20:00:00,299.4972411451061,299.8975836896382
2004-07-04 21:00:00,299.0310997632325,299.36275299965695
2004-07-05 05:00:00,306.4633411707239,303.86870023612795
2004-07-05 06:00:00,308.7770928616516,304.88150504043176
2004-07-05 08:00:00,311.6001184166672,304.2066040274175
2004-07-05 09:00:00,310.1741744219247,304.58810403644577
2004-07-05 17:00:00,300.8882301694991,301.03776512674995
2004-07-05 18:00:00,299.9818152147008,300.20427533401
2004-07-05 20:00:00,298.4733055126502,298.7424997996843
2004-07-05 21:00:00,298.0253908836236,298.0154857664888
2004-07-06 05:00:00,302.05094665151165,300.8563353269604
2004-07-06 06:00:00,302.04467140985383,301.0233901954028
2004-07-06 08:00:00,308.7214809470625,304.74112897734796
2004-07-06 09:00:00,308.1251885835856,302.8789261405016
2004-07-06 17:00:00,300.2472560747379,300.5069471221124
2004-07-06 18:00:00,299.93564884320983,300.20155781186054
2004-07-06 20:00:00,299.31059385044006,299.68792567084125
2004-07-06 21:00:00,299.05395256242326,299.3798767230911
2004-07-07 05:00:00,304.75121964511953,302.42362559925425
2004-07-07 06:00:00,306.892008800536,303.6634260509708
2004-07-07 08:00:00,309.71801795430474,305.61932243735106
2004-07-07 09:00:00,310.17052336282836,306.2433182256431
2004-07-07 17:00:00,300.7304185770326,301.51198346295234
2004-07-07 18:00:00,300.17992700891244,300.89456616417834
2004-07-07 20:00:00,299.5233678362219,300.22713687937875
2004-07-07 21:00:00,299.23607949372985,299.8540923084794
2004-07-08 05:00:00,304.01465161151623,301.804038660552
2004-07-08 06:00:00,305.68704691506315,302.82821248529143
2004-07-08 08:00:00,307.49403092159514,304.4974564609616
2004-07-08 09:00:00,307.62997855023355,304.8394990283278
2004-07-08 17:00:00,300.3123806805016,301.0580019017765
2004-07-08 18:00:00,299.8651963338279,300.6597962225163
2004-07-08 20:00:00,299.4687786366797,300.24935012605783
2004-07-08 21:00:00,299.1431731942622,299.80310272545955
2004-07-09 05:00:00,302.32857695639774,300.9426845556415
2004-07-09 06:00:00,304.16671254491587,302.04967692746953
2004-07-09 08:00:00,305.36247432103323,303.21819753308876
2004-07-09 09:00:00,305.7417075417259,303.65579978343334
2004-07-09 17:00:00,300.1073126888422,300.9387843950504
2004-07-09 18:00:00,299.8399704520251,300.7390572616977
2004-07-09 20:00:00,299.32319873874474,300.2411337501279
2004-07-09 21:00:00,299.0255126012676,299.8657159320379
2004-07-10 05:00:00,305.287771333715,301.9568920870224
2004-07-10 06:00:00,306.9413898391606,302.8866561395912
2004-07-10 08:00:00,308.03744488026956,304.160540917254
2004-07-10 09:00:00,308.0495636268463,304.4286365714757
2004-07-10 17:00:00,299.3244169967017,300.24999315823175
2004-07-10 18:00:00,299.01253042823544,300.0500961327223
2004-07-10 20:00:00,299.0179252918403,300.3476917989816
2004-07-10 21:00:00,298.9493802016248,300.1017558328544
2004-07-11 05:00:00,305.4564346054853,302.07400308147606
2004-07-11 06:00:00,307.68966014139096,303.3120585766339
2004-07-11 08:00:00,310.73086632492,305.4064792345044
2004-07-11 09:00:00,311.17124069049294,305.94203369422763
2004-07-11 17:00:00,299.9226635902064,300.92804723895387
2004-07-11 18:00:00,299.3917550673287,300.47062582007175
2004-07-11 20:00:00,299.1424295810412,300.49411278770225
2004-07-11 21:00:00,298.9835280078953,300.1699292575266
2004-07-12 05:00:00,305.44395437372856,302.0017435929074
2004-07-12 06:00:00,308.1997216082134,303.52075580896695
2004-07-12 08:00:00,311.7422751263588,305.7975213002351
2004-07-12 09:00:00,312.21156247554836,306.39581251805663
2004-07-12 17:00:00,299.85660495376,301.04599488057045
2004-07-12 18:00:00,299.28938302861525,300.52340543068067
2004-07-12 20:00:00,298.8446214908077,300.3744000404017
2004-07-12 21:00:00,298.6394647207393,300.11900654044837
2004-07-13 05:00:00,306.43741768717956,302.3893923061471
2004-07-13 06:00:00,308.8749573036041,303.6572952388064
2004-07-13 08:00:00,312.2691455247406,305.91496065254387
2004-07-13 09:00:00,312.9180601851782,306.5763176446336
2004-07-13 17:00:00,300.51676465991096,301.36060064048354
2004-07-13 18:00:00,299.89619789064756,300.6995555718985
2004-07-13 20:00:00,299.56905975106685,300.7268543684244
2004-07-13 21:00:00,299.3646138900969,300.47265869516804
2004-07-14 05:00:00,307.09013688803094,302.8427515955662
2004-07-14 06:00:00,309.839147018174,304.3306922148483
2004-07-14 08:00:00,313.6146094699854,306.91166442494915
2004-07-14 09:00:00,313.9360086826037,307.36926678626673
2004-07-14 17:00:00,300.83192968148114,301.79381096932485
2004-07-14 18:00:00,300.1891657472208,301.1099101861563
2004-07-14 20:00:00,299.49528552791554,300.59384562017743
2004-07-14 21:00:00,299.2136374357485,300.31875551573484
2004-07-15 05:00:00,308.49024079356616,304.3743069829485
2004-07-15 06:00:00,311.4189090816927,305.89261320375704
2004-07-15 08:00:00,316.0874038014463,308.6289744560818
2004-07-15 09:00:00,316.71568415896,309.2445786862601
2004-07-15 17:00:00,303.0448032608385,303.8820335493984
2004-07-15 18:00:00,302.4358305380047,303.29894791472304
2004-07-15 20:00:00,301.67590454289655,302.51233481479176
2004-07-15 21:00:00,301.4672039954798,302.0584729963165
2004-07-16 05:00:00,310.3923598937518,306.1431632490114
2004-07-16 06:00:00,313.0357860923732,307.5067869400942
2004-07-16 08:00:00,317.4760550335853,309.8333192422688
2004-07-16 09:00:00,317.5440971950537,310.2650236062166
2004-07-16 17:00:00,300.1985882728236,301.16666491116143
2004-07-16 18:00:00,300.2955715373411,300.4402600539667
2004-07-16 20:00:00,298.5434259258911,298.52556717083525
2004-07-16 21:00:00,298.23583300198175,298.16536967743343
2004-07-17 05:00:00,308.9921701252001,306.17177056311095
2004-07-17 06:00:00,311.25524323967466,307.5445856408823
2004-07-17 08:00:00,313.7711819500328,308.90149487699676
2004-07-17 09:00:00,313.55842437509034,308.94206613972665
2004-07-17 17:00:00,299.84526541640844,300.61223304877853
2004-07-17 18:00:00,300.00442850497916,299.7193388858084
2004-07-17 20:00:00,298.8867174803935,299.21773419725514
2004-07-17 21:00:00,298.2439712500903,299.4362843517897
2004-07-18 05:00:00,304.5906639157899,302.9538738797368
2004-07-18 06:00:00,306.3814104312373,304.23333465152973
2004-07-18 08:00:00,311.9970262994752,307.2757893049478
2004-07-18 09:00:00,311.89096285639266,307.4703701589434
2004-07-18 17:00:00,300.6584569287411,300.79411257139895
2004-07-18 18:00:00,300.2215622724113,300.55163520142924
2004-07-18 20:00:00,299.7914826756082,300.3695057779321
2004-07-18 21:00:00,299.64057426276304,300.1053222515183
2004-07-19 05:00:00,305.7272442551717,303.0885718394134
2004-07-19 06:00:00,308.3509638805419,304.1477196785996
2004-07-19 08:00:00,311.7356968014193,306.16909129373465
2004-07-19 09:00:00,311.30735687114793,306.3680877685547
2004-07-19 17:00:00,301.17371599993834,302.00623134618917
2004-07-19 18:00:00,300.6906097129975,301.5710715836113
2004-07-19 20:00:00,299.7767192916988,300.6703183213808
2004-07-19 21:00:00,299.2606705487785,300.0592871432312
2004-07-20 05:00:00,306.9846405123342,303.62707197427386
2004-07-20 06:00:00,309.4716317480996,305.09772918183927
2004-07-20 08:00:00,312.6430021265438,307.24540839761
2004-07-20 09:00:00,312.9580157828074,307.8102229842787
2004-07-20 17:00:00,300.5716813003705,302.25778957654956
2004-07-20 18:00:00,300.1505470687325,301.8096644514698
2004-07-20 20:00:00,299.57004386067206,301.02143554217275
2004-07-20 21:00:00,299.21449371478957,300.6320831816076
2004-07-21 05:00:00,307.0644008360217,303.32780964385563
2004-07-21 06:00:00,309.5785876069855,304.7948312156924
2004-07-21 08:00:00,313.25035720613596,307.51939817643137
2004-07-21 09:00:00,313.74911346200435,308.2819654467661
2004-07-21 17:00:00,301.2762026088815,302.92987093462597
2004-07-21 18:00:00,300.8530119438936,302.46551421978074
2004-07-21 20:00:00,300.2065685724808,301.7231031749943
2004-07-21 21:00:00,300.0351289064381,301.48026657692276
2004-07-22 05:00:00,306.69300369709407,303.0180040544648
2004-07-22 06:00:00,309.99527410145714,304.96073147108086
2004-07-22 08:00:00,314.34878398971676,308.13220875509353
2004-07-22 09:00:00,314.2748466926657,308.58199283264815
2004-07-22 17:00:00,300.8923782090009,302.52723322370207
2004-07-22 18:00:00,300.3378878271635,302.02039564041587
2004-07-22 20:00:00,299.57756543269693,301.2919964430329
2004-07-22 21:00:00,299.42341058904475,300.956627773761
2004-07-23 05:00:00,308.98351535885286,304.9848270504427
2004-07-23 06:00:00,312.411978911178,306.7513459944762
2004-07-23 08:00:00,315.8704669405756,308.75354596389275
2004-07-23 09:00:00,316.7980200910054,309.28812919816545
2004-07-23 17:00:00,303.0995321406055,304.2674946836404
2004-07-23 18:00:00,302.62234666351173,303.857731094713
2004-07-23 20:00:00,301.8560479962036,303.1933836385906
2004-07-23 21:00:00,301.4896073774858,302.7091370099131
2004-07-24 05:00:00,310.80933411867113,306.75411660498577
2004-07-24 06:00:00,313.56728145558225,308.325836322708
2004-07-24 08:00:00,318.16214149134186,310.8929732547519
2004-07-24 09:00:00,318.9149793674839,311.5487081001647
2004-07-24 17:00:00,304.3169814287606,305.4348375646653
2004-07-24 18:00:00,303.9277666794317,305.0091355240033
2004-07-24 20:00:00,302.76323910376686,303.847043406247
2004-07-24 21:00:00,302.72093558054314,303.72172593409186
2004-07-25 05:00:00,311.6764566101169,307.6517395583801
2004-07-25 06:00:00,313.9321158104942,308.8423299451455
2004-07-25 08:00:00,316.8605062664014,310.5945297264722
2004-07-25 09:00:00,317.4068953362746,311.06305044494536
2004-07-25 17:00:00,305.3492023015427,306.11515175653346
2004-07-25 18:00:00,304.7840556187329,305.57466605117395
2004-07-25 20:00:00,303.82744084668275,304.6476848114437
2004-07-25 21:00:00,303.4613782415405,304.2081060189128
2004-07-26 05:00:00,307.8874564148796,304.33233597906786
2004-07-26 06:00:00,309.90371967427353,305.5201300810593
2004-07-26 08:00:00,311.5236586231296,306.5406887013299
2004-07-26 09:00:00,312.659996914386,307.5236349002974
2004-07-26 17:00:00,302.31010855511636,302.3960974036453
2004-07-26 18:00:00,301.85640369762075,302.0619825413121
2004-07-26 20:00:00,301.3488236296526,301.6650905520964
2004-07-26 21:00:00,301.07700200955196,301.3634376467101
2004-07-27 05:00:00,306.07656037458474,302.99539022342816
2004-07-27 06:00:00,308.1938537456589,303.9178077450886
2004-07-27 08:00:00,313.641378064736,307.151913118289
2004-07-27 09:00:00,315.6941610609622,308.2221320670999
2004-07-27 17:00:00,302.9020668112075,302.9466628205427
2004-07-27 18:00:00,302.1362066988953,302.14271493685453
2004-07-27 20:00:00,301.0140744578122,300.96867918417155
2004-07-27 21:00:00,300.39201811098354,300.32394905266665
2004-07-28 05:00:00,309.50190330470105,304.5175847551672
2004-07-28 06:00:00,313.38077576906176,306.5290106257599
2004-07-28 08:00:00,316.7567699649852,308.0183906261285
2004-07-28 09:00:00,317.42201080087153,308.7388250177557
2004-07-28 17:00:00,302.75330276371704,302.3977059715518
2004-07-28 18:00:00,301.9537056333662,301.580463403546
2004-07-28 20:00:00,300.93776297312127,300.877222587221
2004-07-28 21:00:00,300.4479919574661,300.42232613350467
2004-07-29 05:00:00,307.3742061197666,303.0984368463878
2004-07-29 06:00:00,310.12612924443556,304.5365040313298
2004-07-29 08:00:00,317.9531297257575,309.05629218855336
2004-07-29 09:00:00,319.08081367386876,310.12656427274686
2004-07-29 17:00:00,303.3200199732612,303.4118944823466
2004-07-29 18:00:00,302.6893642760572,302.8906310188752
2004-07-29 20:00:00,302.272227071283,302.3332277365568
2004-07-29 21:00:00,301.56785275498964,301.4979560511138
2004-07-30 05:00:00,309.974342969239,303.4895142730102
2004-07-30 06:00:00,312.29996240083904,304.99444993875795
2004-07-30 08:00:00,313.1582352883643,305.1841303938526
2004-07-30 09:00:00,315.1396643310923,306.1914277627766
2004-07-30 17:00:00,300.8816922133435,300.8798607119426
2004-07-30 18:00:00,299.99882709520807,300.5299530734634
2004-07-30 20:00:00,299.12710096362196,299.3050509836347
2004-07-30 21:00:00,298.44477576210244,298.82482348237824
2004-07-31 05:00:00,300.3744096800065,298.9348396571649
2004-07-31 06:00:00,300.4022090071339,298.994840812977
2004-07-31 08:00:00,304.17247176207087,301.83498360232693
2004-07-31 09:00:00,306.5837389882798,302.90055724909564
2004-07-31 17:00:00,298.6197253022981,298.97659762577945
2004-07-31 18:00:00,298.09148323517553,298.4683817670967
2004-07-31 20:00:00,297.0910202284991,296.9965995941397
2004-07-31 21:00:00,296.9027567953101,296.8444149211302
2004-08-01 05:00:00,297.7029270824556,297.4568848455632
2004-08-01 06:00:00,298.62634463082475,298.07733746779905
2004-08-01 08:00:00,300.41099390814594,299.72941838574525
2004-08-01 09:00:00,301.3526937899127,300.5640319448039
2004-08-01 17:00:00,298.30287130441064,298.1209245396689
2004-08-01 18:00:00,297.34075151863743,297.2985208567192
2004-08-01 20:00:00,296.7585977281003,296.4677141891973
2004-08-01 21:00:00,296.54535770269314,296.2379791777013
2004-08-02 05:00:00,297.4056747036833,296.90127290746284
2004-08-02 06:00:00,298.0232815264921,297.2305370031043
2004-08-02 08:00:00,300.16777377135946,299.6626356033772
2004-08-02 09:00:00,300.4629231410328,299.7699120379009
2004-08-02 17:00:00,297.6229522187831,297.9199361698286
2004-08-02 18:00:00,297.6534769208112,297.82397714858797
2004-08-02 20:00:00,296.99830187781384,296.8315975853401
2004-08-02 21:00:00,296.88615579707965,296.7599083381735
2004-08-03 05:00:00,300.9068858377372,299.6636536396891
2004-08-03 06:00:00,302.833852594549,300.32132684504865
2004-08-03 08:00:00,302.94419193120876,300.8314037587499
2004-08-03 09:00:00,304.8510911468365,301.4558552652368
2004-08-03 17:00:00,297.8969498268445,298.1508344465118
2004-08-03 18:00:00,297.47463537842174,297.7364710497746
2004-08-03 20:00:00,297.5700237585694,297.9929119280564
2004-08-03 21:00:00,297.58050287890325,297.8597099880225
2004-08-04 05:00:00,304.31529983497,302.0638426323701
2004-08-04 06:00:00,304.8896324263515,302.33452649696954
2004-08-04 08:00:00,308.35957893641967,304.2380608557186
2004-08-04 09:00:00,308.9635345976232,305.1070134378912
2004-08-04 17:00:00,299.3121678568366,300.2426101143812
2004-08-04 18:00:00,299.09528594171326,300.0665275444419
2004-08-04 20:00:00,298.73765307692423,299.72905922817705
2004-08-04 21:00:00,298.7134738681129,299.58623555187825
2004-08-05 05:00:00,304.5366960005327,302.8781355518406
2004-08-05 06:00:00,306.5289555624564,303.83928517016864
2004-08-05 08:00:00,307.84951577678856,304.89267938787293
2004-08-05 09:00:00,307.8619392054107,305.0583610828559
2004-08-05 17:00:00,300.76149273653425,301.700697018663
2004-08-05 18:00:00,300.36263972254494,301.2435602032349
2004-08-05 20:00:00,299.6303193455301,300.36278610347046
2004-08-05 21:00:00,299.3859076830566,300.06029438788795
2004-08-06 05:00:00,303.7815402931719,302.21825548827377
2004-08-06 06:00:00,305.54516573349025,302.95316957729443
2004-08-06 08:00:00,307.20127736989446,304.08405556700814
2004-08-06 09:00:00,307.9071932470854,304.3650099132756
2004-08-06 17:00:00,298.4500225284618,299.05789154005714
2004-08-06 18:00:00,298.25363380185263,298.76663821650953
2004-08-06 20:00:00,298.3726201461534,299.23554247369754
2004-08-06 21:00:00,298.32771461145904,298.934649827484
2004-08-07 05:00:00,301.67069574717567,300.0981617884937
2004-08-07 06:00:00,303.5350465701064,301.2466490617702
2004-08-07 08:00:00,305.60995093112,302.8207262036246
2004-08-07 09:00:00,306.46849156454647,302.9232861911204
2004-08-07 17:00:00,297.98802429575403,298.00376250233234
2004-08-07 18:00:00,297.70095999178426,297.705254341678
2004-08-07 20:00:00,297.3548403418119,297.27575476694915
2004-08-07 21:00:00,297.32774889083413,297.0754825727231
2004-08-08 05:00:00,297.86054466024206,297.55970427949546
2004-08-08 06:00:00,298.58333920330404,297.9818706306728
2004-08-08 08:00:00,302.35741348149054,300.5086404715187
2004-08-08 09:00:00,304.77472450479706,301.65293738507717
2004-08-08 17:00:00,297.37284606557415,297.53822879174095
2004-08-08 18:00:00,297.30153560785374,297.43717371113314
2004-08-08 20:00:00,297.29057580039756,298.0168812521066
2004-08-08 21:00:00,297.20266008891383,297.7237537307622
2004-08-09 05:00:00,297.48468158645517,297.092209708709
2004-08-09 06:00:00,298.415362412463,297.9119963565115
2004-08-09 08:00:00,303.0339281173259,301.75183004370456
2004-08-09 09:00:00,303.99415266275037,302.4433463968004
2004-08-09 17:00:00,297.5791431538681,298.09570719244306
2004-08-09 18:00:00,297.44353279384154,298.062723192118
2004-08-09 20:00:00,297.0090409618313,297.62463722170224
2004-08-09 21:00:00,296.731447240421,297.37426362823817
2004-08-10 05:00:00,300.6687704359622,299.6581613925646
2004-08-10 06:00:00,301.1482270274582,299.8248424324306
2004-08-10 08:00:00,305.2131002511376,302.42040535995886
2004-08-10 09:00:00,304.04649066190325,302.0175436810463
2004-08-10 17:00:00,298.5502990816701,298.75032257409237
2004-08-10 18:00:00,298.1235765595282,298.4624490605664
2004-08-10 20:00:00,297.3257974586428,298.0050023200883
2004-08-10 21:00:00,297.0331121365352,297.45386449875565
2004-08-11 05:00:00,298.36728627068237,298.324922394128
2004-08-11 06:00:00,299.925648858257,299.14802363179683
2004-08-11 08:00:00,301.57555421144457,301.06041304907194
2004-08-11 09:00:00,300.9479301464392,300.7671920470721
2004-08-11 17:00:00,297.05866529467664,297.264032137596
2004-08-11 18:00:00,296.91851642062005,297.0636354278894
2004-08-11 20:00:00,296.4666342007912,296.3786203064059
2004-08-11 21:00:00,296.35751683686294,296.0930092786604
2004-08-12 05:00:00,300.5292116702981,299.66461205151853
2004-08-12 06:00:00,302.87406683923285,301.0981719218344
2004-08-12 08:00:00,304.57165348658395,302.13158079361875
2004-08-12 09:00:00,303.505067563755,301.9445635967519
2004-08-12 17:00:00,297.48567169142433,297.70358598471057
2004-08-12 18:00:00,297.28635501714626,297.46828445411063
2004-08-12 20:00:00,297.07596979596764,297.0077401559415
2004-08-12 21:00:00,296.9301154749419,296.8036097451608
2004-08-13 05:00:00,300.6907024412934,299.7763343893325
2004-08-13 06:00:00,302.42337694447286,300.64469770951706
2004-08-13 08:00:00,304.8431148440886,302.266304545116
2004-08-13 09:00:00,304.8083491626616,301.9985012530546
2004-08-13 17:00:00,297.85422756859265,298.3549059146358
2004-08-13 18:00:00,297.65027165817,297.7633133287239
2004-08-13 20:00:00,297.15338903582887,297.1905335836308
2004-08-13 21:00:00,297.05838438248605,297.00934101216416
2004-08-14 05:00:00,298.7252498444497,297.4947145106429
2004-08-14 06:00:00,299.20824529944656,297.98989553113563
2004-08-14 08:00:00,301.73401335024136,300.5367419179673
2004-08-14 09:00:00,303.78772722664525,301.64951057610415
2004-08-14 17:00:00,297.39906473262647,297.87030957990515
2004-08-14 18:00:00,297.23636475549824,297.59460322258104
2004-08-14 20:00:00,296.81303805452654,296.9959224471694
2004-08-14 21:00:00,296.74379284686785,296.9265357254099
2004-08-15 05:00:00,302.31462941221173,300.1914510153843
2004-08-15 06:00:00,303.939879689268,301.07924714404373
2004-08-15 08:00:00,305.8834418956598,302.34862416036697
2004-08-15 09:00:00,305.7095829004132,302.77488931852787
2004-08-15 17:00:00,298.1247009841614,298.4338253121163
2004-08-15 18:00:00,297.7274178856143,298.04687081500083
2004-08-15 20:00:00,297.2224931290778,298.1100049834406
2004-08-15 21:00:00,296.856645016898,297.54414983670046
2004-08-16 05:00:00,297.77699423203666,297.52242654056874
2004-08-16 06:00:00,299.48328572465755,298.6383789955927
2004-08-16 08:00:00,299.8305875428469,299.22232182624714
2004-08-16 09:00:00,300.03950072583876,300.0187086625533
2004-08-16 17:00:00,296.80069273021445,297.3533887819076
2004-08-16 18:00:00,296.5772576941915,297.1178465903448
2004-08-16 20:00:00,296.4645351886015,296.5342835130971
2004-08-16 21:00:00,296.4239551796935,296.3148499240494
2004-08-17 05:00:00,297.6458407785566,297.04281576241846
2004-08-17 06:00:00,297.599479828116,297.1526059942731
2004-08-17 08:00:00,302.0394937194919,300.2693893126971
2004-08-17 09:00:00,302.1753362999492,300.5179696575335
2004-08-17 17:00:00,296.8874335384516,297.54067492374844
2004-08-17 18:00:00,296.5963735712695,297.2240873786444
2004-08-17 20:00:00,296.330691885691,296.9002694481143
2004-08-17 21:00:00,296.16848042492506,296.71665884056154
2004-08-18 05:00:00,297.50793047935827,297.2051759787443
2004-08-18 06:00:00,298.4525110512191,298.1638647470342
2004-08-18 08:00:00,301.5934684059837,300.9572028584767
2004-08-18 09:00:00,302.1381636092035,301.2644549635783
2004-08-18 17:00:00,297.6670345547387,298.51774503123045
2004-08-18 18:00:00,297.2925632517951,298.1367532409762
2004-08-18 20:00:00,297.19821322166314,297.99249055977043
2004-08-18 21:00:00,297.0699733269784,297.7761063774121
2004-08-19 05:00:00,299.5085989036619,299.55756767284703
2004-08-19 06:00:00,301.7820126102959,300.8254347979012
2004-08-19 08:00:00,304.041321482607,302.3704522225449
2004-08-19 09:00:00,305.16105524894823,302.829908514978
2004-08-19 17:00:00,297.653824863522,298.563905360335
2004-08-19 18:00:00,297.2722610920346,298.1633589734282
2004-08-19 20:00:00,296.66013273876877,297.48881916345914
2004-08-19 21:00:00,296.3818613766522,297.0637050916675
2004-08-20 05:00:00,300.97407778606214,300.3559786380715
2004-08-20 06:00:00,302.5990245096122,301.43679339345687
2004-08-20 08:00:00,304.8322317302686,302.5319666928613
2004-08-20 09:00:00,305.22666515003556,302.77611023325403
2004-08-20 17:00:00,297.91241396300046,298.7370411971317
2004-08-20 18:00:00,297.6143353055181,298.44401350447504
2004-08-20 20:00:00,297.18358923584367,297.97627084317674
2004-08-20 21:00:00,296.9275755566331,297.58603775188993
2004-08-21 05:00:00,300.58490613282004,299.74730192163884
2004-08-21 06:00:00,301.723463108433,300.7090743289707
2004-08-21 08:00:00,306.12534258215015,302.7640851789337
2004-08-21 09:00:00,306.83139978535183,303.27259177750176
2004-08-21 17:00:00,297.8679945230117,298.85511622259907
2004-08-21 18:00:00,297.56436253622616,298.51175514538596
2004-08-21 20:00:00,297.2086985254508,298.2063658586452
2004-08-21 21:00:00,297.0909942485886,297.94400525203287
2004-08-22 05:00:00,302.25042360185296,300.1706998146187
2004-08-22 06:00:00,303.33243804132263,301.1211386329404
2004-08-22 08:00:00,305.4073824184518,303.072791430175
2004-08-22 09:00:00,305.7615779412363,303.5674908466075
2004-08-22 17:00:00,298.22924797634136,298.66481871524104
2004-08-22 18:00:00,297.947744454735,298.2483303734261
2004-08-22 20:00:00,297.5641673224733,297.7232450652747
2004-08-22 21:00:00,297.2759738446017,297.43143196282296
2004-08-23 05:00:00,300.40493384127626,298.99559427740394
2004-08-23 06:00:00,301.5724566772649,299.69551037052196
2004-08-23 08:00:00,300.51776884810766,299.77934361532766
2004-08-23 09:00:00,300.53451700313434,300.07549623274843
2004-08-23 17:00:00,296.6718276248691,297.14965928464164
2004-08-23 18:00:00,296.62512094177345,297.11546410324024
2004-08-23 20:00:00,296.9179934132815,297.0082396050264
2004-08-23 21:00:00,296.7684279384525,296.8088432041633
2004-08-24 05:00:00,298.1872283277233,297.6799555045246
2004-08-24 06:00:00,299.1586069303962,298.47858940324363
2004-08-24 08:00:00,299.80830898196746,298.90812274010045
2004-08-24 09:00:00,299.10951867713396,298.4918154582772
2004-08-24 17:00:00,297.1448162531448,297.65539795298054
2004-08-24 18:00:00,297.2633567539679,297.4529857664887
2004-08-24 20:00:00,296.9588249688523,297.5680414561314
2004-08-24 21:00:00,296.8184462489994,297.60943373105556
2004-08-25 05:00:00,301.434840174412,300.43080670513984
2004-08-25 06:00:00,302.28045226392464,301.2239731845944
2004-08-25 08:00:00,305.4178336544654,303.25251556067326
2004-08-25 09:00:00,304.29412206993635,302.9167033285132
2004-08-25 17:00:00,298.171088173136,299.1901684542099
2004-08-25 18:00:00,297.9478036795265,298.8613595124937
2004-08-25 20:00:00,297.3417618667767,298.2944379433278
2004-08-25 21:00:00,297.2575042912699,298.0471101123122
2004-08-26 05:00:00,301.1552513369427,299.9695597738257
2004-08-26 06:00:00,302.5575070138705,301.0120858308531
2004-08-26 08:00:00,303.13281767247094,301.43078958896353
2004-08-26 09:00:00,303.6403127708494,301.9560929167619
2004-08-26 17:00:00,297.12130177737384,297.9277469535087
2004-08-26 18:00:00,296.6450748296658,297.45837367076905
2004-08-26 20:00:00,295.89580120915446,296.85176154608354
2004-08-26 21:00:00,295.77640264243666,296.6948050570966
2004-08-27 05:00:00,300.79711516722693,299.34559290434805
2004-08-27 06:00:00,302.7527608533486,300.8471570360275
2004-08-27 08:00:00,305.25815536428496,302.5651120742774
2004-08-27 09:00:00,305.39766609650366,302.98224318964276
2004-08-27 17:00:00,296.0356694061326,297.0274094638913
2004-08-27 18:00:00,295.53642992392895,296.63444970458613
2004-08-27 20:00:00,295.62223058856324,296.8250493547766
2004-08-27 21:00:00,295.609282365749,296.67565266707646
2004-08-28 05:00:00,301.5226360256389,299.67349334857863
2004-08-28 06:00:00,303.648771829708,300.8215170038867
2004-08-28 08:00:00,304.66587794323,302.5424777884697
2004-08-28 09:00:00,304.52242294335036,302.7652708033017
2004-08-28 17:00:00,297.0094866407303,298.2495895174141
2004-08-28 18:00:00,296.5371863977935,297.65581652342996
2004-08-28 20:00:00,295.86810855248314,297.05727596900124
2004-08-28 21:00:00,295.7574020644366,296.859133704234
2004-08-29 05:00:00,301.5443467432619,299.83030101147193
2004-08-29 06:00:00,303.549728934313,301.0515005761193
2004-08-29 08:00:00,306.2971366564922,302.89299954030844
2004-08-29 09:00:00,306.53996681248645,303.344199534741
2004-08-29 17:00:00,296.7227818469972,297.7126167661787
2004-08-29 18:00:00,296.0859870851867,297.0200736541043
2004-08-29 20:00:00,295.1916964256157,296.2982719903367
2004-08-29 21:00:00,294.9956920606146,296.150650424105
2004-08-30 05:00:00,301.69950431741444,299.87088689818773
2004-08-30 06:00:00,303.5205729621218,300.9382505490343
2004-08-30 08:00:00,306.3070007230174,302.884907773904
2004-08-30 09:00:00,306.51291297947864,303.2687775269496
2004-08-30 17:00:00,296.64273061884575,297.85268464404373
2004-08-30 18:00:00,296.1102328072711,297.2214576944548
2004-08-30 20:00:00,295.47525351220173,296.53673232538495
2004-08-30 21:00:00,295.19627591972176,296.24737675788776
2004-08-31 05:00:00,301.5045812809596,299.6121668176401
2004-08-31 06:00:00,303.2425687581255,300.72177300357674
2004-08-31 08:00:00,305.7869190280721,302.60288836886224
2004-08-31 09:00:00,305.9741041186411,302.9211025855207
2004-08-31 17:00:00,296.07285672086414,297.3053268409106
2004-08-31 18:00:00,295.57668707660974,296.6915945044284
2004-08-31 20:00:00,294.7052160183711,295.89478218537084
2004-08-31 21:00:00,294.3044887830737,295.5200629800053
2004-09-01 05:00:00,302.20817756358946,299.8078254499862
2004-09-01 06:00:00,304.2166666227791,301.0545200295
2004-09-01 08:00:00,306.71872352635364,302.8596515861241
2004-09-01 09:00:00,307.0049580249287,303.28105036613573
2004-09-01 17:00:00,296.35254764409945,297.7054353076247
2004-09-01 18:00:00,295.74580714809144,297.18388481904253
2004-09-01 20:00:00,294.77041959836043,296.22109240045535
2004-09-01 21:00:00,294.3561153088586,295.6902319815566
2004-09-02 05:00:00,303.0326520687627,300.62196848535757
2004-09-02 06:00:00,305.0373838921358,301.8520637594496
2004-09-02 08:00:00,307.58914172814696,303.6372904020759
2004-09-02 09:00:00,307.8798194497319,304.06670223288984
2004-09-02 17:00:00,296.98034251819956,298.4339838483484
2004-09-02 18:00:00,296.4549819640643,297.97887734529235
2004-09-02 20:00:00,295.69624667175015,297.13862821464363
2004-09-02 21:00:00,295.3917210935995,296.72272236358225
2004-09-03 05:00:00,303.4104581342089,301.36887852179433
2004-09-03 06:00:00,305.348239399068,302.60970079513106
2004-09-03 08:00:00,307.5429028245077,304.26195496734005
2004-09-03 09:00:00,307.79857443881514,304.64781456992887
2004-09-03 17:00:00,297.48810174174963,299.03300269175384
2004-09-03 18:00:00,297.0452845592528,298.5575077427187
2004-09-03 20:00:00,296.36708266342004,297.7530758803357
2004-09-03 21:00:00,296.0663694079007,297.34324065268686
2004-09-04 05:00:00,303.3138681655672,301.3604098468422
2004-09-04 06:00:00,305.29131492297347,302.6200368966454
2004-09-04 08:00:00,307.86763339050015,304.4124034299689
2004-09-04 09:00:00,308.11620134491767,304.81146461239956
2004-09-04 17:00:00,297.48314470429267,298.9598280520212
2004-09-04 18:00:00,297.1825967327289,298.6619820381717
2004-09-04 20:00:00,296.29441382080455,297.65451494166956
2004-09-04 21:00:00,296.11277742782613,297.33794390144993
2004-09-05 05:00:00,303.5586760863318,301.14948344414336
2004-09-05 06:00:00,305.65429069154624,302.3904031009998
2004-09-05 08:00:00,308.49187473009107,304.08543581734824
2004-09-05 09:00:00,308.70642153324076,304.4000825338261
2004-09-05 17:00:00,297.88296398286275,299.0953468358021
2004-09-05 18:00:00,297.32716868067007,298.61532740894194
2004-09-05 20:00:00,296.6964107566328,298.25688307751864
2004-09-05 21:00:00,296.50968909594235,297.97036371686613
2004-09-06 05:00:00,304.77419270425804,302.62448258833456
2004-09-06 06:00:00,306.84342864849174,303.8175980343106
2004-09-06 08:00:00,309.28089197097097,305.6352572918673
2004-09-06 09:00:00,309.36880533133154,305.9967120483587
2004-09-06 17:00:00,298.10525529153176,299.73898353047656
2004-09-06 18:00:00,297.5588021300423,299.26048586805723
2004-09-06 20:00:00,296.9333788808579,298.77374347516314
2004-09-06 21:00:00,296.71412947879554,298.4818936481682
2004-09-07 05:00:00,305.6631595981874,304.0569783403253
2004-09-07 06:00:00,307.81027837673946,305.5321221961446
2004-09-07 08:00:00,309.8855722483208,307.1472081447419
2004-09-07 09:00:00,309.81828526759926,307.44114012637385
2004-09-07 17:00:00,298.9362547511496,300.87894144631315
2004-09-07 18:00:00,298.5077437296487,300.5091329142566
2004-09-07 20:00:00,297.8852553404351,300.0370169758613
2004-09-07 21:00:00,297.7572902685322,299.8849520455524
2004-09-08 05:00:00,305.4740302698638,303.9658188312925
2004-09-08 06:00:00,307.50686448013465,305.1725207594767
2004-09-08 08:00:00,309.5648405195568,306.81266441403994
2004-09-08 09:00:00,309.56782353052927,307.1683246630182
2004-09-08 17:00:00,298.4437784391853,300.6375170738561
2004-09-08 18:00:00,298.3245167078333,300.3701274854193
2004-09-08 20:00:00,297.905521339922,299.76227511977567
2004-09-08 21:00:00,297.7614815686995,299.5714470814851
2004-09-09 05:00:00,304.0250533563881,302.13720145908826
2004-09-09 06:00:00,306.2469650527178,303.5609949050222
2004-09-09 08:00:00,309.005736646373,305.90564599646996
2004-09-09 09:00:00,309.2308020217026,306.4156536695953
2004-09-09 17:00:00,298.5797160520392,300.3849506583897
2004-09-09 18:00:00,298.26758106390395,299.87083900580967
2004-09-09 20:00:00,297.46958716441014,298.8771610113065
2004-09-09 21:00:00,297.1080956833756,298.5248030558206
2004-09-10 05:00:00,304.0591359895257,301.10714256157314
2004-09-10 06:00:00,306.4414348631684,302.625947479107
2004-09-10 08:00:00,309.77730354579467,305.1624453975166
2004-09-10 09:00:00,310.0144391875421,305.70043366936216
2004-09-10 17:00:00,297.950366850443,299.63962744197056
2004-09-10 18:00:00,297.5325506648224,299.1763595557544
2004-09-10 20:00:00,296.6750596432914,298.0855663987264
2004-09-10 21:00:00,296.2212723554191,297.6112456240897
2004-09-11 05:00:00,304.2821357151026,301.2873757337385
2004-09-11 06:00:00,306.5524902108638,302.510382536196
2004-09-11 08:00:00,309.00406727842267,304.31628716561386
2004-09-11 09:00:00,309.5084734477321,304.8922522828465
2004-09-11 17:00:00,297.12823324100634,298.64122651133954
2004-09-11 18:00:00,296.5901138470243,298.19187153726585
2004-09-11 20:00:00,296.40625766466144,297.8351725620923
2004-09-11 21:00:00,296.12674030133496,297.3412246821658
2004-09-12 05:00:00,304.6815185076651,301.6397963936781
2004-09-12 06:00:00,307.47194731584506,302.98396804409884
2004-09-12 08:00:00,310.6491695221841,304.9257382009356
2004-09-12 09:00:00,310.1797860590813,305.08388113718377
2004-09-12 17:00:00,298.06318530536765,299.3109535957889
2004-09-12 18:00:00,297.63173502729563,299.0022597584776
2004-09-12 20:00:00,296.6491556270464,298.0392545397366
2004-09-12 21:00:00,296.33088171537196,297.857643844534
2004-09-13 05:00:00,305.91384897099806,303.04912667061404
2004-09-13 06:00:00,307.90056138707234,304.067457343103
2004-09-13 08:00:00,309.12842593905737,304.87690941762116
2004-09-13 09:00:00,308.46438111950323,304.92574791107415
2004-09-13 17:00:00,298.6523029815251,300.08833881960084
2004-09-13 18:00:00,298.27079862291896,299.7815008413259
2004-09-13 20:00:00,297.34629875853176,298.79663142364456
2004-09-13 21:00:00,297.13248839767766,298.66696841764525
2004-09-14 05:00:00,305.599275045292,302.73477680694157
2004-09-14 06:00:00,307.63707024290676,303.7558107302626
2004-09-14 08:00:00,308.4715275228115,303.9420407711082
2004-09-14 09:00:00,308.4207263352875,303.6433646932405
2004-09-14 17:00:00,298.8017999211151,299.5580656642355
2004-09-14 18:00:00,298.46933820398266,299.0652182745089
2004-09-14 20:00:00,297.6478116310249,298.44341857628024
2004-09-14 21:00:00,297.5926900431629,298.4649138840027
2004-09-15 05:00:00,304.906994624204,301.8924295105074
2004-09-15 06:00:00,307.4829380875927,303.16929640571584
2004-09-15 08:00:00,310.73361217810304,304.8694836773747
2004-09-15 09:00:00,309.3475478162016,304.66561757985545
2004-09-15 17:00:00,297.9512944860709,298.87461900049806
2004-09-15 18:00:00,297.8128494239184,298.64830379162805
2004-09-15 20:00:00,297.4663556632349,298.519282124994
2004-09-15 21:00:00,297.28578851402995,298.2190932404646
2004-09-16 05:00:00,304.0541785523777,301.2252082530817
2004-09-16 06:00:00,306.7043450212993,302.31118635697794
2004-09-16 08:00:00,310.2202633239088,304.0908351715981
2004-09-16 09:00:00,309.9404659653298,304.10305165436307
2004-09-16 17:00:00,297.56115181897934,298.47526435087934
2004-09-16 18:00:00,296.89149430426323,297.9449010299424
2004-09-16 20:00:00,295.99744037927945,297.1912217808798
2004-09-16 21:00:00,295.9160738152973,297.149418435589
2004-09-17 05:00:00,303.5630646222178,301.16188244459624
2004-09-17 06:00:00,305.9753538111142,302.5262959719807
2004-09-17 08:00:00,310.8891682206023,304.9909329642133
2004-09-17 09:00:00,310.9660152206068,305.25104211181264
2004-09-17 17:00:00,298.2253582782481,299.0627600342173
2004-09-17 18:00:00,297.4714485485859,298.45503114956006
2004-09-17 20:00:00,297.47157781333516,298.86340901003047
2004-09-17 21:00:00,296.95155670683266,298.4941614324396
2004-09-18 05:00:00,307.121411809936,304.0655293986316
2004-09-18 06:00:00,309.4266050130083,305.1878574882707
2004-09-18 08:00:00,311.35444521206,306.1714569938202
2004-09-18 09:00:00,311.6015827901926,306.5883869235799
2004-09-18 17:00:00,298.7775932276745,299.79122833110887
2004-09-18 18:00:00,297.9888512092673,299.2338246255884
2004-09-18 20:00:00,297.38600156340283,298.7802785394372
2004-09-18 21:00:00,297.21106006404835,298.4699032023802
2004-09-19 05:00:00,307.27187449685965,303.8273614257436
2004-09-19 06:00:00,309.8347168674087,305.1089868295726
2004-09-19 08:00:00,312.9212070694322,307.16792393759334
2004-09-19 09:00:00,312.380354424287,307.33723445004784
2004-09-19 17:00:00,298.9890411565043,300.1039372519095
2004-09-19 18:00:00,298.381158625951,299.6554219109252
2004-09-19 20:00:00,297.5516665654116,298.88497151285185
2004-09-19 21:00:00,297.470408646829,298.79203859867044
2004-09-20 05:00:00,309.28351236822425,304.67951135385573
2004-09-20 06:00:00,311.929441125808,305.8085933503091
2004-09-20 08:00:00,313.1107240979588,306.64177140763434
2004-09-20 09:00:00,313.1388668301293,306.98854673882295
2004-09-20 17:00:00,299.0428969702111,300.41624563537505
2004-09-20 18:00:00,298.36436998458413,300.0844498268445
2004-09-20 20:00:00,297.7503089610895,298.8195217232491
2004-09-20 21:00:00,297.46134777098484,298.27881165021006
2004-09-21 05:00:00,308.03902286006416,303.5677554655148
2004-09-21 06:00:00,310.7343970770461,304.93404213269065
2004-09-21 08:00:00,313.099795866086,306.15731628135836
2004-09-21 09:00:00,312.99360713165237,306.59023309598905
2004-09-21 17:00:00,299.10269766926586,299.01719679634084
2004-09-21 18:00:00,298.2953761119872,298.30090360244725
2004-09-21 20:00:00,297.4511544296665,297.58477402321176
2004-09-21 21:00:00,296.8415596231658,296.96086341611044
2004-09-22 05:00:00,308.3403906917719,302.4130070808305
2004-09-22 06:00:00,311.0660161046291,303.8484987044371
2004-09-22 08:00:00,312.8539654888982,305.41402194312616
2004-09-22 09:00:00,311.2829578323247,305.40595422871127
2004-09-22 17:00:00,298.4911297532186,299.5243983099751
2004-09-22 18:00:00,298.12528542634703,299.09322109134246
2004-09-22 20:00:00,296.7546094944371,297.76352544705196
2004-09-22 21:00:00,296.2215894513946,297.2225071652828
2004-09-23 05:00:00,309.7859625206523,304.1512674528572
2004-09-23 06:00:00,312.32905813725597,305.38576492286063
2004-09-23 08:00:00,313.75003458502107,306.3643162849321
2004-09-23 09:00:00,313.51549488884643,306.735891192279
2004-09-23 17:00:00,298.7638620573494,299.7859687041061
2004-09-23 18:00:00,298.0580339710959,299.241770904494
2004-09-23 20:00:00,296.7244836604467,297.96373157471834
2004-09-23 21:00:00,295.93825771995984,297.5214945553631
2004-09-24 05:00:00,309.72251569985974,304.4443650208931
2004-09-24 06:00:00,312.7074331744978,305.5441662475398
2004-09-24 08:00:00,315.5902012147595,306.87121196447055
2004-09-24 09:00:00,314.3950028147646,306.9656210548154
2004-09-24 17:00:00,299.4606232488835,300.4143335139623
2004-09-24 18:00:00,298.6039961005212,299.66119608122324
2004-09-24 20:00:00,297.4144604040772,298.8626147771286
2004-09-24 21:00:00,297.2894747929507,298.59723887862333
2004-09-25 05:00:00,309.800964684626,305.42617746126854
2004-09-25 06:00:00,312.95180726602376,306.5018822386379
2004-09-25 08:00:00,314.82840800469023,307.27172179141286
2004-09-25 09:00:00,314.1067921736942,307.36671786315634
2004-09-25 17:00:00,299.933547785543,300.9509041996326
2004-09-25 18:00:00,299.18602457619596,300.71522764138336
2004-09-25 20:00:00,297.63226055033584,298.93009560795156
2004-09-25 21:00:00,297.51433550301243,298.6331579740316
2004-09-26 05:00:00,309.78476676294366,304.6162713613642
2004-09-26 06:00:00,312.75548460597435,305.9549486721609
2004-09-26 08:00:00,313.9595663249952,305.77906956841656
2004-09-26 09:00:00,312.55909952360605,305.74816675876804
2004-09-26 17:00:00,298.56984998705946,299.6542288570081
2004-09-26 18:00:00,297.73221904360827,299.0096408038735
2004-09-26 20:00:00,296.56782049758044,297.997550153218
2004-09-26 21:00:00,296.1424787430256,297.59723210738883
2004-09-27 05:00:00,310.3177030354692,305.51954787244046
2004-09-27 06:00:00,313.48439300960314,306.50012244649224
2004-09-27 08:00:00,316.16998895254267,307.5840163972969
2004-09-27 09:00:00,315.80794622718093,307.7948592881025
2004-09-27 17:00:00,300.20202951769244,301.3003307748098
2004-09-27 18:00:00,299.3825572855851,300.6299652428767
2004-09-27 20:00:00,298.11327638317516,299.597136745835
2004-09-27 21:00:00,298.0863468070243,299.52022264477654
2004-09-28 05:00:00,310.4485988763888,305.58137408757614
2004-09-28 06:00:00,313.6666238605517,306.8714420218681
2004-09-28 08:00:00,316.211279658948,308.30344944558635
2004-09-28 09:00:00,315.9944157534278,308.5593787429881
2004-09-28 17:00:00,299.39470833659357,299.710136848532
2004-09-28 18:00:00,297.90369047332433,298.9124034299689
2004-09-28 20:00:00,298.17468666111927,299.8709454646647
2004-09-28 21:00:00,298.0153206471119,299.5485863590094
2004-09-29 05:00:00,309.7769520293766,304.80816405873816
2004-09-29 06:00:00,312.401712402908,305.739107317109
2004-09-29 08:00:00,315.82331446102484,308.0121013012432
2004-09-29 09:00:00,315.5728945739464,308.2246621106916
2004-09-29 17:00:00,299.234161870689,300.1595123243993
2004-09-29 18:00:00,298.85027808143843,299.9820878039156
2004-09-29 20:00:00,298.1761524453185,299.078327149566
2004-09-29 21:00:00,297.8255763355132,298.76638507108294
2004-09-30 05:00:00,307.3800182842143,303.78045976400745
2004-09-30 06:00:00,310.65015793434463,305.3928478223334
2004-09-30 08:00:00,313.9936220612842,306.74570438049966
2004-09-30 09:00:00,313.82255025196514,306.9790335068901
2004-09-30 17:00:00,299.8000433264969,300.44951226421057
2004-09-30 18:00:00,299.4103048880038,300.057892645085
2004-09-30 20:00:00,298.6930418793336,299.44792309306985
2004-09-30 21:00:00,298.30407091796127,298.9878278123947
2004-10-01 05:00:00,310.70756490792627,304.8806399211678
2004-10-01 06:00:00,313.2309606519797,305.7308977359248
2004-10-01 08:00:00,315.27408572815597,305.58920511442636
2004-10-01 09:00:00,314.9693068870227,305.90138380994046
2004-10-01 17:00:00,298.27092229199525,298.5578087335008
2004-10-01 18:00:00,297.67992051981264,298.06034258591194
2004-10-01 20:00:00,296.8712429757846,297.43596777306135
2004-10-01 21:00:00,296.594201674263,297.1408936158167
2004-10-02 05:00:00,308.46568105547755,302.6850823165823
2004-10-02 06:00:00,311.4567074768349,303.8283179566746
2004-10-02 08:00:00,312.809075424594,304.27407352582696
2004-10-02 09:00:00,312.6192760261806,304.62383739312736
2004-10-02 17:00:00,297.38056339211016,297.4521166738266
2004-10-02 18:00:00,297.16850642834675,297.1766940500409
2004-10-02 20:00:00,296.337355768001,296.80721930693403
2004-10-02 21:00:00,296.2130095448075,296.78034615773817
2004-10-03 05:00:00,306.5881579712102,301.0721955615309
2004-10-03 06:00:00,309.0376186517795,302.3214260154219
2004-10-03 08:00:00,309.2494822826885,302.6007243481182
2004-10-03 09:00:00,308.5322215310965,302.57683160014807
2004-10-03 17:00:00,295.7973773644775,295.9276006901393
2004-10-03 18:00:00,295.5961489684776,295.7491543480355
2004-10-03 20:00:00,295.67063297218823,296.3166171222328
2004-10-03 21:00:00,295.54982217985605,296.1392267400568
2004-10-04 05:00:00,302.7189838191945,300.0331303812506
2004-10-04 06:00:00,302.3279088142289,299.6174689764602
2004-10-04 08:00:00,308.5614510229078,302.83233708409574
2004-10-04 09:00:00,309.0960671964155,303.041319554686
2004-10-04 17:00:00,295.9414691190323,296.51396068696437
2004-10-04 18:00:00,295.5612783564258,296.09015741333576
2004-10-04 20:00:00,295.29596297582975,296.21979173563295
2004-10-04 21:00:00,295.1561619974616,296.0727087881973
2004-10-05 05:00:00,304.65190698185756,300.83309193568533
2004-10-05 06:00:00,306.17818971701513,301.48903492602807
2004-10-05 08:00:00,308.49641138673377,302.6919076740283
2004-10-05 09:00:00,307.70100677913433,302.6116290452484
2004-10-05 17:00:00,295.6925321088182,296.2765336705283
2004-10-05 18:00:00,294.785107135038,295.5844829776805
2004-10-05 20:00:00,293.5322455360636,295.3901010992347
2004-10-05 21:00:00,292.92079207269,294.7135392998694
2004-10-06 05:00:00,304.85070248267317,300.65590929874844
2004-10-06 06:00:00,307.38590594322545,301.9154772883387
2004-10-06 08:00:00,309.1322315609878,304.1177574592673
2004-10-06 09:00:00,308.48626953501184,304.34221977151594
2004-10-06 17:00:00,294.77996221933233,296.3866972372235
2004-10-06 18:00:00,294.0415391260744,295.6231084744258
2004-10-06 20:00:00,292.79230192446016,295.9714864486906
2004-10-06 21:00:00,292.22530116946746,296.053700569047
2004-10-07 05:00:00,304.658649814882,301.50014184325795
2004-10-07 06:00:00,306.562045269277,302.8296038094213
2004-10-07 08:00:00,308.3705275055073,305.182585964585
2004-10-07 09:00:00,308.25798859912186,305.59571671449163
2004-10-07 17:00:00,294.1877938433678,296.14317965985083
2004-10-07 18:00:00,294.0828606086813,296.0703549142611
2004-10-07 20:00:00,293.4099209966204,295.72312790880954
2004-10-07 21:00:00,293.3094494177491,295.7665335680193
2004-10-08 05:00:00,303.8205968213192,301.6087560433269
2004-10-08 06:00:00,305.9896154183269,302.999631696563
2004-10-08 08:00:00,307.3758448525827,304.49168116212445
2004-10-08 09:00:00,306.984624125006,304.6279049536847
2004-10-08 17:00:00,296.1959295992859,297.85487673719786
2004-10-08 18:00:00,295.6711576723355,297.3107465088643
2004-10-08 20:00:00,295.214569303398,296.80267098872065
2004-10-08 21:00:00,294.895011796055,296.385799531393
2004-10-09 05:00:00,304.3744371646358,301.11654503209564
2004-10-09 06:00:00,305.8758591709226,301.9528876070984
2004-10-09 08:00:00,307.5678002073879,303.31156105546995
2004-10-09 09:00:00,307.53097828070077,303.7130500311477
2004-10-09 17:00:00,297.05333835501887,298.1446560946378
2004-10-09 18:00:00,296.75153453103934,297.8344053671063
2004-10-09 20:00:00,296.4285192269207,297.3798867858981
2004-10-09 21:00:00,295.9780921877257,296.8799177972121
2004-10-10 05:00:00,301.68663158916365,299.628977018806
2004-10-10 06:00:00,304.07588212258645,300.49854731155654
2004-10-10 08:00:00,306.25973383781536,302.7775899125909
2004-10-10 09:00:00,306.67991069211797,302.96160425500625
2004-10-10 17:00:00,295.2427212284599,296.0835468074758
2004-10-10 18:00:00,294.6644283112466,295.468671401954
2004-10-10 20:00:00,294.10963820823355,294.8714510972033
2004-10-10 21:00:00,294.01791609894883,294.76474036641406
2004-10-11 05:00:00,302.7658835059873,299.43489528473793
2004-10-11 06:00:00,304.91923809786243,301.19463043918233
2004-10-11 08:00:00,305.95808970211834,302.49753221414863
2004-10-11 09:00:00,305.58711228569047,302.6556049693715
2004-10-11 17:00:00,290.0495206718269,292.61246399960277
2004-10-11 18:00:00,289.4725646502432,292.1972685168814
2004-10-11 20:00:00,288.8297431369776,291.52006984528487
2004-10-11 21:00:00,288.6534312855114,290.9573467472118
2004-10-12 05:00:00,303.0074113983954,298.9889557402013
2004-10-12 06:00:00,305.4433853078881,300.5032259525246
2004-10-12 08:00:00,306.85116880443326,301.0033948807209
2004-10-12 09:00:00,306.43477895116587,301.19339873280103
2004-10-12 17:00:00,291.42542025855585,293.04388636984334
2004-10-12 18:00:00,290.86756280978403,292.4968830455433
2004-10-12 20:00:00,290.2477062677933,291.7415911376201
2004-10-12 21:00:00,289.86982891629395,291.27130985113064
2004-10-13 05:00:00,302.49282046936696,298.3502894373631
2004-10-13 06:00:00,305.0844838005736,299.52096385985203
2004-10-13 08:00:00,307.8201814013747,300.92667194948365
2004-10-13 09:00:00,306.73941284555866,301.1819086295247
2004-10-13 17:00:00,291.7544467732058,293.3274353450546
2004-10-13 18:00:00,291.1414091700949,292.7419286648555
2004-10-13 20:00:00,290.38997317462565,292.08545728310236
2004-10-13 21:00:00,290.0546855485678,291.62598218168426
2004-10-14 05:00:00,304.26943381945784,299.1085592778328
2004-10-14 06:00:00,306.5434568901826,300.4639504407698
2004-10-14 08:00:00,306.46167730440163,301.42778483010227
2004-10-14 09:00:00,305.67285560643177,301.515304800542
2004-10-14 17:00:00,291.2052258225546,292.84407892212477
2004-10-14 18:00:00,290.4837068813424,292.0897694309981
2004-10-14 20:00:00,289.20267518312437,290.84381761830105
2004-10-14 21:00:00,288.5713534832735,290.2282017500632
2004-10-15 05:00:00,302.7535969597533,298.78105948849344
2004-10-15 06:00:00,305.5560387374808,299.8935622816276
2004-10-15 08:00:00,308.3580161448804,301.4898107261247
2004-10-15 09:00:00,307.94033086979516,301.85939126977206
2004-10-15 17:00:00,290.5000929163858,292.380726066319
2004-10-15 18:00:00,289.60710278056985,291.59269726111086
2004-10-15 20:00:00,288.04539240527043,290.22548601476734
2004-10-15 21:00:00,287.5247087992946,289.71225191889266
2004-10-16 05:00:00,303.07428594509884,299.9191002985362
2004-10-16 06:00:00,305.99567901188124,301.02186441054147
2004-10-16 08:00:00,309.0371016162937,302.39941671926914
2004-10-16 09:00:00,308.69847751141333,302.6940512164899
2004-10-16 17:00:00,290.00854024314003,292.6464934973577
2004-10-16 18:00:00,289.2830073234664,291.6536107467393
2004-10-16 20:00:00,288.4102982578366,290.80684550186885
2004-10-16 21:00:00,288.15612059418334,290.5419743424755
2004-10-17 05:00:00,304.31083216027963,301.27457266926586
2004-10-17 06:00:00,307.14173270814774,302.55346870128477
2004-10-17 08:00:00,309.5623738857557,303.63256457406675
2004-10-17 09:00:00,309.29736234080076,303.80649494941133
2004-10-17 17:00:00,291.9432459568206,294.1674580390354
2004-10-17 18:00:00,291.4835056957369,293.7048608342011
2004-10-17 20:00:00,290.9399567355728,293.05192279080944
2004-10-17 21:00:00,290.6704157284118,292.711055244246
2004-10-18 05:00:00,304.52250111819416,301.62832091438753
2004-10-18 06:00:00,307.2786080664589,303.2586518744658
2004-10-18 08:00:00,309.5903887168285,304.2785398368659
2004-10-18 09:00:00,309.45674850393334,304.4146758610001
2004-10-18 17:00:00,293.4064003543237,295.62635598674945
2004-10-18 18:00:00,293.0139862671839,295.21403515173586
2004-10-18 20:00:00,291.95376850239853,293.74815168806884
2004-10-18 21:00:00,291.5181378098592,293.2767019404101
2004-10-19 05:00:00,304.9750602263699,301.51552371361595
2004-10-19 06:00:00,307.6030790449475,303.0051088729882
2004-10-19 08:00:00,309.675821007492,304.12055386159744
2004-10-19 09:00:00,309.5184290905028,304.25050516231397
2004-10-19 17:00:00,293.6478320387736,295.7470614487658
2004-10-19 18:00:00,292.78554347997823,294.59705854747995
2004-10-19 20:00:00,291.07958401296463,295.0760542483102
2004-10-19 21:00:00,290.4196761591225,294.84612425817363
2004-10-20 05:00:00,306.07813409884653,302.46125219782994
2004-10-20 06:00:00,308.43213962737144,303.59524545537306
2004-10-20 08:00:00,310.3182431589841,304.69646864128407
2004-10-20 09:00:00,309.64748583589386,304.699697979426
2004-10-20 17:00:00,293.88909550036414,296.23413142364456
2004-10-20 18:00:00,293.50771596288456,295.71739657597476
2004-10-20 20:00:00,292.28591902487443,295.5535676130345
2004-10-20 21:00:00,291.7023871470306,295.56740077508067
2004-10-21 05:00:00,308.0520782705816,302.92605905870806
2004-10-21 06:00:00,310.36492762396625,304.0161488302316
2004-10-21 08:00:00,310.26202023451793,304.5438246293502
2004-10-21 09:00:00,310.3898685026242,304.831288553717
2004-10-21 17:00:00,293.7950034354611,295.60709847801456
2004-10-21 18:00:00,292.95961402928333,294.5897344697973
2004-10-21 20:00:00,291.82821706998146,293.6801999507957
2004-10-21 21:00:00,291.13694513964543,292.7964270170003
2004-10-22 05:00:00,304.0215734590551,300.2850587254129
2004-10-22 06:00:00,307.3529493099736,301.8654838526745
2004-10-22 08:00:00,310.93861979292063,303.60931443506837
2004-10-22 09:00:00,310.75808657042234,303.8711167439841
2004-10-22 17:00:00,293.5893323101873,295.1047312496991
2004-10-22 18:00:00,293.2940248745065,294.7311504111268
2004-10-22 20:00:00,292.2033056367895,293.78506885875356
2004-10-22 21:00:00,291.7821936937988,293.32246048608437
2004-10-23 05:00:00,304.9687571474143,300.62619648655686
2004-10-23 06:00:00,307.89083314493007,301.5265340937305
2004-10-23 08:00:00,310.8578801088965,302.4921693258183
2004-10-23 09:00:00,310.1713168198596,302.7172604929685
2004-10-23 17:00:00,290.0397473821655,295.61480889224856
2004-10-23 18:00:00,289.132561447073,295.1875423672387
2004-10-23 20:00:00,287.93202209472656,290.744294976233
2004-10-23 21:00:00,287.43402722657004,289.90068846527714
2004-10-24 05:00:00,304.494424922808,300.5647987871214
2004-10-24 06:00:00,307.71297893318444,302.08684853669865
2004-10-24 08:00:00,310.9510030408486,303.239683859521
2004-10-24 09:00:00,310.5241280718834,303.3567547673254
2004-10-24 17:00:00,291.09465405386294,292.9324452028436
2004-10-24 18:00:00,289.9618689444473,291.98599901478536
2004-10-24 20:00:00,288.2703619488215,290.6492270776781
2004-10-24 21:00:00,287.63090148361516,289.97126259825814
2004-10-25 05:00:00,303.85189800526956,299.6328039654231
2004-10-25 06:00:00,307.38082711759074,301.2233749883385
2004-10-25 08:00:00,311.2189223843473,302.70393917042594
2004-10-25 09:00:00,310.8393857041933,303.09581621402214
2004-10-25 17:00:00,291.49084268108544,293.3592124668586
2004-10-25 18:00:00,290.73021022050153,292.6660858765589
2004-10-25 20:00:00,289.60691612490524,291.5875789366077
2004-10-25 21:00:00,289.1579688355809,291.0680644736268
2004-10-26 05:00:00,304.17186249202496,300.05512958168066
2004-10-26 06:00:00,307.5914319571802,301.6943378419097
2004-10-26 08:00:00,310.9865809882918,303.2450255407207
2004-10-26 09:00:00,310.6016719682926,303.4848422151868
2004-10-26 17:00:00,291.23515921711737,293.38451955645405
2004-10-26 18:00:00,290.4132941529637,292.9467907216406
2004-10-26 20:00:00,289.5178067011899,291.3654258739783
2004-10-26 21:00:00,289.2218406924114,291.16014423576087
2004-10-27 05:00:00,303.6344406527621,299.540870725282
2004-10-27 06:00:00,306.96163822873535,301.0341612076723
2004-10-27 08:00:00,310.2219906705554,302.4813815265297
2004-10-27 09:00:00,309.0128414583133,302.51140532177664
2004-10-27 17:00:00,291.1547013387107,293.2267840228206
2004-10-27 18:00:00,289.9380302017753,292.31414040211354
2004-10-27 20:00:00,288.4793486044109,290.296149490427
2004-10-27 21:00:00,287.55660926101757,289.42865592121893
2004-10-28 05:00:00,304.6934092188102,299.2040433251803
2004-10-28 06:00:00,308.36213582983737,300.50177422804165
2004-10-28 08:00:00,310.69899045594485,301.9290269754701
2004-10-28 09:00:00,309.75807295741953,302.0735954437491
2004-10-28 17:00:00,290.9295187128711,293.0870047218076
2004-10-28 18:00:00,290.1185397249524,292.4894382376884
2004-10-28 20:00:00,289.39521634376655,291.22491824204457
2004-10-28 21:00:00,288.7866375516119,290.3887678478459
2004-10-29 05:00:00,303.06250576025167,298.33335323950917
2004-10-29 06:00:00,307.0869544783065,300.1310072841556
2004-10-29 08:00:00,310.534091120692,301.08632263747864
2004-10-29 09:00:00,308.7703978974941,301.0852445534822
2004-10-29 17:00:00,290.2141848007226,291.5596997418279
2004-10-29 18:00:00,289.6129226567014,290.79340841002386
2004-10-29 20:00:00,288.39220631838947,289.6166640459481
2004-10-29 21:00:00,287.8240568986843,288.99671383521223
2004-10-30 05:00:00,301.9556961177126,297.01564268044586
2004-10-30 06:00:00,305.6591452435463,298.6203301757437
2004-10-30 08:00:00,309.42896039166334,300.2186763628238
2004-10-30 09:00:00,309.45647006042196,300.3922910293556
2004-10-30 17:00:00,290.43294291209736,291.78983510256916
2004-10-30 18:00:00,289.83399502558774,291.2294977831731
2004-10-30 20:00:00,288.935262671237,290.34013293814405
2004-10-30 21:00:00,288.39679542858903,289.75624855641047
2004-10-31 05:00:00,301.9147147250653,297.0760714585315
2004-10-31 06:00:00,305.2898553927617,298.68735434792256
2004-10-31 08:00:00,309.1684556440874,300.83670603512616
2004-10-31 09:00:00,309.33417305263055,301.09184340372667
2004-10-31 17:00:00,291.0990765164557,292.35960146017914
2004-10-31 18:00:00,290.2300130788277,291.5744231801555
2004-10-31 20:00:00,289.4600682427593,290.9347280493503
2004-10-31 21:00:00,289.2645133419654,290.67228538854096
2004-11-01 05:00:00,301.9926468389244,297.8045304684867
2004-11-01 06:00:00,305.44220424469887,299.3727269106543
2004-11-01 08:00:00,309.22531779190786,301.2275942433597
2004-11-01 09:00:00,308.9547518831556,301.38803740091436
2004-11-01 17:00:00,291.20680406097273,292.55213667247995
2004-11-01 18:00:00,290.53259531265047,291.92700921809546
2004-11-01 20:00:00,289.6402051364329,291.19352113227086
2004-11-01 21:00:00,289.16540365116253,290.7077195883165
2004-11-02 05:00:00,302.8081837846612,298.25629731870396
2004-11-02 06:00:00,306.43731146343686,299.70420280186164
2004-11-02 08:00:00,309.9780971485955,301.13160975945567
2004-11-02 09:00:00,309.5677153318432,301.2967214481489
2004-11-02 17:00:00,289.90894309398027,291.4687203993599
2004-11-02 18:00:00,289.09733616809814,290.7590999279992
2004-11-02 20:00:00,288.08739759448133,289.96730443545965
2004-11-02 21:00:00,287.5113165433675,289.3593171858825
2004-11-03 05:00:00,302.43088758377525,297.96517909069087
2004-11-03 06:00:00,305.7051855243042,299.23271240328427
2004-11-03 08:00:00,308.987668805938,300.5027192619806
2004-11-03 09:00:00,308.7337584649837,300.73870720297606
2004-11-03 17:00:00,289.04558322242303,290.79566078597486
2004-11-03 18:00:00,287.69030077541925,289.82463764960664
2004-11-03 20:00:00,285.55636088837093,291.4408072543622
2004-11-03 21:00:00,284.83588081442156,291.4636880084069
2004-11-04 05:00:00,303.94859981683817,297.96567407264183
2004-11-04 06:00:00,306.7924264399407,298.8826848105033
2004-11-04 08:00:00,309.4836118254346,300.0474808844286
2004-11-04 09:00:00,308.85820792599344,300.2606598746795
2004-11-04 17:00:00,287.08905149204156,291.15480723329614
2004-11-04 18:00:00,286.13932889635646,290.4001896745068
2004-11-04 20:00:00,284.80129358323956,287.2495915158688
2004-11-04 21:00:00,284.2736729884919,287.13575596508156
2004-11-05 05:00:00,303.19172762501955,298.1231507005971
2004-11-05 06:00:00,305.84624976112593,299.13052836037565
2004-11-05 08:00:00,308.0080974796336,300.25806449337625
2004-11-05 09:00:00,307.5381669572028,300.3846676301883
2004-11-05 17:00:00,288.8543786282532,290.8045537916281
2004-11-05 18:00:00,287.85334356980997,289.96963585617
2004-11-05 20:00:00,285.91596674515023,288.24871426480945
2004-11-05 21:00:00,285.03226984667674,288.12257523970175
2004-11-06 05:00:00,302.53873823309897,297.58296027279044
2004-11-06 06:00:00,305.4029600734153,298.73277691810273
2004-11-06 08:00:00,307.7815347680326,299.85226821311636
2004-11-06 09:00:00,307.60547260584195,300.02248792839345
2004-11-06 17:00:00,287.42765114524155,292.4399953175032
2004-11-06 18:00:00,286.29091410350355,292.079817103311
2004-11-06 20:00:00,284.78764098744915,291.20770651607194
2004-11-06 21:00:00,284.27607362626696,290.18929099154946
2004-11-07 05:00:00,302.01036570215444,297.6237909349345
2004-11-07 06:00:00,305.13805454060184,298.74878785496315
2004-11-07 08:00:00,308.62528935272263,300.1206853128912
2004-11-07 09:00:00,308.3290949558441,300.3533397845017
2004-11-07 17:00:00,286.6794981170325,289.02692043028185
2004-11-07 18:00:00,285.6364401654213,288.10359379984385
2004-11-07 20:00:00,284.1975650640408,286.6783038170202
2004-11-07 21:00:00,283.67083589762495,286.17815421505594
2004-11-08 05:00:00,301.70637121920595,297.17986458659357
2004-11-08 06:00:00,305.1487675741751,298.32764577057407
2004-11-08 08:00:00,308.7446432716123,299.72437348681717
2004-11-08 09:00:00,308.4849955789481,299.9822696632891
2004-11-08 17:00:00,286.72048230751636,290.39433163964696
2004-11-08 18:00:00,285.52762661362283,290.5873740362276
2004-11-08 20:00:00,283.9728048880038,289.3349050042809
2004-11-08 21:00:00,283.4053900532068,289.6378531198839
2004-11-09 05:00:00,302.18950802372495,297.37294596479563
2004-11-09 06:00:00,305.4604994152287,298.68790937755807
2004-11-09 08:00:00,308.9097499524133,300.4641088359345
2004-11-09 09:00:00,308.8507362918237,300.7793610841725
2004-11-09 17:00:00,287.19814369895244,289.5684099006359
2004-11-09 18:00:00,286.07815589375787,288.7664853229728
2004-11-09 20:00:00,284.3921697349137,287.1673425518677
2004-11-09 21:00:00,283.7652937972858,286.8144322000042
2004-11-10 05:00:00,302.0386191722241,297.73308618483816
2004-11-10 06:00:00,304.97365312620377,299.09081276539484
2004-11-10 08:00:00,307.85720938049224,300.5851986595589
2004-11-10 09:00:00,307.7472273910358,300.78546662176336
2004-11-10 17:00:00,289.7130772336422,291.5521366959911
2004-11-10 18:00:00,288.9952291479831,291.0216064218013
2004-11-10 20:00:00,287.9796558256693,290.32812144980414
2004-11-10 21:00:00,287.54813082890445,289.83689993225005
2004-11-11 05:00:00,301.5172592186598,297.7726489333049
2004-11-11 06:00:00,304.93409141223134,299.4756745748418
2004-11-11 08:00:00,308.25090097389165,301.21621936862755
2004-11-11 09:00:00,308.2966263217074,301.40883009900307
2004-11-11 17:00:00,291.08754237664317,292.70764479909
2004-11-11 18:00:00,290.4381226714477,292.13000786873886
2004-11-11 20:00:00,289.4088115016191,291.13999494602575
2004-11-11 21:00:00,288.95628733113296,290.6146445487424
2004-11-12 05:00:00,301.91401336152677,298.07942028075047
2004-11-12 06:00:00,305.4283976268328,299.76030417326234
2004-11-12 08:00:00,309.20404374838245,301.31146856228634
2004-11-12 09:00:00,309.2376886259059,301.4832178712442
2004-11-12 17:00:00,290.8476797847424,292.61728617663744
2004-11-12 18:00:00,290.0357236230318,291.9626896509955
2004-11-12 20:00:00,288.8067127809686,290.7624840875987
2004-11-12 21:00:00,288.20543142827154,290.17655201869314
2004-11-13 05:00:00,302.87043823336234,298.76827537407314
2004-11-13 06:00:00,306.32904177343903,300.2460716964651
2004-11-13 08:00:00,310.17326366736086,301.59997850133016
2004-11-13 09:00:00,309.8848176553547,301.79735239555
2004-11-13 17:00:00,289.52541258449,291.56585216081385
2004-11-13 18:00:00,288.37768691052645,290.6412170598246
2004-11-13 20:00:00,286.2323857382376,289.7915763208422
2004-11-13 21:00:00,285.3807047416323,289.99489825091496
2004-11-14 05:00:00,304.6235638399521,299.92112915321195
2004-11-14 06:00:00,308.3767657639984,300.98432988194725
2004-11-14 08:00:00,311.03251238853795,302.1071623345186
2004-11-14 09:00:00,310.2752860000211,302.1988415828288
2004-11-14 17:00:00,289.2920823060493,291.715915580009
2004-11-14 18:00:00,288.112134066495,291.2949555901056
2004-11-14 20:00:00,286.555226424442,291.25858065894647
2004-11-14 21:00:00,285.9947396911715,290.76933824630294
2004-11-15 05:00:00,304.78307261415546,299.57663967796765
2004-11-15 06:00:00,308.5697358870543,300.97249571531324
2004-11-15 08:00:00,310.1755553305792,302.43014295957124
2004-11-15 09:00:00,309.0713043683116,302.40602443324764
2004-11-15 17:00:00,289.0198253284802,293.56671222516314
2004-11-15 18:00:00,287.74892887532803,293.67535619045077
2004-11-15 20:00:00,286.28486687376613,293.2445571499723
2004-11-15 21:00:00,285.6164864185962,293.07994270030815
2004-11-16 05:00:00,304.7937464309951,299.8810198861756
2004-11-16 06:00:00,308.692609766415,301.1700850194335
2004-11-16 08:00:00,310.7239824245083,302.3564493094093
2004-11-16 09:00:00,309.7470126159386,302.39113792102034
2004-11-16 17:00:00,289.8002497315958,293.7925966612547
2004-11-16 18:00:00,288.85727779817506,293.98561075031296
2004-11-16 20:00:00,287.8835909098433,290.93336964094397
2004-11-16 21:00:00,286.9465185791392,290.1814838521102
2004-11-17 05:00:00,304.3230980166302,300.5355016534979
2004-11-17 06:00:00,307.6403084918053,301.6366936400051
2004-11-17 08:00:00,310.8479963634709,302.7095451883983
2004-11-17 09:00:00,309.9945472752552,302.69081611809634
2004-11-17 17:00:00,293.78920069901716,296.73163544782693
2004-11-17 18:00:00,292.90406982704013,295.06167238114983
2004-11-17 20:00:00,291.3122319719641,293.40788078602
2004-11-17 21:00:00,290.98319175026637,293.05908567549085
2004-11-18 05:00:00,305.5506110521972,300.7364745059256
2004-11-18 06:00:00,308.5737216285271,301.86351382309925
2004-11-18 08:00:00,310.5626938971239,303.03070442187953
2004-11-18 09:00:00,309.9458925926079,303.1117422753379
2004-11-18 17:00:00,291.0935344020097,293.24973211303154
2004-11-18 18:00:00,289.92582253572203,292.25675259018533
2004-11-18 20:00:00,288.2843461705283,290.78287255708904
2004-11-18 21:00:00,287.57403787809824,290.1999069002266
2004-11-19 05:00:00,304.8673256049722,299.8967493935984
2004-11-19 06:00:00,308.65137419384695,301.3178052152801
2004-11-19 08:00:00,311.22257541838707,302.6165262466219
2004-11-19 09:00:00,310.4332036046291,302.78149686792784
2004-11-19 17:00:00,289.6109830506594,293.9442602548467
2004-11-19 18:00:00,288.3639500504833,293.759969091195
2004-11-19 20:00:00,286.7673935618349,293.17051553358834
2004-11-19 21:00:00,286.20621489302954,291.7251046390857
2004-11-20 05:00:00,304.6119939160458,300.41129047881657
2004-11-20 06:00:00,308.1312408212154,301.7411990173058
2004-11-20 08:00:00,310.92723090549464,302.8100151920172
2004-11-20 09:00:00,310.481228421392,302.93318886308714
2004-11-20 17:00:00,289.51428817490404,295.3484323557426
2004-11-20 18:00:00,288.3024581415444,294.7572357459869
2004-11-20 20:00:00,287.1794620508038,290.7584165740638
2004-11-20 21:00:00,286.8972915861015,290.09135843756025
2004-11-21 05:00:00,303.65194511707466,300.1339045261566
2004-11-21 06:00:00,307.32484464248637,301.59404960361945
2004-11-21 08:00:00,310.720437424576,302.7928382626667
2004-11-21 09:00:00,310.3918565888251,302.9211686991029
2004-11-21 17:00:00,290.0547755965834,294.32981303586797
2004-11-21 18:00:00,288.85609845130585,294.4056884577535
2004-11-21 20:00:00,287.2840605560914,291.6050667784798
2004-11-21 21:00:00,286.74839691021043,290.6774570130053
2004-11-22 05:00:00,304.03145457122287,300.042014452636
2004-11-22 06:00:00,307.5108531840226,301.41236009876974
2004-11-22 08:00:00,310.3699991611193,302.7048115546604
2004-11-22 09:00:00,309.9155036914514,302.84145490414187
2004-11-22 17:00:00,290.76300008859033,294.0146945195132
2004-11-22 18:00:00,289.4804141098987,293.97161695953514
2004-11-22 20:00:00,287.76178918964877,292.0633290295241
2004-11-22 21:00:00,287.17600905031935,292.20577986471824
2004-11-23 05:00:00,304.74755480844175,299.9069949063388
2004-11-23 06:00:00,308.2408912317779,301.08041393591554
2004-11-23 08:00:00,310.4597201354698,302.0261313933621
2004-11-23 09:00:00,309.73064355600417,302.158171502394
2004-11-23 17:00:00,291.09271360141656,292.92718543477343
2004-11-23 18:00:00,289.9402223654631,291.99808872499153
2004-11-23 20:00:00,288.6103482003939,290.8254511382069
2004-11-23 21:00:00,288.09944608949917,290.2697496223156
2004-11-24 05:00:00,303.5941729905608,299.09443916120955
2004-11-24 06:00:00,307.0933585380002,300.53717090389216
2004-11-24 08:00:00,309.791533295289,301.5988491628497
2004-11-24 09:00:00,309.25330969953023,301.7834380727337
2004-11-24 17:00:00,290.58162154328477,292.6926847907538
2004-11-24 18:00:00,289.1595679284612,292.9113073128582
2004-11-24 20:00:00,287.46011526522176,291.32441941835845
2004-11-24 21:00:00,286.9246330084896,290.30233640038915
2004-11-25 05:00:00,303.2351858083199,298.80193442886895
2004-11-25 06:00:00,306.60746478299694,300.19473663941375
2004-11-25 08:00:00,309.52143942152594,301.4994392336242
2004-11-25 09:00:00,308.908714282678,301.53047650400407
2004-11-25 17:00:00,291.00532672805673,292.41271608232165
2004-11-25 18:00:00,290.1131830435872,291.78938935313647
2004-11-25 20:00:00,288.5983284596119,292.4649630694984
2004-11-25 21:00:00,288.39770886343325,292.3870527035283
2004-11-26 05:00:00,302.67729471497614,298.40657113990727
2004-11-26 06:00:00,305.2368281618657,299.61210039841194
2004-11-26 08:00:00,308.5284200001204,300.99606798169054
2004-11-26 09:00:00,308.26190338369884,301.0418198266639
2004-11-26 17:00:00,292.04945784981703,293.1852973503031
2004-11-26 18:00:00,291.42400756271667,292.48396139042035
2004-11-26 20:00:00,289.9691490091051,291.0996265146876
2004-11-26 21:00:00,289.25544534221825,290.4244729205162
2004-11-27 05:00:00,301.63811508202224,297.16391238078864
2004-11-27 06:00:00,305.18465398897195,298.6104368847581
2004-11-27 08:00:00,309.72384641203564,300.35925772597864
2004-11-27 09:00:00,309.52105299092955,300.70956061176605
2004-11-27 17:00:00,291.1992070414069,292.1430183257822
2004-11-27 18:00:00,290.47914629026627,291.40108886154485
2004-11-27 20:00:00,289.2370848339769,290.32001670520003
2004-11-27 21:00:00,288.6763549475531,289.7360874170148
2004-11-28 05:00:00,300.07722901048936,295.7097167263413
2004-11-28 06:00:00,303.8064417199838,297.23851977144074
2004-11-28 08:00:00,308.35054951860286,299.00117871206606
2004-11-28 09:00:00,308.3727908141808,299.4314150582477
2004-11-28 17:00:00,289.12764275643417,290.44866806994236
2004-11-28 18:00:00,288.20811949084833,289.6375971060872
2004-11-28 20:00:00,286.70511830569416,288.2001587995579
2004-11-28 21:00:00,286.0379145406244,287.5506075255125
2004-11-29 05:00:00,299.19569947135466,295.26094109251613
2004-11-29 06:00:00,302.84563395495775,297.0304373107816
2004-11-29 08:00:00,307.450544078104,299.0271566711332
2004-11-29 09:00:00,307.6488202393331,299.4097400541849
2004-11-29 17:00:00,287.22806818275865,289.0317693630977
2004-11-29 18:00:00,286.4130823402816,288.3855678517205
2004-11-29 20:00:00,285.30692769713323,287.38629505410216
2004-11-29 21:00:00,284.9185947365313,287.0498547429113
2004-11-30 05:00:00,300.2395563816253,297.13523850639353
2004-11-30 06:00:00,304.031216849164,298.73846388524413
2004-11-30 08:00:00,307.68476999338674,300.1123838733268
2004-11-30 09:00:00,307.59080009284116,300.25012460952547
2004-11-30 17:00:00,287.94059396047254,289.95117182797753
2004-11-30 18:00:00,287.51307788725444,289.4221358100879
2004-11-30 20:00:00,286.65611699696495,288.5577761469343
2004-11-30 21:00:00,286.33551495615256,288.271444311862
2004-12-01 05:00:00,300.3228217831746,297.12680300578864
2004-12-01 06:00:00,304.05616210091097,298.71904433710364
2004-12-01 08:00:00,307.50155606732716,299.7490962047607
2004-12-01 09:00:00,307.4044383655895,299.92848986139285
2004-12-01 17:00:00,291.0817161524792,292.18719987913346
2004-12-01 18:00:00,290.46907483117053,291.59184457928814
2004-12-01 20:00:00,288.786027058982,289.84098451493884
2004-12-01 21:00:00,288.18247090061936,289.29666744285083
2004-12-02 05:00:00,299.72696842140704,295.79258631631296
2004-12-02 06:00:00,303.616005943075,297.85693121911567
2004-12-02 08:00:00,307.0079157143051,299.3948657207754
2004-12-02 09:00:00,306.83522177109916,299.59870891835544
2004-12-02 17:00:00,289.1819424386752,290.43383339997985
2004-12-02 18:00:00,288.0459392294862,289.4985671080132
2004-12-02 20:00:00,286.86772731786886,288.35172595007947
2004-12-02 21:00:00,286.4983665101885,287.9325326646238
2004-12-03 05:00:00,299.86644501531805,296.0571681229837
2004-12-03 06:00:00,303.4028599625927,297.91229534883894
2004-12-03 08:00:00,306.33297078231084,299.2940063006338
2004-12-03 09:00:00,306.2380867886066,299.4177413493716
2004-12-03 17:00:00,289.6241833138723,290.8107173549376
2004-12-03 18:00:00,288.8303701109805,290.0568877750626
2004-12-03 20:00:00,287.35790693521136,289.59093460059495
2004-12-03 21:00:00,287.02473919931657,288.79117237437856
2004-12-04 05:00:00,301.15270262543334,296.0840230274641
2004-12-04 06:00:00,305.0699323704136,297.62173701728625
2004-12-04 08:00:00,308.0499958338099,299.38430224214386
2004-12-04 09:00:00,307.2490461493494,299.5740689599459
2004-12-04 17:00:00,289.8461192737926,290.87665542579026
2004-12-04 18:00:00,289.238273115114,290.2758662101852
2004-12-04 20:00:00,287.94343780846737,289.026332508434
2004-12-04 21:00:00,287.49262502050175,288.5679007649238
2004-12-05 05:00:00,296.44151642362954,293.4132027883192
2004-12-05 06:00:00,301.47490364157,295.49036627300717
2004-12-05 08:00:00,306.08259199286465,297.8302112455912
2004-12-05 09:00:00,305.9251774345598,298.23521319890426
2004-12-05 17:00:00,288.2076859437446,289.59133118804317
2004-12-05 18:00:00,287.3746032714844,288.8750080173299
2004-12-05 20:00:00,286.09469101351846,287.76952506654624
2004-12-05 21:00:00,285.4541935384365,287.16473423938726
2004-12-06 05:00:00,298.5004684612821,293.89951288020484
2004-12-06 06:00:00,302.1231775504232,295.5112785492179
2004-12-06 08:00:00,306.11986961423526,297.37205599416023
2004-12-06 09:00:00,305.769731354089,297.8740107884576
2004-12-06 17:00:00,286.55027091521515,288.23734430392466
2004-12-06 18:00:00,285.3815924787007,287.29251792214137
2004-12-06 20:00:00,283.7887641424758,285.8604418456279
2004-12-06 21:00:00,283.28165968320405,285.3541463137775
2004-12-07 05:00:00,297.92892754647323,294.46088020312953
2004-12-07 06:00:00,301.60663942122494,296.0368979149864
2004-12-07 08:00:00,305.64415648097435,297.7021280532626
2004-12-07 09:00:00,305.92435442391087,298.0677195168423
2004-12-07 17:00:00,288.11598351336045,289.49390976822065
2004-12-07 18:00:00,287.3876493245317,288.8380074523079
2004-12-07 20:00:00,285.9573847883839,287.4461734577761
2004-12-07 21:00:00,285.1256096227143,286.6818423043414
2004-12-08 05:00:00,297.7284771136033,294.0068702874088
2004-12-08 06:00:00,301.62405983288596,295.80318863549843
2004-12-08 08:00:00,306.6632588390944,297.87555194966416
2004-12-08 09:00:00,306.8285862433341,298.39912865966426
2004-12-08 17:00:00,287.1425212748429,288.60053962037455
2004-12-08 18:00:00,286.13550785105843,287.6811934413822
2004-12-08 20:00:00,284.5781712465918,286.19349512884907
2004-12-08 21:00:00,283.8132676652106,285.4510583392645
2004-12-09 05:00:00,297.7263632893379,293.4101977473231
2004-12-09 06:00:00,301.689072219543,295.2680931385199
2004-12-09 08:00:00,306.13032679859043,297.67836240700836
2004-12-09 09:00:00,305.8831253874651,298.28549521142054
2004-12-09 17:00:00,285.90799648478884,287.72861982677676
2004-12-09 18:00:00,284.5937025308242,286.9538827904935
2004-12-09 20:00:00,282.94031008586677,287.2270537436652
2004-12-09 21:00:00,282.3133082926181,286.3032235966993
2004-12-10 05:00:00,295.7007267368593,293.24116328023433
2004-12-10 06:00:00,298.40121516387893,294.58413818547467
2004-12-10 08:00:00,301.1964460234796,295.9468636064573
2004-12-10 09:00:00,300.3311694223084,295.97504052395817
2004-12-10 17:00:00,283.24744954865963,286.93709579491286
2004-12-10 18:00:00,282.38811092053436,286.62459473690745
2004-12-10 20:00:00,281.2306268865412,285.40580307500574
2004-12-10 21:00:00,280.92453057005525,285.5314892267777
2004-12-11 05:00:00,295.9770062274668,293.1700037646184
2004-12-11 06:00:00,299.581943694175,295.07272961914816
2004-12-11 08:00:00,302.9372231552524,296.77288811306005
2004-12-11 09:00:00,302.41378915842586,296.8937630205198
2004-12-11 17:00:00,287.654450826542,288.93625508030686
2004-12-11 18:00:00,286.7175524084153,288.1682826719593
2004-12-11 20:00:00,284.80823033689904,287.0218645751201
2004-12-11 21:00:00,284.26388194785096,286.7535707212192
2004-12-12 05:00:00,297.2383193146834,293.664173026298
2004-12-12 06:00:00,300.9532557929793,295.5048775459842
2004-12-12 08:00:00,305.11112423560286,297.67940785741587
2004-12-12 09:00:00,305.4690285375563,298.1672580054802
2004-12-12 17:00:00,286.451571283796,288.06441691770397
2004-12-12 18:00:00,285.12186799835536,286.95945859653375
2004-12-12 20:00:00,283.3637406829693,285.20484305971024
2004-12-12 21:00:00,282.69545011123637,284.53840587833446
2004-12-13 05:00:00,297.3386002174695,293.65823448898243
2004-12-13 06:00:00,301.24771633060027,295.6007464486756
2004-12-13 08:00:00,305.98681800501373,297.9751205797004
2004-12-13 09:00:00,306.5231824031413,298.6471599467179
2004-12-13 17:00:00,286.61249931347203,288.1166770006365
2004-12-13 18:00:00,285.18340549557166,287.3257847860892
2004-12-13 20:00:00,283.12428636359874,287.3188997336272
2004-12-13 21:00:00,282.42749693507596,287.2414254069512
2004-12-14 05:00:00,299.011117191638,294.3947772715236
2004-12-14 06:00:00,303.2576696457591,296.2136876557384
2004-12-14 08:00:00,306.99100027686825,298.45093756206967
2004-12-14 09:00:00,306.6505681818182,298.99067892535993
2004-12-14 17:00:00,286.28080681329146,288.3399989476373
2004-12-14 18:00:00,284.9379814629929,287.3802199635557
2004-12-14 20:00:00,282.9411415605589,286.8597593145856
2004-12-14 21:00:00,282.2676369030781,287.0169587216135
2004-12-15 05:00:00,301.08321513453694,295.2342096925333
2004-12-15 06:00:00,305.31601633974145,297.2042599341535
2004-12-15 08:00:00,307.7419189076945,299.2994771760491
2004-12-15 09:00:00,307.24752610122846,299.6769526970956
2004-12-15 17:00:00,286.77913530581907,288.64601121147166
2004-12-15 18:00:00,285.3853624105821,287.6712589116971
2004-12-15 20:00:00,283.22167131750166,289.7973694411926
2004-12-15 21:00:00,282.476616293697,289.894902492341
2004-12-16 05:00:00,301.31768387381584,296.01136561130704
2004-12-16 06:00:00,305.13722433551624,297.80512732460244
2004-12-16 08:00:00,307.51879377321035,299.56105876152617
2004-12-16 09:00:00,307.20710171315994,299.9051663203305
2004-12-16 17:00:00,286.54027509175023,289.4082806180181
2004-12-16 18:00:00,285.11294943599376,290.1280587876706
2004-12-16 20:00:00,283.293692120051,290.75005308836006
2004-12-16 21:00:00,282.6522755439182,290.63939790182013
2004-12-17 05:00:00,300.9614150131061,296.4919149578077
2004-12-17 06:00:00,304.8782381783649,298.1844851783318
2004-12-17 08:00:00,308.0430220734724,299.89879900869124
2004-12-17 09:00:00,308.0393149636008,300.24975045179184
2004-12-17 17:00:00,287.09231955318126,289.0405127197642
2004-12-17 18:00:00,285.63198965392974,288.43509884497786
2004-12-17 20:00:00,283.5942550212467,288.0875831216069
2004-12-17 21:00:00,282.9096756099002,288.11546673649815
2004-12-18 05:00:00,298.7620243254722,295.62776473270173
2004-12-18 06:00:00,302.84367140195405,297.6736362733533
2004-12-18 08:00:00,307.163099150812,299.657601872284
2004-12-18 09:00:00,307.4211058535818,300.1292054539286
2004-12-18 17:00:00,286.8204187002314,288.7383585079058
2004-12-18 18:00:00,286.01368910873254,288.06099354137075
2004-12-18 20:00:00,284.9380246296135,287.08778393103273
2004-12-18 21:00:00,284.68455397219435,286.82052696945124
2004-12-19 05:00:00,298.2310098844978,295.7045061672781
2004-12-19 06:00:00,302.0180684517271,297.59060610167234
2004-12-19 08:00:00,305.0348439738269,299.7426743705762
2004-12-19 09:00:00,304.9842728201891,300.13740925134977
2004-12-19 17:00:00,289.09266406325236,290.755683463968
2004-12-19 18:00:00,288.5262947023741,290.1186715289147
2004-12-19 20:00:00,287.2553152545759,288.6497200141519
2004-12-19 21:00:00,286.4442694242269,287.81365129797047
2004-12-20 05:00:00,296.2441501940711,292.92491582509
2004-12-20 06:00:00,300.1980569895317,294.5866629155281
2004-12-20 08:00:00,304.4706639788,295.35007381586155
2004-12-20 09:00:00,304.46352051439567,295.7542905645856
2004-12-20 17:00:00,285.51147656080724,286.7516262953748
2004-12-20 18:00:00,284.63932588691887,286.0216172839901
2004-12-20 20:00:00,283.05046250823835,284.65128565055016
2004-12-20 21:00:00,282.5356047267355,284.2498034225958
2004-12-21 05:00:00,294.71821551918066,291.1006121760341
2004-12-21 06:00:00,298.5286985611879,292.9082190185923
2004-12-21 08:00:00,303.2547070190242,294.67801632168477
2004-12-21 09:00:00,303.65966890919924,295.1373792745299
2004-12-21 17:00:00,286.89414651221233,287.70813583115404
2004-12-21 18:00:00,286.66316415936626,287.3424818276992
2004-12-21 20:00:00,285.22350317157105,285.7556720610209
2004-12-21 21:00:00,284.39912496840094,285.27523695559273
2004-12-22 05:00:00,293.9565708765815,291.1578171646283
2004-12-22 06:00:00,298.2593109177882,293.19292768528356
2004-12-22 08:00:00,302.80126473495886,295.1148959778491
2004-12-22 09:00:00,303.2171682113859,295.59792488932794
2004-12-22 17:00:00,285.47967164872796,286.76180618826896
2004-12-22 18:00:00,284.47043272232975,285.83953704598866
2004-12-22 20:00:00,282.8449964949457,284.36773780387796
2004-12-22 21:00:00,282.27421581579836,283.82621139737967
2004-12-23 05:00:00,294.9024767295238,291.25047271681495
2004-12-23 06:00:00,299.0664097531735,293.1403701382536
2004-12-23 08:00:00,302.70997278716055,294.5762654967227
2004-12-23 09:00:00,303.14024171990866,295.0223047053685
2004-12-23 17:00:00,286.7819398430353,287.7723949179627
2004-12-23 18:00:00,285.9204273899825,287.0666252100964
2004-12-23 20:00:00,284.4629215187578,285.5428963118966
2004-12-23 21:00:00,283.8785266376608,285.0124084049454
2004-12-24 05:00:00,293.9935634477848,290.60274445661594
2004-12-24 06:00:00,298.082338024545,292.5319902981375
2004-12-24 08:00:00,302.1246074799947,293.91101883005103
2004-12-24 09:00:00,302.10673454766646,294.1022901490951
2004-12-24 17:00:00,285.65396205155616,286.47269370339137
2004-12-24 18:00:00,285.12273840764635,285.97272734796326
2004-12-24 20:00:00,284.0110329038741,284.9438416138636
2004-12-24 21:00:00,283.5184237299421,284.43734586036817
2004-12-25 05:00:00,293.8263053482596,290.02280544757105
2004-12-25 06:00:00,297.5823341922143,291.5647330497189
2004-12-25 08:00:00,301.9261124527142,293.16158634415024
2004-12-25 09:00:00,301.89276722583264,293.51677444058316
2004-12-25 17:00:00,283.67810317217294,284.5710704315609
2004-12-25 18:00:00,282.85092318260064,283.8479022950347
2004-12-25 20:00:00,281.4578796527787,282.6461896146942
2004-12-25 21:00:00,280.79722336591306,282.09575097035554
2004-12-26 05:00:00,292.4847435150382,288.4019611752456
2004-12-26 06:00:00,296.0729435948635,289.9787054076584
2004-12-26 08:00:00,300.0333548899975,291.69747943613675
2004-12-26 09:00:00,300.14736889102977,292.14797903099117
2004-12-26 17:00:00,282.36273414364956,283.5713196271006
2004-12-26 18:00:00,281.5482053359962,282.8811154358192
2004-12-26 20:00:00,279.83558163400426,281.2190681539809
2004-12-26 21:00:00,278.96671293990454,280.54989170256675
2004-12-27 05:00:00,292.9136985226295,289.3144415809855
2004-12-27 06:00:00,296.5566830627724,290.97293906660036
2004-12-27 08:00:00,300.62032227596995,292.97888023717377
2004-12-27 09:00:00,301.03171883746177,293.5626316158724
2004-12-27 17:00:00,283.57438596187643,285.000892674427
2004-12-27 18:00:00,282.8928452360979,284.4099349152693
2004-12-27 20:00:00,281.99868308891683,283.65160173554267
2004-12-27 21:00:00,281.65869845961936,283.31669814193566
2004-12-28 05:00:00,292.4254461914439,289.8815334419992
2004-12-28 06:00:00,296.60995716159624,292.35007527355793
2004-12-28 08:00:00,301.6045713498155,295.18716703394347
2004-12-28 09:00:00,302.3272859311802,295.89586769891633
2004-12-28 17:00:00,286.1914520263672,287.39540187089216
2004-12-28 18:00:00,285.59185882709426,286.8736309174948
2004-12-28 20:00:00,284.57876170765275,285.93560908571783
2004-12-28 21:00:00,284.14142489910864,285.52510933662967
2004-12-29 05:00:00,295.45112238385826,292.6682747721856
2004-12-29 06:00:00,299.7686220236662,295.09819200042585
2004-12-29 08:00:00,304.75302439073937,297.32339012016683
2004-12-29 09:00:00,305.4949686670524,297.74854270335527
2004-12-29 17:00:00,289.8456520586058,290.4821415270789
2004-12-29 18:00:00,289.30053261872985,290.0477001971934
2004-12-29 20:00:00,288.18034644927747,289.0879927577884
2004-12-29 21:00:00,287.5650030762095,288.5351820888431
2004-12-30 05:00:00,294.5749616578841,292.6529514212821
2004-12-30 06:00:00,297.9829173271755,294.48548569407416
2004-12-30 08:00:00,302.402219493143,296.84323406954206
2004-12-30 09:00:00,302.45232641752034,297.23302188162074
2004-12-30 17:00:00,289.7173927436441,291.0545480078652
2004-12-30 18:00:00,289.81599797746986,290.6728191875346
2004-12-30 20:00:00,289.67379031894023,290.50440609877575
2004-12-30 21:00:00,289.69806806332156,290.4498934518023
2004-12-31 05:00:00,293.99009951457776,293.40421007153435
2004-12-31 06:00:00,296.57541521304563,295.0789178457392
2004-12-31 08:00:00,299.1682268092739,296.8544151882178
2004-12-31 09:00:00,300.0176287446808,297.67423983016994
2004-12-31 17:00:00,287.98481155654133,288.55628887346967
2004-12-31 18:00:00,286.67757863660444,287.34989341418435
2004-12-31 20:00:00,284.60366952951955,285.84753939918085
2004-12-31 21:00:00,283.50712848775015,284.8875154515812
