datetime_utc,skt,t2m
2007-01-01 05:00:00,296.1061633893264,292.3475615937831
2007-01-01 06:00:00,300.2049959767581,294.01559201374266
2007-01-01 08:00:00,304.3097226182559,296.4057188812867
2007-01-01 09:00:00,302.83781404891994,296.5034275848436
2007-01-01 17:00:00,288.2035301220252,288.8329828905949
2007-01-01 18:00:00,287.31066151576346,287.89517813801586
2007-01-01 20:00:00,285.9487293872334,286.6699463972141
2007-01-01 21:00:00,285.7248630846961,286.4035642180127
2007-01-02 05:00:00,294.4878814180019,291.23350938700014
2007-01-02 06:00:00,298.3619889786872,292.9600736268313
2007-01-02 08:00:00,304.1315801588155,294.82170316581556
2007-01-02 09:00:00,303.70277947894596,295.1434679075455
2007-01-02 17:00:00,285.4320898776062,286.29699960952547
2007-01-02 18:00:00,284.56063866284666,285.49770396369263
2007-01-02 20:00:00,283.1370726880748,284.18346095856606
2007-01-02 21:00:00,282.52981273492423,283.6267351523754
2007-01-03 05:00:00,294.2944698715798,289.91834786860346
2007-01-03 06:00:00,298.66536798462477,291.80710271473845
2007-01-03 08:00:00,303.9130292284103,293.871311652091
2007-01-03 09:00:00,303.69922829555986,294.4835006408221
2007-01-03 17:00:00,284.5790553864419,285.63900051499
2007-01-03 18:00:00,283.7682291039701,284.88376599798215
2007-01-03 20:00:00,282.2606634954091,283.51774310330956
2007-01-03 21:00:00,281.62995741363665,282.9384613742446
2007-01-04 05:00:00,293.48543427501147,289.42158216761516
2007-01-04 06:00:00,297.54005443884523,291.16544982722064
2007-01-04 08:00:00,302.8479906972641,293.1310884449258
2007-01-04 09:00:00,303.11543290383645,293.63753348469555
2007-01-04 17:00:00,284.4996408189206,285.5847213110314
2007-01-04 18:00:00,283.785305522807,284.93677898107217
2007-01-04 20:00:00,283.3221474810631,284.63644000084264
2007-01-04 21:00:00,283.2199245976006,284.3923833814718
2007-01-05 05:00:00,292.04455267813614,289.26150138866734
2007-01-05 06:00:00,295.9382026801675,291.01453031707433
2007-01-05 08:00:00,298.42569317692784,292.16071877971825
2007-01-05 09:00:00,298.32119892043954,292.41712180491777
2007-01-05 17:00:00,284.8277179265427,285.8732112890399
2007-01-05 18:00:00,284.3177979032872,285.41745340732285
2007-01-05 20:00:00,283.5626316864061,284.7663965915862
2007-01-05 21:00:00,283.36210197366444,284.49431592474
2007-01-06 05:00:00,292.69827023639886,289.6847740138073
2007-01-06 06:00:00,296.08627766049335,291.19707988627334
2007-01-06 08:00:00,298.93974036171187,292.5440823359556
2007-01-06 09:00:00,300.151613256046,293.13927465594605
2007-01-06 17:00:00,283.6962354333816,284.6289735156326
2007-01-06 18:00:00,282.8332039196796,283.8004574768349
2007-01-06 20:00:00,281.78505080212796,283.0225227250157
2007-01-06 21:00:00,281.33436643250735,282.5916487072208
2007-01-07 05:00:00,291.8367286294194,288.2085757262902
2007-01-07 06:00:00,296.1276091588848,290.19372981795914
2007-01-07 08:00:00,301.4652513642157,292.20480396053273
2007-01-07 09:00:00,301.9754546037624,292.7820426341382
2007-01-07 17:00:00,282.41210236865317,283.5074092823846
2007-01-07 18:00:00,281.4797634365746,282.64141819840773
2007-01-07 20:00:00,279.89264452071694,281.17830282954844
2007-01-07 21:00:00,279.137919727202,280.4894889514141
2007-01-08 05:00:00,291.43277438359195,287.7770750871609
2007-01-08 06:00:00,295.1998141954419,289.737925148892
2007-01-08 08:00:00,300.76112266975485,292.56171691142174
2007-01-08 09:00:00,301.56279198598054,293.3705034064953
2007-01-08 17:00:00,284.0366803420527,285.1737027396039
2007-01-08 18:00:00,283.3512071277401,284.5959244832419
2007-01-08 20:00:00,282.3220522370654,283.7621696013699
2007-01-08 21:00:00,281.84985527896737,283.3126569139572
2007-01-09 05:00:00,292.69190254857983,290.13346453697545
2007-01-09 06:00:00,297.06535515689706,292.53075762779577
2007-01-09 08:00:00,302.4966749476358,295.2638045018553
2007-01-09 09:00:00,303.13725452393703,295.87192865733186
2007-01-09 17:00:00,284.29374036509745,286.09293961488225
2007-01-09 18:00:00,283.69827632580774,285.46637861019656
2007-01-09 20:00:00,282.6914996130992,284.4290238249651
2007-01-09 21:00:00,282.18216198655233,283.7685161055696
2007-01-10 05:00:00,294.1871562893108,290.79766453065565
2007-01-10 06:00:00,298.5603485342535,292.92075487792215
2007-01-10 08:00:00,302.42251142551794,294.4470691651519
2007-01-10 09:00:00,302.47244199214987,294.8377852006392
2007-01-10 17:00:00,283.69121326981417,284.86674697006066
2007-01-10 18:00:00,282.8143169009263,284.0700871213375
2007-01-10 20:00:00,281.25341653456496,282.7013963602357
2007-01-10 21:00:00,280.5140371689995,282.02723794945956
2007-01-11 05:00:00,293.4513166806731,289.2706758707808
2007-01-11 06:00:00,298.14641600433964,291.285291792248
2007-01-11 08:00:00,303.2190259748321,293.1215665608599
2007-01-11 09:00:00,303.15789924233644,293.6222820546484
2007-01-11 17:00:00,283.22065850068316,284.5388567532156
2007-01-11 18:00:00,282.45899904600833,283.90771486726123
2007-01-11 20:00:00,280.90670668215523,282.4324801875557
2007-01-11 21:00:00,280.1977763124534,281.7845698798934
2007-01-12 05:00:00,293.5649701604858,289.8346127596769
2007-01-12 06:00:00,297.65317583598414,291.49953673470003
2007-01-12 08:00:00,302.306905502531,293.1968957463104
2007-01-12 09:00:00,302.651666438451,293.6769251184214
2007-01-12 17:00:00,282.55069000291167,284.068797224659
2007-01-12 18:00:00,281.27197660613683,282.94443459062626
2007-01-12 20:00:00,279.308549008127,281.1891443755116
2007-01-12 21:00:00,278.6348194657195,280.6189404033549
2007-01-13 05:00:00,294.07019134662556,290.1020529677945
2007-01-13 06:00:00,298.10903448683825,291.67611778976374
2007-01-13 08:00:00,302.0968871741156,293.0834377858966
2007-01-13 09:00:00,302.4321618925074,293.5071473202463
2007-01-13 17:00:00,281.99895520790704,283.5954273382578
2007-01-13 18:00:00,280.87274249860064,282.59300685700356
2007-01-13 20:00:00,279.087925092465,282.3319167973264
2007-01-13 21:00:00,278.47307378595525,281.91254273401387
2007-01-14 05:00:00,295.5740955041259,290.7748537225238
2007-01-14 06:00:00,299.66029870455,292.36521650646426
2007-01-14 08:00:00,304.0270862079732,294.5619398684274
2007-01-14 09:00:00,304.3192321119029,295.06550473535003
2007-01-14 17:00:00,282.12388185286557,284.7505847478317
2007-01-14 18:00:00,281.13307899980595,284.1173383715707
2007-01-14 20:00:00,280.17205102858816,282.64009425746644
2007-01-14 21:00:00,279.8423122411884,282.3090234882843
2007-01-15 05:00:00,294.3997786276513,291.4588604708115
2007-01-15 06:00:00,298.8991718262847,293.73828893817256
2007-01-15 08:00:00,303.2887382095878,295.70987636760134
2007-01-15 09:00:00,303.7918436905636,296.1594890953029
2007-01-15 17:00:00,285.1494485769874,286.4564173717528
2007-01-15 18:00:00,284.19579351627954,285.70686636573544
2007-01-15 20:00:00,282.5561754552903,284.4956694663214
2007-01-15 21:00:00,281.8158124503443,283.7781680067441
2007-01-16 05:00:00,294.46056877336076,291.3190823453601
2007-01-16 06:00:00,298.99904607881564,293.65359466505714
2007-01-16 08:00:00,304.7158796313364,295.81905667109555
2007-01-16 09:00:00,305.58634045899186,296.276346544639
2007-01-16 17:00:00,284.7124237154592,286.23002923104355
2007-01-16 18:00:00,283.35012057970044,285.043792889188
2007-01-16 20:00:00,281.37332600033704,283.4075391678303
2007-01-16 21:00:00,280.82941433240893,282.8709032620047
2007-01-17 05:00:00,294.81061872532257,291.60232348802094
2007-01-17 06:00:00,299.3051521054402,293.8758324856751
2007-01-17 08:00:00,304.6912870480577,295.9963356100356
2007-01-17 09:00:00,305.68344240820466,296.4833285856321
2007-01-17 17:00:00,283.7408485588932,287.772421180008
2007-01-17 18:00:00,282.7277043464555,287.338154185902
2007-01-17 20:00:00,281.3752015617852,286.498747368623
2007-01-17 21:00:00,280.8482632159452,285.8088262760768
2007-01-18 05:00:00,297.30001786383355,294.04326950566985
2007-01-18 06:00:00,301.62491195043907,295.9818427463526
2007-01-18 08:00:00,306.06531276614714,297.76480939538897
2007-01-18 09:00:00,306.517894562661,298.2520021459171
2007-01-18 17:00:00,284.5166982877053,287.02943841261197
2007-01-18 18:00:00,283.5441679403484,285.81990704881764
2007-01-18 20:00:00,282.24629996700907,284.6146455832365
2007-01-18 21:00:00,281.69165502233756,284.4911303880218
2007-01-19 05:00:00,298.74695851659556,294.7786449320695
2007-01-19 06:00:00,302.8964513182089,296.58893379481805
2007-01-19 08:00:00,306.0900523886658,298.0296626392241
2007-01-19 09:00:00,305.758859831306,298.2916354280775
2007-01-19 17:00:00,287.0271025012565,288.34445630089715
2007-01-19 18:00:00,286.1752984938893,287.587570119896
2007-01-19 20:00:00,285.22228679451257,286.74440075326225
2007-01-19 21:00:00,284.3955215900815,285.9869647150965
2007-01-20 05:00:00,295.5088955918887,291.95102488278246
2007-01-20 06:00:00,299.8788454499561,293.74519326984426
2007-01-20 08:00:00,304.468362487887,295.61316919547204
2007-01-20 09:00:00,303.69163675411096,295.9591391729464
2007-01-20 17:00:00,285.9362836934752,287.1067039360434
2007-01-20 18:00:00,285.01490797798147,286.3362490943474
2007-01-20 20:00:00,283.5886060717661,285.19511211377636
2007-01-20 21:00:00,282.97371326793325,284.6417717603029
2007-01-21 05:00:00,294.3011165906909,290.70471233726465
2007-01-21 06:00:00,298.2821111928884,292.3736601889776
2007-01-21 08:00:00,302.7174289039177,294.2661139395645
2007-01-21 09:00:00,303.0686519487613,294.7767762359008
2007-01-21 17:00:00,283.42356275373317,285.06739917631694
2007-01-21 18:00:00,282.3762662678911,284.1959965592724
2007-01-21 20:00:00,280.7506158296794,282.7457940758469
2007-01-21 21:00:00,280.00859638796015,282.0948825360079
2007-01-22 05:00:00,295.20580692614544,290.44012632208353
2007-01-22 06:00:00,298.77586014428755,291.9836225230448
2007-01-22 08:00:00,302.9796712255257,293.8830278393667
2007-01-22 09:00:00,303.282973937518,294.5137517896749
2007-01-22 17:00:00,283.16069531550943,284.9037831310866
2007-01-22 18:00:00,281.97539791818394,283.8443418482235
2007-01-22 20:00:00,279.6516256464648,281.94935184708
2007-01-22 21:00:00,278.7192887833747,281.3314549897228
2007-01-23 05:00:00,295.3581018433182,291.37038070137953
2007-01-23 06:00:00,299.4587132434816,293.0259942288392
2007-01-23 08:00:00,304.61802769735897,295.1961666630303
2007-01-23 09:00:00,305.3617724167364,295.93810969324807
2007-01-23 17:00:00,284.64030959683316,286.3870950237445
2007-01-23 18:00:00,283.64231755002436,285.5196856247442
2007-01-23 20:00:00,281.5183591916124,283.9244696994776
2007-01-23 21:00:00,280.56480960228777,283.50912623706694
2007-01-24 05:00:00,293.952241777088,291.156695373253
2007-01-24 06:00:00,297.60622146206754,293.2158215821065
2007-01-24 08:00:00,303.3864542016263,296.284702130569
2007-01-24 09:00:00,304.252800046571,297.061756998071
2007-01-24 17:00:00,286.008716459818,287.749937060434
2007-01-24 18:00:00,284.9657898184331,286.82086630705146
2007-01-24 20:00:00,283.6726039892352,285.77073610655515
2007-01-24 21:00:00,283.2338936780744,285.37559339996477
2007-01-25 05:00:00,296.61886427398827,293.1769971568338
2007-01-25 06:00:00,301.21490770054896,295.64092874159616
2007-01-25 08:00:00,307.05288921996885,298.89230483044827
2007-01-25 09:00:00,307.8337436435035,299.6687669562999
2007-01-25 17:00:00,287.8243637672742,289.4547832236268
2007-01-25 18:00:00,286.6828909052539,288.3965363113098
2007-01-25 20:00:00,284.98970403215736,287.0732624541813
2007-01-25 21:00:00,284.3597633820286,286.3742580560763
2007-01-26 05:00:00,297.2389030280209,294.73773402609334
2007-01-26 06:00:00,301.67875556181696,297.2156479986864
2007-01-26 08:00:00,307.1056046684277,300.1027288686696
2007-01-26 09:00:00,307.781762991554,300.68939872001096
2007-01-26 17:00:00,288.6225335542888,290.32027450585036
2007-01-26 18:00:00,287.5241571787877,289.32422291148794
2007-01-26 20:00:00,285.3512946365427,287.8248871037699
2007-01-26 21:00:00,284.3122537668754,287.26054017900134
2007-01-27 05:00:00,300.2720538640427,296.58990770054896
2007-01-27 06:00:00,304.9226330961395,298.49841929290255
2007-01-27 08:00:00,309.20420134416526,300.24233926499755
2007-01-27 09:00:00,309.19422642218495,300.6620521956857
2007-01-27 17:00:00,288.7942819698199,290.56005560782364
2007-01-27 18:00:00,287.77085295737436,289.66414683478644
2007-01-27 20:00:00,285.8392403107395,288.6462041211239
2007-01-27 21:00:00,285.04705855218214,288.2148524256443
2007-01-28 05:00:00,300.3834157041482,297.2704048568185
2007-01-28 06:00:00,305.03366239339067,299.32984261299686
2007-01-28 08:00:00,310.2765515155528,300.79693173260097
2007-01-28 09:00:00,310.763340695797,301.2870364431608
2007-01-28 17:00:00,291.07795207489437,292.2758468839531
2007-01-28 18:00:00,290.3273439333876,291.54798978502834
2007-01-28 20:00:00,289.4084701655642,290.794688102828
2007-01-28 21:00:00,288.7550102668844,290.2139955588225
2007-01-29 05:00:00,301.2660555846886,298.06622464925005
2007-01-29 06:00:00,306.1406871872066,300.7416199623896
2007-01-29 08:00:00,311.48767475427945,302.6398880639686
2007-01-29 09:00:00,311.3351215192093,302.9013829870474
2007-01-29 17:00:00,289.67879896354975,290.57483916436945
2007-01-29 18:00:00,289.0629087897773,290.3656426475302
2007-01-29 20:00:00,288.8613072235155,290.7893259198346
2007-01-29 21:00:00,288.5225569573683,290.47363544575785
2007-01-30 05:00:00,299.28854718083414,296.55108264047306
2007-01-30 06:00:00,303.4652750165143,297.8751623450516
2007-01-30 08:00:00,306.2661127169805,299.12132559425106
2007-01-30 09:00:00,305.10097928039835,298.7126899096191
2007-01-30 17:00:00,289.544047398266,291.0327452907944
2007-01-30 18:00:00,288.7501694219322,290.203566917102
2007-01-30 20:00:00,286.65939058324403,288.34157278945526
2007-01-30 21:00:00,285.8573253849071,287.6101871249489
2007-01-31 05:00:00,300.26827614994374,296.2659415787284
2007-01-31 06:00:00,304.62550335194925,297.9336382097382
2007-01-31 08:00:00,307.83570422156384,299.53065970351776
2007-01-31 09:00:00,307.7847275462099,299.84470850587445
2007-01-31 17:00:00,288.660350664371,290.46099827653273
2007-01-31 18:00:00,287.7964512100573,289.7449768254496
2007-01-31 20:00:00,286.40576653855237,288.4030279503398
2007-01-31 21:00:00,285.7732955626971,287.77563448349025
2007-02-01 05:00:00,300.4318061910903,295.6630258192818
2007-02-01 06:00:00,304.50100710358936,297.2809717680897
2007-02-01 08:00:00,308.13945470495474,299.1037769053126
2007-02-01 09:00:00,308.14790440634334,299.55173982640815
2007-02-01 17:00:00,288.1434207440157,289.9118014719159
2007-02-01 18:00:00,286.95572400203287,288.8869808061832
2007-02-01 20:00:00,284.70703049764063,287.2771333950143
2007-02-01 21:00:00,283.8941194037627,286.5900883843609
2007-02-02 05:00:00,299.111802276,296.1944121138892
2007-02-02 06:00:00,303.3142842203149,297.9979626342585
2007-02-02 08:00:00,307.86745044961003,299.68401359005594
2007-02-02 09:00:00,308.4265765879298,300.0863880692351
2007-02-02 17:00:00,288.8583261874865,290.4496250475867
2007-02-02 18:00:00,288.1070016587644,289.877293661673
2007-02-02 20:00:00,287.0889554721732,289.12151201480344
2007-02-02 21:00:00,286.52412870668667,288.5588866058961
2007-02-03 05:00:00,298.0198938637191,295.35059957401415
2007-02-03 06:00:00,302.4595789975488,297.96872486649386
2007-02-03 08:00:00,307.38200096283197,300.06922308359015
2007-02-03 09:00:00,308.4122626212051,300.5022896647637
2007-02-03 17:00:00,289.6920219856344,291.0720563280197
2007-02-03 18:00:00,288.7479118499991,290.298180907827
2007-02-03 20:00:00,287.07746757895256,288.89091042634703
2007-02-03 21:00:00,286.4211386517494,288.34738443665583
2007-02-04 05:00:00,301.0375470835917,296.8558736134016
2007-02-04 06:00:00,305.531803054692,299.1479836627038
2007-02-04 08:00:00,309.892967565034,301.3234455831613
2007-02-04 09:00:00,309.68252918496154,301.7303457392382
2007-02-04 17:00:00,289.99215446672014,291.5563194380703
2007-02-04 18:00:00,289.000124562503,290.6904003689947
2007-02-04 20:00:00,287.20737702967756,289.18329776711016
2007-02-04 21:00:00,286.3013902379111,288.23202827347814
2007-02-05 05:00:00,300.97618904760327,296.74444704687653
2007-02-05 06:00:00,305.7345467965665,298.7551580114615
2007-02-05 08:00:00,310.2523770560101,301.0857138376574
2007-02-05 09:00:00,310.10549599951696,301.66564398296805
2007-02-05 17:00:00,290.83887120792053,292.76357569055307
2007-02-05 18:00:00,289.841847518192,291.89139259467686
2007-02-05 20:00:00,288.4628268860522,290.7186122712075
2007-02-05 21:00:00,288.1512182908727,290.46235087766485
2007-02-06 05:00:00,300.35482668178656,297.5636388605291
2007-02-06 06:00:00,304.3838162179721,299.47531087960596
2007-02-06 08:00:00,307.75174613212033,300.84308517291475
2007-02-06 09:00:00,308.1469293015396,301.2895892456243
2007-02-06 17:00:00,292.03398804745433,293.11821980762926
2007-02-06 18:00:00,291.34399399955765,292.53327292984545
2007-02-06 20:00:00,290.5209624491781,291.8939737751965
2007-02-06 21:00:00,290.0983715321874,291.2723564300772
2007-02-07 05:00:00,301.6659359454374,297.171045876431
2007-02-07 06:00:00,305.5834140160418,298.8305368996548
2007-02-07 08:00:00,308.360028917874,300.13959762972934
2007-02-07 09:00:00,308.3504826056388,300.43610613665703
2007-02-07 17:00:00,290.0123342740334,291.379552550235
2007-02-07 18:00:00,289.1665302858514,290.6453175831282
2007-02-07 20:00:00,287.9779766300243,289.31607283723
2007-02-07 21:00:00,287.39466996626425,288.56054207870886
2007-02-08 05:00:00,298.03477889473896,294.35271288103246
2007-02-08 06:00:00,302.4345352337431,296.39081569959643
2007-02-08 08:00:00,307.8912209862002,298.4464982654354
2007-02-08 09:00:00,308.5598564676952,298.9451979767927
2007-02-08 17:00:00,290.99417542162223,291.93250920041504
2007-02-08 18:00:00,290.5567847958699,291.48257067758243
2007-02-08 20:00:00,289.5540576811381,290.4483438970863
2007-02-08 21:00:00,289.2726401871268,290.08449280537513
2007-02-09 05:00:00,294.07070896989205,292.4898731249324
2007-02-09 06:00:00,297.23932213922865,294.36740956357886
2007-02-09 08:00:00,300.03518784909477,295.8810015709264
2007-02-09 09:00:00,300.7912958553649,296.5910696726183
2007-02-09 17:00:00,291.34853966100195,291.9672392153042
2007-02-09 18:00:00,290.8194782039601,291.4487970055344
2007-02-09 20:00:00,288.7177591191602,289.59999557048405
2007-02-09 21:00:00,288.19669460772735,289.02843495326346
2007-02-10 05:00:00,289.85012812680566,289.65624776643307
2007-02-10 06:00:00,290.9968685391137,290.3910189777016
2007-02-10 08:00:00,296.6626707291567,293.8474050795169
2007-02-10 09:00:00,297.78185630763073,294.6155746765607
2007-02-10 17:00:00,287.56606536065857,288.15845105093325
2007-02-10 18:00:00,287.04977508685994,287.6136373746193
2007-02-10 20:00:00,286.44868680839363,287.08244963235956
2007-02-10 21:00:00,286.4741127707741,287.04530581340583
2007-02-11 05:00:00,292.84155995232305,291.3581432936188
2007-02-11 06:00:00,294.69262232141244,292.75414065697527
2007-02-11 08:00:00,299.5228492019724,294.7688518929738
2007-02-11 09:00:00,300.0291899459204,295.3460093117642
2007-02-11 17:00:00,285.47573466954873,287.1033848085095
2007-02-11 18:00:00,284.4407943702075,286.3206749491405
2007-02-11 20:00:00,282.9384057231604,285.59110917148683
2007-02-11 21:00:00,282.4037639929444,284.3838464299042
2007-02-12 05:00:00,294.2111073686456,290.9598500115111
2007-02-12 06:00:00,298.0777422136445,293.2937505689718
2007-02-12 08:00:00,302.2158309395765,295.4946393687479
2007-02-12 09:00:00,300.98975340574293,295.66761859723346
2007-02-12 17:00:00,287.4432152746638,288.7199015095715
2007-02-12 18:00:00,286.778748593088,287.9703838189688
2007-02-12 20:00:00,285.5678141025256,286.8496613818435
2007-02-12 21:00:00,284.4750645759477,285.78677290576996
2007-02-13 05:00:00,296.0205951802352,291.6313930094151
2007-02-13 06:00:00,298.9565973972503,293.3119701038708
2007-02-13 08:00:00,300.11099795678,294.3383493056099
2007-02-13 09:00:00,299.2648777660493,292.6738795910852
2007-02-13 17:00:00,283.96873375373923,285.0690652291837
2007-02-13 18:00:00,283.1403822465376,284.1047439457639
2007-02-13 20:00:00,281.71013184063975,283.69220516163693
2007-02-13 21:00:00,281.1393430736289,283.7760815260406
2007-02-14 05:00:00,296.4175259394712,291.0386976762252
2007-02-14 06:00:00,299.5775447663247,292.531815562667
2007-02-14 08:00:00,302.44951228772175,294.6556664277299
2007-02-14 09:00:00,301.87901379037163,294.9514436413217
2007-02-14 17:00:00,284.9018162520163,286.2667990098198
2007-02-14 18:00:00,283.9614940578655,285.4297427749046
2007-02-14 20:00:00,282.73200800679683,284.613879046565
2007-02-14 21:00:00,282.4669476290146,284.35739794056667
2007-02-15 05:00:00,294.1815916746166,291.3163592510488
2007-02-15 06:00:00,298.06590057043894,293.71812060434024
2007-02-15 08:00:00,302.373825966669,296.61326025447056
2007-02-15 09:00:00,301.5313902444943,296.98163453088887
2007-02-15 17:00:00,287.173380917871,288.2971693606149
2007-02-15 18:00:00,285.65064012618575,286.8560213814898
2007-02-15 20:00:00,283.5823734559704,285.25500342511623
2007-02-15 21:00:00,282.786462157827,284.4908114346591
2007-02-16 05:00:00,296.7546571281915,292.1154949264644
2007-02-16 06:00:00,300.5476708081544,294.08957701508183
2007-02-16 08:00:00,303.9870062359309,296.099738921884
2007-02-16 09:00:00,303.9695743507891,296.60442395790704
2007-02-16 17:00:00,286.7435586514936,287.94707236267936
2007-02-16 18:00:00,285.8879316003738,287.0604427672682
2007-02-16 20:00:00,284.5629950289734,285.80369438559325
2007-02-16 21:00:00,284.36181393757073,285.59600778353416
2007-02-17 05:00:00,295.6265613103317,292.24967707323924
2007-02-17 06:00:00,299.40766523505215,294.2742074458001
2007-02-17 08:00:00,301.559095150517,295.7109529233677
2007-02-17 09:00:00,302.8136741038647,296.33056584198044
2007-02-17 17:00:00,287.5335764363293,288.9512574088592
2007-02-17 18:00:00,286.81468012593746,288.35711637006153
2007-02-17 20:00:00,286.19191009568505,287.80307970796423
2007-02-17 21:00:00,286.1913701367489,287.69523794588576
2007-02-18 05:00:00,295.68479686672407,293.2421343881287
2007-02-18 06:00:00,298.19324508690505,294.7821662561919
2007-02-18 08:00:00,300.4133534953113,296.3466738802259
2007-02-18 09:00:00,302.3180383056265,297.2860529213363
2007-02-18 17:00:00,286.7127974029682,289.63579899063467
2007-02-18 18:00:00,285.92317601749085,288.07809429433206
2007-02-18 20:00:00,285.6801143934253,288.0601587045726
2007-02-18 21:00:00,286.15985152093214,288.3802405593943
2007-02-19 05:00:00,298.59902958803815,295.52398564084467
2007-02-19 06:00:00,302.7833766143752,297.7337172262841
2007-02-19 08:00:00,307.5471621191557,299.3381644367988
2007-02-19 09:00:00,307.74979921408544,299.72145630729216
2007-02-19 17:00:00,289.7067528299999,290.7442086665032
2007-02-19 18:00:00,288.8930383808624,289.85039544950473
2007-02-19 20:00:00,287.6860955095805,288.7280436605444
2007-02-19 21:00:00,287.11061051520073,288.1225540795936
2007-02-20 05:00:00,298.07333583273396,294.1322058867233
2007-02-20 06:00:00,302.02993080832744,296.1938145289252
2007-02-20 08:00:00,306.92750504645073,298.618658950406
2007-02-20 09:00:00,307.8108019248363,299.1806746190428
2007-02-20 17:00:00,289.5696923442541,290.8287890041922
2007-02-20 18:00:00,288.6484932686405,289.99303326952065
2007-02-20 20:00:00,287.36781407431204,288.87677721396807
2007-02-20 21:00:00,286.733594380101,288.1806260918616
2007-02-21 05:00:00,299.1344019767867,296.08623597508034
2007-02-21 06:00:00,302.97095441303935,298.33193960322075
2007-02-21 08:00:00,307.7374945642034,301.36272730188125
2007-02-21 09:00:00,308.46347605465746,302.2036639009308
2007-02-21 17:00:00,292.37741639029997,294.28669012272485
2007-02-21 18:00:00,291.58758617806694,293.69957981197786
2007-02-21 20:00:00,289.578603312488,291.85259654746034
2007-02-21 21:00:00,288.5862461319323,290.5818816480358
2007-02-22 05:00:00,299.9910871273564,296.5176746856267
2007-02-22 06:00:00,303.6192112292274,298.4630048660725
2007-02-22 08:00:00,308.94398994622134,301.0314302135873
2007-02-22 09:00:00,309.2419624504947,301.52697090889535
2007-02-22 17:00:00,290.95104994575485,292.2714691632334
2007-02-22 18:00:00,290.3483075346161,291.71214736444745
2007-02-22 20:00:00,289.5790349316707,290.9092154245715
2007-02-22 21:00:00,289.1166823611972,290.2534445364413
2007-02-23 05:00:00,298.6762764200407,295.51670564672065
2007-02-23 06:00:00,302.8550901251324,297.6697820066855
2007-02-23 08:00:00,308.16400861225804,300.0349604719776
2007-02-23 09:00:00,309.09044533187324,300.5785631082826
2007-02-23 17:00:00,290.8526581468862,292.2217752371437
2007-02-23 18:00:00,289.49578201458525,290.85124791972623
2007-02-23 20:00:00,287.81747547026225,289.5859271785695
2007-02-23 21:00:00,287.6289327706688,289.25907810957665
2007-02-24 05:00:00,298.7991347819888,295.6943107099489
2007-02-24 06:00:00,302.8319151045178,297.87213849507054
2007-02-24 08:00:00,305.8215997869318,299.55023936314285
2007-02-24 09:00:00,306.1517013056069,300.3759287171445
2007-02-24 17:00:00,289.79076833387,290.8595898691421
2007-02-24 18:00:00,289.0774036519149,290.1165225083362
2007-02-24 20:00:00,288.3431093894829,289.2514210658375
2007-02-24 21:00:00,287.7136699517813,288.59331436039673
2007-02-25 05:00:00,300.0696736058028,296.472962107607
2007-02-25 06:00:00,304.9457346441566,298.3783043154583
2007-02-25 08:00:00,308.9570380682571,300.1816063926473
2007-02-25 09:00:00,308.4040177966855,300.4062771084496
2007-02-25 17:00:00,290.46865571996284,291.5871096759438
2007-02-25 18:00:00,289.5057902519802,290.7346393367726
2007-02-25 20:00:00,287.1635697281048,289.1369705552864
2007-02-25 21:00:00,286.2763507296382,288.1806331217197
2007-02-26 05:00:00,301.7204161234005,296.6454745205966
2007-02-26 06:00:00,305.8814959886078,298.2584244973487
2007-02-26 08:00:00,310.370806395732,300.29939364064455
2007-02-26 09:00:00,310.36995162140977,300.81637246436077
2007-02-26 17:00:00,289.29737529548913,290.9900704782072
2007-02-26 18:00:00,288.1194850410262,290.15127095603066
2007-02-26 20:00:00,286.4869721916681,288.41672277230145
2007-02-26 21:00:00,285.9632508405735,287.90303975297786
2007-02-27 05:00:00,301.9721265184494,298.66194820551
2007-02-27 06:00:00,305.9859287867377,300.4863934862228
2007-02-27 08:00:00,309.4227968753762,302.6510502561032
2007-02-27 09:00:00,309.3945842678264,303.0069457114386
2007-02-27 17:00:00,292.4596284416681,294.1486061225503
2007-02-27 18:00:00,291.8941695767301,293.69669068135175
2007-02-27 20:00:00,291.59512014051063,293.5253491746994
2007-02-27 21:00:00,291.0999397783323,292.6986299347253
2007-02-28 05:00:00,301.89939802784033,297.5736860560342
2007-02-28 06:00:00,305.0653273431105,299.1824450147538
2007-02-28 08:00:00,307.25165772989095,299.49329976932665
2007-02-28 09:00:00,306.00758023254684,299.8276279960832
2007-02-28 17:00:00,290.44399935071385,291.31937092221204
2007-02-28 18:00:00,290.43212907082864,290.9793622174138
2007-02-28 20:00:00,289.39609973125727,289.6557887096435
2007-02-28 21:00:00,288.5910746099769,288.913594861611
2007-03-01 05:00:00,294.6535674860738,292.1902099045106
2007-03-01 06:00:00,297.771873109697,293.73067992787884
2007-03-01 08:00:00,303.51858233670794,296.1040871360085
2007-03-01 09:00:00,304.1467651696345,296.81213237838864
2007-03-01 17:00:00,287.7022735172501,288.416753736593
2007-03-01 18:00:00,286.7240609520205,287.5541264044669
2007-03-01 20:00:00,285.18407044021296,286.30613315858534
2007-03-01 21:00:00,284.46554283294915,285.64019881191166
2007-03-02 05:00:00,297.4720868079798,292.2761949677313
2007-03-02 06:00:00,300.8574858725714,293.79007609268916
2007-03-02 08:00:00,305.2208301326711,295.95487402400175
2007-03-02 09:00:00,305.67199493079045,296.5803147185198
2007-03-02 17:00:00,287.0305819518761,288.2507850400105
2007-03-02 18:00:00,286.17406619972735,287.49001179417405
2007-03-02 20:00:00,284.9357495183019,286.4925430368385
2007-03-02 21:00:00,284.38560539915676,285.9344237669958
2007-03-03 05:00:00,298.32665272670096,294.0001970241176
2007-03-03 06:00:00,302.2460433654315,295.7249308910869
2007-03-03 08:00:00,307.3386125138435,298.37075836228667
2007-03-03 09:00:00,307.68713614018566,299.0665136963267
2007-03-03 17:00:00,288.3833101152088,289.90944924376595
2007-03-03 18:00:00,287.39898648724903,289.174897016105
2007-03-03 20:00:00,285.8462262498947,287.78964031201843
2007-03-03 21:00:00,285.0862902625132,287.0097211182393
2007-03-04 05:00:00,300.20079656521597,296.3507520208373
2007-03-04 06:00:00,304.11553360243977,298.10885885794096
2007-03-04 08:00:00,309.14170028615985,299.9421997540538
2007-03-04 09:00:00,309.94908760435226,300.4366780473565
2007-03-04 17:00:00,289.78544341617817,291.43066476783696
2007-03-04 18:00:00,288.816347072231,290.56037047023216
2007-03-04 20:00:00,287.00641428707934,288.9223614708852
2007-03-04 21:00:00,286.07556077107813,288.01775932605904
2007-03-05 05:00:00,301.31045957779844,297.22920349309186
2007-03-05 06:00:00,305.422810276778,298.97623350734153
2007-03-05 08:00:00,310.7730465082248,300.9784826152314
2007-03-05 09:00:00,310.6799732555043,301.4011504374594
2007-03-05 17:00:00,290.38032585814113,291.98030847393676
2007-03-05 18:00:00,289.4628102871229,291.03261447430395
2007-03-05 20:00:00,287.8796462895139,289.6899478483274
2007-03-05 21:00:00,287.215198416923,289.1148390571583
2007-03-06 05:00:00,300.4386913375973,295.9072928171496
2007-03-06 06:00:00,304.0094419223686,297.8055648686155
2007-03-06 08:00:00,307.3841504536351,299.7535820536327
2007-03-06 09:00:00,307.5015470390143,300.1678872600726
2007-03-06 17:00:00,287.59562530282466,290.23853592365657
2007-03-06 18:00:00,286.0672084061868,289.0271157851021
2007-03-06 20:00:00,284.24072832245673,288.6808099967122
2007-03-06 21:00:00,283.59110738463323,289.69575124308585
2007-03-07 05:00:00,303.50841269471056,297.9760395631952
2007-03-07 06:00:00,306.8666033399491,299.34845645475457
2007-03-07 08:00:00,309.8817893382397,300.7104393205217
2007-03-07 09:00:00,309.9292322285187,301.115950221457
2007-03-07 17:00:00,289.07340084128833,291.0392634034708
2007-03-07 18:00:00,287.48238820691694,290.01752929217275
2007-03-07 20:00:00,284.994241488182,287.39114452767626
2007-03-07 21:00:00,284.15469626028477,286.6554009153957
2007-03-08 05:00:00,303.25651004832406,298.71373032862306
2007-03-08 06:00:00,307.2954446707374,300.09727120656635
2007-03-08 08:00:00,312.00804561385763,301.8367765217974
2007-03-08 09:00:00,312.048426576682,302.2532222612613
2007-03-08 17:00:00,289.0030113890285,291.32212027856855
2007-03-08 18:00:00,287.4490009654652,290.82243826797094
2007-03-08 20:00:00,285.46542534732674,292.26132994476933
2007-03-08 21:00:00,284.76619803923853,288.44908353690926
2007-03-09 05:00:00,303.6470972892867,299.7046080884654
2007-03-09 06:00:00,307.77753926939886,301.6023729321402
2007-03-09 08:00:00,310.5340131104268,303.29426873299667
2007-03-09 09:00:00,309.48213966969166,303.3797681012029
2007-03-09 17:00:00,292.4791900446676,294.25060322765944
2007-03-09 18:00:00,291.4996942129267,293.14829657368006
2007-03-09 20:00:00,289.8442859620269,290.888143224966
2007-03-09 21:00:00,289.0277861608379,290.26848271962126
2007-03-10 05:00:00,303.9919239626092,298.3425903085201
2007-03-10 06:00:00,308.62275926210845,300.0599271659675
2007-03-10 08:00:00,311.20810531357586,301.4170079870474
2007-03-10 09:00:00,310.622409932235,301.779592975446
2007-03-10 17:00:00,291.7453274014183,293.3599774753001
2007-03-10 18:00:00,291.08185378722675,292.79758115982975
2007-03-10 20:00:00,290.0093358396933,291.6566887901083
2007-03-10 21:00:00,289.4178979811941,291.00232283911095
2007-03-11 05:00:00,302.7903752966177,298.77463577341047
2007-03-11 06:00:00,307.3256065239341,300.9728303506672
2007-03-11 08:00:00,311.34362835288965,303.44962422469365
2007-03-11 09:00:00,311.4132150376706,303.9067743945012
2007-03-11 17:00:00,292.42363977652667,293.1907268929738
2007-03-11 18:00:00,291.87109398511234,292.75909104075384
2007-03-11 20:00:00,290.86546720672277,291.00820864073484
2007-03-11 21:00:00,289.92052472647975,290.5624864340196
2007-03-12 05:00:00,301.6988081968804,297.70645230944245
2007-03-12 06:00:00,305.31669261679633,300.13857735985056
2007-03-12 08:00:00,308.0959737157601,301.9398063812491
2007-03-12 09:00:00,306.82045946870636,301.7540022933796
2007-03-12 17:00:00,290.42963819694813,291.2890912307246
2007-03-12 18:00:00,289.6227814096883,290.5048885492404
2007-03-12 20:00:00,288.8680308243527,289.6335593812822
2007-03-12 21:00:00,288.6310079659813,289.3087720356663
2007-03-13 05:00:00,301.17644687646714,295.10649165313674
2007-03-13 06:00:00,302.04811333654845,296.7151486436465
2007-03-13 08:00:00,305.4533981064619,298.4795682228218
2007-03-13 09:00:00,306.0197949519694,299.0647220934852
2007-03-13 17:00:00,289.6723451070683,290.58283455823715
2007-03-13 18:00:00,288.7778025246548,289.7316533163626
2007-03-13 20:00:00,288.60273721515676,289.8309305717104
2007-03-13 21:00:00,288.4175780168483,289.5256784024702
2007-03-14 05:00:00,300.6944592539078,295.03837395008253
2007-03-14 06:00:00,304.17299855471765,296.4296606266627
2007-03-14 08:00:00,307.741696985183,298.27375614771677
2007-03-14 09:00:00,307.71573611878097,298.80803545230344
2007-03-14 17:00:00,288.5452577094268,289.5830283378049
2007-03-14 18:00:00,287.5618713096772,288.6853436204061
2007-03-14 20:00:00,286.16476320522406,287.60962381936
2007-03-14 21:00:00,285.47698946395894,286.8932123404622
2007-03-15 05:00:00,300.1719084799933,295.00464998077723
2007-03-15 06:00:00,304.2239582314514,296.770838991703
2007-03-15 08:00:00,309.6765624576798,299.0310227874615
2007-03-15 09:00:00,310.5181249257045,299.6607590779685
2007-03-15 17:00:00,289.8922330506594,290.9765036043658
2007-03-15 18:00:00,288.8941764420097,290.0344989465088
2007-03-15 20:00:00,287.46250266617363,288.83725227156117
2007-03-15 21:00:00,286.69090024128167,288.0624694589107
2007-03-16 05:00:00,303.8862662293327,297.5175747158715
2007-03-16 06:00:00,308.02964300734607,299.54336491424607
2007-03-16 08:00:00,312.12231036217077,302.54292283256547
2007-03-16 09:00:00,312.1271007049984,303.1604280868554
2007-03-16 17:00:00,291.6880722633679,293.1913517744773
2007-03-16 18:00:00,290.65139149811307,292.1494477776056
2007-03-16 20:00:00,289.0307192104439,290.6275371204723
2007-03-16 21:00:00,288.2488400498965,289.7992937179119
2007-03-17 05:00:00,306.06141695513384,301.0340855955527
2007-03-17 06:00:00,310.3701175636797,303.1220860415137
2007-03-17 08:00:00,314.53833757820775,305.76037089813656
2007-03-17 09:00:00,314.66843178018763,306.3096241767308
2007-03-17 17:00:00,293.1751900130685,294.97786709119805
2007-03-17 18:00:00,291.8874609525472,293.7312451143662
2007-03-17 20:00:00,290.1852505864642,292.05554335583895
2007-03-17 21:00:00,289.36378695307235,291.32272129617235
2007-03-18 05:00:00,306.98759366404295,302.356174322049
2007-03-18 06:00:00,311.64510899148485,304.4687544671339
2007-03-18 08:00:00,317.3317199612987,307.61795537681166
2007-03-18 09:00:00,317.57160695785734,308.23720253120035
2007-03-18 17:00:00,297.20225350919236,298.90541948926835
2007-03-18 18:00:00,296.03130402880936,297.98784593955395
2007-03-18 20:00:00,293.8272215104066,295.9878203593344
2007-03-18 21:00:00,292.52893658889275,294.97200000451414
2007-03-19 05:00:00,308.45471504105626,304.9099233242323
2007-03-19 06:00:00,312.10271278698747,306.3834924212957
2007-03-19 08:00:00,314.85526281512574,307.4865539033534
2007-03-19 09:00:00,313.94532394996963,307.37686803785425
2007-03-19 17:00:00,296.8582941181671,297.93653921353615
2007-03-19 18:00:00,295.23988878341225,296.5009248377913
2007-03-19 20:00:00,292.3530923993268,294.8921241231251
2007-03-19 21:00:00,291.9736210803956,294.5325058759269
2007-03-20 05:00:00,305.3500377261216,300.5993426165706
2007-03-20 06:00:00,308.9691094397029,302.3757338325489
2007-03-20 08:00:00,312.6947746100521,305.14146404530857
2007-03-20 09:00:00,311.8831916656259,304.9995143284967
2007-03-20 17:00:00,296.10534933645664,297.47299128504494
2007-03-20 18:00:00,295.64871547328676,297.1556115995387
2007-03-20 20:00:00,294.38180344497846,295.9507415019125
2007-03-20 21:00:00,293.97203136849663,295.47790767158307
2007-03-21 05:00:00,305.3028034039749,300.48641100209005
2007-03-21 06:00:00,308.41723882031556,301.76294281523104
2007-03-21 08:00:00,311.9947114306716,304.0555348682845
2007-03-21 09:00:00,312.1186837782662,304.522179790197
2007-03-21 17:00:00,292.3476630212346,293.9219903931229
2007-03-21 18:00:00,291.2370708447943,293.00027578674224
2007-03-21 20:00:00,289.85289168394587,292.0415519632066
2007-03-21 21:00:00,289.16471898059814,291.19396001642406
2007-03-22 05:00:00,307.09284387714877,299.90721468932827
2007-03-22 06:00:00,310.98386532352964,301.25619497431444
2007-03-22 08:00:00,315.08883756334865,303.5599865083151
2007-03-22 09:00:00,315.00406659659694,304.07765801992554
2007-03-22 17:00:00,293.9285415625903,295.50961374244633
2007-03-22 18:00:00,293.0786548491068,294.7932271854536
2007-03-22 20:00:00,291.8420760238483,293.49002601846894
2007-03-22 21:00:00,291.3904783369396,292.83997948033783
2007-03-23 05:00:00,305.31694237660554,299.2798318495552
2007-03-23 06:00:00,309.7106387192737,301.155665017056
2007-03-23 08:00:00,313.0933823783886,303.1551373544938
2007-03-23 09:00:00,312.82475823871164,303.5227708860612
2007-03-23 17:00:00,292.7688598867925,294.57477058210804
2007-03-23 18:00:00,291.7922666811245,293.85161683445534
2007-03-23 20:00:00,290.2616915710167,292.54932280130487
2007-03-23 21:00:00,289.55208170322135,291.90725171951743
2007-03-24 05:00:00,308.6856554263545,301.14664006637315
2007-03-24 06:00:00,311.2558123290264,302.41669413562187
2007-03-24 08:00:00,314.16395735777405,304.19744816619914
2007-03-24 09:00:00,314.1054257714694,304.58381511764645
2007-03-24 17:00:00,294.4505844703992,295.95221589122235
2007-03-24 18:00:00,293.3703200894255,295.0742649730806
2007-03-24 20:00:00,291.40394782726133,293.4333187861509
2007-03-24 21:00:00,290.59472432893307,292.76307224455894
2007-03-25 05:00:00,308.94273818475995,302.4808014339218
2007-03-25 06:00:00,311.8198877225855,303.823555474656
2007-03-25 08:00:00,314.62825872718093,305.26095802060263
2007-03-25 09:00:00,314.53758079869726,305.53512817758997
2007-03-25 17:00:00,293.4949446620853,295.3928600716848
2007-03-25 18:00:00,292.07135980779475,294.2770485194696
2007-03-25 20:00:00,290.5413517415615,292.9240309563918
2007-03-25 21:00:00,289.9602327508441,292.4124901393896
2007-03-26 05:00:00,312.3143971917809,303.27047334503504
2007-03-26 06:00:00,314.80314586856883,304.8566526345369
2007-03-26 08:00:00,316.66512377346606,306.65563010287764
2007-03-26 09:00:00,316.5674539339745,307.0044120706285
2007-03-26 17:00:00,294.5384875563517,296.4804430992467
2007-03-26 18:00:00,293.3291353011168,295.4371507641714
2007-03-26 20:00:00,291.3637793119222,293.81010848458266
2007-03-26 21:00:00,290.44597516405196,293.16791229953384
2007-03-27 05:00:00,312.21415385994226,305.56478176499
2007-03-27 06:00:00,315.36954193820577,306.77134309601155
2007-03-27 08:00:00,318.28871067793597,308.1676150470375
2007-03-27 09:00:00,318.2970218041278,308.4884091510978
2007-03-27 17:00:00,295.7248308272869,297.71531503262986
2007-03-27 18:00:00,293.9442902316665,296.61172353688664
2007-03-27 20:00:00,291.2960398810671,294.7571271240987
2007-03-27 21:00:00,290.4508909157869,294.04576811474533
2007-03-28 05:00:00,313.3444431816301,306.0272937651224
2007-03-28 06:00:00,317.7101159705587,307.35369600316596
2007-03-28 08:00:00,322.103015141421,309.11067806296796
2007-03-28 09:00:00,321.95291344594153,309.54646447039164
2007-03-28 17:00:00,297.55887433303343,299.3776051619755
2007-03-28 18:00:00,296.1411816754216,298.28499508051
2007-03-28 20:00:00,293.25109625817817,296.448333293521
2007-03-28 21:00:00,292.2093614951488,295.0979938477691
2007-03-29 05:00:00,313.47414373506564,307.1346318225832
2007-03-29 06:00:00,317.80410392772984,308.5226612296788
2007-03-29 08:00:00,323.200648514993,310.29463663674284
2007-03-29 09:00:00,323.58205941645497,310.6843653886087
2007-03-29 17:00:00,296.6032375106459,301.0919036865235
2007-03-29 18:00:00,295.1163040889981,300.39116284292544
2007-03-29 20:00:00,293.172231500799,296.8806648900954
2007-03-29 21:00:00,292.43951808653185,295.17974538465126
2007-03-30 05:00:00,315.66951759937916,306.96987955008154
2007-03-30 06:00:00,319.954265576849,308.9030440320219
2007-03-30 08:00:00,322.6625729224348,311.1641971723325
2007-03-30 09:00:00,322.19659233387154,311.491866383604
2007-03-30 17:00:00,299.63333263896834,301.084290843899
2007-03-30 18:00:00,298.46278938563836,300.09848730148997
2007-03-30 20:00:00,296.70243308797643,298.6490004058979
2007-03-30 21:00:00,295.93081806106454,297.9306713980042
2007-03-31 05:00:00,312.9494006093735,307.08530003998794
2007-03-31 06:00:00,317.05739098594444,308.7843743604945
2007-03-31 08:00:00,320.4649652795542,310.7790245444088
2007-03-31 09:00:00,319.615032225434,310.8566392331351
2007-03-31 17:00:00,298.56618743097107,300.3733782893153
2007-03-31 18:00:00,297.6770386306457,299.7066205323018
2007-03-31 20:00:00,296.8910048709629,299.3303298597527
2007-03-31 21:00:00,296.75122547590496,299.17210515144245
2007-04-01 05:00:00,310.098265943248,305.781444414371
2007-04-01 06:00:00,313.4297573518679,307.65280609836196
2007-04-01 08:00:00,317.364913869896,309.75479227074857
2007-04-01 09:00:00,317.56119519720096,309.92995327095775
2007-04-01 17:00:00,297.74884945438896,299.1477045373667
2007-04-01 18:00:00,296.4942945530308,297.97033686704003
2007-04-01 20:00:00,294.4457431081998,296.1767507826419
2007-04-01 21:00:00,293.50770507718454,295.38385468234634
2007-04-02 05:00:00,309.7256147387583,303.32930218383603
2007-04-02 06:00:00,313.9390452521608,304.7030586513055
2007-04-02 08:00:00,318.17176376836505,306.84206925261367
2007-04-02 09:00:00,317.84887582458595,307.1419131333361
2007-04-02 17:00:00,295.8162356760175,297.07271504218477
2007-04-02 18:00:00,294.0410026703116,295.76267676213854
2007-04-02 20:00:00,291.30945783476983,294.1034700367227
2007-04-02 21:00:00,290.35567738866587,293.0209086319698
2007-04-03 05:00:00,310.4869583670641,303.38787444457074
2007-04-03 06:00:00,314.2896714173774,304.80559439872195
2007-04-03 08:00:00,318.37805039416105,307.01378696247684
2007-04-03 09:00:00,318.12515432772176,307.3813984169982
2007-04-03 17:00:00,295.80110412973835,297.551994735177
2007-04-03 18:00:00,294.79044251522777,296.77717562118556
2007-04-03 20:00:00,292.89340085351415,295.14824712956084
2007-04-03 21:00:00,292.1919069216689,294.4539806912603
2007-04-04 05:00:00,312.7063713602733,304.56204343540094
2007-04-04 06:00:00,316.2290490243027,306.2826170840506
2007-04-04 08:00:00,319.2453720257352,308.2421566297534
2007-04-04 09:00:00,319.08146745067535,308.6363548901856
2007-04-04 17:00:00,296.16544434910384,298.263242771519
2007-04-04 18:00:00,294.8087271292148,297.2136118555289
2007-04-04 20:00:00,293.8003961125214,296.37152856671025
2007-04-04 21:00:00,293.4547211069539,296.1002124615921
2007-04-05 05:00:00,312.1479556843386,307.39740815478586
2007-04-05 06:00:00,315.8306975048754,308.7635124453411
2007-04-05 08:00:00,319.414897830534,310.32478748668325
2007-04-05 09:00:00,319.2477693484267,310.52054968600277
2007-04-05 17:00:00,298.3581506291229,299.9809283710592
2007-04-05 18:00:00,296.81572898547347,298.71507296099315
2007-04-05 20:00:00,294.4461724232819,296.69843152344504
2007-04-05 21:00:00,293.65857824669416,295.9401700764849
2007-04-06 05:00:00,313.6603272471847,307.5583069835128
2007-04-06 06:00:00,318.0712898148594,309.21398441449884
2007-04-06 08:00:00,322.4270943757749,311.551951521534
2007-04-06 09:00:00,322.01051927751683,311.8983973663283
2007-04-06 17:00:00,301.41466201288495,303.65152713440597
2007-04-06 18:00:00,300.99254350706315,302.9669718926052
2007-04-06 20:00:00,297.77502276827636,299.0634932789854
2007-04-06 21:00:00,296.5003750276492,298.1044109561961
2007-04-07 05:00:00,313.55679159061566,307.50927219479036
2007-04-07 06:00:00,318.441959610338,309.39010638926175
2007-04-07 08:00:00,324.35311633376017,310.9197173037772
2007-04-07 09:00:00,323.74113271563374,311.3983371070427
2007-04-07 17:00:00,298.6356920380438,300.46828689927867
2007-04-07 18:00:00,297.90549046967544,299.8460046565404
2007-04-07 20:00:00,296.3908636860194,298.14074307340314
2007-04-07 21:00:00,295.5211147314228,297.2928817584445
2007-04-08 05:00:00,312.9472157811898,306.46123853780455
2007-04-08 06:00:00,317.74870025211567,308.2703013838899
2007-04-08 08:00:00,322.3938342360392,310.09442742910517
2007-04-08 09:00:00,322.0165761938815,310.5457107473412
2007-04-08 17:00:00,299.69899565192696,301.1700493999181
2007-04-08 18:00:00,298.60099134165995,300.27130627742355
2007-04-08 20:00:00,295.91883744297115,296.9557405539397
2007-04-08 21:00:00,294.65078352118496,296.1571857705139
2007-04-09 05:00:00,312.80637313772246,305.09197682996376
2007-04-09 06:00:00,316.1917363711976,306.5032874579055
2007-04-09 08:00:00,318.72665703866073,307.76998725032956
2007-04-09 09:00:00,318.53261654329225,308.15429600508446
2007-04-09 17:00:00,297.3778892952048,299.13957411849816
2007-04-09 18:00:00,295.8520379206065,298.0974757072555
2007-04-09 20:00:00,293.81755063566845,296.12233234517197
2007-04-09 21:00:00,293.0901876487791,295.49517229782595
2007-04-10 05:00:00,313.03599216831486,307.42430032456787
2007-04-10 06:00:00,316.44934648651923,308.5548719691202
2007-04-10 08:00:00,319.5077929621669,309.99333555342054
2007-04-10 09:00:00,319.2592107834544,310.1959295522634
2007-04-10 17:00:00,299.2075371411622,300.82187065982674
2007-04-10 18:00:00,298.34023112104563,300.10189560712394
2007-04-10 20:00:00,297.3761135859556,299.34327265147255
2007-04-10 21:00:00,296.9793793571014,298.9494817701436
2007-04-11 05:00:00,311.7275448462629,306.97917979377075
2007-04-11 06:00:00,315.375576848058,308.81328238324136
2007-04-11 08:00:00,319.4024433435755,310.6182161633884
2007-04-11 09:00:00,319.81052630267266,310.9011034620194
2007-04-11 17:00:00,299.6945819825347,301.292414167078
2007-04-11 18:00:00,298.6322530502531,300.32288112552214
2007-04-11 20:00:00,297.1611517155299,298.99166371679087
2007-04-11 21:00:00,296.48570869810226,298.2348725916975
2007-04-12 05:00:00,313.55369487932904,307.5109737966388
2007-04-12 06:00:00,318.1477005639686,309.4852600802994
2007-04-12 08:00:00,323.82333627944735,311.46958307345585
2007-04-12 09:00:00,324.0626318509847,311.8533398315242
2007-04-12 17:00:00,300.0731779077939,301.4193715946333
2007-04-12 18:00:00,298.82466967190356,300.3027720399924
2007-04-12 20:00:00,297.5798836400954,299.3413227945337
2007-04-12 21:00:00,297.14894898683525,298.7700939913193
2007-04-13 05:00:00,315.11886006547786,308.0034180392837
2007-04-13 06:00:00,319.8581377449682,309.6654658148579
2007-04-13 08:00:00,325.16339981243675,312.2369346912543
2007-04-13 09:00:00,324.82176918535276,312.55430088131385
2007-04-13 17:00:00,300.7371410493308,301.9013458628133
2007-04-13 18:00:00,299.55809251406157,300.92088289657613
2007-04-13 20:00:00,297.9365075203965,299.6473610382786
2007-04-13 21:00:00,297.4718842822341,299.1752613226328
2007-04-14 05:00:00,314.5248129070265,308.1291692701436
2007-04-14 06:00:00,318.8877232673539,309.9388471700377
2007-04-14 08:00:00,325.8179277087948,312.3216174673777
2007-04-14 09:00:00,325.15985664638055,312.5271845554534
2007-04-14 17:00:00,302.0466602719253,303.16718660187104
2007-04-14 18:00:00,300.985632004466,302.34114373299667
2007-04-14 20:00:00,298.49158502469993,300.3311505898122
2007-04-14 21:00:00,297.44932636090533,299.40409759380424
2007-04-15 05:00:00,317.8441562975867,309.76938874842756
2007-04-15 06:00:00,322.9964937230655,311.3996606482931
2007-04-15 08:00:00,326.33780125881015,313.17222990203527
2007-04-15 09:00:00,325.6344505509904,313.4748224807998
2007-04-15 17:00:00,301.24346051561446,303.03257344720544
2007-04-15 18:00:00,299.99753776279914,301.9334182621702
2007-04-15 20:00:00,298.3420814549427,300.693773525338
2007-04-15 21:00:00,297.7251229073123,300.19683518137884
2007-04-16 05:00:00,316.3411664683573,310.31574057651045
2007-04-16 06:00:00,320.77855798753643,312.13802931305077
2007-04-16 08:00:00,324.98945549493214,313.72281906527627
2007-04-16 09:00:00,324.5921084928586,313.8820062293477
2007-04-16 17:00:00,302.6021130154791,304.37781892608973
2007-04-16 18:00:00,301.25583026809574,303.1558100578414
2007-04-16 20:00:00,298.30940740317885,301.1543285916509
2007-04-16 21:00:00,297.0067498158601,301.28946341351485
2007-04-17 05:00:00,316.4172872299406,309.7828684661348
2007-04-17 06:00:00,319.98799753997287,311.43473917016263
2007-04-17 08:00:00,323.77347507094754,313.4407164539872
2007-04-17 09:00:00,323.93383034351973,313.6592358323202
2007-04-17 17:00:00,301.90502546454434,303.712131658945
2007-04-17 18:00:00,301.18484562901756,303.24834624350717
2007-04-17 20:00:00,300.291643515941,302.618288625003
2007-04-17 21:00:00,300.0357933573436,302.11463147649783
2007-04-18 05:00:00,316.08867992054337,309.8954886508466
2007-04-18 06:00:00,320.1268712118704,312.0904144146042
2007-04-18 08:00:00,323.4982771204874,313.5273267278687
2007-04-18 09:00:00,323.4654581925168,313.71295278869536
2007-04-18 17:00:00,301.2995868089203,303.55284311444444
2007-04-18 18:00:00,301.2532160072738,303.2251481113522
2007-04-18 20:00:00,299.9671895125614,300.99735738463323
2007-04-18 21:00:00,299.34409514487436,300.3146899536321
2007-04-19 05:00:00,316.7419253497719,309.4784003964558
2007-04-19 06:00:00,320.3075708938857,311.38894392345645
2007-04-19 08:00:00,324.0266909841764,313.18389213103546
2007-04-19 09:00:00,322.7289789138112,313.1048686963568
2007-04-19 17:00:00,301.11010808018955,302.3802337411372
2007-04-19 18:00:00,299.6010891013593,300.9797657406753
2007-04-19 20:00:00,297.65235346013856,299.55974036923544
2007-04-19 21:00:00,297.0828761731164,299.14968683980464
2007-04-20 05:00:00,316.0823976725386,309.8706412293327
2007-04-20 06:00:00,319.5419161992007,311.0573457033131
2007-04-20 08:00:00,321.008323963324,311.6899898158751
2007-04-20 09:00:00,319.6366037095456,311.3962167936775
2007-04-20 17:00:00,301.06750039216735,302.5210035468103
2007-04-20 18:00:00,300.449766514665,301.8359602118494
2007-04-20 20:00:00,298.52779920957124,299.75155326949067
2007-04-20 21:00:00,297.84986085112916,299.23828844443676
2007-04-21 05:00:00,313.67355191505567,307.47215068799505
2007-04-21 06:00:00,317.65793740106477,309.04791410237505
2007-04-21 08:00:00,321.1856733419127,310.5319881821267
2007-04-21 09:00:00,319.0383449607344,310.40188391733983
2007-04-21 17:00:00,300.53341825276567,302.21991582791134
2007-04-21 18:00:00,299.93433915007466,301.60238960160314
2007-04-21 20:00:00,298.74585468780094,300.38238132753065
2007-04-21 21:00:00,298.2496119236175,299.961534379627
2007-04-22 05:00:00,311.27829640157785,306.59917759123863
2007-04-22 06:00:00,314.7460023148218,308.57800854887176
2007-04-22 08:00:00,319.0658822316786,311.42434144571126
2007-04-22 09:00:00,318.9796835924334,311.62159893582526
2007-04-22 17:00:00,301.06516288204807,302.41975012545595
2007-04-22 18:00:00,300.11403264543867,301.5836201860284
2007-04-22 20:00:00,299.52009657755474,301.57786108642955
2007-04-22 21:00:00,299.2892780509678,301.02823555451147
2007-04-23 05:00:00,310.27273909887657,305.57530602688786
2007-04-23 06:00:00,314.12062270248254,307.91559538525314
2007-04-23 08:00:00,319.2238757775635,311.04769194475125
2007-04-23 09:00:00,319.5171458475028,311.39651406968505
2007-04-23 17:00:00,300.90836429449,302.3506695669494
2007-04-23 18:00:00,299.96922375130913,301.5202911565043
2007-04-23 20:00:00,298.7210543122607,300.35454245451234
2007-04-23 21:00:00,298.3024544267699,299.9004602652669
2007-04-24 05:00:00,311.6709231713153,306.5945413880429
2007-04-24 06:00:00,315.3199429034452,308.4859166549424
2007-04-24 08:00:00,320.2366455971552,311.1443559267488
2007-04-24 09:00:00,320.8401232515168,311.6375981405814
2007-04-24 17:00:00,301.45741942042747,303.057735543038
2007-04-24 18:00:00,300.7871171337063,302.33236198248954
2007-04-24 20:00:00,299.9472459696107,301.53316517787283
2007-04-24 21:00:00,299.5307779179883,301.0963221286956
2007-04-25 05:00:00,312.75710050938494,307.81725512300324
2007-04-25 06:00:00,316.2568706400773,309.9506435071008
2007-04-25 08:00:00,320.0586455217312,312.37728867729203
2007-04-25 09:00:00,320.35643226376664,312.63138470995045
2007-04-25 17:00:00,302.6234754377227,304.21595973410115
2007-04-25 18:00:00,301.9981361001225,303.5100287862111
2007-04-25 20:00:00,301.5457341410162,303.2742108079061
2007-04-25 21:00:00,301.53096981665755,303.1802698967085
2007-04-26 05:00:00,313.51497409156366,308.45505762320636
2007-04-26 06:00:00,317.29860704889285,310.35897354572694
2007-04-26 08:00:00,321.0430343933576,312.7387401657222
2007-04-26 09:00:00,321.24015739922896,313.10085161441276
2007-04-26 17:00:00,302.8356275279276,304.5790532469199
2007-04-26 18:00:00,301.9719037025111,303.7329078991718
2007-04-26 20:00:00,300.57189866170313,302.4230233355553
2007-04-26 21:00:00,299.9564650525298,301.766581530931
2007-04-27 05:00:00,315.19157891648206,310.1224836399449
2007-04-27 06:00:00,318.25697785129165,311.6392476415413
2007-04-27 08:00:00,321.87102754237293,313.406919176663
2007-04-27 09:00:00,322.23518453871344,313.6043886910602
2007-04-27 17:00:00,302.78350056558617,304.51696358843833
2007-04-27 18:00:00,301.8699698896364,303.65396139324173
2007-04-27 20:00:00,300.2782498258288,302.1660321063731
2007-04-27 21:00:00,299.60854463033576,301.5010524802656
2007-04-28 05:00:00,314.70286632943413,309.2099139385488
2007-04-28 06:00:00,318.2650209729587,310.9140808152491
2007-04-28 08:00:00,323.06822423244296,312.97079587680713
2007-04-28 09:00:00,323.204958946569,313.2048118367952
2007-04-28 17:00:00,302.0155581810809,303.62704018708916
2007-04-28 18:00:00,300.92510135221556,302.743604451372
2007-04-28 20:00:00,299.23959606858364,301.1612011361379
2007-04-28 21:00:00,298.39388539647837,300.2512972086714
2007-04-29 05:00:00,314.389023085772,308.97019448302376
2007-04-29 06:00:00,318.23796001604785,310.9454415766594
2007-04-29 08:00:00,323.61329413415467,313.21849586710175
2007-04-29 09:00:00,323.903713420286,313.5051308795006
2007-04-29 17:00:00,302.4454393901149,303.9932118843443
2007-04-29 18:00:00,301.4142812720065,303.0750544096913
2007-04-29 20:00:00,300.0900042611756,301.96073137703587
2007-04-29 21:00:00,299.5347868180238,301.35534261224456
2007-04-30 05:00:00,316.9441038816479,310.5759087843226
2007-04-30 06:00:00,321.3150773011665,312.42420573888467
2007-04-30 08:00:00,326.4420394074568,314.28648686813096
2007-04-30 09:00:00,326.7847134864937,314.6637022609153
2007-04-30 17:00:00,304.00274966200254,305.3268533950594
2007-04-30 18:00:00,302.9739653083319,304.3498301454612
2007-04-30 20:00:00,301.44944734970113,303.08951779029036
2007-04-30 21:00:00,300.89762034364765,302.5583131434554
2007-05-01 05:00:00,317.3602424233647,310.9285824721327
2007-05-01 06:00:00,321.6802795833359,313.2232999404884
2007-05-01 08:00:00,324.4499501844033,315.08834883538526
2007-05-01 09:00:00,325.2164300762817,315.52564630963957
2007-05-01 17:00:00,304.7164496376261,306.3195501953501
2007-05-01 18:00:00,303.849075952186,305.62101392937
2007-05-01 20:00:00,301.6846336752682,303.1973014326052
2007-05-01 21:00:00,300.69145994965214,302.2501678701909
2007-05-02 05:00:00,319.22678910124654,312.1127271373026
2007-05-02 06:00:00,323.14527232400815,313.65316913528324
2007-05-02 08:00:00,325.2616194150481,314.6769269287862
2007-05-02 09:00:00,324.84360350151826,314.84995651832895
2007-05-02 17:00:00,304.89918494555184,306.1796869122192
2007-05-02 18:00:00,303.8664045995116,305.4593681018048
2007-05-02 20:00:00,300.492308911998,302.13491040716184
2007-05-02 21:00:00,298.9509442392593,301.0134993730965
2007-05-03 05:00:00,317.20721134603116,310.7166662936218
2007-05-03 06:00:00,320.39481058693815,312.52964987262555
2007-05-03 08:00:00,323.1376323259116,314.01105674426253
2007-05-03 09:00:00,322.6345966968037,314.1026896049135
2007-05-03 17:00:00,303.65914778275925,305.1589595753533
2007-05-03 18:00:00,302.7682458439667,304.41641912475023
2007-05-03 20:00:00,301.23507398890416,303.0653329387835
2007-05-03 21:00:00,299.7202010661685,301.74370985222157
2007-05-04 05:00:00,318.91113939564474,310.61216749946584
2007-05-04 06:00:00,322.5518928845234,312.49445099676336
2007-05-04 08:00:00,325.36521159261696,313.99339557759384
2007-05-04 09:00:00,323.7638601999621,313.95281455770294
2007-05-04 17:00:00,303.4882737969397,304.7150229290931
2007-05-04 18:00:00,302.5177555407508,303.9005370764593
2007-05-04 20:00:00,300.59690826368995,302.0225992775845
2007-05-04 21:00:00,299.98798157584685,301.35446526714026
2007-05-05 05:00:00,319.16978809609435,310.09319553463416
2007-05-05 06:00:00,323.92653114071976,311.9770713770886
2007-05-05 08:00:00,328.39718406924123,314.21800363596486
2007-05-05 09:00:00,328.25804874085134,314.7267180973282
2007-05-05 17:00:00,304.0027939101397,305.46110802696006
2007-05-05 18:00:00,303.4720675287702,304.9758782996603
2007-05-05 20:00:00,300.93659517026646,302.66743925356167
2007-05-05 21:00:00,299.7281105735085,301.1907611958602
2007-05-06 05:00:00,317.312127535075,310.47781971606713
2007-05-06 06:00:00,321.39751183931565,312.70465181935555
2007-05-06 08:00:00,324.0172000173795,314.7643934581974
2007-05-06 09:00:00,324.2584614099817,315.1350586689859
2007-05-06 17:00:00,302.5532148505213,306.3181190667057
2007-05-06 18:00:00,301.61071612765136,303.6070967616947
2007-05-06 20:00:00,300.329693763392,302.4652937079431
2007-05-06 21:00:00,299.34153601788967,301.14210924051577
2007-05-07 05:00:00,316.4612647763386,310.8746828570021
2007-05-07 06:00:00,319.290242834341,312.41346931163633
2007-05-07 08:00:00,322.3856898750105,314.1168055600489
2007-05-07 09:00:00,322.720237931779,314.5397504151143
2007-05-07 17:00:00,305.43111956909365,306.58135842909616
2007-05-07 18:00:00,304.6838187995053,305.75151038500485
2007-05-07 20:00:00,303.07725926944397,304.2041800194786
2007-05-07 21:00:00,302.61516245414373,303.8061579394231
2007-05-08 05:00:00,313.9627144788557,308.3265745048347
2007-05-08 06:00:00,317.5292679091632,310.2977713421791
2007-05-08 08:00:00,322.36972567847766,313.001723937518
2007-05-08 09:00:00,322.1983229720905,313.3836814751059
2007-05-08 17:00:00,305.0488500374675,305.9907610030681
2007-05-08 18:00:00,304.42397286013943,305.4661128862614
2007-05-08 20:00:00,302.9016240006787,304.1234717934819
2007-05-08 21:00:00,302.35408116415584,303.5794448264759
2007-05-09 05:00:00,314.83612803501785,309.5121132684599
2007-05-09 06:00:00,318.58563580388096,311.6169504127444
2007-05-09 08:00:00,322.1096267347527,313.70292590689405
2007-05-09 09:00:00,323.47399112366384,314.5060306308082
2007-05-09 17:00:00,305.0438156245486,306.3286603742461
2007-05-09 18:00:00,304.2602127380842,305.5506379490457
2007-05-09 20:00:00,303.0527752610311,304.30214177441707
2007-05-09 21:00:00,302.3392208904625,303.5075862749332
2007-05-10 05:00:00,317.15932291792063,310.59610420309343
2007-05-10 06:00:00,320.5984076689499,312.3484588764115
2007-05-10 08:00:00,323.6566353725909,313.8572325155438
2007-05-10 09:00:00,323.6744553341153,314.36196929978667
2007-05-10 17:00:00,304.7530569537946,306.2352104716014
2007-05-10 18:00:00,304.1654920063695,305.6909248105183
2007-05-10 20:00:00,303.4982387971805,305.01379714283996
2007-05-10 21:00:00,303.1523500745212,304.6047089845631
2007-05-11 05:00:00,314.56424112422815,309.87659008807873
2007-05-11 06:00:00,318.3714085888973,312.0788170295798
2007-05-11 08:00:00,322.45599694391615,313.7783786203534
2007-05-11 09:00:00,322.63612770115833,314.08005494292604
2007-05-11 17:00:00,305.08203559957775,306.02458931521755
2007-05-11 18:00:00,304.0098991687933,304.9790705841018
2007-05-11 20:00:00,302.53398003012444,303.83953737514594
2007-05-11 21:00:00,301.70217437038804,303.104166392369
2007-05-12 05:00:00,314.56777507388176,308.4749014550255
2007-05-12 06:00:00,318.75333544432846,310.7529189898898
2007-05-12 08:00:00,322.8309806741442,313.1824221148146
2007-05-12 09:00:00,322.64989397375166,313.46729900436515
2007-05-12 17:00:00,304.4800047558519,305.2784723831436
2007-05-12 18:00:00,303.5335873690518,304.3889545975555
2007-05-12 20:00:00,302.26367340323003,303.4265146593467
2007-05-12 21:00:00,301.7917144493256,303.009137428413
2007-05-13 05:00:00,314.2729929261288,306.856594679352
2007-05-13 06:00:00,317.8441768934253,308.8922182620949
2007-05-13 08:00:00,322.2450181581941,311.85573024191365
2007-05-13 09:00:00,321.5169435098469,312.2285823968967
2007-05-13 17:00:00,304.16907974972014,304.8510325568482
2007-05-13 18:00:00,303.2266888963791,304.02469248250014
2007-05-13 20:00:00,301.6580791032553,302.5410824439191
2007-05-13 21:00:00,301.15662530978403,302.16902851874727
2007-05-14 05:00:00,313.11141481090954,307.14013178139146
2007-05-14 06:00:00,316.5866795614798,308.9583247674081
2007-05-14 08:00:00,321.5517543093265,311.91430019854766
2007-05-14 09:00:00,321.44058556696297,312.397593023597
2007-05-14 17:00:00,304.0836935880923,304.85151717034626
2007-05-14 18:00:00,303.2598738471973,304.05807520979545
2007-05-14 20:00:00,302.2418039612851,303.26533811595664
2007-05-14 21:00:00,301.9136848861154,302.92698154537635
2007-05-15 05:00:00,311.689192714603,306.17465569682776
2007-05-15 06:00:00,315.1162950606853,308.1480782483869
2007-05-15 08:00:00,319.5504948126701,310.7889067380932
2007-05-15 09:00:00,319.7041533342312,311.22904032514714
2007-05-15 17:00:00,303.62229084784883,304.38363863764266
2007-05-15 18:00:00,303.08421473804356,303.94054004921935
2007-05-15 20:00:00,302.36068389375333,303.2562220592528
2007-05-15 21:00:00,301.8975861348063,302.600926168527
2007-05-16 05:00:00,311.5531099198963,305.62398922865856
2007-05-16 06:00:00,315.24262577286123,307.52637685061603
2007-05-16 08:00:00,320.3490147054287,310.72506217780204
2007-05-16 09:00:00,320.96827634273586,311.4803414131717
2007-05-16 17:00:00,303.771584227199,304.51621976361616
2007-05-16 18:00:00,302.98825856166184,303.88735658619186
2007-05-16 20:00:00,302.4820369961449,303.65688663711904
2007-05-16 21:00:00,302.1350440920226,303.22290173076516
2007-05-17 05:00:00,313.431370857133,307.19847581860466
2007-05-17 06:00:00,317.3688090696173,309.1352012175808
2007-05-17 08:00:00,322.6187917418399,311.2108884320605
2007-05-17 09:00:00,323.214022855362,311.97549779389414
2007-05-17 17:00:00,303.9116614390228,305.0443202225931
2007-05-17 18:00:00,303.32298765491083,304.4509572409702
2007-05-17 20:00:00,302.8106935850828,303.75968794389206
2007-05-17 21:00:00,302.31214425156037,303.1975893981652
2007-05-18 05:00:00,313.8545960601196,308.20213574143514
2007-05-18 06:00:00,317.3646251284653,309.9375437308901
2007-05-18 08:00:00,322.2303752223222,312.5014815837467
2007-05-18 09:00:00,322.4263345633156,313.08081837611496
2007-05-18 17:00:00,303.39717722747287,304.6649850336907
2007-05-18 18:00:00,302.52656884333015,303.9013850560358
2007-05-18 20:00:00,301.84747439062653,303.3053270290004
2007-05-18 21:00:00,301.6412474128241,303.067629797984
2007-05-19 05:00:00,312.78667493446954,307.3891813398693
2007-05-19 06:00:00,315.69033397327775,308.92740862689146
2007-05-19 08:00:00,320.0084943021942,311.514544823504
2007-05-19 09:00:00,320.577743788897,311.98822120231546
2007-05-19 17:00:00,303.40991401378477,304.4142842579329
2007-05-19 18:00:00,302.63682111790075,303.79064231367073
2007-05-19 20:00:00,302.0962921518758,303.2544269297266
2007-05-19 21:00:00,301.91591871170493,303.04818370566346
2007-05-20 05:00:00,312.62757763032374,307.0005757195189
2007-05-20 06:00:00,315.63795029180255,308.58547047290307
2007-05-20 08:00:00,319.8632246349552,310.9231136892169
2007-05-20 09:00:00,320.40404417628685,311.426014199279
2007-05-20 17:00:00,303.58996109455506,304.3107826926492
2007-05-20 18:00:00,302.8087397782572,303.6106586897135
2007-05-20 20:00:00,301.62907741176326,302.32037555712213
2007-05-20 21:00:00,301.2475473318703,301.9608168638726
2007-05-21 05:00:00,312.37681205761265,306.4741783906205
2007-05-21 06:00:00,315.6698895000346,308.0969356542743
2007-05-21 08:00:00,320.0444979439899,310.41973077571265
2007-05-21 09:00:00,320.22119584987274,310.9259062357052
2007-05-21 17:00:00,303.27448440810383,304.105021542871
2007-05-21 18:00:00,302.64285819078634,303.5247921701205
2007-05-21 20:00:00,301.7925142543893,302.82826670219055
2007-05-21 21:00:00,301.3720099591695,302.496145098529
2007-05-22 05:00:00,311.68684147392474,306.32262036245663
2007-05-22 06:00:00,315.33287283452154,308.37717159136054
2007-05-22 08:00:00,319.75535917355575,310.9004839880992
2007-05-22 09:00:00,320.3535735096513,311.2674564308672
2007-05-22 17:00:00,301.65412232761946,302.96075890868764
2007-05-22 18:00:00,300.7467262021199,302.22742122420914
2007-05-22 20:00:00,300.1530371432312,301.94104725701055
2007-05-22 21:00:00,299.78782830142836,301.5475043956598
2007-05-23 05:00:00,313.1652415412232,308.04028009964253
2007-05-23 06:00:00,317.11375460161815,310.1618794116475
2007-05-23 08:00:00,321.06581103967045,311.4045280139142
2007-05-23 09:00:00,320.88216408375416,311.54019513005284
2007-05-23 17:00:00,302.78923166330867,303.9602300000301
2007-05-23 18:00:00,301.94868288201803,303.22829516018487
2007-05-23 20:00:00,301.15893025684795,302.60379475033704
2007-05-23 21:00:00,300.6735863825206,302.0755469699854
2007-05-24 05:00:00,313.1023498911336,307.8416356349762
2007-05-24 06:00:00,316.91192582281786,310.0030038184121
2007-05-24 08:00:00,321.11863684984866,311.7951017594301
2007-05-24 09:00:00,321.60880024444157,312.06663002989876
2007-05-24 17:00:00,302.88879321646436,304.253782910081
2007-05-24 18:00:00,302.0511973752814,303.46583550075536
2007-05-24 20:00:00,301.0097816831709,302.63815965931667
2007-05-24 21:00:00,300.5036496014,302.22177768231177
2007-05-25 05:00:00,313.2391590888401,308.37710152789145
2007-05-25 06:00:00,317.3702067417797,310.5195324490728
2007-05-25 08:00:00,320.68881801611104,311.98371840184564
2007-05-25 09:00:00,321.15682266305885,312.3383108882581
2007-05-25 17:00:00,303.3492427173491,304.466706074625
2007-05-25 18:00:00,302.738425326825,303.9369549156154
2007-05-25 20:00:00,301.2905631748664,302.75878092761405
2007-05-25 21:00:00,300.6859574986533,302.2757813581517
2007-05-26 05:00:00,314.082745168536,308.7007496603097
2007-05-26 06:00:00,317.56164764733455,310.50308248699173
2007-05-26 08:00:00,320.04785057502835,311.64762934844924
2007-05-26 09:00:00,319.3172450131739,311.4587007825291
2007-05-26 17:00:00,302.0799312268273,303.5421670170154
2007-05-26 18:00:00,301.27653618623003,302.8021543999482
2007-05-26 20:00:00,299.31652507576257,300.42021367289067
2007-05-26 21:00:00,298.5050440995462,299.5639893659642
2007-05-27 05:00:00,317.32246810372334,307.7523693678375
2007-05-27 06:00:00,321.6130717414186,309.4873379558922
2007-05-27 08:00:00,323.31946289814863,310.78389466084394
2007-05-27 09:00:00,322.5703673987249,311.13354165381384
2007-05-27 17:00:00,302.62898665841084,303.8050631389412
2007-05-27 18:00:00,301.81142088150943,303.1937278430157
2007-05-27 20:00:00,300.2757884585435,301.86440322946504
2007-05-27 21:00:00,299.78673759190076,301.3468977541696
2007-05-28 05:00:00,314.5787640822871,308.7798746164848
2007-05-28 06:00:00,317.3048060436279,309.892714372585
2007-05-28 08:00:00,319.97238629404313,311.1150278288337
2007-05-28 09:00:00,316.47000613455043,309.68182568190093
2007-05-28 17:00:00,299.0595887453053,300.541600607944
2007-05-28 18:00:00,298.7882737217038,300.3118041145783
2007-05-28 20:00:00,297.504355996342,298.83272283286635
2007-05-28 21:00:00,296.9586067846266,298.3241829894173
2007-05-29 05:00:00,313.12154594151013,307.3266655638332
2007-05-29 06:00:00,316.0205463238967,308.45738735110814
2007-05-29 08:00:00,318.40087375729036,308.8637862242242
2007-05-29 09:00:00,318.3265417536896,309.05060877160776
2007-05-29 17:00:00,298.95345530928745,299.76355972642705
2007-05-29 18:00:00,297.9135708801552,298.94523263234754
2007-05-29 20:00:00,296.36398877348114,298.2026982476421
2007-05-29 21:00:00,295.80891357327835,297.80405716389095
2007-05-30 05:00:00,312.9931144538021,307.644710005891
2007-05-30 06:00:00,315.4998255936868,308.67555902184245
2007-05-30 08:00:00,319.40686822782493,310.0190961511551
2007-05-30 09:00:00,320.15945620309043,310.59657948263254
2007-05-30 17:00:00,301.06887112045877,302.6945130711161
2007-05-30 18:00:00,300.2632980229124,302.06669910589613
2007-05-30 20:00:00,299.4419096019492,301.38101866359153
2007-05-30 21:00:00,299.1232987037976,301.02235109302774
2007-05-31 05:00:00,315.5040120270293,309.6340072232145
2007-05-31 06:00:00,318.6009169286131,310.6982193816057
2007-05-31 08:00:00,321.96196240159145,311.8937067581436
2007-05-31 09:00:00,322.5192551576118,312.4194736803993
2007-05-31 17:00:00,302.6606228303836,304.2416044919994
2007-05-31 18:00:00,301.7344334959433,303.456264149059
2007-05-31 20:00:00,300.24677228413304,302.29650474513073
2007-05-31 21:00:00,299.84745379478795,301.82819529858136
2007-06-01 05:00:00,316.93631343518274,311.04349432006273
2007-06-01 06:00:00,320.1231860614888,312.3047419520115
2007-06-01 08:00:00,323.6963569159133,313.95315770412265
2007-06-01 09:00:00,323.72839477727155,314.2354488989973
2007-06-01 17:00:00,303.89139045515486,305.4774623218413
2007-06-01 18:00:00,303.06146705756754,304.8344739258565
2007-06-01 20:00:00,302.06371400242415,304.33248541645355
2007-06-01 21:00:00,301.9094931627459,304.08008132252746
2007-06-02 05:00:00,316.2524134043736,311.3063468521659
2007-06-02 06:00:00,318.9738830660451,312.57780748082234
2007-06-02 08:00:00,323.0288365015815,314.03545554797347
2007-06-02 09:00:00,323.6975936066756,314.450166840399
2007-06-02 17:00:00,304.0654221403948,305.6286825641462
2007-06-02 18:00:00,303.38826096921196,305.0845323042436
2007-06-02 20:00:00,302.970660616694,304.65808505159686
2007-06-02 21:00:00,302.88114341418435,304.4446282526378
2007-06-03 05:00:00,314.9554461227911,309.8775186171334
2007-06-03 06:00:00,318.00332039714044,311.4000553313316
2007-06-03 08:00:00,320.8413407336031,312.4619969160788
2007-06-03 09:00:00,321.48421564087477,312.87434356642433
2007-06-03 17:00:00,304.05365521588203,304.4766335274295
2007-06-03 18:00:00,302.9692281949319,303.51235881975873
2007-06-03 20:00:00,301.9417133066798,302.5657884923997
2007-06-03 21:00:00,301.60595602026706,302.12843400340967
2007-06-04 05:00:00,313.24481259949954,307.15889691792216
2007-06-04 06:00:00,315.3425353627727,307.95491930663314
2007-06-04 08:00:00,311.96501324246594,304.75645794743565
2007-06-04 09:00:00,310.4972002825862,304.63243324032914
2007-06-04 17:00:00,302.05483143575754,301.8186187509028
2007-06-04 18:00:00,301.50238187581255,301.5159200189294
2007-06-04 20:00:00,301.1453014544236,301.49696888504855
2007-06-04 21:00:00,300.47073524134186,300.7657030102652
2007-06-05 05:00:00,312.294886278996,306.1428370541895
2007-06-05 06:00:00,315.3904357816112,307.5611511841761
2007-06-05 08:00:00,319.31176675523193,309.7538626131549
2007-06-05 09:00:00,319.6077124738179,310.18546242265745
2007-06-05 17:00:00,303.7797099203101,304.3378027165065
2007-06-05 18:00:00,302.97918938635314,303.31058580959893
2007-06-05 20:00:00,302.0221049304368,302.4847174881052
2007-06-05 21:00:00,301.60598453939053,302.11983399471995
2007-06-06 05:00:00,313.4149045077237,307.7206078339799
2007-06-06 06:00:00,316.3734847481703,309.10958375622204
2007-06-06 08:00:00,319.9427953170518,310.932072267694
2007-06-06 09:00:00,320.1496465415543,311.40687565737403
2007-06-06 17:00:00,305.51423562730224,305.77958646283497
2007-06-06 18:00:00,304.6459968225982,304.9640186468515
2007-06-06 20:00:00,303.6756330116872,304.1882937626773
2007-06-06 21:00:00,303.0473385004123,303.40581212682974
2007-06-07 05:00:00,313.1868312935616,307.9725736080223
2007-06-07 06:00:00,316.6388912818097,309.6470061832657
2007-06-07 08:00:00,320.40591289596676,311.7201005086326
2007-06-07 09:00:00,320.65163523904715,312.21132301365833
2007-06-07 17:00:00,305.38365899836884,306.0590135195223
2007-06-07 18:00:00,304.64299782398854,305.40572057409537
2007-06-07 20:00:00,303.65139072224247,304.4235677851367
2007-06-07 21:00:00,303.24628136962514,303.9865014733078
2007-06-08 05:00:00,313.66357363096927,308.2104210287838
2007-06-08 06:00:00,316.6827078232964,309.75955052074556
2007-06-08 08:00:00,320.6207729862724,311.94160012361266
2007-06-08 09:00:00,321.04225231576225,312.53203330017936
2007-06-08 17:00:00,305.68413641272787,306.37855581509865
2007-06-08 18:00:00,305.0234951260277,305.7553978730424
2007-06-08 20:00:00,304.1395368767079,304.9645156272571
2007-06-08 21:00:00,303.8110267392292,304.57102780569875
2007-06-09 05:00:00,312.88932861422165,307.7509671580075
2007-06-09 06:00:00,316.18246020300916,309.6006427876571
2007-06-09 08:00:00,320.6858610790941,312.411040178249
2007-06-09 09:00:00,321.31362454218925,312.99845091550856
2007-06-09 17:00:00,305.6914812508276,306.32775380468155
2007-06-09 18:00:00,305.0044610915456,305.7913075404469
2007-06-09 20:00:00,304.26230716558376,305.0399390927449
2007-06-09 21:00:00,303.6752172625855,304.16639958691707
2007-06-10 05:00:00,310.7672527295599,306.0212130553917
2007-06-10 06:00:00,314.1792182158248,308.1592983721952
2007-06-10 08:00:00,318.8728435968949,311.4363310215837
2007-06-10 09:00:00,319.69423265266124,312.3223758221407
2007-06-10 17:00:00,305.7261774565663,306.54782170323637
2007-06-10 18:00:00,305.1993243859619,306.1062460783267
2007-06-10 20:00:00,304.29881444146343,304.9190656194702
2007-06-10 21:00:00,303.451375646841,303.7372811762688
2007-06-11 05:00:00,311.31124830907225,306.08332446176206
2007-06-11 06:00:00,314.9675194221579,308.17814506918694
2007-06-11 08:00:00,319.69565219026873,311.27185218470123
2007-06-11 09:00:00,320.5184809562789,312.1456262855941
2007-06-11 17:00:00,305.8593785501959,306.52377119490467
2007-06-11 18:00:00,305.256974630253,306.04517337464034
2007-06-11 20:00:00,304.154583006684,304.89262585279937
2007-06-11 21:00:00,303.61542213569254,304.2192685402046
2007-06-12 05:00:00,312.0177794751842,305.8959029657631
2007-06-12 06:00:00,315.44202948571717,307.66519990283274
2007-06-12 08:00:00,320.83368853317756,310.9914887932306
2007-06-12 09:00:00,321.7096915458127,311.96195548928944
2007-06-12 17:00:00,305.5603309713637,306.1272047657078
2007-06-12 18:00:00,304.86028653043445,305.5698133800724
2007-06-12 20:00:00,304.0922270835089,304.8902712029926
2007-06-12 21:00:00,303.73313614620446,304.45361344582864
2007-06-13 05:00:00,314.1877320558522,307.7265788403057
2007-06-13 06:00:00,317.8410348995074,309.6005775675017
2007-06-13 08:00:00,322.21942369081944,312.24289156733016
2007-06-13 09:00:00,322.74919720900994,312.960609165656
2007-06-13 17:00:00,305.67518018537385,306.2905082526303
2007-06-13 18:00:00,304.94414547301585,305.6831236429317
2007-06-13 20:00:00,304.39505761944463,305.2411091338688
2007-06-13 21:00:00,304.14377564605104,304.91987579298683
2007-06-14 05:00:00,313.81742362799736,308.2909948645829
2007-06-14 06:00:00,316.6616750050032,309.88838807092793
2007-06-14 08:00:00,321.8018091140065,312.44094103326785
2007-06-14 09:00:00,322.5947543292641,313.1540957129057
2007-06-14 17:00:00,305.99621088295396,306.4996214691773
2007-06-14 18:00:00,305.2821258403855,305.87348599426554
2007-06-14 20:00:00,304.47641061744633,305.0318765743121
2007-06-14 21:00:00,304.0860662945247,304.6431870893999
2007-06-15 05:00:00,313.0321208795157,307.3045519342408
2007-06-15 06:00:00,316.6335729942851,309.0018635001866
2007-06-15 08:00:00,320.75198752193126,311.2109905178264
2007-06-15 09:00:00,320.99657196844305,311.5783686704004
2007-06-15 17:00:00,305.42629884975537,305.5998217049291
2007-06-15 18:00:00,304.8042196735212,304.93267725869583
2007-06-15 20:00:00,302.45993375851674,302.2598272009146
2007-06-15 21:00:00,300.9961620971492,301.39488549372084
2007-06-16 05:00:00,313.4742414477426,306.8796709763067
2007-06-16 06:00:00,316.64382967486034,308.2363371298016
2007-06-16 08:00:00,318.5479408816674,308.42788976072717
2007-06-16 09:00:00,318.72681769090366,309.20914234696255
2007-06-16 17:00:00,303.915865435255,303.4705357015226
2007-06-16 18:00:00,302.5772245433555,302.3744957311128
2007-06-16 20:00:00,300.1196092978832,300.43119607464007
2007-06-16 21:00:00,299.25191734090606,299.5548757309172
2007-06-17 05:00:00,314.2157850456532,307.6722550590527
2007-06-17 06:00:00,317.46050889025486,308.9751614422203
2007-06-17 08:00:00,320.45453981185,309.98144324351165
2007-06-17 09:00:00,319.06106214714345,308.8217202349694
2007-06-17 17:00:00,303.92543996096765,304.03817939464415
2007-06-17 18:00:00,303.22210345393154,303.30062647556485
2007-06-17 20:00:00,302.7610695343723,303.16620037625495
2007-06-17 21:00:00,302.5008009100916,302.8835015436534
2007-06-18 05:00:00,312.37379100546815,306.76349105012065
2007-06-18 06:00:00,315.3926239719009,308.05556957086173
2007-06-18 08:00:00,319.08753868537985,309.6143891932601
2007-06-18 09:00:00,320.3871738333915,310.3315562761069
2007-06-18 17:00:00,301.91440002723544,302.4441859123336
2007-06-18 18:00:00,301.3907920002754,301.8861146524251
2007-06-18 20:00:00,301.96185439099514,302.5001484969364
2007-06-18 21:00:00,300.17618251618325,300.69623827824057
2007-06-19 05:00:00,309.9758348509049,305.7510519395073
2007-06-19 06:00:00,313.11266487956226,307.44709815450005
2007-06-19 08:00:00,316.3775737509706,308.00109244935874
2007-06-19 09:00:00,315.4031024104091,308.1112112036472
2007-06-19 17:00:00,300.5826251437006,300.8828553374633
2007-06-19 18:00:00,299.9077254473153,299.9243538126189
2007-06-19 20:00:00,299.01713362166254,300.14047297637893
2007-06-19 21:00:00,298.87329428368616,300.07996569429235
2007-06-20 05:00:00,307.47052415750795,303.66244354012935
2007-06-20 06:00:00,309.16040426997813,303.87872843455824
2007-06-20 08:00:00,312.9406656697278,306.377058878518
2007-06-20 09:00:00,313.3178601610275,306.75528271503185
2007-06-20 17:00:00,302.1341051004701,302.49650552570364
2007-06-20 18:00:00,301.6290488691286,302.08209155630806
2007-06-20 20:00:00,300.8345830649918,301.34787262386095
2007-06-20 21:00:00,300.6938173032505,301.1320501718389
2007-06-21 05:00:00,310.7579449857879,304.4426277054844
2007-06-21 06:00:00,312.9153120278945,305.36060630669033
2007-06-21 08:00:00,314.38570614478255,307.07970034653675
2007-06-21 09:00:00,314.6455027105628,307.4215313833557
2007-06-21 17:00:00,302.67577184550754,303.400601614789
2007-06-21 18:00:00,302.2646604752504,303.04268811994416
2007-06-21 20:00:00,301.0890008723607,301.6336551895494
2007-06-21 21:00:00,300.66916441366374,301.1543933180705
2007-06-22 05:00:00,308.418195398269,304.8013776829136
2007-06-22 06:00:00,310.3421458757163,305.7628390601677
2007-06-22 08:00:00,314.9014146096534,308.2720233229533
2007-06-22 09:00:00,314.30547754790274,307.5245964156093
2007-06-22 17:00:00,303.6166783407767,304.39302342771936
2007-06-22 18:00:00,303.19122116958783,303.96255345043306
2007-06-22 20:00:00,302.33464823812477,303.03064221116176
2007-06-22 21:00:00,301.97435155083843,302.6357050867772
2007-06-23 05:00:00,309.4777577404616,306.3020407701677
2007-06-23 06:00:00,312.00399460520697,307.6744114151354
2007-06-23 08:00:00,313.88475732553536,308.8602333480294
2007-06-23 09:00:00,314.57729810999797,309.5717818814177
2007-06-23 17:00:00,303.85825210359695,304.34105208621736
2007-06-23 18:00:00,303.35911987963004,303.86335305330016
2007-06-23 20:00:00,302.71015330639386,303.3670214871964
2007-06-23 21:00:00,302.4423401161041,303.0878163765318
2007-06-24 05:00:00,309.40269051714927,306.0869025184855
2007-06-24 06:00:00,311.81243811843945,307.4086402458109
2007-06-24 08:00:00,314.7128125677123,309.4564336885473
2007-06-24 09:00:00,314.7557915450979,309.7235297392623
2007-06-24 17:00:00,304.35412440131,304.8686590209397
2007-06-24 18:00:00,303.6890629796291,304.0446635335914
2007-06-24 20:00:00,302.3061147022688,302.4379922781593
2007-06-24 21:00:00,301.457728381517,301.43721149368173
2007-06-25 05:00:00,310.50822662682674,304.831723864163
2007-06-25 06:00:00,312.41098017758696,305.94535190482355
2007-06-25 08:00:00,312.760378868444,306.1391878995028
2007-06-25 09:00:00,312.27614159723646,306.2783034549472
2007-06-25 17:00:00,301.7649977673735,302.035100834028
2007-06-25 18:00:00,301.3681623226689,301.5807249895046
2007-06-25 20:00:00,299.02590439242465,299.78868274659334
2007-06-25 21:00:00,298.6526183376694,299.6963560224865
2007-06-26 05:00:00,306.72475335778,303.06714201046987
2007-06-26 06:00:00,309.2156765648323,304.3179808441774
2007-06-26 08:00:00,313.8544951969376,306.703014873393
2007-06-26 09:00:00,313.915990914696,307.189164548148
2007-06-26 17:00:00,302.79255622193705,302.8945588756967
2007-06-26 18:00:00,302.08882206944725,302.07459765700236
2007-06-26 20:00:00,300.83115811340616,300.7974971542006
2007-06-26 21:00:00,300.3845076127486,300.32584419897046
2007-06-27 05:00:00,305.43265706254823,302.8308344813084
2007-06-27 06:00:00,307.1535034649912,303.944691521361
2007-06-27 08:00:00,312.9835826009742,307.03511588121603
2007-06-27 09:00:00,314.03284711793685,307.6525097157812
2007-06-27 17:00:00,300.70282095275786,300.7447642839194
2007-06-27 18:00:00,299.49424035964284,299.80330172452057
2007-06-27 20:00:00,299.29505650031,300.1822476614789
2007-06-27 21:00:00,298.14152611495905,299.79873358633927
2007-06-28 05:00:00,306.6687065559469,303.659245683526
2007-06-28 06:00:00,309.78568647528647,305.0655397670846
2007-06-28 08:00:00,305.79738707461604,302.43263526763684
2007-06-28 09:00:00,305.8695976128012,302.81696534707845
2007-06-28 17:00:00,299.70499726987583,300.0052134744559
2007-06-28 18:00:00,298.7247639613453,299.4830303926865
2007-06-28 20:00:00,298.3474150953014,298.9925642909916
2007-06-28 21:00:00,298.1749071024233,298.91541674691837
2007-06-29 05:00:00,303.9258404747914,301.47304023542836
2007-06-29 06:00:00,307.1306856505125,302.7243926719819
2007-06-29 08:00:00,313.4811551368843,305.0522481862496
2007-06-29 09:00:00,315.62895875057933,306.10716840041624
2007-06-29 17:00:00,302.6752480858096,302.8007134671204
2007-06-29 18:00:00,301.7092192051775,301.8697552085841
2007-06-29 20:00:00,299.58586793026683,299.2727213008746
2007-06-29 21:00:00,299.01165143734505,298.900074281384
2007-06-30 05:00:00,310.4342542275075,304.8777583376469
2007-06-30 06:00:00,312.5571013040646,306.0603316531894
2007-06-30 08:00:00,315.0056779623399,308.46687958751147
2007-06-30 09:00:00,316.01092818485023,309.3914070070617
2007-06-30 17:00:00,302.61695201150815,303.69598701371257
2007-06-30 18:00:00,302.33908812253975,303.3372023101948
2007-06-30 20:00:00,302.1758606004054,303.01654939107794
2007-06-30 21:00:00,301.95557719790514,302.6549623368885
2007-07-01 05:00:00,309.81306932446404,306.18179474112065
2007-07-01 06:00:00,312.3538407147941,307.60701835173853
2007-07-01 08:00:00,315.8500349047739,309.765627233567
2007-07-01 09:00:00,315.4049408476232,309.8039843966303
2007-07-01 17:00:00,303.58003841453046,303.9998436268012
2007-07-01 18:00:00,302.9712969951894,303.43349991667617
2007-07-01 20:00:00,302.0079953468452,302.65391383002094
2007-07-01 21:00:00,301.56603183364274,302.20846212002095
2007-07-02 05:00:00,309.44884247625555,304.8887208253834
2007-07-02 06:00:00,312.21933474783174,306.618712438457
2007-07-02 08:00:00,313.08957038491457,307.75793786188484
2007-07-02 09:00:00,313.44303703602,308.1610973340521
2007-07-02 17:00:00,301.8846179274455,301.6470739896566
2007-07-02 18:00:00,301.0327345226505,300.78890478666096
2007-07-02 20:00:00,300.2547944808043,300.2058175061995
2007-07-02 21:00:00,299.91901264866624,299.81679879351645
2007-07-03 05:00:00,310.1014707356646,304.2406960415363
2007-07-03 06:00:00,311.301727718124,305.27033770874215
2007-07-03 08:00:00,312.53413118382997,305.2573233723457
2007-07-03 09:00:00,311.6911099614642,305.2168586625156
2007-07-03 17:00:00,300.4551523734682,300.5152052775003
2007-07-03 18:00:00,300.2403616177833,300.0247227414547
2007-07-03 20:00:00,298.8592186503124,298.5310467924286
2007-07-03 21:00:00,298.3634030381777,298.3455436012962
2007-07-04 05:00:00,302.215556751598,301.3785847809355
2007-07-04 06:00:00,301.55724787308,301.2528202662299
2007-07-04 08:00:00,303.73381540918575,302.11593990002643
2007-07-04 09:00:00,304.88972153391785,302.5683307148092
2007-07-04 17:00:00,297.59290669915856,297.68044554911705
2007-07-04 18:00:00,297.4044668141793,297.367000703268
2007-07-04 20:00:00,297.2688044002868,297.1156441287377
2007-07-04 21:00:00,297.2778477602637,297.1869573842947
2007-07-05 05:00:00,297.4192893523465,297.34245065180653
2007-07-05 06:00:00,297.4039333443429,297.25031928251997
2007-07-05 08:00:00,298.0836243240051,298.21269268394434
2007-07-05 09:00:00,298.2147075024151,298.232963644301
2007-07-05 17:00:00,298.5659763001147,298.936027632656
2007-07-05 18:00:00,298.19004375063946,298.5782509026432
2007-07-05 20:00:00,297.8533206463595,298.6355796073361
2007-07-05 21:00:00,297.862572315845,298.53425240773817
2007-07-06 05:00:00,301.11900143851113,301.0141224207239
2007-07-06 06:00:00,304.2698587614509,302.50209633190934
2007-07-06 08:00:00,306.2980644096763,303.93791913471904
2007-07-06 09:00:00,306.3240405348674,304.13718652945636
2007-07-06 17:00:00,299.9536812992419,300.61331945575074
2007-07-06 18:00:00,299.61804483704645,300.1255369494986
2007-07-06 20:00:00,299.0979342232867,299.45110637270983
2007-07-06 21:00:00,298.88459053686114,299.1432666749176
2007-07-07 05:00:00,303.55072877293196,302.2116991228242
2007-07-07 06:00:00,305.1913462493379,302.822237764191
2007-07-07 08:00:00,308.6017842579329,304.83137373490774
2007-07-07 09:00:00,309.14499613757494,305.526072309638
2007-07-07 17:00:00,300.34533399866984,301.3821814115316
2007-07-07 18:00:00,300.1785513432624,300.95042565203227
2007-07-07 20:00:00,299.3611843303099,299.6485439823662
2007-07-07 21:00:00,298.81327288470396,299.3757893425658
2007-07-08 05:00:00,302.8909104498583,301.81735981851585
2007-07-08 06:00:00,304.4457201612381,302.76580032325126
2007-07-08 08:00:00,305.5574431573665,303.06622215705954
2007-07-08 09:00:00,304.7744119935117,301.8943997987062
2007-07-08 17:00:00,298.73623048285674,299.2151852271223
2007-07-08 18:00:00,298.59050105349127,298.9877375762892
2007-07-08 20:00:00,297.9244738609655,297.6436533171149
2007-07-08 21:00:00,297.62605734709047,297.4360756896126
2007-07-09 05:00:00,304.92719688474307,302.4652380333476
2007-07-09 06:00:00,307.123570846299,304.06918706438387
2007-07-09 08:00:00,306.7457679078465,303.8449636732669
2007-07-09 09:00:00,306.43861953429706,302.12587003311137
2007-07-09 17:00:00,298.52676932359884,299.1390237911089
2007-07-09 18:00:00,298.2517966812675,298.91887809388993
2007-07-09 20:00:00,298.6061356695849,298.63005016544383
2007-07-09 21:00:00,298.3169482779246,298.3934088943552
2007-07-10 05:00:00,303.5596491691695,301.079849948501
2007-07-10 06:00:00,304.2217277679679,301.77650569216314
2007-07-10 08:00:00,305.22839628199034,301.8871628771578
2007-07-10 09:00:00,307.77886676053606,302.8259264647685
2007-07-10 17:00:00,299.22370663776604,299.1090227077114
2007-07-10 18:00:00,299.0317460869788,298.9258078412025
2007-07-10 20:00:00,298.6339802088098,298.7210619769221
2007-07-10 21:00:00,298.3041092882906,298.6110828323247
2007-07-11 05:00:00,300.0369132443092,298.88532314682595
2007-07-11 06:00:00,300.73904900925555,298.9386279983403
2007-07-11 08:00:00,303.4641810389256,300.6113100918857
2007-07-11 09:00:00,305.0256263956268,301.3115059921665
2007-07-11 17:00:00,299.1373611708819,299.013294942941
2007-07-11 18:00:00,298.7146573529589,298.61289021120234
2007-07-11 20:00:00,297.9487635255411,297.71901948573225
2007-07-11 21:00:00,297.59300586953185,297.463497567434
2007-07-12 05:00:00,301.10016626202275,299.74414403412857
2007-07-12 06:00:00,302.4250112806887,300.79381294426827
2007-07-12 08:00:00,307.42098655759463,304.1392493108388
2007-07-12 09:00:00,307.8781415001821,304.53084941564254
2007-07-12 17:00:00,299.94727930853657,300.6932296165149
2007-07-12 18:00:00,299.71919798299973,300.40615849428815
2007-07-12 20:00:00,299.14759220070397,299.84877409148845
2007-07-12 21:00:00,298.82284919727016,299.4029709826265
2007-07-13 05:00:00,303.0004794880495,301.7626202176275
2007-07-13 06:00:00,304.99279921521395,302.93388423126174
2007-07-13 08:00:00,306.0671492519291,303.8602119998315
2007-07-13 09:00:00,306.1088886231597,304.13983782046745
2007-07-13 17:00:00,299.70063135179424,300.4873731992278
2007-07-13 18:00:00,299.23883839564627,299.97369725678476
2007-07-13 20:00:00,298.9583102374672,299.70912386713485
2007-07-13 21:00:00,298.71921070257577,299.3468214602243
2007-07-14 05:00:00,304.68256123076975,302.2470115579332
2007-07-14 06:00:00,305.6876282302551,303.10697692494915
2007-07-14 08:00:00,307.9602489971049,304.6594083342236
2007-07-14 09:00:00,307.81446523328407,304.8629385267825
2007-07-14 17:00:00,300.9040667000463,301.37208474839605
2007-07-14 18:00:00,300.3055536772694,300.7592484014244
2007-07-14 20:00:00,300.5190157662555,301.0920020575149
2007-07-14 21:00:00,300.3093835863017,300.7520536355135
2007-07-15 05:00:00,305.5937509639605,302.94524565756967
2007-07-15 06:00:00,306.3060523504836,303.6472061933097
2007-07-15 08:00:00,309.01603402488956,304.8891260414535
2007-07-15 09:00:00,308.59305065842733,305.006474358275
2007-07-15 17:00:00,300.7581861404866,301.2241181548461
2007-07-15 18:00:00,300.43452914433414,300.98494984960337
2007-07-15 20:00:00,299.791226614789,300.3695939920717
2007-07-15 21:00:00,299.41911924858863,299.93360362471714
2007-07-16 05:00:00,306.05505756677945,302.99343075039576
2007-07-16 06:00:00,307.82399602810665,303.66632214092147
2007-07-16 08:00:00,310.3136057332043,305.39106682305714
2007-07-16 09:00:00,310.6413617479416,305.838401782678
2007-07-16 17:00:00,299.82556700155436,300.4546006118939
2007-07-16 18:00:00,299.4323793008626,299.96550909433233
2007-07-16 20:00:00,299.26038573372347,299.8806763165537
2007-07-16 21:00:00,299.0071884413897,299.5125746998838
2007-07-17 05:00:00,306.3297912174454,303.3222285242772
2007-07-17 06:00:00,308.20536216418435,304.4495765204055
2007-07-17 08:00:00,310.50724613795114,306.0796015758544
2007-07-17 09:00:00,310.65571046426595,306.52394621250994
2007-07-17 17:00:00,300.7913235986178,301.42496242435027
2007-07-17 18:00:00,300.24505645798973,300.79247825869425
2007-07-17 20:00:00,299.44123080919263,300.0113822572588
2007-07-17 21:00:00,299.1303419868458,299.64621768710424
2007-07-18 05:00:00,305.60295619876433,302.7461076216265
2007-07-18 06:00:00,307.03528182348595,303.7262150980475
2007-07-18 08:00:00,309.9547689052869,305.72047859274187
2007-07-18 09:00:00,310.6065964426943,306.26511607588895
2007-07-18 17:00:00,300.69061693094545,301.48050761406523
2007-07-18 18:00:00,300.1101404316437,300.81976497044735
2007-07-18 20:00:00,299.6958047311369,300.4437114791987
2007-07-18 21:00:00,299.3763699289096,300.0275053897147
2007-07-19 05:00:00,305.1612851182559,302.85921286654946
2007-07-19 06:00:00,307.12594700888235,304.0658822081673
2007-07-19 08:00:00,309.6343854483912,305.7570516295352
2007-07-19 09:00:00,309.87032883560346,306.12761597714183
2007-07-19 17:00:00,299.832727064888,300.42785663340237
2007-07-19 18:00:00,299.16850772146455,299.8141786313755
2007-07-19 20:00:00,298.6912669929775,299.4657513305476
2007-07-19 21:00:00,298.34548167271316,298.9674904328098
2007-07-20 05:00:00,304.15068507965987,302.1197801775117
2007-07-20 06:00:00,305.2559699248093,302.74914539025633
2007-07-20 08:00:00,306.91032729420715,304.1638301149906
2007-07-20 09:00:00,307.25221360593076,304.58281048273636
2007-07-20 17:00:00,298.813727615427,299.48181923512135
2007-07-20 18:00:00,298.24528686805576,298.99879077035587
2007-07-20 20:00:00,297.9280090802256,298.7958237188072
2007-07-20 21:00:00,297.74428590089775,298.53650313790297
2007-07-21 05:00:00,304.532024930181,301.77260527294845
2007-07-21 06:00:00,306.2839832746744,302.91375102320876
2007-07-21 08:00:00,308.09969220506764,304.57697048099095
2007-07-21 09:00:00,307.6143815285987,304.5295735316578
2007-07-21 17:00:00,299.43613681881385,300.0406338966499
2007-07-21 18:00:00,298.8134361231823,299.44189471933987
2007-07-21 20:00:00,298.0015257848613,298.97422625948724
2007-07-21 21:00:00,297.8278072221988,298.82788817136793
2007-07-22 05:00:00,306.2070628255836,302.7110571486557
2007-07-22 06:00:00,307.4124882349799,303.5828571525303
2007-07-22 08:00:00,309.99323081088545,305.3239483473297
2007-07-22 09:00:00,310.1906159199625,305.6023458236906
2007-07-22 17:00:00,300.0004541664535,300.7555063538632
2007-07-22 18:00:00,299.3881913524563,300.24708096308774
2007-07-22 20:00:00,298.94426653234547,299.94055298039655
2007-07-22 21:00:00,298.4856962606609,299.36201712163097
2007-07-23 05:00:00,304.78110785109607,302.3606317928649
2007-07-23 06:00:00,306.59220686385004,303.4698577786815
2007-07-23 08:00:00,309.7327799980739,304.80602735804484
2007-07-23 09:00:00,310.8388526105367,305.3216193482762
2007-07-23 17:00:00,300.3681054725118,301.0266365556761
2007-07-23 18:00:00,299.79340695232753,300.4747109435189
2007-07-23 20:00:00,299.123953985323,299.8893589201988
2007-07-23 21:00:00,298.9748601928147,299.7326663447823
2007-07-24 05:00:00,306.1251341080629,303.17310708256093
2007-07-24 06:00:00,307.71095706134435,304.1686673862357
2007-07-24 08:00:00,310.7750286695954,305.6292441299039
2007-07-24 09:00:00,311.1384553600717,306.14978986601983
2007-07-24 17:00:00,300.6622773862583,301.4166012897697
2007-07-24 18:00:00,300.4358335004198,301.1634927523338
2007-07-24 20:00:00,300.0627815705051,300.7769323974986
2007-07-24 21:00:00,299.84255607616734,300.5893706099829
2007-07-25 05:00:00,300.51125811795794,300.32487219764937
2007-07-25 06:00:00,302.33055813029665,301.32731200513564
2007-07-25 08:00:00,308.11782867478667,304.8201917463165
2007-07-25 09:00:00,309.43316528132226,305.5199561684818
2007-07-25 17:00:00,300.86650068991355,301.8821677044838
2007-07-25 18:00:00,300.5343949093106,301.51352445958025
2007-07-25 20:00:00,300.23082026641805,300.85048601476734
2007-07-25 21:00:00,300.0845138479271,300.64136936558043
2007-07-26 05:00:00,304.99876321519287,303.2266146008884
2007-07-26 06:00:00,306.96137485592317,304.16673027238426
2007-07-26 08:00:00,308.55083810015714,305.66674517850475
2007-07-26 09:00:00,308.481178083846,305.84372985087487
2007-07-26 17:00:00,300.1183698798181,300.90418467940464
2007-07-26 18:00:00,299.7919586839955,300.58123513619967
2007-07-26 20:00:00,299.37409843832756,300.2857495559199
2007-07-26 21:00:00,299.17020245803343,300.0062308524533
2007-07-27 05:00:00,304.93501159479877,303.17749747583423
2007-07-27 06:00:00,307.0240941451768,304.3022963372511
2007-07-27 08:00:00,310.5570854810059,306.26791191394966
2007-07-27 09:00:00,310.9537381258878,306.5964053114316
2007-07-27 17:00:00,301.18432687721196,301.74894831911627
2007-07-27 18:00:00,300.65659798973326,301.083423185422
2007-07-27 20:00:00,300.1007901325432,300.70179438186904
2007-07-27 21:00:00,299.7650362317478,300.29883760002616
2007-07-28 05:00:00,305.48381827755594,303.26852623891017
2007-07-28 06:00:00,307.10417368085064,304.27016807520886
2007-07-28 08:00:00,310.8177082314513,305.76657327848886
2007-07-28 09:00:00,310.21937102566153,305.2663267397183
2007-07-28 17:00:00,300.09284444141826,300.526538725443
2007-07-28 18:00:00,299.7112274875259,300.2062314684476
2007-07-28 20:00:00,299.50769219302987,300.04570392908414
2007-07-28 21:00:00,299.1500376038632,299.55078414188154
2007-07-29 05:00:00,306.22721282065555,302.9131907035463
2007-07-29 06:00:00,307.42700816009005,303.43131106807203
2007-07-29 08:00:00,313.01469538942877,306.1436478860206
2007-07-29 09:00:00,311.6854027981751,306.16980608218626
2007-07-29 17:00:00,299.35127352345705,300.0875641245321
2007-07-29 18:00:00,298.98657146624316,299.81527267949787
2007-07-29 20:00:00,298.68060236902926,299.2063853494559
2007-07-29 21:00:00,298.6035374669338,299.0424028111533
2007-07-30 05:00:00,307.5092829629343,303.66347178031555
2007-07-30 06:00:00,309.87900107079554,304.8436437997686
2007-07-30 08:00:00,312.48306960942017,306.30068247931763
2007-07-30 09:00:00,313.3043721908781,306.9739884668947
2007-07-30 17:00:00,300.3731104493692,300.84698643853375
2007-07-30 18:00:00,299.82966999353727,300.55732856362556
2007-07-30 20:00:00,299.52841362857674,299.97505235010743
2007-07-30 21:00:00,299.3001683122021,299.71442292247235
2007-07-31 05:00:00,306.374448567583,303.121533221934
2007-07-31 06:00:00,307.627918402109,304.00714158350587
2007-07-31 08:00:00,309.6409281538153,305.1577750560132
2007-07-31 09:00:00,309.6852376317758,305.0089796210291
2007-07-31 17:00:00,300.78251584468893,301.3807007917454
2007-07-31 18:00:00,300.45846374229586,300.9911070413692
2007-07-31 20:00:00,300.2123360185667,300.8603445796644
2007-07-31 21:00:00,299.94207411003407,300.46069070260586
2007-08-01 05:00:00,304.13087291746916,302.79748288288323
2007-08-01 06:00:00,306.00697566474713,304.1225486955217
2007-08-01 08:00:00,309.5990194782087,305.9032859390799
2007-08-01 09:00:00,309.8898872175643,306.22362686415846
2007-08-01 17:00:00,299.86530486167123,300.513195490433
2007-08-01 18:00:00,299.7390807729289,300.2211966492546
2007-08-01 20:00:00,299.5644786581971,300.0076766285948
2007-08-01 21:00:00,299.3889135234345,299.7604275602038
2007-08-02 05:00:00,303.8522562929221,302.1576650469623
2007-08-02 06:00:00,304.9826613604012,303.2473786858087
2007-08-02 08:00:00,306.66343223442465,304.21498886131906
2007-08-02 09:00:00,307.08773951831694,304.60600983747537
2007-08-02 17:00:00,300.361239863838,300.6224010449896
2007-08-02 18:00:00,299.42996683693815,299.551946537153
2007-08-02 20:00:00,297.87133838436085,299.34106247818164
2007-08-02 21:00:00,297.83020757783913,298.98714619829036
2007-08-03 05:00:00,299.122734504782,299.2695858901014
2007-08-03 06:00:00,300.7103376579579,300.24859235907553
2007-08-03 08:00:00,303.15196923959786,301.98063375182073
2007-08-03 09:00:00,304.75880253443546,302.73633381471797
2007-08-03 17:00:00,298.3738619153415,298.5209118059861
2007-08-03 18:00:00,297.884976614789,298.14344740575194
2007-08-03 20:00:00,297.2194237848644,297.62704249118985
2007-08-03 21:00:00,297.11306076167364,297.48894457236645
2007-08-04 05:00:00,299.0753149376445,298.0676840383944
2007-08-04 06:00:00,300.57652132242964,299.33287419817304
2007-08-04 08:00:00,303.16179122101914,302.2854657518478
2007-08-04 09:00:00,303.7047350020915,303.0214088334141
2007-08-04 17:00:00,298.41949639224856,299.5064669757485
2007-08-04 18:00:00,298.2224766006822,299.10659256334117
2007-08-04 20:00:00,297.05875816403994,296.9118753677157
2007-08-04 21:00:00,296.84877766519554,296.58883213225425
2007-08-05 05:00:00,299.46958765814594,298.2561492449697
2007-08-05 06:00:00,300.45238566582304,299.44168979544855
2007-08-05 08:00:00,305.68939178419777,302.91018037252326
2007-08-05 09:00:00,305.79636494734984,303.23892338874714
2007-08-05 17:00:00,298.4599652635666,298.9412666873315
2007-08-05 18:00:00,298.0888262544465,298.3749009001604
2007-08-05 20:00:00,297.62562638622217,297.92688540795183
2007-08-05 21:00:00,297.419200127224,297.85786856488204
2007-08-06 05:00:00,301.8626000355866,299.8855031723234
2007-08-06 06:00:00,304.8296250165519,301.3721111279974
2007-08-06 08:00:00,309.1132946984242,304.16458976287134
2007-08-06 09:00:00,307.8683981873405,302.9500132415254
2007-08-06 17:00:00,298.19512753714395,298.5246646216911
2007-08-06 18:00:00,297.90181512347726,298.18057018215376
2007-08-06 20:00:00,298.075532792713,298.19584190239345
2007-08-06 21:00:00,297.9819472302641,298.03437852198243
2007-08-07 05:00:00,303.9614312358557,302.036677121014
2007-08-07 06:00:00,305.4962370274431,302.8415245914312
2007-08-07 08:00:00,309.06322983563956,305.3487557762393
2007-08-07 09:00:00,309.3382717420581,305.69847139849315
2007-08-07 17:00:00,298.0146380455358,297.9924774405034
2007-08-07 18:00:00,297.6484367241294,298.1327134001604
2007-08-07 20:00:00,297.81900536958904,299.29223564629933
2007-08-07 21:00:00,297.83647691817794,299.27131333079285
2007-08-08 05:00:00,301.4721230622984,301.13577475055524
2007-08-08 06:00:00,301.6756943760006,301.7487472745781
2007-08-08 08:00:00,304.510721238993,303.1316372675962
2007-08-08 09:00:00,305.04446044357604,302.931164546079
2007-08-08 17:00:00,299.7211292895771,300.4263479176949
2007-08-08 18:00:00,299.3772821411697,299.9620487113212
2007-08-08 20:00:00,299.1765815723108,299.776108705024
2007-08-08 21:00:00,298.8616006907036,299.343135322371
2007-08-09 05:00:00,299.87350207594767,299.8524193668219
2007-08-09 06:00:00,300.723569355687,300.1368120190543
2007-08-09 08:00:00,302.02016833383243,300.734576538274
2007-08-09 09:00:00,302.6028731100732,300.94070881283704
2007-08-09 17:00:00,298.31186815917215,298.7340375432983
2007-08-09 18:00:00,298.15252685546875,298.49600490105723
2007-08-09 20:00:00,297.7444368665134,298.20251008725864
2007-08-09 21:00:00,297.60750362355094,297.96207925241055
2007-08-10 05:00:00,301.8686541306036,300.6879989083265
2007-08-10 06:00:00,302.50329926054354,301.23134414367206
2007-08-10 08:00:00,305.12415763960786,302.6712251730803
2007-08-10 09:00:00,305.59036431217055,302.87142361257406
2007-08-10 17:00:00,298.55947165937386,299.37140908263314
2007-08-10 18:00:00,298.29786021463315,299.10211694185466
2007-08-10 20:00:00,297.98715477988975,298.78281509563993
2007-08-10 21:00:00,297.6622159514111,298.3715056432598
2007-08-11 05:00:00,302.573861026617,301.12221817463313
2007-08-11 06:00:00,302.8430302977011,301.42453593061595
2007-08-11 08:00:00,304.83066771614534,302.70218723103153
2007-08-11 09:00:00,305.278560691328,303.11985320339585
2007-08-11 17:00:00,298.2205526296089,298.3988756082826
2007-08-11 18:00:00,297.99526258095386,298.29587466764525
2007-08-11 20:00:00,298.21969183641147,298.52453218292567
2007-08-11 21:00:00,298.34902227604516,298.5785265953405
2007-08-12 05:00:00,300.6507252838652,300.0680577023922
2007-08-12 06:00:00,301.5120682444521,300.68130368554534
2007-08-12 08:00:00,303.13157371673816,302.26169274657826
2007-08-12 09:00:00,303.0806163911276,302.4274302102017
2007-08-12 17:00:00,299.1606953625319,299.61653040810984
2007-08-12 18:00:00,299.0928004048822,299.48166591838253
2007-08-12 20:00:00,298.6889848047853,298.691009686063
2007-08-12 21:00:00,298.35851220834786,298.2858495962088
2007-08-13 05:00:00,301.68685569821963,300.50635929430945
2007-08-13 06:00:00,302.6797522969533,301.255458132328
2007-08-13 08:00:00,304.610043871017,302.9744539422504
2007-08-13 09:00:00,304.90693996059144,303.39480303983294
2007-08-13 17:00:00,298.858632915009,299.4970901089567
2007-08-13 18:00:00,298.606382067288,299.1949042509811
2007-08-13 20:00:00,298.45778438526975,298.9383891242311
2007-08-13 21:00:00,298.4741877480905,298.76729514382106
2007-08-14 05:00:00,299.4401820672128,299.0027542937151
2007-08-14 06:00:00,301.0531787137588,300.3961496456011
2007-08-14 08:00:00,302.96333270668066,301.61836395498784
2007-08-14 09:00:00,302.57883080716124,301.4882050265884
2007-08-14 17:00:00,298.88610823385886,299.3675469397029
2007-08-14 18:00:00,298.614456294314,298.99185371105034
2007-08-14 20:00:00,298.270372575898,298.48103090353845
2007-08-14 21:00:00,298.04008944706857,298.13999172498706
2007-08-15 05:00:00,301.48622498122864,300.17566164836677
2007-08-15 06:00:00,302.8469225820298,301.1180051735994
2007-08-15 08:00:00,304.0668733711419,302.32673188901646
2007-08-15 09:00:00,303.72237599612384,302.3267342166284
2007-08-15 17:00:00,298.333619128023,298.99401883682225
2007-08-15 18:00:00,298.033855208998,298.68804564865417
2007-08-15 20:00:00,297.6007766841189,298.2226459285695
2007-08-15 21:00:00,297.3285753106116,297.79717015999677
2007-08-16 05:00:00,301.725575968738,300.0930036359649
2007-08-16 06:00:00,303.56875231820743,301.45433046784717
2007-08-16 08:00:00,305.31517792923614,302.85314064437324
2007-08-16 09:00:00,305.3017160330421,303.1372406287994
2007-08-16 17:00:00,298.19437513072245,298.99729089487136
2007-08-16 18:00:00,297.91402048542983,298.72235067452783
2007-08-16 20:00:00,297.79496513566545,298.52262062578245
2007-08-16 21:00:00,297.49141137074616,298.08362218448303
2007-08-17 05:00:00,302.95658378424747,300.488652492341
2007-08-17 06:00:00,304.6159433796887,301.6857449101006
2007-08-17 08:00:00,305.65328276506375,303.03027534190977
2007-08-17 09:00:00,305.511379835602,303.30700133430935
2007-08-17 17:00:00,298.2223177823153,299.0570307938821
2007-08-17 18:00:00,297.71635822595914,298.5823439963977
2007-08-17 20:00:00,297.4095569487162,298.2154969860482
2007-08-17 21:00:00,297.1206871937897,297.7810532345059
2007-08-18 05:00:00,302.8832387351108,300.27519374194975
2007-08-18 06:00:00,305.04781603702963,301.7257229609556
2007-08-18 08:00:00,307.7895568236364,303.7192608050095
2007-08-18 09:00:00,307.9677932104455,304.1400257927611
2007-08-18 17:00:00,297.4650537052948,298.3067358689977
2007-08-18 18:00:00,297.0525046937822,297.9597314913945
2007-08-18 20:00:00,296.7377157108442,297.7298371442845
2007-08-18 21:00:00,296.58405864697943,297.4663663373339
2007-08-19 05:00:00,302.77939451714326,300.0833406610004
2007-08-19 06:00:00,305.0670075497385,301.63651932773683
2007-08-19 08:00:00,308.2523727299436,303.7815105984869
2007-08-19 09:00:00,308.53526056933293,304.3626139542355
2007-08-19 17:00:00,298.6381416732247,299.36352405048484
2007-08-19 18:00:00,298.19546917884486,298.9389442949339
2007-08-19 20:00:00,297.8896153807089,298.5965841613676
2007-08-19 21:00:00,297.8664143801838,298.45540509569264
2007-08-20 05:00:00,298.8268176344767,298.4003892613486
2007-08-20 06:00:00,299.06789907211515,298.6401393990304
2007-08-20 08:00:00,298.933093360466,298.85085300157544
2007-08-20 09:00:00,299.2074658080866,299.2922969400791
2007-08-20 17:00:00,296.65937370218,297.23714396472343
2007-08-20 18:00:00,296.4916847358316,297.0028637620077
2007-08-20 20:00:00,296.4884899827108,296.9847220022616
2007-08-20 21:00:00,296.4861143373745,296.9113282378539
2007-08-21 05:00:00,301.6140315168995,299.8812404685469
2007-08-21 06:00:00,302.5022106435156,300.333707389185
2007-08-21 08:00:00,304.98520236022665,302.26330578161867
2007-08-21 09:00:00,304.97500161287047,302.56979593473886
2007-08-21 17:00:00,297.0736177323963,297.52725339633844
2007-08-21 18:00:00,296.9063508866932,297.2613841616685
2007-08-21 20:00:00,296.9913742700233,297.462950414061
2007-08-21 21:00:00,296.9064752611063,297.1608016097858
2007-08-22 05:00:00,297.26014502573827,297.32121695355386
2007-08-22 06:00:00,297.36033703255913,297.32579560125555
2007-08-22 08:00:00,296.840665044329,296.6439170661068
2007-08-22 09:00:00,297.4453174608698,296.96608067587454
2007-08-22 17:00:00,296.98329503510513,297.4247622262164
2007-08-22 18:00:00,296.8578893488104,297.2559842666602
2007-08-22 20:00:00,296.5542350968889,296.93516187858876
2007-08-22 21:00:00,296.35779165964465,296.7656757137257
2007-08-23 05:00:00,300.39818066331014,299.946977965086
2007-08-23 06:00:00,301.4946222290604,300.61035986196464
2007-08-23 08:00:00,304.49765799923557,302.6271923988002
2007-08-23 09:00:00,304.72715625263334,302.9812398478504
2007-08-23 17:00:00,297.7956608329973,298.6468924829515
2007-08-23 18:00:00,297.61872381789294,298.4616508307553
2007-08-23 20:00:00,297.3227098697139,298.28771563560827
2007-08-23 21:00:00,296.9566679309439,297.8305695332438
2007-08-24 05:00:00,303.6007513860341,301.4046106323807
2007-08-24 06:00:00,304.9598104185978,302.2080532126875
2007-08-24 08:00:00,306.82797361118224,303.9826333820361
2007-08-24 09:00:00,306.5078035187097,304.2522155103404
2007-08-24 17:00:00,297.928586280952,299.14138337827427
2007-08-24 18:00:00,297.5971142455866,298.73675144471815
2007-08-24 20:00:00,297.53600587536266,298.61796598037694
2007-08-24 21:00:00,297.2607666626917,298.24344781954966
2007-08-25 05:00:00,304.92597991990385,302.2534640742744
2007-08-25 06:00:00,306.6524527245567,303.26478785910115
2007-08-25 08:00:00,309.1311751073241,304.5503277888834
2007-08-25 09:00:00,309.35423208274904,304.8015012109225
2007-08-25 17:00:00,299.01849424012454,300.1065857215729
2007-08-25 18:00:00,298.59708690202484,299.68849628842304
2007-08-25 20:00:00,298.16443346020617,299.3515364965783
2007-08-25 21:00:00,297.8624399946357,298.92317999088897
2007-08-26 05:00:00,305.75322430673845,303.1837669572404
2007-08-26 06:00:00,306.90576865456325,303.83821225864307
2007-08-26 08:00:00,309.56076520029313,305.7359968987746
2007-08-26 09:00:00,309.88975517848974,306.02057822863753
2007-08-26 17:00:00,299.8406182334677,300.8841093089805
2007-08-26 18:00:00,299.2963628313391,300.35784947376226
2007-08-26 20:00:00,298.75786594102857,299.69550319959643
2007-08-26 21:00:00,298.3951539684701,299.2746136023194
2007-08-27 05:00:00,305.9784746214127,303.5757811653596
2007-08-27 06:00:00,307.86919872125236,304.70461509481237
2007-08-27 08:00:00,310.2699523831737,306.15210725052515
2007-08-27 09:00:00,310.42213383514456,306.5416489940579
2007-08-27 17:00:00,300.1541823282815,300.9778204684265
2007-08-27 18:00:00,299.9372720115909,300.692163076533
2007-08-27 20:00:00,299.0740535836007,299.60260371838586
2007-08-27 21:00:00,298.89856098098636,299.3763125379941
2007-08-28 05:00:00,304.74386326300527,302.8276703633219
2007-08-28 06:00:00,306.68999872663176,303.6835011862827
2007-08-28 08:00:00,308.39565635645886,304.47334922002904
2007-08-28 09:00:00,308.88045154918325,304.9299646974161
2007-08-28 17:00:00,298.265701975771,298.1707772135918
2007-08-28 18:00:00,297.96903552039197,298.1125514613829
2007-08-28 20:00:00,297.55181412189876,297.7404835470285
2007-08-28 21:00:00,297.3954209855231,297.59304889508496
2007-08-29 05:00:00,301.32148714462306,299.37829660377446
2007-08-29 06:00:00,302.0073434274259,299.73158732033664
2007-08-29 08:00:00,306.7040112793721,303.69660331361655
2007-08-29 09:00:00,306.84332117865375,303.6952819824219
2007-08-29 17:00:00,298.2284308905227,298.4910084587767
2007-08-29 18:00:00,297.96116798059967,298.2093321061098
2007-08-29 20:00:00,297.1174938278316,297.4002132562717
2007-08-29 21:00:00,296.94788587479087,297.27090651595904
2007-08-30 05:00:00,302.93191058095687,300.7602954035731
2007-08-30 06:00:00,304.26146560457346,301.42535407443995
2007-08-30 08:00:00,308.3752405198954,303.6635010282872
2007-08-30 09:00:00,309.3306004975353,304.11174780047725
2007-08-30 17:00:00,298.8010305630959,299.3524451116201
2007-08-30 18:00:00,298.64346743732096,299.1277136898188
2007-08-30 20:00:00,298.3395908396858,298.86260088199094
2007-08-30 21:00:00,298.1236515603558,298.63488440374016
2007-08-31 05:00:00,303.0455422188358,301.11621042025297
2007-08-31 06:00:00,304.1210552386033,302.0563574087087
2007-08-31 08:00:00,306.77332365861844,303.8347597283832
2007-08-31 09:00:00,306.7238423445927,303.67210178933635
2007-08-31 17:00:00,298.2354896674722,298.84309843324917
2007-08-31 18:00:00,298.260144390935,298.87181053690625
2007-08-31 20:00:00,298.14436551933113,299.01868700870926
2007-08-31 21:00:00,297.6640903137866,298.5178671250542
2007-09-01 05:00:00,303.95703661056075,301.76812067017164
2007-09-01 06:00:00,304.9410517476557,302.4678705623962
2007-09-01 08:00:00,308.2436147022688,303.72675425760184
2007-09-01 09:00:00,308.0510163623122,303.8462360540781
2007-09-01 17:00:00,298.38133202128125,298.9805303494258
2007-09-01 18:00:00,298.05226845293095,298.6119977718877
2007-09-01 20:00:00,297.7575243933726,298.3202586122581
2007-09-01 21:00:00,297.59450917765616,298.12300636514857
2007-09-02 05:00:00,301.0271901981489,299.57131664117423
2007-09-02 06:00:00,302.9310285806289,300.94868615007914
2007-09-02 08:00:00,306.2805156266928,303.47319508039715
2007-09-02 09:00:00,307.61847568035864,304.12299437442067
2007-09-02 17:00:00,298.81221008300787,299.49233881828417
2007-09-02 18:00:00,298.740219022166,299.4590108251351
2007-09-02 20:00:00,298.22934239744586,298.7514338089248
2007-09-02 21:00:00,297.7513736907066,298.1427689891751
2007-09-03 05:00:00,301.32978402300864,300.50042115668487
2007-09-03 06:00:00,304.34010387826225,301.4774345785885
2007-09-03 08:00:00,308.0798689925983,305.14911575199835
2007-09-03 09:00:00,307.9418557612297,305.4573138314881
2007-09-03 17:00:00,299.23320082560156,299.86559839939304
2007-09-03 18:00:00,298.8280985498649,299.4284302369104
2007-09-03 20:00:00,297.89562116014577,298.12310555903315
2007-09-03 21:00:00,297.5783701280967,297.716609067285
2007-09-04 05:00:00,299.96944612053403,299.275682658003
2007-09-04 06:00:00,303.1981711600705,301.0427594530197
2007-09-04 08:00:00,306.5349931996115,303.98950827764617
2007-09-04 09:00:00,306.5528542352568,304.06707450972505
2007-09-04 17:00:00,298.8720992548256,299.30838125549224
2007-09-04 18:00:00,298.64447101422564,299.0711100714967
2007-09-04 20:00:00,298.37318735460656,298.8331018339137
2007-09-04 21:00:00,298.1014814097635,298.4854931941569
2007-09-05 05:00:00,301.4286875908474,301.2985276984875
2007-09-05 06:00:00,303.2507684410813,302.08839527006694
2007-09-05 08:00:00,306.598725141105,303.6640416455379
2007-09-05 09:00:00,306.92961767164326,303.91097077309445
2007-09-05 17:00:00,299.0859413793532,299.9649047851563
2007-09-05 18:00:00,298.82439614223955,299.620145048309
2007-09-05 20:00:00,298.26752543633086,298.8162070393379
2007-09-05 21:00:00,297.93314917612884,298.35969637501955
2007-09-06 05:00:00,301.3869281880477,300.9390093269995
2007-09-06 06:00:00,304.1930708216592,302.111404489479
2007-09-06 08:00:00,307.68100499886395,303.9786149599519
2007-09-06 09:00:00,307.37076487489765,304.1140889783486
2007-09-06 17:00:00,297.8430573826395,298.70397107516675
2007-09-06 18:00:00,297.7043451623667,298.57214766915297
2007-09-06 20:00:00,296.690391552283,297.00120067155603
2007-09-06 21:00:00,296.47756384333775,296.8882967533059
2007-09-07 05:00:00,302.5859236283736,300.6170642776372
2007-09-07 06:00:00,303.90090709621626,301.4409335331851
2007-09-07 08:00:00,304.6670058240141,301.8134955830861
2007-09-07 09:00:00,305.4791185705247,302.36339553809495
2007-09-07 17:00:00,296.6625054216899,297.8163728875629
2007-09-07 18:00:00,296.2405209769086,297.32792372034953
2007-09-07 20:00:00,295.6406738563385,296.8574711075182
2007-09-07 21:00:00,295.33577527250463,296.4830732301497
2007-09-08 05:00:00,303.079003544177,301.3813310338095
2007-09-08 06:00:00,304.7031175704509,302.2771348291994
2007-09-08 08:00:00,307.2254292821664,303.60619308401147
2007-09-08 09:00:00,307.3175406904176,303.79473049357784
2007-09-08 17:00:00,297.24246700151673,298.3267469362044
2007-09-08 18:00:00,296.8796056150839,297.9558276395401
2007-09-08 20:00:00,296.53476927864534,297.67124130178496
2007-09-08 21:00:00,296.11927694311856,297.13263844635526
2007-09-09 05:00:00,303.1202849871572,301.3104946800667
2007-09-09 06:00:00,304.2052065198337,301.85437698246704
2007-09-09 08:00:00,306.5727097521578,303.3455700279201
2007-09-09 09:00:00,306.63249091337934,303.3884774371178
2007-09-09 17:00:00,297.80291480018843,298.7891456122024
2007-09-09 18:00:00,297.6670619218118,298.5666057427969
2007-09-09 20:00:00,297.39156577840606,298.22948146637856
2007-09-09 21:00:00,297.1641078296538,297.9007238967026
2007-09-10 05:00:00,302.67405484380265,300.69750598031675
2007-09-10 06:00:00,303.97938786816707,301.6949940403731
2007-09-10 08:00:00,306.7592265594905,303.7121254049575
2007-09-10 09:00:00,306.61068513984856,303.8322756727598
2007-09-10 17:00:00,297.91072761994116,298.87687725425684
2007-09-10 18:00:00,297.65727090468204,298.5638282670078
2007-09-10 20:00:00,296.8172600133393,297.76524400049806
2007-09-10 21:00:00,296.4686770681608,297.3365580319257
2007-09-11 05:00:00,303.3878608785903,301.12344468503227
2007-09-11 06:00:00,304.6337613192472,302.0692051445207
2007-09-11 08:00:00,307.9146161894953,304.07818525928565
2007-09-11 09:00:00,307.7381272279243,304.2720821950763
2007-09-11 17:00:00,297.47620369510037,298.67928522283387
2007-09-11 18:00:00,297.2370338851388,298.32140821741984
2007-09-11 20:00:00,296.62270974745553,297.53021696352266
2007-09-11 21:00:00,296.20250738346704,297.04211374056547
2007-09-12 05:00:00,303.6704856508135,301.4409976718238
2007-09-12 06:00:00,305.5420805662182,302.58163416881587
2007-09-12 08:00:00,307.9079802620393,304.35829557586345
2007-09-12 09:00:00,307.6668384005366,304.53178504508895
2007-09-12 17:00:00,297.5538586585658,298.71338076363725
2007-09-12 18:00:00,297.15304833457725,298.22099755614863
2007-09-12 20:00:00,296.56799793684246,297.60257470552654
2007-09-12 21:00:00,296.163977694989,297.1843185307248
2007-09-13 05:00:00,303.36523794870715,301.2343389807937
2007-09-13 06:00:00,305.42287798912395,302.5526646641994
2007-09-13 08:00:00,307.7466169219171,304.26279911458585
2007-09-13 09:00:00,308.0453596776366,304.6339353023582
2007-09-13 17:00:00,297.43722139191004,298.58965514290315
2007-09-13 18:00:00,296.99571256240824,298.0227631273549
2007-09-13 20:00:00,296.55739032763,297.57519209146136
2007-09-13 21:00:00,296.04255356516785,297.37299559700466
2007-09-14 05:00:00,303.13461395404744,301.1275276689573
2007-09-14 06:00:00,305.1136731116908,302.39681073440056
2007-09-14 08:00:00,308.11748237786196,304.4692537046177
2007-09-14 09:00:00,307.92184598714067,304.6659109529986
2007-09-14 17:00:00,297.83552473682465,299.12239606060854
2007-09-14 18:00:00,297.55765607507647,298.67345041707046
2007-09-14 20:00:00,297.15305900867617,298.11921912900107
2007-09-14 21:00:00,296.9613267989666,297.93230801480945
2007-09-15 05:00:00,303.50570027449834,301.4419944539827
2007-09-15 06:00:00,304.9870108911546,302.22075005341753
2007-09-15 08:00:00,308.6486506293111,304.7494827764244
2007-09-15 09:00:00,308.6193966623081,304.981518926165
2007-09-15 17:00:00,297.04932870262394,298.1156071925935
2007-09-15 18:00:00,296.6690334090834,297.9665854149864
2007-09-15 20:00:00,296.24887715061936,297.48741660096067
2007-09-15 21:00:00,296.13507296381454,297.21798207616587
2007-09-16 05:00:00,301.4740334203688,300.4162937393541
2007-09-16 06:00:00,303.88206371430806,301.8909907642241
2007-09-16 08:00:00,307.5997372055641,304.0748052141515
2007-09-16 09:00:00,308.58486985499025,304.5309434840786
2007-09-16 17:00:00,296.7088814898522,297.3929688111292
2007-09-16 18:00:00,296.37781142600693,297.13764384641485
2007-09-16 20:00:00,296.2673991810192,297.77127761723267
2007-09-16 21:00:00,296.2335271850022,297.739059424731
2007-09-17 05:00:00,305.0041868330334,302.53517957314136
2007-09-17 06:00:00,307.1055039933356,303.56563077906065
2007-09-17 08:00:00,309.8971475562991,305.22856951274196
2007-09-17 09:00:00,309.6734611381919,305.4528255139367
2007-09-17 17:00:00,298.19360502034385,299.519169670775
2007-09-17 18:00:00,298.0045217740334,299.3416666462903
2007-09-17 20:00:00,297.59808895069943,299.05224717526664
2007-09-17 21:00:00,297.3850497112069,298.73266846079304
2007-09-18 05:00:00,306.02719271385064,303.95520929415903
2007-09-18 06:00:00,308.0969355602294,304.9670999817929
2007-09-18 08:00:00,310.03957725489636,305.8867668539791
2007-09-18 09:00:00,309.9924999172405,306.1900649107476
2007-09-18 17:00:00,298.42553774417826,299.8568968456956
2007-09-18 18:00:00,297.88303150711886,299.3430381739636
2007-09-18 20:00:00,297.36130905739157,299.0570362955102
2007-09-18 21:00:00,297.14916173996653,298.97013017980635
2007-09-19 05:00:00,307.65051036770063,305.7076567192842
2007-09-19 06:00:00,309.79501095905505,306.70228651896093
2007-09-19 08:00:00,312.5249514116896,307.8786812710285
2007-09-19 09:00:00,311.66288461082706,307.90020004295974
2007-09-19 17:00:00,300.34022392660887,301.74956995606976
2007-09-19 18:00:00,299.8365913708515,301.3253461135371
2007-09-19 20:00:00,299.2082927686224,300.75743878897975
2007-09-19 21:00:00,299.0514954271596,300.55360659465583
2007-09-20 05:00:00,308.7166049528196,306.63602204168524
2007-09-20 06:00:00,311.203517496494,307.9457574970734
2007-09-20 08:00:00,312.7894865015439,309.1138612720742
2007-09-20 09:00:00,312.24333275558405,308.67621061210457
2007-09-20 17:00:00,299.6843642130471,300.429959195788
2007-09-20 18:00:00,299.0038816572521,299.7580239129911
2007-09-20 20:00:00,298.23777982597176,299.0349656444485
2007-09-20 21:00:00,297.8621533457046,298.7140482945141
2007-09-21 05:00:00,309.2767911420214,304.566363741694
2007-09-21 06:00:00,311.1331179814273,305.7650931289273
2007-09-21 08:00:00,312.16079128835526,307.0292961461518
2007-09-21 09:00:00,312.29558190579405,307.299144962352
2007-09-21 17:00:00,300.2312338995089,301.3366325390174
2007-09-21 18:00:00,299.90135333938485,300.67666990400653
2007-09-21 20:00:00,298.9060300054095,299.51783510275726
2007-09-21 21:00:00,298.58540609915195,299.12117549855094
2007-09-22 05:00:00,307.41610329838124,304.00082178806485
2007-09-22 06:00:00,309.22364216997,304.9516531499031
2007-09-22 08:00:00,310.321570515449,306.05177530485605
2007-09-22 09:00:00,311.1142401085429,306.628293406247
2007-09-22 17:00:00,299.59140898670734,300.70611901422865
2007-09-22 18:00:00,298.84222322766703,300.05084701091374
2007-09-22 20:00:00,298.47900541096885,299.9726922221838
2007-09-22 21:00:00,298.2615057617564,299.59693130469657
2007-09-23 05:00:00,306.79060615339705,303.8890035009164
2007-09-23 06:00:00,309.0434871961597,305.0568015828889
2007-09-23 08:00:00,311.1883978468979,306.53120405905423
2007-09-23 09:00:00,311.1425027009703,306.9197980178339
2007-09-23 17:00:00,299.48103729859344,300.9914096074038
2007-09-23 18:00:00,299.08331103684907,300.62633579060184
2007-09-23 20:00:00,298.2942374630592,299.730803691
2007-09-23 21:00:00,297.9076787069876,299.16887162830136
2007-09-24 05:00:00,307.4682442734164,303.8720195517518
2007-09-24 06:00:00,309.57220806950596,305.09060156400477
2007-09-24 08:00:00,311.2754953910463,306.3402421713243
2007-09-24 09:00:00,310.98011739816064,306.5048265266124
2007-09-24 17:00:00,298.5135562467649,299.9393699657752
2007-09-24 18:00:00,298.11337127450435,299.5112748109321
2007-09-24 20:00:00,298.311200698829,299.4711652382497
2007-09-24 21:00:00,298.06662281195077,298.9440729643788
2007-09-25 05:00:00,305.79716028527963,303.3150153490722
2007-09-25 06:00:00,309.4979814432435,305.29928351403754
2007-09-25 08:00:00,308.3002209068263,304.36303238361756
2007-09-25 09:00:00,308.4340829011656,304.6810098186663
2007-09-25 17:00:00,298.06228590672856,298.54020648597754
2007-09-25 18:00:00,297.9328615867486,298.3848193011409
2007-09-25 20:00:00,297.0423666038572,297.22976661059084
2007-09-25 21:00:00,296.77565204637995,297.021695670435
2007-09-26 05:00:00,302.52073180399987,300.0409972157059
2007-09-26 06:00:00,307.84421721518686,302.2717858830292
2007-09-26 08:00:00,311.74611079564266,304.4925145647375
2007-09-26 09:00:00,311.3583529197564,304.9507698329461
2007-09-26 17:00:00,296.6005823167704,297.5237961873436
2007-09-26 18:00:00,296.2724775599405,297.1868600007749
2007-09-26 20:00:00,296.25426510192216,298.2040079172661
2007-09-26 21:00:00,296.0400323617991,297.73036744010466
2007-09-27 05:00:00,309.16622529816004,304.321238113662
2007-09-27 06:00:00,311.36124433097194,305.5648920326645
2007-09-27 08:00:00,313.47639926152164,307.3723909821826
2007-09-27 09:00:00,313.0491973688863,307.65150265921426
2007-09-27 17:00:00,297.61366060371574,299.0343852697058
2007-09-27 18:00:00,297.0910161845673,298.45102140312014
2007-09-27 20:00:00,296.59865474847874,297.8405878334457
2007-09-27 21:00:00,296.1666214388949,297.32239867505746
2007-09-28 05:00:00,308.585781926183,304.1660001075874
2007-09-28 06:00:00,311.68007663438794,305.6686622372762
2007-09-28 08:00:00,314.33519720186257,307.1314840213911
2007-09-28 09:00:00,313.29610199773987,307.46393214903185
2007-09-28 17:00:00,297.82472226652783,299.5687523182074
2007-09-28 18:00:00,297.24692064000203,298.90407791490367
2007-09-28 20:00:00,295.5192213484613,297.0386175969716
2007-09-28 21:00:00,294.81051313638324,296.5046282328883
2007-09-29 05:00:00,309.3128016726078,304.7433154983403
2007-09-29 06:00:00,312.2925216839384,306.6962838430067
2007-09-29 08:00:00,313.75391041148794,308.1299592475127
2007-09-29 09:00:00,312.9644187609845,308.4163983878443
2007-09-29 17:00:00,298.25984281237214,299.9531709879683
2007-09-29 18:00:00,297.6221648511608,299.0862976920623
2007-09-29 20:00:00,296.2482324726592,297.9171971113913
2007-09-29 21:00:00,295.6004967358888,297.25596764421977
2007-09-30 05:00:00,309.1776897741944,305.0854437406331
2007-09-30 06:00:00,312.3415678520967,306.492318363513
2007-09-30 08:00:00,315.81134550450207,308.3834542625674
2007-09-30 09:00:00,314.8077761939568,308.6424445812067
2007-09-30 17:00:00,298.1674492928574,300.07355159530283
2007-09-30 18:00:00,297.4408915421261,299.4032485091999
2007-09-30 20:00:00,296.04802448760563,297.9601435492329
2007-09-30 21:00:00,295.24606715879753,297.1103659278623
2007-10-01 05:00:00,310.71279582771575,305.9551052804721
2007-10-01 06:00:00,313.78914768119074,307.3595862013901
2007-10-01 08:00:00,314.8870600155212,308.78724117896223
2007-10-01 09:00:00,314.18291850743935,308.87550758397083
2007-10-01 17:00:00,296.924994940383,298.96298250689165
2007-10-01 18:00:00,295.39885936202177,297.7789422786107
2007-10-01 20:00:00,293.30555558167913,299.48094290100005
2007-10-01 21:00:00,292.48747467370174,299.406937985648
2007-10-02 05:00:00,308.1375559144101,305.23863046231736
2007-10-02 06:00:00,311.3918435871141,307.2088387934563
2007-10-02 08:00:00,313.9826011481381,308.68377069552616
2007-10-02 09:00:00,313.7972926535114,308.9002726926642
2007-10-02 17:00:00,297.3317480807312,299.56553781565236
2007-10-02 18:00:00,296.87306892853485,299.08853431548835
2007-10-02 20:00:00,296.36252919624695,298.67331990622597
2007-10-02 21:00:00,296.17963481133086,298.43325097976003
2007-10-03 05:00:00,307.09665297874136,304.8091861389819
2007-10-03 06:00:00,310.1551762185589,306.7038682605526
2007-10-03 08:00:00,313.2578553609746,308.46422126664226
2007-10-03 09:00:00,313.4332969442171,308.7094057903085
2007-10-03 17:00:00,297.8594318266459,299.72427311737107
2007-10-03 18:00:00,297.23206452779664,299.031858870355
2007-10-03 20:00:00,296.20687050371214,298.0364798617841
2007-10-03 21:00:00,295.5932496574884,297.4528604516263
2007-10-04 05:00:00,307.46579122910697,304.5381926784898
2007-10-04 06:00:00,311.24200060922306,306.6052242096841
2007-10-04 08:00:00,313.6144109176377,307.20862730993144
2007-10-04 09:00:00,313.49058271740176,307.384863032031
2007-10-04 17:00:00,298.6318019637709,300.11571075956704
2007-10-04 18:00:00,297.65857116981357,299.2413510409269
2007-10-04 20:00:00,297.3339509890517,298.68426516023
2007-10-04 21:00:00,297.33748148255427,298.4224854220962
2007-10-05 05:00:00,308.30975170164885,304.9347319287034
2007-10-05 06:00:00,311.8251838860416,306.6959774211302
2007-10-05 08:00:00,315.2863758245859,307.5657800753789
2007-10-05 09:00:00,315.3706073261373,307.87554059373946
2007-10-05 17:00:00,298.71997895556717,300.08294988082633
2007-10-05 18:00:00,297.6796128753521,299.24643388698206
2007-10-05 20:00:00,296.30312101719744,297.7793906142789
2007-10-05 21:00:00,295.91263684947245,297.3373367944374
2007-10-06 05:00:00,309.2714483557938,304.41298084229646
2007-10-06 06:00:00,312.93389892578125,306.01555622964867
2007-10-06 08:00:00,316.25719965624705,307.38170780128985
2007-10-06 09:00:00,315.05945647111844,307.5418796627474
2007-10-06 17:00:00,297.5582288792027,299.19812418463056
2007-10-06 18:00:00,296.52112658108325,298.22137270135397
2007-10-06 20:00:00,295.8267039576738,297.40927638919396
2007-10-06 21:00:00,295.4119839660927,296.8954344809698
2007-10-07 05:00:00,308.7298647229587,304.24097655403597
2007-10-07 06:00:00,312.78795157081356,306.00605947908895
2007-10-07 08:00:00,315.6832327585558,307.27081256507915
2007-10-07 09:00:00,315.30713708815847,307.459389167868
2007-10-07 17:00:00,297.63683774034126,299.37319647696427
2007-10-07 18:00:00,296.79987115375064,298.625259799105
2007-10-07 20:00:00,295.94493977645146,297.8721623119478
2007-10-07 21:00:00,295.3853885785824,297.1622588123857
2007-10-08 05:00:00,307.82675457735456,304.09702826501405
2007-10-08 06:00:00,311.1823885407764,305.7887296044771
2007-10-08 08:00:00,313.96684721254604,307.12635229548613
2007-10-08 09:00:00,313.4823044599113,307.13128062572974
2007-10-08 17:00:00,296.67620186592654,298.4357771910211
2007-10-08 18:00:00,296.1723917063286,297.92070482251086
2007-10-08 20:00:00,295.09311378608317,296.6851325365722
2007-10-08 21:00:00,294.62191440952574,296.2159173903737
2007-10-09 05:00:00,306.77173820225227,303.10873864501576
2007-10-09 06:00:00,310.01659441508576,304.79205752521153
2007-10-09 08:00:00,313.84792338460915,306.1492252908245
2007-10-09 09:00:00,313.7152619207585,306.2515085981513
2007-10-09 17:00:00,296.2135272386078,297.71299574371477
2007-10-09 18:00:00,295.44767081755884,297.01978928576267
2007-10-09 20:00:00,294.2183606069885,295.88617098533507
2007-10-09 21:00:00,293.57965732098364,295.24105228371167
2007-10-10 05:00:00,306.3863215042373,302.3055718984736
2007-10-10 06:00:00,309.81575280235063,304.10095762655436
2007-10-10 08:00:00,313.94244669251526,305.5839072346504
2007-10-10 09:00:00,313.79486142762454,305.79615379298235
2007-10-10 17:00:00,296.48365059545483,297.9858534332417
2007-10-10 18:00:00,295.92182560290325,297.4765107752914
2007-10-10 20:00:00,294.7291058274373,296.4699512358256
2007-10-10 21:00:00,294.14793410102834,295.8644251419326
2007-10-11 05:00:00,307.42901992210074,302.87413669110083
2007-10-11 06:00:00,310.45591376118006,304.30640426659255
2007-10-11 08:00:00,314.9025112205,305.9980765226626
2007-10-11 09:00:00,314.73979283407766,306.2396740788488
2007-10-11 17:00:00,296.1603208521298,297.94622866214695
2007-10-11 18:00:00,295.4017628815215,297.30865525538087
2007-10-11 20:00:00,294.1008020057149,296.1800072292334
2007-10-11 21:00:00,293.38861140411325,295.5799952008875
2007-10-12 05:00:00,309.07280577202613,304.471843701849
2007-10-12 06:00:00,312.39637671707226,305.54985892791046
2007-10-12 08:00:00,315.4180397539183,306.49674494057115
2007-10-12 09:00:00,315.0331485554324,306.66994296457443
2007-10-12 17:00:00,295.27046187155423,297.2095048901481
2007-10-12 18:00:00,294.3883658293032,296.5152517827156
2007-10-12 20:00:00,292.41306583539733,294.34293778100624
2007-10-12 21:00:00,291.26814105440917,293.42352262006153
2007-10-13 05:00:00,311.47063245023895,304.42116340907586
2007-10-13 06:00:00,314.10962560621357,305.53883860254507
2007-10-13 08:00:00,316.28025244197056,306.3629170610284
2007-10-13 09:00:00,315.632179930324,306.5040271447509
2007-10-13 17:00:00,295.04988279181015,296.7123013395007
2007-10-13 18:00:00,293.8430097723963,295.667266728147
2007-10-13 20:00:00,291.42621919370396,297.2191057249284
2007-10-13 21:00:00,290.5376141376231,295.455304773269
2007-10-14 05:00:00,309.9497027992284,303.96576040588286
2007-10-14 06:00:00,313.6792190387179,305.27149486100916
2007-10-14 08:00:00,317.06928291967364,306.23820862380677
2007-10-14 09:00:00,316.7312200043712,306.3202277655227
2007-10-14 17:00:00,292.9393236486497,295.93726683912
2007-10-14 18:00:00,291.98156258652136,294.43251573653725
2007-10-14 20:00:00,290.57554875683894,293.0400668292641
2007-10-14 21:00:00,290.0706519786676,292.7045525314261
2007-10-15 05:00:00,309.01648015050193,303.6194934345357
2007-10-15 06:00:00,313.07352039589904,304.9718201906178
2007-10-15 08:00:00,316.6538803265165,306.0106676333858
2007-10-15 09:00:00,315.8764064888741,306.1644749575293
2007-10-15 17:00:00,294.26922868396537,295.9179286163283
2007-10-15 18:00:00,292.7422783473975,295.11178116291444
2007-10-15 20:00:00,290.5885064311681,293.0257675100365
2007-10-15 21:00:00,289.87091426526086,292.17881523332164
2007-10-16 05:00:00,310.77194352583456,304.1304366665739
2007-10-16 06:00:00,313.71158570464473,305.6179730102352
2007-10-16 08:00:00,315.31967031423045,306.5318706494818
2007-10-16 09:00:00,314.44025170747966,306.5805775270624
2007-10-16 17:00:00,293.2793490934446,295.2873376455439
2007-10-16 18:00:00,292.16679189532124,294.3440597839826
2007-10-16 20:00:00,290.1911510120739,293.2636836306156
2007-10-16 21:00:00,289.2069219462861,293.2185682581827
2007-10-17 05:00:00,309.15609228666096,303.18005359338133
2007-10-17 06:00:00,313.49879295690033,305.02241443228473
2007-10-17 08:00:00,314.9964505799563,306.0789621879213
2007-10-17 09:00:00,314.07685852050787,306.18542264165427
2007-10-17 17:00:00,293.9999711282081,295.801392871169
2007-10-17 18:00:00,292.94860625891545,294.74636687997315
2007-10-17 20:00:00,291.7547299424746,293.60899719802546
2007-10-17 21:00:00,291.18498596755677,293.0947772762258
2007-10-18 05:00:00,308.46982401655345,303.30269268958705
2007-10-18 06:00:00,312.52678455887667,304.7821254171833
2007-10-18 08:00:00,316.32554212667173,306.28884492706624
2007-10-18 09:00:00,315.32568744959195,306.49770821922556
2007-10-18 17:00:00,294.25885127321783,296.05160651772707
2007-10-18 18:00:00,293.26817178358834,295.1742176120564
2007-10-18 20:00:00,291.585382611432,293.47310265774723
2007-10-18 21:00:00,290.53688460762953,292.35946253231384
2007-10-19 05:00:00,310.27406706023845,304.0720964616914
2007-10-19 06:00:00,313.78950293589446,305.63853311171334
2007-10-19 08:00:00,315.49174381955567,306.5235137469229
2007-10-19 09:00:00,314.60259539541005,306.5741290311417
2007-10-19 17:00:00,294.3837475416657,296.39453865603787
2007-10-19 18:00:00,293.51823686267636,295.6265117016339
2007-10-19 20:00:00,292.4493364472235,294.7318453560992
2007-10-19 21:00:00,292.0757561729208,294.4154890439544
2007-10-20 05:00:00,307.1071073182375,303.2167375091412
2007-10-20 06:00:00,310.7923707888564,305.012808378011
2007-10-20 08:00:00,313.81029706816827,306.4646789127579
2007-10-20 09:00:00,313.2319005369589,306.3884852428465
2007-10-20 17:00:00,294.07934198835045,296.001012863841
2007-10-20 18:00:00,293.306119192914,295.3561409125894
2007-10-20 20:00:00,292.10933272680626,294.3188738477616
2007-10-20 21:00:00,291.63400379057475,293.8955402579991
2007-10-21 05:00:00,306.56413995540015,302.83079651067004
2007-10-21 06:00:00,309.9801954789595,304.48538219763435
2007-10-21 08:00:00,313.10703556195983,305.863406423795
2007-10-21 09:00:00,312.8222575136253,305.8979421653806
2007-10-21 17:00:00,294.10622868001553,295.8581752924045
2007-10-21 18:00:00,293.2272018173994,295.0548665850482
2007-10-21 20:00:00,292.08608185895974,293.96380307237246
2007-10-21 21:00:00,291.64742226152464,293.5016360995582
2007-10-22 05:00:00,305.9268175780498,301.7911447957043
2007-10-22 06:00:00,309.5792507882846,303.64530429928254
2007-10-22 08:00:00,313.3582841023826,305.26577695308737
2007-10-22 09:00:00,313.19315691978795,305.36525624044504
2007-10-22 17:00:00,295.00071789193413,296.4727008037832
2007-10-22 18:00:00,294.19135283248266,295.74093030744416
2007-10-22 20:00:00,293.23440192035974,294.98201933921024
2007-10-22 21:00:00,292.8982351623441,294.6539534229343
2007-10-23 05:00:00,307.45795648748225,303.0369545300312
2007-10-23 06:00:00,310.8847407736286,304.53966144861545
2007-10-23 08:00:00,314.9465287595023,305.9336514230502
2007-10-23 09:00:00,314.78964771805636,306.1681106637917
2007-10-23 17:00:00,294.86626285029854,296.2100569103459
2007-10-23 18:00:00,293.55971039241564,295.1861067479491
2007-10-23 20:00:00,292.05954226360114,293.8018780489365
2007-10-23 21:00:00,291.5007846403196,293.3601108545148
2007-10-24 05:00:00,308.02024843659717,302.98298019620785
2007-10-24 06:00:00,311.9068513937834,304.5599508417774
2007-10-24 08:00:00,316.1092160875882,305.70415246431554
2007-10-24 09:00:00,315.9514774974947,305.90030259895036
2007-10-24 17:00:00,293.73611097526845,296.6690768343275
2007-10-24 18:00:00,292.64338735806746,296.0562602132789
2007-10-24 20:00:00,290.7188913965446,294.34440584579494
2007-10-24 21:00:00,289.99828480866,293.4102551147273
2007-10-25 05:00:00,308.41402779742276,303.42559906146926
2007-10-25 06:00:00,312.1610455152985,304.72954036201276
2007-10-25 08:00:00,316.3198649637137,306.03234715160494
2007-10-25 09:00:00,315.6895931578931,306.2720789270152
2007-10-25 17:00:00,294.9857213001222,296.3156448857994
2007-10-25 18:00:00,294.21311421680895,295.67037359628546
2007-10-25 20:00:00,292.3945117827006,294.1146100107437
2007-10-25 21:00:00,291.57903702417036,293.4834356792902
2007-10-26 05:00:00,308.60547114814557,303.4254349295642
2007-10-26 06:00:00,312.05629961810234,304.77106502867997
2007-10-26 08:00:00,316.5444610078456,306.3278939081083
2007-10-26 09:00:00,316.0577516717426,306.5937615675258
2007-10-26 17:00:00,293.1113909940323,295.47670319120766
2007-10-26 18:00:00,292.1188797443784,294.12760492686317
2007-10-26 20:00:00,290.7856967026721,293.0094082777967
2007-10-26 21:00:00,290.26159430505317,292.6304428030053
2007-10-27 05:00:00,311.2421829858436,304.5718052986039
2007-10-27 06:00:00,314.76639297085666,305.7464683544471
2007-10-27 08:00:00,316.63813981583746,307.21702201855015
2007-10-27 09:00:00,315.48462993228014,307.2583900533949
2007-10-27 17:00:00,294.74549839860305,296.299137744404
2007-10-27 18:00:00,293.5719769776143,295.1716146836479
2007-10-27 20:00:00,291.5203113996744,293.7129691525123
2007-10-27 21:00:00,290.8032489888289,293.14573161591
2007-10-28 05:00:00,309.669712813132,303.9109802951431
2007-10-28 06:00:00,313.317052338634,305.0775904721582
2007-10-28 08:00:00,316.07890181107956,306.4032873732651
2007-10-28 09:00:00,315.1324790402076,306.51576451564614
2007-10-28 17:00:00,294.3093170495173,296.30456552373244
2007-10-28 18:00:00,293.22674198473914,295.3771783861063
2007-10-28 20:00:00,291.485866787621,293.721062870349
2007-10-28 21:00:00,290.68440129025873,292.96696547403906
2007-10-29 05:00:00,308.0377298128807,303.43196980574834
2007-10-29 06:00:00,311.32864081290177,304.5536421436375
2007-10-29 08:00:00,314.96867723273937,305.77900557084513
2007-10-29 09:00:00,314.6919549551142,305.99062019430437
2007-10-29 17:00:00,293.4519537645055,294.9993415444584
2007-10-29 18:00:00,292.2063250901703,293.7426047773317
2007-10-29 20:00:00,290.3278426066018,292.2137787147369
2007-10-29 21:00:00,289.92996401559043,291.8583605844177
2007-10-30 05:00:00,306.4876999583193,302.12353534433987
2007-10-30 06:00:00,309.5489828289014,303.5199908475479
2007-10-30 08:00:00,312.58106660769425,305.2376694642524
2007-10-30 09:00:00,312.30559583290704,305.4716653691601
2007-10-30 17:00:00,292.96893416347416,294.4202949041945
2007-10-30 18:00:00,291.98607072404064,293.520028277428
2007-10-30 20:00:00,290.628750370537,292.4094873554718
2007-10-30 21:00:00,289.9700922326792,291.77168335054984
2007-10-31 05:00:00,306.1318910948485,301.17627503287815
2007-10-31 06:00:00,308.8944435060851,302.43322161423225
2007-10-31 08:00:00,311.90783524476507,304.1467832967938
2007-10-31 09:00:00,311.7356277959556,304.476427663089
2007-10-31 17:00:00,292.32241294637487,294.03792836522837
2007-10-31 18:00:00,291.3813890595282,293.2415764195893
2007-10-31 20:00:00,289.8242060774464,291.86827157936034
2007-10-31 21:00:00,289.0182387670861,291.1269867695719
2007-11-01 05:00:00,305.89987984350176,301.4028882936263
2007-11-01 06:00:00,308.7404754121425,302.68617873933914
2007-11-01 08:00:00,312.20786984859524,304.2845092209168
2007-11-01 09:00:00,312.21199780950565,304.60055638388235
2007-11-01 17:00:00,291.98361323610845,293.8052703669332
2007-11-01 18:00:00,290.9622802029038,292.9142251506976
2007-11-01 20:00:00,288.8029910941337,290.83750922580714
2007-11-01 21:00:00,287.7956644772381,290.2088617874404
2007-11-02 05:00:00,306.2774953269077,301.36682540352797
2007-11-02 06:00:00,309.5839948610091,302.6403952247373
2007-11-02 08:00:00,313.1267492591141,304.12601434504853
2007-11-02 09:00:00,313.1107071228498,304.4397105964931
2007-11-02 17:00:00,290.8714143021265,292.9190189966987
2007-11-02 18:00:00,289.92960032035467,292.1135882596573
2007-11-02 20:00:00,288.1809960175736,290.4240888645543
2007-11-02 21:00:00,287.3512266185508,289.6575933847295
2007-11-03 05:00:00,306.3268183868361,301.75976567202247
2007-11-03 06:00:00,309.52185909700324,302.95322442899686
2007-11-03 08:00:00,312.77358964117724,304.2683295439498
2007-11-03 09:00:00,312.6819984894505,304.5086641708398
2007-11-03 17:00:00,292.19523199754434,293.80011846839193
2007-11-03 18:00:00,291.36562073506263,293.1214068960887
2007-11-03 20:00:00,290.1365906373011,292.1544751371551
2007-11-03 21:00:00,289.4689357857491,291.5879040028906
2007-11-04 05:00:00,305.77123198193283,301.6510912361791
2007-11-04 06:00:00,309.5068404751676,303.40720608421765
2007-11-04 08:00:00,313.72370668478857,304.70789324227025
2007-11-04 09:00:00,313.83656576712076,304.94247500003763
2007-11-04 17:00:00,293.31966403673175,294.7610996757707
2007-11-04 18:00:00,292.34957702354586,293.9739945563036
2007-11-04 20:00:00,290.45771925915926,292.395569435437
2007-11-04 21:00:00,289.70117408505575,291.79528110310184
2007-11-05 05:00:00,307.6175623160481,302.2794127148362
2007-11-05 06:00:00,311.608593463163,303.7210673139716
2007-11-05 08:00:00,315.4973168982931,305.1830897162251
2007-11-05 09:00:00,314.9432426887594,305.44705063830173
2007-11-05 17:00:00,293.89515707195267,295.67932493330335
2007-11-05 18:00:00,292.5738536440904,294.6644245024271
2007-11-05 20:00:00,290.46172157605,292.89251283431093
2007-11-05 21:00:00,289.66969068906343,292.2339531850007
2007-11-06 05:00:00,309.3957891714041,303.235643078256
2007-11-06 06:00:00,313.10414897054665,304.6968897744577
2007-11-06 08:00:00,316.1904024614943,306.08932716122763
2007-11-06 09:00:00,315.61006030536765,306.2668516514665
2007-11-06 17:00:00,291.96566125902086,297.4634362736542
2007-11-06 18:00:00,290.9401418630074,296.8108164782884
2007-11-06 20:00:00,289.6309425812473,293.29262402832785
2007-11-06 21:00:00,289.1307562077174,292.6278349372382
2007-11-07 05:00:00,309.1643597289851,303.59151662112384
2007-11-07 06:00:00,312.7444209729211,304.9057462013374
2007-11-07 08:00:00,315.9154228833497,306.2972301371476
2007-11-07 09:00:00,315.43067767550286,306.44703206442904
2007-11-07 17:00:00,292.827295171094,294.82186238387334
2007-11-07 18:00:00,292.06507887641897,293.8817162653331
2007-11-07 20:00:00,291.06888816610143,292.90029140760424
2007-11-07 21:00:00,290.61571731920054,292.40285384967257
2007-11-08 05:00:00,307.65325201237334,303.0716826875331
2007-11-08 06:00:00,310.7883467240767,304.5697483950293
2007-11-08 08:00:00,313.970406718908,305.82317901282175
2007-11-08 09:00:00,313.3487472416624,306.03468696582485
2007-11-08 17:00:00,294.1831281335769,298.20195682096556
2007-11-08 18:00:00,293.0717104778084,296.2709575353308
2007-11-08 20:00:00,290.92739809385984,293.27470501398636
2007-11-08 21:00:00,290.2781013759149,291.9893772260434
2007-11-09 05:00:00,307.78600601643006,302.30690693671596
2007-11-09 06:00:00,311.8651865531557,304.26993877017077
2007-11-09 08:00:00,315.1066117485058,305.55834674100475
2007-11-09 09:00:00,313.8443949600949,305.5463811465882
2007-11-09 17:00:00,291.8972143752182,293.9854291260518
2007-11-09 18:00:00,290.6724151940486,293.0134919200362
2007-11-09 20:00:00,289.5359856086813,291.84689147667086
2007-11-09 21:00:00,288.8151446373327,292.4585516507894
2007-11-10 05:00:00,305.35947906070936,300.1624499351842
2007-11-10 06:00:00,310.0132397620814,302.32970796417567
2007-11-10 08:00:00,314.884947531396,304.66869148524773
2007-11-10 09:00:00,314.24197589891907,305.0030315146424
2007-11-10 17:00:00,292.74239258846995,294.1988002735955
2007-11-10 18:00:00,291.5900639091691,293.4122597763461
2007-11-10 20:00:00,290.7574790402076,292.55313340761626
2007-11-10 21:00:00,290.56937172159394,292.31973398264455
2007-11-11 05:00:00,305.4472823414854,300.5040442844385
2007-11-11 06:00:00,309.96545309057956,302.6414002593383
2007-11-11 08:00:00,314.56360444008664,304.5342312006076
2007-11-11 09:00:00,313.8575621194942,304.68633852166647
2007-11-11 17:00:00,292.9883766350651,294.35117226058424
2007-11-11 18:00:00,291.53580163329707,294.3743217950242
2007-11-11 20:00:00,289.57739737441614,295.1218501533308
2007-11-11 21:00:00,288.93882871372125,294.48835173667123
2007-11-12 05:00:00,307.64370896819923,301.6517088762233
2007-11-12 06:00:00,311.39529795125014,303.2002775077643
2007-11-12 08:00:00,313.9758715754481,304.6224236392828
2007-11-12 09:00:00,312.9422444724155,304.6009356435532
2007-11-12 17:00:00,292.87816164930723,294.8105432777816
2007-11-12 18:00:00,291.72045896086377,293.86576551722453
2007-11-12 20:00:00,289.76720307383954,292.2420551317682
2007-11-12 21:00:00,289.0147423178463,291.50271517102635
2007-11-13 05:00:00,308.23244512760766,301.9690535770176
2007-11-13 06:00:00,311.2701792665549,303.14652570774444
2007-11-13 08:00:00,312.7128885325005,304.00374348174626
2007-11-13 09:00:00,311.7590899592372,303.9588434251689
2007-11-13 17:00:00,292.2600213096395,294.19605007083464
2007-11-13 18:00:00,290.9682792346173,293.372272250465
2007-11-13 20:00:00,289.0532270763615,292.5262324681451
2007-11-13 21:00:00,288.3445683319139,291.73406241818094
2007-11-14 05:00:00,307.1116288101361,300.91697457758784
2007-11-14 06:00:00,310.75277601809273,302.33955700702404
2007-11-14 08:00:00,313.66081273059814,303.68718983983774
2007-11-14 09:00:00,312.8254502682914,303.8216698033784
2007-11-14 17:00:00,292.43392340097296,293.8887236467312
2007-11-14 18:00:00,291.3457988392223,293.00487260862565
2007-11-14 20:00:00,289.32041080045775,291.3224330955
2007-11-14 21:00:00,288.4987974240343,290.60306933480894
2007-11-15 05:00:00,305.24665317623567,300.56795538151397
2007-11-15 06:00:00,309.16465691094777,302.1474257882094
2007-11-15 08:00:00,313.7906845868645,303.5425850937289
2007-11-15 09:00:00,313.33977824770983,303.7015434700095
2007-11-15 17:00:00,292.11415934746367,293.6230507308419
2007-11-15 18:00:00,290.8514619424641,292.6623205999013
2007-11-15 20:00:00,288.9443075594439,291.24115197133216
2007-11-15 21:00:00,288.41451259901055,290.5646251096564
2007-11-16 05:00:00,306.93074157902936,300.87623234118445
2007-11-16 06:00:00,309.97708644778777,302.2597637441015
2007-11-16 08:00:00,311.87220886418555,303.3622961059006
2007-11-16 09:00:00,311.01347623804503,303.43272268239446
2007-11-16 17:00:00,291.3571572560926,292.99225681110966
2007-11-16 18:00:00,290.50602327179286,292.22124266073405
2007-11-16 20:00:00,289.2124767567968,291.0916700554188
2007-11-16 21:00:00,288.5876170248023,290.48215368238544
2007-11-17 05:00:00,303.85384555810776,298.6889218887306
2007-11-17 06:00:00,307.4520764225988,299.97902027006694
2007-11-17 08:00:00,311.74132372087615,301.35540256588416
2007-11-17 09:00:00,311.28876924441295,301.6711208772586
2007-11-17 17:00:00,288.69032280544286,291.06164922258705
2007-11-17 18:00:00,287.4868215081872,291.014102906402
2007-11-17 20:00:00,285.92957295328154,291.3487646164623
2007-11-17 21:00:00,285.2887774968551,291.28571979070114
2007-11-18 05:00:00,303.69633580282766,298.69638992568196
2007-11-18 06:00:00,306.9273039784013,299.8820737300926
2007-11-18 08:00:00,310.19880027359545,301.0815148728287
2007-11-18 09:00:00,309.9874526907005,301.24142987408516
2007-11-18 17:00:00,287.81316520326493,289.8729209018231
2007-11-18 18:00:00,287.24131429287246,289.3762686895479
2007-11-18 20:00:00,286.3182696326304,288.68680521960624
2007-11-18 21:00:00,286.0483774852312,288.4426962407234
2007-11-19 05:00:00,301.9345645052259,298.0862590631094
2007-11-19 06:00:00,305.53311190142284,299.6620652209078
2007-11-19 08:00:00,309.4808150704359,300.7246436778863
2007-11-19 09:00:00,309.9214500815182,300.8453871575636
2007-11-19 17:00:00,288.9205456749868,290.6390218866992
2007-11-19 18:00:00,287.87238964204244,289.9050943054293
2007-11-19 20:00:00,286.7190164292722,289.05771144402604
2007-11-19 21:00:00,286.3689962660403,288.62623354025726
2007-11-20 05:00:00,303.7317161618837,299.072706013872
2007-11-20 06:00:00,307.28454227770794,300.5029575953315
2007-11-20 08:00:00,309.83128968225606,301.77560370728855
2007-11-20 09:00:00,309.0122972908666,301.8593380168333
2007-11-20 17:00:00,289.8440781697654,291.57790728599895
2007-11-20 18:00:00,288.8375045235609,290.5313190289749
2007-11-20 20:00:00,286.5580486891266,289.51044641621127
2007-11-20 21:00:00,285.44221468368556,289.89372138212934
2007-11-21 05:00:00,304.1697025152128,298.49741155450994
2007-11-21 06:00:00,307.8427275200654,300.1549428460778
2007-11-21 08:00:00,310.32508088333765,301.9738814907926
2007-11-21 09:00:00,309.78393467695946,302.22539293380294
2007-11-21 17:00:00,289.4782427536505,291.6183304985058
2007-11-21 18:00:00,288.4171804419284,290.7525676850729
2007-11-21 20:00:00,286.91571785525656,289.33263351369897
2007-11-21 21:00:00,286.3094074031789,288.83138050614224
2007-11-22 05:00:00,303.529223049734,299.6432140097596
2007-11-22 06:00:00,307.16190292287865,301.2565123994472
2007-11-22 08:00:00,310.3227429029938,302.74515936664886
2007-11-22 09:00:00,309.8126710677184,302.87979046038373
2007-11-22 17:00:00,290.53549521142054,292.519413599799
2007-11-22 18:00:00,289.6209230114389,291.74406306144823
2007-11-22 20:00:00,288.3673828783315,290.59276593741725
2007-11-22 21:00:00,287.81290460477805,290.07579578934536
2007-11-23 05:00:00,303.7877963261538,299.9260597875563
2007-11-23 06:00:00,307.4020869133102,301.44571409534046
2007-11-23 08:00:00,310.64153645990075,302.82440380690093
2007-11-23 09:00:00,310.2644352846778,302.9870688933621
2007-11-23 17:00:00,290.40344503958164,292.5051316318601
2007-11-23 18:00:00,289.46146452775906,291.73732396670965
2007-11-23 20:00:00,288.2750881059879,290.6346951853513
2007-11-23 21:00:00,287.85546463553453,290.1758884377032
2007-11-24 05:00:00,303.99937801037805,300.1912514990761
2007-11-24 06:00:00,307.73311460991675,301.6963607717553
2007-11-24 08:00:00,310.63017689098007,303.09742315965366
2007-11-24 09:00:00,310.1532601942818,303.1949722454617
2007-11-24 17:00:00,289.9064120394056,292.27845023556375
2007-11-24 18:00:00,288.581825949929,291.39102403261626
2007-11-24 20:00:00,286.78349670974427,289.6257848284094
2007-11-24 21:00:00,286.1520528690474,289.1259913510645
2007-11-25 05:00:00,304.707135780934,300.23057057714243
2007-11-25 06:00:00,308.48475797444536,301.6590595686197
2007-11-25 08:00:00,310.77535338320973,302.93469332326174
2007-11-25 09:00:00,310.13419945104096,303.04650559153504
2007-11-25 17:00:00,289.0849726225819,292.32761466521515
2007-11-25 18:00:00,287.7756668349444,291.9574189266916
2007-11-25 20:00:00,286.0110515953029,289.95722860327487
2007-11-25 21:00:00,285.40187865082396,289.3609922200395
2007-11-26 05:00:00,305.3345822420987,299.6479875185457
2007-11-26 06:00:00,309.4321942674728,301.02896807043135
2007-11-26 08:00:00,312.0612053070303,302.2441405544663
2007-11-26 09:00:00,311.3900566394965,302.50935876314367
2007-11-26 17:00:00,289.7346545720505,291.54481442867336
2007-11-26 18:00:00,288.184698425199,290.79306686236794
2007-11-26 20:00:00,285.9934959470399,289.5263538096095
2007-11-26 21:00:00,285.28667963671575,289.0555769063659
2007-11-27 05:00:00,304.5219171462331,298.9325308307478
2007-11-27 06:00:00,308.6831187525957,300.2890085182131
2007-11-27 08:00:00,311.31547250145206,301.51969716875874
2007-11-27 09:00:00,310.644147593729,301.69283032527505
2007-11-27 17:00:00,288.54370617976724,290.53683248322994
2007-11-27 18:00:00,287.1187273210664,290.2481216407153
2007-11-27 20:00:00,285.34266683757767,290.7273523598129
2007-11-27 21:00:00,284.6981059634263,290.71830777725194
2007-11-28 05:00:00,303.20723899523904,298.14260506887103
2007-11-28 06:00:00,307.1113601943194,299.78006042574515
2007-11-28 08:00:00,309.5799225041606,301.16053416953065
2007-11-28 09:00:00,309.1004550269646,301.32269176606593
2007-11-28 17:00:00,287.6332893312804,292.11470132836575
2007-11-28 18:00:00,286.6126760944196,291.10165645087994
2007-11-28 20:00:00,285.4696732860501,287.50172826358465
2007-11-28 21:00:00,285.0367109066533,286.89662342042146
2007-11-29 05:00:00,302.90968764765057,298.02142324579887
2007-11-29 06:00:00,306.2842136142067,299.14254245846223
2007-11-29 08:00:00,308.5741647211907,300.22455226621935
2007-11-29 09:00:00,307.8124547408799,300.2620332832513
2007-11-29 17:00:00,290.2501263258454,291.52614185586
2007-11-29 18:00:00,289.4783879355033,290.85679614709227
2007-11-29 20:00:00,288.35247468874894,289.8300462437705
2007-11-29 21:00:00,287.8411991019462,289.34712851690404
2007-11-30 05:00:00,301.31884862021053,296.1642342260329
2007-11-30 06:00:00,304.9713830462957,297.9010602248652
2007-11-30 08:00:00,308.6970360378271,299.4091048512511
2007-11-30 09:00:00,308.634375667719,299.670705339758
2007-11-30 17:00:00,289.30888813412616,290.4774728078504
2007-11-30 18:00:00,288.1545423087427,289.56183891120054
2007-11-30 20:00:00,286.5844939809367,288.2345389438153
2007-11-30 21:00:00,286.0943580004394,287.70830316058664
2007-12-01 05:00:00,300.8031324906783,296.5786073093973
2007-12-01 06:00:00,304.4233319439763,298.2767104984983
2007-12-01 08:00:00,308.07368812502256,299.35184813794814
2007-12-01 09:00:00,308.0802201093253,299.5028688874561
2007-12-01 17:00:00,290.12821135205,291.1420396002489
2007-12-01 18:00:00,289.5229206996265,290.6381436011457
2007-12-01 20:00:00,289.0534203621934,290.4146670207772
2007-12-01 21:00:00,288.6838213387182,290.00205930172024
2007-12-02 05:00:00,299.494876503026,294.41745065650883
2007-12-02 06:00:00,303.9339507445349,296.14902664443196
2007-12-02 08:00:00,307.6492753932583,298.36024338732517
2007-12-02 09:00:00,307.16634057372676,298.6219004908769
2007-12-02 17:00:00,288.7180870538133,288.9062319668857
2007-12-02 18:00:00,287.82360877461724,288.16839115278015
2007-12-02 20:00:00,286.74430793092137,287.7277980857344
2007-12-02 21:00:00,286.1649860681848,287.2362501852685
2007-12-03 05:00:00,298.6645417764485,294.0059552773121
2007-12-03 06:00:00,302.2235813934373,295.4910524247791
2007-12-03 08:00:00,304.2596404747162,296.7780110222533
2007-12-03 09:00:00,304.4688998840991,297.18577660324024
2007-12-03 17:00:00,289.3180308760774,290.02565841792364
2007-12-03 18:00:00,288.97052596787273,289.6060543207248
2007-12-03 20:00:00,287.08405079422823,287.75885400052067
2007-12-03 21:00:00,286.2987357258613,287.10504768736007
2007-12-04 05:00:00,298.38606389167677,293.5728560860609
2007-12-04 06:00:00,301.7181056511971,294.74960517589415
2007-12-04 08:00:00,306.01554219344365,296.2399317149205
2007-12-04 09:00:00,305.9420927779517,296.5402745039695
2007-12-04 17:00:00,286.6075395016898,287.68838691417534
2007-12-04 18:00:00,285.50311058291305,286.70958748510327
2007-12-04 20:00:00,283.91167192503195,285.3531970007945
2007-12-04 21:00:00,283.36110375732045,284.8212474005983
2007-12-05 05:00:00,298.23796800986645,293.568183463968
2007-12-05 06:00:00,301.6046358176115,295.02170594484306
2007-12-05 08:00:00,305.0772076858027,296.538197380736
2007-12-05 09:00:00,305.1341530633818,296.86745249508715
2007-12-05 17:00:00,287.2406401083172,288.58318301819503
2007-12-05 18:00:00,286.6313481970083,288.0972591688159
2007-12-05 20:00:00,285.39878687689594,287.01574410789743
2007-12-05 21:00:00,284.77762524997144,286.445902255724
2007-12-06 05:00:00,296.6882892955433,293.01693521038226
2007-12-06 06:00:00,300.2336896711211,294.7037509159976
2007-12-06 08:00:00,303.56262637286784,296.36246371746796
2007-12-06 09:00:00,303.91390299980736,296.76448035570803
2007-12-06 17:00:00,287.05095471586395,288.31956206852186
2007-12-06 18:00:00,286.44089995914686,287.8776262750611
2007-12-06 20:00:00,285.3166589252019,286.8792835112162
2007-12-06 21:00:00,284.8355242901113,286.38533391496986
2007-12-07 05:00:00,298.1713822516161,293.3049724326112
2007-12-07 06:00:00,301.811569096311,294.72615309893075
2007-12-07 08:00:00,306.4064626355752,296.2959408752724
2007-12-07 09:00:00,306.4119753139596,296.6788961824908
2007-12-07 17:00:00,285.4337537674397,287.19852079559
2007-12-07 18:00:00,284.30530248327506,286.2082832465738
2007-12-07 20:00:00,282.8538035670488,285.1070901550387
2007-12-07 21:00:00,282.24415517845216,284.82620885816675
2007-12-08 05:00:00,298.5242991160906,293.95591895716217
2007-12-08 06:00:00,302.609160248414,295.27722388974325
2007-12-08 08:00:00,306.80269809717026,296.91272299462366
2007-12-08 09:00:00,306.4342391097858,297.3362711478823
2007-12-08 17:00:00,286.1492113486644,287.55001607697994
2007-12-08 18:00:00,284.8188974060153,286.51888647799507
2007-12-08 20:00:00,282.67597354836016,285.9868002070117
2007-12-08 21:00:00,281.9195673961669,284.78549591675744
2007-12-09 05:00:00,296.5253910952246,292.93085544392216
2007-12-09 06:00:00,300.3066821693456,294.6931139882797
2007-12-09 08:00:00,304.7102024918896,296.7929007555194
2007-12-09 09:00:00,305.0100014426491,297.21098203027196
2007-12-09 17:00:00,286.6521324780763,287.9187608198687
2007-12-09 18:00:00,285.9798529673431,287.3926710178746
2007-12-09 20:00:00,284.97106975913965,286.5413512713369
2007-12-09 21:00:00,284.57075321802927,286.1333140886069
2007-12-10 05:00:00,296.34820102873863,293.00912165237685
2007-12-10 06:00:00,300.2585283934795,295.1851551778879
2007-12-10 08:00:00,304.4905266196041,297.37249224505547
2007-12-10 09:00:00,304.72348177635064,297.7607314193561
2007-12-10 17:00:00,286.5867800249708,288.03411310369324
2007-12-10 18:00:00,285.9479365885166,287.47147678557457
2007-12-10 20:00:00,285.4090018720583,286.85222274239516
2007-12-10 21:00:00,285.4408236416904,286.72125942424196
2007-12-11 05:00:00,297.54177872903176,293.1758034446023
2007-12-11 06:00:00,301.3137702412892,294.8281385659804
2007-12-11 08:00:00,303.5487385942315,295.8143130450844
2007-12-11 09:00:00,303.31256510259925,295.96873034461066
2007-12-11 17:00:00,287.0431701942291,287.64311813095867
2007-12-11 18:00:00,286.28531372822675,286.88800100552834
2007-12-11 20:00:00,285.1309076670689,285.8811090877868
2007-12-11 21:00:00,284.5344516419116,285.28433932876
2007-12-12 05:00:00,294.59803292343537,290.66502775359777
2007-12-12 06:00:00,298.6192415116932,292.55991940726113
2007-12-12 08:00:00,301.84362057067216,293.883674257158
2007-12-12 09:00:00,301.28252231027756,293.99906375926156
2007-12-12 17:00:00,285.63297496260776,286.32249375447657
2007-12-12 18:00:00,284.876205961583,285.677253311698
2007-12-12 20:00:00,283.47556350778547,284.51049202799976
2007-12-12 21:00:00,282.8579449998947,283.94709777832037
2007-12-13 05:00:00,294.20650680847643,289.86705038249954
2007-12-13 06:00:00,298.0512685202671,291.33267573987024
2007-12-13 08:00:00,301.9027942487014,293.07698244820756
2007-12-13 09:00:00,301.72844464459297,293.3961898733177
2007-12-13 17:00:00,284.7829792510563,285.78339641083187
2007-12-13 18:00:00,284.10019931881385,285.17126015779235
2007-12-13 20:00:00,282.8566700093368,284.0876688435559
2007-12-13 21:00:00,282.2740490976578,283.5585328324
2007-12-14 05:00:00,294.3349397538807,290.0005335873926
2007-12-14 06:00:00,297.55422091961645,291.48660896665695
2007-12-14 08:00:00,300.5386682636749,292.96639189404226
2007-12-14 09:00:00,300.1890159571667,293.1789404071167
2007-12-14 17:00:00,283.5455110429432,284.6767440114073
2007-12-14 18:00:00,282.7840095602309,284.01555051641947
2007-12-14 20:00:00,281.5288776932586,282.9760599944551
2007-12-14 21:00:00,280.855130446894,282.35162642703773
2007-12-15 05:00:00,293.21706469143487,288.977301528531
2007-12-15 06:00:00,296.44055596632285,290.4844147339808
2007-12-15 08:00:00,300.47844384521113,292.5307572751273
2007-12-15 09:00:00,300.5230345174969,292.9253173028743
2007-12-15 17:00:00,282.40437062973234,283.9108262965786
2007-12-15 18:00:00,281.5264878706499,283.16989427281453
2007-12-15 20:00:00,279.925488911351,281.77067925639807
2007-12-15 21:00:00,279.22191171984093,281.1562932371542
2007-12-16 05:00:00,293.7153445157138,289.2568367368819
2007-12-16 06:00:00,297.72287911296075,290.70641685450573
2007-12-16 08:00:00,302.38136423166804,292.92007495662654
2007-12-16 09:00:00,302.30078950244217,293.46665131696756
2007-12-16 17:00:00,282.01988673981606,283.6762705892554
2007-12-16 18:00:00,281.01618365036506,282.7769450700522
2007-12-16 20:00:00,279.6153066015023,281.5323667599718
2007-12-16 21:00:00,279.072044972095,281.03137065963864
2007-12-17 05:00:00,293.9578567528394,289.87524778486585
2007-12-17 06:00:00,297.97997973990186,291.75991083036405
2007-12-17 08:00:00,302.57929033417554,294.16669415913304
2007-12-17 09:00:00,302.72699364895817,294.7679338499284
2007-12-17 17:00:00,283.14530813161326,284.69537795526776
2007-12-17 18:00:00,282.2016709714164,283.8113869077803
2007-12-17 20:00:00,280.1024374469586,281.8468159115737
2007-12-17 21:00:00,278.9620948403568,281.2367585686212
2007-12-18 05:00:00,293.89879035655815,290.346895967316
2007-12-18 06:00:00,298.16061982094595,292.52451499621566
2007-12-18 08:00:00,302.9568737717733,295.2362956559897
2007-12-18 09:00:00,303.43713733925847,295.79767786152377
2007-12-18 17:00:00,284.4862357258613,285.8646636633733
2007-12-18 18:00:00,283.72697744971987,285.2078551070532
2007-12-18 20:00:00,282.6484273901706,284.33137342926165
2007-12-18 21:00:00,282.08636874300305,283.7964161783227
2007-12-19 05:00:00,295.16734092959274,292.1285348430804
2007-12-19 06:00:00,299.2564848913066,294.2631328330018
2007-12-19 08:00:00,303.5783134660295,296.1542989910108
2007-12-19 09:00:00,303.77117503773087,296.510589152896
2007-12-19 17:00:00,285.751567540808,286.9084590212406
2007-12-19 18:00:00,284.98830295086645,286.32675161493944
2007-12-19 20:00:00,283.90934149179327,285.6910129541241
2007-12-19 21:00:00,283.55822883218025,285.4129997688376
2007-12-20 05:00:00,297.7237977202758,294.00218365262214
2007-12-20 06:00:00,302.0757092680145,295.87589422616827
2007-12-20 08:00:00,306.61759085868283,297.57367147907087
2007-12-20 09:00:00,306.6474200749802,297.9840368379614
2007-12-20 17:00:00,285.6866935412579,287.43437547492687
2007-12-20 18:00:00,284.56917855331824,286.57126646820683
2007-12-20 20:00:00,282.9576143755568,286.5500145252387
2007-12-20 21:00:00,282.33814607452723,285.4566945456577
2007-12-21 05:00:00,301.1713352761761,295.39930506443204
2007-12-21 06:00:00,305.5245583979485,297.3844950342399
2007-12-21 08:00:00,307.96543381136996,299.25483774146977
2007-12-21 09:00:00,307.5338511180437,299.74044759835596
2007-12-21 17:00:00,287.2423811149891,288.86744506553805
2007-12-21 18:00:00,286.344404435121,288.07956130111535
2007-12-21 20:00:00,285.1134064002838,287.0486529663274
2007-12-21 21:00:00,284.4670704751977,286.39885063935503
2007-12-22 05:00:00,297.20973840369646,294.3646978722148
2007-12-22 06:00:00,301.75403878281037,296.85586235152186
2007-12-22 08:00:00,306.252454219871,299.2399050061618
2007-12-22 09:00:00,306.33028243759935,299.69960325267544
2007-12-22 17:00:00,286.79526988824455,288.77328239640764
2007-12-22 18:00:00,285.83200865570683,287.8027017178998
2007-12-22 20:00:00,284.7983829868593,287.2048217585348
2007-12-22 21:00:00,284.9218883778906,287.20535327693904
2007-12-23 05:00:00,297.9270071961296,295.2911907601614
2007-12-23 06:00:00,302.08723365066595,297.30169941060166
2007-12-23 08:00:00,299.74056830501706,296.20582716931546
2007-12-23 09:00:00,302.5200240454064,297.35141959873664
2007-12-23 17:00:00,291.1437274245158,291.78570693005764
2007-12-23 18:00:00,291.02709241493824,291.77228904688855
2007-12-23 20:00:00,290.28279816755344,291.06402016567705
2007-12-23 21:00:00,290.17744612730525,291.03075649925665
2007-12-24 05:00:00,300.7268916102147,296.3431556125635
2007-12-24 06:00:00,304.0877243535728,297.671213346931
2007-12-24 08:00:00,307.1787073167704,299.05934860158965
2007-12-24 09:00:00,306.6958447237411,299.30430104589243
2007-12-24 17:00:00,290.3167025385359,291.3604736798349
2007-12-24 18:00:00,289.5024582167803,290.68452100944813
2007-12-24 20:00:00,288.10996007698895,289.43241339214785
2007-12-24 21:00:00,287.3708311295473,288.704227958879
2007-12-25 05:00:00,299.2768374591469,294.7746230773456
2007-12-25 06:00:00,303.00740333404315,296.3955586437819
2007-12-25 08:00:00,306.6247195110115,298.2128702172513
2007-12-25 09:00:00,306.5159794318107,298.6012021433591
2007-12-25 17:00:00,287.15206450710684,288.56837482187893
2007-12-25 18:00:00,286.26917237456666,287.78850878699353
2007-12-25 20:00:00,284.7912843818841,286.5772330073987
2007-12-25 21:00:00,284.035591043199,285.8616869534109
2007-12-26 05:00:00,296.6114145052635,293.2368482639683
2007-12-26 06:00:00,300.85122802922467,295.00129173055456
2007-12-26 08:00:00,305.86532820832383,296.55866562383386
2007-12-26 09:00:00,306.3235033502564,296.99089212520465
2007-12-26 17:00:00,286.1942902081553,287.48492845438295
2007-12-26 18:00:00,285.36875410035873,286.7791978927166
2007-12-26 20:00:00,284.2567542359715,285.87442439803726
2007-12-26 21:00:00,283.91308360988813,285.47698988716115
2007-12-27 05:00:00,295.80213624927774,292.51109431521
2007-12-27 06:00:00,299.8755973733629,294.38580449226276
2007-12-27 08:00:00,304.78873672838023,296.19165763208423
2007-12-27 09:00:00,305.3353492019724,296.6582837450119
2007-12-27 17:00:00,285.85839770865186,287.0763724258024
2007-12-27 18:00:00,284.99122711322707,286.2912561448954
2007-12-27 20:00:00,284.152971640941,285.7201781897405
2007-12-27 21:00:00,283.8822711068787,285.4229440556836
2007-12-28 05:00:00,295.5938028297366,291.26335621320965
2007-12-28 06:00:00,299.94061234625536,293.16605780414886
2007-12-28 08:00:00,304.89269767961076,295.49542304510703
2007-12-28 09:00:00,304.7930459608834,296.14720678109046
2007-12-28 17:00:00,284.69689807392234,286.14233172729683
2007-12-28 18:00:00,283.66873192456546,285.22965098235574
2007-12-28 20:00:00,281.88242171982586,283.6562060575088
2007-12-28 21:00:00,281.22620383616777,283.01143503997287
2007-12-29 05:00:00,296.40440921166277,292.14298559814836
2007-12-29 06:00:00,300.82127946991767,293.80926699410605
2007-12-29 08:00:00,305.4070300321182,295.34764842076004
2007-12-29 09:00:00,305.22450470299856,295.7977428700781
2007-12-29 17:00:00,284.45083554683737,285.7611476151711
2007-12-29 18:00:00,283.61573220180986,285.0168019017013
2007-12-29 20:00:00,282.346582068868,283.92242840736054
2007-12-29 21:00:00,281.7595040390414,283.2964508809
2007-12-30 05:00:00,294.54977776714026,290.8620919813912
2007-12-30 06:00:00,298.6997448373098,292.73920954394237
2007-12-30 08:00:00,303.6062543072576,294.58146368887833
2007-12-30 09:00:00,303.97952860639714,295.0141039408962
2007-12-30 17:00:00,284.09581501494944,285.30514622763235
2007-12-30 18:00:00,283.2289926443703,284.49796526751646
2007-12-30 20:00:00,281.8034991013067,283.2619097787537
2007-12-30 21:00:00,281.20982008171376,282.7238077360603
2007-12-31 05:00:00,293.64637351954485,290.2996780089862
2007-12-31 06:00:00,297.87355697467257,292.12848702123614
2007-12-31 08:00:00,303.25738330247407,294.18553711783903
2007-12-31 09:00:00,303.46865440333386,294.652611072699
2007-12-31 17:00:00,283.9491910537696,285.2236745919579
2007-12-31 18:00:00,283.00722540104516,284.42386992796906
2007-12-31 20:00:00,281.6765949737126,283.3032744985149
2007-12-31 21:00:00,281.0987697654219,282.7482796126779
