datetime_utc,skt,t2m
2015-01-01 05:00:00,288.76766459930843,288.21715586798956
2015-01-01 06:00:00,292.69561903943264,289.9949307199252
2015-01-01 08:00:00,296.6164467316379,292.67473749240116
2015-01-01 09:00:00,296.2029929609255,292.68198515858234
2015-01-01 17:00:00,286.224845992031,286.760311250143
2015-01-01 18:00:00,285.61896758233826,286.2035664468774
2015-01-01 20:00:00,285.04195628584995,285.9122836637571
2015-01-01 21:00:00,284.72822034744706,285.5847015851084
2015-01-02 05:00:00,292.212240257322,289.647321633455
2015-01-02 06:00:00,295.97301994523576,291.5317884777287
2015-01-02 08:00:00,298.4154877508367,293.30415261948974
2015-01-02 09:00:00,298.171491860976,293.4202280852754
2015-01-02 17:00:00,288.0759570763916,288.20635828802875
2015-01-02 18:00:00,287.04135823066133,287.38854703036225
2015-01-02 20:00:00,284.8282688652239,285.48653942043495
2015-01-02 21:00:00,283.8108665807221,284.695504375158
2015-01-03 05:00:00,294.9317843491565,290.1088086144399
2015-01-03 06:00:00,298.1709295898813,291.77370712679965
2015-01-03 08:00:00,299.94150495014867,293.07486869447587
2015-01-03 09:00:00,299.5955369476177,293.439112494282
2015-01-03 17:00:00,283.5878365726794,285.52755958310263
2015-01-03 18:00:00,282.4557315961606,285.31629840398244
2015-01-03 20:00:00,281.0253113921508,284.46983680666324
2015-01-03 21:00:00,280.4934344886815,284.03277254031144
2015-01-04 05:00:00,294.14613528023887,290.64945017575116
2015-01-04 06:00:00,299.18979855200917,292.83049674247195
2015-01-04 08:00:00,302.06436754411834,294.3566690688876
2015-01-04 09:00:00,301.90028475392586,294.6558250580069
2015-01-04 17:00:00,284.1420681193723,285.34192115536825
2015-01-04 18:00:00,283.23839673716776,284.50006665434057
2015-01-04 20:00:00,281.5456691559731,282.76236690762227
2015-01-04 21:00:00,280.74043598380774,281.9912364001634
2015-01-05 05:00:00,294.4461048049809,290.6803863243256
2015-01-05 06:00:00,298.5254517071788,292.89346896555094
2015-01-05 08:00:00,302.4659104780718,295.63652330113484
2015-01-05 09:00:00,302.623003050065,296.2022473022273
2015-01-05 17:00:00,284.1261357100242,285.76988504700745
2015-01-05 18:00:00,283.06895138780214,284.8433805210014
2015-01-05 20:00:00,281.48689072525184,283.3495766473662
2015-01-05 21:00:00,280.65993522091526,283.4668968212439
2015-01-06 05:00:00,296.4459237920118,292.9057409113104
2015-01-06 06:00:00,300.2974825067035,294.6872516038422
2015-01-06 08:00:00,303.43920976024566,296.88568679503925
2015-01-06 09:00:00,303.3656558608421,297.3050222999326
2015-01-06 17:00:00,285.75423275046796,287.34327815310064
2015-01-06 18:00:00,284.5143653857873,286.2457406348183
2015-01-06 20:00:00,282.4059959846579,284.62718271217284
2015-01-06 21:00:00,281.60518292396205,284.42888555541435
2015-01-07 05:00:00,298.17305650990255,292.5428253079783
2015-01-07 06:00:00,302.1071787923804,294.4227178071056
2015-01-07 08:00:00,304.27178884544435,296.6722007010861
2015-01-07 09:00:00,303.9777390020103,297.16098748957984
2015-01-07 17:00:00,285.4855140721302,286.62311178950944
2015-01-07 18:00:00,284.4923975963622,285.72320281559223
2015-01-07 20:00:00,283.05272026826134,284.35816259633964
2015-01-07 21:00:00,282.36008565047496,283.6670926980135
2015-01-08 05:00:00,293.3455922695448,290.71020799351766
2015-01-08 06:00:00,298.54102241974584,293.0985354289803
2015-01-08 08:00:00,304.2588808268354,295.84368503846815
2015-01-08 09:00:00,305.0938476656545,296.4175463237087
2015-01-08 17:00:00,284.9674355811074,286.35365782092646
2015-01-08 18:00:00,284.0723412606309,285.60505250716244
2015-01-08 20:00:00,282.33285447225,284.0157995003581
2015-01-08 21:00:00,281.54711406219906,283.29541269546297
2015-01-09 05:00:00,293.4657177329982,291.1764124560246
2015-01-09 06:00:00,298.2688106307631,293.6588596526206
2015-01-09 08:00:00,304.3025676333482,296.5713084122433
2015-01-09 09:00:00,305.31386040686095,297.2588088354455
2015-01-09 17:00:00,285.736947575409,287.0059587804856
2015-01-09 18:00:00,284.7882723580523,286.22262606157915
2015-01-09 20:00:00,282.98768173711505,284.5998941430326
2015-01-09 21:00:00,282.00111297466356,284.10184682131916
2015-01-10 05:00:00,296.5468861678348,292.5720709520055
2015-01-10 06:00:00,301.5207348369487,294.80787430632466
2015-01-10 08:00:00,305.362988605705,297.674102360001
2015-01-10 09:00:00,305.08505373632966,298.16573727553356
2015-01-10 17:00:00,286.0520825261144,287.3171096825269
2015-01-10 18:00:00,284.934667931132,286.2942256604211
2015-01-10 20:00:00,282.85284701260656,284.46084329049654
2015-01-10 21:00:00,281.941928998715,283.75838560977223
2015-01-11 05:00:00,296.25977524109356,292.3064436714161
2015-01-11 06:00:00,300.6644702787943,294.6929547467107
2015-01-11 08:00:00,305.4955658758367,298.29505972134865
2015-01-11 09:00:00,305.6834795324387,299.07704207268995
2015-01-11 17:00:00,285.63764948911034,287.3717732010711
2015-01-11 18:00:00,284.06936633752196,285.99846800817363
2015-01-11 20:00:00,281.80878673018583,284.4766898838508
2015-01-11 21:00:00,281.0168763382593,284.52507940683233
2015-01-12 05:00:00,298.90573289398054,294.0840626203775
2015-01-12 06:00:00,303.8671573350903,296.15221780033437
2015-01-12 08:00:00,307.5428076745549,298.153797919651
2015-01-12 09:00:00,307.6100237218918,298.886370078441
2015-01-12 17:00:00,286.732858807721,288.25315504265126
2015-01-12 18:00:00,285.92637048847683,287.5603136200751
2015-01-12 20:00:00,284.56654480168555,286.03353160041144
2015-01-12 21:00:00,283.9260797250804,285.3113771035969
2015-01-13 05:00:00,294.2033045787841,292.1163429765746
2015-01-13 06:00:00,298.7320655152684,294.84627515325565
2015-01-13 08:00:00,304.1046164913795,297.6116532618166
2015-01-13 09:00:00,304.92933102271223,298.38495430263055
2015-01-13 17:00:00,285.2511272459809,288.15362875634236
2015-01-13 18:00:00,284.32168461545405,286.1201671958888
2015-01-13 20:00:00,284.0721200199451,286.45578562496996
2015-01-13 21:00:00,284.1633056499558,285.7725054677719
2015-01-14 05:00:00,295.36304587906426,291.74763458204933
2015-01-14 06:00:00,298.25190716054294,293.0919829899064
2015-01-14 08:00:00,300.65984216346214,294.57386582290815
2015-01-14 09:00:00,300.90481694343464,294.8190196644176
2015-01-14 17:00:00,284.8168172263217,285.4434030118452
2015-01-14 18:00:00,283.9378710072287,284.6636194308477
2015-01-14 20:00:00,282.60390149132684,283.48585949913934
2015-01-14 21:00:00,282.0014987234342,282.9025407506064
2015-01-15 05:00:00,292.0571578955981,288.1336468900848
2015-01-15 06:00:00,296.5585190313072,290.24281362759865
2015-01-15 08:00:00,300.7504926073165,291.4366420516615
2015-01-15 09:00:00,301.35570908180557,292.1220309076765
2015-01-15 17:00:00,283.6422334973728,284.2339388196384
2015-01-15 18:00:00,282.875099546553,283.58724714611276
2015-01-15 20:00:00,281.7325045640002,282.6562514576963
2015-01-15 21:00:00,281.28924711018755,282.3021763124157
2015-01-16 05:00:00,292.2134838603862,288.54570249489905
2015-01-16 06:00:00,296.3926509392831,290.2539622537528
2015-01-16 08:00:00,301.1699944306596,291.8099505596426
2015-01-16 09:00:00,301.87144014096964,292.4370316562741
2015-01-16 17:00:00,283.7609481458855,284.75999274349357
2015-01-16 18:00:00,282.9936298905242,284.1458523695935
2015-01-16 20:00:00,281.95503107902636,283.2436826732383
2015-01-16 21:00:00,281.68369214450263,282.98048325642964
2015-01-17 05:00:00,293.5186578782938,289.45241985115325
2015-01-17 06:00:00,297.3537052901023,291.00436290864405
2015-01-17 08:00:00,301.80244563356933,293.0589267865903
2015-01-17 09:00:00,302.1615492434273,293.6687475125118
2015-01-17 17:00:00,284.1956346508902,285.55327478064964
2015-01-17 18:00:00,283.20552533212907,284.6735040226776
2015-01-17 20:00:00,281.30516872788064,283.0578997689881
2015-01-17 21:00:00,280.3754498168757,283.0313369915555
2015-01-18 05:00:00,294.88617827381665,290.46236037620224
2015-01-18 06:00:00,298.89476789054225,292.1349910741962
2015-01-18 08:00:00,302.773794000799,293.9511192098421
2015-01-18 09:00:00,303.07766267514927,294.4439332841541
2015-01-18 17:00:00,284.71101337074316,286.03842059636526
2015-01-18 18:00:00,283.86546398568413,285.36581289235545
2015-01-18 20:00:00,282.55905661560905,284.13721178051867
2015-01-18 21:00:00,282.00942386574303,283.59872246082466
2015-01-19 05:00:00,293.76810952584805,290.2602860461031
2015-01-19 06:00:00,297.5178600481736,292.12784772734796
2015-01-19 08:00:00,301.2904502739341,294.2375566338538
2015-01-19 09:00:00,301.6193470536101,294.75999669338046
2015-01-19 17:00:00,284.79710947750897,286.06709581090047
2015-01-19 18:00:00,284.04898717847925,285.41596248961747
2015-01-19 20:00:00,282.8833676471917,284.3307724586804
2015-01-19 21:00:00,282.36800707800916,283.82915131226525
2015-01-20 05:00:00,291.65626612870466,289.3169799240418
2015-01-20 06:00:00,295.6233606323807,291.6756205977571
2015-01-20 08:00:00,300.6292657367254,294.5379196660728
2015-01-20 09:00:00,301.5306298207429,295.3137991601036
2015-01-20 17:00:00,287.9253932441511,288.5576226656169
2015-01-20 18:00:00,287.10835162663864,287.7771071094578
2015-01-20 20:00:00,286.35892525365796,286.8709937097112
2015-01-20 21:00:00,286.2195402830151,286.6462787927942
2015-01-21 05:00:00,293.4016002543351,291.47016768022013
2015-01-21 06:00:00,296.8351722094238,293.64940602165893
2015-01-21 08:00:00,301.81875318812297,295.9838749396232
2015-01-21 09:00:00,301.931269171058,296.3908242576846
2015-01-21 17:00:00,288.0384524070611,288.8722325870179
2015-01-21 18:00:00,287.1908946926311,288.17944667445863
2015-01-21 20:00:00,286.97190833422366,287.80462531279346
2015-01-21 21:00:00,286.87926199843963,287.4814144187422
2015-01-22 05:00:00,292.22470816919355,290.65384750483764
2015-01-22 06:00:00,297.9384367344743,292.7493264267368
2015-01-22 08:00:00,300.7041332556397,293.3276125256931
2015-01-22 09:00:00,300.2511904911929,293.47354412813587
2015-01-22 17:00:00,285.9599440329248,286.39907540672556
2015-01-22 18:00:00,285.29929867878167,285.75858700697887
2015-01-22 20:00:00,284.50093231436284,285.0268973422528
2015-01-22 21:00:00,284.67430342805045,285.04544913787134
2015-01-23 05:00:00,290.18534891043316,288.98937362882504
2015-01-23 06:00:00,293.41580209599806,290.0638606654845
2015-01-23 08:00:00,298.0228142407716,291.7817885012399
2015-01-23 09:00:00,298.89452118719305,292.47752519087356
2015-01-23 17:00:00,284.8325372822296,285.3371548645302
2015-01-23 18:00:00,284.00143072895355,284.65970283590593
2015-01-23 20:00:00,282.8735981428385,283.80034546932933
2015-01-23 21:00:00,282.53489435839543,283.41784153072786
2015-01-24 05:00:00,292.17391678585295,288.94731436378237
2015-01-24 06:00:00,295.9416389876779,290.36106632744037
2015-01-24 08:00:00,300.47547519960096,291.70376210734366
2015-01-24 09:00:00,300.9911896363245,292.19586214556347
2015-01-24 17:00:00,283.86891496420276,284.72871880906024
2015-01-24 18:00:00,283.25410449670164,284.23205716878135
2015-01-24 20:00:00,282.0812272129147,283.295683168667
2015-01-24 21:00:00,281.57042253256213,282.7525205215431
2015-01-25 05:00:00,292.5453033682378,289.30303259145677
2015-01-25 06:00:00,296.66170928437833,291.2260150644923
2015-01-25 08:00:00,300.5149530725229,292.64950568576813
2015-01-25 09:00:00,298.82730118996926,292.5272782006874
2015-01-25 17:00:00,288.07759907726887,288.37429753143357
2015-01-25 18:00:00,288.1070532424057,288.2737306615421
2015-01-25 20:00:00,287.3676040014611,287.39016220492465
2015-01-25 21:00:00,287.0769883260154,287.07288991872264
2015-01-26 05:00:00,292.25589783937426,288.9221624012905
2015-01-26 06:00:00,295.1539101387577,290.3336499277359
2015-01-26 08:00:00,299.1989182059313,291.6338045564014
2015-01-26 09:00:00,299.6123642414487,291.9905304519348
2015-01-26 17:00:00,285.0099628372075,285.53530053842604
2015-01-26 18:00:00,283.94324722642705,284.6112573326828
2015-01-26 20:00:00,282.53617061855977,283.40886336739516
2015-01-26 21:00:00,281.84485704983325,282.8099683341334
2015-01-27 05:00:00,292.5576137548602,288.4493290882081
2015-01-27 06:00:00,296.0343478633369,289.82539579276863
2015-01-27 08:00:00,300.1518081876641,290.63822095309644
2015-01-27 09:00:00,300.46771188509666,291.2824560791392
2015-01-27 17:00:00,282.7976951422787,283.60728990645913
2015-01-27 18:00:00,282.09793535182587,282.9724816320857
2015-01-27 20:00:00,281.5635299800174,282.48832827246247
2015-01-27 21:00:00,281.0098169029953,281.91884858729475
2015-01-28 05:00:00,290.83322703121985,286.9524065908188
2015-01-28 06:00:00,294.3286546139945,288.2127402471651
2015-01-28 08:00:00,298.9931240228732,289.5986250773049
2015-01-28 09:00:00,299.41599350093145,290.1355357588899
2015-01-28 17:00:00,281.53825096283197,282.4266343785361
2015-01-28 18:00:00,280.77073227422443,281.7885111851391
2015-01-28 20:00:00,279.41491776805816,280.57816003173457
2015-01-28 21:00:00,278.8225677208099,280.02905825951433
2015-01-29 05:00:00,292.7897236123107,287.5209269001965
2015-01-29 06:00:00,297.260444253178,289.2733162996031
2015-01-29 08:00:00,302.2011931526643,292.287495970175
2015-01-29 09:00:00,302.33279853903093,293.151696532827
2015-01-29 17:00:00,282.4964620064146,283.68506585872046
2015-01-29 18:00:00,281.53333278944024,282.87110216702075
2015-01-29 20:00:00,280.1008468886553,281.70570918995725
2015-01-29 21:00:00,279.44537633299274,281.08330722802964
2015-01-30 05:00:00,292.64604302216753,288.5209530211744
2015-01-30 06:00:00,296.5983937973234,290.3182644131371
2015-01-30 08:00:00,302.39364906158215,292.7252619527338
2015-01-30 09:00:00,303.09466531574265,293.5327030411119
2015-01-30 17:00:00,283.35252008893644,284.66614853399017
2015-01-30 18:00:00,282.3793311449706,283.7933497259907
2015-01-30 20:00:00,280.3216532044492,282.17939224595835
2015-01-30 21:00:00,279.4908198516798,282.11408507548424
2015-01-31 05:00:00,294.4635145895654,290.74175435258724
2015-01-31 06:00:00,298.6645678504039,292.7919472575371
2015-01-31 08:00:00,303.9766155883601,295.6949098231429
2015-01-31 09:00:00,304.7345298214576,296.537374863823
2015-01-31 17:00:00,285.2753832659846,286.7042843623227
2015-01-31 18:00:00,284.5371289363444,286.15067501685286
2015-01-31 20:00:00,283.57998868827644,285.39792474355835
2015-01-31 21:00:00,283.1951889719911,284.98635556260683
2015-02-01 05:00:00,294.705925751908,292.4588367950017
2015-02-01 06:00:00,298.979015802933,295.0410052095246
2015-02-01 08:00:00,303.9827697001547,298.18537625399506
2015-02-01 09:00:00,304.74938645091004,298.9574122965244
2015-02-01 17:00:00,288.10893110795456,289.18927309950254
2015-02-01 18:00:00,287.20694715032596,288.3665325711431
2015-02-01 20:00:00,286.07981703277727,287.42483454676363
2015-02-01 21:00:00,285.6056977258809,286.91052643433557
2015-02-02 05:00:00,295.3009168862929,291.9813710405206
2015-02-02 06:00:00,300.07220009919865,294.67547960090343
2015-02-02 08:00:00,306.17710013602664,297.8676519643728
2015-02-02 09:00:00,306.77515861617024,298.7001464561615
2015-02-02 17:00:00,287.4441389604048,291.6552657728386
2015-02-02 18:00:00,286.4602249686267,290.3882188605969
2015-02-02 20:00:00,285.0795534013416,287.33205809982604
2015-02-02 21:00:00,284.9906667230309,287.0493742673901
2015-02-03 05:00:00,296.38712072152026,292.5832905115442
2015-02-03 06:00:00,300.2419439471558,294.40507631933747
2015-02-03 08:00:00,304.04910595721935,296.07154681612786
2015-02-03 09:00:00,304.1620608948412,296.5794587216135
2015-02-03 17:00:00,285.503979252373,286.5908229457579
2015-02-03 18:00:00,284.58776655623285,285.8565473747547
2015-02-03 20:00:00,283.0603734561585,284.52757164436423
2015-02-03 21:00:00,282.47646662119905,283.98004086910305
2015-02-04 05:00:00,294.5562494216237,290.81278166455
2015-02-04 06:00:00,299.3704118302497,293.41251861149067
2015-02-04 08:00:00,303.82904304304554,295.6854212780029
2015-02-04 09:00:00,304.0927329746711,296.1399945463348
2015-02-04 17:00:00,284.8344575620396,285.92550461685346
2015-02-04 18:00:00,283.8401213941295,284.9862911888558
2015-02-04 20:00:00,281.97949684272385,283.39727498717224
2015-02-04 21:00:00,281.1184572005309,282.67857546578574
2015-02-05 05:00:00,293.8239055804001,289.4351704131657
2015-02-05 06:00:00,298.71468819969425,292.1062904910424
2015-02-05 08:00:00,304.8937861790826,295.30524572716286
2015-02-05 09:00:00,305.5145653017864,295.930539899688
2015-02-05 17:00:00,285.188788415471,286.69586903435425
2015-02-05 18:00:00,284.4810831454943,286.13954740973946
2015-02-05 20:00:00,283.015568361444,284.8628882362589
2015-02-05 21:00:00,282.28985680343555,284.14469568755123
2015-02-06 05:00:00,295.0035324214236,292.0283737770398
2015-02-06 06:00:00,299.1028689015628,294.334103553431
2015-02-06 08:00:00,304.28863210340126,297.17707382695886
2015-02-06 09:00:00,305.1608026913024,297.8635453516604
2015-02-06 17:00:00,288.9036158721877,289.8395631434554
2015-02-06 18:00:00,287.99677364778455,289.008808482777
2015-02-06 20:00:00,286.40520612484505,287.32525827557726
2015-02-06 21:00:00,285.82579045229585,286.76937057424584
2015-02-07 05:00:00,295.0809218725548,292.06160955914
2015-02-07 06:00:00,298.60619322507887,293.9847519555702
2015-02-07 08:00:00,304.6208505968467,297.4502850783808
2015-02-07 09:00:00,304.78901310290325,297.84798780538273
2015-02-07 17:00:00,286.8816696425616,287.6670933328167
2015-02-07 18:00:00,286.4431448820376,287.26511151471016
2015-02-07 20:00:00,286.29198619213605,287.53112811777737
2015-02-07 21:00:00,285.82889170125014,286.9455507863284
2015-02-08 05:00:00,295.1730250048527,292.18800676107776
2015-02-08 06:00:00,300.6570144441719,294.587387602208
2015-02-08 08:00:00,304.9007176662263,296.38251531803735
2015-02-08 09:00:00,305.14310853837634,296.8258882355065
2015-02-08 17:00:00,285.9581199375617,287.6955519854012
2015-02-08 18:00:00,285.5490141223502,287.31716117212335
2015-02-08 20:00:00,285.1637509996975,286.8264269248363
2015-02-08 21:00:00,284.7322257443092,286.3159044497921
2015-02-09 05:00:00,294.7204870097626,292.2043258361347
2015-02-09 06:00:00,298.7420612917108,294.0444684609059
2015-02-09 08:00:00,302.87159014262477,295.9764394187046
2015-02-09 09:00:00,303.4434350341421,296.42365809177585
2015-02-09 17:00:00,287.8434713683988,288.9862895430696
2015-02-09 18:00:00,286.94740135533783,288.1694395656028
2015-02-09 20:00:00,285.9789996742284,287.2320853587475
2015-02-09 21:00:00,285.59037077775906,286.77635406823305
2015-02-10 05:00:00,296.2445702457281,292.85761417336016
2015-02-10 06:00:00,299.9199881531609,294.63399579675615
2015-02-10 08:00:00,304.5409671448412,296.52577997098905
2015-02-10 09:00:00,305.1070805389452,296.9380260873098
2015-02-10 17:00:00,287.37871547986987,288.6992167750566
2015-02-10 18:00:00,286.73766897051655,288.0130354259708
2015-02-10 20:00:00,284.28419224249745,285.9907035651303
2015-02-10 21:00:00,283.28867611642613,284.89559355796024
2015-02-11 05:00:00,297.832689235317,293.17249541436945
2015-02-11 06:00:00,301.847971465077,295.1652745509919
2015-02-11 08:00:00,306.55702190663675,297.16625083135716
2015-02-11 09:00:00,306.5613962182279,297.83910679045744
2015-02-11 17:00:00,286.7290029187783,288.2932249283754
2015-02-11 18:00:00,285.6037923757027,287.3275245936883
2015-02-11 20:00:00,284.2022123645377,286.19387930236724
2015-02-11 21:00:00,283.5022109961841,285.4868178639463
2015-02-12 05:00:00,296.23927116687935,292.62479599304675
2015-02-12 06:00:00,300.1239755921445,294.29161132906546
2015-02-12 08:00:00,304.5932603315874,296.7815764064231
2015-02-12 09:00:00,304.5235496720842,297.3409322259606
2015-02-12 17:00:00,285.46155970122305,287.449189360961
2015-02-12 18:00:00,284.10520471887344,286.44635907894656
2015-02-12 20:00:00,282.16178814104785,287.5741560690576
2015-02-12 21:00:00,281.59978394589183,288.04011688467534
2015-02-13 05:00:00,298.9729441215151,295.682508894769
2015-02-13 06:00:00,303.1945689573126,297.56005509057655
2015-02-13 08:00:00,307.53809449558815,300.3353737947203
2015-02-13 09:00:00,307.59572040575495,301.0208949484333
2015-02-13 17:00:00,289.6632052805097,291.99561835290467
2015-02-13 18:00:00,288.9345650694954,291.42273584021996
2015-02-13 20:00:00,288.2006136243259,291.0515408508583
2015-02-13 21:00:00,287.94295509937916,290.75639611289756
2015-02-14 05:00:00,299.2076765157409,297.14438414022624
2015-02-14 06:00:00,303.11631151854715,299.4682501747355
2015-02-14 08:00:00,307.4844739822834,302.18453746731
2015-02-14 09:00:00,307.9767388812566,302.8332938736503
2015-02-14 17:00:00,291.1975149616071,292.99896082709125
2015-02-14 18:00:00,290.2590151229882,292.11370501643154
2015-02-14 20:00:00,289.0269585654989,291.04476418517226
2015-02-14 21:00:00,288.29142615460836,290.1618759319852
2015-02-15 05:00:00,303.05074734680454,298.13062028928977
2015-02-15 06:00:00,307.49095468859093,300.1518460877688
2015-02-15 08:00:00,311.841748676976,302.3371270507437
2015-02-15 09:00:00,312.15140457035767,303.1980669112712
2015-02-15 17:00:00,291.27566478946727,292.9460996560213
2015-02-15 18:00:00,290.45666381647845,292.3170262411673
2015-02-15 20:00:00,289.47028565957845,291.50496098734385
2015-02-15 21:00:00,289.1451467034997,291.0450572526694
2015-02-16 05:00:00,302.5661948370089,298.55836825378134
2015-02-16 06:00:00,306.3076176812359,300.7306938935502
2015-02-16 08:00:00,310.5557841108466,304.12371012683275
2015-02-16 09:00:00,311.11442283783197,305.1624704134666
2015-02-16 17:00:00,292.8973138277263,294.7828461539764
2015-02-16 18:00:00,291.87217924003426,293.9488120292111
2015-02-16 20:00:00,291.0347728523525,293.34856533526636
2015-02-16 21:00:00,290.6931881191918,292.8020584506137
2015-02-17 05:00:00,302.43900497742175,298.20311124592973
2015-02-17 06:00:00,306.5517853441518,300.0781779472927
2015-02-17 08:00:00,310.0887488789845,302.00352254670645
2015-02-17 09:00:00,310.1305841760386,302.57864415149663
2015-02-17 17:00:00,292.1708460779881,293.56887076779026
2015-02-17 18:00:00,291.2368307245899,292.7739539947275
2015-02-17 20:00:00,289.7638071821357,291.5422795887905
2015-02-17 21:00:00,289.1533158218549,290.91410296282896
2015-02-18 05:00:00,304.2281371411998,298.29728000446903
2015-02-18 06:00:00,308.4518319763278,299.96738134069693
2015-02-18 08:00:00,312.55445934701225,302.2653809534199
2015-02-18 09:00:00,312.4810615856953,302.9090698900502
2015-02-18 17:00:00,293.19985820846676,294.3976634397345
2015-02-18 18:00:00,292.03243738771033,292.90071049530076
2015-02-18 20:00:00,289.8643611443612,291.8956491149996
2015-02-18 21:00:00,288.59900501880145,290.97967724440093
2015-02-19 05:00:00,304.52089313806846,300.14582834111525
2015-02-19 06:00:00,308.9016792050495,302.24185904809985
2015-02-19 08:00:00,311.9479155929871,304.31124207859597
2015-02-19 09:00:00,311.93966855841165,304.71825212616767
2015-02-19 17:00:00,291.47287434018085,296.17049453805885
2015-02-19 18:00:00,290.0154654057625,294.5027571150628
2015-02-19 20:00:00,288.06318791511427,291.0050238328649
2015-02-19 21:00:00,287.4037010533784,290.4604372515333
2015-02-20 05:00:00,304.46514220156917,300.00618951970887
2015-02-20 06:00:00,308.57107525136325,302.08735214727136
2015-02-20 08:00:00,312.2806463726496,304.42136443010287
2015-02-20 09:00:00,312.1409503249064,304.7910137441016
2015-02-20 17:00:00,293.0231394246106,294.6300828695665
2015-02-20 18:00:00,291.9242392894116,293.69249867584745
2015-02-20 20:00:00,290.50880429777783,292.63398150192756
2015-02-20 21:00:00,289.8458917556081,291.9277655273814
2015-02-21 05:00:00,305.4161737850525,300.75316329509343
2015-02-21 06:00:00,309.34311940526743,302.31821875432604
2015-02-21 08:00:00,312.8161943432731,303.72919232525703
2015-02-21 09:00:00,312.14590858494745,303.9340906363607
2015-02-21 17:00:00,293.2044522560249,294.56474673325556
2015-02-21 18:00:00,292.2338880824014,293.6667316125244
2015-02-21 20:00:00,290.6829275592633,292.21134574901896
2015-02-21 21:00:00,289.87560941111326,291.39666597574995
2015-02-22 05:00:00,303.63775317364,299.0327175475416
2015-02-22 06:00:00,307.9242021416662,301.1346481393776
2015-02-22 08:00:00,312.4365627247674,303.9499581547107
2015-02-22 09:00:00,312.7151377344352,304.64920342537954
2015-02-22 17:00:00,293.60432923115644,295.16822683278514
2015-02-22 18:00:00,292.27853071450824,294.0870358506777
2015-02-22 20:00:00,290.9879334013341,292.69679450694883
2015-02-22 21:00:00,290.29151260540556,292.0252950753563
2015-02-23 05:00:00,301.93566570076257,299.0348069201265
2015-02-23 06:00:00,306.17055343369304,301.2682776546625
2015-02-23 08:00:00,312.0835027709397,304.3776969733334
2015-02-23 09:00:00,313.2844071586621,305.2223288796165
2015-02-23 17:00:00,293.9435357092342,295.455579219871
2015-02-23 18:00:00,293.1966297402404,294.7174152203811
2015-02-23 20:00:00,292.325588420286,294.25274611180663
2015-02-23 21:00:00,292.37314294189076,294.18400884078727
2015-02-24 05:00:00,303.5231848247981,301.2423462478332
2015-02-24 06:00:00,307.5406642496494,303.3162973929995
2015-02-24 08:00:00,310.12627231027756,304.74202059376955
2015-02-24 09:00:00,310.65239587439964,305.3707442790591
2015-02-24 17:00:00,296.0780985028424,297.1526886597621
2015-02-24 18:00:00,295.6040259832962,296.7536481672149
2015-02-24 20:00:00,294.85110384290135,296.12351782847264
2015-02-24 21:00:00,294.59867470951406,295.72915541262404
2015-02-25 05:00:00,300.04574634334523,296.29206366164294
2015-02-25 06:00:00,303.6605638642157,298.0479851298046
2015-02-25 08:00:00,307.43409270534903,300.2244457133195
2015-02-25 09:00:00,307.3568410065215,300.4806694888922
2015-02-25 17:00:00,289.5798885774539,290.73242573084195
2015-02-25 18:00:00,288.2957225970017,289.6024597120947
2015-02-25 20:00:00,286.72622139905747,288.40462081274376
2015-02-25 21:00:00,285.6574971767714,287.39243694005654
2015-02-26 05:00:00,298.09210306176425,292.87305891275037
2015-02-26 06:00:00,302.7620534793989,294.6446353577319
2015-02-26 08:00:00,308.5195825750178,297.0971822870898
2015-02-26 09:00:00,308.3764698046198,297.74068945839156
2015-02-26 17:00:00,287.4857627974453,288.7515179085989
2015-02-26 18:00:00,286.4441801520819,287.9083111826187
2015-02-26 20:00:00,284.78136478183086,286.6417433822468
2015-02-26 21:00:00,284.09754019856274,286.04190931041
2015-02-27 05:00:00,299.53654505842826,294.5631949214613
2015-02-27 06:00:00,303.6643037017211,295.9629971073662
2015-02-27 08:00:00,309.22185026148253,297.7665114439507
2015-02-27 09:00:00,309.8660240702343,298.26276728037874
2015-02-27 17:00:00,288.15089273085397,289.56434257519084
2015-02-27 18:00:00,287.1117690311191,288.76361918633086
2015-02-27 20:00:00,286.0624886910978,287.9575537871139
2015-02-27 21:00:00,285.92964929424926,287.7067235350057
2015-02-28 05:00:00,297.0675102668844,294.1550678082718
2015-02-28 06:00:00,300.5623845598547,296.3880821898098
2015-02-28 08:00:00,304.9019498193209,298.9580355087304
2015-02-28 09:00:00,305.5880440122725,299.61618439331994
2015-02-28 17:00:00,288.0911302610612,288.6465773384083
2015-02-28 18:00:00,287.92308027975736,288.5959850481736
2015-02-28 20:00:00,287.46571521729646,288.62702034361007
2015-02-28 21:00:00,287.2825708139476,288.3480467010169
2015-03-01 05:00:00,295.0539586283209,293.188177005903
2015-03-01 06:00:00,297.2610366891823,295.02899242806694
2015-03-01 08:00:00,299.4494483371729,295.7247622685366
2015-03-01 09:00:00,297.89349402852343,295.24565227961136
2015-03-01 17:00:00,287.9085739441388,288.72314044029577
2015-03-01 18:00:00,287.52892998223683,288.0356079477742
2015-03-01 20:00:00,287.18281442321876,287.27647787837657
2015-03-01 21:00:00,287.19073053721473,287.1766150758153
2015-03-02 05:00:00,294.909308928738,291.12989329850916
2015-03-02 06:00:00,297.7204350029192,292.4628073247078
2015-03-02 08:00:00,299.73683312273545,294.03305493370965
2015-03-02 09:00:00,299.3968605311883,294.35448022028334
2015-03-02 17:00:00,286.5981522664451,287.43888833820364
2015-03-02 18:00:00,285.89527401681676,286.6808343543477
2015-03-02 20:00:00,284.8988396831213,285.8518404262643
2015-03-02 21:00:00,284.40833793839977,285.326049546064
2015-03-03 05:00:00,297.30489392861017,291.4072786398772
2015-03-03 06:00:00,299.9242925188391,292.99420377616707
2015-03-03 08:00:00,301.5562466943209,294.7120713996593
2015-03-03 09:00:00,300.3535191516847,294.7464286204663
2015-03-03 17:00:00,286.20150691004494,287.3033042637336
2015-03-03 18:00:00,285.1063016118548,286.309322104432
2015-03-03 20:00:00,283.5230835149028,285.1323656925619
2015-03-03 21:00:00,283.1140853811302,284.706447795286
2015-03-04 05:00:00,297.263417765613,293.2879230752014
2015-03-04 06:00:00,300.5429345176473,294.84528015795036
2015-03-04 08:00:00,304.0072890694593,296.7935877536956
2015-03-04 09:00:00,303.61546259852145,297.13357353504335
2015-03-04 17:00:00,286.7097567424569,288.2876547180082
2015-03-04 18:00:00,285.9859898689164,287.69362112553716
2015-03-04 20:00:00,284.8508546238504,286.86281302383026
2015-03-04 21:00:00,284.3228538995164,286.35399739363896
2015-03-05 05:00:00,297.2649727279122,294.436252141403
2015-03-05 06:00:00,300.894638625793,296.48634345432276
2015-03-05 08:00:00,304.80931368741125,298.7434685799668
2015-03-05 09:00:00,303.7428817631467,298.883885152902
2015-03-05 17:00:00,289.24392620257123,290.84531871636955
2015-03-05 18:00:00,287.708610076199,289.61532146060046
2015-03-05 20:00:00,285.6537959211964,287.6907815330752
2015-03-05 21:00:00,285.3389640067502,287.3500719584743
2015-03-06 05:00:00,300.6813192264692,297.1935966268342
2015-03-06 06:00:00,304.3192952865812,298.641951245042
2015-03-06 08:00:00,305.6879015718293,299.5005790110913
2015-03-06 09:00:00,306.24290783710217,299.9477783814417
2015-03-06 17:00:00,290.0849564703661,291.40943003509
2015-03-06 18:00:00,288.96197627321783,290.33313782960863
2015-03-06 20:00:00,287.54610488962135,289.0594253422483
2015-03-06 21:00:00,287.13892020062417,288.6562190592197
2015-03-07 05:00:00,299.34605842672624,296.6259160916133
2015-03-07 06:00:00,303.08200524657826,298.7352308088165
2015-03-07 08:00:00,306.7442659868849,300.9972349851635
2015-03-07 09:00:00,305.96503075833317,301.2056994327962
2015-03-07 17:00:00,289.9774159341821,292.21080915218874
2015-03-07 18:00:00,288.53464471614234,292.2925446779225
2015-03-07 20:00:00,286.77071492293584,288.5238892212854
2015-03-07 21:00:00,286.1455070131181,287.9442941110197
2015-03-08 05:00:00,300.70416889866624,295.77262010853536
2015-03-08 06:00:00,305.08199229188983,297.8109084777362
2015-03-08 08:00:00,306.84547012869865,299.4305221722196
2015-03-08 09:00:00,306.73635741999414,299.9624693037365
2015-03-08 17:00:00,289.3939632186537,291.1093783385948
2015-03-08 18:00:00,288.4832098539144,289.65547981908765
2015-03-08 20:00:00,286.7672796734309,287.97743218044286
2015-03-08 21:00:00,285.7559828324751,286.9303537847816
2015-03-09 05:00:00,295.9386923720914,292.8137561110392
2015-03-09 06:00:00,299.55330094864996,294.74435681077114
2015-03-09 08:00:00,304.34278867277783,297.21882215596867
2015-03-09 09:00:00,304.9931046261074,297.7758127691566
2015-03-09 17:00:00,286.78423192945576,288.2454008505047
2015-03-09 18:00:00,285.94243568925907,287.3316435968197
2015-03-09 20:00:00,284.6458307157496,286.0971827338032
2015-03-09 21:00:00,284.01416013273877,285.4355909115361
2015-03-10 05:00:00,297.6026460856245,292.21075284279
2015-03-10 06:00:00,301.9200475895534,294.2438122671448
2015-03-10 08:00:00,306.6227107819497,297.0306824859008
2015-03-10 09:00:00,307.01035580392613,297.8863158145193
2015-03-10 17:00:00,287.34750754146256,288.7904506266025
2015-03-10 18:00:00,286.2203593672883,287.8223643486599
2015-03-10 20:00:00,285.60401662582603,287.40538629140985
2015-03-10 21:00:00,285.23003383924487,286.9520997222289
2015-03-11 05:00:00,298.9909386539312,295.33965469618977
2015-03-11 06:00:00,303.1758608825402,297.8612424970959
2015-03-11 08:00:00,308.51727080969675,300.8778377115635
2015-03-11 09:00:00,309.3364813618006,301.5702140584749
2015-03-11 17:00:00,292.66491990758016,293.8761580692051
2015-03-11 18:00:00,291.9820427563966,293.2710370503148
2015-03-11 20:00:00,290.67757273528537,291.9331010486385
2015-03-11 21:00:00,290.2353632946044,291.43702794149954
2015-03-12 05:00:00,301.192639155454,298.532812862073
2015-03-12 06:00:00,305.0095331459457,300.89469082072634
2015-03-12 08:00:00,308.27101196383103,302.9001735693134
2015-03-12 09:00:00,308.8638885451024,303.63896219168305
2015-03-12 17:00:00,290.13777379298983,291.03542209149145
2015-03-12 18:00:00,289.8381267718064,290.81780599115075
2015-03-12 20:00:00,289.6807846986274,291.42690910727293
2015-03-12 21:00:00,289.4770627249555,291.0103449417373
2015-03-13 05:00:00,301.67484362209893,298.1824654695249
2015-03-13 06:00:00,306.30935320979086,300.2358348123465
2015-03-13 08:00:00,310.5798445644291,303.7778025246549
2015-03-13 09:00:00,310.17523976283377,303.9764921779074
2015-03-13 17:00:00,291.57867887758516,292.84361403454983
2015-03-13 18:00:00,290.5571676292479,291.80060117748013
2015-03-13 20:00:00,289.2335964961119,290.25801298026863
2015-03-13 21:00:00,288.72522094914655,289.69630791850744
2015-03-14 05:00:00,300.41323415230164,298.1490786982979
2015-03-14 06:00:00,302.24823261372666,299.2760861812645
2015-03-14 08:00:00,300.6203282008002,294.70753772894295
2015-03-14 09:00:00,298.45933840711973,294.29318162068745
2015-03-14 17:00:00,288.8860578963129,289.28283242341735
2015-03-14 18:00:00,288.6689594192387,289.18626319168163
2015-03-14 20:00:00,288.3153641146762,288.87379159324894
2015-03-14 21:00:00,288.1721656458404,288.7407008848499
2015-03-15 05:00:00,295.2883908076352,293.34552885975415
2015-03-15 06:00:00,297.90992447628264,295.47275426832294
2015-03-15 08:00:00,302.45348333467507,297.31070642221505
2015-03-15 09:00:00,301.937782064241,296.92957274168043
2015-03-15 17:00:00,287.1126310469006,287.95457065858534
2015-03-15 18:00:00,286.5939304016772,287.56953794599866
2015-03-15 20:00:00,286.21596528275177,287.10263703380053
2015-03-15 21:00:00,286.1093011512228,286.83763837300023
2015-03-16 05:00:00,298.53680631522957,294.1003763113624
2015-03-16 06:00:00,302.4483541479831,296.2715831927048
2015-03-16 08:00:00,304.33604327702926,297.72326091184453
2015-03-16 09:00:00,303.93345700867917,298.1144859419765
2015-03-16 17:00:00,289.2667091498941,290.5473428970126
2015-03-16 18:00:00,288.49960823235415,289.66961460671916
2015-03-16 20:00:00,287.6434419746575,288.96797203687015
2015-03-16 21:00:00,286.99979284254175,288.1971535234495
2015-03-17 05:00:00,299.1584259409383,295.43292233977
2015-03-17 06:00:00,302.21543686783,296.8455922225223
2015-03-17 08:00:00,305.25239473645604,298.8613150762667
2015-03-17 09:00:00,305.0043969058844,299.1336721646584
2015-03-17 17:00:00,289.478226436856,290.8466796169663
2015-03-17 18:00:00,288.92744344702487,290.22316087155576
2015-03-17 20:00:00,287.50741280906925,288.97580814214626
2015-03-17 21:00:00,286.81308578232586,288.21877849561224
2015-03-18 05:00:00,299.3238042940161,294.66282345811464
2015-03-18 06:00:00,302.11083469479036,296.412264031879
2015-03-18 08:00:00,305.3534673564423,299.1965236575652
2015-03-18 09:00:00,305.440689180959,299.77614211448355
2015-03-18 17:00:00,288.51932007212116,290.4529945832004
2015-03-18 18:00:00,287.3693194984471,289.43103556346455
2015-03-18 20:00:00,285.84942469427875,288.3841831577577
2015-03-18 21:00:00,285.217625481322,287.8229218704858
2015-03-19 05:00:00,300.849515823811,298.3161359648859
2015-03-19 06:00:00,304.04181463068187,300.00824480100846
2015-03-19 08:00:00,308.526537197213,301.97693964366
2015-03-19 09:00:00,309.0514699644962,302.4627925126321
2015-03-19 17:00:00,291.62293453833723,293.4998897323256
2015-03-19 18:00:00,291.04753425492345,292.9534883895898
2015-03-19 20:00:00,290.2684004773344,292.4248284103323
2015-03-19 21:00:00,289.7028700912311,291.75536789622254
2015-03-20 05:00:00,303.3848562137739,300.947216815684
2015-03-20 06:00:00,306.8720010249016,302.8454085998065
2015-03-20 08:00:00,310.74117896222555,304.65378411855835
2015-03-20 09:00:00,311.03836809578587,305.1507181834734
2015-03-20 17:00:00,293.70293646343686,295.7543403143509
2015-03-20 18:00:00,293.20258847370354,295.2529795077989
2015-03-20 20:00:00,292.83863496706925,294.9428337344036
2015-03-20 21:00:00,292.3264721839564,294.2771348527106
2015-03-21 05:00:00,303.72098055752843,301.0235577364365
2015-03-21 06:00:00,307.64127746017766,303.40677966101697
2015-03-21 08:00:00,312.8414903590786,306.3329326706051
2015-03-21 09:00:00,313.1358842893815,306.9862035860083
2015-03-21 17:00:00,294.3406946449692,296.5969468691316
2015-03-21 18:00:00,293.2471677665534,295.6631066744059
2015-03-21 20:00:00,292.2004196566683,294.4967404969485
2015-03-21 21:00:00,291.99692235632193,294.0673435017214
2015-03-22 05:00:00,305.5564874023062,302.0342401348755
2015-03-22 06:00:00,309.18329007893755,303.69962022778435
2015-03-22 08:00:00,313.7400379856856,306.17705386592354
2015-03-22 09:00:00,313.446593909124,306.84272808433496
2015-03-22 17:00:00,296.5081687421754,298.4993428845986
2015-03-22 18:00:00,295.4750277573596,297.5345173087803
2015-03-22 20:00:00,293.07564376572435,295.25740523845275
2015-03-22 21:00:00,291.976687368149,294.2749211762462
2015-03-23 05:00:00,310.06155449583645,303.8956459644947
2015-03-23 06:00:00,311.5561689661905,305.31831317543066
2015-03-23 08:00:00,313.30497010499926,307.2344915686844
2015-03-23 09:00:00,313.1385872815901,307.63668564618644
2015-03-23 17:00:00,295.8877987619174,298.0236845795289
2015-03-23 18:00:00,294.2500396869583,298.8231719829636
2015-03-23 20:00:00,292.1970123149948,299.1006395901297
2015-03-23 21:00:00,291.5419432606279,297.3982197389764
2015-03-24 05:00:00,309.94806300840685,306.1057935811706
2015-03-24 06:00:00,313.2295433949616,307.7058529611361
2015-03-24 08:00:00,315.9595498436221,309.4766381826533
2015-03-24 09:00:00,315.80096560156403,309.7646749581689
2015-03-24 17:00:00,296.5872774285785,299.10593902164686
2015-03-24 18:00:00,294.84130579591346,299.3802917198334
2015-03-24 20:00:00,292.86216496025287,297.2331854727676
2015-03-24 21:00:00,291.991327365117,294.51806099866684
2015-03-25 05:00:00,309.4241090842131,306.0263771092396
2015-03-25 06:00:00,313.25014327744304,308.0129342101205
2015-03-25 08:00:00,317.7860715892539,309.60369384013273
2015-03-25 09:00:00,318.0109989301449,309.8706553595826
2015-03-25 17:00:00,299.0161400370311,300.73178613130784
2015-03-25 18:00:00,297.9550617376718,299.95113698433295
2015-03-25 20:00:00,296.0668262311233,297.7506574680699
2015-03-25 21:00:00,295.3608803536014,296.9578414470279
2015-03-26 05:00:00,308.34431683227353,304.8301083134209
2015-03-26 06:00:00,311.1750943693799,306.65007562152414
2015-03-26 08:00:00,315.09568800727834,309.06053584823263
2015-03-26 09:00:00,316.20259846597685,309.7187480955903
2015-03-26 17:00:00,296.8840968245167,297.2987063838448
2015-03-26 18:00:00,296.6006936659615,297.31152400176956
2015-03-26 20:00:00,296.30756365242655,297.5331725839107
2015-03-26 21:00:00,296.10536943855936,297.3935072653466
2015-03-27 05:00:00,309.13322159542327,305.0860651424743
2015-03-27 06:00:00,312.51527249611036,306.7901279584653
2015-03-27 08:00:00,316.4381319113615,308.06755477364516
2015-03-27 09:00:00,315.7190792983045,308.1509716110347
2015-03-27 17:00:00,297.5878728505092,299.1655578613281
2015-03-27 18:00:00,296.5691406297023,298.30643805223184
2015-03-27 20:00:00,294.0527229485416,296.73339199542266
2015-03-27 21:00:00,293.00046909608534,295.3925291275941
2015-03-28 05:00:00,309.97412699506907,305.9441179883866
2015-03-28 06:00:00,313.5850417220905,307.68466416933506
2015-03-28 08:00:00,317.8400649201521,309.5411400934581
2015-03-28 09:00:00,318.6273893994066,310.11733468030747
2015-03-28 17:00:00,297.7685055490267,301.4390368116288
2015-03-28 18:00:00,297.00047198796676,299.2919159875996
2015-03-28 20:00:00,295.5043391858117,298.4903017816999
2015-03-28 21:00:00,295.7036858604208,298.5821173011063
2015-03-29 05:00:00,308.0271421411923,305.22261378871644
2015-03-29 06:00:00,310.9348231287694,306.0379999569274
2015-03-29 08:00:00,312.9063597974498,307.03170056923517
2015-03-29 09:00:00,311.15881542799474,307.58708745783025
2015-03-29 17:00:00,298.57119506459753,299.720815485174
2015-03-29 18:00:00,297.8138362373153,298.97856271799617
2015-03-29 20:00:00,296.9271961794061,298.5860077515589
2015-03-29 21:00:00,296.1828057945969,297.86481643935383
2015-03-30 05:00:00,307.32758529968737,303.28594535745344
2015-03-30 06:00:00,310.89134620701765,304.82908771438485
2015-03-30 08:00:00,314.4931113973421,306.3734766603068
2015-03-30 09:00:00,314.5485213974775,306.74540038028005
2015-03-30 17:00:00,296.40375508218773,297.6120445122153
2015-03-30 18:00:00,295.57268358415746,296.7185272310842
2015-03-30 20:00:00,293.676597653993,294.24013059642544
2015-03-30 21:00:00,292.753743458235,293.26859244653735
2015-03-31 05:00:00,308.75224819095183,301.91266087795077
2015-03-31 06:00:00,313.3391402234282,303.74125248184555
2015-03-31 08:00:00,316.3166819426973,306.0082115796388
2015-03-31 09:00:00,315.3660631223893,306.3672296556376
2015-03-31 17:00:00,296.2275617273269,297.6390012908606
2015-03-31 18:00:00,295.17116463165985,296.8074250537185
2015-03-31 20:00:00,293.1249711282081,294.9738870394432
2015-03-31 21:00:00,292.2668224740285,294.13220322995414
2015-04-01 05:00:00,308.85699018528356,303.8422048183729
2015-04-01 06:00:00,312.8983631809981,305.6612733156178
2015-04-01 08:00:00,317.05524344657346,308.1153335688845
2015-04-01 09:00:00,317.2292182816563,308.8010048418089
2015-04-01 17:00:00,298.7907748935035,300.59189059076766
2015-04-01 18:00:00,298.06374049958174,299.96874334632156
2015-04-01 20:00:00,297.19538352742956,299.2605629143619
2015-04-01 21:00:00,296.6998151358912,298.7723178481468
2015-04-02 05:00:00,308.14860433569675,302.66900336172995
2015-04-02 06:00:00,311.8075758547555,304.4557678269679
2015-04-02 08:00:00,316.26258718434764,307.2145430178415
2015-04-02 09:00:00,316.60981851586575,307.9139411820469
2015-04-02 17:00:00,299.5698025884173,300.2631407092643
2015-04-02 18:00:00,298.3303744370471,299.26786333974593
2015-04-02 20:00:00,298.19483578627575,300.53085700977016
2015-04-02 21:00:00,298.44693679692017,300.35044468202284
2015-04-03 05:00:00,306.6178300619493,302.5564346666145
2015-04-03 06:00:00,309.8165071837156,304.3594036131684
2015-04-03 08:00:00,313.80751324434675,306.8014310298973
2015-04-03 09:00:00,313.9348042727619,307.11408968368556
2015-04-03 17:00:00,298.78289771410647,299.5550379113901
2015-04-03 18:00:00,297.5625135659804,298.0646127897713
2015-04-03 20:00:00,296.0165270789195,296.2353586628918
2015-04-03 21:00:00,295.09673305799487,294.6180501976072
2015-04-04 05:00:00,301.7329136829347,297.876308352995
2015-04-04 06:00:00,303.73176033948715,298.83625814617136
2015-04-04 08:00:00,308.4389308700209,301.08359846165075
2015-04-04 09:00:00,309.0802654860017,301.6003426903018
2015-04-04 17:00:00,294.44848070894074,295.14029835846463
2015-04-04 18:00:00,293.8367496484601,294.78683692685263
2015-04-04 20:00:00,293.29551948347523,294.20535957794897
2015-04-04 21:00:00,292.86261564704415,293.95779092139196
2015-04-05 05:00:00,303.9003062902136,299.3478144805861
2015-04-05 06:00:00,307.16939893819523,300.8609018898892
2015-04-05 08:00:00,310.265267276617,301.98446476588083
2015-04-05 09:00:00,311.1265153458747,302.81849153163074
2015-04-05 17:00:00,295.18797723097134,296.0938345463875
2015-04-05 18:00:00,294.3309877040023,295.3143131861518
2015-04-05 20:00:00,293.40092879708266,294.6628358250223
2015-04-05 21:00:00,292.8268489984592,294.1209505901131
2015-04-06 05:00:00,306.6916057427969,301.2477579454795
2015-04-06 06:00:00,310.7608443202884,302.68542595673784
2015-04-06 08:00:00,313.51805624939817,303.4251521129637
2015-04-06 09:00:00,313.1843780611623,303.8769689950811
2015-04-06 17:00:00,295.5129365612436,296.66825857294725
2015-04-06 18:00:00,294.76978738135296,295.957802512429
2015-04-06 20:00:00,293.46170333133455,294.56807761640505
2015-04-06 21:00:00,292.96089654343524,294.23063687881444
2015-04-07 05:00:00,308.65490734411867,301.5295673717152
2015-04-07 06:00:00,313.0977167208867,303.50771946605806
2015-04-07 08:00:00,313.7004131910798,303.6661461593558
2015-04-07 09:00:00,314.5385349314827,304.44478944563906
2015-04-07 17:00:00,296.1001942168766,297.0997052773122
2015-04-07 18:00:00,295.1829651302109,296.10649816574784
2015-04-07 20:00:00,293.9471237582308,295.1835611164111
2015-04-07 21:00:00,293.39361743897615,294.6000609317068
2015-04-08 05:00:00,308.11251476035096,302.05298232444443
2015-04-08 06:00:00,311.4977244654863,303.40083665656744
2015-04-08 08:00:00,315.79889224012754,305.04068167147176
2015-04-08 09:00:00,316.6081955590858,305.65888071868386
2015-04-08 17:00:00,295.80125180378167,296.9307972066024
2015-04-08 18:00:00,294.7580753790763,296.011409224641
2015-04-08 20:00:00,293.1508164133974,294.827151282359
2015-04-08 21:00:00,292.2975333614967,293.99461202518603
2015-04-09 05:00:00,309.35069629921935,302.7428866769941
2015-04-09 06:00:00,313.50407292111817,304.3057255913921
2015-04-09 08:00:00,318.4826889625867,306.3257893237568
2015-04-09 09:00:00,318.39452791140513,306.92825418481107
2015-04-09 17:00:00,296.0594556012029,297.57757312086954
2015-04-09 18:00:00,294.9569272833356,296.5701770988194
2015-04-09 20:00:00,293.2870371484977,295.1923835413482
2015-04-09 21:00:00,292.4721755863889,294.3809412411071
2015-04-10 05:00:00,311.0735101920247,304.67431548931205
2015-04-10 06:00:00,315.32376416034435,306.04687659876373
2015-04-10 08:00:00,319.64920384858164,308.004424225935
2015-04-10 09:00:00,319.6925294285379,308.4679586119571
2015-04-10 17:00:00,297.67888788302616,299.2302092330298
2015-04-10 18:00:00,296.8505809060965,298.6388317513723
2015-04-10 20:00:00,295.9692848099766,297.868997958849
2015-04-10 21:00:00,295.5141848195316,297.38928457768566
2015-04-11 05:00:00,310.4329717368668,305.9312408635356
2015-04-11 06:00:00,314.0768938108659,307.1236099689877
2015-04-11 08:00:00,318.5420055418794,308.86117854654697
2015-04-11 09:00:00,318.1797915607094,308.9206807470101
2015-04-11 17:00:00,296.07387409886155,297.65087747206485
2015-04-11 18:00:00,296.1938302344277,298.1177624436483
2015-04-11 20:00:00,295.1299183379704,296.4137662584866
2015-04-11 21:00:00,294.75410191046626,295.95767806748216
2015-04-12 05:00:00,298.30607360463665,295.36411067921506
2015-04-12 06:00:00,299.6006211338132,295.79590226983066
2015-04-12 08:00:00,306.5362666149168,299.87810651547005
2015-04-12 09:00:00,306.6481219557658,300.12818781730755
2015-04-12 17:00:00,292.84459849682355,293.0346488776303
2015-04-12 18:00:00,292.3121364693429,292.6568559784735
2015-04-12 20:00:00,291.6470465520497,292.62341943396996
2015-04-12 21:00:00,291.3543423269122,292.22783048421104
2015-04-13 05:00:00,304.93497430598615,298.50796104395886
2015-04-13 06:00:00,307.2431340151465,299.81696311351146
2015-04-13 08:00:00,309.91197390328574,301.67302594530196
2015-04-13 09:00:00,309.4197986996597,301.7883034869225
2015-04-13 17:00:00,293.5158435839167,293.96223202839104
2015-04-13 18:00:00,293.14378147683635,293.65776290070664
2015-04-13 20:00:00,292.50132956012555,293.3068676964711
2015-04-13 21:00:00,292.21448880094226,292.8990913708515
2015-04-14 05:00:00,303.82956078386826,298.5059769076449
2015-04-14 06:00:00,306.9387917540658,299.9624689980905
2015-04-14 08:00:00,310.4666380801443,302.41541942719874
2015-04-14 09:00:00,309.62913285124654,302.4926907579043
2015-04-14 17:00:00,295.31902250927664,296.19795093036765
2015-04-14 18:00:00,294.82640378978476,295.7490922548738
2015-04-14 20:00:00,293.2366637478257,294.40562544765385
2015-04-14 21:00:00,292.7198376060451,293.89497314359085
2015-04-15 05:00:00,307.80201020556717,300.7522885362246
2015-04-15 06:00:00,310.76476307826346,302.1526985344791
2015-04-15 08:00:00,314.0307882159076,304.50334327356836
2015-04-15 09:00:00,314.30551678814766,304.8833796614307
2015-04-15 17:00:00,296.88266875233234,297.7032523838508
2015-04-15 18:00:00,295.99261940131754,296.93686108229156
2015-04-15 20:00:00,295.07125008087866,296.29182234236566
2015-04-15 21:00:00,294.5985483366463,295.63313018375624
2015-04-16 05:00:00,309.9018381644838,302.87929152854605
2015-04-16 06:00:00,313.60781075076443,304.6121313391922
2015-04-16 08:00:00,317.6134141354789,306.9727882420521
2015-04-16 09:00:00,317.47537511228967,307.44530210803583
2015-04-16 17:00:00,297.9195371842348,299.1604063624777
2015-04-16 18:00:00,296.7635700243464,298.1782973749428
2015-04-16 20:00:00,295.01855953081366,296.54873201108677
2015-04-16 21:00:00,294.4995419541934,296.0150128850952
2015-04-17 05:00:00,311.60218180934163,306.17463305551206
2015-04-17 06:00:00,315.8644490998772,308.2281952609634
2015-04-17 08:00:00,319.13374921096306,311.04235284978694
2015-04-17 09:00:00,318.3204157378163,311.25971721537496
2015-04-17 17:00:00,300.4470384124615,302.31877921505594
2015-04-17 18:00:00,299.0401940720474,300.94649285785226
2015-04-17 20:00:00,296.2287612233213,298.7258223664412
2015-04-17 21:00:00,295.85725976506075,298.63891874292784
2015-04-18 05:00:00,313.43544984414876,308.657861977035
2015-04-18 06:00:00,317.2773247764364,310.503823678556
2015-04-18 08:00:00,320.2719139487057,312.5240872093636
2015-04-18 09:00:00,320.2192993164063,312.8802851131775
2015-04-18 17:00:00,300.95285325718964,302.896789221624
2015-04-18 18:00:00,299.7967606648826,302.0507509675342
2015-04-18 20:00:00,298.4542095260738,301.3368607155164
2015-04-18 21:00:00,297.97404675123687,300.87225014990764
2015-04-19 05:00:00,313.83684345827265,309.9353985661535
2015-04-19 06:00:00,317.7556190667057,312.130762273615
2015-04-19 08:00:00,320.97707111846506,313.96939916860526
2015-04-19 09:00:00,321.7364378519161,314.4771126392993
2015-04-19 17:00:00,302.4478198787648,304.5647552443212
2015-04-19 18:00:00,301.5596339574029,303.7645777862502
2015-04-19 20:00:00,300.5447848280332,303.03155715072467
2015-04-19 21:00:00,300.1662933631744,302.66316679262417
2015-04-20 05:00:00,313.3072401613961,309.2883034399
2015-04-20 06:00:00,316.6849552618888,311.05978311265375
2015-04-20 08:00:00,319.53671977038744,312.73643394905173
2015-04-20 09:00:00,319.49760333562307,312.88804995591175
2015-04-20 17:00:00,300.83650978687916,302.88177588981546
2015-04-20 18:00:00,299.7952391355541,301.8624322124181
2015-04-20 20:00:00,298.5673341912738,300.842103649545
2015-04-20 21:00:00,297.8771176565961,299.9448375966406
2015-04-21 05:00:00,315.6851053105664,308.4874327531765
2015-04-21 06:00:00,318.50805828641114,309.88644733634686
2015-04-21 08:00:00,320.8880113504701,311.61734370862024
2015-04-21 09:00:00,320.5896340533287,311.78711031544924
2015-04-21 17:00:00,300.7050679681481,302.4910589609014
2015-04-21 18:00:00,299.6450408324255,301.47894924263744
2015-04-21 20:00:00,296.77076274478014,301.9791117052452
2015-04-21 21:00:00,295.6263853522773,301.51404361107683
2015-04-22 05:00:00,316.0872674363053,308.4208288677669
2015-04-22 06:00:00,319.9999004064246,310.21719999857055
2015-04-22 08:00:00,321.4519930752841,311.8098468986241
2015-04-22 09:00:00,320.9500889712012,311.93434121906296
2015-04-22 17:00:00,300.25557660542216,301.9925684524795
2015-04-22 18:00:00,299.1103501048037,301.0183845367197
2015-04-22 20:00:00,298.2321246930374,300.65240683063337
2015-04-22 21:00:00,297.9220023133171,300.2140775189745
2015-04-23 05:00:00,312.4238054601731,307.6245931851662
2015-04-23 06:00:00,316.5140056874609,309.68739010850527
2015-04-23 08:00:00,321.7206479911628,311.3840705389602
2015-04-23 09:00:00,321.57384313457,311.59724856525065
2015-04-23 17:00:00,300.42354650747245,302.3913303369366
2015-04-23 18:00:00,299.6462271856417,301.8742735499778
2015-04-23 20:00:00,298.6535970396915,300.93741726397735
2015-04-23 21:00:00,298.0992437048208,300.2866183664472
2015-04-24 05:00:00,313.45390540829794,308.6607492502739
2015-04-24 06:00:00,316.83560044298923,310.36499517173354
2015-04-24 08:00:00,321.92933885195225,311.98633186328584
2015-04-24 09:00:00,322.3860351844635,312.27533746610624
2015-04-24 17:00:00,300.67549885660185,302.7200330784214
2015-04-24 18:00:00,299.91408925578116,302.18680862873475
2015-04-24 20:00:00,298.7061229876267,300.87703950526355
2015-04-24 21:00:00,298.1988293804998,300.343728440201
2015-04-25 05:00:00,313.71539675766957,308.6952072402178
2015-04-25 06:00:00,317.20561436916165,310.5368403594924
2015-04-25 08:00:00,320.2286754073274,312.1764204028207
2015-04-25 09:00:00,320.54018109384776,312.428412697532
2015-04-25 17:00:00,301.8782353099946,303.83156532793095
2015-04-25 18:00:00,301.0411900548244,303.27731675910655
2015-04-25 20:00:00,299.2941942729274,300.71023500792234
2015-04-25 21:00:00,297.2165552970992,299.0831338326994
2015-04-26 05:00:00,316.4981278947028,307.8396440220908
2015-04-26 06:00:00,319.6081042884862,310.00701504605945
2015-04-26 08:00:00,322.3154921098189,312.89811861717095
2015-04-26 09:00:00,321.31515653401567,313.0521105750132
2015-04-26 17:00:00,303.0368527734225,304.63018836446093
2015-04-26 18:00:00,300.8894457001532,303.1346443305581
2015-04-26 20:00:00,297.5794858770856,299.8115089780928
2015-04-26 21:00:00,296.7296881771234,298.8808064512185
2015-04-27 05:00:00,315.27618643315435,307.8919086897135
2015-04-27 06:00:00,319.1718122485239,310.16670915929853
2015-04-27 08:00:00,322.87304400662975,313.83445906675837
2015-04-27 09:00:00,322.5192467170798,314.44626773781323
2015-04-27 17:00:00,304.3085035609171,305.7918731031139
2015-04-27 18:00:00,303.4052347380134,305.1547866609688
2015-04-27 20:00:00,302.47226641027515,304.52760155065033
2015-04-27 21:00:00,302.17657950332244,304.05472540010476
2015-04-28 05:00:00,314.4703557935811,309.5881125945339
2015-04-28 06:00:00,317.90450137568916,311.3067090897053
2015-04-28 08:00:00,321.54629455472366,313.2291653578749
2015-04-28 09:00:00,321.5310006633929,313.5777414847963
2015-04-28 17:00:00,301.8315452728507,303.44918599885494
2015-04-28 18:00:00,300.69331098888614,302.4560315524485
2015-04-28 20:00:00,298.500837258455,300.61453973567353
2015-04-28 21:00:00,297.45483306743705,299.5230828800995
2015-04-29 05:00:00,318.9151294396728,309.6935641108015
2015-04-29 06:00:00,321.5747681839624,311.0878200677952
2015-04-29 08:00:00,325.0131906000969,312.2578693736683
2015-04-29 09:00:00,325.2014640490704,312.78481728857946
2015-04-29 17:00:00,300.8279583994156,302.6052965067201
2015-04-29 18:00:00,298.90645946155894,301.13548177710305
2015-04-29 20:00:00,296.12700682465214,299.1512396155594
2015-04-29 21:00:00,295.7016025772448,298.6713440223541
2015-04-30 05:00:00,315.2308863094665,309.6577701421658
2015-04-30 06:00:00,319.0044429643863,312.01678755985023
2015-04-30 08:00:00,321.78769673257835,313.95699403172097
2015-04-30 09:00:00,321.4573435026619,314.0228959658113
2015-04-30 17:00:00,302.1689376713499,303.5956878426997
2015-04-30 18:00:00,300.9489565292382,302.4980969304113
2015-04-30 20:00:00,299.5224114698695,301.39551747561603
2015-04-30 21:00:00,298.7350704151971,300.3835970227634
2015-05-01 05:00:00,315.790435320791,308.9760053543538
2015-05-01 06:00:00,318.75071067398613,310.3066988623197
2015-05-01 08:00:00,322.4495667397333,311.55458398004896
2015-05-01 09:00:00,322.2378329143318,311.8987548310878
2015-05-01 17:00:00,300.2815005591911,302.01787293232826
2015-05-01 18:00:00,299.26288215625453,301.20766104535073
2015-05-01 20:00:00,298.0056059004162,299.96610244727464
2015-05-01 21:00:00,297.0865665194801,298.9930063726722
2015-05-02 05:00:00,317.12608342104596,308.4950149841779
2015-05-02 06:00:00,321.7889460253605,309.7745273866345
2015-05-02 08:00:00,324.25658121682096,310.9784101536167
2015-05-02 09:00:00,323.919809115135,311.30118141115537
2015-05-02 17:00:00,300.80111922394883,302.40961006058757
2015-05-02 18:00:00,299.544953803252,301.42858973710304
2015-05-02 20:00:00,297.3803644635828,299.66560420196487
2015-05-02 21:00:00,296.8669500600759,299.26819216782576
2015-05-03 05:00:00,314.98730290064645,309.1090690013257
2015-05-03 06:00:00,318.79831609740654,310.971895450069
2015-05-03 08:00:00,324.4743937770097,312.5404509322486
2015-05-03 09:00:00,325.2830603412928,312.96292234165094
2015-05-03 17:00:00,301.3248099163978,302.69688817569397
2015-05-03 18:00:00,299.68590669088263,301.2252756832928
2015-05-03 20:00:00,297.4380841365397,299.96473026128695
2015-05-03 21:00:00,297.2064345349516,299.61312440657656
2015-05-04 05:00:00,316.38121183186723,310.1666068854428
2015-05-04 06:00:00,320.48745494777876,311.9274766213721
2015-05-04 08:00:00,325.8801305738547,313.38129738923766
2015-05-04 09:00:00,325.93853865566166,313.7159058698704
2015-05-04 17:00:00,299.68508840599117,302.57081930810017
2015-05-04 18:00:00,297.91954995083336,300.14465430778426
2015-05-04 20:00:00,295.7301968426109,299.33334905450994
2015-05-04 21:00:00,294.9008722290604,299.09061005155917
2015-05-05 05:00:00,319.6008070136072,310.9462333173708
2015-05-05 06:00:00,323.24690519312315,312.3497440238212
2015-05-05 08:00:00,325.86317544945956,313.6740228685282
2015-05-05 09:00:00,325.4168651563177,313.79697139604804
2015-05-05 17:00:00,301.90112612684635,303.35295358901766
2015-05-05 18:00:00,300.7906826354322,302.4816224931385
2015-05-05 20:00:00,299.093140612398,301.10072044525384
2015-05-05 21:00:00,298.4953893064901,300.59461175715796
2015-05-06 05:00:00,315.33848726951476,309.88664600625066
2015-05-06 06:00:00,318.9577176133731,311.74606654750545
2015-05-06 08:00:00,322.9193639064607,313.4920952184175
2015-05-06 09:00:00,323.6277062837809,313.7873579122252
2015-05-06 17:00:00,302.6464608637688,304.41414175636044
2015-05-06 18:00:00,301.89451723730616,303.73425255350776
2015-05-06 20:00:00,300.9492049724185,302.78364887443274
2015-05-06 21:00:00,300.35616997247115,302.03374226104313
2015-05-07 05:00:00,315.0877013125662,309.9471714390077
2015-05-07 06:00:00,318.56387204492034,311.6991419623188
2015-05-07 08:00:00,323.0731693026832,313.6608625038747
2015-05-07 09:00:00,323.4210294420804,313.97459613817676
2015-05-07 17:00:00,303.411239577001,304.6483374126887
2015-05-07 18:00:00,302.18178430213396,303.51290033043625
2015-05-07 20:00:00,300.0705979733695,301.68817046978074
2015-05-07 21:00:00,299.1601847456123,300.8694377599402
2015-05-08 05:00:00,315.50360469494836,308.8330057435116
2015-05-08 06:00:00,318.6599548527934,310.3131269975142
2015-05-08 08:00:00,320.3920557524647,311.802133122284
2015-05-08 09:00:00,319.7267677530486,311.9599104823978
2015-05-08 17:00:00,302.0974920005387,303.88773079094796
2015-05-08 18:00:00,301.56154149412555,303.49952258093884
2015-05-08 20:00:00,301.1779080289538,303.0471788121298
2015-05-08 21:00:00,300.927974753828,302.71430809361914
2015-05-09 05:00:00,315.099445666297,309.30391308706606
2015-05-09 06:00:00,318.11086659953116,310.67857144536515
2015-05-09 08:00:00,321.05339964879863,312.2783788084433
2015-05-09 09:00:00,320.9849810019847,312.5571388044783
2015-05-09 17:00:00,301.50315675897116,303.2968780094376
2015-05-09 18:00:00,300.6374387344337,302.64766482689714
2015-05-09 20:00:00,299.7013955138314,301.91868259800236
2015-05-09 21:00:00,299.25742470575227,301.24957392946783
2015-05-10 05:00:00,316.53342930304433,309.53599372005607
2015-05-10 06:00:00,319.1750923003915,310.59382366068746
2015-05-10 08:00:00,321.54552293962615,311.6956848238576
2015-05-10 09:00:00,321.11004337728116,311.7884708633776
2015-05-10 17:00:00,302.51322109416384,303.07543587941785
2015-05-10 18:00:00,301.87088120846977,302.4525534889915
2015-05-10 20:00:00,300.60387177313055,301.6229113092408
2015-05-10 21:00:00,299.41884715310965,300.67902316665067
2015-05-11 05:00:00,315.73805347319194,308.981989009722
2015-05-11 06:00:00,318.8045863546833,310.17490879523183
2015-05-11 08:00:00,321.6006820514133,311.42036101777677
2015-05-11 09:00:00,320.7313401937852,311.5753765840928
2015-05-11 17:00:00,301.4027628376965,301.48020784586714
2015-05-11 18:00:00,300.5402748331267,300.91282089539044
2015-05-11 20:00:00,299.2885583016465,300.2506562454858
2015-05-11 21:00:00,298.71450911464603,299.5996226118232
2015-05-12 05:00:00,318.0378031444109,307.64191837634075
2015-05-12 06:00:00,320.35037929728884,309.0963107492597
2015-05-12 08:00:00,321.8536954859189,310.20576540531107
2015-05-12 09:00:00,321.0412488799249,310.5211859469421
2015-05-12 17:00:00,302.4712585308151,303.0719724399467
2015-05-12 18:00:00,301.5532154618133,302.34364549257725
2015-05-12 20:00:00,300.0192120850362,300.92185844809325
2015-05-12 21:00:00,299.1135032900677,300.19926666588924
2015-05-13 05:00:00,317.51578240769305,308.17169302307036
2015-05-13 06:00:00,321.8618913365439,309.6797865528171
2015-05-13 08:00:00,320.25982814136387,309.67017589034214
2015-05-13 09:00:00,318.373634091511,308.75364501671
2015-05-13 17:00:00,300.49518127911637,301.14005142000315
2015-05-13 18:00:00,299.60732766549654,300.57211851522624
2015-05-13 20:00:00,298.2677639812828,299.87993270333266
2015-05-13 21:00:00,297.872346992669,299.2331410600518
2015-05-14 05:00:00,316.8916526994279,307.52450309953264
2015-05-14 06:00:00,318.77100881332603,308.52758382318194
2015-05-14 08:00:00,317.82163590018297,308.6661669667954
2015-05-14 09:00:00,318.8811598720463,309.37772579810286
2015-05-14 17:00:00,301.35470501116504,302.13588254955044
2015-05-14 18:00:00,300.32600440450005,301.166983441322
2015-05-14 20:00:00,297.9349480439408,299.3007254813596
2015-05-14 21:00:00,296.9582058711118,298.56835932797753
2015-05-15 05:00:00,317.6574538925947,308.7616372130501
2015-05-15 06:00:00,318.36412121224663,309.4478592365659
2015-05-15 08:00:00,321.02259608005704,311.1373845880682
2015-05-15 09:00:00,321.0678637817571,311.5579823404321
2015-05-15 17:00:00,301.224138586106,303.5928387987228
2015-05-15 18:00:00,299.394956286038,301.3578268559578
2015-05-15 20:00:00,297.89612876762783,300.3225242720547
2015-05-15 21:00:00,297.0044127759654,300.6189561793911
2015-05-16 05:00:00,316.69304862705695,309.88552571959417
2015-05-16 06:00:00,319.9668708883559,311.58624718993764
2015-05-16 08:00:00,322.5670805991339,313.34795051657
2015-05-16 09:00:00,321.87023161666235,313.62121539711035
2015-05-16 17:00:00,302.8820285179949,304.56217810773336
2015-05-16 18:00:00,301.78321189468926,303.6339526066244
2015-05-16 20:00:00,298.2597986817911,301.0874839512336
2015-05-16 21:00:00,297.20739722582516,299.5072720003055
2015-05-17 05:00:00,316.9403637855189,310.13983927816383
2015-05-17 06:00:00,320.09695103061955,312.14948854608053
2015-05-17 08:00:00,322.87263893162714,314.2156704048897
2015-05-17 09:00:00,322.9177713261915,314.67908960939
2015-05-17 17:00:00,303.8381409255676,305.7470164012468
2015-05-17 18:00:00,303.08419818613675,305.13383105355894
2015-05-17 20:00:00,302.2887913919928,304.474697330516
2015-05-17 21:00:00,301.9668509508318,304.12772354102464
2015-05-18 05:00:00,315.5659078118981,310.54924448539373
2015-05-18 06:00:00,319.13785180325505,312.60247351318736
2015-05-18 08:00:00,323.07716863364766,315.14053970125315
2015-05-18 09:00:00,323.2696442919997,315.46003274080016
2015-05-18 17:00:00,304.2628579396864,305.88586383461035
2015-05-18 18:00:00,303.43248329103824,305.2618066584935
2015-05-18 20:00:00,303.01850677161076,305.1423972766095
2015-05-18 21:00:00,302.8575045640002,304.8118957613576
2015-05-19 05:00:00,315.8033943587716,310.403228289541
2015-05-19 06:00:00,319.14932116962547,312.10568303136137
2015-05-19 08:00:00,322.95953571337213,314.1095193119373
2015-05-19 09:00:00,323.1306356656349,314.5720485222909
2015-05-19 17:00:00,304.47932666843224,304.8424336766977
2015-05-19 18:00:00,303.56126688294495,304.2105767436682
2015-05-19 20:00:00,301.3336422630745,301.84270668911455
2015-05-19 21:00:00,300.70843938466027,301.3751435830891
2015-05-20 05:00:00,316.2890447960429,310.1709902253467
2015-05-20 06:00:00,319.72914295167146,311.87272347801456
2015-05-20 08:00:00,322.8861314394441,313.55908196071636
2015-05-20 09:00:00,322.668384122922,313.8431164898747
2015-05-20 17:00:00,305.29417339495404,306.3057846751162
2015-05-20 18:00:00,304.33020840073215,305.32691659324894
2015-05-20 20:00:00,302.40803088172004,304.0126756335995
2015-05-20 21:00:00,301.79888876046533,303.48289722507286
2015-05-21 05:00:00,316.2720683704723,310.64803240148603
2015-05-21 06:00:00,319.4839548542981,312.2430349623294
2015-05-21 08:00:00,322.79663271676225,314.059119555175
2015-05-21 09:00:00,322.27865889774085,314.0127569589483
2015-05-21 17:00:00,303.89914589339674,305.4283520385554
2015-05-21 18:00:00,303.6752419964007,305.14528172850055
2015-05-21 20:00:00,301.72883549530076,303.02530840622444
2015-05-21 21:00:00,301.09563216810415,302.64159241663106
2015-05-22 05:00:00,314.9766503379598,310.3820586358821
2015-05-22 06:00:00,318.2507367479416,312.30128093419717
2015-05-22 08:00:00,321.1149945839528,314.12887683744975
2015-05-22 09:00:00,321.0504186362808,314.32463786120775
2015-05-22 17:00:00,304.1874131965343,305.8177809752008
2015-05-22 18:00:00,303.5185480573328,305.2326841898067
2015-05-22 20:00:00,302.79287341195743,304.7481181845643
2015-05-22 21:00:00,302.5785045888281,304.46735477300564
2015-05-23 05:00:00,313.125678628178,308.22225228002515
2015-05-23 06:00:00,316.62533494099995,310.3810892913301
2015-05-23 08:00:00,320.77434555077224,313.4873931602631
2015-05-23 09:00:00,321.0037932315115,313.9981149635256
2015-05-23 17:00:00,304.9257981075528,306.40338786026734
2015-05-23 18:00:00,304.3956877204413,305.94158862662056
2015-05-23 20:00:00,303.6800061947392,305.58355353168787
2015-05-23 21:00:00,303.50862584753287,305.32168694306597
2015-05-24 05:00:00,312.0872534001002,307.5582190985305
2015-05-24 06:00:00,315.2839822872027,309.4403397100182
2015-05-24 08:00:00,319.02824455931307,311.99654718760536
2015-05-24 09:00:00,319.67358546558256,312.8234758421159
2015-05-24 17:00:00,305.1983529253991,306.4232268252615
2015-05-24 18:00:00,304.45888386448655,305.7715291874067
2015-05-24 20:00:00,303.34979111681736,304.8709126664972
2015-05-24 21:00:00,303.0545335719692,304.7245856991902
2015-05-25 05:00:00,313.2169472763461,308.32796803902033
2015-05-25 06:00:00,316.4722235963231,310.1451896114966
2015-05-25 08:00:00,320.4361314817643,313.0732427987921
2015-05-25 09:00:00,320.7433106080042,313.65399129952783
2015-05-25 17:00:00,305.83212614132924,306.8250898176056
2015-05-25 18:00:00,305.28146080169915,306.3673015059602
2015-05-25 20:00:00,304.02249390024616,305.25138965483256
2015-05-25 21:00:00,303.6832245296249,304.8796180055028
2015-05-26 05:00:00,313.8921767882831,308.6825435973463
2015-05-26 06:00:00,316.9662240473626,310.3143571051317
2015-05-26 08:00:00,320.456419934477,312.63994176362075
2015-05-26 09:00:00,321.06297638456704,313.20127675860255
2015-05-26 17:00:00,304.5837588082477,305.7901910861211
2015-05-26 18:00:00,303.87186947956286,305.1439074735245
2015-05-26 20:00:00,302.53905488236114,303.86494532792335
2015-05-26 21:00:00,301.76804919602876,303.0428681219303
2015-05-27 05:00:00,315.7693415378753,309.1640528603952
2015-05-27 06:00:00,319.61820219771704,311.0978627256326
2015-05-27 08:00:00,324.0746924072642,313.6444859203462
2015-05-27 09:00:00,323.8558097333864,314.0490704552602
2015-05-27 17:00:00,305.6262154836317,306.5665851234471
2015-05-27 18:00:00,304.5021559328805,305.6820835060625
2015-05-27 20:00:00,303.25188054582924,304.7719854228486
2015-05-27 21:00:00,302.8812266909654,304.2439400741977
2015-05-28 05:00:00,315.06686015783,309.2992515622743
2015-05-28 06:00:00,318.4942937301377,311.07976048826623
2015-05-28 08:00:00,322.62760147071214,313.3056733259251
2015-05-28 09:00:00,322.7842706759648,313.83847541985415
2015-05-28 17:00:00,304.68146614815316,305.9655803098517
2015-05-28 18:00:00,304.0178881205836,305.405336682712
2015-05-28 20:00:00,303.1014755789782,304.92339053396455
2015-05-28 21:00:00,302.7601039516173,304.6562035653183
2015-05-29 05:00:00,315.16165142323825,309.6284682357624
2015-05-29 06:00:00,318.46249140429387,311.369067716672
2015-05-29 08:00:00,322.3672300788398,312.96040407718607
2015-05-29 09:00:00,322.7864147356736,313.5177247880604
2015-05-29 17:00:00,304.9043736156587,306.094980765932
2015-05-29 18:00:00,304.1134986583551,305.43781780131246
2015-05-29 20:00:00,302.5614045647149,304.07026044613406
2015-05-29 21:00:00,301.89140651332576,303.3268227834364
2015-05-30 05:00:00,319.5277332370564,311.2598216992865
2015-05-30 06:00:00,321.74772256107656,312.3165190098649
2015-05-30 08:00:00,323.74334270083483,313.5668070459586
2015-05-30 09:00:00,322.9655807565651,313.76459600745443
2015-05-30 17:00:00,304.2547779994312,305.493114947538
2015-05-30 18:00:00,303.04652969054706,304.55983549567696
2015-05-30 20:00:00,302.324423744425,304.3109495518571
2015-05-30 21:00:00,302.0712254175971,303.82797003747504
2015-05-31 05:00:00,316.5883074791295,311.0862967516131
2015-05-31 06:00:00,320.0143940694894,312.6599081594882
2015-05-31 08:00:00,323.2642232603946,313.82766864700204
2015-05-31 09:00:00,323.2186190659534,314.2218037092447
2015-05-31 17:00:00,304.1819124383441,305.7263959934605
2015-05-31 18:00:00,303.36461760487134,305.16733371164474
2015-05-31 20:00:00,301.5619627683666,303.77571235268806
2015-05-31 21:00:00,300.93268113804896,303.13838532011385
2015-06-01 05:00:00,315.84474713482734,309.7615267102634
2015-06-01 06:00:00,319.0439142306524,311.39617889357277
2015-06-01 08:00:00,323.9905532343178,313.56684713260796
2015-06-01 09:00:00,324.75633110434325,314.18226538894726
2015-06-01 17:00:00,303.2320049503368,305.0908418958103
2015-06-01 18:00:00,301.80914492379355,303.4290088483108
2015-06-01 20:00:00,300.3513671451798,301.1075336709045
2015-06-01 21:00:00,298.1689426087084,298.048882318388
2015-06-02 05:00:00,315.72993643221395,308.3012470780242
2015-06-02 06:00:00,319.780062541756,309.73176746339016
2015-06-02 08:00:00,322.9769058345095,310.3347232624636
2015-06-02 09:00:00,322.1079074054359,310.7959697470643
2015-06-02 17:00:00,301.117875274047,301.9265237111708
2015-06-02 18:00:00,300.32689021364746,301.13531242570457
2015-06-02 20:00:00,298.43051714081616,299.4849653905272
2015-06-02 21:00:00,297.6988908623694,298.8433422917394
2015-06-03 05:00:00,313.9957850005116,307.40212977428473
2015-06-03 06:00:00,315.0454573432911,307.7050230616965
2015-06-03 08:00:00,316.095663367508,307.6905906218778
2015-06-03 09:00:00,317.1909983771608,308.2071035235248
2015-06-03 17:00:00,300.2562312521442,300.54588440129504
2015-06-03 18:00:00,299.19574167401476,299.4414232251089
2015-06-03 20:00:00,297.9138677564718,298.1720069215184
2015-06-03 21:00:00,297.29064407701304,297.71383337834953
2015-06-04 05:00:00,313.6524660084024,304.86806562097485
2015-06-04 06:00:00,316.0658071838285,305.8299602631979
2015-06-04 08:00:00,319.5931042170121,307.5660659484393
2015-06-04 09:00:00,319.62294485976776,308.01514137397373
2015-06-04 17:00:00,301.04971454543954,301.9424863089398
2015-06-04 18:00:00,299.94713264547624,301.07004663499737
2015-06-04 20:00:00,298.21339917293136,299.74067269488364
2015-06-04 21:00:00,297.6992127076136,299.3130012124272
2015-06-05 05:00:00,315.54207743922444,307.85522562035794
2015-06-05 06:00:00,318.4052991117645,308.93201271374534
2015-06-05 08:00:00,320.3531408794855,310.15857923416587
2015-06-05 09:00:00,319.5164244759065,310.30418490041023
2015-06-05 17:00:00,301.1337498457663,302.21161215477986
2015-06-05 18:00:00,300.0194017736497,301.2775188146277
2015-06-05 20:00:00,298.34433573530345,299.8881761171785
2015-06-05 21:00:00,297.6912448689089,299.36977850821427
2015-06-06 05:00:00,317.18975460951793,308.652272675548
2015-06-06 06:00:00,318.9952305821682,309.770559466675
2015-06-06 08:00:00,319.80333097249223,311.12083740704605
2015-06-06 09:00:00,319.3184245951555,311.24416721620247
2015-06-06 17:00:00,302.36478056121496,303.8116385484881
2015-06-06 18:00:00,301.2657239587722,302.88143323713166
2015-06-06 20:00:00,300.02559599560476,301.9983444096311
2015-06-06 21:00:00,299.5532588870573,301.5874445464101
2015-06-07 05:00:00,315.91540675464506,310.3206072838171
2015-06-07 06:00:00,317.75425628521043,311.36563676972236
2015-06-07 08:00:00,321.82741564264285,313.2064533204254
2015-06-07 09:00:00,321.23912955873374,313.2640845911528
2015-06-07 17:00:00,303.48436293873846,305.1910941619168
2015-06-07 18:00:00,302.3759592582338,304.304180104119
2015-06-07 20:00:00,300.88619442603255,303.2591066992338
2015-06-07 21:00:00,300.43494914896866,302.83330015114905
2015-06-08 05:00:00,315.9357594635527,310.33220064842095
2015-06-08 06:00:00,319.221639930008,312.1223542811507
2015-06-08 08:00:00,322.0924327832708,314.0736177323963
2015-06-08 09:00:00,322.0367408834731,314.1962733569976
2015-06-08 17:00:00,305.3647664544763,305.7641906738281
2015-06-08 18:00:00,304.5241122488248,304.96071908066205
2015-06-08 20:00:00,303.55299313961086,303.9893511991104
2015-06-08 21:00:00,302.9868461244463,303.3367989515119
2015-06-09 05:00:00,304.84711885378795,303.18987409359505
2015-06-09 06:00:00,306.41370066215154,303.94553780812873
2015-06-09 08:00:00,308.73943219530196,305.2260740306602
2015-06-09 09:00:00,309.486585784583,306.32029409070594
2015-06-09 17:00:00,302.50840385448765,302.9994620160072
2015-06-09 18:00:00,301.9548409436995,302.52106488761257
2015-06-09 20:00:00,301.1933065217522,301.7977956763034
2015-06-09 21:00:00,301.0230684677148,301.7055872842233
2015-06-10 05:00:00,312.27221595047064,306.5109950037693
2015-06-10 06:00:00,315.32037330004397,307.854675010834
2015-06-10 08:00:00,317.42644845171964,308.84016507799714
2015-06-10 09:00:00,317.9682716875121,309.2737298621603
2015-06-10 17:00:00,303.43404006370235,303.9967227929913
2015-06-10 18:00:00,302.91682930169014,303.60354863476863
2015-06-10 20:00:00,302.0766595919805,302.90900288304124
2015-06-10 21:00:00,301.8157766897616,302.5755029804718
2015-06-11 05:00:00,313.79780635040237,307.6609737355096
2015-06-11 06:00:00,316.39198082217086,308.61322592807295
2015-06-11 08:00:00,319.9794037617594,308.77832524985854
2015-06-11 09:00:00,320.3953529675312,309.30063178910314
2015-06-11 17:00:00,303.40797720557913,303.5157563572489
2015-06-11 18:00:00,302.96673080844033,303.00474148648914
2015-06-11 20:00:00,301.21910419669837,300.63915721734605
2015-06-11 21:00:00,300.73501285970303,300.27429058151364
2015-06-12 05:00:00,310.08495978544966,304.7235531564487
2015-06-12 06:00:00,313.4784336413368,306.2756697503371
2015-06-12 08:00:00,317.5842621601969,309.151566586252
2015-06-12 09:00:00,318.05848117822495,309.68870455090916
2015-06-12 17:00:00,304.05648413424507,304.5097960015108
2015-06-12 18:00:00,303.3849793420918,303.91395825120077
2015-06-12 20:00:00,302.3291242508381,302.78465506108404
2015-06-12 21:00:00,301.9758768419639,302.60361528910914
2015-06-13 05:00:00,312.9857767160942,307.3315540895624
2015-06-13 06:00:00,316.03320317202247,308.6771831306728
2015-06-13 08:00:00,320.45546410888295,310.537366329246
2015-06-13 09:00:00,319.5396118399175,310.6102463732515
2015-06-13 17:00:00,303.7387817570903,304.44271791807864
2015-06-13 18:00:00,303.03742623586317,303.77330837631814
2015-06-13 20:00:00,301.1991605126803,300.99628623645
2015-06-13 21:00:00,300.86302977387084,300.80956636261317
2015-06-14 05:00:00,311.64816138410055,306.04889484987416
2015-06-14 06:00:00,314.9562207943486,307.4709478534058
2015-06-14 08:00:00,318.9380653040435,309.00697559421343
2015-06-14 09:00:00,318.00375521385064,309.12948998684874
2015-06-14 17:00:00,303.23778781979036,303.79796747286997
2015-06-14 18:00:00,302.6715969561796,303.3874596359183
2015-06-14 20:00:00,301.5885218545358,302.1586725737538
2015-06-14 21:00:00,301.26015790989294,301.9004707747872
2015-06-15 05:00:00,310.3409819992371,305.32360141560184
2015-06-15 06:00:00,313.7730473076067,306.83944593996773
2015-06-15 08:00:00,318.73046444744466,308.586192926016
2015-06-15 09:00:00,318.80367647003504,308.9631475087123
2015-06-15 17:00:00,303.1237108791922,303.8398218140213
2015-06-15 18:00:00,302.41021427571866,303.20471278397804
2015-06-15 20:00:00,301.32069056059805,302.0106972575372
2015-06-15 21:00:00,301.1271473042587,301.78756974841855
2015-06-16 05:00:00,312.66511354608053,306.6012653650598
2015-06-16 06:00:00,315.8322295202129,308.11627519369495
2015-06-16 08:00:00,319.6453593860973,309.3092001751869
2015-06-16 09:00:00,319.9281946543736,309.6523843068739
2015-06-16 17:00:00,303.80280323939627,303.77950501993
2015-06-16 18:00:00,302.916488953107,303.02095802906666
2015-06-16 20:00:00,301.56635584192026,301.72560618067007
2015-06-16 21:00:00,301.29705208659357,301.41952437061383
2015-06-17 05:00:00,314.3066540264018,306.37646644251373
2015-06-17 06:00:00,318.30070537925684,307.95548712637833
2015-06-17 08:00:00,321.83077730199403,309.72316289352153
2015-06-17 09:00:00,320.53510012869106,309.83849904864155
2015-06-17 17:00:00,304.05488294886516,304.3583162657469
2015-06-17 18:00:00,303.33276569384094,303.79455347751804
2015-06-17 20:00:00,302.7934946962424,303.0081346273789
2015-06-17 21:00:00,302.2867301858629,302.3440140781491
2015-06-18 05:00:00,314.9064413579109,307.66980154451863
2015-06-18 06:00:00,318.26874475229323,309.00023962646856
2015-06-18 08:00:00,320.83124291841716,310.9181625295677
2015-06-18 09:00:00,322.8111886610787,312.0083869734237
2015-06-18 17:00:00,304.5562761068711,305.4129990399894
2015-06-18 18:00:00,303.4816859969741,304.3778730254328
2015-06-18 20:00:00,302.7289224398338,304.00448281592327
2015-06-18 21:00:00,302.36469230005304,303.4910057549851
2015-06-19 05:00:00,314.43377732569337,308.457518614312
2015-06-19 06:00:00,318.37560863524266,310.20804531291384
2015-06-19 08:00:00,323.0602776243801,311.9303585340503
2015-06-19 09:00:00,323.15732629714284,312.263308767545
2015-06-19 17:00:00,305.6102575175751,306.31060130350033
2015-06-19 18:00:00,304.8062543119598,305.6348183136692
2015-06-19 20:00:00,303.08750875558246,304.2219095803189
2015-06-19 21:00:00,302.4125478124398,303.7130581660337
2015-06-20 05:00:00,317.8579099916714,309.9606160544467
2015-06-20 06:00:00,322.6413517791795,311.6176657654655
2015-06-20 08:00:00,324.286148565025,312.6438439932002
2015-06-20 09:00:00,323.99717839362995,313.0265969392515
2015-06-20 17:00:00,306.4481285812307,307.05124766580496
2015-06-20 18:00:00,305.80819471738374,306.42764246959723
2015-06-20 20:00:00,304.01732345134343,304.0120380560312
2015-06-20 21:00:00,303.2375359204591,303.3871147261562
2015-06-21 05:00:00,318.44418689980535,309.2131227748971
2015-06-21 06:00:00,321.622437487398,310.63606565501914
2015-06-21 08:00:00,323.3413033507455,311.93543686594916
2015-06-21 09:00:00,320.8809931539057,311.8534139624362
2015-06-21 17:00:00,304.8691519574134,305.56169368232526
2015-06-21 18:00:00,304.2853765267253,305.13185876690557
2015-06-21 20:00:00,303.5633094211572,303.99775705205275
2015-06-21 21:00:00,303.1809498415155,303.48899756668163
2015-06-22 05:00:00,314.41113151938225,308.1051473984917
2015-06-22 06:00:00,319.36006916910173,309.6457046015054
2015-06-22 08:00:00,322.2128223483845,310.4136329498056
2015-06-22 09:00:00,322.2604432892175,311.1516967209168
2015-06-22 17:00:00,304.7503156382792,304.61855470160674
2015-06-22 18:00:00,303.4589006279944,303.42113651222735
2015-06-22 20:00:00,301.8400675063875,301.67870978544966
2015-06-22 21:00:00,301.47347911958155,301.3117266450715
2015-06-23 05:00:00,314.29894622191443,306.0931707537964
2015-06-23 06:00:00,318.64062746867927,308.08918386027335
2015-06-23 08:00:00,323.7915162496464,310.38137170823956
2015-06-23 09:00:00,322.595516022622,310.22082303227927
2015-06-23 17:00:00,300.14317049047065,300.33046942242123
2015-06-23 18:00:00,300.21173281441855,300.1543734981026
2015-06-23 20:00:00,299.59359468480653,301.0889676274798
2015-06-23 21:00:00,299.8038400376706,300.9143574013732
2015-06-24 05:00:00,310.5595413231519,304.9860884750202
2015-06-24 06:00:00,312.2808798626869,305.6405750151224
2015-06-24 08:00:00,312.675641734354,305.8897330544212
2015-06-24 09:00:00,312.5966133388055,305.57236608849104
2015-06-24 17:00:00,299.3744699863146,299.2774353967793
2015-06-24 18:00:00,299.20344574021635,299.26657179728124
2015-06-24 20:00:00,298.5304881420635,298.39451693166023
2015-06-24 21:00:00,297.96914592913373,297.96334751875634
2015-06-25 05:00:00,301.79988330905724,301.0456210519941
2015-06-25 06:00:00,304.6534985041214,302.7805091846154
2015-06-25 08:00:00,311.4971216845403,307.18791711275315
2015-06-25 09:00:00,311.1128120598698,306.03998623276345
2015-06-25 17:00:00,297.330685984372,297.8916565317586
2015-06-25 18:00:00,297.5489961832808,298.0658937756931
2015-06-25 20:00:00,298.010799837039,298.8478568478248
2015-06-25 21:00:00,298.13647272847646,298.90380050588647
2015-06-26 05:00:00,306.93854695512624,303.7663172882033
2015-06-26 06:00:00,309.48759502769434,304.913660034744
2015-06-26 08:00:00,311.37632365880654,306.08462303408487
2015-06-26 09:00:00,312.5392299705,306.90696852673744
2015-06-26 17:00:00,300.8579464340798,301.56145302136247
2015-06-26 18:00:00,300.23600712616013,300.9005109084589
2015-06-26 20:00:00,299.59507130768344,300.3208769811504
2015-06-26 21:00:00,299.26567895827566,299.96783919841374
2015-06-27 05:00:00,307.63518388980344,303.9258446127682
2015-06-27 06:00:00,310.8947321064483,305.65613439527607
2015-06-27 08:00:00,314.87613730878786,307.98775652634157
2015-06-27 09:00:00,315.18204360750315,308.54504323997554
2015-06-27 17:00:00,302.530004892217,303.277017860824
2015-06-27 18:00:00,301.7736811939116,302.45490689270304
2015-06-27 20:00:00,300.6246325899897,301.36449005644204
2015-06-27 21:00:00,300.05831387230353,300.8513978978703
2015-06-28 05:00:00,309.2932763239269,304.78806254382494
2015-06-28 06:00:00,312.21381007871935,306.43477448403195
2015-06-28 08:00:00,315.772502223222,308.734371332248
2015-06-28 09:00:00,316.11377691377663,309.35660565909694
2015-06-28 17:00:00,303.295315899724,304.1827035912748
2015-06-28 18:00:00,302.7637643681836,303.4511625880637
2015-06-28 20:00:00,301.6917580485528,302.22675108358567
2015-06-28 21:00:00,301.35159092507854,301.8681800971597
2015-06-29 05:00:00,310.038258392381,305.5651146134905
2015-06-29 06:00:00,311.19668024236506,305.9193335064387
2015-06-29 08:00:00,316.1132212963604,308.5414440231441
2015-06-29 09:00:00,316.86660190576396,309.27114456717516
2015-06-29 17:00:00,300.71129169669837,300.81380586080445
2015-06-29 18:00:00,300.2989615512372,300.43253771953846
2015-06-29 20:00:00,299.6151531201849,299.40184735737523
2015-06-29 21:00:00,299.3930459514788,299.212597675059
2015-06-30 05:00:00,309.8497326443853,305.4130607804826
2015-06-30 06:00:00,313.0490124295415,307.12646790021006
2015-06-30 08:00:00,316.52142637279263,308.9470070955015
2015-06-30 09:00:00,316.21655061836424,309.00389087365477
2015-06-30 17:00:00,302.41107048422606,303.318995400827
2015-06-30 18:00:00,301.901478019444,302.8481037627751
2015-06-30 20:00:00,301.15566464087635,302.0897391250211
2015-06-30 21:00:00,300.7545494467525,301.69276131981144
2015-07-01 05:00:00,308.9237574267277,304.9617825641838
2015-07-01 06:00:00,311.84787516307387,306.627668054519
2015-07-01 08:00:00,316.1298573028142,309.28854231400925
2015-07-01 09:00:00,316.58772193191595,309.6364657926633
2015-07-01 17:00:00,303.00268183210045,303.79517128214076
2015-07-01 18:00:00,302.40451630532095,303.2181880110402
2015-07-01 20:00:00,301.7908245962463,302.438179545116
2015-07-01 21:00:00,300.00249773916,301.9219369050718
2015-07-02 05:00:00,309.22226521120234,304.4789826991195
2015-07-02 06:00:00,311.7988053896394,305.8094034768032
2015-07-02 08:00:00,315.1295923077271,307.7628766781377
2015-07-02 09:00:00,316.2075522588839,308.46662086992313
2015-07-02 17:00:00,302.93487327822555,303.61104408581565
2015-07-02 18:00:00,302.4245615343467,303.2677801099874
2015-07-02 20:00:00,301.8304397512474,302.7660702556969
2015-07-02 21:00:00,301.79935176714173,302.6888514961043
2015-07-03 05:00:00,309.26440650693075,304.2725890972214
2015-07-03 06:00:00,312.14652030016134,305.76184594576085
2015-07-03 08:00:00,315.5280637814562,307.7669336116185
2015-07-03 09:00:00,316.3055434733951,308.5979428754198
2015-07-03 17:00:00,304.0999943714113,304.5728484919332
2015-07-03 18:00:00,303.5967778233791,304.1521340533288
2015-07-03 20:00:00,302.99997931011654,303.538424029005
2015-07-03 21:00:00,302.46351759900296,302.7996750935935
2015-07-04 05:00:00,308.1270038387257,303.7264521147695
2015-07-04 06:00:00,310.97156514078154,305.4264504031518
2015-07-04 08:00:00,314.8391400588496,307.7815690709189
2015-07-04 09:00:00,315.6093784796622,308.6380255042313
2015-07-04 17:00:00,303.9186287572829,304.64224179683737
2015-07-04 18:00:00,303.45559236264927,304.2246527532216
2015-07-04 20:00:00,302.6744630928216,303.0980302196438
2015-07-04 21:00:00,302.0669481838797,302.21694600673965
2015-07-05 05:00:00,308.6003528941762,304.3683981638293
2015-07-05 06:00:00,311.58583003016213,306.0062658371654
2015-07-05 08:00:00,315.45552512052797,308.46694497224547
2015-07-05 09:00:00,316.10237794003245,309.1865047930936
2015-07-05 17:00:00,303.76864946127307,304.4878356181234
2015-07-05 18:00:00,303.2957616961792,304.08981149259074
2015-07-05 20:00:00,302.5624952507313,302.9366349042472
2015-07-05 21:00:00,301.92865528641573,302.0932862879866
2015-07-06 05:00:00,306.1538528889097,303.0322353321892
2015-07-06 06:00:00,308.30350822366444,304.4959546575561
2015-07-06 08:00:00,312.5815081721278,306.9299364839386
2015-07-06 09:00:00,312.33305598701276,307.09830664118925
2015-07-06 17:00:00,302.7364411905109,302.9923973612499
2015-07-06 18:00:00,302.2201084084063,302.6537977785837
2015-07-06 20:00:00,302.00787616841416,302.6063479760028
2015-07-06 21:00:00,301.7247962422657,302.1592499390589
2015-07-07 05:00:00,310.83609812873175,304.8975817146948
2015-07-07 06:00:00,314.1490903833798,306.74677769171626
2015-07-07 08:00:00,314.0481809783606,306.70154229444796
2015-07-07 09:00:00,314.54912321446307,307.07471502506866
2015-07-07 17:00:00,302.88944762807415,302.73849002973327
2015-07-07 18:00:00,302.5112496774259,302.4129679111193
2015-07-07 20:00:00,301.4277212087105,301.59612233025274
2015-07-07 21:00:00,301.26373488509967,301.3820457282162
2015-07-08 05:00:00,307.4600477174544,303.892450106346
2015-07-08 06:00:00,310.30019765421866,305.0102766180994
2015-07-08 08:00:00,310.4313025805175,305.7412280536763
2015-07-08 09:00:00,311.0185568975557,306.52919930339044
2015-07-08 17:00:00,299.2516108720071,299.94397179555085
2015-07-08 18:00:00,298.85021793970895,299.6663375407779
2015-07-08 20:00:00,297.872811786199,298.54830358943144
2015-07-08 21:00:00,297.57813282923996,298.1501568058055
2015-07-09 05:00:00,300.4144790014611,299.653728867165
2015-07-09 06:00:00,303.0441372817029,301.23719919260554
2015-07-09 08:00:00,306.50690480189627,303.8671746158453
2015-07-09 09:00:00,308.6307556904703,304.98690506710295
2015-07-09 17:00:00,300.8888122135392,301.65060791579896
2015-07-09 18:00:00,300.4526622519471,301.0221576661285
2015-07-09 20:00:00,299.843146607762,301.6562491065733
2015-07-09 21:00:00,300.1699447279168,301.5091441996476
2015-07-10 05:00:00,304.2087374130273,302.52022255073166
2015-07-10 06:00:00,307.8560982161935,304.0518228210544
2015-07-10 08:00:00,311.8570835013603,306.1623501770302
2015-07-10 09:00:00,313.0380422066099,306.91345628641415
2015-07-10 17:00:00,302.5361442624696,302.80822448260244
2015-07-10 18:00:00,301.51120350136785,301.71724791445973
2015-07-10 20:00:00,299.95019789873544,299.8949865920151
2015-07-10 21:00:00,299.54682567343696,299.42541804850015
2015-07-11 05:00:00,305.51557851829585,302.9396081345475
2015-07-11 06:00:00,308.36683121080205,304.26748349229433
2015-07-11 08:00:00,311.8150089540173,306.0281754833157
2015-07-11 09:00:00,309.85564287417844,304.38647183504975
2015-07-11 17:00:00,298.131867865752,298.33980185298594
2015-07-11 18:00:00,297.8808053697019,298.1267659755995
2015-07-11 20:00:00,297.95062827182295,298.3234367429384
2015-07-11 21:00:00,297.77143711742525,298.27649261991854
2015-07-12 05:00:00,306.4281990039514,303.94533163814225
2015-07-12 06:00:00,307.5990932329411,305.07786813979897
2015-07-12 08:00:00,309.9238238929784,306.6397895283986
2015-07-12 09:00:00,308.7993194391988,304.67236633771006
2015-07-12 17:00:00,298.9937556050775,299.63311052836696
2015-07-12 18:00:00,298.47473302056505,299.16122231975726
2015-07-12 20:00:00,298.145007634567,298.832632502716
2015-07-12 21:00:00,298.222649431743,298.6909668721109
2015-07-13 05:00:00,304.49659794835355,302.2686020861422
2015-07-13 06:00:00,306.0915673348497,303.2090622912203
2015-07-13 08:00:00,312.44685624744204,307.4174957510503
2015-07-13 09:00:00,312.4541253088435,307.6956525429372
2015-07-13 17:00:00,300.41209348140774,301.3569456785229
2015-07-13 18:00:00,300.2993824492985,301.2851035143084
2015-07-13 20:00:00,300.0870313835438,301.3162895872707
2015-07-13 21:00:00,300.18020895559727,301.2841461134618
2015-07-14 05:00:00,307.5639643029917,304.8028854581719
2015-07-14 06:00:00,309.82261060529567,306.00971232503883
2015-07-14 08:00:00,311.9319767415616,307.1600995173991
2015-07-14 09:00:00,312.17735934735083,307.62393042706935
2015-07-14 17:00:00,302.03038732590403,302.94236433267224
2015-07-14 18:00:00,301.38055255343255,302.3119975649888
2015-07-14 20:00:00,300.6047803646611,301.65338713141915
2015-07-14 21:00:00,300.3161738649906,301.38551528060754
2015-07-15 05:00:00,307.8568863361753,304.34105615366036
2015-07-15 06:00:00,310.138161422659,305.6255713934524
2015-07-15 08:00:00,313.15480873801494,307.5243121413127
2015-07-15 09:00:00,313.5111911579714,308.039710116864
2015-07-15 17:00:00,301.8456126537822,302.9097161902852
2015-07-15 18:00:00,301.27797140582874,302.36933207695586
2015-07-15 20:00:00,300.9719375351728,302.27461703495914
2015-07-15 21:00:00,300.8096565046737,301.907565876589
2015-07-16 05:00:00,307.38272515577603,303.40549876914
2015-07-16 06:00:00,310.0852412148874,304.9329883828185
2015-07-16 08:00:00,313.89421314304155,307.5987284091662
2015-07-16 09:00:00,312.85870885628583,307.68942260742193
2015-07-16 17:00:00,302.0373233507153,302.6537663675787
2015-07-16 18:00:00,301.63329328116725,302.22230325237445
2015-07-16 20:00:00,301.1137900800661,301.79083917320975
2015-07-16 21:00:00,300.59276645466434,301.32579708246317
2015-07-17 05:00:00,308.79440239434615,304.37937976619685
2015-07-17 06:00:00,311.2797223342402,305.4907067391465
2015-07-17 08:00:00,315.0276102733171,306.57982450934884
2015-07-17 09:00:00,315.2923093775204,306.33878226493283
2015-07-17 17:00:00,302.49137356468634,303.05431202563744
2015-07-17 18:00:00,302.34553687708404,302.85068167523355
2015-07-17 20:00:00,300.87738707179466,300.80344582485674
2015-07-17 21:00:00,300.68309284321884,300.67705964968644
2015-07-18 05:00:00,305.764667552131,302.81942205914
2015-07-18 06:00:00,308.1551954272348,304.33507021770276
2015-07-18 08:00:00,308.69125998663066,305.6869517180879
2015-07-18 09:00:00,310.6024307932802,306.75886030153066
2015-07-18 17:00:00,300.2041063117687,301.09075029605344
2015-07-18 18:00:00,300.1575529454118,301.4014485598713
2015-07-18 20:00:00,298.33912566997606,298.8439247119592
2015-07-18 21:00:00,297.77198843228615,298.555456223216
2015-07-19 05:00:00,299.1947784188716,299.5965262061826
2015-07-19 06:00:00,301.63986459975985,300.6283458833151
2015-07-19 08:00:00,308.0452886266959,304.56295600032956
2015-07-19 09:00:00,306.8381700559831,303.1932149925291
2015-07-19 17:00:00,298.3823242892837,299.23515338633206
2015-07-19 18:00:00,298.37845191896787,299.0807001851557
2015-07-19 20:00:00,297.32627038705886,297.73154100321113
2015-07-19 21:00:00,297.0237122052256,297.6501421818197
2015-07-20 05:00:00,302.8571259156214,301.17158731657474
2015-07-20 06:00:00,303.85662971108644,302.25052070323784
2015-07-20 08:00:00,305.7376618701247,302.1881966142699
2015-07-20 09:00:00,306.3027249940188,302.84195997241096
2015-07-20 17:00:00,299.0572494248213,298.75672287198904
2015-07-20 18:00:00,298.55134338002733,298.2840726408643
2015-07-20 20:00:00,297.19341907001603,297.4017139311381
2015-07-20 21:00:00,296.8447157473337,297.14222522141944
2015-07-21 05:00:00,301.5864428504039,300.19782493367956
2015-07-21 06:00:00,303.07314717861465,301.2559640234902
2015-07-21 08:00:00,306.3466951578902,303.05612998456905
2015-07-21 09:00:00,305.8980907798732,303.21278125075236
2015-07-21 17:00:00,299.522632475443,299.88280290741767
2015-07-21 18:00:00,299.0753016537988,299.48532167972513
2015-07-21 20:00:00,298.6644391969466,298.88222815185924
2015-07-21 21:00:00,298.4385711952056,298.56353611644863
2015-07-22 05:00:00,301.520058371804,300.97993123623183
2015-07-22 06:00:00,302.25483209877433,301.56747121472944
2015-07-22 08:00:00,308.74234175718806,304.26980934084287
2015-07-22 09:00:00,309.59330135868584,304.8835887232988
2015-07-22 17:00:00,299.06142739412047,299.3240659975308
2015-07-22 18:00:00,298.88121380681065,298.68403155263655
2015-07-22 20:00:00,298.05148244896,298.84926340723257
2015-07-22 21:00:00,297.8384558585098,298.45250714835475
2015-07-23 05:00:00,305.17881638537204,302.4338304375647
2015-07-23 06:00:00,307.06584607140496,303.44849570910634
2015-07-23 08:00:00,309.2563629385503,305.18827170914244
2015-07-23 09:00:00,309.77029501234625,305.20543382641716
2015-07-23 17:00:00,298.4731489513615,298.5702157277723
2015-07-23 18:00:00,298.497884083235,298.5808334468142
2015-07-23 20:00:00,298.38397167423295,298.5705551829287
2015-07-23 21:00:00,298.48335491821103,298.559724358087
2015-07-24 05:00:00,301.8976787925685,300.31317068138185
2015-07-24 06:00:00,305.35131386872985,301.7458389587873
2015-07-24 08:00:00,309.3507764725178,304.2896081016317
2015-07-24 09:00:00,310.5491499937554,304.6071873739798
2015-07-24 17:00:00,298.24459566136903,297.87131188720326
2015-07-24 18:00:00,297.9696252526047,297.5977480143355
2015-07-24 20:00:00,297.82292325764854,297.7375135377669
2015-07-24 21:00:00,297.72874779840834,297.5663524092805
2015-07-25 05:00:00,298.95656504579614,297.90630659153356
2015-07-25 06:00:00,299.23587228924913,298.030992128816
2015-07-25 08:00:00,303.7149545349215,302.57176913833024
2015-07-25 09:00:00,306.13645706999654,303.71484838171256
2015-07-25 17:00:00,297.4718738197362,297.3129372853895
2015-07-25 18:00:00,297.47497772545955,297.2985527614599
2015-07-25 20:00:00,297.4689969149503,297.51919997675213
2015-07-25 21:00:00,297.4441288270642,297.512502214758
2015-07-26 05:00:00,300.92990269829943,299.97620242549385
2015-07-26 06:00:00,302.1676799380357,300.634756878822
2015-07-26 08:00:00,303.8481199855246,301.39299749483126
2015-07-26 09:00:00,304.8097315525238,301.6231468682664
2015-07-26 17:00:00,297.13104283313726,297.06587334443316
2015-07-26 18:00:00,296.88702916878583,296.6509451138771
2015-07-26 20:00:00,296.1610208990394,296.1106687760317
2015-07-26 21:00:00,295.9507160627603,295.89704676365085
2015-07-27 05:00:00,297.14648068373674,297.560020152887
2015-07-27 06:00:00,298.3581092728672,298.25366384920613
2015-07-27 08:00:00,297.96997204326516,297.98839227003384
2015-07-27 09:00:00,297.9387305543309,298.04172712187926
2015-07-27 17:00:00,296.10755179806375,296.7736525807432
2015-07-27 18:00:00,296.12553325823535,296.72505754608954
2015-07-27 20:00:00,296.0285825802843,296.4274331491056
2015-07-27 21:00:00,295.90549202141665,296.3593309869752
2015-07-28 05:00:00,295.1114349130122,295.9014155501026
2015-07-28 06:00:00,295.2788022457176,296.15707818311984
2015-07-28 08:00:00,295.68127500184323,296.54689039985647
2015-07-28 09:00:00,296.0305642008965,296.994659306272
2015-07-28 17:00:00,294.8610043048124,295.14413814221405
2015-07-28 18:00:00,294.99716153607716,295.3541575051236
2015-07-28 20:00:00,294.9878085802075,295.5748810613835
2015-07-28 21:00:00,294.9979338094891,295.3488331517012
2015-07-29 05:00:00,296.94647454260314,297.0356228303836
2015-07-29 06:00:00,299.33648498253024,298.76986339316346
2015-07-29 08:00:00,299.52930827794717,299.02887021668704
2015-07-29 09:00:00,299.7912463172008,298.80173176205585
2015-07-29 17:00:00,296.6453613375295,296.7707813656753
2015-07-29 18:00:00,296.5145922456574,296.57380403539247
2015-07-29 20:00:00,296.1280042651254,296.0604008232316
2015-07-29 21:00:00,295.9049196169814,295.8519568068588
2015-07-30 05:00:00,297.69972696877403,298.01001357444443
2015-07-30 06:00:00,299.5293233016239,299.0852004699237
2015-07-30 08:00:00,301.0329760535289,299.82861513863725
2015-07-30 09:00:00,300.48065317209773,299.563059661348
2015-07-30 17:00:00,297.0079899627733,297.37397262972934
2015-07-30 18:00:00,297.13830253706874,297.6172688488601
2015-07-30 20:00:00,296.44932631388286,296.7302240451055
2015-07-30 21:00:00,296.3159613939941,296.6575468324917
2015-07-31 05:00:00,297.44225074991425,297.82171322862246
2015-07-31 06:00:00,298.98049082704614,298.49598968929064
2015-07-31 08:00:00,300.4414747617278,300.0769549870895
2015-07-31 09:00:00,300.989024345974,300.1466692202999
2015-07-31 17:00:00,297.33444672336196,297.74829118020364
2015-07-31 18:00:00,297.2926705335432,297.73409603924154
2015-07-31 20:00:00,297.24369431129776,297.6613659968913
2015-07-31 21:00:00,297.3236604758147,297.67779778479064
2015-08-01 05:00:00,298.98563858761077,298.5246573096982
2015-08-01 06:00:00,299.4226385742564,299.1448232594918
2015-08-01 08:00:00,300.33354297514506,299.35793505464386
2015-08-01 09:00:00,300.76047058575693,299.72083133174385
2015-08-01 17:00:00,297.14840486641106,297.64225844278906
2015-08-01 18:00:00,297.1042317065693,297.5952420932671
2015-08-01 20:00:00,297.1756293674463,297.65101802220516
2015-08-01 21:00:00,297.1516560935093,297.583924891585
2015-08-02 05:00:00,300.694844250319,299.4599881164833
2015-08-02 06:00:00,301.7395151429257,300.3325200720084
2015-08-02 08:00:00,302.926034442449,300.97678301183765
2015-08-02 09:00:00,303.4381571624239,301.20145043606755
2015-08-02 17:00:00,297.4988633260154,298.0039989547847
2015-08-02 18:00:00,297.18537209250707,297.7303448223003
2015-08-02 20:00:00,296.90866126485156,297.529847390479
2015-08-02 21:00:00,296.7081184798654,297.27993271273715
2015-08-03 05:00:00,299.87513921000004,298.80865191678606
2015-08-03 06:00:00,300.7392420129526,299.4749203110329
2015-08-03 08:00:00,301.3851083482175,300.3067501873375
2015-08-03 09:00:00,301.51211648949857,300.71445501530303
2015-08-03 17:00:00,297.2848910903343,297.97326420341693
2015-08-03 18:00:00,296.8358059311501,297.54495681268963
2015-08-03 20:00:00,296.9421840955737,297.7891247577403
2015-08-03 21:00:00,296.7329366298964,297.42582744956934
2015-08-04 05:00:00,301.0961122909569,300.2072505627648
2015-08-04 06:00:00,302.8608650948123,301.2356084462123
2015-08-04 08:00:00,305.69824444457817,303.1955823148895
2015-08-04 09:00:00,305.2145625556746,302.9371258657776
2015-08-04 17:00:00,298.4360663791651,299.09097741454707
2015-08-04 18:00:00,297.9309994737246,298.5622754912531
2015-08-04 20:00:00,297.5996247748565,298.35470040296366
2015-08-04 21:00:00,297.40109810145873,298.06526405087607
2015-08-05 05:00:00,302.2421993261493,300.48226032933036
2015-08-05 06:00:00,303.22063604745733,301.2905930106188
2015-08-05 08:00:00,303.16247542135886,301.8172672547986
2015-08-05 09:00:00,303.19273931329906,301.9784215565639
2015-08-05 17:00:00,298.27857806612786,298.61086394276197
2015-08-05 18:00:00,297.90780651404054,298.2131851266823
2015-08-05 20:00:00,297.40371537171825,298.0039250824962
2015-08-05 21:00:00,297.1270398344207,297.6833757773754
2015-08-06 05:00:00,302.45395130222124,300.5806657412019
2015-08-06 06:00:00,303.02096635204254,301.1991736554585
2015-08-06 08:00:00,305.5608897392849,303.033893555816
2015-08-06 09:00:00,305.2878389285048,303.0929285646036
2015-08-06 17:00:00,298.6208995942526,299.4222084833037
2015-08-06 18:00:00,298.32206382810244,299.0138824415868
2015-08-06 20:00:00,297.98490059357397,298.424126764659
2015-08-06 21:00:00,297.5897901208816,298.00166939146163
2015-08-07 05:00:00,302.9590936316914,301.05837107512906
2015-08-07 06:00:00,305.0039095885948,302.3524480035015
2015-08-07 08:00:00,306.200494257805,303.0889541790555
2015-08-07 09:00:00,306.02868760495414,303.50535689296635
2015-08-07 17:00:00,299.39595290361825,300.087055294466
2015-08-07 18:00:00,298.89815023977695,299.55784929037463
2015-08-07 20:00:00,298.59074585243076,299.3128594632141
2015-08-07 21:00:00,298.3579141061369,298.8518065936026
2015-08-08 05:00:00,303.1976802690738,301.3896986104674
2015-08-08 06:00:00,304.1698585122318,302.11072604939085
2015-08-08 08:00:00,305.4593293317845,303.5086587162341
2015-08-08 09:00:00,305.0081094938728,303.36306471156047
2015-08-08 17:00:00,299.224985695767,299.8370488758998
2015-08-08 18:00:00,299.1409444470986,299.7343054302668
2015-08-08 20:00:00,298.88182404081704,299.60058753626373
2015-08-08 21:00:00,298.60601188295243,299.18261706994383
2015-08-09 05:00:00,302.2898528535487,300.7246968602914
2015-08-09 06:00:00,303.45853573368584,301.78003193013296
2015-08-09 08:00:00,306.2491266988275,303.5279668446498
2015-08-09 09:00:00,305.6047387732931,303.33569335937506
2015-08-09 17:00:00,298.6692309269369,299.42065302726854
2015-08-09 18:00:00,298.33785387694564,299.089865403844
2015-08-09 20:00:00,298.41342729706605,299.2978173301473
2015-08-09 21:00:00,298.19247956121654,298.930049996163
2015-08-10 05:00:00,303.2829785457194,301.21623653182627
2015-08-10 06:00:00,303.08519219397033,301.38296600482863
2015-08-10 08:00:00,306.84590031369623,303.4051233417999
2015-08-10 09:00:00,307.1239476137793,303.7547808442902
2015-08-10 17:00:00,299.3330491452445,299.8636374921755
2015-08-10 18:00:00,299.0707866039776,299.5745399134185
2015-08-10 20:00:00,298.2618297230114,298.3887694936321
2015-08-10 21:00:00,297.74806730625994,298.0160699970734
2015-08-11 05:00:00,300.6163722010349,300.14631050944513
2015-08-11 06:00:00,302.1808707027112,301.11747577120605
2015-08-11 08:00:00,303.306799654968,301.1492804716842
2015-08-11 09:00:00,304.19696729098706,301.9107929576527
2015-08-11 17:00:00,298.0798027144375,298.3259234083085
2015-08-11 18:00:00,297.6223503547751,297.89131644179895
2015-08-11 20:00:00,297.47581557169536,297.78910385625574
2015-08-11 21:00:00,297.4101236399223,297.6409579895678
2015-08-12 05:00:00,300.2610145886249,299.24670979128047
2015-08-12 06:00:00,300.6321281115704,299.4335489611045
2015-08-12 08:00:00,303.0175120819515,302.17817419960244
2015-08-12 09:00:00,304.23300793946066,302.7690573811347
2015-08-12 17:00:00,297.6875875793363,298.0248405562344
2015-08-12 18:00:00,297.52104772441373,297.87596229118265
2015-08-12 20:00:00,297.0749330212045,297.20392402919305
2015-08-12 21:00:00,296.965198111277,296.97963560601045
2015-08-13 05:00:00,300.3991785269857,299.6971868623754
2015-08-13 06:00:00,302.6193567402374,300.6628982003187
2015-08-13 08:00:00,306.5940572212583,302.7792383555455
2015-08-13 09:00:00,305.3808109418637,302.9909416868801
2015-08-13 17:00:00,298.41169795196487,298.9450321050565
2015-08-13 18:00:00,298.07937335233294,298.52260849398715
2015-08-13 20:00:00,297.7779730045924,298.0368517154171
2015-08-13 21:00:00,297.5713759364994,297.6605305017786
2015-08-14 05:00:00,298.7280634805124,297.53400937214104
2015-08-14 06:00:00,299.81339554279725,298.11310019000837
2015-08-14 08:00:00,303.4534558970682,301.72989084393663
2015-08-14 09:00:00,303.84493510712093,301.340137616879
2015-08-14 17:00:00,297.5833256608349,297.8673352210658
2015-08-14 18:00:00,297.27916528263887,297.6926483483455
2015-08-14 20:00:00,297.2422134093768,297.91857809057956
2015-08-14 21:00:00,297.1863627617459,297.7207373808639
2015-08-15 05:00:00,300.2127890799924,299.56400723449997
2015-08-15 06:00:00,303.4372173479783,301.17845955541577
2015-08-15 08:00:00,306.35961185214336,302.6057286431499
2015-08-15 09:00:00,307.0112964412648,303.5789057374552
2015-08-15 17:00:00,297.76854946800665,298.40813604745733
2015-08-15 18:00:00,297.6788343244414,298.1946262776944
2015-08-15 20:00:00,297.25233426556935,297.36548173666364
2015-08-15 21:00:00,297.19826953106195,297.30789553696644
2015-08-16 05:00:00,300.5702646546445,299.7886295406771
2015-08-16 06:00:00,299.9093650030245,299.6707633889879
2015-08-16 08:00:00,303.9234037942989,302.02868800464506
2015-08-16 09:00:00,303.0748966023073,300.74146744503264
2015-08-16 17:00:00,297.7813672269989,298.4085428858024
2015-08-16 18:00:00,297.6052469215334,298.25539855486807
2015-08-16 20:00:00,297.5281858517686,297.9788129245188
2015-08-16 21:00:00,297.1740144750186,297.61953657764496
2015-08-17 05:00:00,301.30424445435887,300.3029911881786
2015-08-17 06:00:00,302.46135567075856,300.8741894032812
2015-08-17 08:00:00,303.5570855280284,302.1108260426573
2015-08-17 09:00:00,304.3749134551579,301.4748905928367
2015-08-17 17:00:00,298.45033186573096,299.29684535233747
2015-08-17 18:00:00,298.00272666801845,298.8093835392792
2015-08-17 20:00:00,297.51910057126656,298.5542964376911
2015-08-17 21:00:00,297.2853660642274,298.24348249861566
2015-08-18 05:00:00,302.6997570161276,301.5469073984766
2015-08-18 06:00:00,304.2792503227622,302.4000944775316
2015-08-18 08:00:00,306.075221950725,303.53565522886026
2015-08-18 09:00:00,306.6310812034666,303.8291532872087
2015-08-18 17:00:00,298.0264273292295,298.8450818877374
2015-08-18 18:00:00,297.4687696789005,298.333672004782
2015-08-18 20:00:00,296.80851609240335,297.7276572769706
2015-08-18 21:00:00,296.59552305248013,297.45060059910384
2015-08-19 05:00:00,301.305785568543,300.49072216251415
2015-08-19 06:00:00,301.9031045264199,300.9082979693068
2015-08-19 08:00:00,305.18670355704245,302.94702559884047
2015-08-19 09:00:00,305.0774591149094,303.10616853828606
2015-08-19 17:00:00,297.811198253661,298.70522993702
2015-08-19 18:00:00,297.47762172798895,298.3329493165567
2015-08-19 20:00:00,297.42111807942206,298.3113280591686
2015-08-19 21:00:00,297.4088615100079,298.20153446520794
2015-08-20 05:00:00,301.275138960781,299.44628400758535
2015-08-20 06:00:00,302.1305404686597,300.21658837740154
2015-08-20 08:00:00,303.0966511213541,301.633470085626
2015-08-20 09:00:00,302.6949088826936,301.4907797415194
2015-08-20 17:00:00,297.3617067733788,298.33156732638554
2015-08-20 18:00:00,297.10412482451216,298.14158851376664
2015-08-20 20:00:00,297.03163297444536,298.02560114456435
2015-08-20 21:00:00,296.8121914621127,297.6513371401465
2015-08-21 05:00:00,300.31116021248886,299.2447979990249
2015-08-21 06:00:00,301.4805078962,300.16287842737324
2015-08-21 08:00:00,303.1286812945397,301.39949411824233
2015-08-21 09:00:00,302.46316483648974,301.1036530246353
2015-08-21 17:00:00,296.9034607685953,297.87775709155164
2015-08-21 18:00:00,296.4506780921219,297.4980837641218
2015-08-21 20:00:00,296.4113904485717,297.55386742825505
2015-08-21 21:00:00,296.2855359093618,297.3163211158318
2015-08-22 05:00:00,301.4007142100753,300.2319761255673
2015-08-22 06:00:00,303.16176937908534,301.285939714758
2015-08-22 08:00:00,304.5943414955551,302.1411234616131
2015-08-22 09:00:00,303.7491230545867,301.78375646182684
2015-08-22 17:00:00,297.91898601044124,298.640251006845
2015-08-22 18:00:00,297.22650383947814,297.9984817622439
2015-08-22 20:00:00,297.10717202114586,297.99831295160374
2015-08-22 21:00:00,297.1614194144086,297.9034335425896
2015-08-23 05:00:00,302.12025477522513,300.7207427414246
2015-08-23 06:00:00,303.67148215083756,301.66617460794555
2015-08-23 08:00:00,305.8500811278545,303.21363397959755
2015-08-23 09:00:00,305.42263344880797,303.1562664578618
2015-08-23 17:00:00,297.5147561424502,298.3723598062901
2015-08-23 18:00:00,297.04792940818663,297.93178319710614
2015-08-23 20:00:00,296.88417624545576,297.9001044462936
2015-08-23 21:00:00,296.8842545848782,297.8584248641239
2015-08-24 05:00:00,301.4074460398435,300.2181515216093
2015-08-24 06:00:00,302.4219311918426,300.752564746169
2015-08-24 08:00:00,304.80411601250273,302.36046103079264
2015-08-24 09:00:00,304.86135481024746,302.50366570659344
2015-08-24 17:00:00,297.7980234766227,298.4803646657794
2015-08-24 18:00:00,297.0755411862225,297.8636102191473
2015-08-24 20:00:00,296.63581420240126,297.76484447414595
2015-08-24 21:00:00,296.5687072706884,297.65440831823605
2015-08-25 05:00:00,302.34197755881195,301.0831615759522
2015-08-25 06:00:00,303.7826120526471,301.9399120877447
2015-08-25 08:00:00,306.0123766647833,303.46425716829225
2015-08-25 09:00:00,306.5160013913007,303.8171554824053
2015-08-25 17:00:00,297.43458749921,298.14095150046796
2015-08-25 18:00:00,296.8924240323906,297.60657300199676
2015-08-25 20:00:00,295.9964189103278,296.93266308142336
2015-08-25 21:00:00,295.72814151428884,296.6976467890806
2015-08-26 05:00:00,303.4543884700546,301.5481556567646
2015-08-26 06:00:00,304.98310553458145,302.5980549299478
2015-08-26 08:00:00,306.9299354494445,303.9606147143066
2015-08-26 09:00:00,307.4060955312109,304.3738114367281
2015-08-26 17:00:00,297.43999693977815,298.5076892776372
2015-08-26 18:00:00,296.97898610824797,298.0885609302021
2015-08-26 20:00:00,296.4703405347921,297.5025667681349
2015-08-26 21:00:00,296.20569364903344,297.14381641452593
2015-08-27 05:00:00,303.8145439723974,301.6172301963959
2015-08-27 06:00:00,305.8194787447184,302.9553744135359
2015-08-27 08:00:00,307.989952005113,304.30104803194064
2015-08-27 09:00:00,308.3250364941331,304.7699864274365
2015-08-27 17:00:00,298.3080866362538,299.26185393957957
2015-08-27 18:00:00,297.6885045408652,298.7258364731799
2015-08-27 20:00:00,297.045219597721,298.1716237119607
2015-08-27 21:00:00,296.70449424708386,297.65545320437394
2015-08-28 05:00:00,304.5858807438878,302.1599207144856
2015-08-28 06:00:00,306.60584690464293,303.44558083368196
2015-08-28 08:00:00,309.4275210575991,304.4646142333608
2015-08-28 09:00:00,309.0460632512309,304.7746886736807
2015-08-28 17:00:00,299.25464480830635,300.091264157523
2015-08-28 18:00:00,298.6821751998643,299.4695380259368
2015-08-28 20:00:00,297.8763000065079,298.72753339629327
2015-08-28 21:00:00,297.57370604058076,298.29529970048577
2015-08-29 05:00:00,304.6368224110185,302.4940752167547
2015-08-29 06:00:00,306.64053427015875,303.77351036130557
2015-08-29 08:00:00,308.84101437420253,305.15856952402737
2015-08-29 09:00:00,308.85958415591296,305.29011592071487
2015-08-29 17:00:00,299.3108184297206,300.18077204958496
2015-08-29 18:00:00,298.89153126391864,299.7367367031762
2015-08-29 20:00:00,297.68700901495845,298.50276654306657
2015-08-29 21:00:00,297.2931308129168,298.12529433710364
2015-08-30 05:00:00,304.44858994212103,302.21406630411724
2015-08-30 06:00:00,306.3817432092041,303.4244639862483
2015-08-30 08:00:00,308.3379740193372,304.81825129387005
2015-08-30 09:00:00,308.8435169096537,305.323975009066
2015-08-30 17:00:00,298.4889678249741,299.40367220509773
2015-08-30 18:00:00,297.9127958089067,298.8077400336831
2015-08-30 20:00:00,296.9969784776309,297.9895905669555
2015-08-30 21:00:00,296.5847754338857,297.5551014387369
2015-08-31 05:00:00,303.684373452961,301.7009874529023
2015-08-31 06:00:00,304.98399291898147,302.58521720992036
2015-08-31 08:00:00,307.5670251831619,304.2690892623643
2015-08-31 09:00:00,308.03889872076337,304.6643049713276
2015-08-31 17:00:00,297.9527511008899,298.7781140484686
2015-08-31 18:00:00,297.38724984520206,298.2274183793501
2015-08-31 20:00:00,296.74037478407286,297.6152383013756
2015-08-31 21:00:00,296.25704930192336,297.13886842889303
2015-09-01 05:00:00,303.6105789631284,301.2372284170659
2015-09-01 06:00:00,305.50247378121543,302.3178099410376
2015-09-01 08:00:00,306.13182827283856,303.0220222414367
2015-09-01 09:00:00,306.7291223558329,303.57951310309136
2015-09-01 17:00:00,297.1436793910704,298.12349845521805
2015-09-01 18:00:00,296.6352639455457,297.573012788417
2015-09-01 20:00:00,295.6900163130327,296.7285955161637
2015-09-01 21:00:00,295.18820498426817,296.26940370157064
2015-09-02 05:00:00,303.39395806969407,300.9682426511415
2015-09-02 06:00:00,305.4666803768493,302.141287969698
2015-09-02 08:00:00,307.47032776819356,303.4907716771671
2015-09-02 09:00:00,307.69301486492895,303.8672810511891
2015-09-02 17:00:00,296.40352511883515,297.6067161853949
2015-09-02 18:00:00,295.70382105000033,296.9740276836284
2015-09-02 20:00:00,295.13952182951994,296.4199941015023
2015-09-02 21:00:00,294.6898305037723,295.87291041581403
2015-09-03 05:00:00,304.0465382016128,301.33872233480446
2015-09-03 06:00:00,306.33211636065704,302.60213502199144
2015-09-03 08:00:00,308.99072973313065,304.1826920472603
2015-09-03 09:00:00,309.3473334407953,304.64417646552084
2015-09-03 17:00:00,298.0984447461615,299.1529996193061
2015-09-03 18:00:00,297.4149998222551,298.4530429693143
2015-09-03 20:00:00,296.42492508851507,297.57815408339303
2015-09-03 21:00:00,296.00681696393644,297.15260465413286
2015-09-04 05:00:00,304.5628798474516,302.47577842395003
2015-09-04 06:00:00,306.37917681724895,303.4827618474035
2015-09-04 08:00:00,309.5634575889364,305.3924783433347
2015-09-04 09:00:00,309.5036619212852,305.55666361898415
2015-09-04 17:00:00,298.390312935428,299.42850662490065
2015-09-04 18:00:00,297.6832066846004,298.6699134814905
2015-09-04 20:00:00,296.8614934794892,298.10850999829216
2015-09-04 21:00:00,296.4225320683789,297.64283122340413
2015-09-05 05:00:00,305.3595147507584,303.11760364879257
2015-09-05 06:00:00,307.5510379221113,304.37218535295443
2015-09-05 08:00:00,309.5902751340705,305.6407733088466
2015-09-05 09:00:00,309.5692146900806,305.9217996465039
2015-09-05 17:00:00,297.8819422082652,299.22282292111817
2015-09-05 18:00:00,297.5463806998749,298.79956214563873
2015-09-05 20:00:00,296.79162056897934,298.0532836443838
2015-09-05 21:00:00,296.45487602245646,297.6137515216469
2015-09-06 05:00:00,305.6026890876664,303.05727505206323
2015-09-06 06:00:00,307.91348005626895,304.23851361149815
2015-09-06 08:00:00,308.71971285545226,304.63875115487167
2015-09-06 09:00:00,308.5950892232416,304.62225247751945
2015-09-06 17:00:00,297.2923492995911,298.56091437905525
2015-09-06 18:00:00,296.8327842677136,298.06359134433086
2015-09-06 20:00:00,296.36095394375513,297.4750377026104
2015-09-06 21:00:00,295.89554653549783,296.9302245200323
2015-09-07 05:00:00,304.8966715244005,302.19257687420253
2015-09-07 06:00:00,307.24359340109334,303.3807668347939
2015-09-07 08:00:00,309.26145098058765,304.40023434584606
2015-09-07 09:00:00,309.43988747148563,304.65153914864516
2015-09-07 17:00:00,297.58714863405396,298.5132199421135
2015-09-07 18:00:00,296.92639160156256,297.8915902535978
2015-09-07 20:00:00,295.6882719207435,296.7918887380826
2015-09-07 21:00:00,295.217533764009,296.336240818394
2015-09-08 05:00:00,305.6837091196116,302.6711802666286
2015-09-08 06:00:00,308.01558851056916,303.771401098219
2015-09-08 08:00:00,309.94377507707924,304.9346115747108
2015-09-08 09:00:00,310.03312412726314,305.16434548117894
2015-09-08 17:00:00,297.9960114371795,299.2647200762216
2015-09-08 18:00:00,297.3742816848637,298.5480528421505
2015-09-08 20:00:00,296.4181804216147,297.6134987053776
2015-09-08 21:00:00,296.00803886613426,297.1574782972527
2015-09-09 05:00:00,306.11490068009533,303.22295058710364
2015-09-09 06:00:00,308.38369819159135,304.2387302439826
2015-09-09 08:00:00,308.6013674273146,304.5758330311357
2015-09-09 09:00:00,308.33291757639455,304.64382805258543
2015-09-09 17:00:00,297.5501895193326,299.01393120388036
2015-09-09 18:00:00,296.96108585586904,298.44629204842636
2015-09-09 20:00:00,296.7482246434193,298.2200865429612
2015-09-09 21:00:00,296.45878361259656,297.7975956192369
2015-09-10 05:00:00,307.1319509779544,304.115419949148
2015-09-10 06:00:00,309.14067439709686,305.1663733013606
2015-09-10 08:00:00,310.87123293648887,305.8684310325305
2015-09-10 09:00:00,311.3278513527798,306.26690104856334
2015-09-10 17:00:00,298.9510552122707,300.351703731966
2015-09-10 18:00:00,298.5461815127239,300.04467874535794
2015-09-10 20:00:00,297.41885265473775,298.9477301599065
2015-09-10 21:00:00,296.94109780615764,298.4854784761261
2015-09-11 05:00:00,307.6713638188108,305.34678207891193
2015-09-11 06:00:00,310.19876129197417,306.88690237271584
2015-09-11 08:00:00,312.9730996012872,308.3424191937793
2015-09-11 09:00:00,312.73688042733266,308.6487394782538
2015-09-11 17:00:00,299.11487366569065,300.6626957921291
2015-09-11 18:00:00,298.4671237986702,300.07268927387537
2015-09-11 20:00:00,297.11803284631856,298.91490660022333
2015-09-11 21:00:00,296.5002458569449,298.32004256755437
2015-09-12 05:00:00,309.57111237559735,306.3046800939622
2015-09-12 06:00:00,312.2281912405428,307.63274838487246
2015-09-12 08:00:00,313.7863215136417,309.00684602381824
2015-09-12 09:00:00,313.0080983025267,309.20516869026267
2015-09-12 17:00:00,299.64392567121746,301.21093733542136
2015-09-12 18:00:00,299.17036146449016,300.7874326779405
2015-09-12 20:00:00,298.05488609937015,299.7647631487971
2015-09-12 21:00:00,297.35349827371135,298.7998452913963
2015-09-13 05:00:00,310.2362918471702,305.91181856458104
2015-09-13 06:00:00,312.7865095799803,307.2311040469788
2015-09-13 08:00:00,314.2074652438171,308.95494947154276
2015-09-13 09:00:00,313.4444347787161,309.31447176940634
2015-09-13 17:00:00,300.6452138750873,302.3556274037883
2015-09-13 18:00:00,300.0012038455722,301.676495262581
2015-09-13 20:00:00,299.43693916309047,300.9085678312187
2015-09-13 21:00:00,299.0095406460284,300.3551440834081
2015-09-14 05:00:00,308.38422764100716,306.10312623198854
2015-09-14 06:00:00,311.0107909262823,307.59885978992617
2015-09-14 08:00:00,312.8973332480033,309.03718310622105
2015-09-14 09:00:00,313.2122383764235,309.56251777449074
2015-09-14 17:00:00,300.86153328400366,302.2690637291672
2015-09-14 18:00:00,300.3009525763419,301.6462689180771
2015-09-14 20:00:00,299.126819816319,300.40178056196737
2015-09-14 21:00:00,298.7666674409699,300.00867613805644
2015-09-15 05:00:00,308.2452527062367,305.15393896352714
2015-09-15 06:00:00,310.89033726955233,306.83129356160924
2015-09-15 08:00:00,313.00236278469276,308.4571992377471
2015-09-15 09:00:00,312.23222637911243,308.56315859660896
2015-09-15 17:00:00,300.81911156982045,302.1390259541422
2015-09-15 18:00:00,300.13670156329,301.4030190160719
2015-09-15 20:00:00,299.0556313113549,300.1013708599543
2015-09-15 21:00:00,298.7169361555338,299.69448880752543
2015-09-16 05:00:00,308.95444623714974,305.56624120115686
2015-09-16 06:00:00,311.6035373964001,307.2465571563674
2015-09-16 08:00:00,313.74812460313046,308.9318009951081
2015-09-16 09:00:00,313.45183491523164,309.20766400776586
2015-09-16 17:00:00,298.268156595333,301.30714830301577
2015-09-16 18:00:00,297.249414405764,299.69428113282004
2015-09-16 20:00:00,296.1157593102595,297.9149842343088
2015-09-16 21:00:00,295.76323971505894,297.4059557569413
2015-09-17 05:00:00,309.7661422000644,305.9078323058612
2015-09-17 06:00:00,312.1911887946224,307.1869791086723
2015-09-17 08:00:00,314.0096531002474,308.6686046112484
2015-09-17 09:00:00,313.96796724057896,309.1232535622337
2015-09-17 17:00:00,301.5068094403424,302.7422176649096
2015-09-17 18:00:00,300.84014041471556,302.0450414296108
2015-09-17 20:00:00,299.72493601653537,300.86651195179337
2015-09-17 21:00:00,299.2782333444557,300.3960456789366
2015-09-18 05:00:00,305.518204793357,302.8692586984032
2015-09-18 06:00:00,305.1841021098415,302.26619733390163
2015-09-18 08:00:00,308.3195829935177,305.45276699448226
2015-09-18 09:00:00,309.5656541492245,306.6245242502362
2015-09-18 17:00:00,299.0202937897622,299.66768779078694
2015-09-18 18:00:00,297.88088138151244,299.45665460007586
2015-09-18 20:00:00,297.6736182402389,298.092057685088
2015-09-18 21:00:00,297.5804131130224,297.91441587380524
2015-09-19 05:00:00,305.5979037057086,303.20178782223553
2015-09-19 06:00:00,308.1145001897827,304.68002940032443
2015-09-19 08:00:00,310.5595929538157,306.6760390741616
2015-09-19 09:00:00,310.7423254168824,307.22299624591466
2015-09-19 17:00:00,301.6427429152196,302.5158511545331
2015-09-19 18:00:00,301.16717637448545,301.88009116903106
2015-09-19 20:00:00,299.6147070651062,299.993418877224
2015-09-19 21:00:00,299.01699897284135,299.4200022128771
2015-09-20 05:00:00,307.28522779467664,303.5661120539637
2015-09-20 06:00:00,309.65949570195886,304.99754152459616
2015-09-20 08:00:00,311.0269556736175,306.5039008424168
2015-09-20 09:00:00,310.618668919168,306.64316226153977
2015-09-20 17:00:00,299.69843448586016,300.1750023464209
2015-09-20 18:00:00,298.951366595017,299.4989849261033
2015-09-20 20:00:00,298.1600198848589,299.0743829524389
2015-09-20 21:00:00,297.9274517229783,298.7656731274903
2015-09-21 05:00:00,306.9313338034326,302.59248027595794
2015-09-21 06:00:00,309.36864249254415,304.10352281943676
2015-09-21 08:00:00,309.8928347030663,305.03679775714136
2015-09-21 09:00:00,309.249781275016,305.14193057866976
2015-09-21 17:00:00,298.48896293463804,298.3562215561125
2015-09-21 18:00:00,297.56827532234837,297.84279027154156
2015-09-21 20:00:00,297.3765451816271,297.6169490726042
2015-09-21 21:00:00,297.1410481551396,297.32752452315464
2015-09-22 05:00:00,299.8344472876316,299.0203414705391
2015-09-22 06:00:00,299.7837340321122,299.15315013820845
2015-09-22 08:00:00,303.3734293792208,301.47332923548254
2015-09-22 09:00:00,304.943519321906,302.5773813632677
2015-09-22 17:00:00,298.4291220784003,298.9889059669248
2015-09-22 18:00:00,297.743125833238,298.34695968275264
2015-09-22 20:00:00,296.4099781054011,297.04468032061044
2015-09-22 21:00:00,296.02632244562704,296.72271690897657
2015-09-23 05:00:00,304.22074003763305,301.4834262512865
2015-09-23 06:00:00,307.62789190495147,302.8469859212867
2015-09-23 08:00:00,310.1116395077463,304.1914827320352
2015-09-23 09:00:00,309.4029098064029,304.0910103772932
2015-09-23 17:00:00,296.1964335155047,297.4235384196089
2015-09-23 18:00:00,295.28407148881394,296.50081666261644
2015-09-23 20:00:00,294.28409563484837,295.803886542886
2015-09-23 21:00:00,293.92964746037325,295.30731365750495
2015-09-24 05:00:00,304.5422782486503,301.04708112296413
2015-09-24 06:00:00,307.3980333419353,302.60280382247475
2015-09-24 08:00:00,310.49813405464533,304.53173647088516
2015-09-24 09:00:00,310.3995692836485,304.76382392213236
2015-09-24 17:00:00,296.3686022648275,297.55002639841047
2015-09-24 18:00:00,295.7306229601656,296.80349512790866
2015-09-24 20:00:00,295.0248208538226,296.12759009127626
2015-09-24 21:00:00,294.6202658725262,295.62863060432517
2015-09-25 05:00:00,304.7791674926946,301.105341036992
2015-09-25 06:00:00,307.5534096410719,302.78116096296736
2015-09-25 08:00:00,310.01301062162196,304.7004493748646
2015-09-25 09:00:00,309.81226211336246,305.01876102206523
2015-09-25 17:00:00,297.0827622376899,298.0509967304342
2015-09-25 18:00:00,296.38321844491827,297.34804131694494
2015-09-25 20:00:00,295.60013379301245,296.6472393911682
2015-09-25 21:00:00,295.22936050109394,296.2498165653741
2015-09-26 05:00:00,305.4212324850732,301.45582178524353
2015-09-26 06:00:00,308.5936286820469,303.23834811594156
2015-09-26 08:00:00,311.52231629640556,305.6459698552159
2015-09-26 09:00:00,311.29010487043627,306.09710418277973
2015-09-26 17:00:00,297.7737240783974,298.6963988599498
2015-09-26 18:00:00,297.0499295321378,298.00494036799404
2015-09-26 20:00:00,296.0585246269802,297.05654213645244
2015-09-26 21:00:00,295.54556375512357,296.5057886767277
2015-09-27 05:00:00,306.3039106183868,301.9364091729162
2015-09-27 06:00:00,309.6255457426991,303.6612157131013
2015-09-27 08:00:00,313.2129284310598,305.8625363671725
2015-09-27 09:00:00,312.9435837661908,306.35240495443713
2015-09-27 17:00:00,298.7070202232326,299.8855793487126
2015-09-27 18:00:00,298.095449321259,299.2097522047892
2015-09-27 20:00:00,296.7252476579052,297.7063494713171
2015-09-27 21:00:00,296.1639175767708,297.0836205857193
2015-09-28 05:00:00,308.2777577122481,303.6275904439447
2015-09-28 06:00:00,311.21093759404494,305.03011682918884
2015-09-28 08:00:00,313.72293742081416,306.1441063315181
2015-09-28 09:00:00,313.58950267256864,306.599199691796
2015-09-28 17:00:00,299.09509611203237,300.48141787489317
2015-09-28 18:00:00,298.3978917573009,299.84650471691725
2015-09-28 20:00:00,297.0998392678189,298.45471370091605
2015-09-28 21:00:00,296.3073460324703,297.58731579890787
2015-09-29 05:00:00,308.8787024076253,305.40289840345577
2015-09-29 06:00:00,311.1408196965058,306.3137243943883
2015-09-29 08:00:00,312.685478951053,307.02680785850674
2015-09-29 09:00:00,313.23747714238107,307.6966216758881
2015-09-29 17:00:00,299.4432393736759,301.3766108484959
2015-09-29 18:00:00,298.95356202676595,300.620929430005
2015-09-29 20:00:00,297.42338538500485,298.93213189217636
2015-09-29 21:00:00,296.62873151452953,298.16331345568454
2015-09-30 05:00:00,309.5821260472843,304.513838945809
2015-09-30 06:00:00,312.7439887424463,306.1403913924066
2015-09-30 08:00:00,314.85226581497074,308.14254433936077
2015-09-30 09:00:00,314.5147631958196,308.5422803881723
2015-09-30 17:00:00,298.4525409104828,300.43876154213365
2015-09-30 18:00:00,297.70411381185147,299.6022904077186
2015-09-30 20:00:00,296.3139062067394,298.16702881799824
2015-09-30 21:00:00,295.5827482249962,297.39373095120044
2015-10-01 05:00:00,309.33719067213536,304.72377980471765
2015-10-01 06:00:00,312.85800474193326,306.1992661721534
2015-10-01 08:00:00,315.96387301828537,308.2591324675432
2015-10-01 09:00:00,315.622421006025,308.78516323283566
2015-10-01 17:00:00,297.4530930482368,299.8078027616481
2015-10-01 18:00:00,296.7587201040588,299.21279756754683
2015-10-01 20:00:00,295.30505523916753,297.5156474297146
2015-10-01 21:00:00,294.6942951455139,296.92790732361686
2015-10-02 05:00:00,310.10766267703013,306.21337768366595
2015-10-02 06:00:00,313.7921610216514,307.54929491698465
2015-10-02 08:00:00,317.0672875685023,309.14444242456847
2015-10-02 09:00:00,316.7537161616956,309.5035252504981
2015-10-02 17:00:00,297.07615419455414,299.1674496690371
2015-10-02 18:00:00,295.691242846943,298.5975449243202
2015-10-02 20:00:00,293.56740611213013,298.5057384332266
2015-10-02 21:00:00,292.8289985362848,295.91705167091504
2015-10-03 05:00:00,312.27056155917455,307.38108950293116
2015-10-03 06:00:00,314.6437193601635,308.6655773286276
2015-10-03 08:00:00,315.9463623234965,309.5907285716758
2015-10-03 09:00:00,315.62316715845895,309.7390247691761
2015-10-03 17:00:00,299.09172953883376,300.89957687777627
2015-10-03 18:00:00,298.33928171401766,300.2161309899094
2015-10-03 20:00:00,296.6808613687524,298.5408576530374
2015-10-03 21:00:00,296.05724434639535,297.9390556911475
2015-10-04 05:00:00,308.95243273530787,305.98557729383094
2015-10-04 06:00:00,311.83203867954904,307.52985289210716
2015-10-04 08:00:00,315.6459940247617,309.10426337619776
2015-10-04 09:00:00,315.75566978043145,309.3045655002212
2015-10-04 17:00:00,298.62977153384264,300.28843049459357
2015-10-04 18:00:00,297.7593158551467,299.51344649633756
2015-10-04 20:00:00,296.2171421374305,297.9348256209598
2015-10-04 21:00:00,295.5974013882536,297.39625779726475
2015-10-05 05:00:00,310.8082977200877,306.9865213638094
2015-10-05 06:00:00,314.0297894823166,308.05890050103375
2015-10-05 08:00:00,317.59217185562676,309.08511185609325
2015-10-05 09:00:00,317.43550613003634,309.34462405353185
2015-10-05 17:00:00,299.20298588404484,300.6393381832928
2015-10-05 18:00:00,298.3335894803604,299.8786575717074
2015-10-05 20:00:00,296.57740795447023,298.1959824995561
2015-10-05 21:00:00,296.0420692338047,297.6850761331285
2015-10-06 05:00:00,310.8430361755089,306.270411204851
2015-10-06 06:00:00,313.9839456849179,307.6436985292126
2015-10-06 08:00:00,316.64307395335527,308.84006132293376
2015-10-06 09:00:00,315.967356019101,308.95920474577025
2015-10-06 17:00:00,299.50732812161436,301.0479230131317
2015-10-06 18:00:00,298.5936080391859,300.3481729093061
2015-10-06 20:00:00,296.58690188368223,298.3607560732332
2015-10-06 21:00:00,295.46301949005834,297.3645111930389
2015-10-07 05:00:00,312.0180045011782,306.4567181274226
2015-10-07 06:00:00,315.0744680866071,307.73214803969
2015-10-07 08:00:00,316.7812237144435,308.86135078982693
2015-10-07 09:00:00,316.0283081571935,309.040378470634
2015-10-07 17:00:00,298.78143639704115,300.4718770642861
2015-10-07 18:00:00,297.944601731969,299.7812882527732
2015-10-07 20:00:00,296.1984753483801,298.32266637393616
2015-10-07 21:00:00,295.51502047922287,297.7423241472759
2015-10-08 05:00:00,311.24286946677285,306.8859779111042
2015-10-08 06:00:00,313.8315176706652,307.91121714728644
2015-10-08 08:00:00,315.8782584215349,308.94446379157534
2015-10-08 09:00:00,315.3680979254066,309.0494707809942
2015-10-08 17:00:00,297.8039896396349,299.5397852117365
2015-10-08 18:00:00,296.8505110307173,298.6399411053062
2015-10-08 20:00:00,295.43887872211,297.2457896087129
2015-10-08 21:00:00,294.88408118954794,296.7329088396211
2015-10-09 05:00:00,309.7484483762955,306.24589322270896
2015-10-09 06:00:00,312.56141020741046,307.4459596231282
2015-10-09 08:00:00,314.69916237006754,308.2171277250457
2015-10-09 09:00:00,314.3591068779192,308.30151136777437
2015-10-09 17:00:00,298.1476327105553,299.72063430762626
2015-10-09 18:00:00,297.4658933854066,299.12063953652404
2015-10-09 20:00:00,296.29142641323193,297.97068779567724
2015-10-09 21:00:00,295.83810003953647,297.6033566185432
2015-10-10 05:00:00,308.2564072337099,304.9435427861148
2015-10-10 06:00:00,311.21778653325583,306.58988799813716
2015-10-10 08:00:00,314.0909611212638,308.2189601668959
2015-10-10 09:00:00,313.9915131508661,308.41632578516226
2015-10-10 17:00:00,297.8678199521199,299.48902159515995
2015-10-10 18:00:00,297.24350814936895,298.9010621292749
2015-10-10 20:00:00,296.0007409799632,297.7407704780943
2015-10-10 21:00:00,295.4632173605803,297.2904542943547
2015-10-11 05:00:00,308.56788717543213,304.86027924195275
2015-10-11 06:00:00,311.72449388783224,306.43024941842623
2015-10-11 08:00:00,314.92587501279013,308.01288732872536
2015-10-11 09:00:00,314.82927505187524,308.2661049347629
2015-10-11 17:00:00,297.48025023661705,299.1002748368885
2015-10-11 18:00:00,296.6881191682742,298.39970191050384
2015-10-11 20:00:00,295.47899513656074,297.09862792216387
2015-10-11 21:00:00,294.9421582567306,296.50149721871543
2015-10-12 05:00:00,309.3738156217272,304.92349889722925
2015-10-12 06:00:00,312.18015718386613,306.05511096078556
2015-10-12 08:00:00,315.2832392147399,307.4680771320737
2015-10-12 09:00:00,315.0631569508228,307.77010946170947
2015-10-12 17:00:00,298.00946827845877,299.4088777327574
2015-10-12 18:00:00,297.4274002333819,298.9155709805952
2015-10-12 20:00:00,296.0749423316521,297.55675387860083
2015-10-12 21:00:00,295.5767131035427,297.1185559241908
2015-10-13 05:00:00,309.37169298075014,304.9087905296008
2015-10-13 06:00:00,312.6599758483228,306.18233820323036
2015-10-13 08:00:00,316.1990916953065,307.7557079861822
2015-10-13 09:00:00,315.74883760472846,308.08863567240616
2015-10-13 17:00:00,297.9620250120001,299.4041319672242
2015-10-13 18:00:00,297.2699341384582,298.859348150174
2015-10-13 20:00:00,295.68019480183614,297.2635898208031
2015-10-13 21:00:00,295.0722385870841,296.7679567968901
2015-10-14 05:00:00,309.53907801741263,305.3247283324255
2015-10-14 06:00:00,312.80727794394477,306.63884677504905
2015-10-14 08:00:00,316.1930072002676,307.9490380426769
2015-10-14 09:00:00,316.18016059299464,308.3463745822524
2015-10-14 17:00:00,297.6190609454374,299.0742543695153
2015-10-14 18:00:00,296.8399740962659,298.3952919793974
2015-10-14 20:00:00,294.6169991985492,297.9014794301179
2015-10-14 21:00:00,293.74210869035295,297.3773996973258
2015-10-15 05:00:00,310.713054944995,305.12666158573285
2015-10-15 06:00:00,314.5656639769191,306.6326991053319
2015-10-15 08:00:00,316.4275013316762,307.4464333274148
2015-10-15 09:00:00,315.58291661243413,307.6186385896798
2015-10-15 17:00:00,297.0667166452746,298.48089312772356
2015-10-15 18:00:00,295.98846978656314,297.8195052183648
2015-10-15 20:00:00,294.53006155428426,299.0591069531551
2015-10-15 21:00:00,293.8987593687554,298.4778230781732
2015-10-16 05:00:00,310.4262606910271,305.4059587193564
2015-10-16 06:00:00,314.119449327466,306.62492901959297
2015-10-16 08:00:00,317.7529550561185,307.94767366241786
2015-10-16 09:00:00,316.8045419184563,308.005816467003
2015-10-16 17:00:00,298.3480940056141,299.6912486071947
2015-10-16 18:00:00,297.7029189005471,299.115680147944
2015-10-16 20:00:00,295.79300495729615,297.6540333846317
2015-10-16 21:00:00,294.9790492359038,296.90890338351073
2015-10-17 05:00:00,310.7703429752579,305.87226761875246
2015-10-17 06:00:00,313.98752000335554,307.17325421584593
2015-10-17 08:00:00,316.426389109372,308.3081056098174
2015-10-17 09:00:00,315.95883183413184,308.4740182321134
2015-10-17 17:00:00,298.53960337587426,299.8223768566349
2015-10-17 18:00:00,297.6869164747523,299.05159951138023
2015-10-17 20:00:00,296.5198200619643,298.0635272762258
2015-10-17 21:00:00,296.09847568694175,297.6967320846299
2015-10-18 05:00:00,311.55380190245364,305.7118711780143
2015-10-18 06:00:00,315.0738711599576,307.21121671938204
2015-10-18 08:00:00,316.8435220821246,308.41459366573577
2015-10-18 09:00:00,315.28348020486,308.2903144965738
2015-10-18 17:00:00,299.3163892513798,300.6063661972069
2015-10-18 18:00:00,298.52106342991624,299.89380120275933
2015-10-18 20:00:00,297.3322468479903,298.46052659421196
2015-10-18 21:00:00,296.4378272763386,297.61164451563855
2015-10-19 05:00:00,309.68795002847685,304.77242686972596
2015-10-19 06:00:00,313.5229839448386,306.6288702778162
2015-10-19 08:00:00,314.54164683102465,307.2494993283311
2015-10-19 09:00:00,313.0023131289725,307.1077990656825
2015-10-19 17:00:00,299.49319495625787,300.5713599958846
2015-10-19 18:00:00,298.66297853819583,299.8111271321865
2015-10-19 20:00:00,297.69038379357664,298.98368191241485
2015-10-19 21:00:00,297.2441643948548,298.5455769684355
2015-10-20 05:00:00,310.2683243479677,305.2031247883989
2015-10-20 06:00:00,313.4913970288951,306.5301635460053
2015-10-20 08:00:00,313.7287490680148,307.0183447086939
2015-10-20 09:00:00,313.3174547333564,307.1640186985762
2015-10-20 17:00:00,296.84077378377344,298.0945282687759
2015-10-20 18:00:00,295.81248542303666,297.23026664745646
2015-10-20 20:00:00,294.82741399685665,296.51032093677026
2015-10-20 21:00:00,294.59119233071164,296.1671729183344
2015-10-21 05:00:00,310.06343102124515,304.5364091164893
2015-10-21 06:00:00,313.526939356823,305.64130753104234
2015-10-21 08:00:00,316.5184036278394,306.5097594415462
2015-10-21 09:00:00,315.02745737978046,306.4121111148311
2015-10-21 17:00:00,297.68998894595956,298.68254185751516
2015-10-21 18:00:00,296.5790562328462,297.70306763259583
2015-10-21 20:00:00,295.4718227298307,296.90280036162153
2015-10-21 21:00:00,295.2129751713874,296.58287382199325
2015-10-22 05:00:00,308.75764317211275,303.7469412828631
2015-10-22 06:00:00,312.1710384939044,304.8135632248983
2015-10-22 08:00:00,314.88733878818977,305.40261972483205
2015-10-22 09:00:00,314.93389170783325,305.8609486067056
2015-10-22 17:00:00,296.4489764667623,297.84263853005524
2015-10-22 18:00:00,295.49536619494984,297.0210355220848
2015-10-22 20:00:00,293.8196668580795,295.44724451191433
2015-10-22 21:00:00,292.9928343880158,294.6943510317104
2015-10-23 05:00:00,308.79877143942156,303.47123424371335
2015-10-23 06:00:00,312.6624270822675,304.5016626907608
2015-10-23 08:00:00,315.2169156067177,305.9202562752417
2015-10-23 09:00:00,314.2537448924201,306.0884447847199
2015-10-23 17:00:00,294.9854290555181,296.77360029176504
2015-10-23 18:00:00,293.57249058046034,296.34702739509856
2015-10-23 20:00:00,291.7991316314839,296.1877069458572
2015-10-23 21:00:00,291.14092526193394,296.18237781965496
2015-10-24 05:00:00,308.44144088204354,304.2455631015114
2015-10-24 06:00:00,311.69880796176807,305.28458309320536
2015-10-24 08:00:00,315.6124845484189,306.1643156689378
2015-10-24 09:00:00,315.42948314037824,306.33750713330755
2015-10-24 17:00:00,293.82399181959624,297.95073872758724
2015-10-24 18:00:00,292.6996977678249,297.9743161664355
2015-10-24 20:00:00,291.2902763378455,294.29531338402234
2015-10-24 21:00:00,290.76047919086756,293.57170873797725
2015-10-25 05:00:00,307.8953861418785,303.96663311927455
2015-10-25 06:00:00,311.03711964940806,305.4232863086765
2015-10-25 08:00:00,313.8324118262998,306.4582334968085
2015-10-25 09:00:00,313.4618932080379,306.6477401333708
2015-10-25 17:00:00,295.98741453197226,297.4145770432953
2015-10-25 18:00:00,294.98019985204854,296.61487742748767
2015-10-25 20:00:00,293.61958827884246,295.02620258537024
2015-10-25 21:00:00,292.8685470839679,294.1862019449242
2015-10-26 05:00:00,309.22828653156296,302.99358677092613
2015-10-26 06:00:00,312.241364371795,304.3736416856387
2015-10-26 08:00:00,314.50160076217776,304.9745084412844
2015-10-26 09:00:00,313.92020473862283,305.1557036224976
2015-10-26 17:00:00,295.6778360610751,296.89196786748244
2015-10-26 18:00:00,295.0118645666561,296.2632396915477
2015-10-26 20:00:00,294.25577038498983,295.43284305989835
2015-10-26 21:00:00,293.78206659208274,294.83768339700805
2015-10-27 05:00:00,306.5187530517578,301.37848328295036
2015-10-27 06:00:00,310.6658841972175,303.09677615408174
2015-10-27 08:00:00,313.0445100287627,303.9010978428352
2015-10-27 09:00:00,312.4680221157927,304.1538519249491
2015-10-27 17:00:00,294.8617021416662,295.6827491090184
2015-10-27 18:00:00,293.86574887127284,294.673456271367
2015-10-27 20:00:00,292.51251161925046,293.7424313114678
2015-10-27 21:00:00,291.78000023699315,293.0417167064038
2015-10-28 05:00:00,302.12334443314234,298.09745680422554
2015-10-28 06:00:00,305.8963137775063,299.6663325563969
2015-10-28 08:00:00,310.62739374898433,301.5649643532117
2015-10-28 09:00:00,309.39695939591564,301.65352006392044
2015-10-28 17:00:00,290.7923753970577,291.56299481737227
2015-10-28 18:00:00,289.9974199715308,290.831762399071
2015-10-28 20:00:00,288.484487971466,289.39399571117525
2015-10-28 21:00:00,287.92022173724297,289.0341589976165
2015-10-29 05:00:00,302.79020596873045,296.69778052096376
2015-10-29 06:00:00,305.780192300241,298.22345292806995
2015-10-29 08:00:00,307.8560247906184,299.3667372364109
2015-10-29 09:00:00,307.65974778938005,299.8405774179703
2015-10-29 17:00:00,291.8726529913434,292.67624543223803
2015-10-29 18:00:00,291.22822474404734,292.089433667105
2015-10-29 20:00:00,290.00321525491444,290.82720935510014
2015-10-29 21:00:00,289.55853311453467,290.4087455291043
2015-10-30 05:00:00,302.2374517032288,296.2716868067008
2015-10-30 06:00:00,305.5511754157914,297.86006463143417
2015-10-30 08:00:00,308.4887658399867,299.9074777329832
2015-10-30 09:00:00,308.1689823662004,300.29960763987117
2015-10-30 17:00:00,292.5687874439869,293.28962749839746
2015-10-30 18:00:00,291.7420132817767,292.53877479306357
2015-10-30 20:00:00,290.38744254325314,291.3626678654887
2015-10-30 21:00:00,289.8266533850154,290.8327192121368
2015-10-31 05:00:00,302.72552041169865,297.2784236913837
2015-10-31 06:00:00,305.2127872461163,298.4960019151309
2015-10-31 08:00:00,307.8190165844464,300.14660378854336
2015-10-31 09:00:00,307.89056410591115,300.56401591014424
2015-10-31 17:00:00,292.72436561055474,293.6863443994743
2015-10-31 18:00:00,292.0360254837295,293.0771729597142
2015-10-31 20:00:00,291.0215777851217,292.2451577443739
2015-10-31 21:00:00,290.50038861714086,291.76511852105705
2015-11-01 05:00:00,303.2411615639145,298.58631570166546
2015-11-01 06:00:00,306.24764215266583,300.07671940455265
2015-11-01 08:00:00,308.99869700756574,301.837295367648
2015-11-01 09:00:00,309.1122137225464,302.2521125546589
2015-11-01 17:00:00,295.2750604802912,296.1694145731639
2015-11-01 18:00:00,294.9487699441072,295.80462101023807
2015-11-01 20:00:00,293.6735980911137,294.462839981808
2015-11-01 21:00:00,293.30072658638744,294.16075437572226
2015-11-02 05:00:00,304.34490449549793,300.0711050871157
2015-11-02 06:00:00,307.6212479836768,301.3865404173112
2015-11-02 08:00:00,308.7004204795614,302.1162967770052
2015-11-02 09:00:00,307.57328380237925,302.1102160672745
2015-11-02 17:00:00,297.1501391488709,297.69418903932734
2015-11-02 18:00:00,296.8240392417496,297.33070385290773
2015-11-02 20:00:00,296.0599636318871,296.52444077125864
2015-11-02 21:00:00,295.5691553947555,296.06727056988217
2015-11-03 05:00:00,303.2216897973295,300.10388162433645
2015-11-03 06:00:00,306.245018863531,301.2241263602658
2015-11-03 08:00:00,311.85299964751965,303.1411153972608
2015-11-03 09:00:00,310.60946236773526,303.0657420342068
2015-11-03 17:00:00,294.71097676375615,295.5162114406404
2015-11-03 18:00:00,293.9196841529411,294.8790148248658
2015-11-03 20:00:00,293.48414381406343,294.5281465645013
2015-11-03 21:00:00,293.01334499835235,294.06153206612186
2015-11-04 05:00:00,308.38172287198904,302.2983049765941
2015-11-04 06:00:00,312.06650271658174,303.614854080835
2015-11-04 08:00:00,313.8056671894938,304.9215707411568
2015-11-04 09:00:00,313.08268295781824,305.0831721089838
2015-11-04 17:00:00,295.5669293513834,296.86275149493815
2015-11-04 18:00:00,294.6708786880658,296.14364036242654
2015-11-04 20:00:00,293.3822275640785,294.8047024766543
2015-11-04 21:00:00,293.14579488463323,294.64428243064
2015-11-05 05:00:00,306.18586387693057,302.27156746369116
2015-11-05 06:00:00,309.182813741393,303.6323191168129
2015-11-05 08:00:00,310.43306378333705,303.95207806838494
2015-11-05 09:00:00,309.91357167953703,303.9578570114629
2015-11-05 17:00:00,294.03974178649247,295.2948622975401
2015-11-05 18:00:00,293.4157563196309,294.79867767663137
2015-11-05 20:00:00,293.21928220022994,294.55229219927446
2015-11-05 21:00:00,293.0615788064495,294.19484544939183
2015-11-06 05:00:00,305.07229118170835,300.2120251295563
2015-11-06 06:00:00,309.01908199739387,301.88297460993925
2015-11-06 08:00:00,313.02792497114706,303.07991027832037
2015-11-06 09:00:00,311.94805280453255,303.24242138972824
2015-11-06 17:00:00,293.32921178315195,294.3081255473415
2015-11-06 18:00:00,292.65918302609487,293.66103373617165
2015-11-06 20:00:00,291.40032998953467,292.4397242800297
2015-11-06 21:00:00,291.12650370781523,292.12763142402076
2015-11-07 05:00:00,303.6156461036812,299.2556301169844
2015-11-07 06:00:00,307.51715219553523,300.8956484566852
2015-11-07 08:00:00,310.41390497475084,302.2660828106944
2015-11-07 09:00:00,309.5137278552416,302.3022600123989
2015-11-07 17:00:00,295.0496321855965,295.81064235411
2015-11-07 18:00:00,294.3732346121813,295.08326180433096
2015-11-07 20:00:00,293.09946059592886,293.79372456555
2015-11-07 21:00:00,292.49029931302067,293.24490285911617
2015-11-08 05:00:00,304.2591426008839,299.3558858862643
2015-11-08 06:00:00,307.9362219294709,301.27040354018953
2015-11-08 08:00:00,308.4334543754213,302.497065939411
2015-11-08 09:00:00,308.6552096515297,302.8649583531455
2015-11-08 17:00:00,294.88332718436266,295.7012626518638
2015-11-08 18:00:00,294.1310007950558,294.9844010974666
2015-11-08 20:00:00,292.7617392988161,293.75902053057143
2015-11-08 21:00:00,292.43031898815934,293.4968087265415
2015-11-09 05:00:00,304.2364594352264,299.93388717016563
2015-11-09 06:00:00,308.0318077569383,301.82218319462334
2015-11-09 08:00:00,311.812236533143,303.29927185246686
2015-11-09 09:00:00,312.2028135937425,303.6194078536541
2015-11-09 17:00:00,294.87201261593856,295.5532674686567
2015-11-09 18:00:00,294.2031800397923,294.6639409704459
2015-11-09 20:00:00,293.3968718165793,294.30961409041254
2015-11-09 21:00:00,292.89070293973145,293.7760066427693
2015-11-10 05:00:00,305.1549820628115,300.17649737859176
2015-11-10 06:00:00,309.07640482427894,301.8986615620335
2015-11-10 08:00:00,311.60572558668986,303.24366217144467
2015-11-10 09:00:00,311.59344270820793,303.7011577917725
2015-11-10 17:00:00,294.7368847533992,295.51724113852293
2015-11-10 18:00:00,294.021824300381,294.58045435172204
2015-11-10 20:00:00,292.96766382814,293.75217716352233
2015-11-10 21:00:00,292.4171228629232,293.1910897653166
2015-11-11 05:00:00,305.1406040279818,299.6869168979545
2015-11-11 06:00:00,309.16279867727695,301.3038412367435
2015-11-11 08:00:00,313.1563555654282,302.8217471788404
2015-11-11 09:00:00,312.79775109900896,303.253784015109
2015-11-11 17:00:00,294.2985679732265,295.218782939235
2015-11-11 18:00:00,293.5023840153346,294.4039828119734
2015-11-11 20:00:00,292.01097762896944,292.9364136400502
2015-11-11 21:00:00,291.3529275620847,292.3330929936907
2015-11-12 05:00:00,305.2528959723944,299.67601918365995
2015-11-12 06:00:00,308.8353677288226,301.18163488825957
2015-11-12 08:00:00,312.49769735703666,302.9767762170918
2015-11-12 09:00:00,312.22425228642027,303.40187531222915
2015-11-12 17:00:00,293.76890519293505,294.91367630451595
2015-11-12 18:00:00,292.9002721519059,294.15753159721385
2015-11-12 20:00:00,291.43396090138674,292.797759539541
2015-11-12 21:00:00,290.7885414911162,292.2461839625942
2015-11-13 05:00:00,306.23172819963406,301.12129608765594
2015-11-13 06:00:00,310.2409224311817,302.5301769474071
2015-11-13 08:00:00,313.51088974398715,304.28420305766383
2015-11-13 09:00:00,312.77235523100444,304.5644832899097
2015-11-13 17:00:00,293.96070868869776,295.38654918700047
2015-11-13 18:00:00,292.8555381786658,294.38499208517914
2015-11-13 20:00:00,290.9481178836205,293.71297350209005
2015-11-13 21:00:00,290.30095800743635,293.28135438986664
2015-11-14 05:00:00,305.69432004390774,300.9284991248179
2015-11-14 06:00:00,309.30503753521043,302.29178216167156
2015-11-14 08:00:00,313.2207334074658,303.52274514126304
2015-11-14 09:00:00,312.8697229041524,303.82500470694856
2015-11-14 17:00:00,293.67133475892905,294.9456929587436
2015-11-14 18:00:00,292.75901331262344,294.17136083288443
2015-11-14 20:00:00,291.07730734991185,292.6003108325835
2015-11-14 21:00:00,290.37622133792826,291.88439323060874
2015-11-15 05:00:00,306.3208063063894,300.5136758248869
2015-11-15 06:00:00,310.50121252121653,302.15439110801475
2015-11-15 08:00:00,313.3783801862014,303.556784090533
2015-11-15 09:00:00,312.4403906588562,303.8758742886442
2015-11-15 17:00:00,293.80181748400486,295.09733200661026
2015-11-15 18:00:00,293.0575614423708,294.4781444296815
2015-11-15 20:00:00,291.8926061033652,293.28069612241495
2015-11-15 21:00:00,291.3640076529998,292.50610753604553
2015-11-16 05:00:00,303.4200833266248,299.4293418143674
2015-11-16 06:00:00,306.88135854195,300.9627382957329
2015-11-16 08:00:00,309.9834658677112,302.2448318081755
2015-11-16 09:00:00,309.73878636529156,302.40904595561676
2015-11-16 17:00:00,292.7304420647526,293.88135372214765
2015-11-16 18:00:00,291.8943569847542,293.12580521264687
2015-11-16 20:00:00,290.51455737850154,291.85662686622743
2015-11-16 21:00:00,289.886254967453,291.26527757453624
2015-11-17 05:00:00,302.24799726630215,297.658101744571
2015-11-17 06:00:00,305.58149152617614,298.77913483559445
2015-11-17 08:00:00,309.4272873794721,300.1957795976307
2015-11-17 09:00:00,309.01387080352737,300.5497616854581
2015-11-17 17:00:00,289.0588014952391,290.77096216704336
2015-11-17 18:00:00,288.0671036166293,289.9525108631293
2015-11-17 20:00:00,286.2467030435571,288.32772516800185
2015-11-17 21:00:00,285.56593322753906,287.82265370138254
2015-11-18 05:00:00,302.5670904503398,297.48491030371247
2015-11-18 06:00:00,306.11341864963526,298.7541968723291
2015-11-18 08:00:00,309.9568496257388,300.37584809713263
2015-11-18 09:00:00,309.7644668602613,300.81378872111696
2015-11-18 17:00:00,288.73548842137694,290.6017142649975
2015-11-18 18:00:00,287.3935511373041,289.48052336659015
2015-11-18 20:00:00,286.078275495391,288.335074214612
2015-11-18 21:00:00,285.83565943266836,288.025696082916
2015-11-19 05:00:00,301.24361825246467,297.217735513884
2015-11-19 06:00:00,304.981105081473,298.906598365913
2015-11-19 08:00:00,308.82717392367465,300.5881901345745
2015-11-19 09:00:00,309.06814215473474,300.9853760141805
2015-11-19 17:00:00,289.6044290598442,291.2649571399659
2015-11-19 18:00:00,288.194172228797,290.108782493462
2015-11-19 20:00:00,286.2635940293135,288.2399672639021
2015-11-19 21:00:00,285.75509464869333,287.6875851341682
2015-11-20 05:00:00,300.8100541031049,297.0293076666552
2015-11-20 06:00:00,304.2066495216499,298.6232300745137
2015-11-20 08:00:00,307.9997221207582,300.4235724403605
2015-11-20 09:00:00,308.1722282797603,300.8546652301618
2015-11-20 17:00:00,289.6483890668637,291.5085988801507
2015-11-20 18:00:00,288.71854467641776,290.61185665747786
2015-11-20 20:00:00,287.37854728052173,289.1900172299707
2015-11-20 21:00:00,286.60660013395756,288.4357226684759
2015-11-21 05:00:00,301.2436522026826,297.2313626234998
2015-11-21 06:00:00,304.63981148788855,298.8762078659928
2015-11-21 08:00:00,308.3237947249449,300.6392600554715
2015-11-21 09:00:00,308.36658159206024,301.0184495687852
2015-11-21 17:00:00,289.6348557670605,291.43673757779396
2015-11-21 18:00:00,288.7933843580343,290.69242959985013
2015-11-21 20:00:00,287.53925722001696,289.4211252738588
2015-11-21 21:00:00,286.9228756380008,288.74824152448326
2015-11-22 05:00:00,300.66211758041976,296.8185176761198
2015-11-22 06:00:00,304.2931675609712,298.52409644927747
2015-11-22 08:00:00,308.43329565109934,300.59379363684513
2015-11-22 09:00:00,308.507000257495,300.97216070377965
2015-11-22 17:00:00,290.60766460495114,292.1299925159049
2015-11-22 18:00:00,289.88355912265865,291.4550265178475
2015-11-22 20:00:00,288.68855988630344,290.14428767364456
2015-11-22 21:00:00,288.1936457417963,289.6103379965196
2015-11-23 05:00:00,301.15818958253084,297.63750132133123
2015-11-23 06:00:00,304.6386591084015,299.39004170986465
2015-11-23 08:00:00,308.56551947689206,301.12117956599394
2015-11-23 09:00:00,308.9125669740933,301.4070170774298
2015-11-23 17:00:00,292.61741353697704,293.6328098432309
2015-11-23 18:00:00,291.8456064938397,292.8896158039111
2015-11-23 20:00:00,290.58199974495017,291.54554196021223
2015-11-23 21:00:00,290.0508969487688,290.9664523179065
2015-11-24 05:00:00,301.3733431165134,297.6759118784007
2015-11-24 06:00:00,304.65341898913744,299.3595968049553
2015-11-24 08:00:00,308.5633594295461,301.1715051918441
2015-11-24 09:00:00,308.65275637210794,301.428797364786
2015-11-24 17:00:00,292.2532814390303,293.3067073968967
2015-11-24 18:00:00,291.3940877576454,292.331822799424
2015-11-24 20:00:00,290.40040842300203,291.3364246762221
2015-11-24 21:00:00,289.80834168609005,290.72156920822454
2015-11-25 05:00:00,302.0812777855731,298.12056241968565
2015-11-25 06:00:00,305.1338862109074,299.52373961932125
2015-11-25 08:00:00,308.79173135390084,300.957611248563
2015-11-25 09:00:00,308.5990423311254,301.10852088399224
2015-11-25 17:00:00,293.26331617358284,294.2261619861761
2015-11-25 18:00:00,292.6286777443438,293.7147482003563
2015-11-25 20:00:00,291.48077836940394,292.4503633237584
2015-11-25 21:00:00,290.94211137533557,291.97977545081375
2015-11-26 05:00:00,300.69055620143524,298.2622723689616
2015-11-26 06:00:00,303.2891283784699,299.4469527375349
2015-11-26 08:00:00,307.5117204192974,301.08433125970544
2015-11-26 09:00:00,307.034157516409,301.0937571709255
2015-11-26 17:00:00,290.1750543297531,291.24484114213425
2015-11-26 18:00:00,289.2492994828658,290.32569779453365
2015-11-26 20:00:00,287.4259240572184,288.5558692685261
2015-11-26 21:00:00,286.58356484059016,287.7393895694398
2015-11-27 05:00:00,296.5242020617281,292.4307053482221
2015-11-27 06:00:00,300.0727662966689,294.43378228656314
2015-11-27 08:00:00,302.4166592449547,296.1770476824697
2015-11-27 09:00:00,301.91664984046224,296.37696873645757
2015-11-27 17:00:00,287.81483555868704,289.0522931397237
2015-11-27 18:00:00,287.22495221577367,288.5754923063728
2015-11-27 20:00:00,285.77699430257036,287.33093447457475
2015-11-27 21:00:00,285.6365824553926,287.2596047846672
2015-11-28 05:00:00,298.7441745517067,294.7430731680801
2015-11-28 06:00:00,302.3128295804393,295.94661967743343
2015-11-28 08:00:00,305.28403069682776,296.9157873779673
2015-11-28 09:00:00,304.99378515869523,297.1584818976686
2015-11-28 17:00:00,287.3657647413539,288.66652577169504
2015-11-28 18:00:00,286.354513136007,287.8280838083229
2015-11-28 20:00:00,285.1473233967974,287.3588404956695
2015-11-28 21:00:00,284.7391542925489,287.2613004616853
2015-11-29 05:00:00,301.2583435011571,296.0448482848463
2015-11-29 06:00:00,304.0003408893415,297.1113863623198
2015-11-29 08:00:00,307.12585383387307,298.1729069314496
2015-11-29 09:00:00,307.0343970018102,298.43272077798474
2015-11-29 17:00:00,288.56637885941564,289.9070907851397
2015-11-29 18:00:00,287.84456809680154,289.4130323789153
2015-11-29 20:00:00,286.80119636429845,288.618797643159
2015-11-29 21:00:00,286.43146509014775,288.2913379639801
2015-11-30 05:00:00,300.1401383645362,296.55441794373405
2015-11-30 06:00:00,303.59374670842766,298.2302272191217
2015-11-30 08:00:00,307.85539784012667,300.0403463072696
2015-11-30 09:00:00,308.28263025034005,300.45789383005103
2015-11-30 17:00:00,292.5067151838165,293.1219227795241
2015-11-30 18:00:00,291.6561281177773,292.4202578504941
2015-11-30 20:00:00,290.04537307903837,290.7977298918785
2015-11-30 21:00:00,289.5937076327613,290.34694792713697
2015-12-01 05:00:00,301.9629207428872,297.06163911275763
2015-12-01 06:00:00,306.2314983068152,298.74018707040284
2015-12-01 08:00:00,310.10359464624815,300.6028196925559
2015-12-01 09:00:00,309.4575228933561,301.03198411468367
2015-12-01 17:00:00,290.7434110244728,291.47590641909284
2015-12-01 18:00:00,289.8968424040291,290.6703197085435
2015-12-01 20:00:00,288.6776412940356,289.5413800490839
2015-12-01 21:00:00,288.11728351986835,289.00900837526484
2015-12-02 05:00:00,299.51903118962315,295.4855935400917
2015-12-02 06:00:00,302.69953304813896,296.7199640024241
2015-12-02 08:00:00,305.88824587500153,298.3341095252838
2015-12-02 09:00:00,305.4756167842354,298.55161248957984
2015-12-02 17:00:00,288.1609579594734,289.51533418958104
2015-12-02 18:00:00,287.4232684166296,288.8731739296935
2015-12-02 20:00:00,286.1691040603332,287.73392913301115
2015-12-02 21:00:00,285.55342334811974,287.10684632005973
2015-12-03 05:00:00,299.45002847680325,294.3686858707657
2015-12-03 06:00:00,302.6725299523681,295.6399990604912
2015-12-03 08:00:00,306.72662880167206,297.32096806366013
2015-12-03 09:00:00,306.7831706089672,297.9267224751195
2015-12-03 17:00:00,287.6135758927497,289.0256976581685
2015-12-03 18:00:00,286.7687849329874,288.313531672826
2015-12-03 20:00:00,284.98699781891014,286.4708496705042
2015-12-03 21:00:00,284.0020524599519,285.84607326231315
2015-12-04 05:00:00,299.7319240952126,295.1816307502829
2015-12-04 06:00:00,303.5768576741035,296.9893553605984
2015-12-04 08:00:00,308.1135301398937,299.76289920189714
2015-12-04 09:00:00,308.350781880101,300.373338602357
2015-12-04 17:00:00,286.8268517727845,289.04182502264604
2015-12-04 18:00:00,286.09802262551614,288.41386829723007
2015-12-04 20:00:00,285.1396122772264,287.3269693759631
2015-12-04 21:00:00,284.6615877078017,286.7371949370726
2015-12-05 05:00:00,299.95130379651835,296.4798523795623
2015-12-05 06:00:00,303.97657054084107,298.42082705740205
2015-12-05 08:00:00,308.7214758686365,300.9296186120925
2015-12-05 09:00:00,309.0125893003584,301.45720177696006
2015-12-05 17:00:00,288.1660076782038,289.88628659005894
2015-12-05 18:00:00,286.7875830557754,288.98530994762075
2015-12-05 20:00:00,284.6531677246094,288.37344875247527
2015-12-05 21:00:00,283.90403002252566,288.46368800840685
2015-12-06 05:00:00,300.79748377631,296.94924437724205
2015-12-06 06:00:00,304.9701213395835,298.950166229107
2015-12-06 08:00:00,309.33756569978453,300.9325583388882
2015-12-06 09:00:00,309.32522914516176,301.33636089025185
2015-12-06 17:00:00,288.64395045205515,290.3295636757496
2015-12-06 18:00:00,287.92557912394517,289.7698895376526
2015-12-06 20:00:00,286.8825989004644,288.9084044281617
2015-12-06 21:00:00,286.45908754228265,288.54163263024094
2015-12-07 05:00:00,299.8317534177807,296.6600587959466
2015-12-07 06:00:00,303.91991524483285,298.772387018189
2015-12-07 08:00:00,308.320684047987,300.7767861576404
2015-12-07 09:00:00,308.61833388412316,301.1107903761195
2015-12-07 17:00:00,289.21196515240547,290.62921008564103
2015-12-07 18:00:00,288.4019824058874,289.9911374413912
2015-12-07 20:00:00,287.20247731260235,288.9161312767464
2015-12-07 21:00:00,286.66263348736635,288.3751051657373
2015-12-08 05:00:00,300.1428996175757,296.79362273840763
2015-12-08 06:00:00,304.2866096437804,298.9005520531136
2015-12-08 08:00:00,308.50019046448415,300.807946744428
2015-12-08 09:00:00,308.5316444714374,301.1165507688361
2015-12-08 17:00:00,287.51832467712495,289.4883512429354
2015-12-08 18:00:00,286.87281930979304,288.91233604678024
2015-12-08 20:00:00,286.28788150734454,288.2893065700913
2015-12-08 21:00:00,286.0690666163464,288.12536211998327
2015-12-09 05:00:00,299.49113664200934,296.74256501983973
2015-12-09 06:00:00,303.28604619712416,298.90031395487506
2015-12-09 08:00:00,306.48419013118894,300.4979828774286
2015-12-09 09:00:00,306.09439914509403,300.480078087382
2015-12-09 17:00:00,289.2946988004382,290.68189393500523
2015-12-09 18:00:00,289.24889438435184,290.49028863892164
2015-12-09 20:00:00,288.4638537390758,289.99791617606564
2015-12-09 21:00:00,287.9727829990476,289.60380361407124
2015-12-10 05:00:00,300.576710799442,296.66703676479443
2015-12-10 06:00:00,305.4605375739569,298.37204496739275
2015-12-10 08:00:00,307.10690427524474,299.62989275775084
2015-12-10 09:00:00,306.12660276063235,299.64130581472244
2015-12-10 17:00:00,288.84930575096,289.72822232239054
2015-12-10 18:00:00,288.0115168590575,288.935418856346
2015-12-10 20:00:00,286.8594500243388,287.88903658121876
2015-12-10 21:00:00,286.2072498339167,287.20764917217895
2015-12-11 05:00:00,296.2682642532607,291.888692212215
2015-12-11 06:00:00,299.3084252920283,293.50639105798285
2015-12-11 08:00:00,301.51976441088,294.9948079207645
2015-12-11 09:00:00,300.9873814986924,295.10630208207937
2015-12-11 17:00:00,283.49744336520575,284.917553776769
2015-12-11 18:00:00,282.3707143022394,283.96698117954156
2015-12-11 20:00:00,280.9140035338321,282.9503640290952
2015-12-11 21:00:00,280.46853882212116,282.52395662798534
2015-12-12 05:00:00,293.451092360016,289.5902360113817
2015-12-12 06:00:00,296.64725848228795,291.1098472936128
2015-12-12 08:00:00,300.78669317918497,293.03506805937167
2015-12-12 09:00:00,300.95987472181514,293.52862675788776
2015-12-12 17:00:00,283.6108085032788,284.8633767761325
2015-12-12 18:00:00,282.76130135511215,284.1255733683958
2015-12-12 20:00:00,281.0876553481092,282.53416186598673
2015-12-12 21:00:00,280.3566713024545,281.89666875007526
2015-12-13 05:00:00,293.80148355398785,289.49156367650204
2015-12-13 06:00:00,297.61368677171606,291.0483086208349
2015-12-13 08:00:00,301.9719415555934,292.97976701028176
2015-12-13 09:00:00,302.06952915279817,293.5728742837539
2015-12-13 17:00:00,282.86092735255266,284.4531686368452
2015-12-13 18:00:00,281.7539260699679,283.4324546778698
2015-12-13 20:00:00,279.98900095229897,281.7977875179062
2015-12-13 21:00:00,279.4464588371007,281.25840249083626
2015-12-14 05:00:00,293.4276806048142,289.8795932246651
2015-12-14 06:00:00,297.13166856104493,291.4883023160632
2015-12-14 08:00:00,301.38212919308705,293.31720579644013
2015-12-14 09:00:00,301.6204173083666,293.8441701221907
2015-12-14 17:00:00,282.74034445458466,284.2079024821841
2015-12-14 18:00:00,281.90693796213674,283.51039647835614
2015-12-14 20:00:00,280.31148734776013,282.0157006356309
2015-12-14 21:00:00,279.6512505717931,281.4994015451205
2015-12-15 05:00:00,293.905162393955,289.71981310734213
2015-12-15 06:00:00,297.53233201037204,291.4000214046249
2015-12-15 08:00:00,301.7854134628696,293.6419642937753
2015-12-15 09:00:00,302.01796758854516,294.1882788095342
2015-12-15 17:00:00,283.0741056139554,284.96185051164207
2015-12-15 18:00:00,281.87154382549926,283.9538679784178
2015-12-15 20:00:00,280.0907628510509,282.2649869757184
2015-12-15 21:00:00,279.4466304220661,281.5906194795629
2015-12-16 05:00:00,293.80049671707974,290.6559850284242
2015-12-16 06:00:00,297.33624798931953,292.3686785587728
2015-12-16 08:00:00,300.9109997389313,294.22414963638477
2015-12-16 09:00:00,301.132436578924,294.78717283181305
2015-12-16 17:00:00,284.2571416775508,285.7866169557733
2015-12-16 18:00:00,283.4841914007954,285.0372493608707
2015-12-16 20:00:00,282.100649182712,283.66958719262357
2015-12-16 21:00:00,281.38639074481324,282.9377937258117
2015-12-17 05:00:00,295.4731205027717,291.2626955241011
2015-12-17 06:00:00,300.18019056981444,293.26922779053865
2015-12-17 08:00:00,303.86501985852635,295.32519594730326
2015-12-17 09:00:00,303.3457341128028,295.7065202098782
2015-12-17 17:00:00,284.4386999897303,285.9407717759143
2015-12-17 18:00:00,283.6811394595953,285.2222280164345
2015-12-17 20:00:00,282.4788828234092,284.2114206087792
2015-12-17 21:00:00,281.90692357326327,283.6117667035072
2015-12-18 05:00:00,294.77630716332675,290.752874577174
2015-12-18 06:00:00,298.75658831721273,292.5274599425047
2015-12-18 08:00:00,302.4282085730226,294.00514895963744
2015-12-18 09:00:00,302.52502551909043,294.38107631313045
2015-12-18 17:00:00,283.5887912697344,285.04004865508233
2015-12-18 18:00:00,282.7490714474342,284.2713201960724
2015-12-18 20:00:00,281.39411037544994,282.96314111365746
2015-12-18 21:00:00,280.8271940257774,282.41416834756296
2015-12-19 05:00:00,293.9518951510061,290.3582934833638
2015-12-19 06:00:00,297.6315263180961,292.18438321012195
2015-12-19 08:00:00,301.7991606443432,294.2167737869709
2015-12-19 09:00:00,302.1920063976882,294.76366350500166
2015-12-19 17:00:00,284.4043255587021,285.87329277896737
2015-12-19 18:00:00,283.73892863175166,285.28139247806115
2015-12-19 20:00:00,282.51702833836913,284.013959017667
2015-12-19 21:00:00,281.94822659955366,283.49256311543
2015-12-20 05:00:00,293.87538633655146,290.882391531405
2015-12-20 06:00:00,297.95487703343935,292.9610342722277
2015-12-20 08:00:00,302.73124751251174,294.5393142582639
2015-12-20 09:00:00,303.14927631019634,294.8929846106766
2015-12-20 17:00:00,284.2574242590388,285.5689106193272
2015-12-20 18:00:00,283.2049906867311,284.58309115981467
2015-12-20 20:00:00,281.5008748999362,283.02241539624515
2015-12-20 21:00:00,280.80469476497046,282.334751170295
2015-12-21 05:00:00,293.2806090133032,289.944468117642
2015-12-21 06:00:00,296.85217447383747,291.6906321662233
2015-12-21 08:00:00,300.9086319698575,293.28955957445044
2015-12-21 09:00:00,301.30328474941166,293.7567054031443
2015-12-21 17:00:00,284.0703811057727,285.5086727759504
2015-12-21 18:00:00,283.3910991745113,284.9140845300237
2015-12-21 20:00:00,282.1618620368476,283.7016101008387
2015-12-21 21:00:00,281.5984160859706,283.1821329501818
2015-12-22 05:00:00,292.57670713169,289.62931565106925
2015-12-22 06:00:00,296.24303978213175,291.45028987467197
2015-12-22 08:00:00,300.6959249440621,293.0759487534157
2015-12-22 09:00:00,301.31437885302057,293.5146071752892
2015-12-22 17:00:00,283.74460224451377,285.13784982831163
2015-12-22 18:00:00,283.0379498309824,284.56979407735156
2015-12-22 20:00:00,281.5368998664186,283.1048534140565
2015-12-22 21:00:00,280.63184818685147,282.41712587236077
2015-12-23 05:00:00,293.8038132818895,290.04751269512445
2015-12-23 06:00:00,297.77281407619296,291.7331568831105
2015-12-23 08:00:00,303.0172897832603,293.40238033347583
2015-12-23 09:00:00,303.06055202395964,293.96768611678726
2015-12-23 17:00:00,284.04354324693486,285.3766815467681
2015-12-23 18:00:00,283.2409809741475,284.67163024808303
2015-12-23 20:00:00,282.9156602997626,284.2946215895549
2015-12-23 21:00:00,282.63308461899015,283.8899678610874
2015-12-24 05:00:00,291.6974483778003,288.27105987972027
2015-12-24 06:00:00,295.0234564030299,289.7253868679053
2015-12-24 08:00:00,299.44962058045286,291.5317950843846
2015-12-24 09:00:00,299.60531124826207,291.95117001761275
2015-12-24 17:00:00,281.73684170433484,283.00994788406445
2015-12-24 18:00:00,280.8227393057754,282.2046146245877
2015-12-24 20:00:00,279.0667276955533,280.5804029091481
2015-12-24 21:00:00,278.29834565102414,279.93043391105755
2015-12-25 05:00:00,292.79002735390685,288.55883753795655
2015-12-25 06:00:00,297.1249931817429,290.3891656108556
2015-12-25 08:00:00,302.2021404671926,292.84703223841217
2015-12-25 09:00:00,302.4464236172763,293.5487289311155
2015-12-25 17:00:00,282.78885078136284,284.498728348037
2015-12-25 18:00:00,281.64717405345664,283.71842686163814
2015-12-25 20:00:00,279.72500991233505,282.51460165014987
2015-12-25 21:00:00,279.0513084658489,282.0428448928339
2015-12-26 05:00:00,296.3217950477071,291.2938688069536
2015-12-26 06:00:00,300.28990333216217,293.1366422209424
2015-12-26 08:00:00,304.21469586435563,295.7439262260825
2015-12-26 09:00:00,304.038349098711,296.32357033375416
2015-12-26 17:00:00,285.24496963101285,286.8404454729407
2015-12-26 18:00:00,284.47154983497,286.08884689730746
2015-12-26 20:00:00,282.6343663572714,284.947845012271
2015-12-26 21:00:00,282.0246044799617,284.6035372318215
2015-12-27 05:00:00,297.22784299218597,293.8079210701635
2015-12-27 06:00:00,301.5902013793381,295.8299324494114
2015-12-27 08:00:00,307.09247985275573,298.6082329654547
2015-12-27 09:00:00,307.27304622609006,299.2688476139298
2015-12-27 17:00:00,286.7941535749862,288.3501910663716
2015-12-27 18:00:00,285.85963675053716,287.49839180827325
2015-12-27 20:00:00,283.93008707337464,285.56514995087093
2015-12-27 21:00:00,283.05620531455395,284.78698300213216
2015-12-28 05:00:00,299.0411713398844,295.3254874630592
2015-12-28 06:00:00,303.78201956962033,297.5707523951362
2015-12-28 08:00:00,308.8339604405666,300.15400806303563
2015-12-28 09:00:00,308.7521056188457,300.7157219415086
2015-12-28 17:00:00,287.7468554903803,289.1504921700077
2015-12-28 18:00:00,286.7637507081583,288.23579251564155
2015-12-28 20:00:00,284.89916338575273,286.37642000783205
2015-12-28 21:00:00,283.9432625557498,285.454705965721
2015-12-29 05:00:00,298.27009413238665,295.12443175705266
2015-12-29 06:00:00,302.9563847851864,297.3591154830298
2015-12-29 08:00:00,308.5539274054059,300.00582655332124
2015-12-29 09:00:00,308.73271863376044,300.6112483278813
2015-12-29 17:00:00,288.39745339039484,289.9473241209433
2015-12-29 18:00:00,287.0317352012787,289.1098674192267
2015-12-29 20:00:00,285.2324727533043,287.37070534446025
2015-12-29 21:00:00,284.5721520892645,286.82583145588313
2015-12-30 05:00:00,298.3712495354181,295.67492029222393
2015-12-30 06:00:00,302.76878105363414,297.9418904402958
2015-12-30 08:00:00,307.95415895341546,300.41116229558395
2015-12-30 09:00:00,308.47751258885364,300.8963927752432
2015-12-30 17:00:00,289.5619595473279,290.8277511244011
2015-12-30 18:00:00,288.6900904204335,290.0200247977658
2015-12-30 20:00:00,287.43055736853273,288.78860501846293
2015-12-30 21:00:00,286.8258470438294,288.1486601278484
2015-12-31 05:00:00,296.84780023278006,294.49289824451984
2015-12-31 06:00:00,300.80218179053264,296.66241149432125
2015-12-31 08:00:00,305.12057749038485,298.82904090352343
2015-12-31 09:00:00,305.59909864052423,299.30855784834995
2015-12-31 17:00:00,289.2571150628371,290.50117727788097
2015-12-31 18:00:00,288.5728925049581,289.770882510992
2015-12-31 20:00:00,287.0730209938367,288.2044785180702
2015-12-31 21:00:00,286.3953777483689,287.55468249210776
