datetime_utc,skt,t2m
2006-01-01 05:00:00,295.45159072758423,292.4812376848171
2006-01-01 06:00:00,300.03062441315967,295.23566376813943
2006-01-01 08:00:00,304.69718923700975,298.45505623604373
2006-01-01 09:00:00,304.9651884246498,299.10051998849644
2006-01-01 17:00:00,287.95314985137145,289.2852138054941
2006-01-01 18:00:00,286.9780674774217,288.69200221268903
2006-01-01 20:00:00,284.62991384732527,286.8968961977261
2006-01-01 21:00:00,283.8904629370832,286.328126316629
2006-01-02 05:00:00,299.370721896367,294.490311750462
2006-01-02 06:00:00,303.0357597127717,296.1191840032216
2006-01-02 08:00:00,305.2082778860131,297.5319336360702
2006-01-02 09:00:00,304.6499326967495,297.7809255214979
2006-01-02 17:00:00,286.99598188356185,287.4851463329627
2006-01-02 18:00:00,285.958239139504,286.5065301269155
2006-01-02 20:00:00,284.3480210972861,285.16947480893833
2006-01-02 21:00:00,283.7273085583891,284.5248994518686
2006-01-03 05:00:00,293.2952313063141,288.9154138080144
2006-01-03 06:00:00,296.9822098036944,290.26224692980935
2006-01-03 08:00:00,300.6421892257244,291.8172531010374
2006-01-03 09:00:00,300.4141566389698,292.1861347968479
2006-01-03 17:00:00,282.6123024069106,283.76363599686124
2006-01-03 18:00:00,281.9321772218302,283.1647437614359
2006-01-03 20:00:00,280.8130939407231,282.10442649711996
2006-01-03 21:00:00,280.2705335808094,281.5824973131365
2006-01-04 05:00:00,290.20648313266656,287.0691285449294
2006-01-04 06:00:00,294.0807302089979,288.86451735298147
2006-01-04 08:00:00,299.1205565418778,291.1384639416711
2006-01-04 09:00:00,299.5452503974339,291.71399899146223
2006-01-04 17:00:00,281.7158106728952,282.76335658938933
2006-01-04 18:00:00,280.8998211594686,282.03644017482577
2006-01-04 20:00:00,279.6493435523176,280.9515219337216
2006-01-04 21:00:00,279.07422382842594,280.42522452755594
2006-01-05 05:00:00,290.70328671024834,287.303516523129
2006-01-05 06:00:00,295.12125607154036,289.45770475272957
2006-01-05 08:00:00,300.2989007747045,292.058619165641
2006-01-05 09:00:00,300.5797082227992,292.6598023589477
2006-01-05 17:00:00,281.6773744415612,282.8238610736395
2006-01-05 18:00:00,280.8429012915754,282.1098363844015
2006-01-05 20:00:00,279.78439942346705,281.238048394766
2006-01-05 21:00:00,279.2835544533282,280.77490622310313
2006-01-06 05:00:00,290.7660570894074,287.5832760286258
2006-01-06 06:00:00,295.24695005255234,289.893600746002
2006-01-06 08:00:00,301.0021262146842,292.87674547380584
2006-01-06 09:00:00,301.41727987092526,293.5301207790757
2006-01-06 17:00:00,281.83726849431065,283.0297248264307
2006-01-06 18:00:00,280.99137871364604,282.29827669258293
2006-01-06 20:00:00,279.618625399879,281.0988305889771
2006-01-06 21:00:00,278.94877956020076,280.50225371609116
2006-01-07 05:00:00,290.48670580941837,287.3871882927987
2006-01-07 06:00:00,295.36455689887237,289.91174252925924
2006-01-07 08:00:00,301.634726173154,292.9754426130345
2006-01-07 09:00:00,302.2026117733337,293.68840720436793
2006-01-07 17:00:00,281.3776588616276,282.82482176605834
2006-01-07 18:00:00,280.3903117363552,281.93520779602335
2006-01-07 20:00:00,278.62747803674824,280.24729613787594
2006-01-07 21:00:00,277.8427496911565,279.54167299902497
2006-01-08 05:00:00,292.23271969176585,288.3999372579284
2006-01-08 06:00:00,296.9935308612183,290.58791211426535
2006-01-08 08:00:00,302.86128827346306,293.3038542149431
2006-01-08 09:00:00,303.5225568398122,293.9469548065233
2006-01-08 17:00:00,281.41809032657665,282.8498523165522
2006-01-08 18:00:00,280.33030430304433,281.9223807500948
2006-01-08 20:00:00,278.4696397355231,280.1332163524187
2006-01-08 21:00:00,277.81893591741203,279.50426712388804
2006-01-09 05:00:00,292.0351861562861,289.149800657675
2006-01-09 06:00:00,296.80392275018204,291.62235190651637
2006-01-09 08:00:00,302.8687920004635,294.81097242828514
2006-01-09 09:00:00,303.4470908425071,295.4682662329064
2006-01-09 17:00:00,285.8855951952824,286.9355167100903
2006-01-09 18:00:00,285.05142343576955,286.3145922879776
2006-01-09 20:00:00,283.3774899569425,284.84482145382924
2006-01-09 21:00:00,282.4957988486268,284.06456948208336
2006-01-10 05:00:00,295.78977949850736,292.7603513838147
2006-01-10 06:00:00,300.6237024151489,295.219113718747
2006-01-10 08:00:00,305.5834587108924,297.2947968187612
2006-01-10 09:00:00,306.239285978955,297.8200039621127
2006-01-10 17:00:00,284.84392896749205,286.2245734263274
2006-01-10 18:00:00,283.5034963081725,285.11960525395136
2006-01-10 20:00:00,281.4039392691732,283.3602137866851
2006-01-10 21:00:00,280.58880857400055,282.5474058600898
2006-01-11 05:00:00,295.6213530083467,291.5721996995077
2006-01-11 06:00:00,300.34223754600674,293.7032548290188
2006-01-11 08:00:00,306.26359116094324,296.6993262668604
2006-01-11 09:00:00,307.14769922382845,297.3994051047209
2006-01-11 17:00:00,285.6551582794895,286.9389875791106
2006-01-11 18:00:00,284.623360162156,286.0366433823972
2006-01-11 20:00:00,283.21218380685576,284.8334589695159
2006-01-11 21:00:00,282.4039220119294,284.062707227992
2006-01-12 05:00:00,296.4452306574041,292.7871912646184
2006-01-12 06:00:00,301.09782484903906,295.0390680251394
2006-01-12 08:00:00,306.2313603664216,297.72114175052974
2006-01-12 09:00:00,306.7690252647929,298.26012560546127
2006-01-12 17:00:00,286.4564737516853,287.83983192385074
2006-01-12 18:00:00,285.2962975641612,286.8158764949381
2006-01-12 20:00:00,283.7517444628229,285.306362322556
2006-01-12 21:00:00,282.9439292637336,284.5103840174036
2006-01-13 05:00:00,297.39581747892646,293.75529792679845
2006-01-13 06:00:00,301.8449471918938,295.9460415362577
2006-01-13 08:00:00,307.53868281712704,298.2952521607762
2006-01-13 09:00:00,308.27434298804803,298.9111897331908
2006-01-13 17:00:00,286.9885450460143,288.59449170881135
2006-01-13 18:00:00,285.845649542904,287.6111812033161
2006-01-13 20:00:00,283.3924964940052,285.7950858658378
2006-01-13 21:00:00,282.4632480192258,284.8821393029164
2006-01-14 05:00:00,298.03114140162296,294.63268062550407
2006-01-14 06:00:00,302.4684560860985,296.6877978637883
2006-01-14 08:00:00,307.88193926936117,299.1601707799409
2006-01-14 09:00:00,308.5180513355508,299.7649384485372
2006-01-14 17:00:00,287.69904916348924,289.42099290562703
2006-01-14 18:00:00,286.46126903187144,288.4738988185701
2006-01-14 20:00:00,285.0534816794844,287.3625044389205
2006-01-14 21:00:00,284.75583736848756,287.0594757268168
2006-01-15 05:00:00,296.7150633684109,295.4919496133625
2006-01-15 06:00:00,301.8861382341899,298.34409439251493
2006-01-15 08:00:00,307.7826428993825,301.54172056224576
2006-01-15 09:00:00,308.4304595147884,302.24371514224856
2006-01-15 17:00:00,288.493610446736,290.55826021967397
2006-01-15 18:00:00,287.0935191432206,289.2418819010166
2006-01-15 20:00:00,285.0410106641302,287.2563489493677
2006-01-15 21:00:00,284.4039473335254,286.6439122933269
2006-01-16 05:00:00,300.1766209301119,297.35129574157054
2006-01-16 06:00:00,304.33580752991384,299.47849434733575
2006-01-16 08:00:00,308.5046485936146,302.0237111472202
2006-01-16 09:00:00,308.6604999136668,302.4799829609405
2006-01-16 17:00:00,289.8740073793291,291.778478731176
2006-01-16 18:00:00,289.2228222392925,291.26583302737384
2006-01-16 20:00:00,288.30182547782346,290.3276077999356
2006-01-16 21:00:00,287.69319202205617,289.68377923010314
2006-01-17 05:00:00,297.5382594974089,295.44276287155276
2006-01-17 06:00:00,301.20214488730414,297.4330099896401
2006-01-17 08:00:00,304.7662770134642,299.6805333635657
2006-01-17 09:00:00,304.5514848706168,299.73474991009306
2006-01-17 17:00:00,290.533138657204,291.7861095363811
2006-01-17 18:00:00,289.8268711930615,291.1031736776531
2006-01-17 20:00:00,289.11771880680317,290.628783921064
2006-01-17 21:00:00,288.57103152047324,289.9981467036878
2006-01-18 05:00:00,297.9080374413536,294.4678493552656
2006-01-18 06:00:00,301.99513112966014,296.3575181064694
2006-01-18 08:00:00,305.7866181783574,298.26955690075323
2006-01-18 09:00:00,305.83578458295216,298.7417916413999
2006-01-18 17:00:00,288.0438027403939,289.3403228148474
2006-01-18 18:00:00,287.2767266507141,288.7234661648931
2006-01-18 20:00:00,286.3184157549325,287.9206199469662
2006-01-18 21:00:00,285.7560750670352,287.1860209789776
2006-01-19 05:00:00,296.54119111282984,292.49319105339345
2006-01-19 06:00:00,300.8221780456637,294.4240672342215
2006-01-19 08:00:00,306.958077875969,296.5798686164186
2006-01-19 09:00:00,307.65349784580695,297.3005573760563
2006-01-19 17:00:00,288.27301552042206,289.478372958849
2006-01-19 18:00:00,286.99650221062,288.3629197177975
2006-01-19 20:00:00,284.496270272324,287.1282083191012
2006-01-19 21:00:00,283.49243815323604,286.850036950251
2006-01-20 05:00:00,296.946664372284,291.8811294955355
2006-01-20 06:00:00,301.45633922042026,294.00515573087205
2006-01-20 08:00:00,305.9317287215834,296.50418624525264
2006-01-20 09:00:00,305.81171684088804,297.13474691005996
2006-01-20 17:00:00,286.5575199920701,287.8678317547579
2006-01-20 18:00:00,285.803047967802,287.1811533077105
2006-01-20 20:00:00,284.4515108129093,285.68377488052533
2006-01-20 21:00:00,283.9116578182932,285.1906848548925
2006-01-21 05:00:00,294.69631659415177,290.78778934331814
2006-01-21 06:00:00,298.76112372776026,292.289226514349
2006-01-21 08:00:00,303.5999050287326,293.9169222180759
2006-01-21 09:00:00,304.2653427241579,294.39033729306357
2006-01-21 17:00:00,284.7851373704814,286.0502399509236
2006-01-21 18:00:00,284.13069616003287,285.5696858786655
2006-01-21 20:00:00,283.30188211637943,284.803152898427
2006-01-21 21:00:00,282.7724040638317,284.2727765992904
2006-01-22 05:00:00,294.78893699704776,290.7187409716872
2006-01-22 06:00:00,298.99782887886414,292.2664001182709
2006-01-22 08:00:00,305.09475461139886,294.1919588814899
2006-01-22 09:00:00,305.44900475077344,294.8018729940218
2006-01-22 17:00:00,285.04805841431227,286.15922988397864
2006-01-22 18:00:00,284.19762464150074,285.47145423830386
2006-01-22 20:00:00,282.58855432354613,284.00636112818546
2006-01-22 21:00:00,281.73471539560563,283.26193982610715
2006-01-23 05:00:00,295.9487764802295,290.84554545868343
2006-01-23 06:00:00,300.6821931859562,292.22132885290773
2006-01-23 08:00:00,303.88660629578106,293.94505742665245
2006-01-23 09:00:00,303.15593821756283,294.1953491775207
2006-01-23 17:00:00,284.2163793625559,285.68317503848317
2006-01-23 18:00:00,283.2422988727023,284.88995939704415
2006-01-23 20:00:00,281.83292394793824,283.5218107108894
2006-01-23 21:00:00,281.24980520944933,282.9376665300507
2006-01-24 05:00:00,297.60215486547065,291.1020479128798
2006-01-24 06:00:00,301.460353528039,292.53618930998863
2006-01-24 08:00:00,303.887963552137,293.9051716573801
2006-01-24 09:00:00,303.79922015126937,294.32696305144185
2006-01-24 17:00:00,284.0715782271328,285.3560529805846
2006-01-24 18:00:00,282.9814254219984,284.5023928320463
2006-01-24 20:00:00,281.2516202294771,282.88646252460217
2006-01-24 21:00:00,280.3315712997836,282.0848774256067
2006-01-25 05:00:00,295.847560159598,290.3931636016799
2006-01-25 06:00:00,300.4604582235516,291.9104875937817
2006-01-25 08:00:00,305.0408643067159,294.28438129630774
2006-01-25 09:00:00,305.0880768574625,294.9176373827072
2006-01-25 17:00:00,284.1385816859171,285.71770795872106
2006-01-25 18:00:00,282.878098380584,284.81514198056357
2006-01-25 20:00:00,281.6026685153391,283.79017140722056
2006-01-25 21:00:00,281.14254229388365,283.2601147197612
2006-01-26 05:00:00,295.54886437931856,291.7632450285972
2006-01-26 06:00:00,299.70216842204655,293.49059158113596
2006-01-26 08:00:00,305.2484900381973,295.5682997505176
2006-01-26 09:00:00,305.90037656528375,296.1778156298151
2006-01-26 17:00:00,284.67816202078467,286.2869482290212
2006-01-26 18:00:00,283.1638582579344,285.2551621024157
2006-01-26 20:00:00,281.117174992025,283.1227542542162
2006-01-26 21:00:00,280.4437591599757,282.5245976617046
2006-01-27 05:00:00,297.0295559217456,292.678469641734
2006-01-27 06:00:00,301.6158500871232,294.6225265949643
2006-01-27 08:00:00,307.37377471218497,297.1398788945885
2006-01-27 09:00:00,307.9447112707952,297.7912875323891
2006-01-27 17:00:00,285.0867302516943,287.33132250393487
2006-01-27 18:00:00,283.8452049220104,286.22460222758576
2006-01-27 20:00:00,282.3004082443167,285.771882561212
2006-01-27 21:00:00,281.6796198581878,285.7952021994099
2006-01-28 05:00:00,297.91910716381574,294.7236508456144
2006-01-28 06:00:00,302.48148706844665,296.9943445143972
2006-01-28 08:00:00,307.97401578694536,299.3933828909335
2006-01-28 09:00:00,308.5402627718651,299.9642663141612
2006-01-28 17:00:00,286.90080138972064,290.3826530468299
2006-01-28 18:00:00,285.5581327888007,288.3125747657153
2006-01-28 20:00:00,283.3243115958521,286.99682951046987
2006-01-28 21:00:00,282.5570371419146,286.0415321902612
2006-01-29 05:00:00,301.08620470514285,296.44433236379285
2006-01-29 06:00:00,305.6609497305425,298.2699307998634
2006-01-29 08:00:00,309.9123894407863,300.3792340200744
2006-01-29 09:00:00,310.26313102263697,300.9347952679603
2006-01-29 17:00:00,289.30595837609246,290.75954911007165
2006-01-29 18:00:00,287.69903533888527,290.13399177633556
2006-01-29 20:00:00,285.00001991401285,289.0323471280937
2006-01-29 21:00:00,283.97727738249654,289.10463010438235
2006-01-30 05:00:00,301.2432858036553,296.92833353521644
2006-01-30 06:00:00,305.56366681538304,298.8740966044516
2006-01-30 08:00:00,310.2807551356053,300.85458994719943
2006-01-30 09:00:00,310.88798127960536,301.39645030722596
2006-01-30 17:00:00,287.6895907597476,289.8409287462984
2006-01-30 18:00:00,286.74058652622125,289.1435152121428
2006-01-30 20:00:00,285.7024110344415,288.08801443514363
2006-01-30 21:00:00,285.27912825244965,287.69767660132175
2006-01-31 05:00:00,299.9825888752754,297.1649599707182
2006-01-31 06:00:00,304.43612287665366,299.4080133188303
2006-01-31 08:00:00,309.7644942508456,301.892352487714
2006-01-31 09:00:00,310.8543066368632,302.4305017879821
2006-01-31 17:00:00,290.4736128279535,291.72202410352617
2006-01-31 18:00:00,289.46529652929087,290.91886518622397
2006-01-31 20:00:00,287.88880950974755,289.59084591623076
2006-01-31 21:00:00,287.23734430392466,288.9822751178947
2006-02-01 05:00:00,299.74166174184745,296.3819965192093
2006-02-01 06:00:00,304.67431784043515,299.1024012396626
2006-02-01 08:00:00,309.78741908844887,301.72844944088416
2006-02-01 09:00:00,310.47750217337824,302.2147150730315
2006-02-01 17:00:00,292.16054378562427,293.16927541018634
2006-02-01 18:00:00,291.7124646485127,292.78646246347296
2006-02-01 20:00:00,290.2815074714931,291.29820752254074
2006-02-01 21:00:00,289.52647505702885,290.5608398954747
2006-02-02 05:00:00,301.3525938436687,296.52134363677
2006-02-02 06:00:00,305.8108096365201,298.9143061468891
2006-02-02 08:00:00,311.5164409807908,301.83129132804225
2006-02-02 09:00:00,312.38152540115806,302.3791337916958
2006-02-02 17:00:00,291.18753724179027,292.3724335375111
2006-02-02 18:00:00,290.30728405686483,291.6603302566223
2006-02-02 20:00:00,288.6970188276059,290.05452052323585
2006-02-02 21:00:00,287.98235630217613,289.3994337178893
2006-02-03 05:00:00,301.14471811726577,297.02541387760766
2006-02-03 06:00:00,305.69321532168635,298.8709661075257
2006-02-03 08:00:00,311.26058800084564,301.3509033626328
2006-02-03 09:00:00,310.90464415939636,301.78641598176887
2006-02-03 17:00:00,289.37492231889206,291.14714078506444
2006-02-03 18:00:00,288.4662178168863,290.47769802193426
2006-02-03 20:00:00,286.97316900644165,289.0998314856014
2006-02-03 21:00:00,286.2197235530624,288.383746554194
2006-02-04 05:00:00,302.13806742475657,297.1123806522881
2006-02-04 06:00:00,305.8243866672134,298.6761829158742
2006-02-04 08:00:00,310.73976215192096,301.1084200678327
2006-02-04 09:00:00,311.08772472975255,301.68087432344083
2006-02-04 17:00:00,289.39383973766735,291.3750053135382
2006-02-04 18:00:00,287.6140872150063,290.6032697210327
2006-02-04 20:00:00,285.1187363493792,288.25310536341965
2006-02-04 21:00:00,284.23595587167614,287.6188319930678
2006-02-05 05:00:00,302.49689339048507,297.6563482064128
2006-02-05 06:00:00,306.7579957465361,299.5050966706592
2006-02-05 08:00:00,310.5899633986557,301.87843308647166
2006-02-05 09:00:00,310.75985376860586,302.4036297438141
2006-02-05 17:00:00,288.0649961639075,291.44576518524593
2006-02-05 18:00:00,286.1406116456207,290.7860096371596
2006-02-05 20:00:00,283.9386402241805,291.41158394600467
2006-02-05 21:00:00,283.1978816662804,291.4910312881823
2006-02-06 05:00:00,301.6707963282228,298.547580266403
2006-02-06 06:00:00,306.2491287678159,300.4693163620489
2006-02-06 08:00:00,311.3043900594139,302.4585963926624
2006-02-06 09:00:00,311.6720509580545,302.9531118337105
2006-02-06 17:00:00,291.0752019426672,292.7471838012131
2006-02-06 18:00:00,289.6909319579326,291.4664177799078
2006-02-06 20:00:00,286.48903194010165,290.434802250796
2006-02-06 21:00:00,285.3866614766407,290.4562918923118
2006-02-07 05:00:00,303.02594715935425,298.14160424278043
2006-02-07 06:00:00,307.60315275265737,299.8803849418652
2006-02-07 08:00:00,312.63295156893264,301.7418312108021
2006-02-07 09:00:00,312.4851971642446,302.2042715016792
2006-02-07 17:00:00,290.45556861630575,291.91667370436187
2006-02-07 18:00:00,288.9016155366354,291.103478712367
2006-02-07 20:00:00,286.2501226580933,292.0386636789848
2006-02-07 21:00:00,285.4127147656927,291.92286583381735
2006-02-08 05:00:00,303.27724921133927,297.9288343009302
2006-02-08 06:00:00,307.75773775779595,299.8030456872126
2006-02-08 08:00:00,312.8838712577644,301.7068679174767
2006-02-08 09:00:00,313.3530648206526,302.0946589206878
2006-02-08 17:00:00,290.5504291928237,292.08216759162985
2006-02-08 18:00:00,289.0958203049764,290.8658829558244
2006-02-08 20:00:00,287.33179310473895,289.63487107287204
2006-02-08 21:00:00,286.9428626767292,289.17703642058996
2006-02-09 05:00:00,301.223076607303,297.55318322791527
2006-02-09 06:00:00,306.34375961609356,300.0412361603489
2006-02-09 08:00:00,311.6191742930831,302.24924117501234
2006-02-09 09:00:00,311.78037615806926,302.5674937149777
2006-02-09 17:00:00,289.77615396414404,292.91012065399593
2006-02-09 18:00:00,288.3232185116902,290.82680418605247
2006-02-09 20:00:00,286.4089918092513,288.5315964615033
2006-02-09 21:00:00,285.77240455756754,287.92121520431823
2006-02-10 05:00:00,303.49460692324885,297.6837725764247
2006-02-10 06:00:00,308.2324679099907,299.78771295532795
2006-02-10 08:00:00,312.3792479622346,301.82196162478033
2006-02-10 09:00:00,312.02528491850444,302.25963892297494
2006-02-10 17:00:00,290.1886406944052,291.9064727689158
2006-02-10 18:00:00,288.79690065075323,290.7741303759841
2006-02-10 20:00:00,286.25789025164164,288.61334607046444
2006-02-10 21:00:00,285.3204896571272,287.9499055365752
2006-02-11 05:00:00,302.3851813741017,298.32167704483766
2006-02-11 06:00:00,307.19620303490495,300.0652378828757
2006-02-11 08:00:00,313.3050019862288,302.3496596655236
2006-02-11 09:00:00,313.62190549876914,302.8810054737908
2006-02-11 17:00:00,289.21263811437666,291.36116791947046
2006-02-11 18:00:00,288.0980434094445,290.3051101849149
2006-02-11 20:00:00,286.5456845558296,289.06136539500375
2006-02-11 21:00:00,286.06036449837944,288.67297506699765
2006-02-12 05:00:00,303.2987556398742,300.1514131284458
2006-02-12 06:00:00,307.8801851904447,302.0467412446056
2006-02-12 08:00:00,313.6932372576651,303.85421757631934
2006-02-12 09:00:00,314.37781469406815,304.30445238768783
2006-02-12 17:00:00,292.22052775472633,293.8963628924683
2006-02-12 18:00:00,290.2850023219692,293.79754551680327
2006-02-12 20:00:00,287.97011550879813,294.22351321086677
2006-02-12 21:00:00,287.15755494386644,294.2777270300914
2006-02-13 05:00:00,305.40740035752117,301.01172352277996
2006-02-13 06:00:00,309.54566720454096,302.7514919286884
2006-02-13 08:00:00,313.42109308698326,304.50622596211724
2006-02-13 09:00:00,313.4256766955547,304.84979819369795
2006-02-13 17:00:00,293.23737536226105,294.9108297057071
2006-02-13 18:00:00,292.3755006011352,294.1570653459876
2006-02-13 20:00:00,291.02346442035974,293.0375882282463
2006-02-13 21:00:00,290.2310493363438,292.3388500478124
2006-02-14 05:00:00,302.4915524146223,299.5963787437404
2006-02-14 06:00:00,306.8961007657514,301.79680550080053
2006-02-14 08:00:00,310.81164470843066,303.5185683710366
2006-02-14 09:00:00,310.5417499512847,303.6610891286324
2006-02-14 17:00:00,292.8265097549039,294.29061548735586
2006-02-14 18:00:00,291.81525365891184,293.55821956875513
2006-02-14 20:00:00,290.60418339098914,292.57150764641665
2006-02-14 21:00:00,290.1529748149572,292.09693560725185
2006-02-15 05:00:00,298.6070998651772,295.96375962361714
2006-02-15 06:00:00,303.3046347172859,298.3265868247198
2006-02-15 08:00:00,308.5144394696769,301.2007655774132
2006-02-15 09:00:00,308.84004611116717,301.6818626415564
2006-02-15 17:00:00,291.27818091441014,292.6024981294465
2006-02-15 18:00:00,290.549014404485,292.03694343273
2006-02-15 20:00:00,289.6067261306457,291.5695296700453
2006-02-15 21:00:00,289.21824634240477,291.27089833405057
2006-02-16 05:00:00,301.3791870681457,297.88705021133774
2006-02-16 06:00:00,305.92616836242206,300.2112357164568
2006-02-16 08:00:00,312.45478324713804,302.9977580865469
2006-02-16 09:00:00,313.23348669866203,303.6627817256793
2006-02-16 17:00:00,293.5342604720905,294.6208831834132
2006-02-16 18:00:00,292.6518881258502,293.9628973962346
2006-02-16 20:00:00,291.5907406094262,293.2420544029201
2006-02-16 21:00:00,290.9732658962256,292.60093966397375
2006-02-17 05:00:00,302.7356661192625,298.99350492833025
2006-02-17 06:00:00,307.06050276793025,301.0571698863261
2006-02-17 08:00:00,312.35842763844914,303.4439904634684
2006-02-17 09:00:00,312.64636068241253,303.99415139314397
2006-02-17 17:00:00,294.047387168661,295.31550988430973
2006-02-17 18:00:00,293.1381146117976,294.58855629848955
2006-02-17 20:00:00,292.1688920595613,293.7898187387523
2006-02-17 21:00:00,291.7622730272761,293.3372634864184
2006-02-18 05:00:00,304.1721837729997,300.29133537774464
2006-02-18 06:00:00,308.6006682738318,302.28021190860795
2006-02-18 08:00:00,313.88857237546955,304.601459497296
2006-02-18 09:00:00,314.11939734413374,305.02071920197994
2006-02-18 17:00:00,294.13743422027727,295.7024397886773
2006-02-18 18:00:00,292.8157928889999,294.7101560336967
2006-02-18 20:00:00,290.6356589342303,293.3484943548593
2006-02-18 21:00:00,289.76614271731154,292.783928728618
2006-02-19 05:00:00,307.93625211789174,301.018892779005
2006-02-19 06:00:00,312.58551791856763,302.8595785132175
2006-02-19 08:00:00,316.6404909389596,305.3559541628798
2006-02-19 09:00:00,316.4087081227354,305.9835297007039
2006-02-19 17:00:00,295.32723028009593,296.8733683675757
2006-02-19 18:00:00,294.0040864165648,295.73062244291856
2006-02-19 20:00:00,292.0808127334195,294.1946515992904
2006-02-19 21:00:00,291.38285505532855,293.54847084833034
2006-02-20 05:00:00,306.9004715036354,301.12357749997744
2006-02-20 06:00:00,311.7750270238092,303.35956927330363
2006-02-20 08:00:00,316.220495685407,305.72838704207646
2006-02-20 09:00:00,315.7336765753654,306.0731774845917
2006-02-20 17:00:00,294.44041793188444,296.08044438295997
2006-02-20 18:00:00,293.0096417208115,294.8235891662504
2006-02-20 20:00:00,290.80108421572555,292.95634780201965
2006-02-20 21:00:00,290.11224501599514,292.1868514897093
2006-02-21 05:00:00,306.39822554625056,301.184783747457
2006-02-21 06:00:00,310.8329232190901,303.28098350019417
2006-02-21 08:00:00,317.2602669549833,305.8906532369887
2006-02-21 09:00:00,317.72895323954674,306.466170300688
2006-02-21 17:00:00,294.7695069628981,296.32769063000325
2006-02-21 18:00:00,293.54905491433635,295.3201814719084
2006-02-21 20:00:00,291.0826087328613,293.59372131629794
2006-02-21 21:00:00,290.0493096350154,292.4736512453053
2006-02-22 05:00:00,305.04868122682734,300.3100424650454
2006-02-22 06:00:00,309.92191833119915,302.5618027979494
2006-02-22 08:00:00,316.65441294994855,305.58780897049394
2006-02-22 09:00:00,316.9172562656491,306.319829203131
2006-02-22 17:00:00,294.1557128153891,295.8729905185787
2006-02-22 18:00:00,292.6578333873778,294.643964770395
2006-02-22 20:00:00,290.1035847480198,292.73772372817405
2006-02-22 21:00:00,289.2493113560376,292.23854709149145
2006-02-23 05:00:00,307.06609037660854,301.8666853001011
2006-02-23 06:00:00,311.8897747633454,303.96728423931194
2006-02-23 08:00:00,317.23884577817284,306.24569619859125
2006-02-23 09:00:00,317.1438270416025,306.6651053641721
2006-02-23 17:00:00,294.9258033975798,296.5741493683567
2006-02-23 18:00:00,293.65072714125245,295.5536126840647
2006-02-23 20:00:00,291.77837196667497,293.8192806625954
2006-02-23 21:00:00,291.29324717000014,293.2241035778828
2006-02-24 05:00:00,305.16667121217137,300.7385457513513
2006-02-24 06:00:00,309.77899670711105,303.0233553282469
2006-02-24 08:00:00,316.29873043583433,305.90304151632023
2006-02-24 09:00:00,316.4400442443754,306.4862185391513
2006-02-24 17:00:00,293.92092596915177,295.9800075536884
2006-02-24 18:00:00,292.01869326269684,294.57853461267035
2006-02-24 20:00:00,290.16584138326544,293.4578106002925
2006-02-24 21:00:00,290.13019457142605,293.54387343866614
2006-02-25 05:00:00,306.91122939663785,302.8987947531584
2006-02-25 06:00:00,310.83306172375325,304.6281351756609
2006-02-25 08:00:00,313.9088761339937,306.2258713403358
2006-02-25 09:00:00,314.0038252773197,306.54072328635107
2006-02-25 17:00:00,295.8294328357479,297.3325015921806
2006-02-25 18:00:00,294.69162805495534,296.22129050608964
2006-02-25 20:00:00,293.47472182921894,294.9458687992419
2006-02-25 21:00:00,292.7023424756913,294.0678535308603
2006-02-26 05:00:00,307.13757839114714,301.46841454175296
2006-02-26 06:00:00,312.36631760795603,303.2799258004352
2006-02-26 08:00:00,315.8938826456643,305.3051274891811
2006-02-26 09:00:00,314.8353645783177,305.4617804716842
2006-02-26 17:00:00,294.50694211422024,295.33123196218344
2006-02-26 18:00:00,293.45431826551817,294.5135422810935
2006-02-26 20:00:00,291.92088423671635,292.91776913964696
2006-02-26 21:00:00,291.28186575914566,292.35049875785467
2006-02-27 05:00:00,305.93374572659866,298.947359975571
2006-02-27 06:00:00,310.7012603477631,300.5068029512426
2006-02-27 08:00:00,313.9510268342146,302.29480608218626
2006-02-27 09:00:00,313.26601935388123,302.6441475467065
2006-02-27 17:00:00,292.4507421132045,293.41163510644384
2006-02-27 18:00:00,291.40544062586525,292.49394190807374
2006-02-27 20:00:00,290.06749352688786,291.3263928805735
2006-02-27 21:00:00,289.34038544876734,290.506415580197
2006-02-28 05:00:00,301.441325818078,296.3836502992133
2006-02-28 06:00:00,306.02617858040315,298.4589774391868
2006-02-28 08:00:00,311.1552976070457,300.70406258087866
2006-02-28 09:00:00,311.5757450285972,301.28329051624644
2006-02-28 17:00:00,290.6015615360395,292.1006340179679
2006-02-28 18:00:00,289.41624192060056,291.1838607905642
2006-02-28 20:00:00,287.4255506753554,289.6031251974944
2006-02-28 21:00:00,286.6702212905296,288.93210193886785
2006-03-01 05:00:00,303.52241276298724,297.83657413711904
2006-03-01 06:00:00,308.0490448515294,299.4728671457441
2006-03-01 08:00:00,314.1716878741108,301.78407341673494
2006-03-01 09:00:00,314.9156635678237,302.4198749465825
2006-03-01 17:00:00,291.3651492408318,292.7251501333181
2006-03-01 18:00:00,290.13861695276387,291.66942282560615
2006-03-01 20:00:00,287.58822279167464,289.610411045915
2006-03-01 21:00:00,286.6597456733692,288.8923023852803
2006-03-02 05:00:00,304.34121097511803,299.39585540254245
2006-03-02 06:00:00,308.3538696336085,301.0395258358337
2006-03-02 08:00:00,313.9223357966207,302.5632283309208
2006-03-02 09:00:00,314.92277418703804,303.0052323304634
2006-03-02 17:00:00,291.61931032906693,292.9992968496079
2006-03-02 18:00:00,290.44775270717724,292.0762713510193
2006-03-02 20:00:00,288.0527887564778,290.48585439720216
2006-03-02 21:00:00,287.0475034081881,289.73883519811886
2006-03-03 05:00:00,303.92345554251887,299.70266055913845
2006-03-03 06:00:00,308.35290045363513,301.93424007374625
2006-03-03 08:00:00,313.80080156370377,303.71052595940876
2006-03-03 09:00:00,314.7875133684861,304.07418618694476
2006-03-03 17:00:00,293.2704815269435,294.4501931494667
2006-03-03 18:00:00,292.39935443801767,293.830213055956
2006-03-03 20:00:00,290.95276563083075,292.99262904092234
2006-03-03 21:00:00,290.43066514401664,292.45335870163836
2006-03-04 05:00:00,302.8845982720561,299.4739908180178
2006-03-04 06:00:00,306.13956156350065,300.98417675329836
2006-03-04 08:00:00,312.5708525059587,303.8343891208455
2006-03-04 09:00:00,313.555818014042,304.48985264664987
2006-03-04 17:00:00,293.54845855195646,295.07380502286424
2006-03-04 18:00:00,292.59843548273636,294.32209911846047
2006-03-04 20:00:00,291.96912277057106,293.5171499149458
2006-03-04 21:00:00,291.2519286733196,292.8511928094003
2006-03-05 05:00:00,306.40364937569217,300.4497916481712
2006-03-05 06:00:00,311.1244376113492,302.68061922658205
2006-03-05 08:00:00,315.6756771187569,304.90889990384846
2006-03-05 09:00:00,314.51053514759786,304.9150750111725
2006-03-05 17:00:00,293.78630185825244,295.12994909066083
2006-03-05 18:00:00,292.13459307607405,293.66595696447814
2006-03-05 20:00:00,288.27638428016513,293.4443350910957
2006-03-05 21:00:00,287.1570805577541,293.1808432651044
2006-03-06 05:00:00,306.10229315853263,300.8402480021096
2006-03-06 06:00:00,310.1441858229909,302.44327278313546
2006-03-06 08:00:00,314.31764385770026,304.2587800341872
2006-03-06 09:00:00,313.96365995950805,304.53138185098476
2006-03-06 17:00:00,292.80628149094315,294.42015635250897
2006-03-06 18:00:00,291.79119346395294,293.6563431044757
2006-03-06 20:00:00,290.3521799989768,292.50710934960784
2006-03-06 21:00:00,289.73746858429286,291.74832698780875
2006-03-07 05:00:00,308.9924704106453,301.83558229231875
2006-03-07 06:00:00,312.6786974420533,303.01750143136377
2006-03-07 08:00:00,317.1899717827608,304.31164017076304
2006-03-07 09:00:00,317.58495334337226,304.6921471359182
2006-03-07 17:00:00,293.6920306142563,295.17928014440787
2006-03-07 18:00:00,292.73814281587056,294.4894326655266
2006-03-07 20:00:00,291.3884420292036,293.38631494460384
2006-03-07 21:00:00,290.8700948048079,292.6866383133758
2006-03-08 05:00:00,302.8571199672799,300.1701257879084
2006-03-08 06:00:00,306.79142561385004,302.4247132052993
2006-03-08 08:00:00,311.83750663957164,304.98378832424737
2006-03-08 09:00:00,311.3569200277696,304.23731277536353
2006-03-08 17:00:00,294.6385439033685,295.64612418293774
2006-03-08 18:00:00,294.000917079085,294.9352169418923
2006-03-08 20:00:00,293.1724181094412,294.0865562215608
2006-03-08 21:00:00,292.57752085540255,293.37949412482544
2006-03-09 05:00:00,297.95442970875416,297.3612458592019
2006-03-09 06:00:00,297.25577866094324,296.1294414361563
2006-03-09 08:00:00,294.7349593246296,294.54369385988207
2006-03-09 09:00:00,298.19878057118376,295.8737853862839
2006-03-09 17:00:00,291.36555960586145,292.28240853942964
2006-03-09 18:00:00,290.8684249901441,291.77169132085714
2006-03-09 20:00:00,289.5172281133008,290.32777150863865
2006-03-09 21:00:00,289.3608553846739,289.90173711321205
2006-03-10 05:00:00,291.81721341407905,290.62039029396186
2006-03-10 06:00:00,293.5281601539929,291.2715888824228
2006-03-10 08:00:00,296.916055993784,293.21963533892284
2006-03-10 09:00:00,300.620875941954,294.52393154150167
2006-03-10 17:00:00,289.1008561755917,289.52809648557877
2006-03-10 18:00:00,288.6577851658426,289.14277764130816
2006-03-10 20:00:00,287.1432883287615,287.6073287470132
2006-03-10 21:00:00,286.7659867438036,287.17423891323193
2006-03-11 05:00:00,298.0154879060108,292.48151671610924
2006-03-11 06:00:00,297.33629371866425,293.44146458136464
2006-03-11 08:00:00,302.0528245405717,295.6116978155997
2006-03-11 09:00:00,302.70518895694397,296.08781019307804
2006-03-11 17:00:00,289.711704295295,290.54071421101577
2006-03-11 18:00:00,289.4229525902606,290.2523498300044
2006-03-11 20:00:00,287.8433943926278,288.9146564172119
2006-03-11 21:00:00,287.22921776440916,288.2803937444702
2006-03-12 05:00:00,301.653317561686,295.690004345816
2006-03-12 06:00:00,305.1734855663611,297.661742599793
2006-03-12 08:00:00,308.67441023957383,300.0635706779586
2006-03-12 09:00:00,308.52437223601964,300.44255594920674
2006-03-12 17:00:00,290.43391317358737,291.7393069509733
2006-03-12 18:00:00,289.70124419554725,291.1017123135654
2006-03-12 20:00:00,288.5545174197534,290.2682134690013
2006-03-12 21:00:00,287.8717339373149,289.5050085505646
2006-03-13 05:00:00,301.734962522157,297.99278778875555
2006-03-13 06:00:00,305.85767499691536,299.79838999320623
2006-03-13 08:00:00,309.63788429577653,301.8881532642617
2006-03-13 09:00:00,309.5457806932541,302.1289189930873
2006-03-13 17:00:00,292.29976356635666,294.08223121302154
2006-03-13 18:00:00,291.25365651370197,293.38686480176835
2006-03-13 20:00:00,290.4576831223969,292.0432891140366
2006-03-13 21:00:00,289.97832163383123,291.3943609111298
2006-03-14 05:00:00,302.6616903578372,297.12078857421875
2006-03-14 06:00:00,307.3303134254021,298.74286537581855
2006-03-14 08:00:00,308.85332730003796,300.5795079071092
2006-03-14 09:00:00,307.71207107050213,300.55985113064577
2006-03-14 17:00:00,291.08175386449403,291.80507543531513
2006-03-14 18:00:00,290.34311660743094,291.1342806353224
2006-03-14 20:00:00,289.2286707521036,290.4276969921424
2006-03-14 21:00:00,288.7354133029932,289.88302715754105
2006-03-15 05:00:00,305.17219040316684,297.6575556492034
2006-03-15 06:00:00,308.6304419330897,299.13759480198655
2006-03-15 08:00:00,310.861779799263,300.1672880293225
2006-03-15 09:00:00,311.53072149103343,300.71656185673277
2006-03-15 17:00:00,291.49763839086876,292.472515723371
2006-03-15 18:00:00,290.58189483783644,291.57581187102755
2006-03-15 20:00:00,289.6583118879556,290.8586281892515
2006-03-15 21:00:00,289.39744593733445,290.4894299382238
2006-03-16 05:00:00,300.9274354767175,296.8317823601063
2006-03-16 06:00:00,304.60043163328953,298.4621646922248
2006-03-16 08:00:00,310.37219203014405,300.98001331394005
2006-03-16 09:00:00,309.78650168020664,300.952577940672
2006-03-16 17:00:00,289.87345996733256,290.52956668988946
2006-03-16 18:00:00,289.25784605052695,290.04366947873535
2006-03-16 20:00:00,287.98855414486076,289.85150047737204
2006-03-16 21:00:00,287.4425248908703,289.32692858397684
2006-03-17 05:00:00,302.70530195192123,297.6603225214272
2006-03-17 06:00:00,306.6575485253004,299.0315537886186
2006-03-17 08:00:00,310.9337193705084,300.84481510579684
2006-03-17 09:00:00,311.01662258154073,301.26111658034597
2006-03-17 17:00:00,290.5356833247816,292.0711143035183
2006-03-17 18:00:00,289.6252347126213,291.2832010089892
2006-03-17 20:00:00,288.32060589665446,290.12355608124585
2006-03-17 21:00:00,287.80843707115514,289.5869142270786
2006-03-18 05:00:00,302.2601426040814,297.77341756247597
2006-03-18 06:00:00,306.44617700797204,299.49852946653203
2006-03-18 08:00:00,312.6116672509991,301.6851811342872
2006-03-18 09:00:00,313.20015948138365,302.28208359070294
2006-03-18 17:00:00,291.3665152198545,292.93938186245816
2006-03-18 18:00:00,290.1022044506573,291.7606312850223
2006-03-18 20:00:00,288.10372327619416,290.35854535918395
2006-03-18 21:00:00,287.4362685522424,289.6931952195837
2006-03-19 05:00:00,304.3384431859562,300.40284244672546
2006-03-19 06:00:00,308.4317295444765,302.23955569979955
2006-03-19 08:00:00,314.1550852536053,304.1276831957519
2006-03-19 09:00:00,315.35758727651165,304.56128496308173
2006-03-19 17:00:00,293.623244957123,295.1883801194296
2006-03-19 18:00:00,292.5568958629261,294.36420505329716
2006-03-19 20:00:00,291.0974855114389,293.27228084146884
2006-03-19 21:00:00,290.580703171082,292.76347572079794
2006-03-20 05:00:00,306.29448677615505,302.4098905965984
2006-03-20 06:00:00,310.4920907277723,304.49525517491605
2006-03-20 08:00:00,313.6400165528472,306.33166249984953
2006-03-20 09:00:00,313.2653103491926,306.48483335145266
2006-03-20 17:00:00,294.50979724760606,296.1306258614515
2006-03-20 18:00:00,293.4326297660087,295.170266479116
2006-03-20 20:00:00,292.057118937488,293.97925589962625
2006-03-20 21:00:00,291.540714540173,293.3457033366011
2006-03-21 05:00:00,305.0928511421192,299.28625177933
2006-03-21 06:00:00,308.83034257932877,301.08917057642765
2006-03-21 08:00:00,312.5323349257647,303.0711332770819
2006-03-21 09:00:00,312.5775829720754,303.50650619248216
2006-03-21 17:00:00,293.1330047513377,294.89405281995596
2006-03-21 18:00:00,292.13821230096335,294.08603053394194
2006-03-21 20:00:00,290.5493265866131,292.7595304421541
2006-03-21 21:00:00,289.9344315962358,292.10641021023184
2006-03-22 05:00:00,307.4472252327048,300.5138533346826
2006-03-22 06:00:00,310.46094192011145,302.1358268279324
2006-03-22 08:00:00,313.85716414488337,304.47632461336246
2006-03-22 09:00:00,313.6837727645145,304.8284512653556
2006-03-22 17:00:00,292.36567633912455,296.9323828980809
2006-03-22 18:00:00,291.0132680696038,295.686257125784
2006-03-22 20:00:00,289.6774151395025,294.88108014546117
2006-03-22 21:00:00,289.18586392395304,294.09396689110804
2006-03-23 05:00:00,308.271076525672,302.9820249348833
2006-03-23 06:00:00,312.48809252534704,304.6285816539418
2006-03-23 08:00:00,316.23314397544453,306.5641037951266
2006-03-23 09:00:00,316.2096177440579,307.05721629749644
2006-03-23 17:00:00,295.52397395576276,297.2420449984276
2006-03-23 18:00:00,294.4507404203959,296.3362443685899
2006-03-23 20:00:00,293.2894260306572,295.52344041539266
2006-03-23 21:00:00,292.81767493954794,295.07425448707147
2006-03-24 05:00:00,307.5047529364588,303.123788043053
2006-03-24 06:00:00,311.0499418050005,304.94267722013734
2006-03-24 08:00:00,314.1204446284172,306.60435450573
2006-03-24 09:00:00,314.0082707338965,306.83791552339386
2006-03-24 17:00:00,295.3852017583392,296.75013824603957
2006-03-24 18:00:00,294.16548342477006,295.49145615964164
2006-03-24 20:00:00,293.09648997537533,294.615723573188
2006-03-24 21:00:00,293.0241274370802,294.31751957733206
2006-03-25 05:00:00,305.5505609497635,300.307298915963
2006-03-25 06:00:00,308.45155341526026,301.63396960524454
2006-03-25 08:00:00,316.34036901441675,305.05908384161484
2006-03-25 09:00:00,316.2435633537399,305.7438586312927
2006-03-25 17:00:00,295.7454553495386,297.3201949673551
2006-03-25 18:00:00,294.81815870664155,296.5416443623453
2006-03-25 20:00:00,293.91147626456564,295.80535011702955
2006-03-25 21:00:00,293.2510411713634,294.7050023012793
2006-03-26 05:00:00,304.8131215429085,299.20505553070683
2006-03-26 06:00:00,308.02444074774746,300.57595021111206
2006-03-26 08:00:00,311.3506468786113,302.53633016577487
2006-03-26 09:00:00,311.5329662258342,302.9508306329901
2006-03-26 17:00:00,293.11722589384055,294.46695451780533
2006-03-26 18:00:00,291.9860369384013,293.5280780292623
2006-03-26 20:00:00,290.83327478253057,292.56269911661724
2006-03-26 21:00:00,290.4208817210146,292.0196970276914
2006-03-27 05:00:00,307.74298580034485,299.9173399891435
2006-03-27 06:00:00,312.4794104154379,301.68440298306746
2006-03-27 08:00:00,314.98155489834875,303.7779233253608
2006-03-27 09:00:00,314.79612066565755,304.2700806604512
2006-03-27 17:00:00,293.51076804985433,295.16182815716337
2006-03-27 18:00:00,292.22191099099274,294.1066235276327
2006-03-27 20:00:00,290.15610921474746,292.5924213333012
2006-03-27 21:00:00,289.83451420059555,292.0838567090145
2006-03-28 05:00:00,308.5830152890715,301.1763071257088
2006-03-28 06:00:00,314.0746195459586,302.9428757019513
2006-03-28 08:00:00,316.99247534800384,304.79363451753443
2006-03-28 09:00:00,316.2343873433964,305.108655180145
2006-03-28 17:00:00,294.1991625816686,295.41929452481736
2006-03-28 18:00:00,293.21530059673387,294.50153152160175
2006-03-28 20:00:00,291.3896042363853,292.81573486328125
2006-03-28 21:00:00,290.4884659777437,291.888899534252
2006-03-29 05:00:00,306.5224825678327,299.2256486654649
2006-03-29 06:00:00,310.89115788205567,300.9020768505032
2006-03-29 08:00:00,316.26751288133335,303.4721626552118
2006-03-29 09:00:00,316.76382349893015,304.23982466828477
2006-03-29 17:00:00,293.5723855793017,295.09659518813504
2006-03-29 18:00:00,292.4135973302903,294.2470660099447
2006-03-29 20:00:00,290.61494718531065,292.88459234722586
2006-03-29 21:00:00,289.81319066592835,292.0945790295241
2006-03-30 05:00:00,312.12552390076524,302.1195938745155
2006-03-30 06:00:00,315.8413949505023,303.6962477532668
2006-03-30 08:00:00,320.4485916819521,306.17127501689043
2006-03-30 09:00:00,320.7282015149509,306.77708759513587
2006-03-30 17:00:00,295.0149472182264,296.5154074976
2006-03-30 18:00:00,293.5462189190928,295.1871912034892
2006-03-30 20:00:00,290.6439877173566,294.63417140214216
2006-03-30 21:00:00,289.7206661418333,294.90937628841544
2006-03-31 05:00:00,311.94686252494074,305.0134999138549
2006-03-31 06:00:00,316.01356988327905,306.2141535072738
2006-03-31 08:00:00,320.7544976044877,308.1815152396039
2006-03-31 09:00:00,320.87012127845423,308.60242616156773
2006-03-31 17:00:00,296.3517417261156,297.96650376048035
2006-03-31 18:00:00,295.130948341499,297.04937469059223
2006-03-31 20:00:00,294.0421481139855,296.35907480859976
2006-03-31 21:00:00,293.7958228724029,295.95198233065145
2006-04-01 05:00:00,305.71908618709523,302.15580418003356
2006-04-01 06:00:00,308.9205895704555,303.8007561635163
2006-04-01 08:00:00,316.23173783923886,306.83953380143885
2006-04-01 09:00:00,317.5306392017241,307.5401837271057
2006-04-01 17:00:00,297.064287888067,298.5662828630586
2006-04-01 18:00:00,296.25944660110355,297.9061599990069
2006-04-01 20:00:00,295.57327653740884,297.5434532459418
2006-04-01 21:00:00,295.4280913695349,297.3105996106916
2006-04-02 05:00:00,309.9843341139689,305.3147115604536
2006-04-02 06:00:00,313.95454380875935,307.2139934663229
2006-04-02 08:00:00,317.6853201091749,308.81235940283733
2006-04-02 09:00:00,318.2648569350985,309.1413483230286
2006-04-02 17:00:00,298.31872570349367,299.863972597754
2006-04-02 18:00:00,297.5107879873785,299.1729878335962
2006-04-02 20:00:00,295.99246552030917,297.50794667859657
2006-04-02 21:00:00,295.1431347533992,296.63470821057336
2006-04-03 05:00:00,313.4899548264608,305.5810221949785
2006-04-03 06:00:00,318.29989290163957,307.3503403156675
2006-04-03 08:00:00,320.7102307288783,309.0393453636229
2006-04-03 09:00:00,319.86185223736646,309.2353755909783
2006-04-03 17:00:00,297.29648212732627,298.9904492911646
2006-04-03 18:00:00,295.7960655318203,297.93383053160966
2006-04-03 20:00:00,294.68616470313407,297.0660986760732
2006-04-03 21:00:00,293.9516030709806,296.0662230504863
2006-04-04 05:00:00,313.44638035661086,305.4900363869219
2006-04-04 06:00:00,317.2031809567303,307.1530873397099
2006-04-04 08:00:00,322.25903564829304,309.23465685263994
2006-04-04 09:00:00,322.46891803476956,309.7876016296481
2006-04-04 17:00:00,298.41883144760726,299.96429593831255
2006-04-04 18:00:00,297.2067165286589,299.0235633321095
2006-04-04 20:00:00,295.3704784610789,297.5127761911354
2006-04-04 21:00:00,294.77282587883104,296.887431751598
2006-04-05 05:00:00,312.61757757483724,306.0535005354918
2006-04-05 06:00:00,316.3627076229807,308.16155013685415
2006-04-05 08:00:00,320.58759292579026,310.530971180309
2006-04-05 09:00:00,320.76012612270836,310.8637092719644
2006-04-05 17:00:00,299.61448015821367,301.34275667399214
2006-04-05 18:00:00,298.6405309550751,300.4951628463111
2006-04-05 20:00:00,297.2948642019498,299.4548827231573
2006-04-05 21:00:00,296.78648247153075,298.7891577439977
2006-04-06 05:00:00,313.61086904469914,308.0223691496533
2006-04-06 06:00:00,317.23341809288934,309.85663603560766
2006-04-06 08:00:00,322.13359789267895,311.70831049609075
2006-04-06 09:00:00,322.4899218166922,312.05138751060827
2006-04-06 17:00:00,300.53897654293866,302.4373783058672
2006-04-06 18:00:00,299.454800222247,301.42563816064677
2006-04-06 20:00:00,298.2250038934599,300.57756564429803
2006-04-06 21:00:00,297.75205365902474,299.8261683248041
2006-04-07 05:00:00,313.63573499306324,309.0531017850103
2006-04-07 06:00:00,317.9255742100979,310.8752566956225
2006-04-07 08:00:00,322.40186047664224,312.45210390722804
2006-04-07 09:00:00,322.36813949326336,312.64311338169
2006-04-07 17:00:00,301.12808780052995,302.91211565249876
2006-04-07 18:00:00,300.47465642097364,302.5347077732645
2006-04-07 20:00:00,300.11721613667964,301.95537067525004
2006-04-07 21:00:00,299.68203824694245,301.3088854538458
2006-04-08 05:00:00,313.0274864866848,308.42700164747896
2006-04-08 06:00:00,316.83402822344624,310.31555199292484
2006-04-08 08:00:00,321.27249180774663,312.02431176513295
2006-04-08 09:00:00,322.21830742458354,312.387522951664
2006-04-08 17:00:00,301.7520805088508,303.14855964084614
2006-04-08 18:00:00,300.91821448938873,302.5142389894083
2006-04-08 20:00:00,300.1569435578098,301.6217527227887
2006-04-08 21:00:00,299.59138150207804,300.96966522169777
2006-04-09 05:00:00,312.42224711225657,307.21597069033487
2006-04-09 06:00:00,316.01829785081014,309.22842402524316
2006-04-09 08:00:00,319.53060652111276,311.3363437975867
2006-04-09 09:00:00,319.3844583567192,311.5705457079025
2006-04-09 17:00:00,301.756096697368,303.40008236924746
2006-04-09 18:00:00,300.987962978463,302.38964251266975
2006-04-09 20:00:00,299.2341409456932,300.54291171175305
2006-04-09 21:00:00,298.142070423473,299.51225445340333
2006-04-10 05:00:00,311.74235906145424,305.2466813426907
2006-04-10 06:00:00,315.0568919365505,306.65148203986456
2006-04-10 08:00:00,317.9480698031527,308.3645854650183
2006-04-10 09:00:00,317.7451734968988,308.6550774478766
2006-04-10 17:00:00,297.07421969044924,298.8303914591785
2006-04-10 18:00:00,295.9431975001731,297.9932890482052
2006-04-10 20:00:00,294.2592275469623,296.59301809537214
2006-04-10 21:00:00,293.39717198446834,295.778365971311
2006-04-11 05:00:00,314.649310848195,305.55540292325486
2006-04-11 06:00:00,318.2341463532764,306.91224249559116
2006-04-11 08:00:00,320.2769400386487,308.40505095071893
2006-04-11 09:00:00,320.26689836828297,308.8737635443501
2006-04-11 17:00:00,297.14360170996247,298.78329244416744
2006-04-11 18:00:00,296.0713242588131,297.91021728515625
2006-04-11 20:00:00,294.8820669118355,296.92822183335693
2006-04-11 21:00:00,294.41018058412436,296.2413381802834
2006-04-12 05:00:00,310.28029833589386,303.9420003082793
2006-04-12 06:00:00,314.9884182734555,305.5646159402762
2006-04-12 08:00:00,320.3465421467974,307.66903876964415
2006-04-12 09:00:00,319.61411234851244,307.99727718782356
2006-04-12 17:00:00,296.3790028811604,298.048544838175
2006-04-12 18:00:00,295.3196319439011,297.1814677704281
2006-04-12 20:00:00,293.81220782592965,295.9456922298954
2006-04-12 21:00:00,293.13699025769813,295.210741557399
2006-04-13 05:00:00,309.71853339102677,304.1935275743482
2006-04-13 06:00:00,313.7202112935541,305.8100015319918
2006-04-13 08:00:00,318.8673280736515,307.5185048436898
2006-04-13 09:00:00,319.12817965891037,307.75948701691004
2006-04-13 17:00:00,297.6787761576554,299.2079859940774
2006-04-13 18:00:00,296.85377674073396,298.4771996308549
2006-04-13 20:00:00,295.2395699476057,296.968333098848
2006-04-13 21:00:00,294.3943314515571,296.15685068844647
2006-04-14 05:00:00,310.7455499587331,305.54365273873873
2006-04-14 06:00:00,314.128970811841,307.22396300423134
2006-04-14 08:00:00,318.62166845853596,309.29184606519794
2006-04-14 09:00:00,319.1104225664183,309.6846549764436
2006-04-14 17:00:00,296.94947010857294,298.9360477347587
2006-04-14 18:00:00,295.2655374911974,297.7458767178246
2006-04-14 20:00:00,293.1650628793773,295.9155907300294
2006-04-14 21:00:00,292.4327681060932,295.24443030687985
2006-04-15 05:00:00,314.4803105899476,306.81861595306634
2006-04-15 06:00:00,317.54828647325513,307.9903684830629
2006-04-15 08:00:00,320.73428805546695,309.77202962396325
2006-04-15 09:00:00,319.8086331313123,309.8810017119938
2006-04-15 17:00:00,298.61598685195526,300.080370557694
2006-04-15 18:00:00,297.53913928768117,299.15571225111955
2006-04-15 20:00:00,296.22223996014003,298.22984135279484
2006-04-15 21:00:00,295.4786563162076,297.5393507241836
2006-04-16 05:00:00,312.9371005676928,305.95289743479304
2006-04-16 06:00:00,316.2024053682348,307.29818744394925
2006-04-16 08:00:00,318.706933631368,308.6661257986295
2006-04-16 09:00:00,318.4116548558781,308.8968203034717
2006-04-16 17:00:00,297.7368734680081,299.3793546562019
2006-04-16 18:00:00,296.66361044955727,298.4589862794097
2006-04-16 20:00:00,295.46158742096463,297.2306117453083
2006-04-16 21:00:00,295.0051867186748,296.8973275582853
2006-04-17 05:00:00,307.31225045179184,303.17192298642294
2006-04-17 06:00:00,312.53435089628573,304.6693166253747
2006-04-17 08:00:00,316.3755316594716,305.63139858157683
2006-04-17 09:00:00,313.4116801539629,303.34017657498913
2006-04-17 17:00:00,295.4875315943925,296.3616704485266
2006-04-17 18:00:00,294.39680123586317,295.4897535938328
2006-04-17 20:00:00,293.1454318006895,294.45948709214605
2006-04-17 21:00:00,292.1016357845077,293.65025277865135
2006-04-18 05:00:00,312.04421291733377,303.76761950476697
2006-04-18 06:00:00,315.049908607142,305.02695985861664
2006-04-18 08:00:00,318.12050874354475,306.6540319504466
2006-04-18 09:00:00,317.8919488939188,307.0794536196763
2006-04-18 17:00:00,297.3697414780251,299.0309638918273
2006-04-18 18:00:00,296.7614943117868,298.8405469709258
2006-04-18 20:00:00,295.79805009133645,298.1194043739918
2006-04-18 21:00:00,295.38535084305636,297.71100897414294
2006-04-19 05:00:00,311.86498746004975,305.47233405208743
2006-04-19 06:00:00,315.17280124846525,307.57379314969245
2006-04-19 08:00:00,318.3676327321857,309.47520206962787
2006-04-19 09:00:00,318.3911743164063,309.8537782454527
2006-04-19 17:00:00,299.3614150930443,300.6230695163157
2006-04-19 18:00:00,298.379195532189,299.91694650517775
2006-04-19 20:00:00,297.4173090718744,299.56604918493144
2006-04-19 21:00:00,297.2294903066015,299.3636317319238
2006-04-20 05:00:00,312.720210470661,305.8657989501953
2006-04-20 06:00:00,316.71027878583493,307.76788706257827
2006-04-20 08:00:00,320.6631559069241,309.86166619299377
2006-04-20 09:00:00,320.9090705953871,310.3726944651552
2006-04-20 17:00:00,301.1256397641128,302.43849391378865
2006-04-20 18:00:00,300.3324906829693,301.71837838147934
2006-04-20 20:00:00,298.00876787888063,299.1466912503235
2006-04-20 21:00:00,296.5101678551437,299.5131642440067
2006-04-21 05:00:00,314.3384034754866,307.27695419240996
2006-04-21 06:00:00,318.331974823045,309.03016441592086
2006-04-21 08:00:00,320.85435133171376,309.9494893172489
2006-04-21 09:00:00,320.2149633751444,310.194145990263
2006-04-21 17:00:00,300.15262872963365,301.4288043476217
2006-04-21 18:00:00,298.7033615700085,300.2695310619102
2006-04-21 20:00:00,295.8644458553273,297.98187349904305
2006-04-21 21:00:00,295.24594069188475,297.45818828471084
2006-04-22 05:00:00,316.4938199553174,308.1463113558495
2006-04-22 06:00:00,319.59693889882425,309.40788581742345
2006-04-22 08:00:00,322.3352289655359,311.19475605969075
2006-04-22 09:00:00,322.09512618289705,311.4412355349501
2006-04-22 17:00:00,301.4256891565073,303.00337209833793
2006-04-22 18:00:00,300.8821337072435,302.5065243901751
2006-04-22 20:00:00,298.7603201608996,300.2080681423193
2006-04-22 21:00:00,298.0074217668483,299.66032830519015
2006-04-23 05:00:00,312.56667874516984,307.2981362129764
2006-04-23 06:00:00,316.15133415422014,309.00170174291577
2006-04-23 08:00:00,320.75311241678907,310.71412045048277
2006-04-23 09:00:00,321.35326076325356,311.0830226010645
2006-04-23 17:00:00,301.2445257154561,302.5778304277841
2006-04-23 18:00:00,300.2472679949321,301.6843509056903
2006-04-23 20:00:00,298.6437893295876,300.28579274605164
2006-04-23 21:00:00,297.9546655499146,299.50873397568523
2006-04-24 05:00:00,312.607274130423,307.0790460289719
2006-04-24 06:00:00,316.3642391210712,308.9522001386975
2006-04-24 08:00:00,321.752646095029,311.28050142590916
2006-04-24 09:00:00,321.72370854217576,311.50615528735614
2006-04-24 17:00:00,301.9351705072106,303.2951766662128
2006-04-24 18:00:00,300.8729352671854,302.4427650816085
2006-04-24 20:00:00,299.40613923858973,301.4039909468593
2006-04-24 21:00:00,298.8869808061832,300.7159501415188
2006-04-25 05:00:00,313.99621304598725,308.32441605625246
2006-04-25 06:00:00,317.99785373023553,310.31621858335245
2006-04-25 08:00:00,321.1297224188806,311.6998870097251
2006-04-25 09:00:00,321.5783849166612,312.01660861586936
2006-04-25 17:00:00,300.14475150321414,301.82714136061946
2006-04-25 18:00:00,298.9899660413181,300.9509495998201
2006-04-25 20:00:00,299.0085373277473,301.62960103039387
2006-04-25 21:00:00,299.07123261203384,301.2708772914986
2006-04-26 05:00:00,313.09826305136664,307.6113305466568
2006-04-26 06:00:00,316.9642312824267,309.56832168649635
2006-04-26 08:00:00,321.916487330832,311.7707702918854
2006-04-26 09:00:00,322.9363526519164,312.29763935012704
2006-04-26 17:00:00,302.14022161780593,303.4396742481297
2006-04-26 18:00:00,301.29453537386996,302.6591372732389
2006-04-26 20:00:00,300.21196447057974,301.65722317688267
2006-04-26 21:00:00,299.6447411817836,301.01755590688646
2006-04-27 05:00:00,313.32690709471154,307.3999179787188
2006-04-27 06:00:00,317.5709922096946,309.36952395211387
2006-04-27 08:00:00,322.27023348345415,311.8039807523895
2006-04-27 09:00:00,322.8381497893018,312.3702509428944
2006-04-27 17:00:00,299.2863757775635,301.2952305539547
2006-04-27 18:00:00,298.00730331726544,300.5129608248342
2006-04-27 20:00:00,298.1898369458497,300.5914643556568
2006-04-27 21:00:00,298.08211532616286,300.1407612946074
2006-04-28 05:00:00,313.98999604164914,308.2289314446354
2006-04-28 06:00:00,318.2728477207648,310.26073489901836
2006-04-28 08:00:00,323.09214719234524,312.0586488133036
2006-04-28 09:00:00,324.4799289791536,312.70978890582114
2006-04-28 17:00:00,302.07343102970924,303.813565129308
2006-04-28 18:00:00,301.18952347060383,303.0396805397352
2006-04-28 20:00:00,299.2559655517202,301.48028717276134
2006-04-28 21:00:00,298.6982728226343,300.8446149311742
2006-04-29 05:00:00,316.36152792344296,309.08379440425176
2006-04-29 06:00:00,320.21736206148734,310.92851772220183
2006-04-29 08:00:00,325.3947214323494,312.9259810954654
2006-04-29 09:00:00,326.2104490541714,313.3682959840184
2006-04-29 17:00:00,303.01984956855955,304.3343786113251
2006-04-29 18:00:00,301.85603612303186,303.37437841006897
2006-04-29 20:00:00,300.6209052369481,302.3285822699361
2006-04-29 21:00:00,299.90030179956847,301.6294211929862
2006-04-30 05:00:00,315.7343018095372,309.4020181194476
2006-04-30 06:00:00,319.59535774501336,311.1191204288524
2006-04-30 08:00:00,325.4781152287323,312.5193330032983
2006-04-30 09:00:00,325.99368784570913,313.14044203559865
2006-04-30 17:00:00,303.7716730761418,305.09247562073415
2006-04-30 18:00:00,302.3418696892831,304.1098515726569
2006-04-30 20:00:00,299.9766822191894,302.30761328463564
2006-04-30 21:00:00,299.39731298132193,301.7379782842745
2006-05-01 05:00:00,316.58854407264937,310.39836783622195
2006-05-01 06:00:00,320.66891103312486,311.88209987458174
2006-05-01 08:00:00,324.93475548695704,313.73708163644943
2006-05-01 09:00:00,323.66190659063074,313.8262240934446
2006-05-01 17:00:00,302.4837712550935,304.10951230559033
2006-05-01 18:00:00,301.32159167555704,303.06717720678296
2006-05-01 20:00:00,300.22736717188855,302.2981704218179
2006-05-01 21:00:00,299.5076736426684,301.4433436930088
2006-05-02 05:00:00,315.0857990423594,309.5529804670572
2006-05-02 06:00:00,319.0816131732864,311.48021360611875
2006-05-02 08:00:00,324.2868134391327,312.57650547585985
2006-05-02 09:00:00,324.11009808791624,313.0600870188286
2006-05-02 17:00:00,301.98193984773746,303.66220492464373
2006-05-02 18:00:00,300.8432222904152,302.73176217336317
2006-05-02 20:00:00,299.20557957253953,301.3621090975675
2006-05-02 21:00:00,298.4280978586347,300.47264376553625
2006-05-03 05:00:00,317.52257019419153,309.71335480723803
2006-05-03 06:00:00,321.2330018500518,311.4360134788948
2006-05-03 08:00:00,325.45368002963545,313.20696229155885
2006-05-03 09:00:00,325.2929210692231,313.4752039270151
2006-05-03 17:00:00,301.8266710419501,303.5409942297796
2006-05-03 18:00:00,300.1539853982088,302.2367614840138
2006-05-03 20:00:00,297.47250098182906,300.1617103894062
2006-05-03 21:00:00,296.403529374368,299.76133629280173
2006-05-04 05:00:00,318.6596528510283,310.36666192993727
2006-05-04 06:00:00,321.9941793715091,312.55733326587176
2006-05-04 08:00:00,325.5298392320818,314.80971579999874
2006-05-04 09:00:00,325.3002722318441,315.10239331637763
2006-05-04 17:00:00,302.2689909619066,304.39430669423064
2006-05-04 18:00:00,300.9642409925652,303.2671918354711
2006-05-04 20:00:00,300.03152917235957,302.7489541969241
2006-05-04 21:00:00,299.65689195065727,302.25206635508954
2006-05-05 05:00:00,317.4002451375012,312.0049203364251
2006-05-05 06:00:00,320.52630420091157,313.6031624627958
2006-05-05 08:00:00,323.6109005967715,315.3226729570809
2006-05-05 09:00:00,323.9432602986717,315.5505345466508
2006-05-05 17:00:00,305.26376342773443,307.15389302258137
2006-05-05 18:00:00,304.5203663219105,306.3804740024091
2006-05-05 20:00:00,303.22101899839146,305.0715836582272
2006-05-05 21:00:00,302.62893037252326,304.47032814437324
2006-05-06 05:00:00,316.3648858680196,311.65501725912463
2006-05-06 06:00:00,319.8432735684106,313.3481466237495
2006-05-06 08:00:00,323.1370748511081,315.20160133114956
2006-05-06 09:00:00,323.0325923737466,315.4415062197552
2006-05-06 17:00:00,304.1428250399503,306.02342915351295
2006-05-06 18:00:00,303.45949224110564,305.4427202456905
2006-05-06 20:00:00,302.83585988942576,304.94420215859435
2006-05-06 21:00:00,302.47710812514293,304.35447601177293
2006-05-07 05:00:00,314.4094885310334,309.67793960453736
2006-05-07 06:00:00,318.18248086938144,311.8750255331971
2006-05-07 08:00:00,322.62102709565954,314.7169185691328
2006-05-07 09:00:00,322.9156160751366,315.12614734808363
2006-05-07 17:00:00,304.1699720244562,305.79985791692746
2006-05-07 18:00:00,303.1794547152997,304.91923066831333
2006-05-07 20:00:00,302.0555165765466,304.25194842275374
2006-05-07 21:00:00,301.83226847832304,303.8600769042969
2006-05-08 05:00:00,314.8403503464991,309.73522156890255
2006-05-08 06:00:00,318.6104168531891,311.9394801394047
2006-05-08 08:00:00,323.2673104496326,315.0387899107853
2006-05-08 09:00:00,323.4869914708777,315.4386613372662
2006-05-08 17:00:00,304.5939422748489,305.99675180585064
2006-05-08 18:00:00,303.49093500969036,305.08446713111067
2006-05-08 20:00:00,303.03168302985665,304.9406151911144
2006-05-08 21:00:00,302.51619145609385,303.9766629870022
2006-05-09 05:00:00,313.9036844309379,308.53626461646223
2006-05-09 06:00:00,317.6276089943061,310.73233815150564
2006-05-09 08:00:00,322.02749229395886,312.990226639805
2006-05-09 09:00:00,322.3386426552418,313.47072886979817
2006-05-09 17:00:00,304.5870972620137,305.75873912464493
2006-05-09 18:00:00,303.6461057971549,305.05361369504766
2006-05-09 20:00:00,303.3978516706517,305.0785433118259
2006-05-09 21:00:00,303.1150455563021,304.4896068367275
2006-05-10 05:00:00,314.6248274980966,309.22595579267835
2006-05-10 06:00:00,318.5442345476665,311.3203777436667
2006-05-10 08:00:00,323.78843693667096,314.31731641678306
2006-05-10 09:00:00,324.12400096076294,314.8392967141832
2006-05-10 17:00:00,303.21665423236016,304.4194345341993
2006-05-10 18:00:00,302.838032162612,304.5284486132888
2006-05-10 20:00:00,302.05745733463897,304.40094762957887
2006-05-10 21:00:00,302.04136020560475,304.147974540346
2006-05-11 05:00:00,315.1709570274882,310.35804264203796
2006-05-11 06:00:00,318.7940962546045,312.4502775547868
2006-05-11 08:00:00,322.7827437390532,314.518572791148
2006-05-11 09:00:00,323.1131380666019,314.88335107177363
2006-05-11 17:00:00,305.04577074800324,306.61550912724806
2006-05-11 18:00:00,304.2497808753251,306.0279815156581
2006-05-11 20:00:00,303.24448022122374,305.12888525447056
2006-05-11 21:00:00,302.72828766010207,304.4094503958163
2006-05-12 05:00:00,314.21582553199335,309.12840049990524
2006-05-12 06:00:00,317.8324567562627,311.2436444674875
2006-05-12 08:00:00,322.399732122436,314.00010829273106
2006-05-12 09:00:00,323.074782478791,314.5866252270245
2006-05-12 17:00:00,304.3671655169988,305.8409748283116
2006-05-12 18:00:00,303.5112261897059,305.0372009982681
2006-05-12 20:00:00,302.5305036594761,304.1442942803005
2006-05-12 21:00:00,302.1141805781055,303.69608051787907
2006-05-13 05:00:00,314.8236636968534,309.53297255035545
2006-05-13 06:00:00,318.5964843326798,311.6626964974661
2006-05-13 08:00:00,324.16796294272586,314.84643042142665
2006-05-13 09:00:00,325.0678561641182,315.3031770914839
2006-05-13 17:00:00,304.9781668123736,306.16677442647637
2006-05-13 18:00:00,304.2546009598601,305.4602515128066
2006-05-13 20:00:00,303.1616277239172,304.34323289398054
2006-05-13 21:00:00,302.6901963620414,303.8733651700483
2006-05-14 05:00:00,315.5106746867552,309.31250223356693
2006-05-14 06:00:00,319.57315912232013,311.4781996810749
2006-05-14 08:00:00,324.99477667433825,313.9488883701789
2006-05-14 09:00:00,326.0433596477303,314.53896767920446
2006-05-14 17:00:00,303.7747320519023,305.22203811621995
2006-05-14 18:00:00,302.82031207679785,304.82800876047287
2006-05-14 20:00:00,302.27022727648904,303.74578848017387
2006-05-14 21:00:00,301.96691913340237,303.1970111394333
2006-05-15 05:00:00,314.8460979961284,308.9799626472368
2006-05-15 06:00:00,318.70395875528163,310.7824495195057
2006-05-15 08:00:00,323.0252013830999,313.21803497643606
2006-05-15 09:00:00,322.3979616091688,313.2630327456905
2006-05-15 17:00:00,305.3273101007259,306.28806682286904
2006-05-15 18:00:00,304.1404524510741,305.26605311600935
2006-05-15 20:00:00,302.7937273398754,303.67463829851664
2006-05-15 21:00:00,302.2697114400761,303.0759774136066
2006-05-16 05:00:00,316.2261323620248,309.4505823073659
2006-05-16 06:00:00,320.5505621723475,311.1894355621103
2006-05-16 08:00:00,324.03044485788683,312.74275611912714
2006-05-16 09:00:00,323.2490023714368,312.8138743490211
2006-05-16 17:00:00,302.0501814549803,304.4100362016534
2006-05-16 18:00:00,301.42611783678615,303.72409934586113
2006-05-16 20:00:00,300.6509893620143,303.06399703062556
2006-05-16 21:00:00,300.4401212906801,303.1598052273179
2006-05-17 05:00:00,317.10321580977944,310.12026112325754
2006-05-17 06:00:00,321.3829223444723,311.59927245905664
2006-05-17 08:00:00,324.53716789445457,312.30786784073604
2006-05-17 09:00:00,323.2562686820243,312.06516154190797
2006-05-17 17:00:00,304.58733181005636,305.59611497123734
2006-05-17 18:00:00,303.65247837530995,304.619959168515
2006-05-17 20:00:00,301.50914469338346,302.7060429789069
2006-05-17 21:00:00,301.0442349708687,302.4391153861635
2006-05-18 05:00:00,316.7033389522041,310.0767238716866
2006-05-18 06:00:00,320.07107913071644,311.3333300809464
2006-05-18 08:00:00,324.30328717106846,311.99491440313074
2006-05-18 09:00:00,324.16057051789414,312.57690093476896
2006-05-18 17:00:00,303.2505535484279,304.65013110802977
2006-05-18 18:00:00,302.29868581151743,303.9471460233668
2006-05-18 20:00:00,301.09608024514876,303.19373581332303
2006-05-18 21:00:00,300.7556618571465,302.7900902699616
2006-05-19 05:00:00,314.31589885411904,308.7688059050056
2006-05-19 06:00:00,317.5636936181867,310.3042269620029
2006-05-19 08:00:00,320.3718146278605,311.42097658883256
2006-05-19 09:00:00,320.2776212765733,311.82504178416013
2006-05-19 17:00:00,302.45644132969744,303.86488492757036
2006-05-19 18:00:00,301.711182957254,303.26642974242225
2006-05-19 20:00:00,300.6920503166681,302.25338928504794
2006-05-19 21:00:00,300.2954979471874,301.84852186299986
2006-05-20 05:00:00,311.6936039623384,305.5582621711061
2006-05-20 06:00:00,314.82919189265033,307.0207503073388
2006-05-20 08:00:00,318.83850631361196,309.0755764765806
2006-05-20 09:00:00,319.31284867155904,309.6348606103742
2006-05-20 17:00:00,302.57022050055224,303.3536420919127
2006-05-20 18:00:00,301.8453670084385,302.7333538602056
2006-05-20 20:00:00,301.81386729565173,303.0750921922399
2006-05-20 21:00:00,301.87370594183363,302.94001770019526
2006-05-21 05:00:00,311.02195478771426,305.23879292492506
2006-05-21 06:00:00,314.5316326687994,307.07977906213887
2006-05-21 08:00:00,319.80679779758077,309.69573544353847
2006-05-21 09:00:00,320.00587477485647,310.16956140080293
2006-05-21 17:00:00,302.32388745324084,303.99874779182517
2006-05-21 18:00:00,302.2546566579669,303.6602728892181
2006-05-21 20:00:00,301.09655561873285,301.9569693449282
2006-05-21 21:00:00,300.73409244202315,301.7992293911833
2006-05-22 05:00:00,311.99747531696903,305.6259519932634
2006-05-22 06:00:00,315.2344192246259,307.0948679355334
2006-05-22 08:00:00,320.1768460971732,309.4918306230213
2006-05-22 09:00:00,319.9369203541055,309.80627495482076
2006-05-22 17:00:00,303.39844356589765,303.8789171357001
2006-05-22 18:00:00,302.53897924673026,303.23499463849885
2006-05-22 20:00:00,301.7257861356338,302.7384552801335
2006-05-22 21:00:00,301.6664678400213,302.6542534497559
2006-05-23 05:00:00,312.63399509141914,306.3317549224995
2006-05-23 06:00:00,316.1763517735368,307.9565196926311
2006-05-23 08:00:00,320.9324330005146,309.9461399072492
2006-05-23 09:00:00,321.280839917105,310.54462328236355
2006-05-23 17:00:00,302.5562541473812,303.2703158432971
2006-05-23 18:00:00,301.9143061233779,302.7813216622328
2006-05-23 20:00:00,301.86759593710883,303.43967192051775
2006-05-23 21:00:00,301.88706041521203,303.16231117189756
2006-05-24 05:00:00,312.5505337237578,306.5548765067878
2006-05-24 06:00:00,315.8319813356561,308.1706714365626
2006-05-24 08:00:00,320.42155816264807,310.57968927274686
2006-05-24 09:00:00,320.8970232524196,311.1295139212822
2006-05-24 17:00:00,303.31392007836575,304.24329297458075
2006-05-24 18:00:00,302.67624221119934,303.75493369080436
2006-05-24 20:00:00,302.1515021419672,303.42871255977497
2006-05-24 21:00:00,301.96390019726863,303.20901122482604
2006-05-25 05:00:00,312.53091261383196,306.76116748216157
2006-05-25 06:00:00,316.1078788157788,308.66568138933695
2006-05-25 08:00:00,320.7925380477552,310.8250967299075
2006-05-25 09:00:00,321.5591584427515,311.43643348352936
2006-05-25 17:00:00,304.76000076082346,305.52065590974547
2006-05-25 18:00:00,303.9858286053815,304.8905605557152
2006-05-25 20:00:00,303.3505466972551,304.2827822739612
2006-05-25 21:00:00,303.1067669226319,303.99131210632794
2006-05-26 05:00:00,313.23721414574857,307.35005359620266
2006-05-26 06:00:00,316.62868540900513,309.1738485092375
2006-05-26 08:00:00,321.93687328462056,312.3408536279146
2006-05-26 09:00:00,322.78170600032956,312.9745882148919
2006-05-26 17:00:00,305.0042573902383,305.83745388036886
2006-05-26 18:00:00,304.3151415338501,305.26890197189636
2006-05-26 20:00:00,303.44227802294245,304.47669098887866
2006-05-26 21:00:00,302.980062123256,303.99445579305456
2006-05-27 05:00:00,313.70307268751054,308.207061555977
2006-05-27 06:00:00,317.0214727604518,310.0505323836175
2006-05-27 08:00:00,321.09651214646635,312.28480833080044
2006-05-27 09:00:00,321.4905050127826,312.8146248745441
2006-05-27 17:00:00,306.4935399130423,307.06853721395294
2006-05-27 18:00:00,305.6956146898549,306.27301904710674
2006-05-27 20:00:00,304.34306342502595,305.22521645850134
2006-05-27 21:00:00,303.7572148915248,304.66602549971714
2006-05-28 05:00:00,314.1531022928529,308.5130697288572
2006-05-28 06:00:00,317.9059344557658,310.6236907535783
2006-05-28 08:00:00,322.22818414015103,313.82625623329767
2006-05-28 09:00:00,322.9371606153773,314.80374777959935
2006-05-28 17:00:00,305.920859596946,306.95798575896515
2006-05-28 18:00:00,305.1536704652666,306.20734404342016
2006-05-28 20:00:00,304.0034893958704,305.2764125171538
2006-05-28 21:00:00,303.5835982735609,304.86911408082
2006-05-29 05:00:00,313.92951161247925,309.25992832272004
2006-05-29 06:00:00,317.5802541770994,311.62419918395335
2006-05-29 08:00:00,321.717134355213,314.2314432670229
2006-05-29 09:00:00,322.3718141576358,315.0655623143553
2006-05-29 17:00:00,306.1894034692797,307.15538314090486
2006-05-29 18:00:00,305.40582762073115,306.4317946470757
2006-05-29 20:00:00,304.36874218016453,305.466735557709
2006-05-29 21:00:00,303.90931932070225,305.0158093750752
2006-05-30 05:00:00,314.7747979303722,309.5267329282129
2006-05-30 06:00:00,318.3952420650535,311.67267715618686
2006-05-30 08:00:00,322.1636083100353,314.4166188291482
2006-05-30 09:00:00,322.14128253860355,314.7665178625169
2006-05-30 17:00:00,305.82612196065617,307.2935762096811
2006-05-30 18:00:00,304.99833789702006,306.4556707726054
2006-05-30 20:00:00,304.01593377299963,305.34068949600953
2006-05-30 21:00:00,303.4120649857955,304.6665473785165
2006-05-31 05:00:00,316.37751588983053,310.3620569496567
2006-05-31 06:00:00,320.8635484316316,312.37343901882554
2006-05-31 08:00:00,324.29787154704655,313.7306341280004
2006-05-31 09:00:00,323.6320702269191,313.9491480517277
2006-05-31 17:00:00,306.6940195233503,307.5693120736004
2006-05-31 18:00:00,305.8271805538419,306.9025964957356
2006-05-31 20:00:00,305.0049972416624,305.8507024356507
2006-05-31 21:00:00,304.45239847944407,305.35672589553343
2006-06-01 05:00:00,314.222537071569,308.9851110661158
2006-06-01 06:00:00,318.0071394204726,310.51158457140343
2006-06-01 08:00:00,318.95929991923424,310.89626235844355
2006-06-01 09:00:00,317.60628555368385,311.0124380290968
2006-06-01 17:00:00,304.7609131846847,305.3319669938051
2006-06-01 18:00:00,303.65701493790783,304.3985542567743
2006-06-01 20:00:00,302.9202926706276,302.92020147056166
2006-06-01 21:00:00,302.5596567162748,302.4991204683513
2006-06-02 05:00:00,298.80938005961696,299.2168879339985
2006-06-02 06:00:00,299.28494213321727,299.18369926840575
2006-06-02 08:00:00,298.64456440083603,298.31495259759606
2006-06-02 09:00:00,298.9562154102766,298.52046083706006
2006-06-02 17:00:00,296.21453380143885,296.9099449780762
2006-06-02 18:00:00,296.0812256846847,296.69806025759283
2006-06-02 20:00:00,296.628069297191,297.3538718906867
2006-06-02 21:00:00,296.72166111362736,297.4646517572859
2006-06-03 05:00:00,306.9973290771108,303.05257195941476
2006-06-03 06:00:00,309.307544185127,304.129049315842
2006-06-03 08:00:00,311.9226876657072,305.02014113133794
2006-06-03 09:00:00,312.10958081731815,305.64818924490953
2006-06-03 17:00:00,300.5172827769134,301.3223014326052
2006-06-03 18:00:00,300.0091849211001,300.7884675718052
2006-06-03 20:00:00,299.3628607516297,300.1043797097699
2006-06-03 21:00:00,299.024435011007,299.6360243692971
2006-06-04 05:00:00,307.71470305879234,303.8546818996248
2006-06-04 06:00:00,310.007454165325,305.1977748312458
2006-06-04 08:00:00,313.476665502704,307.30569063019135
2006-06-04 09:00:00,314.1332518543779,307.75768817260933
2006-06-04 17:00:00,300.45329256454494,301.20247747718093
2006-06-04 18:00:00,299.9205000631982,300.6828597528725
2006-06-04 20:00:00,299.0944522099429,299.8571425615731
2006-06-04 21:00:00,298.749350854906,299.39367153831915
2006-06-05 05:00:00,307.97614374146076,303.7852652715792
2006-06-05 06:00:00,310.37387352988975,305.14539122030436
2006-06-05 08:00:00,313.9924547991878,307.3792333382487
2006-06-05 09:00:00,314.1554771623185,307.75475324210475
2006-06-05 17:00:00,300.422590235165,301.2054048605803
2006-06-05 18:00:00,299.7608453077602,300.5611571560288
2006-06-05 20:00:00,299.42472947507133,300.547044704067
2006-06-05 21:00:00,299.17886321974464,300.4015159430599
2006-06-06 05:00:00,307.8635590822193,303.83748037752645
2006-06-06 06:00:00,310.6874425620622,305.4411495073551
2006-06-06 08:00:00,314.4567323517175,308.0926296192986
2006-06-06 09:00:00,315.10851488862824,308.71047150739724
2006-06-06 17:00:00,300.4376565142663,301.26392398593237
2006-06-06 18:00:00,299.6711487615788,300.5170778059996
2006-06-06 20:00:00,299.03374856205306,300.19219387624594
2006-06-06 21:00:00,298.8018639892202,300.0492443443263
2006-06-07 05:00:00,308.4952231526192,304.3173936511776
2006-06-07 06:00:00,311.1982013484914,305.89685679290255
2006-06-07 08:00:00,314.39645881829165,308.2071384377031
2006-06-07 09:00:00,315.48921944217074,308.8095848659521
2006-06-07 17:00:00,300.8622128526309,301.60668127121653
2006-06-07 18:00:00,300.0434048598279,300.8950942499428
2006-06-07 20:00:00,299.5548142255363,300.9083981976855
2006-06-07 21:00:00,299.2886209355664,300.7019701753449
2006-06-08 05:00:00,309.54632220393154,305.4720540568348
2006-06-08 06:00:00,312.39394074191665,307.173307915498
2006-06-08 08:00:00,316.4303524211301,309.88541404124584
2006-06-08 09:00:00,316.6660307192105,310.33062144604236
2006-06-08 17:00:00,300.89348217886294,301.86175807488536
2006-06-08 18:00:00,299.97397894484607,301.0303922397514
2006-06-08 20:00:00,299.34900052815635,300.84718985770627
2006-06-08 21:00:00,299.1246640950396,300.6620638337451
2006-06-09 05:00:00,310.63337646390335,306.28705760326886
2006-06-09 06:00:00,313.7039179162729,308.1437579891164
2006-06-09 08:00:00,317.5045296973183,310.5541675491216
2006-06-09 09:00:00,316.57103902055604,310.40628040002196
2006-06-09 17:00:00,303.0868521574282,303.66886006077556
2006-06-09 18:00:00,302.34689554411386,303.04212855264103
2006-06-09 20:00:00,301.6379187397303,302.6789717005655
2006-06-09 21:00:00,301.2982891535355,302.39368945387736
2006-06-10 05:00:00,310.2121554993334,306.46913104652447
2006-06-10 06:00:00,313.8638712643475,308.6760303514948
2006-06-10 08:00:00,318.2079971854235,311.5900847636313
2006-06-10 09:00:00,317.87832192537047,311.76065343260217
2006-06-10 17:00:00,303.1365182227089,303.7701189132244
2006-06-10 18:00:00,302.22928587644606,303.050767213795
2006-06-10 20:00:00,301.5460579847151,302.9001884284115
2006-06-10 21:00:00,301.09806066668824,302.30161761502825
2006-06-11 05:00:00,309.7259471170341,305.27668947945756
2006-06-11 06:00:00,312.95670909910984,307.2742090210525
2006-06-11 08:00:00,317.027026395401,310.1799522129523
2006-06-11 09:00:00,317.42480720320174,310.8241476050143
2006-06-11 17:00:00,302.9346705879012,303.63144560403924
2006-06-11 18:00:00,302.2417784751105,303.111125270097
2006-06-11 20:00:00,301.94056391311915,303.1650979581342
2006-06-11 21:00:00,301.61881087998216,302.5912461479199
2006-06-12 05:00:00,309.0199654789294,304.1957797622093
2006-06-12 06:00:00,311.8814987864443,305.90735603885037
2006-06-12 08:00:00,316.43002878903246,309.09097659165394
2006-06-12 09:00:00,317.1062533197858,309.9837031195454
2006-06-12 17:00:00,302.7799750329533,303.5348328530146
2006-06-12 18:00:00,302.1239270649633,302.98903565487615
2006-06-12 20:00:00,301.82867650295077,302.7470075610239
2006-06-12 21:00:00,301.5381971221125,302.2993127620092
2006-06-13 05:00:00,309.0698990785102,303.82340535544466
2006-06-13 06:00:00,312.451937753357,305.5723502654324
2006-06-13 08:00:00,316.7312542367239,307.56961762556125
2006-06-13 09:00:00,317.4475495701395,308.3894736550071
2006-06-13 17:00:00,303.2306043392705,304.31427808388355
2006-06-13 18:00:00,302.868906241536,303.71138172120266
2006-06-13 20:00:00,301.9089536740343,302.6287558486539
2006-06-13 21:00:00,301.0274264860227,300.751499922507
2006-06-14 05:00:00,309.81024129952783,304.44905076225297
2006-06-14 06:00:00,313.05616769658394,306.03143569170425
2006-06-14 08:00:00,317.9171563429164,308.8898266526327
2006-06-14 09:00:00,318.6609140640047,309.59801961607855
2006-06-14 17:00:00,303.0193557151477,303.84953815948063
2006-06-14 18:00:00,302.3747354751376,303.2534563861018
2006-06-14 20:00:00,301.56291614879257,302.61325583435905
2006-06-14 21:00:00,301.10843175291467,302.1233296680891
2006-06-15 05:00:00,310.9709853773308,305.69026837694264
2006-06-15 06:00:00,314.23154673995157,307.43168045302576
2006-06-15 08:00:00,319.1172107290965,310.30235977055304
2006-06-15 09:00:00,319.60870631707286,311.0105456806295
2006-06-15 17:00:00,303.11989571170193,303.9790288986888
2006-06-15 18:00:00,302.21146753719665,303.1220284860197
2006-06-15 20:00:00,301.01929512670483,301.9604467970932
2006-06-15 21:00:00,300.60688342078254,301.6171327893649
2006-06-16 05:00:00,310.3733617374085,305.11123125872746
2006-06-16 06:00:00,313.6463852046267,306.9923301191286
2006-06-16 08:00:00,318.25887370293236,309.97474743294975
2006-06-16 09:00:00,318.9488323664261,310.74085949161565
2006-06-16 17:00:00,302.92144178205353,303.7903585801323
2006-06-16 18:00:00,302.10164688180885,303.044085533483
2006-06-16 20:00:00,301.1911258550565,302.41925333314026
2006-06-16 21:00:00,300.8249648319004,301.97674602867096
2006-06-17 05:00:00,310.1215472816503,304.55955237343056
2006-06-17 06:00:00,313.3928959733349,306.207285453432
2006-06-17 08:00:00,318.02645041725856,308.8716377763792
2006-06-17 09:00:00,318.7375855056457,309.6169038369954
2006-06-17 17:00:00,301.76382608516553,302.90068051848095
2006-06-17 18:00:00,300.7760685243298,302.09568046017307
2006-06-17 20:00:00,299.6254067678114,301.2766894559464
2006-06-17 21:00:00,299.3648948022875,301.05568670381564
2006-06-18 05:00:00,312.22912026333336,306.8462935625497
2006-06-18 06:00:00,315.40007792562477,308.3894892429534
2006-06-18 08:00:00,319.9567922818459,310.91703834004693
2006-06-18 09:00:00,320.3981832495456,311.4040028200311
2006-06-18 17:00:00,302.81766877960536,304.00161992383113
2006-06-18 18:00:00,301.97189053622157,303.37749766862635
2006-06-18 20:00:00,300.92472218658963,302.49097472015995
2006-06-18 21:00:00,300.39311004309513,301.8769306012405
2006-06-19 05:00:00,313.1904179553957,307.95017426994804
2006-06-19 06:00:00,316.5098764334328,309.68910595815976
2006-06-19 08:00:00,321.40330775750255,311.68335812044074
2006-06-19 09:00:00,321.20664648870104,311.9481707133571
2006-06-19 17:00:00,302.2325402070267,302.6154287188373
2006-06-19 18:00:00,301.2878726200991,301.96961439041587
2006-06-19 20:00:00,299.5443439219141,300.3301531963613
2006-06-19 21:00:00,298.86881367781865,299.69566103049164
2006-06-20 05:00:00,316.73137868167066,308.6284529299508
2006-06-20 06:00:00,319.41492689041587,310.0435939371494
2006-06-20 08:00:00,321.94231585251345,311.4194616896714
2006-06-20 09:00:00,321.22513790747786,311.63031732356427
2006-06-20 17:00:00,302.33006004486316,303.32872265549764
2006-06-20 18:00:00,301.1832879629268,302.31613422505484
2006-06-20 20:00:00,299.7741338321351,300.99613110934644
2006-06-20 21:00:00,298.97447451457776,300.1640045213038
2006-06-21 05:00:00,317.93743332214825,308.91220720523313
2006-06-21 06:00:00,320.72790045363513,310.2669507748173
2006-06-21 08:00:00,322.7664592255062,312.2389206614443
2006-06-21 09:00:00,321.7400162142855,312.2973683361647
2006-06-21 17:00:00,303.2965862820806,304.3317154941647
2006-06-21 18:00:00,302.35959393658516,303.54870360951946
2006-06-21 20:00:00,300.92834888805044,302.4571300912161
2006-06-21 21:00:00,300.1262201858779,301.68330519665926
2006-06-22 05:00:00,317.90892179280473,310.38906084480936
2006-06-22 06:00:00,321.90717859958835,311.55892154358565
2006-06-22 08:00:00,325.62507119200814,313.09322548794273
2006-06-22 09:00:00,325.21378233546653,313.4180768781524
2006-06-22 17:00:00,305.41040622141037,305.9537205159756
2006-06-22 18:00:00,304.7118811232651,305.4411715373787
2006-06-22 20:00:00,303.5231383195827,304.4488018253368
2006-06-22 21:00:00,302.9592534140189,303.8948928527362
2006-06-23 05:00:00,316.23488890849205,310.7146310909136
2006-06-23 06:00:00,318.88890411894204,311.90212500150477
2006-06-23 08:00:00,321.3341590399367,313.15648908571035
2006-06-23 09:00:00,321.7735582771948,313.3783123562994
2006-06-23 17:00:00,306.43945571123544,306.97593928779406
2006-06-23 18:00:00,305.6752868558299,306.3552799548133
2006-06-23 20:00:00,304.4859979097575,305.18691261891047
2006-06-23 21:00:00,303.97707328149824,304.70557465869217
2006-06-24 05:00:00,317.664976734226,311.18014107867276
2006-06-24 06:00:00,321.05547430335287,312.5035423666744
2006-06-24 08:00:00,324.921591407529,314.31497406335023
2006-06-24 09:00:00,323.2229349521349,313.32482146041235
2006-06-24 17:00:00,305.672187769909,306.4571642060125
2006-06-24 18:00:00,305.2067255804829,305.8805569970553
2006-06-24 20:00:00,303.9419879648829,304.4759996411246
2006-06-24 21:00:00,303.38288380956425,303.9378088435333
2006-06-25 05:00:00,317.8868272073097,308.9239145052636
2006-06-25 06:00:00,320.9576286233629,309.9409788158164
2006-06-25 08:00:00,322.46108778379,311.2727643734502
2006-06-25 09:00:00,322.8451942479115,312.0002232156292
2006-06-25 17:00:00,302.97649290675565,302.9674824625024
2006-06-25 18:00:00,302.61389178965237,302.71274824098373
2006-06-25 20:00:00,301.60238395890764,301.34734872309565
2006-06-25 21:00:00,301.3819791679207,301.04752769528994
2006-06-26 05:00:00,310.96555780960335,304.72526176464396
2006-06-26 06:00:00,310.1699080033736,303.5146057881266
2006-06-26 08:00:00,308.6290881328847,302.215718838026
2006-06-26 09:00:00,306.83982219020095,302.2682582578968
2006-06-26 17:00:00,301.7492139960291,301.89478265559546
2006-06-26 18:00:00,301.38811823252723,301.6071372245236
2006-06-26 20:00:00,301.3609027598048,301.7461411251309
2006-06-26 21:00:00,301.2503610384666,301.6090651454838
2006-06-27 05:00:00,309.99130194947605,305.02573600498664
2006-06-27 06:00:00,311.06196258027677,306.1093028675426
2006-06-27 08:00:00,312.37718616832393,304.54884691047374
2006-06-27 09:00:00,312.0591575023023,303.7732338927376
2006-06-27 17:00:00,301.3002440418779,301.5223794475726
2006-06-27 18:00:00,301.0546249366137,301.334196987064
2006-06-27 20:00:00,300.5314435444554,300.61143493652344
2006-06-27 21:00:00,300.3226797283155,300.36451208646565
2006-06-28 05:00:00,299.7381323768839,299.65272844076526
2006-06-28 06:00:00,302.5857390181861,300.87308221238055
2006-06-28 08:00:00,309.869485229116,305.6691476501559
2006-06-28 09:00:00,311.28283014282795,306.3222212593067
2006-06-28 17:00:00,301.77254821119027,302.4131650057706
2006-06-28 18:00:00,301.4685014157523,302.02613473195686
2006-06-28 20:00:00,300.12225499322125,300.24176131191166
2006-06-28 21:00:00,299.8231925317796,299.9635637515499
2006-06-29 05:00:00,304.6028882277949,302.21321712546796
2006-06-29 06:00:00,304.741495446909,302.2627241372695
2006-06-29 08:00:00,310.8331438719951,306.9272147297675
2006-06-29 09:00:00,311.54395318876243,307.0856297379833
2006-06-29 17:00:00,300.58706185409943,301.1150480014701
2006-06-29 18:00:00,300.10108952456153,300.4490072194527
2006-06-29 20:00:00,298.25683433873627,298.06107740593245
2006-06-29 21:00:00,298.0696476494035,298.1292947495847
2006-06-30 05:00:00,301.83987915791425,300.7046592489046
2006-06-30 06:00:00,303.57255394322846,301.51560586185775
2006-06-30 08:00:00,307.3017492309006,304.48440561162306
2006-06-30 09:00:00,307.9563930141173,304.90154608445835
2006-06-30 17:00:00,299.6210395331008,300.1508993139987
2006-06-30 18:00:00,299.13953106943376,299.9076877588117
2006-06-30 20:00:00,298.6261791352682,299.61527335662134
2006-06-30 21:00:00,298.2472437313415,299.1663675881314
2006-07-01 05:00:00,305.1076125981076,302.18899087068297
2006-07-01 06:00:00,308.85679565335647,304.273269112562
2006-07-01 08:00:00,311.9911722850359,306.69967496193067
2006-07-01 09:00:00,312.1450555974787,307.3321533438238
2006-07-01 17:00:00,302.07352982390273,303.0175416120579
2006-07-01 18:00:00,301.5775523839636,302.57357143878204
2006-07-01 20:00:00,300.2831181789216,300.7385575304781
2006-07-01 21:00:00,299.7717987671839,300.388458345998
2006-07-02 05:00:00,307.2184552867166,304.65126437288586
2006-07-02 06:00:00,309.71799749953357,306.05105365112496
2006-07-02 08:00:00,313.60095022051655,308.662964219856
2006-07-02 09:00:00,314.0377228535562,309.10001635441245
2006-07-02 17:00:00,302.7415693191975,303.46101717956265
2006-07-02 18:00:00,301.68105018745035,302.80362549768574
2006-07-02 20:00:00,299.83403294920373,300.25002854263477
2006-07-02 21:00:00,299.3513788302617,299.85267573328713
2006-07-03 05:00:00,310.25488297707864,305.700275838467
2006-07-03 06:00:00,313.0845794677734,307.07151420605015
2006-07-03 08:00:00,313.6848849633074,307.14528085858507
2006-07-03 09:00:00,314.14560016461627,307.7839066750831
2006-07-03 17:00:00,303.2133278868783,304.25265500578564
2006-07-03 18:00:00,302.89523964339674,304.00442429646876
2006-07-03 20:00:00,301.62241787903116,302.67026274083025
2006-07-03 21:00:00,301.1675503911516,302.2279507441587
2006-07-04 05:00:00,309.93025205168414,306.54303507518324
2006-07-04 06:00:00,312.0029464980304,307.7729575887483
2006-07-04 08:00:00,313.0272011543827,309.2437802213366
2006-07-04 09:00:00,313.38864928070683,309.73954871696395
2006-07-04 17:00:00,304.1148694571802,305.09845934663605
2006-07-04 18:00:00,303.6579312646334,304.6030667250623
2006-07-04 20:00:00,302.4952493206195,303.48944670173165
2006-07-04 21:00:00,302.023024054999,302.9245873967011
2006-07-05 05:00:00,309.0129674550014,306.0357537644303
2006-07-05 06:00:00,309.93714594436904,306.8604020176022
2006-07-05 08:00:00,309.8456641198674,306.22666731306873
2006-07-05 09:00:00,311.3195182906094,307.1749040694744
2006-07-05 17:00:00,302.88801299625624,303.5485448146638
2006-07-05 18:00:00,302.39437541755944,303.0068445426106
2006-07-05 20:00:00,301.30998662587126,301.89612589925764
2006-07-05 21:00:00,300.9692814713818,301.56408122434453
2006-07-06 05:00:00,307.5533142795181,304.0293220320174
2006-07-06 06:00:00,308.9110432111978,304.82889708532207
2006-07-06 08:00:00,306.1628763348737,303.0384001180828
2006-07-06 09:00:00,307.4908472422643,303.8617442502814
2006-07-06 17:00:00,301.5497239734432,301.84178664761447
2006-07-06 18:00:00,301.0950110248865,301.38541307728536
2006-07-06 20:00:00,300.02020254267387,299.82720343026983
2006-07-06 21:00:00,299.6210044778551,299.3525522287895
2006-07-07 05:00:00,305.9024695585983,302.85558795194225
2006-07-07 06:00:00,307.1399186285692,303.51332327397466
2006-07-07 08:00:00,309.3698460559816,304.9387526783995
2006-07-07 09:00:00,309.3867793619541,305.37268811712283
2006-07-07 17:00:00,301.47915409599506,301.59941265652844
2006-07-07 18:00:00,301.0861114360886,301.089829408149
2006-07-07 20:00:00,299.8577579445391,299.86766623569014
2006-07-07 21:00:00,299.55505523916753,299.5273652157542
2006-07-08 05:00:00,306.4195897083253,303.45964915506283
2006-07-08 06:00:00,309.0896811698361,305.5788621711438
2006-07-08 08:00:00,310.80190148963396,306.8259037999416
2006-07-08 09:00:00,310.14650135010896,306.65815109464535
2006-07-08 17:00:00,301.5272792586928,301.56723828896173
2006-07-08 18:00:00,301.10052069383335,301.1511214010888
2006-07-08 20:00:00,299.69803575888983,299.8301464251267
2006-07-08 21:00:00,299.3534986734023,299.56199961046593
2006-07-09 05:00:00,303.91131229723914,301.84349556145577
2006-07-09 06:00:00,305.4303139802671,303.01925948367835
2006-07-09 08:00:00,307.11475632113564,303.9800291840211
2006-07-09 09:00:00,306.1985782335279,303.9661462251872
2006-07-09 17:00:00,300.8327299332582,300.8599841054672
2006-07-09 18:00:00,300.6784121567737,300.73528551945145
2006-07-09 20:00:00,299.8461772995113,299.7363599827183
2006-07-09 21:00:00,299.079470265628,299.3159651322798
2006-07-10 05:00:00,301.10845869678565,300.15726476825074
2006-07-10 06:00:00,301.3975510090268,300.6937570674761
2006-07-10 08:00:00,304.0333388788491,302.04517908786954
2006-07-10 09:00:00,303.8073730703862,302.0885926703642
2006-07-10 17:00:00,300.1091904133237,300.5021737543938
2006-07-10 18:00:00,300.1258388101963,300.4508477256552
2006-07-10 20:00:00,299.303185649572,299.4183115437512
2006-07-10 21:00:00,298.96364401889326,299.15813273237376
2006-07-11 05:00:00,304.4369001344466,301.88242581078015
2006-07-11 06:00:00,305.45971301156675,302.80019795986465
2006-07-11 08:00:00,303.32509510763254,301.659110141278
2006-07-11 09:00:00,303.50520174235146,301.96444342426594
2006-07-11 17:00:00,297.0987922186477,298.5247150062596
2006-07-11 18:00:00,296.8879252758526,298.3001283901315
2006-07-11 20:00:00,297.35905910309737,299.04562422601026
2006-07-11 21:00:00,297.91060653710036,299.00149674849075
2006-07-12 05:00:00,304.85979032589955,302.27870742492206
2006-07-12 06:00:00,305.8437712776643,303.30984457101215
2006-07-12 08:00:00,308.7447311801058,305.45139172852316
2006-07-12 09:00:00,307.9772124679871,305.30474980476276
2006-07-12 17:00:00,300.63029084991786,301.28861806719624
2006-07-12 18:00:00,300.09793779699385,300.78462038201803
2006-07-12 20:00:00,299.40963488844767,300.0685587267295
2006-07-12 21:00:00,299.0194201829437,299.6138894855517
2006-07-13 05:00:00,305.83351201085355,302.86621857865015
2006-07-13 06:00:00,307.70010171428856,304.09796156684865
2006-07-13 08:00:00,310.46729136321505,306.3774133338399
2006-07-13 09:00:00,310.33817626294814,306.6685940782168
2006-07-13 17:00:00,300.49703335284454,301.21551490160647
2006-07-13 18:00:00,299.93528580628856,300.6892592043649
2006-07-13 20:00:00,299.3763557986596,300.0417340106699
2006-07-13 21:00:00,299.03132347259753,299.5875265770958
2006-07-14 05:00:00,306.32159214578166,302.66584542719716
2006-07-14 06:00:00,307.97127113283506,303.7051677263022
2006-07-14 08:00:00,310.6512114491044,305.57725334461367
2006-07-14 09:00:00,309.9431282831083,305.6085231410704
2006-07-14 17:00:00,300.246794549269,300.7329804078089
2006-07-14 18:00:00,299.57058055154715,300.1673005372975
2006-07-14 20:00:00,298.86083025116767,299.810460847405
2006-07-14 21:00:00,298.67843790157184,299.5732647112595
2006-07-15 05:00:00,306.3393359779393,303.15417332347994
2006-07-15 06:00:00,308.6211081388735,304.43565058304097
2006-07-15 08:00:00,313.37756900170183,307.1017293121855
2006-07-15 09:00:00,313.610663932718,307.4913627024975
2006-07-15 17:00:00,301.76660652336983,302.53261064197324
2006-07-15 18:00:00,301.09106125559754,301.7735284179312
2006-07-15 20:00:00,300.4077306903199,301.0406600176278
2006-07-15 21:00:00,300.02475521046506,300.606218052939
2006-07-16 05:00:00,307.57469062041054,304.02542365827986
2006-07-16 06:00:00,310.5318472558067,305.8127075571492
2006-07-16 08:00:00,314.6250791388043,307.5607435934716
2006-07-16 09:00:00,314.508346534106,307.88428178737274
2006-07-16 17:00:00,302.39718110682605,303.1665752393256
2006-07-16 18:00:00,301.851362584001,302.63317798208936
2006-07-16 20:00:00,301.27778848844974,301.9370617741613
2006-07-16 21:00:00,300.8992911457832,301.3607765750268
2006-07-17 05:00:00,307.47587237483,304.31993074813863
2006-07-17 06:00:00,310.31804761607407,305.9090120524214
2006-07-17 08:00:00,313.01392725399353,307.6642707859974
2006-07-17 09:00:00,314.03345791621274,308.4686872955464
2006-07-17 17:00:00,303.24660319135813,304.0107302202833
2006-07-17 18:00:00,302.3090728148474,303.1801330143204
2006-07-17 20:00:00,301.10070177733627,301.6687416111927
2006-07-17 21:00:00,300.633099242976,301.1428059018081
2006-07-18 05:00:00,309.69286697928453,306.03708586376877
2006-07-18 06:00:00,312.1437676287212,307.5520584741248
2006-07-18 08:00:00,313.90454416613,309.46247870822907
2006-07-18 09:00:00,314.35149636290663,310.0280399645789
2006-07-18 17:00:00,303.3607156104042,303.83691399196636
2006-07-18 18:00:00,302.48585427964593,303.0193172977959
2006-07-18 20:00:00,301.45119258839475,302.053534509221
2006-07-18 21:00:00,301.27615102524015,301.8009559619592
2006-07-19 05:00:00,303.44603728072485,302.18466005486954
2006-07-19 06:00:00,304.5947504263997,303.402994211723
2006-07-19 08:00:00,311.81047431934047,308.0282438774873
2006-07-19 09:00:00,312.98188706502344,309.0505255653605
2006-07-19 17:00:00,298.6444750346462,299.0200445236888
2006-07-19 18:00:00,298.05165586780146,298.81609526694467
2006-07-19 20:00:00,297.639684433195,298.79087672064594
2006-07-19 21:00:00,297.5913775992136,298.6690398981832
2006-07-20 05:00:00,303.02994712512185,301.12448472785655
2006-07-20 06:00:00,303.53218953231084,302.2651728555124
2006-07-20 08:00:00,304.74621010708336,302.1408279019255
2006-07-20 09:00:00,305.4450351144941,302.25052084430524
2006-07-20 17:00:00,297.67703689081463,298.0143795630598
2006-07-20 18:00:00,297.158636389969,297.37845194247916
2006-07-20 20:00:00,296.5556647443257,296.9642347150665
2006-07-20 21:00:00,296.37089564436576,296.78002160870244
2006-07-21 05:00:00,297.81255499276983,297.97136788155154
2006-07-21 06:00:00,299.37859484374246,299.4155429787188
2006-07-21 08:00:00,304.0162513156885,302.05825464751206
2006-07-21 09:00:00,305.94972466467345,303.3823841488784
2006-07-21 17:00:00,298.5875046646283,299.28700209325194
2006-07-21 18:00:00,298.4120860283474,299.10192264503985
2006-07-21 20:00:00,298.11800254034154,298.8903904049349
2006-07-21 21:00:00,297.9294202008123,298.60158746892756
2006-07-22 05:00:00,305.4920662760918,301.7220046127155
2006-07-22 06:00:00,307.15149400708117,302.64811024717267
2006-07-22 08:00:00,309.9458379054841,304.1136492477911
2006-07-22 09:00:00,309.5199238170277,304.4776228330168
2006-07-22 17:00:00,300.269385433344,300.9461474543544
2006-07-22 18:00:00,299.9642857814607,300.5653891071149
2006-07-22 20:00:00,299.11124256762963,299.67432990169675
2006-07-22 21:00:00,298.7399635021051,299.2230345927328
2006-07-23 05:00:00,304.06805871337514,301.73559826584926
2006-07-23 06:00:00,304.65718974391194,302.31378206743847
2006-07-23 08:00:00,307.6733655180145,303.80743774978333
2006-07-23 09:00:00,306.2543971645079,303.66212957114766
2006-07-23 17:00:00,299.3582526443552,299.587463661041
2006-07-23 18:00:00,299.12078015719794,299.3684840973794
2006-07-23 20:00:00,299.01551327462926,299.2467696743864
2006-07-23 21:00:00,298.8444528917686,298.9190997812891
2006-07-24 05:00:00,300.52486350319606,299.4642100988074
2006-07-24 06:00:00,302.86679450977016,300.58429519347675
2006-07-24 08:00:00,306.7529875956625,303.47841234016124
2006-07-24 09:00:00,305.53302110104795,302.8366940679095
2006-07-24 17:00:00,298.07161518678834,299.05268791680714
2006-07-24 18:00:00,297.7279881740388,298.7622642105643
2006-07-24 20:00:00,298.00147232032157,299.3029879906512
2006-07-24 21:00:00,297.97293970140356,298.75968091403394
2006-07-25 05:00:00,300.91691062703893,299.901240697076
2006-07-25 06:00:00,302.9419813112045,301.16687007016503
2006-07-25 08:00:00,308.09067440179905,304.3901878791891
2006-07-25 09:00:00,307.79958800799307,304.4642271679612
2006-07-25 17:00:00,298.09390192957613,298.63447316879484
2006-07-25 18:00:00,297.81624004910645,298.51844717063966
2006-07-25 20:00:00,297.08570328111455,298.0788264810947
2006-07-25 21:00:00,296.81088510757235,298.02892031912074
2006-07-26 05:00:00,298.533457328432,299.02865069232115
2006-07-26 06:00:00,299.8933371145663,300.0147188771487
2006-07-26 08:00:00,303.9601915356558,302.51811740211053
2006-07-26 09:00:00,304.1341410961651,303.0139902640932
2006-07-26 17:00:00,299.0733788347759,300.0173172208672
2006-07-26 18:00:00,298.87914806301313,299.71040059752386
2006-07-26 20:00:00,298.6742524086786,299.2172689570117
2006-07-26 21:00:00,298.2661153032159,298.4785856414466
2006-07-27 05:00:00,301.45604090991856,300.2717894567363
2006-07-27 06:00:00,303.20587750686155,301.43002274664605
2006-07-27 08:00:00,304.13862616916657,301.8344175224128
2006-07-27 09:00:00,304.2066906427934,301.9108411086542
2006-07-27 17:00:00,298.8756734557071,299.3888321040408
2006-07-27 18:00:00,298.37666207946876,298.77262285934944
2006-07-27 20:00:00,297.8346562084322,298.3166368716671
2006-07-27 21:00:00,297.66737069481144,298.0600854435761
2006-07-28 05:00:00,302.017937776304,300.54731550642816
2006-07-28 06:00:00,302.4155435664995,300.2152906044606
2006-07-28 08:00:00,304.86542911852825,302.747350542865
2006-07-28 09:00:00,304.4415563927226,302.57026209192026
2006-07-28 17:00:00,297.5927505375608,297.30180523465344
2006-07-28 18:00:00,297.34864360415514,297.1859078194217
2006-07-28 20:00:00,297.2969528221754,297.30393958422366
2006-07-28 21:00:00,297.31714356221113,297.1834188969734
2006-07-29 05:00:00,299.1912776670764,298.8306825047098
2006-07-29 06:00:00,302.3772510828333,300.416457024855
2006-07-29 08:00:00,304.099200303088,301.9029122280597
2006-07-29 09:00:00,306.0556060132701,302.8944299165934
2006-07-29 17:00:00,297.467325219388,297.64088834930095
2006-07-29 18:00:00,297.22787165237685,297.48426334516296
2006-07-29 20:00:00,297.086464222113,297.5308396349703
2006-07-29 21:00:00,297.03321114232983,297.40062510250897
2006-07-30 05:00:00,303.29340438960327,301.1921879279044
2006-07-30 06:00:00,304.52445480746377,302.4199956767548
2006-07-30 08:00:00,306.9164815940916,303.7161755201813
2006-07-30 09:00:00,306.48089418572897,303.71982577989576
2006-07-30 17:00:00,299.07185975061543,299.6146973549677
2006-07-30 18:00:00,298.6610715657427,299.06136001093176
2006-07-30 20:00:00,298.38099682165773,298.9120887086278
2006-07-30 21:00:00,298.1620282142298,298.61972020036086
2006-07-31 05:00:00,302.6449393344403,301.49626328948835
2006-07-31 06:00:00,304.38449308280775,302.4287794962503
2006-07-31 08:00:00,306.5555017644709,302.88908863508465
2006-07-31 09:00:00,306.5912320411812,303.03341395021033
2006-07-31 17:00:00,297.9258625518376,298.55237317195474
2006-07-31 18:00:00,297.6487618374347,297.9825190939411
2006-07-31 20:00:00,297.33953269641097,298.2497449736749
2006-07-31 21:00:00,297.0741231533338,297.9959682940702
2006-08-01 05:00:00,299.22099753263734,299.1552680299168
2006-08-01 06:00:00,300.83639098462777,299.9845300800812
2006-08-01 08:00:00,303.42461309447674,301.8125905652627
2006-08-01 09:00:00,303.75506533018796,301.73546086621394
2006-08-01 17:00:00,297.06326740658704,296.90099627431624
2006-08-01 18:00:00,296.5365336554811,296.52606393963976
2006-08-01 20:00:00,296.2309410436128,296.37931337047985
2006-08-01 21:00:00,296.1183104199144,296.3145510022556
2006-08-02 05:00:00,297.34870214712083,297.4497343042782
2006-08-02 06:00:00,298.50699814148425,298.12074980419845
2006-08-02 08:00:00,301.10468001872624,300.03241629813596
2006-08-02 09:00:00,301.6366215545702,300.4863577021289
2006-08-02 17:00:00,297.5687326157957,298.1485962478332
2006-08-02 18:00:00,297.0521977076362,297.66386331284906
2006-08-02 20:00:00,296.836467678264,297.61952804306804
2006-08-02 21:00:00,296.7698277736482,297.39983061098354
2006-08-03 05:00:00,303.0436205283519,300.11872374735924
2006-08-03 06:00:00,304.48027120863526,301.1768745692742
2006-08-03 08:00:00,306.4416535176188,301.86347860327487
2006-08-03 09:00:00,305.72015444339706,301.9054533689526
2006-08-03 17:00:00,298.7149022929658,299.21900763607175
2006-08-03 18:00:00,298.44346588087745,298.91081176663766
2006-08-03 20:00:00,297.66695217138454,298.3006230664363
2006-08-03 21:00:00,297.4359039635798,297.83782879046197
2006-08-04 05:00:00,300.2940346551786,298.6591713645242
2006-08-04 06:00:00,302.9407128332576,300.0153658356983
2006-08-04 08:00:00,306.387058369735,302.7370994579627
2006-08-04 09:00:00,306.01257394752446,302.56999625042886
2006-08-04 17:00:00,298.2786618836672,298.8035089054901
2006-08-04 18:00:00,298.0594181478116,298.41043673898844
2006-08-04 20:00:00,297.586688425214,298.04543757034565
2006-08-04 21:00:00,297.45928458991153,297.75306400716397
2006-08-05 05:00:00,302.0750512121639,300.881229394757
2006-08-05 06:00:00,303.76396059291943,301.89423686587384
2006-08-05 08:00:00,307.75102922765797,303.5653066532271
2006-08-05 09:00:00,307.4394674433398,303.6709443784458
2006-08-05 17:00:00,298.6736252936083,299.58273719822864
2006-08-05 18:00:00,298.31313040664276,299.1085646619047
2006-08-05 20:00:00,298.00192568739317,298.8978570077012
2006-08-05 21:00:00,297.9047458689827,298.59778560879425
2006-08-06 05:00:00,302.7599454624076,300.5978141279177
2006-08-06 06:00:00,305.05927437663263,301.7163228415561
2006-08-06 08:00:00,305.93100793776784,302.4481619906903
2006-08-06 09:00:00,305.7576316751207,302.71732905171876
2006-08-06 17:00:00,298.5360941600359,299.1937501551741
2006-08-06 18:00:00,298.3796164302503,298.98308886511853
2006-08-06 20:00:00,297.5625026097467,298.4053791204843
2006-08-06 21:00:00,297.2313434853576,297.97030312842327
2006-08-07 05:00:00,303.2854502344352,300.5237024950871
2006-08-07 06:00:00,305.2601997833957,301.5341323123691
2006-08-07 08:00:00,306.80736185552894,302.17220728423086
2006-08-07 09:00:00,307.26411508521977,302.5064917565861
2006-08-07 17:00:00,298.1787108199439,298.5316530295256
2006-08-07 18:00:00,297.994976049579,298.2915245020886
2006-08-07 20:00:00,297.4709642172227,298.0630831960904
2006-08-07 21:00:00,297.22946533767396,297.6929817140929
2006-08-08 05:00:00,301.15900285953006,299.92029539793043
2006-08-08 06:00:00,301.71529079255043,300.4019750233608
2006-08-08 08:00:00,304.26120053895266,302.296851911971
2006-08-08 09:00:00,305.0374180069323,302.63389237085005
2006-08-08 17:00:00,296.998285725598,296.95756363831975
2006-08-08 18:00:00,296.5591445711251,296.3404849482979
2006-08-08 20:00:00,296.47514733548155,296.63567346417113
2006-08-08 21:00:00,296.42756532924756,296.61968411062094
2006-08-09 05:00:00,303.16077346684204,301.11527742406435
2006-08-09 06:00:00,304.6103345403686,302.0049793731266
2006-08-09 08:00:00,304.86355644896145,302.1459360930879
2006-08-09 09:00:00,304.30592019385296,302.16376748107064
2006-08-09 17:00:00,296.9789485608117,297.1744488450155
2006-08-09 18:00:00,296.82063121825047,296.9623118960435
2006-08-09 20:00:00,296.59179240786614,296.55011275516273
2006-08-09 21:00:00,296.60266792755834,296.5588100768384
2006-08-10 05:00:00,300.85338328027944,300.5422817283125
2006-08-10 06:00:00,303.0793114002387,301.82809420028707
2006-08-10 08:00:00,305.7199439003214,303.4544227494298
2006-08-10 09:00:00,305.9748257723722,303.698383019775
2006-08-10 17:00:00,297.6264056894923,297.9166382964477
2006-08-10 18:00:00,297.29657509073456,297.5257283873478
2006-08-10 20:00:00,297.10238614545216,297.6379666321083
2006-08-10 21:00:00,297.0875984039072,297.81445079738813
2006-08-11 05:00:00,301.77181113409154,300.627200110484
2006-08-11 06:00:00,302.5289720673407,301.4474079149714
2006-08-11 08:00:00,304.0267778581758,302.5942364708852
2006-08-11 09:00:00,304.8093371281088,303.1165318187837
2006-08-11 17:00:00,298.678417070621,299.381225327314
2006-08-11 18:00:00,298.32487588891263,298.89122098620027
2006-08-11 20:00:00,297.6320968886554,298.1250187619625
2006-08-11 21:00:00,297.22156546993875,297.662195802286
2006-08-12 05:00:00,301.23167823826776,300.5882719066367
2006-08-12 06:00:00,301.8882962360588,301.0592024557763
2006-08-12 08:00:00,304.38455188439696,302.4305835130219
2006-08-12 09:00:00,304.71347064707425,302.83443503828005
2006-08-12 17:00:00,298.45826573070644,299.1258185670262
2006-08-12 18:00:00,298.08786008391064,298.72676707122287
2006-08-12 20:00:00,297.95816122328375,298.70596268805224
2006-08-12 21:00:00,297.65404784403887,298.3066474667683
2006-08-13 05:00:00,303.7356057424207,301.77906561852967
2006-08-13 06:00:00,305.5736249033218,302.7533591906719
2006-08-13 08:00:00,307.82780969087815,304.2191707099715
2006-08-13 09:00:00,308.2342545284512,304.5976486323611
2006-08-13 17:00:00,299.5606573542755,300.2659601290899
2006-08-13 18:00:00,299.1106669421556,299.79728863309094
2006-08-13 20:00:00,298.75475401797536,299.3547102306583
2006-08-13 21:00:00,298.18296174459357,298.711806381061
2006-08-14 05:00:00,303.6289600201858,301.6461309541723
2006-08-14 06:00:00,304.4112729159269,302.20424561581365
2006-08-14 08:00:00,307.88748302959334,304.7231042329997
2006-08-14 09:00:00,307.620519746801,303.3233720870525
2006-08-14 17:00:00,298.4476500101193,298.2508907935285
2006-08-14 18:00:00,298.1010439362842,298.0259505449715
2006-08-14 20:00:00,297.4181505858623,297.4076247957344
2006-08-14 21:00:00,297.22276527157925,297.21182004108636
2006-08-15 05:00:00,304.0900521535536,301.5129381600073
2006-08-15 06:00:00,304.5958578759239,302.44952098687736
2006-08-15 08:00:00,307.35393494780885,304.1985376061203
2006-08-15 09:00:00,307.2345978394495,304.3954072784753
2006-08-15 17:00:00,298.04114568913116,298.7468575593687
2006-08-15 18:00:00,297.82427414246075,298.4898514945996
2006-08-15 20:00:00,297.941471423133,298.5425342389358
2006-08-15 21:00:00,297.71820021336913,298.2946378358156
2006-08-16 05:00:00,303.90642748628454,302.0814497467182
2006-08-16 06:00:00,305.162839563308,303.02538272522634
2006-08-16 08:00:00,306.8609349231691,303.6133237347948
2006-08-16 09:00:00,307.5516694102706,304.6006224269309
2006-08-16 17:00:00,298.5850448490842,299.44302137754
2006-08-16 18:00:00,298.512066198975,299.3357997476963
2006-08-16 20:00:00,298.1448524134185,298.8609048287931
2006-08-16 21:00:00,297.9260817470463,298.43513552249857
2006-08-17 05:00:00,304.1645375444268,302.332837802787
2006-08-17 06:00:00,305.3764272022688,303.0559940896527
2006-08-17 08:00:00,307.5642991029242,304.92170745896635
2006-08-17 09:00:00,307.08638374316854,304.9197961604467
2006-08-17 17:00:00,299.20972935187245,300.3785420140059
2006-08-17 18:00:00,298.79480648187723,299.9728889406554
2006-08-17 20:00:00,297.8856212927491,298.9994855037272
2006-08-17 21:00:00,297.63495221013096,298.37483925371214
2006-08-18 05:00:00,304.8833128895341,303.0882629488577
2006-08-18 06:00:00,306.3999826346046,304.0299934892699
2006-08-18 08:00:00,307.55597041384283,305.140802744908
2006-08-18 09:00:00,307.28393020982554,305.36633658151965
2006-08-18 17:00:00,298.2161342109481,299.03396053931385
2006-08-18 18:00:00,298.0634220164436,298.9025001937325
2006-08-18 20:00:00,297.8267500867094,298.99895311540746
2006-08-18 21:00:00,297.760058974632,298.8456490021457
2006-08-19 05:00:00,302.3828537151884,301.2809447771963
2006-08-19 06:00:00,303.90223644474077,302.3100451453258
2006-08-19 08:00:00,303.44361195615704,301.2100548178463
2006-08-19 09:00:00,302.0351508894393,300.7220363293664
2006-08-19 17:00:00,296.9967395094767,296.97859833751147
2006-08-19 18:00:00,296.58017536745234,296.6544979430494
2006-08-19 20:00:00,295.8875689396322,296.28083065367997
2006-08-19 21:00:00,295.90398476340556,296.3165887911992
2006-08-20 05:00:00,297.1526650309747,297.78768866822605
2006-08-20 06:00:00,297.8749428912194,298.46253243139233
2006-08-20 08:00:00,297.10207711382895,297.40896909740195
2006-08-20 09:00:00,297.26568180313467,297.3608393735254
2006-08-20 17:00:00,297.50645660729543,297.6514972986536
2006-08-20 18:00:00,297.3185688835814,297.4139133682604
2006-08-20 20:00:00,297.15297723661405,297.1629383575017
2006-08-20 21:00:00,297.13253476182564,297.124441866882
2006-08-21 05:00:00,297.004262445153,297.1953254311772
2006-08-21 06:00:00,298.65657165715436,298.9785273571044
2006-08-21 08:00:00,300.57605182665344,299.88331465287644
2006-08-21 09:00:00,301.6134692458049,301.04464653497115
2006-08-21 17:00:00,296.75869490001895,297.2435018013365
2006-08-21 18:00:00,296.28816923779226,296.83661723320586
2006-08-21 20:00:00,296.0892644332627,296.77831643314687
2006-08-21 21:00:00,296.19027618267137,296.7837280602595
2006-08-22 05:00:00,298.4538626648795,297.98200840648775
2006-08-22 06:00:00,300.03257819647416,299.14363598933755
2006-08-22 08:00:00,301.3306561015971,300.47968479150614
2006-08-22 09:00:00,302.03979315853263,300.8923691336657
2006-08-22 17:00:00,297.16139872452516,297.721895050378
2006-08-22 18:00:00,296.93462041493376,297.441232572535
2006-08-22 20:00:00,296.6543949168342,297.08732964702307
2006-08-22 21:00:00,296.47245913183747,296.8555044165378
2006-08-23 05:00:00,301.2977085671917,299.82982836519074
2006-08-23 06:00:00,302.5278112238104,300.60234993815607
2006-08-23 08:00:00,305.28471186421865,301.39660150795396
2006-08-23 09:00:00,305.0911944467224,301.5080245713056
2006-08-23 17:00:00,297.25608710478565,297.8100461092862
2006-08-23 18:00:00,296.799655720339,297.28199434206925
2006-08-23 20:00:00,296.1220421930675,296.39403055481995
2006-08-23 21:00:00,295.751818593735,295.97354713757346
2006-08-24 05:00:00,301.04697983658,299.6259315620034
2006-08-24 06:00:00,302.4929518031045,300.31906109120706
2006-08-24 08:00:00,302.88612372776026,300.5634698147766
2006-08-24 09:00:00,303.261101533158,300.7065528904896
2006-08-24 17:00:00,296.2316910283775,296.7018216548973
2006-08-24 18:00:00,295.98628752110375,296.4438034551353
2006-08-24 20:00:00,295.55020510727894,296.05939263812564
2006-08-24 21:00:00,295.4582625566903,295.9494335956309
2006-08-25 05:00:00,298.2305481239166,297.5668138171933
2006-08-25 06:00:00,298.4535174729828,297.5354703600491
2006-08-25 08:00:00,300.9321657013269,299.5403023882897
2006-08-25 09:00:00,301.98999590058173,300.3670947952153
2006-08-25 17:00:00,297.10548812325453,297.8054800400932
2006-08-25 18:00:00,296.69006117246187,297.3682526057967
2006-08-25 20:00:00,296.15494418621796,296.85718965456925
2006-08-25 21:00:00,296.0341046631612,296.61503897315737
2006-08-26 05:00:00,299.8308519266419,298.42689916202215
2006-08-26 06:00:00,302.00805497132757,299.79535107252593
2006-08-26 08:00:00,302.7088975950455,300.8706380553165
2006-08-26 09:00:00,301.849074212355,300.4517172180082
2006-08-26 17:00:00,297.70204679844744,298.13949852988975
2006-08-26 18:00:00,297.3883931728651,297.7692119439688
2006-08-26 20:00:00,296.80729139236894,297.21803619902016
2006-08-26 21:00:00,296.6831793645497,296.9835687998814
2006-08-27 05:00:00,299.6832190279968,298.4999180163367
2006-08-27 06:00:00,301.11132883033696,299.48773245084084
2006-08-27 08:00:00,302.04776191417534,300.3390568526023
2006-08-27 09:00:00,301.754191065055,300.3492320432501
2006-08-27 17:00:00,296.7491167300655,297.41277925699995
2006-08-27 18:00:00,296.52355129435915,297.1611985734137
2006-08-27 20:00:00,295.97444145778667,296.6784340692411
2006-08-27 21:00:00,295.9666298277022,296.534056747272
2006-08-28 05:00:00,298.68112631681703,297.9644983935246
2006-08-28 06:00:00,300.6725812538746,299.269364390792
2006-08-28 08:00:00,302.6371775246548,300.19233948130085
2006-08-28 09:00:00,302.1363157674969,300.1662408861063
2006-08-28 17:00:00,296.703115948176,297.27456843724417
2006-08-28 18:00:00,296.255640038724,296.8404826441972
2006-08-28 20:00:00,295.6098755306015,296.38419230362666
2006-08-28 21:00:00,295.60090667771635,296.35684103003274
2006-08-29 05:00:00,300.3795218915895,298.9874300023624
2006-08-29 06:00:00,301.48248100574654,299.8583803808745
2006-08-29 08:00:00,304.17232984827916,301.4158839150827
2006-08-29 09:00:00,305.21408283251276,302.02484420047523
2006-08-29 17:00:00,296.7804041129231,297.3673651508632
2006-08-29 18:00:00,296.39955428348304,297.01512324681454
2006-08-29 20:00:00,295.17310494303894,295.98394425073286
2006-08-29 21:00:00,294.7934058002772,295.6071678126354
2006-08-30 05:00:00,301.91927653872546,300.1108624380432
2006-08-30 06:00:00,303.94112268104027,301.15425960969856
2006-08-30 08:00:00,307.45238101059925,303.5852526413458
2006-08-30 09:00:00,308.0337072057974,304.2262499416921
2006-08-30 17:00:00,298.05733526432647,298.7406979694572
2006-08-30 18:00:00,297.29090559243787,298.14376168037967
2006-08-30 20:00:00,296.53008175043186,297.46079137769794
2006-08-30 21:00:00,296.3153538872906,297.17724193226206
2006-08-31 05:00:00,298.58870808699834,298.13654744716933
2006-08-31 06:00:00,299.5237991967811,299.0517552497758
2006-08-31 08:00:00,305.0425559868247,302.0869471898248
2006-08-31 09:00:00,304.86878000973553,302.47199262198757
2006-08-31 17:00:00,296.78886025638906,297.2664485984297
2006-08-31 18:00:00,296.6621249394351,297.096443775806
2006-08-31 20:00:00,296.54672394033946,296.94966040847845
2006-08-31 21:00:00,296.47179903050966,296.79194450672315
2006-09-01 05:00:00,296.80511780255375,297.22036811346635
2006-09-01 06:00:00,297.5069278193916,297.8596327066054
2006-09-01 08:00:00,299.4981560611578,299.009780366542
2006-09-01 09:00:00,299.858275403227,299.0366567602878
2006-09-01 17:00:00,295.7392144813009,295.9353507443092
2006-09-01 18:00:00,295.6238235920346,296.0603446078778
2006-09-01 20:00:00,295.683424139978,296.0558667998468
2006-09-01 21:00:00,295.602483340882,295.96689846703015
2006-09-02 05:00:00,296.81633171939706,296.36059605579345
2006-09-02 06:00:00,297.23130925300495,296.62468473790057
2006-09-02 08:00:00,301.01657372520225,300.23699130629905
2006-09-02 09:00:00,302.8656767858379,301.0450396897797
2006-09-02 17:00:00,297.2698746550432,298.07907236155086
2006-09-02 18:00:00,296.9347658318988,297.7268507476948
2006-09-02 20:00:00,296.4322038365439,297.19855643861655
2006-09-02 21:00:00,296.1627201967871,296.9014721416362
2006-09-03 05:00:00,301.53672132212876,300.0336782399606
2006-09-03 06:00:00,303.1475502801787,301.0624606657102
2006-09-03 08:00:00,305.3727699362074,302.27817637674246
2006-09-03 09:00:00,305.4685774745853,302.71685497125236
2006-09-03 17:00:00,296.41920076202723,297.27109669830844
2006-09-03 18:00:00,296.03893645628943,296.9131334301871
2006-09-03 20:00:00,295.31677509419535,296.36857024253055
2006-09-03 21:00:00,294.9706770040221,295.9653451975395
2006-09-04 05:00:00,303.3393173100217,300.7598143402711
2006-09-04 06:00:00,305.0805795960507,301.8501377428992
2006-09-04 08:00:00,307.0177991775959,302.91627554166115
2006-09-04 09:00:00,306.72874852725647,303.27142301068653
2006-09-04 17:00:00,297.4641214379545,298.3649868252465
2006-09-04 18:00:00,297.1276908839245,297.9769175901252
2006-09-04 20:00:00,295.9581439190176,297.095444242833
2006-09-04 21:00:00,295.53201028268404,296.6790218735329
2006-09-05 05:00:00,305.0072512869108,301.5390540359568
2006-09-05 06:00:00,305.66252771033714,302.334113310592
2006-09-05 08:00:00,306.83887325339765,303.7941675641688
2006-09-05 09:00:00,306.86403744172975,304.22307674837043
2006-09-05 17:00:00,297.651043531891,298.8438759496657
2006-09-05 18:00:00,297.42148765246566,298.52289911631624
2006-09-05 20:00:00,297.0825513889683,298.4548068759254
2006-09-05 21:00:00,296.9871890827761,298.3096589968642
2006-09-06 05:00:00,302.6703379297477,299.9860271812404
2006-09-06 06:00:00,300.6740609567228,299.57419791904914
2006-09-06 08:00:00,305.21915989480516,302.8595184185105
2006-09-06 09:00:00,305.90061066661303,303.5621734289984
2006-09-06 17:00:00,297.65475144114447,298.40005140495595
2006-09-06 18:00:00,297.60673226707706,298.3233672672501
2006-09-06 20:00:00,297.5269248974158,298.16007791057757
2006-09-06 21:00:00,297.39363227456306,297.9085726275099
2006-09-07 05:00:00,300.45665112041365,299.7739141431906
2006-09-07 06:00:00,300.8516010819304,300.11378307371916
2006-09-07 08:00:00,301.5099783311089,300.0204827260163
2006-09-07 09:00:00,301.8253518972999,300.6851027713535
2006-09-07 17:00:00,297.06522123692395,297.19671659072856
2006-09-07 18:00:00,296.9387880628025,297.06974352820447
2006-09-07 20:00:00,295.969835772169,296.1196370881585
2006-09-07 21:00:00,295.61161145884745,295.7795001295939
2006-09-08 05:00:00,300.6688803979906,299.80430085780256
2006-09-08 06:00:00,301.5590123204495,300.5944030714696
2006-09-08 08:00:00,302.8560451513446,301.5320795937937
2006-09-08 09:00:00,303.0577658255038,301.7964162723676
2006-09-08 17:00:00,296.5367205227468,297.21823900690066
2006-09-08 18:00:00,296.0686493625259,296.79278780756454
2006-09-08 20:00:00,295.17995108441323,295.9832325657638
2006-09-08 21:00:00,294.95752402189515,295.7944540955436
2006-09-09 05:00:00,302.7073477581947,300.40878686184874
2006-09-09 06:00:00,303.584109854441,301.08215649432873
2006-09-09 08:00:00,303.83933280392307,301.5542628871641
2006-09-09 09:00:00,303.83132962783793,301.7953891136981
2006-09-09 17:00:00,296.6857802709923,297.4502248896289
2006-09-09 18:00:00,296.20796513961534,296.9840440794206
2006-09-09 20:00:00,295.1334368407451,295.9370629262116
2006-09-09 21:00:00,294.76973248262806,295.57114486811895
2006-09-10 05:00:00,303.3977541695758,300.4700763625981
2006-09-10 06:00:00,304.6740204468714,301.42352558247666
2006-09-10 08:00:00,306.4062120293616,302.98737195313254
2006-09-10 09:00:00,305.99795198367076,303.1297480461227
2006-09-10 17:00:00,296.18523598598955,297.34452956189364
2006-09-10 18:00:00,295.795154824279,296.92756760983696
2006-09-10 20:00:00,295.6067341244643,296.5253201148176
2006-09-10 21:00:00,295.3490312573355,296.13714456190866
2006-09-11 05:00:00,303.46941901208436,300.6013477249028
2006-09-11 06:00:00,304.994104629305,301.66340634855914
2006-09-11 08:00:00,307.21711488791357,303.2270722470041
2006-09-11 09:00:00,306.72943230439404,303.4875076129367
2006-09-11 17:00:00,297.5155073027765,298.39115767045456
2006-09-11 18:00:00,297.1529060681171,297.95659013227987
2006-09-11 20:00:00,296.714950820147,297.4569854030991
2006-09-11 21:00:00,296.30933788046815,296.9677018693122
2006-09-12 05:00:00,303.7118279408601,300.9715992085556
2006-09-12 06:00:00,305.2026189912817,301.8953488295545
2006-09-12 08:00:00,307.44198831755136,303.36715550121426
2006-09-12 09:00:00,307.423038359232,303.7056751456944
2006-09-12 17:00:00,296.9638214581553,297.9928297327921
2006-09-12 18:00:00,296.4325366380219,297.43614998510327
2006-09-12 20:00:00,295.95198860815015,296.98549248881994
2006-09-12 21:00:00,295.6404702490761,296.5657189461777
2006-09-13 05:00:00,304.31060929731893,300.9589320389993
2006-09-13 06:00:00,306.45540250945714,302.04593140024616
2006-09-13 08:00:00,308.8245798590003,303.77968840753357
2006-09-13 09:00:00,308.6741748921493,304.10943965588586
2006-09-13 17:00:00,296.70072222270295,297.88279239789733
2006-09-13 18:00:00,296.14509975157097,297.2870758479843
2006-09-13 20:00:00,295.6024025327804,296.6168740482654
2006-09-13 21:00:00,295.2245121090365,296.108682029971
2006-09-14 05:00:00,304.6395331384221,301.2753251932435
2006-09-14 06:00:00,306.9572275687807,302.51493605039155
2006-09-14 08:00:00,309.872308551806,304.32466069061326
2006-09-14 09:00:00,309.7865802312302,304.6711155166979
2006-09-14 17:00:00,297.35355397181814,298.32767370191675
2006-09-14 18:00:00,296.64744116455455,297.59837512940584
2006-09-14 20:00:00,295.53960337587426,296.66003022980067
2006-09-14 21:00:00,295.12718701472824,296.2445210837436
2006-09-15 05:00:00,305.8083412863992,302.6682893256377
2006-09-15 06:00:00,308.26814787266613,303.8681134898417
2006-09-15 08:00:00,310.46439278107397,305.52269489776194
2006-09-15 09:00:00,309.87644370715316,305.71254726697924
2006-09-15 17:00:00,298.07022830628097,299.2901765091577
2006-09-15 18:00:00,297.58292486487625,298.88051587591184
2006-09-15 20:00:00,296.4001556067327,297.4739941095902
2006-09-15 21:00:00,295.89942854541846,297.2569715032592
2006-09-16 05:00:00,307.91879411177206,304.2432768693874
2006-09-16 06:00:00,309.6106506958948,305.07491611662925
2006-09-16 08:00:00,311.09425419835355,306.4760826827933
2006-09-16 09:00:00,310.849592705537,306.71722771831213
2006-09-16 17:00:00,298.6852709001679,299.91520658002247
2006-09-16 18:00:00,298.33781360220655,299.5601109062395
2006-09-16 20:00:00,296.9507320033751,298.0558166503907
2006-09-16 21:00:00,296.3263971361064,297.3951602459689
2006-09-17 05:00:00,308.35895238561886,304.2214200999961
2006-09-17 06:00:00,310.37086016591786,305.3616334183374
2006-09-17 08:00:00,312.02811686981624,307.31815842450675
2006-09-17 09:00:00,311.4615371304411,307.55343599716207
2006-09-17 17:00:00,298.7784395614648,299.96043602894935
2006-09-17 18:00:00,298.1463036676769,299.2933820304224
2006-09-17 20:00:00,297.1236599303541,298.32280894604236
2006-09-17 21:00:00,296.53278789314544,297.65208298693454
2006-09-18 05:00:00,307.97477021533285,304.76590405480346
2006-09-18 06:00:00,310.1462567627706,305.56604116760155
2006-09-18 08:00:00,310.66376125059435,305.9820615183591
2006-09-18 09:00:00,310.0328344924057,306.07437817965894
2006-09-18 17:00:00,299.23710329029336,300.3733504520176
2006-09-18 18:00:00,298.7076317033342,299.86061620491864
2006-09-18 20:00:00,298.35278414357424,299.5724316378036
2006-09-18 21:00:00,297.9497087710811,299.0786851785951
2006-09-19 05:00:00,307.1125786403662,304.08099661475893
2006-09-19 06:00:00,308.94495000383705,305.1087406434704
2006-09-19 08:00:00,311.22491038929337,306.67453915165464
2006-09-19 09:00:00,310.6649103149978,306.8556470356664
2006-09-19 17:00:00,299.76603266123817,300.5801035641522
2006-09-19 18:00:00,299.247362345503,300.0844089408134
2006-09-19 20:00:00,298.245290042072,299.1400012000132
2006-09-19 21:00:00,297.847264670444,298.7396542588808
2006-09-20 05:00:00,307.193681502379,304.24935887223586
2006-09-20 06:00:00,309.3700643812747,305.62247947845697
2006-09-20 08:00:00,311.7352128932583,306.6782496706547
2006-09-20 09:00:00,310.59799114397754,306.67176905839216
2006-09-20 17:00:00,299.48724485141656,300.4120224069557
2006-09-20 18:00:00,299.16337759432326,300.1521641006822
2006-09-20 20:00:00,298.25511174135846,299.2600449854494
2006-09-20 21:00:00,297.9710209968461,298.94361795152093
2006-09-21 05:00:00,306.8319845331835,304.11877812883705
2006-09-21 06:00:00,309.3840968010055,305.71675620057
2006-09-21 08:00:00,311.17810874433474,307.18478440577155
2006-09-21 09:00:00,310.86614875029346,307.5097864559509
2006-09-21 17:00:00,299.50488631567345,300.40739988729655
2006-09-21 18:00:00,299.00742910235255,299.9467677511677
2006-09-21 20:00:00,297.45468320684915,298.28576979908996
2006-09-21 21:00:00,297.19059546519134,298.06920914143006
2006-09-22 05:00:00,306.1263918413771,303.39717478230483
2006-09-22 06:00:00,308.6930145592829,305.0497453921749
2006-09-22 08:00:00,310.9115238277865,306.36520797188734
2006-09-22 09:00:00,310.8637035822464,306.68333736002353
2006-09-22 17:00:00,298.9072737965635,300.137908747457
2006-09-22 18:00:00,298.7326423868376,299.9157895174893
2006-09-22 20:00:00,297.9397256201699,298.6241774125533
2006-09-22 21:00:00,297.68848728362144,298.381570542722
2006-09-23 05:00:00,305.97215708305,302.9186824569349
2006-09-23 06:00:00,308.33955047090177,304.0931334179612
2006-09-23 08:00:00,310.47209517797813,305.24104607674667
2006-09-23 09:00:00,311.12972827317714,305.74785690425176
2006-09-23 17:00:00,296.2507973834069,297.5237288511773
2006-09-23 18:00:00,296.1802439403093,297.2652486086994
2006-09-23 20:00:00,295.96548929787565,296.937981674594
2006-09-23 21:00:00,295.95514104105473,296.99567722502763
2006-09-24 05:00:00,306.1700484829801,302.9414559292316
2006-09-24 06:00:00,308.085269240275,304.225673281724
2006-09-24 08:00:00,310.4069295921384,305.5305415830921
2006-09-24 09:00:00,310.3375726355978,305.87042215168015
2006-09-24 17:00:00,298.34919863379054,298.9923259341294
2006-09-24 18:00:00,297.7411904357064,298.4480029372111
2006-09-24 20:00:00,296.6299961601457,297.62919287541985
2006-09-24 21:00:00,296.35692125035365,297.3631006132105
2006-09-25 05:00:00,305.61541992563684,302.43774115469864
2006-09-25 06:00:00,307.357379977986,303.41999045726146
2006-09-25 08:00:00,310.129902538423,304.847089370704
2006-09-25 09:00:00,309.568109333056,304.8900574859008
2006-09-25 17:00:00,297.5222779495875,298.7302889125924
2006-09-25 18:00:00,297.216655737079,298.4614912835402
2006-09-25 20:00:00,297.11234679611516,298.5521638984857
2006-09-25 21:00:00,297.10846433948115,298.30072305970276
2006-09-26 05:00:00,306.04920959472656,302.8013295084009
2006-09-26 06:00:00,308.21263091993995,303.8783016586891
2006-09-26 08:00:00,310.0183849364106,305.2762666534753
2006-09-26 09:00:00,309.7249834151775,305.544152234846
2006-09-26 17:00:00,298.19247899694693,299.1588367291702
2006-09-26 18:00:00,297.6691231984754,298.71256880326706
2006-09-26 20:00:00,297.1829653183007,298.1621468283913
2006-09-26 21:00:00,296.9991143554311,297.83626571678786
2006-09-27 05:00:00,306.0204120747665,302.8226288735224
2006-09-27 06:00:00,308.3167684170058,304.0851193091535
2006-09-27 08:00:00,309.78985254790274,305.06412631888605
2006-09-27 09:00:00,309.5350957085796,305.35996066476974
2006-09-27 17:00:00,297.8877443334171,299.3967770663175
2006-09-27 18:00:00,297.3888421668477,298.9167017297495
2006-09-27 20:00:00,297.0836551707405,298.25880248741305
2006-09-27 21:00:00,296.8705121056509,297.86833569448794
2006-09-28 05:00:00,306.42610062656496,303.04400599498786
2006-09-28 06:00:00,308.8259408301308,304.42565088022286
2006-09-28 08:00:00,311.1581660007659,306.12003054861293
2006-09-28 09:00:00,310.72560354741216,306.2895549192267
2006-09-28 17:00:00,298.44095796135434,299.81498986289756
2006-09-28 18:00:00,297.98338886842896,299.3671936129201
2006-09-28 20:00:00,297.25023678160966,298.606427820144
2006-09-28 21:00:00,297.0420107848839,298.2861758850756
2006-09-29 05:00:00,307.17800541247357,304.16923692230085
2006-09-29 06:00:00,309.7739112277979,305.72046704872736
2006-09-29 08:00:00,311.4852884348442,306.6840146010389
2006-09-29 09:00:00,310.24454504168824,306.55541719457216
2006-09-29 17:00:00,298.6028087833446,300.1196119311411
2006-09-29 18:00:00,297.8772387864593,299.41777381838193
2006-09-29 20:00:00,296.807767071599,298.4159656166112
2006-09-29 21:00:00,296.2384240572185,297.76319450296126
2006-09-30 05:00:00,308.9166363215043,304.4572830787977
2006-09-30 06:00:00,311.93698707897966,305.8425004250831
2006-09-30 08:00:00,313.7051423811949,307.43948531187556
2006-09-30 09:00:00,312.9561772985708,307.7527415506278
2006-09-30 17:00:00,297.1985840172908,298.8209383454639
2006-09-30 18:00:00,296.02430257224154,297.9071231130826
2006-09-30 20:00:00,294.7180076093629,296.6547986516967
2006-09-30 21:00:00,294.2690449436934,296.14220236850264
2006-10-01 05:00:00,309.25687908060934,304.71828170329655
2006-10-01 06:00:00,312.097283173783,305.92476918554087
2006-10-01 08:00:00,314.2574678018391,307.6939676810853
2006-10-01 09:00:00,313.8302785112237,308.0718303615764
2006-10-01 17:00:00,296.93115862124876,298.80070519116697
2006-10-01 18:00:00,296.1516738444888,298.22052857761946
2006-10-01 20:00:00,294.9307598942784,296.9046612990839
2006-10-01 21:00:00,294.39370619387404,296.3233276038031
2006-10-02 05:00:00,309.9567598833693,305.1592489045647
2006-10-02 06:00:00,312.904704113036,306.4817490540961
2006-10-02 08:00:00,315.745412371008,307.91663996574505
2006-10-02 09:00:00,315.17829220247194,308.10804377057707
2006-10-02 17:00:00,297.102735922039,298.7162042979283
2006-10-02 18:00:00,295.73475719857475,297.68728442552094
2006-10-02 20:00:00,293.4948459619366,295.9775593762038
2006-10-02 21:00:00,292.76605055328514,295.2448542143788
2006-10-03 05:00:00,309.6946853614184,305.6116390140105
2006-10-03 06:00:00,313.0438120978639,307.14489252357896
2006-10-03 08:00:00,315.85672523721894,308.8947975382048
2006-10-03 09:00:00,315.24444368477043,309.1647103754875
2006-10-03 17:00:00,297.5427529639199,298.83213295958626
2006-10-03 18:00:00,296.5902739820201,297.9418742175463
2006-10-03 20:00:00,294.8785746005724,296.5377583790266
2006-10-03 21:00:00,294.22454326141786,295.8098100565248
2006-10-04 05:00:00,308.5911385370146,305.45034018870683
2006-10-04 06:00:00,311.50753715997115,307.21581612750083
2006-10-04 08:00:00,314.5851856108256,309.3655991987748
2006-10-04 09:00:00,314.4872184247927,309.6721130747274
2006-10-04 17:00:00,298.7160199228531,300.1859175530715
2006-10-04 18:00:00,298.13248179102163,299.76325231707887
2006-10-04 20:00:00,297.07940664423637,298.8817130913169
2006-10-04 21:00:00,296.72307851171274,298.48781151911146
2006-10-05 05:00:00,307.28473579865204,303.968259884874
2006-10-05 06:00:00,310.19458299351766,305.8065309686176
2006-10-05 08:00:00,313.33235325982275,308.3063139599534
2006-10-05 09:00:00,313.2552906853393,308.52453387573433
2006-10-05 17:00:00,297.11401209662256,298.5896618671153
2006-10-05 18:00:00,296.49448351279614,298.0389742858605
2006-10-05 20:00:00,295.48072013208423,297.14804140628763
2006-10-05 21:00:00,295.1263064485853,296.82870260041744
2006-10-06 05:00:00,306.4082015732588,302.60866378525554
2006-10-06 06:00:00,309.40723892940764,304.4035359104903
2006-10-06 08:00:00,312.48589027534103,306.6558752074631
2006-10-06 09:00:00,312.32363442537047,306.88335826621034
2006-10-06 17:00:00,296.19153589092895,297.3915679179281
2006-10-06 18:00:00,295.6351015299605,296.90648384270577
2006-10-06 20:00:00,294.66869741007804,295.9908321480538
2006-10-06 21:00:00,294.33504588357846,295.64926095736234
2006-10-07 05:00:00,306.17730179185673,301.75609770835086
2006-10-07 06:00:00,309.2626010559741,303.30189142682707
2006-10-07 08:00:00,312.976227347399,305.5295637744968
2006-10-07 09:00:00,312.90756801611104,305.88885246476707
2006-10-07 17:00:00,296.4050343517897,297.3642980402166
2006-10-07 18:00:00,295.72107034692044,296.7956737876857
2006-10-07 20:00:00,294.7937539781003,296.012406430002
2006-10-07 21:00:00,294.33588765618987,295.4951375482263
2006-10-08 05:00:00,306.4892057116116,302.0125563611235
2006-10-08 06:00:00,309.6071023103453,303.4828022161875
2006-10-08 08:00:00,312.8885218733448,305.201162823176
2006-10-08 09:00:00,312.7863993828396,305.52154117813467
2006-10-08 17:00:00,297.2688353880896,298.17393444278764
2006-10-08 18:00:00,296.58059556017673,297.5836424041419
2006-10-08 20:00:00,295.3328304437717,296.4464180216033
2006-10-08 21:00:00,294.88531877373697,296.02394372031944
2006-10-09 05:00:00,307.0272328004999,302.64106555345063
2006-10-09 06:00:00,310.0034121379647,303.93742702113826
2006-10-09 08:00:00,313.74625891639937,305.5108268044212
2006-10-09 09:00:00,313.80334952285364,305.8007437966087
2006-10-09 17:00:00,296.7849077127748,297.76055395658284
2006-10-09 18:00:00,296.06558199325593,297.15269608931106
2006-10-09 20:00:00,295.2521671477378,296.52969644837464
2006-10-09 21:00:00,294.90904557943713,296.15897001433996
2006-10-10 05:00:00,307.5965165430665,302.8736063952806
2006-10-10 06:00:00,310.7437276267124,304.30174504590144
2006-10-10 08:00:00,314.6806400575329,306.16526131416873
2006-10-10 09:00:00,314.4079595016221,306.45695366293705
2006-10-10 17:00:00,297.57018981839553,298.45938632300897
2006-10-10 18:00:00,296.76219755622384,297.78825481867386
2006-10-10 20:00:00,295.5858267856122,296.7047797204533
2006-10-10 21:00:00,295.09707244261756,296.2718526784371
2006-10-11 05:00:00,307.73893378071136,303.29483603549477
2006-10-11 06:00:00,310.78079418776036,304.7935808413936
2006-10-11 08:00:00,314.04321495961335,306.41790569287787
2006-10-11 09:00:00,313.8090483631669,306.59710274859464
2006-10-11 17:00:00,296.5740269218645,297.6345047678896
2006-10-11 18:00:00,295.7045867402675,296.889579596615
2006-10-11 20:00:00,294.63212505511035,295.9512152297104
2006-10-11 21:00:00,294.1818376256064,295.51898310915533
2006-10-12 05:00:00,307.07052231422745,302.6906556774545
2006-10-12 06:00:00,310.1759177797197,304.089955804528
2006-10-12 08:00:00,313.6142713079467,305.65369846714293
2006-10-12 09:00:00,313.33929692578425,305.8435926393295
2006-10-12 17:00:00,296.40403768718704,297.4297879399798
2006-10-12 18:00:00,295.63023052009856,296.77428409241384
2006-10-12 20:00:00,294.3932602563514,295.7619508998971
2006-10-12 21:00:00,293.9250666731495,295.34130365639146
2006-10-13 05:00:00,308.49869348088106,303.36786436483567
2006-10-13 06:00:00,311.22460260376545,304.57722654181015
2006-10-13 08:00:00,313.2733454065073,305.9338983144893
2006-10-13 09:00:00,312.79870993404063,306.1314298515143
2006-10-13 17:00:00,296.06636484672174,297.2835325643719
2006-10-13 18:00:00,295.3621131650105,296.64146425690967
2006-10-13 20:00:00,293.40844141132845,294.998508212379
2006-10-13 21:00:00,292.57718965268833,294.3615235738651
2006-10-14 05:00:00,309.3408822881055,303.7224771179293
2006-10-14 06:00:00,312.4911831237135,304.88011051877436
2006-10-14 08:00:00,315.4824469849949,306.2704284385834
2006-10-14 09:00:00,314.17458401108377,306.2799470545882
2006-10-14 17:00:00,296.3633905302027,297.7467013507485
2006-10-14 18:00:00,295.50391659494176,296.9578326303162
2006-10-14 20:00:00,294.0826636315862,295.58466763489054
2006-10-14 21:00:00,293.44038487509334,295.0184580093172
2006-10-15 05:00:00,308.7866694328414,304.04409423263854
2006-10-15 06:00:00,311.9009497691009,305.2518810160538
2006-10-15 08:00:00,315.09554665775624,306.3243360005101
2006-10-15 09:00:00,314.26641269677964,306.44833714936294
2006-10-15 17:00:00,296.94465136417807,298.092755945144
2006-10-15 18:00:00,296.2960666368482,297.5241574609225
2006-10-15 20:00:00,295.46220966921015,296.95283703444
2006-10-15 21:00:00,295.14615390113397,296.6076484057129
2006-10-16 05:00:00,309.36004201362977,304.94396662308
2006-10-16 06:00:00,312.37859174026,306.101008128679
2006-10-16 08:00:00,314.98965778556556,307.4517119279812
2006-10-16 09:00:00,314.5478531377525,307.5596928295259
2006-10-16 17:00:00,297.3540351526763,298.6435188093612
2006-10-16 18:00:00,296.40741004414843,297.8391742206685
2006-10-16 20:00:00,294.8993064515947,296.569103387912
2006-10-16 21:00:00,294.22049719012574,295.99261850789077
2006-10-17 05:00:00,311.1078801324077,305.0985962760467
2006-10-17 06:00:00,313.91241231721426,306.3772663181111
2006-10-17 08:00:00,315.1234571224736,307.3547469552015
2006-10-17 09:00:00,314.4434295795364,307.53677450453375
2006-10-17 17:00:00,297.39416927108414,298.5387221043944
2006-10-17 18:00:00,296.55851529302146,297.86050045912737
2006-10-17 20:00:00,295.4628190568122,297.19390678699654
2006-10-17 21:00:00,295.1191777022117,296.8580369052975
2006-10-18 05:00:00,308.63544792093006,304.6350529557568
2006-10-18 06:00:00,311.71962167889757,306.11713866717275
2006-10-18 08:00:00,314.0861692502062,307.5868023606405
2006-10-18 09:00:00,313.87483737281366,307.7447382569864
2006-10-18 17:00:00,297.32104739055427,298.67836464057535
2006-10-18 18:00:00,296.7019168518725,298.11058187852103
2006-10-18 20:00:00,295.71369755396677,297.4141363722885
2006-10-18 21:00:00,295.34218509245,297.00779216278505
2006-10-19 05:00:00,307.54677018693127,304.0682954714735
2006-10-19 06:00:00,310.77348654442835,305.64723720462376
2006-10-19 08:00:00,313.07962466388346,306.85683066157975
2006-10-19 09:00:00,312.7322387460201,306.9149046252799
2006-10-19 17:00:00,296.3661944561269,296.9168683538452
2006-10-19 18:00:00,295.83624871816767,296.60796620702524
2006-10-19 20:00:00,295.635166961717,296.4917688119944
2006-10-19 21:00:00,295.0787056803887,295.9441580515246
2006-10-20 05:00:00,298.1282158426952,296.85199209721685
2006-10-20 06:00:00,303.2607565763735,300.3570156244357
2006-10-20 08:00:00,311.2669462606609,304.3402133465548
2006-10-20 09:00:00,311.41594610228924,304.7693215533288
2006-10-20 17:00:00,294.28344110568247,294.98778742009944
2006-10-20 18:00:00,293.6733289110275,294.32298276457476
2006-10-20 20:00:00,293.1999252154758,294.59175789337866
2006-10-20 21:00:00,292.93621656891014,294.2789014160909
2006-10-21 05:00:00,306.1735352220815,301.51076819092174
2006-10-21 06:00:00,309.4168513082025,303.1124510449144
2006-10-21 08:00:00,312.1710038148383,304.5863880927464
2006-10-21 09:00:00,312.0594554601355,304.8711821757406
2006-10-21 17:00:00,294.7561839005246,295.56711069350985
2006-10-21 18:00:00,293.9487223103528,294.79406801761576
2006-10-21 20:00:00,292.43032446627626,295.08789111873585
2006-10-21 21:00:00,291.7486690997343,294.6177844266495
2006-10-22 05:00:00,307.57413260484884,301.51867790986284
2006-10-22 06:00:00,310.7545005433916,302.87557964589456
2006-10-22 08:00:00,312.769584126759,303.83154567254167
2006-10-22 09:00:00,311.9345559941602,304.00006380948156
2006-10-22 17:00:00,295.2471552585784,296.10993238075855
2006-10-22 18:00:00,294.2478670140811,294.5601981799298
2006-10-22 20:00:00,293.15373227629345,294.3305203242368
2006-10-22 21:00:00,292.4556432409537,293.6568214169636
2006-10-23 05:00:00,306.74979486450763,301.1235396468952
2006-10-23 06:00:00,310.5611645855779,302.54578421993875
2006-10-23 08:00:00,313.3727502102845,303.73473272338305
2006-10-23 09:00:00,312.2211807791735,303.9211124132153
2006-10-23 17:00:00,293.9120910362397,295.4661957633514
2006-10-23 18:00:00,293.0366182724023,294.74640068912356
2006-10-23 20:00:00,291.71021271927515,293.4460710193417
2006-10-23 21:00:00,291.1279046950612,292.71875470224626
2006-10-24 05:00:00,305.97443847186025,300.81477471162066
2006-10-24 06:00:00,309.9545363792102,302.296977485457
2006-10-24 08:00:00,313.2636037159407,303.6529329414544
2006-10-24 09:00:00,312.55930068570035,303.80638421151235
2006-10-24 17:00:00,291.8992905344912,296.3151568161505
2006-10-24 18:00:00,291.0572362115093,295.6782570766925
2006-10-24 20:00:00,289.92082820945234,292.1399111755089
2006-10-24 21:00:00,289.765674114962,291.9122962422657
2006-10-25 05:00:00,305.06307752988374,300.53975142609727
2006-10-25 06:00:00,308.51114401795286,302.1388679821796
2006-10-25 08:00:00,312.6101699382388,303.7872288355659
2006-10-25 09:00:00,312.8541538608827,304.0539815987938
2006-10-25 17:00:00,293.70133123412523,295.2771251425721
2006-10-25 18:00:00,292.94302255310157,294.5943753752392
2006-10-25 20:00:00,291.4471531472699,294.3983148889292
2006-10-25 21:00:00,290.7754117380856,292.49681159491166
2006-10-26 05:00:00,306.5517660884534,301.59408141431527
2006-10-26 06:00:00,310.11177462679217,302.95620144460537
2006-10-26 08:00:00,314.18357320118395,304.364725145243
2006-10-26 09:00:00,313.7339521505065,304.62145492953397
2006-10-26 17:00:00,293.5155366683043,295.1956985779279
2006-10-26 18:00:00,292.8436836513055,294.5354759792334
2006-10-26 20:00:00,291.6397184539466,293.63168001101457
2006-10-26 21:00:00,291.49922822032397,293.42118663817234
2006-10-27 05:00:00,306.0698191403241,301.4654091951109
2006-10-27 06:00:00,309.39280663065625,302.8351114799135
2006-10-27 08:00:00,312.04243043685,304.01082125577057
2006-10-27 09:00:00,312.50043545151345,304.38587725952334
2006-10-27 17:00:00,294.2849248524624,295.90554193576054
2006-10-27 18:00:00,293.819402638863,295.5051988034476
2006-10-27 20:00:00,292.8970301176991,294.514779912305
2006-10-27 21:00:00,292.5175481481802,294.07520431730154
2006-10-28 05:00:00,306.1484220766323,301.1625717703845
2006-10-28 06:00:00,309.18619611413897,302.3031013618081
2006-10-28 08:00:00,312.0557368767831,303.4966738190967
2006-10-28 09:00:00,312.15470550019865,303.8041301427527
2006-10-28 17:00:00,294.78167409558876,295.902952926001
2006-10-28 18:00:00,293.7692650558401,294.99583324555806
2006-10-28 20:00:00,292.36693118055723,293.8759875187338
2006-10-28 21:00:00,291.91612528138245,293.45730600224806
2006-10-29 05:00:00,305.77539318772426,300.74503235897777
2006-10-29 06:00:00,308.9175897254415,301.9574610823292
2006-10-29 08:00:00,312.52734248039354,303.19601433376323
2006-10-29 09:00:00,312.494370423774,303.41655036444297
2006-10-29 17:00:00,293.40232275447056,294.9308248087879
2006-10-29 18:00:00,292.594821735964,294.3267877987243
2006-10-29 20:00:00,291.08019591626845,293.5648319144462
2006-10-29 21:00:00,290.3985975879734,292.4969221447209
2006-10-30 05:00:00,306.66751935632647,301.1933543435965
2006-10-30 06:00:00,309.86869748531393,302.2818353591237
2006-10-30 08:00:00,313.5390701646614,303.6713678392313
2006-10-30 09:00:00,313.16303748085244,303.91286354476387
2006-10-30 17:00:00,293.5693040562705,295.31674514088684
2006-10-30 18:00:00,292.83246028294735,294.5362198981004
2006-10-30 20:00:00,291.1168111086994,293.03719986972897
2006-10-30 21:00:00,290.71686639771076,292.5951051873676
2006-10-31 05:00:00,306.5289884546689,301.04719559914895
2006-10-31 06:00:00,310.56290519255884,302.61117375025583
2006-10-31 08:00:00,313.54034174609075,304.03374350713835
2006-10-31 09:00:00,312.0722501310986,304.0137797210176
2006-10-31 17:00:00,294.33776951864803,295.63172552875824
2006-10-31 18:00:00,293.2186997094764,294.76032380514044
2006-10-31 20:00:00,291.6308328778424,293.4002119161315
2006-10-31 21:00:00,291.27411815014386,292.9238611817911
2006-11-01 05:00:00,305.28009959545636,300.7812317082621
2006-11-01 06:00:00,308.7691617004677,302.2804219344364
2006-11-01 08:00:00,312.5906208902368,303.68202978289924
2006-11-01 09:00:00,312.9798745976758,303.819033230398
2006-11-01 17:00:00,293.52108383766495,295.01824998194337
2006-11-01 18:00:00,293.06977080123266,294.6204221751914
2006-11-01 20:00:00,292.49995570484043,293.82289633728874
2006-11-01 21:00:00,292.49912272542946,293.71585609659394
2006-11-02 05:00:00,304.27597918165117,299.9396956198388
2006-11-02 06:00:00,308.0053264929444,301.6291821307871
2006-11-02 08:00:00,310.491308250486,302.69173869880944
2006-11-02 09:00:00,309.96561978520896,302.6311889789505
2006-11-02 17:00:00,293.8026415056367,295.1032743762564
2006-11-02 18:00:00,293.08771657135526,294.4891052951431
2006-11-02 20:00:00,292.08534915494994,293.4659832923549
2006-11-02 21:00:00,291.7027396274091,293.0001852214795
2006-11-03 05:00:00,304.86453517449473,299.7070185774464
2006-11-03 06:00:00,308.3339134886379,301.2122607356044
2006-11-03 08:00:00,311.5445564164219,302.65903121407484
2006-11-03 09:00:00,311.3238583933591,302.93007569393865
2006-11-03 17:00:00,294.04869914238554,294.9328484204591
2006-11-03 18:00:00,292.99013884886756,294.0614514931325
2006-11-03 20:00:00,291.20939090769906,292.50089723560586
2006-11-03 21:00:00,290.44839287098085,291.812444889674
2006-11-04 05:00:00,306.7199892769977,300.7993790871925
2006-11-04 06:00:00,310.2041157632836,301.77009011196606
2006-11-04 08:00:00,313.3026411764794,302.8670961353555
2006-11-04 09:00:00,312.54292196264987,303.04703595788897
2006-11-04 17:00:00,291.50283148108724,293.4271551287964
2006-11-04 18:00:00,290.4679880715299,292.8197285985726
2006-11-04 20:00:00,288.9570806706081,292.48037352951354
2006-11-04 21:00:00,288.3764402510021,291.3501988485892
2006-11-05 05:00:00,307.1406608311164,301.1001825788172
2006-11-05 06:00:00,310.53032843026983,302.0648408487141
2006-11-05 08:00:00,313.36128274832373,303.0243145864807
2006-11-05 09:00:00,312.621233054045,303.13125147180307
2006-11-05 17:00:00,291.708197548136,293.40720549643686
2006-11-05 18:00:00,290.7610654904405,292.65619112787704
2006-11-05 20:00:00,289.10458425748146,291.1902908301684
2006-11-05 21:00:00,288.45860208238037,290.54772250935184
2006-11-06 05:00:00,306.2562322631272,301.3247359735756
2006-11-06 06:00:00,309.1830585638437,302.2345234028915
2006-11-06 08:00:00,312.5282637209665,303.2273390759673
2006-11-06 09:00:00,312.3243964478856,303.3169447747511
2006-11-06 17:00:00,292.8881507720712,294.4101499254788
2006-11-06 18:00:00,291.84068432353865,293.54683141017733
2006-11-06 20:00:00,290.04915349692885,294.1805977843392
2006-11-06 21:00:00,289.44622252571565,294.00635445099584
2006-11-07 05:00:00,308.1252818761512,301.8822746335633
2006-11-07 06:00:00,311.12974111030945,302.73861200600084
2006-11-07 08:00:00,313.026658703256,303.4986570384727
2006-11-07 09:00:00,312.212634587692,303.47084847143145
2006-11-07 17:00:00,290.6153662259847,296.30654389979475
2006-11-07 18:00:00,289.83124324757443,296.1011507478076
2006-11-07 20:00:00,288.4793682833115,295.9303946708127
2006-11-07 21:00:00,287.9863943796496,295.76380139837283
2006-11-08 05:00:00,307.17905946799164,301.5802692713098
2006-11-08 06:00:00,310.87778899629245,302.74889694707605
2006-11-08 08:00:00,313.50914906647245,303.44435860232693
2006-11-08 09:00:00,312.79034865839276,303.55722918165117
2006-11-08 17:00:00,291.5604331511746,293.2069879188009
2006-11-08 18:00:00,290.4738997355081,292.46321815996214
2006-11-08 20:00:00,289.07172963946186,295.4306670249151
2006-11-08 21:00:00,288.5535622524738,294.81407066780173
2006-11-09 05:00:00,306.1872148087653,300.94065125734306
2006-11-09 06:00:00,309.9609877199899,302.44914008142035
2006-11-09 08:00:00,313.1474870349667,303.64691453648646
2006-11-09 09:00:00,311.6547636904959,303.5944076091373
2006-11-09 17:00:00,291.4314857330087,294.2156113211657
2006-11-09 18:00:00,290.3551147884139,293.3969686593407
2006-11-09 20:00:00,288.95607008735647,293.24055640833404
2006-11-09 21:00:00,288.43761894331874,291.3058311568203
2006-11-10 05:00:00,304.23246005723945,300.06949423861977
2006-11-10 06:00:00,307.5066078080235,301.422647485013
2006-11-10 08:00:00,311.73825028570843,302.6930015810833
2006-11-10 09:00:00,312.1480918849011,302.9072756539508
2006-11-10 17:00:00,291.07869930884505,292.92777606041295
2006-11-10 18:00:00,290.400474513073,292.2709132636824
2006-11-10 20:00:00,289.69067364003513,291.5560176243951
2006-11-10 21:00:00,289.29387647161496,291.13894545168654
2006-11-11 05:00:00,304.2696023714745,299.7478226954103
2006-11-11 06:00:00,307.62492939577265,301.0856975443742
2006-11-11 08:00:00,311.38923701446487,302.35333468256454
2006-11-11 09:00:00,311.44501125059435,302.527622052444
2006-11-11 17:00:00,292.48435031320724,293.7870874860437
2006-11-11 18:00:00,291.8714684249808,293.1710720679426
2006-11-11 20:00:00,290.74769159678505,292.2962281119842
2006-11-11 21:00:00,290.35863138677894,291.9658179613769
2006-11-12 05:00:00,305.488976453596,300.5319546786222
2006-11-12 06:00:00,308.51536978558505,301.5604201259525
2006-11-12 08:00:00,311.60014143416254,302.33756073891476
2006-11-12 09:00:00,311.3196253137339,302.4226064344033
2006-11-12 17:00:00,291.82395046334057,293.32473500961515
2006-11-12 18:00:00,290.8574944541708,292.63590495575374
2006-11-12 20:00:00,289.77174527913286,291.3943223997331
2006-11-12 21:00:00,289.09580354146857,291.10914270903555
2006-11-13 05:00:00,305.6237360126983,299.9211105558281
2006-11-13 06:00:00,308.8930191251641,301.1114574132605
2006-11-13 08:00:00,312.1734400721287,302.26745099977273
2006-11-13 09:00:00,311.4565808453435,302.36668948510027
2006-11-13 17:00:00,292.3806470920933,293.55071995622023
2006-11-13 18:00:00,291.2040131837819,292.6334418251261
2006-11-13 20:00:00,289.3223418013892,290.8460388888931
2006-11-13 21:00:00,288.7264665506654,290.48285598637324
2006-11-14 05:00:00,305.79446879006315,300.5373700675318
2006-11-14 06:00:00,308.74703093118774,301.5276570136448
2006-11-14 08:00:00,311.3496854808555,302.4186985386171
2006-11-14 09:00:00,310.7862666149169,302.4649507496133
2006-11-14 17:00:00,292.34106725096154,293.681582152568
2006-11-14 18:00:00,291.1636033491655,293.187069979581
2006-11-14 20:00:00,290.06694482177363,291.56071514488184
2006-11-14 21:00:00,290.0035292944298,291.4048985509181
2006-11-15 05:00:00,302.4561463813018,298.6822713843112
2006-11-15 06:00:00,306.2469142449472,300.4874429335396
2006-11-15 08:00:00,309.12864278314294,301.7753484693624
2006-11-15 09:00:00,309.4880609262523,301.92570112372397
2006-11-15 17:00:00,291.63766660528665,294.1317216729162
2006-11-15 18:00:00,290.62901799888203,293.4871404615499
2006-11-15 20:00:00,289.3922197433025,290.98130864171287
2006-11-15 21:00:00,289.3135389377964,290.94075233212607
2006-11-16 05:00:00,302.2692526889325,298.2856805504563
2006-11-16 06:00:00,306.17425852159874,300.08006415932874
2006-11-16 08:00:00,309.7055036782851,301.46344144612505
2006-11-16 09:00:00,309.8691231796664,301.61687085073794
2006-11-16 17:00:00,291.6585458011951,293.5098302573746
2006-11-16 18:00:00,290.82059296547726,292.75403650222097
2006-11-16 20:00:00,289.7276134520356,291.25798509594836
2006-11-16 21:00:00,289.30105623736034,290.7347513207669
2006-11-17 05:00:00,303.6892738753732,298.94129316097786
2006-11-17 06:00:00,307.0260086177127,300.4758595141865
2006-11-17 08:00:00,309.90182725527256,301.4343227627465
2006-11-17 09:00:00,309.5360032891272,301.4699848803974
2006-11-17 17:00:00,291.1279533633098,292.48543011352353
2006-11-17 18:00:00,290.05169449675435,291.7961117549009
2006-11-17 20:00:00,288.5818889835399,290.45107077670576
2006-11-17 21:00:00,288.06062758905676,290.1551516258111
2006-11-18 05:00:00,305.3613043081228,299.4957511913611
2006-11-18 06:00:00,308.27819499763757,300.6760644662913
2006-11-18 08:00:00,310.80441413491457,301.69008851602376
2006-11-18 09:00:00,310.3059318789348,301.77182239597136
2006-11-18 17:00:00,292.2177905066539,293.55129482933484
2006-11-18 18:00:00,291.5264975337659,292.84324201633825
2006-11-18 20:00:00,290.74762729356763,291.97373774312496
2006-11-18 21:00:00,290.16794406320724,291.36723428735013
2006-11-19 05:00:00,303.5553286277642,298.1601139768063
2006-11-19 06:00:00,307.6979617220228,299.72245243113656
2006-11-19 08:00:00,311.1493899164655,301.5457996903289
2006-11-19 09:00:00,310.14342617511016,301.69387970205815
2006-11-19 17:00:00,292.99848218544605,293.8936781684864
2006-11-19 18:00:00,292.0883768842841,293.0519713650132
2006-11-19 20:00:00,290.6577187466144,291.7317301510663
2006-11-19 21:00:00,290.0250350646503,291.1144823447582
2006-11-20 05:00:00,302.8704546677129,296.97577398032735
2006-11-20 06:00:00,306.546122546556,298.4639933957892
2006-11-20 08:00:00,309.00763538989526,300.348540483895
2006-11-20 09:00:00,308.2551635366008,300.5652063778259
2006-11-20 17:00:00,291.1202448534856,292.28183218510753
2006-11-20 18:00:00,289.9547870559575,291.5526747975401
2006-11-20 20:00:00,288.43177306376543,291.65662773144084
2006-11-20 21:00:00,287.8858854414318,291.4785390421863
2006-11-21 05:00:00,304.4126914660626,298.3212319302081
2006-11-21 06:00:00,307.56656363418176,299.73471864015556
2006-11-21 08:00:00,310.2597381403707,301.2028822465376
2006-11-21 09:00:00,309.67974430313467,301.4376291471931
2006-11-21 17:00:00,291.6387229884167,293.0213402041302
2006-11-21 18:00:00,290.7622488812416,292.30993664099367
2006-11-21 20:00:00,289.4466727893048,291.16565174167437
2006-11-21 21:00:00,288.99960465864706,290.8264355299469
2006-11-22 05:00:00,302.7583952963995,298.96347398566905
2006-11-22 06:00:00,305.8597639933206,300.32841275395896
2006-11-22 08:00:00,308.10436414533484,301.19546062075665
2006-11-22 09:00:00,307.40562624703574,301.0520890622367
2006-11-22 17:00:00,292.2898931753103,293.19465573726706
2006-11-22 18:00:00,291.6599860992196,292.61140274964794
2006-11-22 20:00:00,290.8667336156813,292.216511448653
2006-11-22 21:00:00,290.2549481031891,291.52171824121694
2006-11-23 05:00:00,301.7163856165435,296.85792880065634
2006-11-23 06:00:00,305.2125205817318,298.14008795645645
2006-11-23 08:00:00,308.4779679308687,299.48459407765256
2006-11-23 09:00:00,307.7516730592137,299.5772687209589
2006-11-23 17:00:00,290.91827528943264,291.7693767812109
2006-11-23 18:00:00,290.03872144607993,290.91896167631694
2006-11-23 20:00:00,288.8261635520242,289.73075328292026
2006-11-23 21:00:00,288.28143724344545,289.17979732096103
2006-11-24 05:00:00,298.9360398820075,294.03438404712176
2006-11-24 06:00:00,302.59984103116125,295.3822183006534
2006-11-24 08:00:00,306.60613357708525,296.7123260027822
2006-11-24 09:00:00,306.10540936063,297.05187125419064
2006-11-24 17:00:00,287.4770891750906,288.7491934472129
2006-11-24 18:00:00,286.798421991992,288.1424875362261
2006-11-24 20:00:00,285.5863613604765,287.07799745157064
2006-11-24 21:00:00,285.0295648795247,286.5641966174674
2006-11-25 05:00:00,298.69801854866864,294.0073292736647
2006-11-25 06:00:00,302.13138297011926,295.1794104201401
2006-11-25 08:00:00,306.6610460560568,296.48471929847005
2006-11-25 09:00:00,306.500131780451,296.8355539142626
2006-11-25 17:00:00,287.0515297535572,288.2943628954778
2006-11-25 18:00:00,286.2079718873387,287.6024763580463
2006-11-25 20:00:00,284.7993176758565,286.3430354936832
2006-11-25 21:00:00,284.14696553234694,285.75174110071686
2006-11-26 05:00:00,298.6810709478675,293.2742689276697
2006-11-26 06:00:00,302.34036713351827,294.53198771190205
2006-11-26 08:00:00,306.70206511369656,296.1904494369343
2006-11-26 09:00:00,306.08550696233397,296.54773290131607
2006-11-26 17:00:00,285.47600547190996,287.11713401194896
2006-11-26 18:00:00,284.4677529592176,286.30366492602053
2006-11-26 20:00:00,283.10825346724835,285.0584212480965
2006-11-26 21:00:00,282.60189824038184,284.5271707778719
2006-11-27 05:00:00,298.6818915838821,293.6817510807643
2006-11-27 06:00:00,302.18751697510896,295.08584293782803
2006-11-27 08:00:00,305.78417656050624,296.7033643208227
2006-11-27 09:00:00,305.49790352702325,297.07533828429706
2006-11-27 17:00:00,285.7417232942508,287.51032505123567
2006-11-27 18:00:00,285.1100072170076,287.00721886492295
2006-11-27 20:00:00,284.22303510997995,286.1470240282902
2006-11-27 21:00:00,283.7772607083313,285.71273312326207
2006-11-28 05:00:00,297.0439289957055,293.2641843963294
2006-11-28 06:00:00,300.73696882956204,295.19865685508506
2006-11-28 08:00:00,304.38285653653605,297.0446066364118
2006-11-28 09:00:00,304.34936836136876,297.31592897200625
2006-11-28 17:00:00,287.3479848664788,288.8139708626252
2006-11-28 18:00:00,286.7529670468464,288.29656853110106
2006-11-28 20:00:00,285.8076806208019,287.3587288408323
2006-11-28 21:00:00,285.34908507454384,286.8766790075552
2006-11-29 05:00:00,297.6400133318086,294.06499162623993
2006-11-29 06:00:00,301.06272608399945,295.8224222803336
2006-11-29 08:00:00,304.5449627610311,297.5727360847368
2006-11-29 09:00:00,304.59243673315774,297.8618999651658
2006-11-29 17:00:00,287.8427127550122,289.0834587579148
2006-11-29 18:00:00,287.0549490154249,288.32189170237865
2006-11-29 20:00:00,285.9515027955795,287.42753405931
2006-11-29 21:00:00,285.41841240693316,286.9206878709132
2006-11-30 05:00:00,297.891965281247,294.38672838960485
2006-11-30 06:00:00,301.3676082805052,296.11694690957097
2006-11-30 08:00:00,304.68764245455,297.4445803367486
2006-11-30 09:00:00,304.7902490413061,297.6532153583638
2006-11-30 17:00:00,286.55406943675365,288.0934167753199
2006-11-30 18:00:00,285.6641638569178,287.4173142678565
2006-11-30 20:00:00,284.86864778257114,286.4290718584105
2006-11-30 21:00:00,284.51458340543445,286.1158995077312
2006-12-01 05:00:00,299.1866072550393,295.34844460509413
2006-12-01 06:00:00,302.7736281055515,296.7554558517386
2006-12-01 08:00:00,306.495390717164,297.9284239594117
2006-12-01 09:00:00,306.39837825169735,298.07285227724145
2006-12-01 17:00:00,287.2946931577427,288.65615459142373
2006-12-01 18:00:00,286.5668984106032,287.9717375486401
2006-12-01 20:00:00,285.4054292464294,286.8560702143171
2006-12-01 21:00:00,285.04766333158284,286.5875498297035
2006-12-02 05:00:00,298.1628445947115,294.67887798479785
2006-12-02 06:00:00,301.6800248156344,296.18392678659023
2006-12-02 08:00:00,305.6022834013717,297.82935774087537
2006-12-02 09:00:00,305.76488460781763,298.073716432545
2006-12-02 17:00:00,288.8632044388076,290.374410643967
2006-12-02 18:00:00,288.33235144945803,289.96447584625383
2006-12-02 20:00:00,287.18700807450915,288.6773525996275
2006-12-02 21:00:00,286.64052881555307,288.02826242784874
2006-12-03 05:00:00,298.02134718696584,295.1016595543624
2006-12-03 06:00:00,301.4947162269628,296.94879042238966
2006-12-03 08:00:00,305.50484806290024,299.1248208209069
2006-12-03 09:00:00,305.90636123163495,299.58469039376234
2006-12-03 17:00:00,290.98537620227034,292.04410612932156
2006-12-03 18:00:00,290.2455855782484,291.3134802302521
2006-12-03 20:00:00,288.87740004999426,290.0120465670969
2006-12-03 21:00:00,288.54865437700124,289.7987991121407
2006-12-04 05:00:00,299.8041256285963,296.3254740851686
2006-12-04 06:00:00,303.73140346250847,298.5594275758153
2006-12-04 08:00:00,308.0705463191945,299.49899291992193
2006-12-04 09:00:00,307.9983317370775,299.756624030773
2006-12-04 17:00:00,289.3509864748351,290.8747036409304
2006-12-04 18:00:00,288.5100324069407,290.16137356750767
2006-12-04 20:00:00,289.0548673609188,290.4887105650821
2006-12-04 21:00:00,288.8579575078697,290.3874331152494
2006-12-05 05:00:00,299.08046965753357,295.79267170910475
2006-12-05 06:00:00,300.83558335032416,296.4747617512896
2006-12-05 08:00:00,304.3724690394703,298.32797431651915
2006-12-05 09:00:00,303.3502859577009,298.2760841122761
2006-12-05 17:00:00,291.1397969344364,291.4968339776038
2006-12-05 18:00:00,290.1942395649633,290.674541526289
2006-12-05 20:00:00,289.11717358135115,289.80615293153073
2006-12-05 21:00:00,288.7719184863733,289.38728428915584
2006-12-06 05:00:00,297.59601544819554,293.6329609969364
2006-12-06 06:00:00,301.81958412205677,295.2390608118936
2006-12-06 08:00:00,306.0007418733899,297.1972857741252
2006-12-06 09:00:00,305.46593601126887,298.1110380904517
2006-12-06 17:00:00,289.8588093903105,290.00170891384136
2006-12-06 18:00:00,288.7734078758487,288.97993727861825
2006-12-06 20:00:00,287.74180151611705,288.1119429436964
2006-12-06 21:00:00,287.08507430865694,287.45742614463956
2006-12-07 05:00:00,297.41982764198525,293.02054458406565
2006-12-07 06:00:00,301.5699480759161,294.7868982911661
2006-12-07 08:00:00,305.2596828654661,296.68519479431245
2006-12-07 09:00:00,305.16011910225467,297.44212233156935
2006-12-07 17:00:00,288.6675935812834,289.04734882184283
2006-12-07 18:00:00,287.8548620661895,288.3151308597512
2006-12-07 20:00:00,286.39122004575097,286.9341143356817
2006-12-07 21:00:00,285.8610348223905,286.44408801156675
2006-12-08 05:00:00,295.3440634047122,291.71351374316106
2006-12-08 06:00:00,299.2490123401988,293.50811454878755
2006-12-08 08:00:00,303.02731553652256,294.99266501310615
2006-12-08 09:00:00,303.14572740739965,295.39931985299654
2006-12-08 17:00:00,286.3425921423961,287.1365189750683
2006-12-08 18:00:00,285.5762307236118,286.374945289365
2006-12-08 20:00:00,284.54581422026973,285.38525348304785
2006-12-08 21:00:00,283.99931596423886,284.8448851222434
2006-12-09 05:00:00,296.15193867499727,291.83627060712394
2006-12-09 06:00:00,300.2723807877128,293.81508190936773
2006-12-09 08:00:00,304.88697415250476,296.003805175217
2006-12-09 09:00:00,305.21557511386965,296.56451131529724
2006-12-09 17:00:00,287.4080428254256,288.28005595861123
2006-12-09 18:00:00,286.6912318907093,287.6080110429432
2006-12-09 20:00:00,285.415635330835,286.227209105881
2006-12-09 21:00:00,284.7293389412949,285.8016787677406
2006-12-10 05:00:00,299.8488869689095,293.5068066425059
2006-12-10 06:00:00,303.1502233661011,295.3256422139831
2006-12-10 08:00:00,304.43592893250735,296.5461366062723
2006-12-10 09:00:00,303.66508817746205,296.7233985465922
2006-12-10 17:00:00,285.82352643828546,286.89776971049963
2006-12-10 18:00:00,285.00838344673895,286.2108230943489
2006-12-10 20:00:00,283.74216678660525,285.2684792869815
2006-12-10 21:00:00,283.20465137264216,284.7552782949204
2006-12-11 05:00:00,296.43103267158307,291.88242764465616
2006-12-11 06:00:00,299.6266528630661,293.40831219360166
2006-12-11 08:00:00,302.50091609161336,295.1838254531837
2006-12-11 09:00:00,302.114330203581,295.4138133985052
2006-12-11 17:00:00,285.3795333415592,286.76245394620025
2006-12-11 18:00:00,284.69929349220405,286.12667858435304
2006-12-11 20:00:00,283.4626613904956,285.03300088138906
2006-12-11 21:00:00,282.83220854819467,284.390659161819
2006-12-12 05:00:00,295.75278833797785,291.3873867511014
2006-12-12 06:00:00,299.25336008409874,292.73342486412395
2006-12-12 08:00:00,303.74103385090643,294.14619906620914
2006-12-12 09:00:00,303.86496270272323,294.56127946145364
2006-12-12 17:00:00,285.0174390325561,286.2043512047531
2006-12-12 18:00:00,284.31627451657147,285.56892759443616
2006-12-12 20:00:00,282.9716142322323,284.1954794062304
2006-12-12 21:00:00,282.32992123455415,283.5735323396045
2006-12-13 05:00:00,295.7092709063749,291.0381746218642
2006-12-13 06:00:00,299.9676282556472,292.82490520741794
2006-12-13 08:00:00,304.7250203983442,295.08894369304636
2006-12-13 09:00:00,304.6387557160505,295.68984082520285
2006-12-13 17:00:00,285.6966521934662,287.0700437431159
2006-12-13 18:00:00,284.9425076336265,286.35626615691814
2006-12-13 20:00:00,283.8775511566774,285.3120613039367
2006-12-13 21:00:00,283.36799725031454,284.80114125397245
2006-12-14 05:00:00,295.89742216747976,292.37822176752553
2006-12-14 06:00:00,299.8119153932357,294.18612687356307
2006-12-14 08:00:00,304.49747383576147,296.30214057534425
2006-12-14 09:00:00,304.77819020134643,296.88309399997144
2006-12-14 17:00:00,286.4045285546725,287.78435181322374
2006-12-14 18:00:00,285.61329467491305,287.0819705675122
2006-12-14 20:00:00,284.1786534760509,285.69644849215894
2006-12-14 21:00:00,283.381337687488,284.89294189076946
2006-12-15 05:00:00,297.47306802570364,293.4812471128208
2006-12-15 06:00:00,301.8665638175694,295.40011262820207
2006-12-15 08:00:00,306.19569425186137,297.7292353978326
2006-12-15 09:00:00,305.8438354633255,298.13490354188235
2006-12-15 17:00:00,286.7678565685114,288.4271377304853
2006-12-15 18:00:00,285.624122372761,287.3849898751234
2006-12-15 20:00:00,283.67985395951706,286.18344993179863
2006-12-15 21:00:00,282.81967553372374,285.8757772107705
2006-12-16 05:00:00,298.8753202229692,295.2867596219244
2006-12-16 06:00:00,302.8534555067818,297.01814394629054
2006-12-16 08:00:00,306.7603914704639,298.9126094588881
2006-12-16 09:00:00,306.6549088488374,299.31990368671154
2006-12-16 17:00:00,287.5016246495886,289.0452223015125
2006-12-16 18:00:00,286.6502207798657,288.27469003733205
2006-12-16 20:00:00,285.0981849470565,286.9375538642308
2006-12-16 21:00:00,284.3352795617055,286.3191685375337
2006-12-17 05:00:00,296.82577460572605,293.8055179872204
2006-12-17 06:00:00,301.0832222349287,295.95431793636095
2006-12-17 08:00:00,305.842194967167,298.2745877634763
2006-12-17 09:00:00,306.05289366359153,298.80290744117303
2006-12-17 17:00:00,287.4490030344536,289.08200113211285
2006-12-17 18:00:00,286.42246494381385,288.23444137220577
2006-12-17 20:00:00,284.56145125802016,286.64449257402464
2006-12-17 21:00:00,283.82973062900254,286.03098726199113
2006-12-18 05:00:00,297.93199853647286,294.26150691380667
2006-12-18 06:00:00,301.7171697161047,295.9451835173855
2006-12-18 08:00:00,305.58435462986927,297.83695497204235
2006-12-18 09:00:00,305.61262716754743,298.3169307620573
2006-12-18 17:00:00,285.9588877438397,287.72161413818736
2006-12-18 18:00:00,284.3786721486708,286.77487904411987
2006-12-18 20:00:00,282.305587392375,285.9766809025604
2006-12-18 21:00:00,281.64636164637307,285.1784637169037
2006-12-19 05:00:00,297.0241760347951,294.1951279133237
2006-12-19 06:00:00,300.977215500936,296.01345209201054
2006-12-19 08:00:00,304.9165622611259,297.7323957775334
2006-12-19 09:00:00,305.2013808898456,298.15530463690385
2006-12-19 17:00:00,287.6344911078643,289.08496773224584
2006-12-19 18:00:00,287.01139417745304,288.47478911836265
2006-12-19 20:00:00,286.20525119117303,287.66859708765435
2006-12-19 21:00:00,285.750534034106,287.1132466884901
2006-12-20 05:00:00,295.2301060657472,292.6126989943588
2006-12-20 06:00:00,299.229695653695,294.94400264228625
2006-12-20 08:00:00,304.13410065684735,297.73647156702174
2006-12-20 09:00:00,304.72657251578454,298.2455658523254
2006-12-20 17:00:00,288.2798139104858,289.42559186703255
2006-12-20 18:00:00,287.49246554382046,288.6393606835411
2006-12-20 20:00:00,286.17742061761936,287.3694352207272
2006-12-20 21:00:00,285.55986138154253,286.7495066168128
2006-12-21 05:00:00,296.254321317276,293.2301080406906
2006-12-21 06:00:00,300.60302901304743,295.64476643284587
2006-12-21 08:00:00,305.90205470292335,298.07252507143653
2006-12-21 09:00:00,306.45585841574183,298.3965607159678
2006-12-21 17:00:00,288.4910812495486,289.80459392529974
2006-12-21 18:00:00,287.7280738489654,289.1090033344569
2006-12-21 20:00:00,286.4401560402799,287.9370851443251
2006-12-21 21:00:00,285.81140566974284,287.28856133459533
2006-12-22 05:00:00,297.2342903360564,293.91361230694463
2006-12-22 06:00:00,301.28411357391786,295.8420300829025
2006-12-22 08:00:00,304.8902542278837,297.1425050991158
2006-12-22 09:00:00,304.9370899171051,297.3891017073292
2006-12-22 17:00:00,286.7377855862234,288.0221880896617
2006-12-22 18:00:00,286.08937608809975,287.3097213721606
2006-12-22 20:00:00,284.9603600171387,286.3072107018234
2006-12-22 21:00:00,284.4215930768264,285.76256085176874
2006-12-23 05:00:00,296.23049376595003,292.586689342152
2006-12-23 06:00:00,300.1325531476084,294.3738622209875
2006-12-23 08:00:00,304.6264897656551,295.93651530261405
2006-12-23 09:00:00,304.864229951691,296.27422176413984
2006-12-23 17:00:00,286.5537806012781,287.8349494875304
2006-12-23 18:00:00,285.66004541805603,287.02017764428
2006-12-23 20:00:00,284.21926014669504,285.8921468584857
2006-12-23 21:00:00,283.6322432695809,285.3050412029625
2006-12-24 05:00:00,295.1834268437696,292.3648686813096
2006-12-24 06:00:00,299.002228276939,294.4027344831517
2006-12-24 08:00:00,303.1818054622421,296.27642956279647
2006-12-24 09:00:00,303.61754334248457,296.6757445019456
2006-12-24 17:00:00,287.5138701452129,288.7034971122565
2006-12-24 18:00:00,286.8516234176001,288.07290129815857
2006-12-24 20:00:00,285.7678050318925,287.01890049068885
2006-12-24 21:00:00,285.2235332894582,286.45193968127796
2006-12-25 05:00:00,294.9985644512441,292.5329340154475
2006-12-25 06:00:00,298.8296273676751,294.6094817174785
2006-12-25 08:00:00,303.8650876414059,297.1298515190513
2006-12-25 09:00:00,304.14062847966215,297.56084443314234
2006-12-25 17:00:00,290.62417985772134,291.2281079167394
2006-12-25 18:00:00,289.8527992848072,290.5015604639274
2006-12-25 20:00:00,288.7550487077475,289.621708427629
2006-12-25 21:00:00,288.12738516738494,289.01961765377473
2006-12-26 05:00:00,294.9887638650433,292.50858766529336
2006-12-26 06:00:00,297.7612878361542,293.95116442193967
2006-12-26 08:00:00,301.35068400284547,295.3502612944193
2006-12-26 09:00:00,303.5268277725196,296.5921798964679
2006-12-26 17:00:00,287.59239048656593,288.0742886253792
2006-12-26 18:00:00,286.7343072171204,287.3931055054275
2006-12-26 20:00:00,285.77224776116657,286.6885771200359
2006-12-26 21:00:00,285.34110214162865,286.2863039742633
2006-12-27 05:00:00,293.54711556691785,290.8587621797583
2006-12-27 06:00:00,298.12001670049773,292.72791535975574
2006-12-27 08:00:00,301.66303263753883,294.2270700604596
2006-12-27 09:00:00,301.8366626804158,294.75273014768067
2006-12-27 17:00:00,284.76747197179105,285.6258614044895
2006-12-27 18:00:00,283.81432917378896,284.7977600802994
2006-12-27 20:00:00,282.17863506675684,283.4507115250927
2006-12-27 21:00:00,281.374887945472,282.77135558047536
2006-12-28 05:00:00,293.7713737781683,289.17397034443763
2006-12-28 06:00:00,298.9176811606197,291.30904048690445
2006-12-28 08:00:00,303.44912369409224,293.94787346086076
2006-12-28 09:00:00,303.51032079570285,294.6640630877808
2006-12-28 17:00:00,283.42264076080085,284.91598870464026
2006-12-28 18:00:00,282.3073635483376,283.9383553856143
2006-12-28 20:00:00,280.47497549189256,282.4309800299364
2006-12-28 21:00:00,279.78659549001924,281.9249650811194
2006-12-29 05:00:00,294.2412339079729,291.29231060010443
2006-12-29 06:00:00,298.56537227307336,293.53507064560716
2006-12-29 08:00:00,303.43724986401105,295.6365642341884
2006-12-29 09:00:00,303.9155207370941,296.2476410476379
2006-12-29 17:00:00,283.66135099672573,288.63144007889997
2006-12-29 18:00:00,282.7434892463391,287.9178939842847
2006-12-29 20:00:00,281.76760405788804,283.80691784592733
2006-12-29 21:00:00,281.4167275685926,283.23055846885836
2006-12-30 05:00:00,296.5910265765315,293.1686425583756
2006-12-30 06:00:00,300.54555042425545,294.7622622356209
2006-12-30 08:00:00,303.79805253650443,296.42436968269993
2006-12-30 09:00:00,303.7724469718287,296.85640104085167
2006-12-30 17:00:00,284.94915364740075,286.53571927345405
2006-12-30 18:00:00,283.65970036722666,285.74112418105676
2006-12-30 20:00:00,281.50846333790264,285.65632337855266
2006-12-30 21:00:00,280.75206332214077,285.21898278470036
2006-12-31 05:00:00,297.02514020687624,292.30467548576087
2006-12-31 06:00:00,300.59750937533863,293.96266651594397
2006-12-31 08:00:00,303.28852171817067,295.6138221964079
2006-12-31 09:00:00,303.0697707071878,295.97764980039904
2006-12-31 17:00:00,285.01985434133945,286.4644242391014
2006-12-31 18:00:00,283.7136348965355,285.6847080648038
2006-12-31 20:00:00,282.0227146707074,283.54388789807336
2006-12-31 21:00:00,281.5560677033176,283.09364142513425
