datetime_utc,skt,t2m
2002-01-01 05:00:00,294.5242714668827,291.5287619004448
2002-01-01 06:00:00,298.7157730079028,293.59694689264285
2002-01-01 08:00:00,303.16101969996663,295.6178566296406
2002-01-01 09:00:00,303.6936153182631,296.07703518389917
2002-01-01 17:00:00,285.0017801528719,286.48899575631685
2002-01-01 18:00:00,284.0375809867871,285.71475217375445
2002-01-01 20:00:00,282.4368966782956,284.40698500811044
2002-01-01 21:00:00,281.91240274814317,283.93050766578995
2002-01-02 05:00:00,293.67874199583645,290.77677195685675
2002-01-02 06:00:00,298.086848066474,293.2275842510864
2002-01-02 08:00:00,303.3211277049202,295.6756486466559
2002-01-02 09:00:00,304.06045647431597,296.17020316337033
2002-01-02 17:00:00,285.27000777563444,286.68611822142987
2002-01-02 18:00:00,284.3825315642982,285.9562976290522
2002-01-02 20:00:00,282.74600617066375,284.55626185906505
2002-01-02 21:00:00,281.91494050341873,283.69718782633595
2002-01-03 05:00:00,293.21977990948363,290.1984005826647
2002-01-03 06:00:00,297.3766725654778,292.37429207682794
2002-01-03 08:00:00,302.67552518918075,294.82800278862015
2002-01-03 09:00:00,303.4761910225467,295.4040914338616
2002-01-03 17:00:00,285.34450108979263,286.77866374105446
2002-01-03 18:00:00,284.4079904659136,286.0209628488691
2002-01-03 20:00:00,282.6422680588827,284.3403092723782
2002-01-03 21:00:00,281.8531819536065,283.52003859885855
2002-01-04 05:00:00,292.8004765914659,289.7424172517515
2002-01-04 06:00:00,296.90023791955326,291.8559922510744
2002-01-04 08:00:00,302.09151871362343,294.5093292095261
2002-01-04 09:00:00,302.839993422498,295.16842966417687
2002-01-04 17:00:00,284.7488572130953,286.2358057054423
2002-01-04 18:00:00,283.88726134219417,285.3765414198301
2002-01-04 20:00:00,282.51442376417447,283.976646082427
2002-01-04 21:00:00,281.89929340286136,283.30200959427515
2002-01-05 05:00:00,292.9835554925246,289.460907194023
2002-01-05 06:00:00,297.15223646825194,291.3877792711067
2002-01-05 08:00:00,302.2917395828318,293.80847910923654
2002-01-05 09:00:00,302.8836474778656,294.46059061529456
2002-01-05 17:00:00,284.6603860252627,286.0352222225148
2002-01-05 18:00:00,283.7657713103919,285.2406714487884
2002-01-05 20:00:00,282.314769868307,283.8261418981802
2002-01-05 21:00:00,281.6468695359898,283.15195875358876
2002-01-06 05:00:00,292.55395228028846,289.2952384302171
2002-01-06 06:00:00,296.54990068385706,291.23444174838545
2002-01-06 08:00:00,301.81730049967956,293.7495930440988
2002-01-06 09:00:00,302.6914753730198,294.42044161427737
2002-01-06 17:00:00,284.8199499333034,286.179133834016
2002-01-06 18:00:00,283.9622697874284,285.49690874331907
2002-01-06 20:00:00,282.4610168033829,284.01808667293136
2002-01-06 21:00:00,281.7789960017741,283.27607769370996
2002-01-07 05:00:00,292.8744648843774,289.67937656396714
2002-01-07 06:00:00,297.1800926690476,291.7830683351114
2002-01-07 08:00:00,303.0216495649106,294.3658111525243
2002-01-07 09:00:00,303.9786863165387,294.9904774341084
2002-01-07 17:00:00,284.75914784388846,286.113597993307
2002-01-07 18:00:00,283.70167226453407,285.1106844580229
2002-01-07 20:00:00,282.2710085547026,283.73236286180963
2002-01-07 21:00:00,281.68956941154966,283.14910148068094
2002-01-08 05:00:00,293.2009914498116,289.83034020469444
2002-01-08 06:00:00,296.9600418866691,291.5151664369463
2002-01-08 08:00:00,301.6116614672363,293.42584378987505
2002-01-08 09:00:00,302.3268978783089,294.04822024211677
2002-01-08 17:00:00,284.27519341279253,285.8019333003299
2002-01-08 18:00:00,283.1871435697347,284.84942436512154
2002-01-08 20:00:00,281.0572992921427,282.7256843320027
2002-01-08 21:00:00,280.236150991384,281.9838539440937
2002-01-09 05:00:00,292.6532597710796,289.79502332596275
2002-01-09 06:00:00,296.0935147466204,291.5709098733629
2002-01-09 08:00:00,300.77520399284657,294.17533091587717
2002-01-09 09:00:00,301.69653640065246,294.90947115623345
2002-01-09 17:00:00,284.3221476221305,285.92480715617927
2002-01-09 18:00:00,283.30804810134583,285.09050234660896
2002-01-09 20:00:00,281.5170917951822,283.4765490045533
2002-01-09 21:00:00,280.7418221824893,282.76980205236123
2002-01-10 05:00:00,294.076885276289,290.8503181915989
2002-01-10 06:00:00,298.2319744797811,292.9039160635879
2002-01-10 08:00:00,303.8308744974239,295.9651725310574
2002-01-10 09:00:00,304.8783199739383,296.7243488000244
2002-01-10 17:00:00,285.08718368929965,286.71652188763966
2002-01-10 18:00:00,283.5331082806932,285.880598964603
2002-01-10 20:00:00,281.09261887466596,285.88261366551757
2002-01-10 21:00:00,280.2845656243605,285.7268015386878
2002-01-11 05:00:00,298.5886971072533,293.1748786303222
2002-01-11 06:00:00,303.7489276292328,295.3254926120188
2002-01-11 08:00:00,307.6024844694211,297.5827914386391
2002-01-11 09:00:00,307.5649704896431,298.329527609521
2002-01-11 17:00:00,286.508996901784,288.47504383904175
2002-01-11 18:00:00,285.30420688341144,287.4732611704681
2002-01-11 20:00:00,283.30897136388467,285.66179147964266
2002-01-11 21:00:00,282.6708202626562,285.0860637788229
2002-01-12 05:00:00,299.43309324290976,295.3304704334042
2002-01-12 06:00:00,303.6844599978032,297.55058095782124
2002-01-12 08:00:00,308.00525116295955,299.86441324524964
2002-01-12 09:00:00,308.24353685658224,300.4300806548085
2002-01-12 17:00:00,286.6324709523441,291.0335543827945
2002-01-12 18:00:00,285.1951918403614,291.5205034158998
2002-01-12 20:00:00,283.29017063134995,290.6010407152455
2002-01-12 21:00:00,282.70462955421954,289.08063665780884
2002-01-13 05:00:00,298.894238911351,296.5764630380874
2002-01-13 06:00:00,303.7223931828339,299.02771026658354
2002-01-13 08:00:00,307.9802226344316,301.4888500572169
2002-01-13 09:00:00,308.18585223887106,302.040832801666
2002-01-13 17:00:00,288.50134959169463,289.98579404387164
2002-01-13 18:00:00,286.57438666721345,289.5329271971904
2002-01-13 20:00:00,284.35897359274935,286.9290715997869
2002-01-13 21:00:00,283.9126436442183,286.5530270898287
2002-01-14 05:00:00,297.9262951820033,295.2490377558398
2002-01-14 06:00:00,301.6125676606212,296.93150534137555
2002-01-14 08:00:00,306.175861681922,299.47019502378214
2002-01-14 09:00:00,306.46229546169286,299.92258849533386
2002-01-14 17:00:00,291.37573213974025,292.44102327555464
2002-01-14 18:00:00,290.74090503287056,291.9009100586314
2002-01-14 20:00:00,289.9649032569262,291.30537325208104
2002-01-14 21:00:00,289.39803216637375,290.73761527086447
2002-01-15 05:00:00,292.38181240275753,292.1722695654824
2002-01-15 06:00:00,294.6391147090401,293.48131094581356
2002-01-15 08:00:00,294.93880050024376,293.48665020535657
2002-01-15 09:00:00,293.6943710397682,292.8498897229211
2002-01-15 17:00:00,288.32530595635416,289.9150146813532
2002-01-15 18:00:00,287.1912850731143,288.74996722534365
2002-01-15 20:00:00,285.44847809919406,286.8217144982289
2002-01-15 21:00:00,284.3843423523043,285.70275798968066
2002-01-16 05:00:00,295.79916779175744,292.2193898111353
2002-01-16 06:00:00,299.63985620625033,293.7446104734447
2002-01-16 08:00:00,303.50391128140353,294.9255858951798
2002-01-16 09:00:00,303.7022131168971,295.27681667521847
2002-01-16 17:00:00,286.2131434177581,287.3494488403133
2002-01-16 18:00:00,285.64053859622527,286.8304283012778
2002-01-16 20:00:00,284.7252516783257,285.77332180123113
2002-01-16 21:00:00,284.2840508459529,285.2003833788385
2002-01-17 05:00:00,292.96362852499186,289.9999208141732
2002-01-17 06:00:00,296.02133479654697,291.4973721496864
2002-01-17 08:00:00,296.05634483020003,291.0462173673515
2002-01-17 09:00:00,295.72794354972194,291.13855128589506
2002-01-17 17:00:00,286.2888970279547,286.5605142649223
2002-01-17 18:00:00,285.647480357777,285.9818914146012
2002-01-17 20:00:00,284.58488464355474,285.0887858151287
2002-01-17 21:00:00,284.3156870649482,284.83902160926664
2002-01-18 05:00:00,290.70083390105117,288.191495733746
2002-01-18 06:00:00,294.2782420436113,289.4968816818919
2002-01-18 08:00:00,297.4487789489088,290.3661720264123
2002-01-18 09:00:00,297.3525850269571,290.64693828283
2002-01-18 17:00:00,282.7334200443215,283.77968464573655
2002-01-18 18:00:00,281.9434637413554,283.13319185371574
2002-01-18 20:00:00,280.7051903441067,282.11518107503883
2002-01-18 21:00:00,280.2266119676305,281.6483539410843
2002-01-19 05:00:00,292.694712775514,288.1035210560944
2002-01-19 06:00:00,296.1372700648609,289.3696930448888
2002-01-19 08:00:00,300.7511680379671,291.31493990153126
2002-01-19 09:00:00,300.3271450989052,291.54613373790204
2002-01-19 17:00:00,283.7625019326232,284.6608950904411
2002-01-19 18:00:00,282.8253976736671,283.8903279355935
2002-01-19 20:00:00,281.943957876902,283.2517837030678
2002-01-19 21:00:00,281.35009365934064,282.6909547168044
2002-01-20 05:00:00,292.45262914813355,289.07620754153777
2002-01-20 06:00:00,295.95927572617734,290.3882615334815
2002-01-20 08:00:00,300.2255005447082,291.9937576270434
2002-01-20 09:00:00,300.2933492557661,292.37431478867734
2002-01-20 17:00:00,282.23389149152996,283.7236662689821
2002-01-20 18:00:00,281.47104149863975,283.0803552753936
2002-01-20 20:00:00,280.39412549317166,282.10807019720096
2002-01-20 21:00:00,279.97724547775573,281.6842620802587
2002-01-21 05:00:00,292.6292580015303,288.80075785632494
2002-01-21 06:00:00,296.79557471135735,290.48540462734894
2002-01-21 08:00:00,301.597851886955,291.91729828021926
2002-01-21 09:00:00,301.6948168127122,292.3290212951566
2002-01-21 17:00:00,282.500112054528,283.7309926037429
2002-01-21 18:00:00,281.7377748180795,283.13053129927954
2002-01-21 20:00:00,280.72807257935887,282.3160260969024
2002-01-21 21:00:00,280.27738188521704,281.8873336862526
2002-01-22 05:00:00,291.72310893524593,287.96033866894084
2002-01-22 06:00:00,295.8777662139093,289.9707249669338
2002-01-22 08:00:00,301.0751268477947,291.83198594385743
2002-01-22 09:00:00,301.8826126075122,292.42252851818296
2002-01-22 17:00:00,282.7378498894408,284.0010230677153
2002-01-22 18:00:00,281.84866941948707,283.2730110062657
2002-01-22 20:00:00,280.0732337704792,281.63745928324977
2002-01-22 21:00:00,279.3150939706294,281.03726384378916
2002-01-23 05:00:00,293.2880702790201,288.98758651662865
2002-01-23 06:00:00,297.43822771962874,290.5287555759236
2002-01-23 08:00:00,302.20310127716766,293.2061299234399
2002-01-23 09:00:00,302.15830916065283,293.8960943001628
2002-01-23 17:00:00,282.7699497264045,284.5086105182101
2002-01-23 18:00:00,281.7262712663789,283.66257287541225
2002-01-23 20:00:00,280.11365164593667,282.200188705844
2002-01-23 21:00:00,279.51355972642705,281.61203978645784
2002-01-24 05:00:00,295.8118858631293,290.2459290538253
2002-01-24 06:00:00,299.97364468567173,292.0099081735949
2002-01-24 08:00:00,303.2599690441725,294.2565247193324
2002-01-24 09:00:00,303.0889775962418,294.8679794758237
2002-01-24 17:00:00,282.91541662936214,286.59374701407364
2002-01-24 18:00:00,281.6473201992699,287.0947186392151
2002-01-24 20:00:00,280.0702344427124,285.4188673257461
2002-01-24 21:00:00,279.5654774858331,284.10576520311446
2002-01-25 05:00:00,295.04407956163027,293.2685066775659
2002-01-25 06:00:00,299.2796373176281,294.84569496660276
2002-01-25 08:00:00,301.2365156505802,296.0378129250831
2002-01-25 09:00:00,300.7355308356381,296.14724251816193
2002-01-25 17:00:00,287.07354473002334,288.62325130515546
2002-01-25 18:00:00,286.6129089261424,288.14770470194526
2002-01-25 20:00:00,286.2671778697997,287.8458352346083
2002-01-25 21:00:00,285.95790001350485,287.2685313878698
2002-01-26 05:00:00,295.0238196515523,291.79129065938287
2002-01-26 06:00:00,299.19530438862523,293.470508193382
2002-01-26 08:00:00,302.03978970238165,294.3107692442249
2002-01-26 09:00:00,301.63377601376664,294.43598164468773
2002-01-26 17:00:00,284.0639379469015,285.6387002765673
2002-01-26 18:00:00,283.3342046987478,285.0199642093229
2002-01-26 20:00:00,282.1899775900348,284.0913865334815
2002-01-26 21:00:00,281.6865831795385,283.5930060105992
2002-01-27 05:00:00,293.83983060722176,289.9397552913437
2002-01-27 06:00:00,297.22001055466194,291.1066480028244
2002-01-27 08:00:00,299.68525735769873,292.12473009106554
2002-01-27 09:00:00,299.58416157914974,292.3981536489055
2002-01-27 17:00:00,282.38587528458,283.9869723562467
2002-01-27 18:00:00,281.42895164548526,283.1962040693992
2002-01-27 20:00:00,279.36694728575065,281.3543501091297
2002-01-27 21:00:00,278.3267195691313,280.9104995139758
2002-01-28 05:00:00,295.7073800626264,289.9399451915582
2002-01-28 06:00:00,298.4364306386704,291.1073121245727
2002-01-28 08:00:00,301.7138267246711,292.7187600863182
2002-01-28 09:00:00,301.83841205708603,293.05676445865487
2002-01-28 17:00:00,281.80839007220396,283.468967808046
2002-01-28 18:00:00,280.6347933447416,282.5612387635124
2002-01-28 20:00:00,278.71551671197125,280.67557543268185
2002-01-28 21:00:00,278.01423489845405,279.99968177548544
2002-01-29 05:00:00,292.9028615378452,288.8182545619312
2002-01-29 06:00:00,297.31313628445054,290.45837823194796
2002-01-29 08:00:00,302.138314151617,291.95290824995936
2002-01-29 09:00:00,302.1726313092859,292.4178124238236
2002-01-29 17:00:00,281.8460158478865,283.4359570989623
2002-01-29 18:00:00,280.9556250197494,282.68238903451225
2002-01-29 20:00:00,279.65811665069157,281.6819855817845
2002-01-29 21:00:00,279.2276893698012,281.3438629949772
2002-01-30 05:00:00,292.9680991385861,288.614427516567
2002-01-30 06:00:00,296.79482103532933,289.9958920471474
2002-01-30 08:00:00,301.86749700184777,292.0851519662537
2002-01-30 09:00:00,302.3427198083816,292.70861788192775
2002-01-30 17:00:00,280.91608834523817,283.8534957580096
2002-01-30 18:00:00,279.5580347704777,284.1752734309169
2002-01-30 20:00:00,277.6953598516197,282.3757219593771
2002-01-30 21:00:00,277.1044656198087,280.07275912574335
2002-01-31 05:00:00,293.79552994597304,289.54830619917817
2002-01-31 06:00:00,297.9114942271463,291.21430536631624
2002-01-31 08:00:00,302.6639440269059,293.3622054936155
2002-01-31 09:00:00,303.2107720514659,293.97939153591915
2002-01-31 17:00:00,283.742440692449,285.29263616012315
2002-01-31 18:00:00,282.8346752760406,284.57659376053306
2002-01-31 20:00:00,281.21584253061354,283.1648473754319
2002-01-31 21:00:00,280.4347460354421,282.4645580885407
2002-02-01 05:00:00,294.5481551160063,291.05420175796297
2002-02-01 06:00:00,298.9330686736732,293.19671344022356
2002-02-01 08:00:00,304.3058779676817,295.3104907772023
2002-02-01 09:00:00,305.217024839898,295.99145296211424
2002-02-01 17:00:00,285.13045909628846,286.59815179622046
2002-02-01 18:00:00,284.1222373597978,285.76443180501553
2002-02-01 20:00:00,281.9695577988823,283.95475470450333
2002-02-01 21:00:00,281.0179753472515,283.2781069950991
2002-02-02 05:00:00,298.15941860863165,293.6647301249218
2002-02-02 06:00:00,302.3611043451013,295.6376222160821
2002-02-02 08:00:00,305.5217783829464,297.40582616303476
2002-02-02 09:00:00,305.3176905274942,297.746050936048
2002-02-02 17:00:00,284.91739150225106,287.369562604578
2002-02-02 18:00:00,283.8821515757792,286.52338405897143
2002-02-02 20:00:00,283.39050445791753,285.6340087279333
2002-02-02 21:00:00,283.1162203890149,284.9756426230785
2002-02-03 05:00:00,293.6021429452764,290.5135480648564
2002-02-03 06:00:00,297.737482832099,292.577638952317
2002-02-03 08:00:00,302.4566486517344,294.7407199054359
2002-02-03 09:00:00,302.961047015315,295.34452603520896
2002-02-03 17:00:00,283.38468944861086,285.1066583477661
2002-02-03 18:00:00,282.4060514006299,284.3284669473469
2002-02-03 20:00:00,280.688832757653,282.84411451812883
2002-02-03 21:00:00,279.84995357942506,282.0603751724784
2002-02-04 05:00:00,294.2314965669841,290.31243856515283
2002-02-04 06:00:00,298.81811375316744,292.44675757080455
2002-02-04 08:00:00,304.71823867774344,295.58140460515426
2002-02-04 09:00:00,305.54948705076623,296.35526422579966
2002-02-04 17:00:00,287.0789977369029,288.44745103456944
2002-02-04 18:00:00,286.13666695475763,287.69260231335466
2002-02-04 20:00:00,285.6530372607873,287.37436331585855
2002-02-04 21:00:00,285.49056122813647,287.10196383671695
2002-02-05 05:00:00,295.40904043047743,292.48083195149997
2002-02-05 06:00:00,299.4990585867907,294.7157340733039
2002-02-05 08:00:00,305.4630953608015,297.2716371509805
2002-02-05 09:00:00,306.92972485934644,298.29469155897897
2002-02-05 17:00:00,287.3938364931174,289.03134860610373
2002-02-05 18:00:00,286.0644087828179,287.7795443542198
2002-02-05 20:00:00,283.34832427461265,286.79943142319314
2002-02-05 21:00:00,282.19649708987384,284.9979772347331
2002-02-06 05:00:00,298.7422420695677,293.3572746476701
2002-02-06 06:00:00,303.87152558078384,295.4675434036137
2002-02-06 08:00:00,307.58973439926365,297.18008596834676
2002-02-06 09:00:00,307.3312110136764,297.6692095082052
2002-02-06 17:00:00,286.40533842254314,287.93185234363716
2002-02-06 18:00:00,285.33027324470794,286.96446764083413
2002-02-06 20:00:00,283.4294374110335,285.31898223453754
2002-02-06 21:00:00,282.52281593358026,284.48215356482933
2002-02-07 05:00:00,294.1759095272776,290.3226989605027
2002-02-07 06:00:00,298.29852264357277,292.15024908738803
2002-02-07 08:00:00,302.7391083751143,294.18179991359153
2002-02-07 09:00:00,302.8448862272712,294.57223543657915
2002-02-07 17:00:00,283.28049124554605,284.88281656744306
2002-02-07 18:00:00,282.3316896788328,284.10919859523216
2002-02-07 20:00:00,280.4131927960459,282.23663861431953
2002-02-07 21:00:00,279.6514788423371,281.548421803902
2002-02-08 05:00:00,293.785880536989,290.0454831586229
2002-02-08 06:00:00,298.15299705658197,291.65884251293306
2002-02-08 08:00:00,303.7263552955192,293.2230985903042
2002-02-08 09:00:00,304.3659877218708,293.7156272852917
2002-02-08 17:00:00,282.87046487158733,284.2783771861683
2002-02-08 18:00:00,281.9632636777058,283.4661005193537
2002-02-08 20:00:00,280.1405354222091,281.70434462160836
2002-02-08 21:00:00,279.41047475664936,281.063716330036
2002-02-09 05:00:00,292.27816095337477,288.4863150997779
2002-02-09 06:00:00,296.30414368522185,290.3313234443841
2002-02-09 08:00:00,300.5474755708903,292.2605227806902
2002-02-09 09:00:00,300.9940301457245,292.79752795391346
2002-02-09 17:00:00,282.54543825217127,283.8727624831472
2002-02-09 18:00:00,281.81214700237445,283.150741835772
2002-02-09 20:00:00,280.4185322436787,281.7126467429986
2002-02-09 21:00:00,279.79771747794837,281.1272456282277
2002-02-10 05:00:00,290.9871404615499,287.56079491848936
2002-02-10 06:00:00,295.28852992359043,289.7838744176738
2002-02-10 08:00:00,300.7088367950017,292.9390301344391
2002-02-10 09:00:00,300.5669256366089,293.5575369906903
2002-02-10 17:00:00,283.91926939131116,284.6089751444906
2002-02-10 18:00:00,283.07419241742105,283.90393687102755
2002-02-10 20:00:00,282.6777517262887,283.0329970255471
2002-02-10 21:00:00,281.75521954035355,282.2240566964877
2002-02-11 05:00:00,284.3345677826915,284.04240074216494
2002-02-11 06:00:00,287.9256809510876,285.6159672906109
2002-02-11 08:00:00,296.3932528973361,289.3978721724453
2002-02-11 09:00:00,298.1897602757247,290.62194584404193
2002-02-11 17:00:00,281.4839682556999,283.5172499317234
2002-02-11 18:00:00,280.5279689136381,282.6860047327168
2002-02-11 20:00:00,279.5580322077535,281.8715985596456
2002-02-11 21:00:00,279.15687097863906,281.35012119099247
2002-02-12 05:00:00,296.2232840468961,291.23230323732724
2002-02-12 06:00:00,300.4502028125828,292.8553642425772
2002-02-12 08:00:00,303.96644357172846,294.7246031915462
2002-02-12 09:00:00,303.9083751331676,295.2674796129412
2002-02-12 17:00:00,283.64381093640907,285.139536994264
2002-02-12 18:00:00,282.771305924755,284.250168081792
2002-02-12 20:00:00,281.3265859077818,282.83605820666116
2002-02-12 21:00:00,280.76565248462936,282.26274292274326
2002-02-13 05:00:00,295.0327612549205,290.4969767377998
2002-02-13 06:00:00,298.7025599780913,292.34115584128074
2002-02-13 08:00:00,302.8420058663343,294.72192197073775
2002-02-13 09:00:00,303.2275320561531,295.38626601773166
2002-02-13 17:00:00,284.50758208993403,285.7640111185553
2002-02-13 18:00:00,283.57212328800614,284.8861365413813
2002-02-13 20:00:00,282.03634805782184,283.53609505346265
2002-02-13 21:00:00,281.29049917729503,282.84464095810716
2002-02-14 05:00:00,295.62523779259254,291.24957759721985
2002-02-14 06:00:00,299.7879053007106,293.05192779870174
2002-02-14 08:00:00,305.3794926436179,295.84551122633076
2002-02-14 09:00:00,306.0654167798341,296.701427301016
2002-02-14 17:00:00,285.4851959886831,287.1582867544494
2002-02-14 18:00:00,284.2131575950305,286.0775880034789
2002-02-14 20:00:00,281.64578042522606,285.3592775929691
2002-02-14 21:00:00,280.87598051238683,284.4080921284774
2002-02-15 05:00:00,297.94806526548507,293.50355398122264
2002-02-15 06:00:00,302.10128358626406,295.5475286357392
2002-02-15 08:00:00,306.9280549506377,298.0353278584767
2002-02-15 09:00:00,307.45173706148734,298.7057350523116
2002-02-15 17:00:00,287.8284390865379,289.3972734824535
2002-02-15 18:00:00,286.92861882049607,288.65494898250915
2002-02-15 20:00:00,285.3961440264169,287.30276569196
2002-02-15 21:00:00,284.7448998496786,286.6315333714654
2002-02-16 05:00:00,298.4777584693098,295.22732170116734
2002-02-16 06:00:00,302.88354962412126,297.57777268420017
2002-02-16 08:00:00,308.33018173899603,300.2878576669561
2002-02-16 09:00:00,309.0625108151664,301.0024362102679
2002-02-16 17:00:00,286.7592036125289,289.68744498371893
2002-02-16 18:00:00,285.9889204733545,288.27232572440926
2002-02-16 20:00:00,285.43780505822514,287.7116054070566
2002-02-16 21:00:00,285.1796208691708,287.3108733519568
2002-02-17 05:00:00,300.16091382889243,296.5088079655299
2002-02-17 06:00:00,304.22766284913234,298.39979499146824
2002-02-17 08:00:00,308.65330053955455,300.0080905908429
2002-02-17 09:00:00,308.8986650181845,300.414346797808
2002-02-17 17:00:00,289.03187356487445,290.8449635086883
2002-02-17 18:00:00,287.61947718827497,289.4489618662877
2002-02-17 20:00:00,285.3874057716875,290.1338431383318
2002-02-17 21:00:00,284.62476683912,289.6758915176745
2002-02-18 05:00:00,301.4366331409049,297.277567859056
2002-02-18 06:00:00,306.1576134868322,299.4980357071652
2002-02-18 08:00:00,312.07854533379174,301.87932978131926
2002-02-18 09:00:00,312.39010272150966,302.29605083730075
2002-02-18 17:00:00,290.4204892010094,292.1296296435622
2002-02-18 18:00:00,289.1727583639795,291.0398878382608
2002-02-18 20:00:00,287.0446049906256,289.06300443346584
2002-02-18 21:00:00,286.3985651659856,288.452466497436
2002-02-19 05:00:00,304.3700367790893,297.97416729331934
2002-02-19 06:00:00,308.98750472105525,300.14787946092696
2002-02-19 08:00:00,311.7806617489949,301.884461483713
2002-02-19 09:00:00,311.8252881818633,302.3117487926513
2002-02-19 17:00:00,290.5252352627841,292.2129485566737
2002-02-19 18:00:00,289.43458561831153,291.29800318643015
2002-02-19 20:00:00,287.581847298127,289.6362196300724
2002-02-19 21:00:00,286.61400715926396,288.62206330615305
2002-02-20 05:00:00,302.3485219570448,297.31929220661
2002-02-20 06:00:00,307.1861428612002,299.057389927939
2002-02-20 08:00:00,310.88757688642835,300.81762441391203
2002-02-20 09:00:00,310.67801293606755,301.2367557002511
2002-02-20 17:00:00,290.1274067506952,291.7610359368229
2002-02-20 18:00:00,288.564080965721,291.3957016626014
2002-02-20 20:00:00,286.40240438546533,289.4130258663043
2002-02-20 21:00:00,285.69275059869,288.1693371741908
2002-02-21 05:00:00,302.0515161405543,298.1055654281828
2002-02-21 06:00:00,306.5481831884164,299.9094193139686
2002-02-21 08:00:00,311.31216715149964,301.9432409724396
2002-02-21 09:00:00,311.75066134742303,302.4050197278039
2002-02-21 17:00:00,293.7868395836217,294.6884487487135
2002-02-21 18:00:00,292.27453719081785,293.2966886734925
2002-02-21 20:00:00,290.3155782784813,291.99331627421094
2002-02-21 21:00:00,289.24831697202427,291.18311858801707
2002-02-22 05:00:00,302.2752315480096,298.7345175956174
2002-02-22 06:00:00,306.76954408713226,301.0348574927849
2002-02-22 08:00:00,312.05767272102815,303.60871727330664
2002-02-22 09:00:00,311.5515179509191,303.8332744768846
2002-02-22 17:00:00,292.1136952122481,294.48816656221413
2002-02-22 18:00:00,290.4911109207224,293.8457258133381
2002-02-22 20:00:00,288.55050941314465,293.4541913754033
2002-02-22 21:00:00,288.2709538440675,293.1130413649079
2002-02-23 05:00:00,304.60147597866916,298.54546837005853
2002-02-23 06:00:00,308.92547464003366,300.14466554615274
2002-02-23 08:00:00,312.9197657604247,302.1032668761737
2002-02-23 09:00:00,312.5459012588477,302.64097407124996
2002-02-23 17:00:00,291.58070446419975,292.82383431785837
2002-02-23 18:00:00,290.4820552173491,291.7533786814826
2002-02-23 20:00:00,289.0244168368253,290.3106459748396
2002-02-23 21:00:00,288.54955659698817,289.6591461134619
2002-02-24 05:00:00,300.68735107986146,295.1067688035304
2002-02-24 06:00:00,304.77952371135876,296.89118828207756
2002-02-24 08:00:00,309.6046870720956,298.8811574974119
2002-02-24 09:00:00,309.78610791410614,299.33124082591763
2002-02-24 17:00:00,290.867315213008,291.35386596585647
2002-02-24 18:00:00,289.83096132440085,290.39711306532286
2002-02-24 20:00:00,288.0626362475849,288.8425710057992
2002-02-24 21:00:00,287.27847788477163,288.18460294608894
2002-02-25 05:00:00,302.82307897253287,295.0399675648459
2002-02-25 06:00:00,306.8290616874518,296.87221838623424
2002-02-25 08:00:00,310.5276924215591,299.0016377923669
2002-02-25 09:00:00,310.62247764458095,299.55164209021996
2002-02-25 17:00:00,289.4237051377495,290.7317513581968
2002-02-25 18:00:00,288.3144364085146,289.85469294990344
2002-02-25 20:00:00,286.6065753296087,288.1982429163482
2002-02-25 21:00:00,286.0762254806072,287.6336170308212
2002-02-26 05:00:00,298.9294362589832,295.1619846244072
2002-02-26 06:00:00,303.21968109177885,297.5183635411901
2002-02-26 08:00:00,308.8739994560442,299.95325755632166
2002-02-26 09:00:00,310.12638902002936,300.48366176328966
2002-02-26 17:00:00,290.80353897635484,291.7952300367076
2002-02-26 18:00:00,289.7491518323337,291.0585669236852
2002-02-26 20:00:00,288.6825057912865,290.39774497668435
2002-02-26 21:00:00,288.2630913827012,289.987946920292
2002-02-27 05:00:00,302.0735499495167,298.2061416085218
2002-02-27 06:00:00,306.84024214781306,300.6642146411773
2002-02-27 08:00:00,311.19441140855224,302.61407404871676
2002-02-27 09:00:00,310.8718870894751,302.79466101788955
2002-02-27 17:00:00,291.1754882295253,292.26917754703754
2002-02-27 18:00:00,290.2158597408348,291.33808720240427
2002-02-27 20:00:00,288.9494783139927,290.1975322893845
2002-02-27 21:00:00,288.2471402584129,289.469513433189
2002-02-28 05:00:00,302.23602092725287,297.23706882282846
2002-02-28 06:00:00,306.67901604274755,299.16516223784043
2002-02-28 08:00:00,312.9685482971473,301.8026413645693
2002-02-28 09:00:00,313.63647472693117,302.457782175214
2002-02-28 17:00:00,291.32140142267406,295.2392749051651
2002-02-28 18:00:00,290.20805384749076,295.0430307726279
2002-02-28 20:00:00,288.8939066036089,291.15774218731195
2002-02-28 21:00:00,288.6640672492687,291.054895950576
2002-03-01 05:00:00,305.6295910381206,301.172138255256
2002-03-01 06:00:00,309.56371414349144,303.1993340255667
2002-03-01 08:00:00,312.39433429641605,304.8761717292304
2002-03-01 09:00:00,312.24430306409647,305.1155216587343
2002-03-01 17:00:00,293.28612373716476,295.1266911628618
2002-03-01 18:00:00,292.4542146750334,294.3283611468064
2002-03-01 20:00:00,290.54066683588485,291.6040743929212
2002-03-01 21:00:00,289.38005016544383,290.4048181895299
2002-03-02 05:00:00,297.77246895482983,293.3700073195165
2002-03-02 06:00:00,301.2560837661908,295.01649282305556
2002-03-02 08:00:00,305.9956436274783,297.55137907007634
2002-03-02 09:00:00,304.7985043988573,297.7310487955854
2002-03-02 17:00:00,288.61686546666596,289.44368817956865
2002-03-02 18:00:00,287.6465281764238,288.6612087302656
2002-03-02 20:00:00,285.87526381952557,287.17981711741777
2002-03-02 21:00:00,284.87800934355135,286.33646020169255
2002-03-03 05:00:00,300.31964981243686,293.8852143368478
2002-03-03 06:00:00,304.112259028689,295.5566733996563
2002-03-03 08:00:00,308.8181129302744,297.77703027475417
2002-03-03 09:00:00,309.2584556967525,298.36960990917515
2002-03-03 17:00:00,288.66291555160734,289.8963789741504
2002-03-03 18:00:00,287.7373196641543,289.14272784452044
2002-03-03 20:00:00,286.21405835732105,287.7181434337457
2002-03-03 21:00:00,285.40754612715483,286.9739616405799
2002-03-04 05:00:00,301.94957687307397,295.16260017195174
2002-03-04 06:00:00,306.53269735139395,296.7778244606336
2002-03-04 08:00:00,311.28448483977,298.97325865476637
2002-03-04 09:00:00,311.2752341107338,299.6149618328077
2002-03-04 17:00:00,289.4792138615448,291.04488919438865
2002-03-04 18:00:00,287.914734827168,289.97099287741355
2002-03-04 20:00:00,285.4681805814911,289.9841572389765
2002-03-04 21:00:00,284.6644327078468,288.9036776832146
2002-03-05 05:00:00,303.3492437518433,297.4594029454494
2002-03-05 06:00:00,307.6910927512429,299.01125727155363
2002-03-05 08:00:00,313.0494049260355,301.4250938991553
2002-03-05 09:00:00,313.0140057344833,302.05739063327593
2002-03-05 17:00:00,290.78293634305936,292.396130107768
2002-03-05 18:00:00,289.55693051848095,291.36170978281643
2002-03-05 20:00:00,287.7201739812302,289.74702810984
2002-03-05 21:00:00,286.9676413749142,289.00873110731504
2002-03-06 05:00:00,303.7642667561724,298.34626130514044
2002-03-06 06:00:00,308.2321669192087,299.91096658809533
2002-03-06 08:00:00,314.6980715429838,301.8295454310342
2002-03-06 09:00:00,314.6265743825763,302.4477596900129
2002-03-06 17:00:00,291.3492868244189,292.8458192939935
2002-03-06 18:00:00,290.05407014209055,291.78037408908085
2002-03-06 20:00:00,287.8555192521247,289.96051309876526
2002-03-06 21:00:00,286.9570624729151,289.2031371788178
2002-03-07 05:00:00,302.51074127056205,298.7944849657902
2002-03-07 06:00:00,306.590357352846,300.78592313934
2002-03-07 08:00:00,311.78157918074834,302.6697095215596
2002-03-07 09:00:00,312.76057156649506,303.0939972205963
2002-03-07 17:00:00,291.0363781992202,292.8989569571426
2002-03-07 18:00:00,290.27856997826433,292.26194953624565
2002-03-07 20:00:00,289.33425701123724,291.4405244612731
2002-03-07 21:00:00,288.90238045103195,290.8155951125229
2002-03-08 05:00:00,301.6104767833175,298.09742200760337
2002-03-08 06:00:00,305.4265968781223,300.37059265512903
2002-03-08 08:00:00,310.5251857951536,303.2378857675796
2002-03-08 09:00:00,311.4357757098135,303.85326955645405
2002-03-08 17:00:00,292.65956221523203,296.11775226328524
2002-03-08 18:00:00,291.96162619098493,295.74784985088235
2002-03-08 20:00:00,290.28756864339067,292.339594319348
2002-03-08 21:00:00,289.4614710168589,291.3533641421373
2002-03-09 05:00:00,304.3238552898766,299.00447129541993
2002-03-09 06:00:00,308.3265300921189,300.73471367928573
2002-03-09 08:00:00,312.44093129961806,302.8564930402994
2002-03-09 09:00:00,311.3660600189068,303.0479060850452
2002-03-09 17:00:00,294.2898669602875,295.47893781617904
2002-03-09 18:00:00,293.3485680155468,294.6986256556812
2002-03-09 20:00:00,292.5379420957874,293.84816042484226
2002-03-09 21:00:00,291.8532657946571,292.9008249009519
2002-03-10 05:00:00,303.0644613069085,298.36156039245327
2002-03-10 06:00:00,306.8955506969857,300.2250555241237
2002-03-10 08:00:00,311.25714518072425,302.10270145457406
2002-03-10 09:00:00,311.46017148057564,302.4988171969798
2002-03-10 17:00:00,292.7529226811531,293.9694229149488
2002-03-10 18:00:00,291.93105557152234,293.2823531704801
2002-03-10 20:00:00,290.64389214420174,292.0345495191671
2002-03-10 21:00:00,289.9920011499814,291.2755510186194
2002-03-11 05:00:00,304.0223243607578,297.94998441675597
2002-03-11 06:00:00,308.506293862553,299.7416436381994
2002-03-11 08:00:00,312.02293722802216,301.7900616567932
2002-03-11 09:00:00,311.59426821104734,302.17594580510735
2002-03-11 17:00:00,292.11891712723605,293.4794192086383
2002-03-11 18:00:00,291.18094631483086,292.7522020619162
2002-03-11 20:00:00,289.94769670342447,291.7702804588941
2002-03-11 21:00:00,289.66235598430427,291.3734329059055
2002-03-12 05:00:00,305.06213959633664,298.8871937003819
2002-03-12 06:00:00,309.7420867778855,300.48084281368875
2002-03-12 08:00:00,314.50024432871487,303.29358215802256
2002-03-12 09:00:00,313.8974948642067,303.78574243201683
2002-03-12 17:00:00,292.9338746857019,294.4040208531455
2002-03-12 18:00:00,291.7044827500918,293.3606034148088
2002-03-12 20:00:00,289.3604770654523,294.0225388537203
2002-03-12 21:00:00,288.45587762441767,292.47292705236123
2002-03-13 05:00:00,305.17244636994116,299.97981534937315
2002-03-13 06:00:00,310.28496816015024,301.7854000144453
2002-03-13 08:00:00,315.7946978364778,304.0073925658992
2002-03-13 09:00:00,315.8073750218184,304.57296172202274
2002-03-13 17:00:00,293.91098017758696,295.1486502061088
2002-03-13 18:00:00,292.9237012819076,294.2997526806566
2002-03-13 20:00:00,291.36796069034995,293.0117493146006
2002-03-13 21:00:00,290.6473571589254,292.29254898047776
2002-03-14 05:00:00,305.6931372173762,300.13697511646524
2002-03-14 06:00:00,310.0196256005709,301.61695154128347
2002-03-14 08:00:00,315.84616063004836,303.0940531773266
2002-03-14 09:00:00,316.05675980343113,303.6196775039649
2002-03-14 17:00:00,295.2059455718759,296.01468941757605
2002-03-14 18:00:00,293.8856701725988,295.19203002647555
2002-03-14 20:00:00,292.18823971035664,293.3794641244944
2002-03-14 21:00:00,291.61143895694397,292.78983695995646
2002-03-15 05:00:00,307.4212699149533,299.7414111356339
2002-03-15 06:00:00,312.30309710627535,301.61005997621044
2002-03-15 08:00:00,315.09287782736664,303.75071417715964
2002-03-15 09:00:00,314.48366192786824,304.0397400466613
2002-03-15 17:00:00,292.07309070463725,294.61268904910804
2002-03-15 18:00:00,290.3163550190272,294.480902532216
2002-03-15 20:00:00,288.2038119511538,294.8077792739281
2002-03-15 21:00:00,287.4969096837683,294.7304581229235
2002-03-16 05:00:00,309.0016020317842,302.23455015867256
2002-03-16 06:00:00,312.3865132618391,303.75820899340334
2002-03-16 08:00:00,315.4496054157086,305.4634398943838
2002-03-16 09:00:00,315.3253914431909,305.7698392706402
2002-03-16 17:00:00,293.20148669038605,295.2415695307986
2002-03-16 18:00:00,291.996079713795,294.21420765363933
2002-03-16 20:00:00,290.8694567335038,293.5323469635151
2002-03-16 21:00:00,290.3240536071119,293.09291154247217
2002-03-17 05:00:00,308.371076469245,303.69980984586414
2002-03-17 06:00:00,312.2186688157186,305.1832702354584
2002-03-17 08:00:00,317.4538351332278,306.6350014426492
2002-03-17 09:00:00,317.91197138758395,306.97470525380095
2002-03-17 17:00:00,295.14891729369555,297.22318917907813
2002-03-17 18:00:00,293.89976177009856,296.3036344554648
2002-03-17 20:00:00,290.9395253515023,293.5860906051377
2002-03-17 21:00:00,289.6833044913223,292.6021207271629
2002-03-18 05:00:00,310.8044525522664,304.57084491183105
2002-03-18 06:00:00,315.45126401551516,306.26233704835863
2002-03-18 08:00:00,320.7740836121452,307.73625629818866
2002-03-18 09:00:00,321.1896078759239,308.07745434212944
2002-03-18 17:00:00,294.95715419022804,296.666888267858
2002-03-18 18:00:00,293.0090946849947,296.677272332284
2002-03-18 20:00:00,290.4371513049298,297.3389098838959
2002-03-18 21:00:00,289.5949408438614,296.87310673459467
2002-03-19 05:00:00,311.86938789261876,305.3594262309729
2002-03-19 06:00:00,316.64121776516157,306.9045295656554
2002-03-19 08:00:00,321.6056412519035,308.57390172455825
2002-03-19 09:00:00,321.59040893648734,308.920727299248
2002-03-19 17:00:00,296.26863076984426,297.7086384307438
2002-03-19 18:00:00,294.8180524123652,296.54742647943954
2002-03-19 20:00:00,292.232105437339,295.4751945460339
2002-03-19 21:00:00,291.20976019860785,294.4123952480605
2002-03-20 05:00:00,309.7575705224083,305.0076770753082
2002-03-20 06:00:00,314.08392190565866,306.91011827936154
2002-03-20 08:00:00,317.58319529105773,308.7071893395187
2002-03-20 09:00:00,317.558206237887,308.9072449717941
2002-03-20 17:00:00,295.70471092659085,297.8709744305015
2002-03-20 18:00:00,295.0340149207916,297.5620770329503
2002-03-20 20:00:00,295.62328765351896,298.0614782489136
2002-03-20 21:00:00,295.90111495901147,297.9974349011626
2002-03-21 05:00:00,309.832254747764,303.74571660634007
2002-03-21 06:00:00,309.93762667851377,302.02027317041245
2002-03-21 08:00:00,313.47147631534995,305.9149896654032
2002-03-21 09:00:00,314.4686244500253,306.43128334833034
2002-03-21 17:00:00,294.3341773081634,295.49925067354974
2002-03-21 18:00:00,293.5363492098722,294.8512747460411
2002-03-21 20:00:00,292.10716240505224,293.9353624293911
2002-03-21 21:00:00,291.4423582197522,293.3156525974833
2002-03-22 05:00:00,310.7017298200281,303.052885575728
2002-03-22 06:00:00,314.6992884843118,305.2165105787374
2002-03-22 08:00:00,317.20465043219286,307.0321889680413
2002-03-22 09:00:00,316.6161854983478,307.2684925708271
2002-03-22 17:00:00,295.1776190759221,297.04107875265584
2002-03-22 18:00:00,293.59813689009985,295.8725324962833
2002-03-22 20:00:00,291.51462567862825,293.99100067655917
2002-03-22 21:00:00,290.9021496177638,293.3413077473457
2002-03-23 05:00:00,309.46556874232596,303.28156902389645
2002-03-23 06:00:00,314.00238723637324,304.7422171476626
2002-03-23 08:00:00,318.5475792319088,307.2468856317788
2002-03-23 09:00:00,318.11977502855206,307.7897057907975
2002-03-23 17:00:00,296.6425150913891,298.7752887038127
2002-03-23 18:00:00,295.93325537636025,298.33208398569167
2002-03-23 20:00:00,295.10456570712006,297.5809627820972
2002-03-23 21:00:00,294.7176557637878,297.16805884503805
2002-03-24 05:00:00,307.4777523799009,303.4104441685376
2002-03-24 06:00:00,311.75253284142826,305.82696963458653
2002-03-24 08:00:00,316.14621759305936,307.8163913203682
2002-03-24 09:00:00,316.26004479735957,308.187288704565
2002-03-24 17:00:00,297.94058382713195,299.66182329033853
2002-03-24 18:00:00,297.2190858109156,299.0349388416449
2002-03-24 20:00:00,296.17056525984236,298.2767139546494
2002-03-24 21:00:00,295.7599354466231,297.9896452775905
2002-03-25 05:00:00,306.09368948209084,302.2639647073849
2002-03-25 06:00:00,310.36676911764044,304.45356244996816
2002-03-25 08:00:00,315.34641734918205,306.7496522924015
2002-03-25 09:00:00,315.5612537166555,307.09055926729974
2002-03-25 17:00:00,295.46619430565505,296.996168586249
2002-03-25 18:00:00,294.3494637464338,296.08637525561414
2002-03-25 20:00:00,293.2054175801564,294.9936962157075
2002-03-25 21:00:00,292.6571797516387,294.14578670272476
2002-03-26 05:00:00,308.04534242039284,301.74516997021414
2002-03-26 06:00:00,312.3387515357536,303.6632794584442
2002-03-26 08:00:00,316.4666252195009,305.2191843464856
2002-03-26 09:00:00,316.5521904191545,305.6149894585044
2002-03-26 17:00:00,295.2737258652509,296.77792917965746
2002-03-26 18:00:00,294.54348388107604,296.3037956249549
2002-03-26 20:00:00,293.9492130837933,295.79893672337704
2002-03-26 21:00:00,293.5861231211705,295.1927259589197
2002-03-27 05:00:00,308.3086438054113,302.58187308994763
2002-03-27 06:00:00,312.5468470451461,304.09455756377
2002-03-27 08:00:00,317.87373079320497,305.7288485910566
2002-03-27 09:00:00,318.1936206788238,306.23308639643926
2002-03-27 17:00:00,295.5295459529836,296.91621920875116
2002-03-27 18:00:00,294.3117188158315,295.90442402373844
2002-03-27 20:00:00,292.4790438988543,294.3861358125331
2002-03-27 21:00:00,291.6402350662302,293.58647012343215
2002-03-28 05:00:00,309.6072081579082,302.84070738805644
2002-03-28 06:00:00,314.06970344155525,304.09564272464706
2002-03-28 08:00:00,318.0196149029607,306.169099663733
2002-03-28 09:00:00,317.5388697784377,306.47773507563477
2002-03-28 17:00:00,294.45348601495544,296.39602632919343
2002-03-28 18:00:00,292.778411724167,295.22417340623946
2002-03-28 20:00:00,290.1861305178038,293.8314577170256
2002-03-28 21:00:00,289.24992262453804,294.1734946181851
2002-03-29 05:00:00,314.21591882455886,305.69126553528116
2002-03-29 06:00:00,317.2879824645714,306.93648518472685
2002-03-29 08:00:00,319.7284056394604,308.2651606061609
2002-03-29 09:00:00,319.47352764676276,308.49285700582027
2002-03-29 17:00:00,295.9607592143337,298.1813120790549
2002-03-29 18:00:00,294.98577763303217,297.4894664746771
2002-03-29 20:00:00,293.2516522047516,295.96556664982637
2002-03-29 21:00:00,292.4936513092558,295.36021529140385
2002-03-30 05:00:00,310.5729527642437,305.93649602340435
2002-03-30 06:00:00,314.1630356469765,307.6578853236876
2002-03-30 08:00:00,318.3812104917271,309.3694019993575
2002-03-30 09:00:00,318.9360910659579,309.7007188135744
2002-03-30 17:00:00,296.9782776208064,299.163652816796
2002-03-30 18:00:00,295.7446600586314,298.14242527848586
2002-03-30 20:00:00,293.6811621244222,296.37664710281445
2002-03-30 21:00:00,293.0057609804974,295.82490527795164
2002-03-31 05:00:00,310.9861812268273,306.1098408280242
2002-03-31 06:00:00,315.07742370699515,308.10301405990435
2002-03-31 08:00:00,319.84887333239544,310.36428830656695
2002-03-31 09:00:00,319.9048187302882,310.7190914300998
2002-03-31 17:00:00,298.60218841599755,300.6213843488179
2002-03-31 18:00:00,297.9608762532427,300.13828955886913
2002-03-31 20:00:00,297.1669741543857,299.26526939262783
2002-03-31 21:00:00,296.8293224975398,298.8641257499143
2002-04-01 05:00:00,311.02903430156977,306.4294278889849
2002-04-01 06:00:00,315.06520823521316,308.4390543510073
2002-04-01 08:00:00,320.9376075873941,309.9961532804375
2002-04-01 09:00:00,321.53840606642433,310.71636248149196
2002-04-01 17:00:00,298.6841864681391,300.5521966496308
2002-04-01 18:00:00,297.6563415057119,299.64588855337837
2002-04-01 20:00:00,295.77820936299986,298.04009339695534
2002-04-01 21:00:00,294.79502130399686,297.02009942241375
2002-04-02 05:00:00,311.53238347645714,304.9814111036586
2002-04-02 06:00:00,316.1427602665083,306.8590909137931
2002-04-02 08:00:00,319.4278161000397,309.2256162669883
2002-04-02 09:00:00,318.74683164999186,309.44149408795977
2002-04-02 17:00:00,296.82095174686566,298.8169635132024
2002-04-02 18:00:00,295.72231524310234,297.8802182002134
2002-04-02 20:00:00,294.8773575651995,297.2293818728031
2002-04-02 21:00:00,294.6972256794182,296.707555127254
2002-04-03 05:00:00,311.25407863434737,304.5521725976413
2002-04-03 06:00:00,315.77478384714465,305.8419478171044
2002-04-03 08:00:00,321.6709554052133,307.74503508628055
2002-04-03 09:00:00,321.54863246453374,308.3005316547694
2002-04-03 17:00:00,296.54530675385513,298.18186466352233
2002-04-03 18:00:00,295.0001758640095,296.8424751505095
2002-04-03 20:00:00,292.2715026902491,294.49716014891453
2002-04-03 21:00:00,291.29505205668727,293.7294758707055
2002-04-04 05:00:00,312.01659904679826,306.20544285472994
2002-04-04 06:00:00,315.9850415669164,307.66850236090386
2002-04-04 08:00:00,321.18626018224404,309.75882106128563
2002-04-04 09:00:00,321.8064058183339,310.1836478493431
2002-04-04 17:00:00,295.4564154203206,298.29410822182115
2002-04-04 18:00:00,294.14339311831907,296.8036021745444
2002-04-04 20:00:00,292.93431124224315,295.9406173306364
2002-04-04 21:00:00,292.38074235960227,295.4446012617443
2002-04-05 05:00:00,316.02359055811525,307.7091798003539
2002-04-05 06:00:00,319.22460763516887,309.35112133525735
2002-04-05 08:00:00,322.6690319984095,311.23559941789955
2002-04-05 09:00:00,322.2718042217895,311.53294078668205
2002-04-05 17:00:00,300.4704059900598,302.19529145744815
2002-04-05 18:00:00,299.3011573591658,301.2233821827752
2002-04-05 20:00:00,297.8060160961651,299.8266299678291
2002-04-05 21:00:00,296.9505086466785,298.89057661388614
2002-04-06 05:00:00,315.10540496402973,309.28119836933627
2002-04-06 06:00:00,319.2534997878347,310.57659658188084
2002-04-06 08:00:00,322.8013599789565,311.55256598756205
2002-04-06 09:00:00,321.49456563752676,311.45895047180454
2002-04-06 17:00:00,299.966417497773,301.61539629684944
2002-04-06 18:00:00,298.53080791831934,300.3898755559936
2002-04-06 20:00:00,296.44936473123465,298.3467789754294
2002-04-06 21:00:00,295.38794702374145,297.4471149885416
2002-04-07 05:00:00,313.69208605373956,307.48321939947425
2002-04-07 06:00:00,318.2921551203324,308.99231116907623
2002-04-07 08:00:00,321.19845021487384,309.94704499560623
2002-04-07 09:00:00,320.02962640841685,310.1030162934713
2002-04-07 17:00:00,298.8202209472656,300.16141842693685
2002-04-07 18:00:00,298.18987712654393,299.1852843015697
2002-04-07 20:00:00,295.8156437102378,296.94460739817566
2002-04-07 21:00:00,294.81407908482254,296.34658453754724
2002-04-08 05:00:00,311.8202738005134,304.9865494362195
2002-04-08 06:00:00,314.8785293649636,306.1446329125638
2002-04-08 08:00:00,317.4556043533772,307.05821615962657
2002-04-08 09:00:00,316.6200677904032,306.8363803810625
2002-04-08 17:00:00,296.54224425140995,297.975840140932
2002-04-08 18:00:00,295.11344801516304,296.8086274651056
2002-04-08 20:00:00,294.0473800212467,295.4589218586362
2002-04-08 21:00:00,293.3631465541564,294.8587664352911
2002-04-09 05:00:00,309.98126879017605,304.60258356926073
2002-04-09 06:00:00,312.27250147086255,305.5870725281984
2002-04-09 08:00:00,315.8946548250313,306.8269248456911
2002-04-09 09:00:00,315.6686874883384,307.2241836101138
2002-04-09 17:00:00,296.0493342277633,297.7025710753924
2002-04-09 18:00:00,295.0520970090329,296.96189795730663
2002-04-09 20:00:00,293.3948892084954,295.73960817686765
2002-04-09 21:00:00,292.81401572205436,295.19656745898885
2002-04-10 05:00:00,311.8644959107386,304.20939031991827
2002-04-10 06:00:00,316.24779666847735,305.66336106592775
2002-04-10 08:00:00,318.8582492352267,307.5423088602733
2002-04-10 09:00:00,318.4774968363287,307.86771031924866
2002-04-10 17:00:00,296.71443921575565,298.7483513219331
2002-04-10 18:00:00,295.9691540169973,298.21356003677533
2002-04-10 20:00:00,294.87631709917304,297.23900661850564
2002-04-10 21:00:00,294.456371830498,296.8593132124843
2002-04-11 05:00:00,310.27224479875144,305.41871544319235
2002-04-11 06:00:00,314.07254738359495,307.3384290557062
2002-04-11 08:00:00,317.7364640669389,309.4570502470748
2002-04-11 09:00:00,317.9829500312982,309.7267215769904
2002-04-11 17:00:00,298.53859500267845,300.3696901530073
2002-04-11 18:00:00,297.49397519997717,299.4506203250268
2002-04-11 20:00:00,296.13611124329645,298.57755922573193
2002-04-11 21:00:00,295.6118515085182,297.98855073573225
2002-04-12 05:00:00,312.89482593977215,307.20050286291564
2002-04-12 06:00:00,316.936161035382,309.3097630810848
2002-04-12 08:00:00,321.52537440225046,311.2343544041615
2002-04-12 09:00:00,321.8370761019056,311.4911167985302
2002-04-12 17:00:00,299.09630254383995,301.5235286295322
2002-04-12 18:00:00,298.07705592080515,300.7915101367263
2002-04-12 20:00:00,296.252001417069,298.93427073239184
2002-04-12 21:00:00,295.2995274195502,297.7788301300378
2002-04-13 05:00:00,314.6289367675782,308.084560000474
2002-04-13 06:00:00,319.28445319365284,309.8994457556397
2002-04-13 08:00:00,325.1929540413738,311.68240358796436
2002-04-13 09:00:00,325.37957721351665,312.0848495647977
2002-04-13 17:00:00,300.07480881136996,301.5021148117371
2002-04-13 18:00:00,298.9187894565482,300.5846875018809
2002-04-13 20:00:00,297.96246455446783,299.6618045518872
2002-04-13 21:00:00,297.4261455565278,299.00459764477654
2002-04-14 05:00:00,312.43299466031726,306.75870030760217
2002-04-14 06:00:00,316.3106223930747,308.43330625466467
2002-04-14 08:00:00,321.5775635988209,310.45839892183136
2002-04-14 09:00:00,322.2674629434783,310.9970417463541
2002-04-14 17:00:00,300.900079265765,301.92067684414576
2002-04-14 18:00:00,299.8220267979133,301.034926239625
2002-04-14 20:00:00,298.166096668214,299.5575469124299
2002-04-14 21:00:00,297.4355423138212,298.8641391748273
2002-04-15 05:00:00,310.22030016600814,304.8217586758324
2002-04-15 06:00:00,313.61529820799285,306.44441994312916
2002-04-15 08:00:00,317.76603973811876,308.86533018326725
2002-04-15 09:00:00,318.1524864866847,309.37689787360665
2002-04-15 17:00:00,299.1241169181553,300.8331644443224
2002-04-15 18:00:00,298.33030150520784,300.2079325060264
2002-04-15 20:00:00,297.5678658507455,299.55423055922125
2002-04-15 21:00:00,297.2414503758788,299.0632119435926
2002-04-16 05:00:00,311.8552178381404,305.9244299419856
2002-04-16 06:00:00,315.7774435316653,307.49280215411784
2002-04-16 08:00:00,319.5433499375918,309.5505022657304
2002-04-16 09:00:00,319.4644199600572,309.9723311131835
2002-04-16 17:00:00,299.3153898829856,300.7983647891663
2002-04-16 18:00:00,298.3697585001565,299.9671062357804
2002-04-16 20:00:00,297.1875305646006,298.8252459556921
2002-04-16 21:00:00,296.5773436277416,298.1124111698662
2002-04-17 05:00:00,311.9993665604085,306.4871613630345
2002-04-17 06:00:00,316.41815782732147,308.33671024363656
2002-04-17 08:00:00,321.53550214723373,310.5855447448825
2002-04-17 09:00:00,321.7305627949249,311.0588268168351
2002-04-17 17:00:00,301.54751845537606,302.7626581647547
2002-04-17 18:00:00,300.7313234067661,302.0643921603775
2002-04-17 20:00:00,299.5077572015841,301.005112211583
2002-04-17 21:00:00,299.15556262564405,300.4719804196585
2002-04-18 05:00:00,314.9738276970956,308.01397018550176
2002-04-18 06:00:00,319.7682439160457,309.7198366420846
2002-04-18 08:00:00,324.7754079527774,311.49310678914077
2002-04-18 09:00:00,325.03123554059283,311.9472393629547
2002-04-18 17:00:00,300.95755442191717,302.50078574534746
2002-04-18 18:00:00,299.4824363814297,301.26111723866046
2002-04-18 20:00:00,297.7235982980126,300.03718136639
2002-04-18 21:00:00,297.3245383146548,299.61860442786076
2002-04-19 05:00:00,316.74368509489506,308.94282541142775
2002-04-19 06:00:00,321.9357503176838,310.725314241712
2002-04-19 08:00:00,326.1552334448957,312.7979153249591
2002-04-19 09:00:00,325.3409632607858,313.2035174024491
2002-04-19 17:00:00,302.1326285716381,303.8576727633484
2002-04-19 18:00:00,301.1556021010013,303.04626213273576
2002-04-19 20:00:00,300.37035507413754,302.3742346388901
2002-04-19 21:00:00,300.0363519136638,301.8321528265767
2002-04-20 05:00:00,315.69229930060675,309.3603818214546
2002-04-20 06:00:00,319.41127138769684,311.02652485381657
2002-04-20 08:00:00,323.85521273620327,312.85342348448484
2002-04-20 09:00:00,324.17175593912515,313.25733888975833
2002-04-20 17:00:00,301.90730539565834,303.3905178358081
2002-04-20 18:00:00,300.6177449042698,302.3125088167117
2002-04-20 20:00:00,299.19011423731075,300.94359509860425
2002-04-20 21:00:00,298.4865633783796,300.0953122507809
2002-04-21 05:00:00,313.0760412936218,307.32982189960217
2002-04-21 06:00:00,317.0146566429197,309.12256256714807
2002-04-21 08:00:00,323.2300225773651,311.3280982442189
2002-04-21 09:00:00,324.13880873387694,311.94052065245364
2002-04-21 17:00:00,301.89140188161326,303.0559063222265
2002-04-21 18:00:00,300.88531282539543,302.1642344141227
2002-04-21 20:00:00,299.471260858427,301.0146389389626
2002-04-21 21:00:00,298.83500464487884,300.40079553542415
2002-04-22 05:00:00,314.17436867171705,308.11365082304354
2002-04-22 06:00:00,318.4843332675645,310.0406822827637
2002-04-22 08:00:00,322.66477310345243,312.219794792093
2002-04-22 09:00:00,322.80738256892363,312.70104820592377
2002-04-22 17:00:00,301.8156548075389,303.4222813446092
2002-04-22 18:00:00,300.9534845807703,302.7676584158546
2002-04-22 20:00:00,300.60428448928343,302.8840673179215
2002-04-22 21:00:00,300.6255200449234,302.5618521010013
2002-04-23 05:00:00,313.5333578759239,308.09472012042266
2002-04-23 06:00:00,317.69770486182165,310.1948607552033
2002-04-23 08:00:00,322.7760170347334,312.41391252185605
2002-04-23 09:00:00,323.0414683807796,312.8139825241959
2002-04-23 17:00:00,303.4487514642795,304.5969376997515
2002-04-23 18:00:00,302.3910617446312,303.7367709120176
2002-04-23 20:00:00,301.38441432018317,303.40897965394475
2002-04-23 21:00:00,301.1659738220309,302.9084192402374
2002-04-24 05:00:00,313.39727531632957,308.3063639918535
2002-04-24 06:00:00,317.06379913659237,310.33036171747096
2002-04-24 08:00:00,320.1075330596124,312.11680704125644
2002-04-24 09:00:00,320.15406648844527,312.37641786831006
2002-04-24 17:00:00,301.51627790689105,303.33224955178196
2002-04-24 18:00:00,300.63732127232254,302.56926448686835
2002-04-24 20:00:00,299.87044168951337,302.20228400325925
2002-04-24 21:00:00,299.5665813146277,301.79778422633376
2002-04-25 05:00:00,311.8243306399494,307.16851362278356
2002-04-25 06:00:00,315.8067856657854,309.35266609368233
2002-04-25 08:00:00,320.6416849803484,311.9862899662717
2002-04-25 09:00:00,320.52838633203726,312.18497164921695
2002-04-25 17:00:00,300.67448300683446,302.1921935705999
2002-04-25 18:00:00,299.71984813907665,301.2792812870537
2002-04-25 20:00:00,297.41894608837066,298.4573439963977
2002-04-25 21:00:00,296.3401825938644,297.5568267634176
2002-04-26 05:00:00,314.1674854061086,306.4642957267115
2002-04-26 06:00:00,317.9944786929937,308.1754228447912
2002-04-26 08:00:00,323.6526145993837,310.92433067756735
2002-04-26 09:00:00,323.58399201615015,311.46856985694643
2002-04-26 17:00:00,299.66002298834144,301.66935497219276
2002-04-26 18:00:00,298.2309857619745,300.5653291534753
2002-04-26 20:00:00,296.7691249759245,299.41074990858834
2002-04-26 21:00:00,296.2769741534452,298.6559251688294
2002-04-27 05:00:00,315.89682698066133,309.6822204589844
2002-04-27 06:00:00,319.312341275678,311.3108712594572
2002-04-27 08:00:00,321.9757708768448,313.7788890962057
2002-04-27 09:00:00,321.7662336117314,314.1733936139358
2002-04-27 17:00:00,303.26680874346954,305.09244517368967
2002-04-27 18:00:00,302.32703715884264,304.24998596379504
2002-04-27 20:00:00,301.8869465738305,304.33853683119014
2002-04-27 21:00:00,301.91247673798784,304.03042976367635
2002-04-28 05:00:00,312.8878083074773,308.11322971338114
2002-04-28 06:00:00,316.8117972963213,310.2204583495717
2002-04-28 08:00:00,320.8434890488447,312.8248466644522
2002-04-28 09:00:00,320.9613107643069,313.3755725219915
2002-04-28 17:00:00,302.5017272526017,304.2282905754947
2002-04-28 18:00:00,301.29899808769045,303.01174259038845
2002-04-28 20:00:00,299.49337756799076,301.5697550016853
2002-04-28 21:00:00,298.5769502378208,300.56707679031445
2002-04-29 05:00:00,316.4909650805551,308.3649534628094
2002-04-29 06:00:00,320.8951659121756,309.98271642370474
2002-04-29 08:00:00,326.2796583836913,312.734372766433
2002-04-29 09:00:00,325.66431980691453,313.3958503946501
2002-04-29 17:00:00,301.3804113920003,303.21581911342724
2002-04-29 18:00:00,300.189260027258,302.24721904454873
2002-04-29 20:00:00,297.8722963024545,300.20537735243977
2002-04-29 21:00:00,296.85971384386437,299.2132661463851
2002-04-30 05:00:00,315.72149846292973,309.90969096273415
2002-04-30 06:00:00,319.64941483837066,311.7943890164556
2002-04-30 08:00:00,324.19036651282175,315.06678212405353
2002-04-30 09:00:00,324.0238336877573,315.60254797325666
2002-04-30 17:00:00,304.058599956965,306.1912865072994
2002-04-30 18:00:00,303.27822473934515,305.5836943404517
2002-04-30 20:00:00,303.36921207563165,305.87904640044934
2002-04-30 21:00:00,303.1416346898248,305.0909149452057
2002-05-01 05:00:00,315.0526044989588,310.2909158903572
2002-05-01 06:00:00,319.40399703626827,312.7595083415968
2002-05-01 08:00:00,323.39968291342905,315.2084122526995
2002-05-01 09:00:00,323.13115458201924,315.5556688117687
2002-05-01 17:00:00,303.90335837718334,305.5997836872683
2002-05-01 18:00:00,302.7086159069843,304.5525490594755
2002-05-01 20:00:00,302.1338126677761,304.5154692851156
2002-05-01 21:00:00,301.1152391712912,302.92028810944873
2002-05-02 05:00:00,319.5382523735058,309.59184025322156
2002-05-02 06:00:00,323.56055374027954,311.7382347447846
2002-05-02 08:00:00,326.92043188062763,315.6701639936591
2002-05-02 09:00:00,325.93534035234495,315.92291349108297
2002-05-02 17:00:00,303.8792100856411,305.6339119792168
2002-05-02 18:00:00,302.6908804683363,304.3086196358656
2002-05-02 20:00:00,300.86894026228754,302.6701392128214
2002-05-02 21:00:00,299.0643103883153,301.24521903815366
2002-05-03 05:00:00,317.9405356761303,310.3885776654965
2002-05-03 06:00:00,323.55412875559006,312.4852971339998
2002-05-03 08:00:00,327.6416212178893,315.23633745895876
2002-05-03 09:00:00,327.2479208077782,315.6993725134522
2002-05-03 17:00:00,304.2207707903234,305.8750019749435
2002-05-03 18:00:00,303.10166747764737,304.9125313075555
2002-05-03 20:00:00,300.9747868612845,302.8744597119066
2002-05-03 21:00:00,299.94080819481144,301.8711968232377
2002-05-04 05:00:00,320.09041542558714,312.3284780681592
2002-05-04 06:00:00,324.9314487968645,313.6349285578324
2002-05-04 08:00:00,330.0108026113643,315.7679916405348
2002-05-04 09:00:00,329.23650396549834,316.4097548427494
2002-05-04 17:00:00,304.6088495945159,306.2944870582898
2002-05-04 18:00:00,303.23290449004327,305.1352972139379
2002-05-04 20:00:00,300.44435665089475,303.1020860245856
2002-05-04 21:00:00,299.2840538318793,302.4576139993771
2002-05-05 05:00:00,321.3655254205313,313.9130920504201
2002-05-05 06:00:00,325.3930420251032,315.38793714902437
2002-05-05 08:00:00,327.35617326404355,316.65602897091526
2002-05-05 09:00:00,326.75165963430067,316.9372660162269
2002-05-05 17:00:00,305.3283506843085,307.17378756812616
2002-05-05 18:00:00,304.43149273935563,306.33301587685236
2002-05-05 20:00:00,303.6580658899434,305.5900028975242
2002-05-05 21:00:00,303.1111461245591,304.82156209842816
2002-05-06 05:00:00,318.8446199860889,311.61709406636714
2002-05-06 06:00:00,322.06986033200116,313.40766539963073
2002-05-06 08:00:00,325.2068001816196,315.97796344022356
2002-05-06 09:00:00,325.0738555014776,316.23567124471094
2002-05-06 17:00:00,303.3782567757488,305.61749667269055
2002-05-06 18:00:00,302.58727872169624,305.1341641371717
2002-05-06 20:00:00,302.6399486524115,305.40252165948664
2002-05-06 21:00:00,302.68227975430955,305.1257160345468
2002-05-07 05:00:00,314.192111822049,309.8266807520885
2002-05-07 06:00:00,317.79254279702394,312.0732965219554
2002-05-07 08:00:00,322.4688945235383,314.8772755815362
2002-05-07 09:00:00,323.1432118467264,315.25736454051156
2002-05-07 17:00:00,304.4431573194789,306.0647023675622
2002-05-07 18:00:00,303.5391237702686,305.20186489205145
2002-05-07 20:00:00,301.8685697958172,303.61975476187075
2002-05-07 21:00:00,301.24961178255006,303.05138814541147
2002-05-08 05:00:00,314.0723434706866,308.82399233684333
2002-05-08 06:00:00,317.4608915825654,310.7902408593976
2002-05-08 08:00:00,322.0723816529261,313.6560430306315
2002-05-08 09:00:00,322.713891286512,314.1927670565518
2002-05-08 17:00:00,303.4579093709749,305.0954085762953
2002-05-08 18:00:00,302.5877493695228,304.31671504651086
2002-05-08 20:00:00,301.6291355785493,303.46309035290926
2002-05-08 21:00:00,301.2765234431427,303.0648894699403
2002-05-09 05:00:00,313.2515971649594,308.39983940418404
2002-05-09 06:00:00,316.858417246485,310.47626369576244
2002-05-09 08:00:00,321.3422106021358,313.263678481656
2002-05-09 09:00:00,321.7578416774379,313.7828319531927
2002-05-09 17:00:00,304.15728317754474,305.7256275053568
2002-05-09 18:00:00,303.430989951676,305.14408989716753
2002-05-09 20:00:00,302.94963635648895,304.6477536288175
2002-05-09 21:00:00,302.57098304031445,304.0462565135515
2002-05-10 05:00:00,311.9272107563695,306.72824809069994
2002-05-10 06:00:00,315.73565379937736,309.0221993280302
2002-05-10 08:00:00,321.1137115525538,312.65051563421645
2002-05-10 09:00:00,321.57110294759366,313.3476653723577
2002-05-10 17:00:00,305.4756397782195,306.5507037099594
2002-05-10 18:00:00,304.7392537685683,305.8959484129731
2002-05-10 20:00:00,304.09454573762076,305.2558215924514
2002-05-10 21:00:00,303.600259531077,304.566900526614
2002-05-11 05:00:00,313.2887033189206,308.1924299995411
2002-05-11 06:00:00,317.28383712886114,310.63231227504457
2002-05-11 08:00:00,322.23692714414904,313.97904914185887
2002-05-11 09:00:00,322.8302272802509,314.81650906461414
2002-05-11 17:00:00,306.0340940360847,307.1517193857437
2002-05-11 18:00:00,305.22692001178194,306.25266739620446
2002-05-11 20:00:00,304.05703312149393,305.09990399423845
2002-05-11 21:00:00,303.54932839697796,304.46118022995114
2002-05-12 05:00:00,313.4316120353428,308.46575114245775
2002-05-12 06:00:00,317.4207388197512,310.9722349052253
2002-05-12 08:00:00,322.1586256688475,314.139518279324
2002-05-12 09:00:00,322.89442490870124,314.89359350454276
2002-05-12 17:00:00,305.2993617123926,306.35943105077524
2002-05-12 18:00:00,304.6154437660253,305.7331878238908
2002-05-12 20:00:00,304.1512790438942,305.4391396262429
2002-05-12 21:00:00,303.8032815283729,304.7498583918544
2002-05-13 05:00:00,314.16321042946925,308.8531804018653
2002-05-13 06:00:00,318.281474720348,311.3625401054582
2002-05-13 08:00:00,323.4353655093624,314.5203802640707
2002-05-13 09:00:00,324.09650558683285,315.14438249444004
2002-05-13 17:00:00,306.2876058851809,306.9169370536628
2002-05-13 18:00:00,305.43616065920224,306.19946272604636
2002-05-13 20:00:00,304.4919028495236,305.34351333594657
2002-05-13 21:00:00,303.9162446714145,304.6013268469295
2002-05-14 05:00:00,312.5965317313219,306.7954009163361
2002-05-14 06:00:00,316.2772616958031,308.89692624507956
2002-05-14 08:00:00,321.16912072979613,312.4473453750963
2002-05-14 09:00:00,321.79673296865224,313.23063704339313
2002-05-14 17:00:00,305.3693850477598,306.2607289506769
2002-05-14 18:00:00,304.6181660844659,305.63553759276596
2002-05-14 20:00:00,303.9145963930386,304.89684656551697
2002-05-14 21:00:00,303.46116109180895,304.2677730801293
2002-05-15 05:00:00,313.0917342645913,307.40207863735674
2002-05-15 06:00:00,316.7372954475862,309.42222512925537
2002-05-15 08:00:00,321.8539147751724,312.6841504959553
2002-05-15 09:00:00,322.3302072251707,313.3364210554925
2002-05-15 17:00:00,305.6284959790152,306.50013344974843
2002-05-15 18:00:00,304.8978380341375,305.8512895581168
2002-05-15 20:00:00,304.02829790629664,305.036417627555
2002-05-15 21:00:00,303.7247403560691,304.66851294095784
2002-05-16 05:00:00,315.2000406791323,309.3700666853753
2002-05-16 06:00:00,318.992889310252,311.3129873878232
2002-05-16 08:00:00,322.99964352271223,313.82902940653133
2002-05-16 09:00:00,323.3781672449803,314.42974112911844
2002-05-16 17:00:00,306.67552963280343,307.68092621272814
2002-05-16 18:00:00,306.00562456833376,307.1444519466171
2002-05-16 20:00:00,305.7487294295536,306.8989296135807
2002-05-16 21:00:00,305.4664684230999,306.45339450924354
2002-05-17 05:00:00,320.90542809437903,313.49704760065066
2002-05-17 06:00:00,324.67791317791347,315.0037909274109
2002-05-17 08:00:00,326.535814846609,316.6430079103067
2002-05-17 09:00:00,326.2171376467854,317.0093319133177
2002-05-17 17:00:00,305.9083739105836,307.8418690779911
2002-05-17 18:00:00,304.5476924384871,306.7143033443504
2002-05-17 20:00:00,302.15623020354326,304.4316934782478
2002-05-17 21:00:00,301.8188394743416,304.04910673309
2002-05-18 05:00:00,315.01558608891236,310.3443845211082
2002-05-18 06:00:00,318.23193345268265,312.4015492349634
2002-05-18 08:00:00,322.06522789060244,315.53636326958843
2002-05-18 09:00:00,322.5865296068471,316.1176595585005
2002-05-18 17:00:00,306.89975349414516,308.28704154509796
2002-05-18 18:00:00,306.2405757345661,307.491378713646
2002-05-18 20:00:00,304.9169435192514,305.8059956178827
2002-05-18 21:00:00,303.93301328121237,304.5184817086383
2002-05-19 05:00:00,310.53273036116263,305.9743097478693
2002-05-19 06:00:00,313.82844193139687,308.1296897852917
2002-05-19 08:00:00,318.1175428487487,311.3662131005333
2002-05-19 09:00:00,318.8041158714354,312.2990878535713
2002-05-19 17:00:00,305.7126685143987,306.75601833443426
2002-05-19 18:00:00,304.97321678126355,306.09537225144305
2002-05-19 20:00:00,303.78077359192184,304.8861386338809
2002-05-19 21:00:00,302.92058420989474,303.6753075457134
2002-05-20 05:00:00,311.8687936462496,307.05916582527806
2002-05-20 06:00:00,315.61900668151577,309.4856368948021
2002-05-20 08:00:00,320.5250098606104,313.0291296396124
2002-05-20 09:00:00,320.83664255480187,313.531697912466
2002-05-20 17:00:00,304.0168752802539,305.6156329373917
2002-05-20 18:00:00,303.13006793993463,304.8789867994781
2002-05-20 20:00:00,301.67125254015343,303.501628646498
2002-05-20 21:00:00,300.8666714990084,302.728067101242
2002-05-21 05:00:00,313.3250918395714,307.9556641424382
2002-05-21 06:00:00,317.2020308108102,310.2395546417942
2002-05-21 08:00:00,322.0660450939772,313.31807839227565
2002-05-21 09:00:00,322.46829933671995,313.8253057917755
2002-05-21 17:00:00,304.6514916794693,306.0708937681695
2002-05-21 18:00:00,303.8634538929709,305.36319571614086
2002-05-21 20:00:00,302.648373949142,304.10896921966037
2002-05-21 21:00:00,302.13038752810064,303.5998323320057
2002-05-22 05:00:00,312.9101716733677,308.0626296879514
2002-05-22 06:00:00,316.39637166215755,310.26894692537047
2002-05-22 08:00:00,321.685321849006,313.8603636237616
2002-05-22 09:00:00,322.4953308810806,314.5860694920521
2002-05-22 17:00:00,305.7602225422675,306.9164915393424
2002-05-22 18:00:00,304.83970242398914,305.98686387542585
2002-05-22 20:00:00,303.7496350821802,304.94491560690574
2002-05-22 21:00:00,303.1528613262442,304.2842239591484
2002-05-23 05:00:00,313.5719832080906,308.42413748578036
2002-05-23 06:00:00,317.44815460816375,310.92275281532886
2002-05-23 08:00:00,322.46985185385125,314.4598545256675
2002-05-23 09:00:00,322.8432801515553,315.01830078971403
2002-05-23 17:00:00,305.21486161853574,306.35094502453444
2002-05-23 18:00:00,304.37102098273937,305.5781163008445
2002-05-23 20:00:00,303.2518798404923,304.5088677075684
2002-05-23 21:00:00,302.7304480366053,303.9259419962878
2002-05-24 05:00:00,312.7442587689369,307.6960066691018
2002-05-24 06:00:00,316.1149719896596,309.7754590426829
2002-05-24 08:00:00,321.08692231494217,313.5139383983171
2002-05-24 09:00:00,321.75140472553176,314.2089164745642
2002-05-24 17:00:00,305.1252226983822,306.39562882480715
2002-05-24 18:00:00,304.42349990821214,305.81825185813966
2002-05-24 20:00:00,303.8557344739353,305.20996629806075
2002-05-24 21:00:00,303.4163231048819,304.5425109628169
2002-05-25 05:00:00,312.0316957259215,307.2145193185204
2002-05-25 06:00:00,315.3432020237339,309.2477531256771
2002-05-25 08:00:00,320.351090888213,313.1100045837497
2002-05-25 09:00:00,321.0715769575263,313.8233777062367
2002-05-25 17:00:00,305.20763816892276,306.2222564885356
2002-05-25 18:00:00,304.3056859984787,305.4719151289695
2002-05-25 20:00:00,303.322584296228,304.44984795756994
2002-05-25 21:00:00,302.75621430054656,303.58342974505547
2002-05-26 05:00:00,310.40476601810786,305.1550026116276
2002-05-26 06:00:00,313.97563869670284,307.36085235172504
2002-05-26 08:00:00,318.8740718706363,310.8582032472584
2002-05-26 09:00:00,319.58825918706066,311.7354546827601
2002-05-26 17:00:00,304.5836469653207,305.38700079072976
2002-05-26 18:00:00,303.91310166651374,304.7932802973249
2002-05-26 20:00:00,302.4808594361292,303.2499609243338
2002-05-26 21:00:00,301.7358831514379,302.33431522504577
2002-05-27 05:00:00,309.8656575066283,304.03171136089026
2002-05-27 06:00:00,313.08666235125855,305.98616187708404
2002-05-27 08:00:00,317.6475444258821,309.2224612008257
2002-05-27 09:00:00,318.26414623760115,310.17402289203943
2002-05-27 17:00:00,304.1575970289704,304.9946033495417
2002-05-27 18:00:00,303.3383978563024,304.1978604121274
2002-05-27 20:00:00,302.7536036604542,303.6154042906681
2002-05-27 21:00:00,302.45663318134416,303.16266405196694
2002-05-28 05:00:00,310.2564006035428,304.5303540104894
2002-05-28 06:00:00,313.83264957187,306.2550429239846
2002-05-28 08:00:00,318.6765340326013,309.30010913443306
2002-05-28 09:00:00,319.93082384482744,310.1700823861756
2002-05-28 17:00:00,304.67943515395535,305.3583479823978
2002-05-28 18:00:00,304.0449749633601,304.8626889315518
2002-05-28 20:00:00,301.0376691068817,298.4432143577258
2002-05-28 21:00:00,297.86215115916013,295.8119167333758
2002-05-29 05:00:00,308.2075760992723,304.42870846882073
2002-05-29 06:00:00,311.5183864411294,306.0383880568212
2002-05-29 08:00:00,312.77669615664723,306.74465030147036
2002-05-29 09:00:00,313.8999591939071,307.94749048641546
2002-05-29 17:00:00,298.49284553233946,297.65662286461594
2002-05-29 18:00:00,297.435652416917,297.1987118008324
2002-05-29 20:00:00,296.0628552076813,297.2538829268587
2002-05-29 21:00:00,296.6153043679353,297.55204869345266
2002-05-30 05:00:00,309.65753488878624,304.801736158656
2002-05-30 06:00:00,312.07368763128676,306.28402014028495
2002-05-30 08:00:00,315.3001627635515,308.96041691431833
2002-05-30 09:00:00,315.7225527770714,309.57181550247833
2002-05-30 17:00:00,300.7802447302867,302.04309477019933
2002-05-30 18:00:00,299.7613047172182,301.0012972321826
2002-05-30 20:00:00,298.05246848648613,299.33176627842414
2002-05-30 21:00:00,297.6013793004863,298.9167869579627
2002-05-31 05:00:00,311.0416427165592,306.7247341491041
2002-05-31 06:00:00,313.32021796133927,307.7610302706162
2002-05-31 08:00:00,316.541258543041,309.4615106097723
2002-05-31 09:00:00,316.80632395222665,309.84229399647296
2002-05-31 17:00:00,300.75952783240746,303.0260506322828
2002-05-31 18:00:00,299.6256772645266,301.02688972461397
2002-05-31 20:00:00,298.14504337163845,300.1600896661932
2002-05-31 21:00:00,297.6742051746151,300.1341714491646
2002-06-01 05:00:00,312.8513746452625,308.004222076369
2002-06-01 06:00:00,315.4093961083834,309.144632418828
2002-06-01 08:00:00,317.65147468084916,310.52564783786954
2002-06-01 09:00:00,318.191956859524,311.0635053167358
2002-06-01 17:00:00,302.11286573601063,303.54295048177335
2002-06-01 18:00:00,300.60715010867835,302.4938686940997
2002-06-01 20:00:00,298.3879191864437,300.5811578077602
2002-06-01 21:00:00,297.6540831579082,299.4397706912002
2002-06-02 05:00:00,312.3987406067929,308.45896305031323
2002-06-02 06:00:00,315.1555875710604,309.9273698333599
2002-06-02 08:00:00,318.7396130201813,311.2124392798942
2002-06-02 09:00:00,319.27507491618724,311.7478281970385
2002-06-02 17:00:00,302.72434804766505,303.89122049246436
2002-06-02 18:00:00,302.0427768513308,303.3733549896852
2002-06-02 20:00:00,300.96539109146283,302.8853826772634
2002-06-02 21:00:00,300.5346320435887,302.48382984508174
2002-06-03 05:00:00,313.4011442304943,308.8660802620769
2002-06-03 06:00:00,316.2524269468428,310.3820070757521
2002-06-03 08:00:00,319.5160612038729,311.9457906243981
2002-06-03 09:00:00,319.2205658899434,312.16009403928217
2002-06-03 17:00:00,301.91929372543547,303.5262762930801
2002-06-03 18:00:00,301.117502409431,303.0667955019441
2002-06-03 20:00:00,300.62238769061025,302.2815091407905
2002-06-03 21:00:00,300.5018870584403,302.07343013628235
2002-06-04 05:00:00,311.9877915345649,307.5463226976674
2002-06-04 06:00:00,315.07352921261077,309.28750318812297
2002-06-04 08:00:00,318.905998335781,311.3880542349558
2002-06-04 09:00:00,319.0434129476915,311.7645743536104
2002-06-04 17:00:00,303.22904110101786,304.40323915172985
2002-06-04 18:00:00,302.82193776088064,303.9923382069921
2002-06-04 20:00:00,302.62419650367303,304.1709221838436
2002-06-04 21:00:00,302.30871391590273,303.7240005046451
2002-06-05 05:00:00,312.9383417020777,307.908186549582
2002-06-05 06:00:00,316.24993463877723,309.74829675236543
2002-06-05 08:00:00,320.30409515804064,312.5212046148597
2002-06-05 09:00:00,320.96351282622305,313.2822933343967
2002-06-05 17:00:00,304.9088530929871,306.17249832976216
2002-06-05 18:00:00,304.1541308857076,305.3592849754957
2002-06-05 20:00:00,303.2055467508607,304.4084074611105
2002-06-05 21:00:00,302.7211736317592,303.7875480710634
2002-06-06 05:00:00,311.6406368026381,306.36215390997415
2002-06-06 06:00:00,315.0013026397658,308.49878496308173
2002-06-06 08:00:00,319.636489962209,312.0390879626634
2002-06-06 09:00:00,320.21873887918764,312.85528950037315
2002-06-06 17:00:00,304.4640828795353,305.6398213390944
2002-06-06 18:00:00,303.696373867511,304.94535425594665
2002-06-06 20:00:00,302.751982608084,303.9680041297007
2002-06-06 21:00:00,302.29161946395146,303.4047501010042
2002-06-07 05:00:00,310.96410892997943,306.1085729378582
2002-06-07 06:00:00,314.04261549375093,307.8992573366327
2002-06-07 08:00:00,318.35795826022905,310.7241561960182
2002-06-07 09:00:00,319.12135491275643,311.4772684012062
2002-06-07 17:00:00,304.620564488674,305.63600584244693
2002-06-07 18:00:00,303.9467155092119,305.0572551850729
2002-06-07 20:00:00,303.1685471027768,304.2006431544323
2002-06-07 21:00:00,302.7055282475218,303.64377084975985
2002-06-08 05:00:00,311.34657301704397,306.2326424103489
2002-06-08 06:00:00,314.69837373283866,308.23704575831056
2002-06-08 08:00:00,319.41822295343195,311.54176443420323
2002-06-08 09:00:00,320.2506275382725,312.5322073303129
2002-06-08 17:00:00,304.0928884309319,305.3577127324415
2002-06-08 18:00:00,303.23816526909644,304.59254100546815
2002-06-08 20:00:00,302.5059872996091,303.9923600959484
2002-06-08 21:00:00,302.1292356893719,303.468639473702
2002-06-09 05:00:00,312.0624616061595,306.9226577829323
2002-06-09 06:00:00,315.5905380836804,309.0326425937365
2002-06-09 08:00:00,320.7715972053986,312.4786380244698
2002-06-09 09:00:00,321.6247396366254,313.32262407723124
2002-06-09 17:00:00,303.665457280281,305.17974124667455
2002-06-09 18:00:00,302.73191593681537,304.42479109800837
2002-06-09 20:00:00,301.8187199902645,303.57722543678227
2002-06-09 21:00:00,301.4192387326657,303.0189000909979
2002-06-10 05:00:00,312.9701973749052,307.96826816082734
2002-06-10 06:00:00,316.50521415628157,310.064335474799
2002-06-10 08:00:00,322.05876446504993,313.776749715232
2002-06-10 09:00:00,322.6884379805696,314.5420879957673
2002-06-10 17:00:00,305.36195839057535,306.757241647306
2002-06-10 18:00:00,304.483701356203,305.98168188250855
2002-06-10 20:00:00,303.17811412840666,304.77637167814515
2002-06-10 21:00:00,302.6885197996542,304.2070865484158
2002-06-11 05:00:00,314.2387255887589,309.1387702459914
2002-06-11 06:00:00,317.57462892693985,310.891290203265
2002-06-11 08:00:00,322.47962361528255,313.8722019283724
2002-06-11 09:00:00,322.6748057219942,314.4347757771497
2002-06-11 17:00:00,305.70556983888974,307.1416251207537
2002-06-11 18:00:00,304.8167552977388,306.3822162081538
2002-06-11 20:00:00,304.0116409748471,305.5381495588917
2002-06-11 21:00:00,303.5195365870495,304.9223672076256
2002-06-12 05:00:00,315.336085949914,310.3226558879271
2002-06-12 06:00:00,318.6701496988305,312.01052621333
2002-06-12 08:00:00,323.4423774049168,314.98469423549756
2002-06-12 09:00:00,323.46658078327386,315.32472405338143
2002-06-12 17:00:00,306.36184859312556,307.9127121324348
2002-06-12 18:00:00,305.7237568577559,307.2695307797754
2002-06-12 20:00:00,304.9347537706372,306.2400034947094
2002-06-12 21:00:00,304.532844484679,305.70672826076327
2002-06-13 05:00:00,314.1246913445566,309.3710905289613
2002-06-13 06:00:00,317.4976481245185,311.2595926528719
2002-06-13 08:00:00,322.2996089565001,314.4306052609107
2002-06-13 09:00:00,322.67755554857536,314.975807201697
2002-06-13 17:00:00,305.9675677377381,307.406807827472
2002-06-13 18:00:00,305.4004716211915,307.0147718479527
2002-06-13 20:00:00,304.99212253846815,306.29423066831333
2002-06-13 21:00:00,304.67419781559977,305.834771295909
2002-06-14 05:00:00,313.8587358471793,308.8408760106068
2002-06-14 06:00:00,316.97527812846084,310.362424665313
2002-06-14 08:00:00,321.62246793444245,313.22556343725176
2002-06-14 09:00:00,322.5467430314592,313.9894624072341
2002-06-14 17:00:00,306.4678395745934,307.2084358814869
2002-06-14 18:00:00,305.72794230362666,306.39323528742386
2002-06-14 20:00:00,304.1588918865186,304.6613155653003
2002-06-14 21:00:00,303.7031716933052,304.2574696122039
2002-06-15 05:00:00,314.7806063095116,308.92510494943394
2002-06-15 06:00:00,318.2880178724856,310.4742647473728
2002-06-15 08:00:00,321.83486247246367,312.25743227636866
2002-06-15 09:00:00,322.58788408887773,312.9462114049033
2002-06-15 17:00:00,304.91602288997046,305.41190019557587
2002-06-15 18:00:00,304.6466329189589,305.22565383793574
2002-06-15 20:00:00,303.92385396384316,304.3959779901019
2002-06-15 21:00:00,303.7022223332997,304.0913453182932
2002-06-16 05:00:00,316.1227139324547,308.88843511690163
2002-06-16 06:00:00,319.9941216749476,310.2770330490794
2002-06-16 08:00:00,325.65356783874233,312.948676369407
2002-06-16 09:00:00,324.1533173030624,313.2503194470986
2002-06-16 17:00:00,300.74212865138827,302.36583828448516
2002-06-16 18:00:00,301.7334169173277,302.3001704047017
2002-06-16 20:00:00,301.0363989596375,301.80068043384057
2002-06-16 21:00:00,301.00057242794657,301.73444116060466
2002-06-17 05:00:00,314.46373989769415,308.4195758366989
2002-06-17 06:00:00,317.3180882199704,309.73763344504613
2002-06-17 08:00:00,320.4367376248165,311.77473369768853
2002-06-17 09:00:00,319.8295178993825,311.7454847856002
2002-06-17 17:00:00,302.9288557901956,303.34905312278056
2002-06-17 18:00:00,301.91589301392924,302.2156865806168
2002-06-17 20:00:00,299.4295671224961,299.9455979028358
2002-06-17 21:00:00,299.59843141529336,300.04373380546394
2002-06-18 05:00:00,311.39257271741684,306.0377317878241
2002-06-18 06:00:00,312.6639256881455,306.6483196381979
2002-06-18 08:00:00,315.67428022246514,309.04771058915765
2002-06-18 09:00:00,316.50683800648835,309.625265700424
2002-06-18 17:00:00,302.64713321444805,303.42406062756555
2002-06-18 18:00:00,302.2146947358165,303.08551418028185
2002-06-18 20:00:00,301.3391026054582,302.24314200896515
2002-06-18 21:00:00,300.32366379089825,301.8563877805172
2002-06-19 05:00:00,311.5476421479636,306.9234423056957
2002-06-19 06:00:00,314.3617240306225,308.3147819765911
2002-06-19 08:00:00,317.2916510865575,310.01635587013374
2002-06-19 09:00:00,316.9588319281768,310.29893961525846
2002-06-19 17:00:00,303.48042219776215,304.2497845900996
2002-06-19 18:00:00,302.90003245490357,303.8623001733436
2002-06-19 20:00:00,302.6511652495351,303.3670690504171
2002-06-19 21:00:00,302.4726859681963,303.04970711589044
2002-06-20 05:00:00,311.50862420174667,307.1203229813069
2002-06-20 06:00:00,314.3771821008809,308.5139979522658
2002-06-20 08:00:00,318.0854965233472,310.5038011783077
2002-06-20 09:00:00,317.9418608396557,310.7438599714329
2002-06-20 17:00:00,304.72078717765163,305.7724435391889
2002-06-20 18:00:00,304.24459864729545,305.15184053911815
2002-06-20 20:00:00,300.76633522727275,301.3302070135696
2002-06-20 21:00:00,300.1652554598722,300.94956972565967
2002-06-21 05:00:00,311.37871834824006,307.2691345920181
2002-06-21 06:00:00,314.13274601023807,308.56353082642164
2002-06-21 08:00:00,317.7953002412441,310.42092911965676
2002-06-21 09:00:00,318.37058466131043,311.21076344635526
2002-06-21 17:00:00,305.56519770218154,306.75303553506296
2002-06-21 18:00:00,304.9586082188117,306.23662142760946
2002-06-21 20:00:00,303.85258991729313,304.93392304830445
2002-06-21 21:00:00,303.3519510466072,304.23661973480085
2002-06-22 05:00:00,311.5448942493033,306.9070378848695
2002-06-22 06:00:00,314.62089028380507,308.6340463694145
2002-06-22 08:00:00,318.9754498309825,311.55889716243894
2002-06-22 09:00:00,319.6960091142698,312.29482070617206
2002-06-22 17:00:00,304.5166332791509,305.8674401752019
2002-06-22 18:00:00,303.94867773305833,305.4070423755146
2002-06-22 20:00:00,303.0596511676242,304.5364168987069
2002-06-22 21:00:00,302.70519231905,304.05015121953693
2002-06-23 05:00:00,312.85424957510503,307.51375884304434
2002-06-23 06:00:00,316.32313276622995,309.49328977705335
2002-06-23 08:00:00,321.66589327255275,312.9840271748453
2002-06-23 09:00:00,321.68395897346585,313.41496688302016
2002-06-23 17:00:00,306.6434919360239,307.7637137955253
2002-06-23 18:00:00,306.18706920371034,307.1921502864232
2002-06-23 20:00:00,305.3948985659654,306.2742281121723
2002-06-23 21:00:00,304.7179303514572,305.58194261265834
2002-06-24 05:00:00,314.4445805013272,308.50162493172337
2002-06-24 06:00:00,318.5070248502429,310.31346123317724
2002-06-24 08:00:00,324.54559692947083,313.15278178774895
2002-06-24 09:00:00,325.5652493798678,313.91404152798174
2002-06-24 17:00:00,304.3011660348102,304.6837151855093
2002-06-24 18:00:00,303.819283366387,304.27117318034357
2002-06-24 20:00:00,302.5053395416777,303.0141841141946
2002-06-24 21:00:00,301.61345772530154,302.81724376707854
2002-06-25 05:00:00,314.5697470078667,307.6192948586768
2002-06-25 06:00:00,317.8787628785121,309.21915770826064
2002-06-25 08:00:00,322.62153634892775,312.3073277407325
2002-06-25 09:00:00,322.79688186527954,312.9952557156744
2002-06-25 17:00:00,306.37385443876997,306.79852041000584
2002-06-25 18:00:00,305.50238051216115,305.60242994687593
2002-06-25 20:00:00,304.2787875276868,304.9845863189462
2002-06-25 21:00:00,303.73813813713554,304.3645866876023
2002-06-26 05:00:00,316.3561181772288,309.02758476363124
2002-06-26 06:00:00,318.92030586042836,310.3218304321101
2002-06-26 08:00:00,321.00481493557544,311.9473341132166
2002-06-26 09:00:00,320.1915169173654,311.471242754779
2002-06-26 17:00:00,303.8469621514319,303.66799957322417
2002-06-26 18:00:00,303.08025316611645,302.87964429105926
2002-06-26 20:00:00,301.78736816312204,301.5610257282463
2002-06-26 21:00:00,301.32408189112306,301.1018629265125
2002-06-27 05:00:00,311.69462677143025,305.6837753742612
2002-06-27 06:00:00,314.51890815535023,307.2647022782195
2002-06-27 08:00:00,315.90306552128726,308.08709603942964
2002-06-27 09:00:00,311.924700462212,303.80439668958104
2002-06-27 17:00:00,301.5645279847602,301.59194243303256
2002-06-27 18:00:00,301.09983252009556,301.04670567211275
2002-06-27 20:00:00,300.8515066373147,301.08014619001443
2002-06-27 21:00:00,300.62953308293555,300.84003926939886
2002-06-28 05:00:00,309.27704442851535,304.7029153033287
2002-06-28 06:00:00,310.0450338589944,304.91254087662657
2002-06-28 08:00:00,312.1191512285653,306.2036808290173
2002-06-28 09:00:00,312.5431912602923,306.7371760105315
2002-06-28 17:00:00,300.68834083216217,301.0930179072822
2002-06-28 18:00:00,299.8646714691021,300.63426469470767
2002-06-28 20:00:00,299.48803696830765,299.99617707380344
2002-06-28 21:00:00,299.27222664808085,299.36498449763457
2002-06-29 05:00:00,299.4750364330039,299.06718155636077
2002-06-29 06:00:00,301.71374913760803,300.4915100473836
2002-06-29 08:00:00,308.5474512602773,304.081382410552
2002-06-29 09:00:00,307.99062012377067,303.56661133846995
2002-06-29 17:00:00,298.9725352847153,300.25148595683567
2002-06-29 18:00:00,299.08915275491444,300.34989632957706
2002-06-29 20:00:00,298.59293695811317,298.8639150187488
2002-06-29 21:00:00,297.62820956519647,297.90554426337246
2002-06-30 05:00:00,304.5883971979879,303.0006049674905
2002-06-30 06:00:00,306.3591730385238,304.38172197856227
2002-06-30 08:00:00,310.42522031904554,306.6212148798633
2002-06-30 09:00:00,310.6789605092194,307.1344211854626
2002-06-30 17:00:00,301.4396926809349,301.84159324422643
2002-06-30 18:00:00,300.76932442169897,301.1365994305016
2002-06-30 20:00:00,300.16705992335716,300.5465810625873
2002-06-30 21:00:00,299.83742503208816,300.1512967713625
2002-07-01 05:00:00,304.58242583899363,302.2901352939694
2002-07-01 06:00:00,306.82598070517895,303.6256780403972
2002-07-01 08:00:00,309.8465253597783,305.9515508290248
2002-07-01 09:00:00,310.3436615742594,306.5741492743117
2002-07-01 17:00:00,301.1046766801314,301.6703522480875
2002-07-01 18:00:00,300.4578786182844,301.00503758693515
2002-07-01 20:00:00,299.71599156830825,300.2564135112087
2002-07-01 21:00:00,299.26369858375864,299.7387885518361
2002-07-02 05:00:00,305.2079980788503,302.3331408390463
2002-07-02 06:00:00,307.30465592441647,303.69023311009573
2002-07-02 08:00:00,310.4843949610353,306.0138748239479
2002-07-02 09:00:00,310.71937737369393,306.5071642483328
2002-07-02 17:00:00,300.67168119692104,301.3858011536679
2002-07-02 18:00:00,300.08242513365667,300.74218190432697
2002-07-02 20:00:00,299.3357598256257,299.9502615906609
2002-07-02 21:00:00,298.9174365732813,299.4520682171791
2002-07-03 05:00:00,305.52186441054147,302.6487858424018
2002-07-03 06:00:00,307.6834041319202,303.9589827762363
2002-07-03 08:00:00,310.76757165941143,306.15223517513425
2002-07-03 09:00:00,311.1159232305636,306.69457899660836
2002-07-03 17:00:00,300.9419976985326,301.4270111225052
2002-07-03 18:00:00,300.31968489119384,300.87992383959846
2002-07-03 20:00:00,299.75141304850763,300.42732452721737
2002-07-03 21:00:00,299.3680446019342,299.9499889074011
2002-07-04 05:00:00,305.47107519023405,302.4222609603718
2002-07-04 06:00:00,306.92540556403634,303.28775840253786
2002-07-04 08:00:00,308.3776197624501,304.7362616822606
2002-07-04 09:00:00,308.8851639993018,305.14236729978967
2002-07-04 17:00:00,301.67486337153315,302.0259841425209
2002-07-04 18:00:00,301.09280186257854,301.39222098939774
2002-07-04 20:00:00,299.96753263546987,300.58274702592325
2002-07-04 21:00:00,299.62054995873314,300.165368407827
2002-07-05 05:00:00,305.6659535083271,302.18916647606903
2002-07-05 06:00:00,308.0951322487947,303.5526175712033
2002-07-05 08:00:00,310.736220137915,305.50561074372985
2002-07-05 09:00:00,310.92767764239903,306.15078509643746
2002-07-05 17:00:00,300.5633550329458,301.1002704402883
2002-07-05 18:00:00,299.97345993441684,300.6542873294402
2002-07-05 20:00:00,299.38206648863337,300.35492364210415
2002-07-05 21:00:00,299.242797287293,300.17901973401086
2002-07-06 05:00:00,306.172680424248,302.64432879478795
2002-07-06 06:00:00,308.6514523216682,304.10511177897644
2002-07-06 08:00:00,311.8505162266995,306.2514370064522
2002-07-06 09:00:00,312.23504203714094,306.8077032621175
2002-07-06 17:00:00,300.6448885031584,301.4863686113402
2002-07-06 18:00:00,299.9966772752477,300.7620862540552
2002-07-06 20:00:00,299.61027580931307,300.6117095006816
2002-07-06 21:00:00,299.3991218649184,300.3154559730565
2002-07-07 05:00:00,306.45443923080285,302.7734086987418
2002-07-07 06:00:00,308.96571223137005,304.24260458924186
2002-07-07 08:00:00,312.2086830550607,306.54512644622287
2002-07-07 09:00:00,312.6017886075106,307.1779507958834
2002-07-07 17:00:00,301.0234454467962,301.865803793509
2002-07-07 18:00:00,300.3443695914764,301.1028176470787
2002-07-07 20:00:00,299.72027390396283,300.6680269402973
2002-07-07 21:00:00,299.38819499669717,300.2426167445484
2002-07-08 05:00:00,306.11523261165763,302.30592618921696
2002-07-08 06:00:00,308.8410945945234,303.81300361057276
2002-07-08 08:00:00,312.2126040466027,306.2943042349558
2002-07-08 09:00:00,312.5234328917987,306.943090524071
2002-07-08 17:00:00,301.0090412439661,301.57926308465846
2002-07-08 18:00:00,300.2274508483605,300.7847862537543
2002-07-08 20:00:00,299.6840703696793,300.44856591364265
2002-07-08 21:00:00,299.3313391028641,299.9966046255432
2002-07-09 05:00:00,306.8834058294311,302.8339403619751
2002-07-09 06:00:00,309.4878511590473,304.28478169257545
2002-07-09 08:00:00,313.1963711872306,306.6937122785806
2002-07-09 09:00:00,313.70813004739114,307.361907606316
2002-07-09 17:00:00,301.2663865522905,301.7724294794726
2002-07-09 18:00:00,300.4344365100832,300.95486478408793
2002-07-09 20:00:00,299.6603064867675,300.47525047925296
2002-07-09 21:00:00,299.3169201349808,300.1018824173233
2002-07-10 05:00:00,307.585896519924,303.452627666926
2002-07-10 06:00:00,310.1363516221245,304.7747549283302
2002-07-10 08:00:00,313.64414651221233,307.1273857316545
2002-07-10 09:00:00,314.23357425448705,307.81358302135504
2002-07-10 17:00:00,301.59955017371976,302.23676378811456
2002-07-10 18:00:00,300.83221049962685,301.4508138224598
2002-07-10 20:00:00,299.86353347848853,300.6528214041735
2002-07-10 21:00:00,299.42276852083137,300.18457221690977
2002-07-11 05:00:00,307.9759427674563,303.7543941315591
2002-07-11 06:00:00,310.7919737546947,305.3500915668411
2002-07-11 08:00:00,314.5864028107771,307.860742225118
2002-07-11 09:00:00,315.1515824093106,308.49774421492054
2002-07-11 17:00:00,301.9540785920271,302.6734932075113
2002-07-11 18:00:00,301.19707628905496,301.8998304464049
2002-07-11 20:00:00,300.32326313600703,301.1911698445701
2002-07-11 21:00:00,299.8495953623062,300.6498349370501
2002-07-12 05:00:00,308.44333193739317,304.223088503986
2002-07-12 06:00:00,311.48301022005006,305.92104404255497
2002-07-12 08:00:00,315.7453223465036,308.73542068551984
2002-07-12 09:00:00,316.1858283279489,309.336257182211
2002-07-12 17:00:00,302.7331811467011,303.5378906297023
2002-07-12 18:00:00,302.0208814294753,302.796751754126
2002-07-12 20:00:00,301.0336342974694,301.83793536687307
2002-07-12 21:00:00,300.6234215499808,301.3056871035066
2002-07-13 05:00:00,308.8724126360266,304.2453311632154
2002-07-13 06:00:00,311.8066219805937,305.8168126651429
2002-07-13 08:00:00,315.6889650553511,308.2075712324475
2002-07-13 09:00:00,316.5459620118693,309.0021342320141
2002-07-13 17:00:00,302.7691001950868,303.38881045019684
2002-07-13 18:00:00,302.02340919247763,302.64297358390917
2002-07-13 20:00:00,301.4296633774768,302.07373975568635
2002-07-13 21:00:00,300.9369046015806,301.46468434385235
2002-07-14 05:00:00,308.68628033136923,304.2453073228269
2002-07-14 06:00:00,311.7535225231953,305.9061178433693
2002-07-14 08:00:00,315.86538320109366,308.2132364517
2002-07-14 09:00:00,316.34953430363873,308.7887174726818
2002-07-14 17:00:00,302.5081350035587,303.2107410401519
2002-07-14 18:00:00,301.79547709272526,302.5154422942222
2002-07-14 20:00:00,300.9295601396605,301.6440432273736
2002-07-14 21:00:00,300.5653449530227,301.22551335832924
2002-07-15 05:00:00,308.09760694694813,303.62433489078
2002-07-15 06:00:00,311.4262806990849,305.33363133035203
2002-07-15 08:00:00,316.00156742325186,308.010790479569
2002-07-15 09:00:00,316.6292389104106,308.66167157236345
2002-07-15 17:00:00,302.45435386152224,302.6941359979897
2002-07-15 18:00:00,301.72580974091,302.0931253771202
2002-07-15 20:00:00,300.91854195381717,301.54691555687384
2002-07-15 21:00:00,300.5600377863104,301.15912927942026
2002-07-16 05:00:00,308.6834769462033,303.80054160002015
2002-07-16 06:00:00,311.94152338295396,305.44036308018195
2002-07-16 08:00:00,316.8522823903888,308.3507506101635
2002-07-16 09:00:00,317.5463605977721,309.0567495995567
2002-07-16 17:00:00,302.9046369649596,303.2381155898649
2002-07-16 18:00:00,302.23290279723466,302.4783594634023
2002-07-16 20:00:00,301.1121897410906,301.60320175006325
2002-07-16 21:00:00,300.6553699040817,301.2172464802747
2002-07-17 05:00:00,309.34969342765163,304.2144520293767
2002-07-17 06:00:00,312.74473722249223,305.9721978985474
2002-07-17 08:00:00,318.06692027604817,309.0773606263618
2002-07-17 09:00:00,319.5951958231639,310.0574800935108
2002-07-17 17:00:00,305.1381361245742,305.38984626099955
2002-07-17 18:00:00,304.413395157213,304.5880231813216
2002-07-17 20:00:00,303.5966848599709,303.5815869817749
2002-07-17 21:00:00,303.01348406728505,302.9305934347614
2002-07-18 05:00:00,308.98924970112523,305.02448553664294
2002-07-18 06:00:00,311.65782600485124,306.57921768447096
2002-07-18 08:00:00,317.15545654296875,308.95788238008146
2002-07-18 09:00:00,317.66603638541716,309.9221799641802
2002-07-18 17:00:00,303.5455430182177,304.0938110116451
2002-07-18 18:00:00,303.29401920829974,303.82324707783613
2002-07-18 20:00:00,303.46447753906256,304.3121430289764
2002-07-18 21:00:00,303.0340049755408,303.70012764717654
2002-07-19 05:00:00,310.41872136802266,307.1503637751739
2002-07-19 06:00:00,312.9801176097617,308.539332879159
2002-07-19 08:00:00,317.9044818848785,311.05650663449336
2002-07-19 09:00:00,317.7404797852315,311.44564875762893
2002-07-19 17:00:00,304.84517776653837,304.7855554236837
2002-07-19 18:00:00,303.65843085478565,303.2687880364699
2002-07-19 20:00:00,302.1148392922706,301.70729937208085
2002-07-19 21:00:00,301.38027909430224,300.99890388288924
2002-07-20 05:00:00,307.2979298078776,303.6065280955452
2002-07-20 06:00:00,310.61947855192636,305.4942161195635
2002-07-20 08:00:00,315.3180801321068,308.3122521681117
2002-07-20 09:00:00,315.65975296185087,308.75964868013597
2002-07-20 17:00:00,302.84308623092016,302.56237988111974
2002-07-20 18:00:00,301.842872772452,301.5321479174316
2002-07-20 20:00:00,300.5582888798648,300.47016337766485
2002-07-20 21:00:00,300.0772936663752,300.09072751367034
2002-07-21 05:00:00,306.2321652264,302.71898022197615
2002-07-21 06:00:00,308.9598379972719,304.26936975135277
2002-07-21 08:00:00,313.13167025385354,307.1932563487848
2002-07-21 09:00:00,314.30998098317576,308.1002255103254
2002-07-21 17:00:00,302.351819242645,302.57830455527284
2002-07-21 18:00:00,301.56129937546643,301.75929257902783
2002-07-21 20:00:00,300.344086163584,300.53686624535794
2002-07-21 21:00:00,299.80688474211377,299.9633726287513
2002-07-22 05:00:00,303.9028275406049,301.7031662151884
2002-07-22 06:00:00,304.8429441760611,302.3341256774996
2002-07-22 08:00:00,307.5570240461588,304.2249766439429
2002-07-22 09:00:00,307.9218012452677,304.77583703274723
2002-07-22 17:00:00,302.2284636181565,302.4008726287513
2002-07-22 18:00:00,301.65193841637375,301.933190367806
2002-07-22 20:00:00,301.2099231549514,301.19595983472925
2002-07-22 21:00:00,300.743070511311,300.57664146482125
2002-07-23 05:00:00,303.77011482227016,301.9617866081156
2002-07-23 06:00:00,305.5756106619108,302.8739864073109
2002-07-23 08:00:00,311.1703581494066,305.9460561602436
2002-07-23 09:00:00,312.71234582275014,306.97461106780867
2002-07-23 17:00:00,302.32837461874186,302.61170348180644
2002-07-23 18:00:00,301.9600522080996,302.364593059146
2002-07-23 20:00:00,301.5102743845324,301.69717120389544
2002-07-23 21:00:00,300.93853550515666,300.94736977975435
2002-07-24 05:00:00,307.37454190717085,303.1571110988435
2002-07-24 06:00:00,309.55757949899635,304.45124541813124
2002-07-24 08:00:00,312.26402435537847,306.37391869496497
2002-07-24 09:00:00,312.20064016850597,306.9247984100013
2002-07-24 17:00:00,301.5356609420894,301.68009243393533
2002-07-24 18:00:00,300.94241619844837,301.2119074558441
2002-07-24 20:00:00,300.12946363075855,300.3443294578047
2002-07-24 21:00:00,299.6466809759155,299.7850988825958
2002-07-25 05:00:00,307.4260484551428,303.03465586046593
2002-07-25 06:00:00,310.27360948465645,304.72350832053075
2002-07-25 08:00:00,312.24879232209713,305.9005410498574
2002-07-25 09:00:00,313.4210251160138,306.7818480081661
2002-07-25 17:00:00,300.27055055591836,300.5192585197178
2002-07-25 18:00:00,299.65773593332443,299.9839099948689
2002-07-25 20:00:00,298.8682648081258,299.2418896832341
2002-07-25 21:00:00,298.39923765773216,298.68520175363693
2002-07-26 05:00:00,307.08131617941365,302.659377463977
2002-07-26 06:00:00,310.2977362163997,304.3444861131383
2002-07-26 08:00:00,314.4271204967529,306.7674539151655
2002-07-26 09:00:00,315.52139698375356,307.6793580136057
2002-07-26 17:00:00,301.23267511447153,301.4634711408101
2002-07-26 18:00:00,300.55661485669054,300.905777471275
2002-07-26 20:00:00,299.90801136739816,300.30864241824867
2002-07-26 21:00:00,299.43682706154004,299.78443452573526
2002-07-27 05:00:00,307.1138723693753,302.4526236465054
2002-07-27 06:00:00,309.16839658387454,303.53771652903504
2002-07-27 08:00:00,315.0301413984254,307.2146937953672
2002-07-27 09:00:00,315.93621146697296,307.9579956807047
2002-07-27 17:00:00,301.5245671441264,301.60232861346935
2002-07-27 18:00:00,300.9673586523588,301.22932711514557
2002-07-27 20:00:00,300.6199578989085,301.1084232183377
2002-07-27 21:00:00,300.4713340018674,300.91092328040736
2002-07-28 05:00:00,309.4820016117419,303.5870828496289
2002-07-28 06:00:00,312.66147704043635,305.07591543800106
2002-07-28 08:00:00,317.24722163078417,307.90929453986456
2002-07-28 09:00:00,317.78209080865093,308.59872502354887
2002-07-28 17:00:00,302.4357502941726,302.6936491744361
2002-07-28 18:00:00,301.65033542062906,301.9850255087455
2002-07-28 20:00:00,300.6627334336103,301.1152507623282
2002-07-28 21:00:00,300.1664007859899,300.62769568021565
2002-07-29 05:00:00,310.17668746689617,304.1056695359146
2002-07-29 06:00:00,313.8900239588851,305.8388508001719
2002-07-29 08:00:00,317.04676999884134,308.49554720791906
2002-07-29 09:00:00,317.4711477929161,309.1590456029484
2002-07-29 17:00:00,302.76676583547254,302.9323580937319
2002-07-29 18:00:00,301.9468652052211,302.24344024893315
2002-07-29 20:00:00,300.76967636131906,301.1480734520958
2002-07-29 21:00:00,300.2916810868885,300.7234930147192
2002-07-30 05:00:00,311.22009136276364,304.7217169763128
2002-07-30 06:00:00,315.2576711504779,306.6995822101235
2002-07-30 08:00:00,320.4153240656449,309.69964987544694
2002-07-30 09:00:00,320.59725171575565,310.27141812035046
2002-07-30 17:00:00,303.7911060727065,303.8552021091267
2002-07-30 18:00:00,302.81156874364257,303.01355137994
2002-07-30 20:00:00,301.44762833276405,301.72836030980653
2002-07-30 21:00:00,300.88307361573396,301.1579690236708
2002-07-31 05:00:00,312.6261345344626,305.99688064739775
2002-07-31 06:00:00,316.9089185952773,307.7622717106471
2002-07-31 08:00:00,322.8829176892485,310.14355917814515
2002-07-31 09:00:00,323.61441987541684,310.83696501133807
2002-07-31 17:00:00,304.1363170135922,304.895399825415
2002-07-31 18:00:00,303.64299112328763,304.64651359946043
2002-07-31 20:00:00,303.0168008201846,303.58595184185106
2002-07-31 21:00:00,302.5983531934271,303.2120305841619
2002-08-01 05:00:00,312.83056318521136,307.0701497552575
2002-08-01 06:00:00,317.39150662414835,308.6574555383809
2002-08-01 08:00:00,320.8805878908131,310.3465683618202
2002-08-01 09:00:00,320.669679967942,310.4962818163386
2002-08-01 17:00:00,302.8816495169477,302.59401057497564
2002-08-01 18:00:00,302.4988083802681,302.19706559144475
2002-08-01 20:00:00,302.95058237789965,303.3952526215964
2002-08-01 21:00:00,302.94869419092026,303.2465500794867
2002-08-02 05:00:00,311.5741157943185,307.50511839503685
2002-08-02 06:00:00,314.0108473767485,308.8996423565552
2002-08-02 08:00:00,319.6677654248724,311.93165955154114
2002-08-02 09:00:00,319.8762165416371,312.3545693278497
2002-08-02 17:00:00,303.2304501526161,303.45586650360536
2002-08-02 18:00:00,302.8920578214531,303.5089907183302
2002-08-02 20:00:00,300.76689317230085,301.6259944310357
2002-08-02 21:00:00,300.82932270914085,301.5887158692159
2002-08-03 05:00:00,308.96459382561216,305.52658805200605
2002-08-03 06:00:00,312.39123899580335,307.2878963429315
2002-08-03 08:00:00,313.5446444894941,306.9352481177849
2002-08-03 09:00:00,312.7031690600473,306.59233713958224
2002-08-03 17:00:00,303.26571540068403,303.7013965483256
2002-08-03 18:00:00,302.8963399690178,303.07426793549575
2002-08-03 20:00:00,300.9052965960628,300.78000366963295
2002-08-03 21:00:00,300.5317761813547,300.5318390974095
2002-08-04 05:00:00,307.8483214297537,304.28587820937713
2002-08-04 06:00:00,311.25410038223623,306.0399070704479
2002-08-04 08:00:00,315.6895410099823,308.13812147707716
2002-08-04 09:00:00,316.0532195762787,308.6550236541795
2002-08-04 17:00:00,301.9512030979151,301.8488258397083
2002-08-04 18:00:00,301.2071092602652,301.27749890061483
2002-08-04 20:00:00,300.504013625793,300.2078235314697
2002-08-04 21:00:00,299.8609581757768,299.4009074959072
2002-08-05 05:00:00,297.40421388035384,298.3722826659404
2002-08-05 06:00:00,299.27048044542687,299.2102159168026
2002-08-05 08:00:00,300.79396863564136,300.2431849169621
2002-08-05 09:00:00,300.304115636323,300.44367649448674
2002-08-05 17:00:00,298.45549871741537,298.37174870236817
2002-08-05 18:00:00,297.8843622898284,298.1082542901414
2002-08-05 20:00:00,297.7646754754159,297.91570762787103
2002-08-05 21:00:00,297.28114321198785,297.3863007203089
2002-08-06 05:00:00,300.668016125131,300.13708954562765
2002-08-06 06:00:00,302.0566447629767,301.9054410255562
2002-08-06 08:00:00,311.58255256452986,306.59226902754534
2002-08-06 09:00:00,312.25466246524104,307.2402134500042
2002-08-06 17:00:00,298.5684237487511,299.64383016859625
2002-08-06 18:00:00,298.45602099590565,299.6048662041662
2002-08-06 20:00:00,298.75215280588674,299.95835958754157
2002-08-06 21:00:00,298.34491573386646,299.17734479389867
2002-08-07 05:00:00,301.6648331981595,301.00249254317794
2002-08-07 06:00:00,303.33691072390513,301.7526751549108
2002-08-07 08:00:00,308.22548166518953,304.772637154178
2002-08-07 09:00:00,309.1265377050556,305.45334666388794
2002-08-07 17:00:00,300.4653010669585,300.5626041077319
2002-08-07 18:00:00,299.7235437049337,299.8803913134089
2002-08-07 20:00:00,299.00495696692326,299.2712582910006
2002-08-07 21:00:00,298.38446437559435,298.6263267152666
2002-08-08 05:00:00,303.8360925800812,301.52534329689155
2002-08-08 06:00:00,306.05332681100435,302.951507427292
2002-08-08 08:00:00,311.8175340837617,306.77369868626766
2002-08-08 09:00:00,312.9981110136387,307.64114165930613
2002-08-08 17:00:00,299.4143565784801,300.83570711344527
2002-08-08 18:00:00,299.00343341562893,300.90388491120655
2002-08-08 20:00:00,298.06921005836807,298.4262945236888
2002-08-08 21:00:00,297.59065401756163,297.93614803367115
2002-08-09 05:00:00,298.057849525487,297.71117978323775
2002-08-09 06:00:00,297.7684534246271,297.4873439747674
2002-08-09 08:00:00,299.4254353527663,299.07428079613925
2002-08-09 09:00:00,301.47863365138073,300.03535562524075
2002-08-09 17:00:00,298.35625952675093,298.78283117732207
2002-08-09 18:00:00,298.1166612010891,298.66441124209274
2002-08-09 20:00:00,298.30068617058095,298.7789305465064
2002-08-09 21:00:00,298.03860758118714,298.31590734167344
2002-08-10 05:00:00,303.17429776184366,301.4897698636048
2002-08-10 06:00:00,304.9228186467763,302.86579810379095
2002-08-10 08:00:00,308.0527872282478,304.8266606029634
2002-08-10 09:00:00,309.91776359099634,305.73449848098636
2002-08-10 17:00:00,301.0033790106399,301.54623173271375
2002-08-10 18:00:00,300.36699134579794,300.7037126162019
2002-08-10 20:00:00,299.4244076533384,299.7386048820978
2002-08-10 21:00:00,298.98676966592234,299.1642684818967
2002-08-11 05:00:00,304.54148204080496,302.0910544843629
2002-08-11 06:00:00,306.6330952225554,303.5879958377597
2002-08-11 08:00:00,308.74860124632096,305.0785683512872
2002-08-11 09:00:00,308.72372855023355,305.3691964641742
2002-08-11 17:00:00,300.13868741592387,300.7318229734071
2002-08-11 18:00:00,299.6289502630248,300.21077179284237
2002-08-11 20:00:00,299.18192997772263,299.4554003229127
2002-08-11 21:00:00,298.84167976555733,299.01922908365634
2002-08-12 05:00:00,303.7226245803716,301.2685232294727
2002-08-12 06:00:00,305.08496888429613,302.25912454425827
2002-08-12 08:00:00,305.2465822428511,302.67364675936244
2002-08-12 09:00:00,304.89557143389163,302.6075539846082
2002-08-12 17:00:00,300.1609578419173,300.3101472075805
2002-08-12 18:00:00,299.7214452099911,299.8214056311844
2002-08-12 20:00:00,298.57342576319337,298.7354700355941
2002-08-12 21:00:00,298.155582139966,298.32792661223095
2002-08-13 05:00:00,301.49176949382013,300.28404527379115
2002-08-13 06:00:00,302.0458974030059,300.6149218402034
2002-08-13 08:00:00,304.58386463229937,302.2199437357428
2002-08-13 09:00:00,305.31108361289756,302.4826815800601
2002-08-13 17:00:00,300.02966696529063,300.39646881056495
2002-08-13 18:00:00,299.75009507941905,300.08187922637893
2002-08-13 20:00:00,299.16408079173794,299.4030411166293
2002-08-13 21:00:00,298.93413671837385,299.1394829419434
2002-08-14 05:00:00,304.2633035950742,301.3149005907526
2002-08-14 06:00:00,306.5170091767157,302.4966810605559
2002-08-14 08:00:00,310.60493156538905,304.6821882015752
2002-08-14 09:00:00,310.4268306973168,305.1422878788506
2002-08-14 17:00:00,300.2054365302087,300.67605214640616
2002-08-14 18:00:00,300.07402207855085,300.53083425089835
2002-08-14 20:00:00,298.9083314257888,299.2555466286023
2002-08-14 21:00:00,298.5125038370329,298.85908451873826
2002-08-15 05:00:00,304.5944251014933,302.0646604940594
2002-08-15 06:00:00,308.3500861122355,303.8785597649855
2002-08-15 08:00:00,311.08704031781167,305.7808677544028
2002-08-15 09:00:00,311.8457963235206,306.44093193442137
2002-08-15 17:00:00,298.6596058050547,299.17035890176595
2002-08-15 18:00:00,298.0465362736918,298.80747776589885
2002-08-15 20:00:00,296.5523211416001,298.6505713793456
2002-08-15 21:00:00,297.08746326135014,298.6403666350801
2002-08-16 05:00:00,306.37240033965264,303.0427989283769
2002-08-16 06:00:00,308.3689493141116,304.27611338375897
2002-08-16 08:00:00,311.050600660233,306.221336000322
2002-08-16 09:00:00,310.9484115388985,306.5697063334366
2002-08-16 17:00:00,301.0889533561624,301.6267423468121
2002-08-16 18:00:00,300.261564892503,300.97493792094514
2002-08-16 20:00:00,299.4359499045256,299.5590588961985
2002-08-16 21:00:00,298.9301455693179,299.00290304927506
2002-08-17 05:00:00,306.34434008488125,303.20305644124977
2002-08-17 06:00:00,309.41488555767137,305.002388835137
2002-08-17 08:00:00,308.53491631788546,302.9186348937142
2002-08-17 09:00:00,307.8491812119682,302.65254735726234
2002-08-17 17:00:00,299.0679003652329,299.4651409319627
2002-08-17 18:00:00,298.9496410587352,299.54284625648535
2002-08-17 20:00:00,298.9754843454699,299.65513535603907
2002-08-17 21:00:00,298.77096190841985,299.3451061043056
2002-08-18 05:00:00,304.8614901408944,302.02030902504004
2002-08-18 06:00:00,308.09088482731846,303.98575118289705
2002-08-18 08:00:00,312.7595656619785,306.6394686941374
2002-08-18 09:00:00,313.8942203374784,307.51635751591994
2002-08-18 17:00:00,301.3267266225007,302.2030356338101
2002-08-18 18:00:00,300.4435852238871,301.47099682730044
2002-08-18 20:00:00,300.00002416954567,300.69860835141503
2002-08-18 21:00:00,299.86250801262764,300.33153053130866
2002-08-19 05:00:00,305.27547312591037,302.66564993130964
2002-08-19 06:00:00,308.38508013474006,304.4037469237905
2002-08-19 08:00:00,313.4194703182931,307.567375688597
2002-08-19 09:00:00,314.387263458205,308.37313186810087
2002-08-19 17:00:00,302.1439428579275,303.0713521666446
2002-08-19 18:00:00,301.36114802896884,302.5974260985576
2002-08-19 20:00:00,300.6260516103501,301.10197225373776
2002-08-19 21:00:00,300.0807758913202,300.40599981698864
2002-08-20 05:00:00,308.27653141345013,304.25590068423327
2002-08-20 06:00:00,311.4920184307363,306.00470922907994
2002-08-20 08:00:00,315.7893140701741,308.6106422788741
2002-08-20 09:00:00,316.816569041765,309.368635674287
2002-08-20 17:00:00,301.9060612988582,301.94594173108123
2002-08-20 18:00:00,300.95830776878796,300.90855967282147
2002-08-20 20:00:00,299.336416635381,299.51757318764146
2002-08-20 21:00:00,298.77487241395266,299.0377211137251
2002-08-21 05:00:00,308.65751173022346,303.75936449988416
2002-08-21 06:00:00,312.3604362029324,305.6666284922643
2002-08-21 08:00:00,317.98016463222416,308.54715198581505
2002-08-21 09:00:00,318.86998961555935,309.4643164401062
2002-08-21 17:00:00,302.32083548382724,302.05167815644865
2002-08-21 18:00:00,300.9749633130748,300.81271851338306
2002-08-21 20:00:00,299.77191580609286,300.208774396194
2002-08-21 21:00:00,299.25889001972683,299.49704057079254
2002-08-22 05:00:00,309.4899460802828,304.28898547720655
2002-08-22 06:00:00,312.51774133996713,305.6638336181641
2002-08-22 08:00:00,318.5366410077629,308.4249524790995
2002-08-22 09:00:00,317.7141100350073,308.61554970763314
2002-08-22 17:00:00,301.03859276911146,300.14546838416527
2002-08-22 18:00:00,299.27994098869056,299.010866444357
2002-08-22 20:00:00,298.1929705932805,298.1496774353122
2002-08-22 21:00:00,297.92414667867183,298.0204005072407
2002-08-23 05:00:00,309.34381759478975,304.6565918297907
2002-08-23 06:00:00,311.81643987106065,306.0872256098249
2002-08-23 08:00:00,313.72502277297855,306.91953053055636
2002-08-23 09:00:00,313.89748957417964,307.46436233402954
2002-08-23 17:00:00,299.50420702918103,300.009878902112
2002-08-23 18:00:00,299.4625824868036,299.85290118248327
2002-08-23 20:00:00,299.15505431282503,299.3177638355132
2002-08-23 21:00:00,298.77302417255515,299.1030333861364
2002-08-24 05:00:00,308.6009663021987,303.80210751855316
2002-08-24 06:00:00,311.0845158228705,304.9808195610811
2002-08-24 08:00:00,313.11330525496714,306.22752768306407
2002-08-24 09:00:00,313.5809794985826,306.79306726205886
2002-08-24 17:00:00,301.1909218481032,301.3168992570075
2002-08-24 18:00:00,300.5422756389036,300.68510987174534
2002-08-24 20:00:00,299.7630901366059,299.8373778685583
2002-08-24 21:00:00,299.42160708952025,299.3348963756591
2002-08-25 05:00:00,304.08832899190617,302.09077018655506
2002-08-25 06:00:00,306.7281090217673,303.4298837717583
2002-08-25 08:00:00,309.6878810230131,305.08395202354586
2002-08-25 09:00:00,310.1528538966951,305.41784783173784
2002-08-25 17:00:00,300.6459234440456,300.68745807947477
2002-08-25 18:00:00,300.08897362284375,300.13475852460823
2002-08-25 20:00:00,298.9344422703348,298.76514457150125
2002-08-25 21:00:00,298.6163405314065,298.51116830505464
2002-08-26 05:00:00,302.50012251702583,300.24615191678606
2002-08-26 06:00:00,306.623218412943,302.4401284145831
2002-08-26 08:00:00,306.40281242288313,303.2971473776137
2002-08-26 09:00:00,306.4304879868894,303.5872118557547
2002-08-26 17:00:00,299.38276345557165,299.41570875641014
2002-08-26 18:00:00,298.8248224949065,298.9154024050673
2002-08-26 20:00:00,298.32659874491407,298.41801156395206
2002-08-26 21:00:00,297.9105152194783,298.00884005836053
2002-08-27 05:00:00,308.17255125354365,302.63808258950064
2002-08-27 06:00:00,311.26456760588707,304.5847625027085
2002-08-27 08:00:00,310.39521079511593,305.44905638143723
2002-08-27 09:00:00,308.9463066018785,304.9548337492627
2002-08-27 17:00:00,300.59239873900805,300.85903984739895
2002-08-27 18:00:00,299.9640254180861,300.14432413956416
2002-08-27 20:00:00,299.14566867634403,299.438630608087
2002-08-27 21:00:00,298.5360569417569,298.7583089866697
2002-08-28 05:00:00,306.75282094805556,302.29150978405784
2002-08-28 06:00:00,309.39482871409746,303.73253486997726
2002-08-28 08:00:00,312.481430570958,305.405870622773
2002-08-28 09:00:00,312.54168190978163,305.6326638149738
2002-08-28 17:00:00,300.696653392539,301.0674933623092
2002-08-28 18:00:00,300.2052501096564,300.5819848153184
2002-08-28 20:00:00,299.4116829517993,299.796086644906
2002-08-28 21:00:00,299.01445961880205,299.19102840100305
2002-08-29 05:00:00,304.55642660226226,301.56386191157975
2002-08-29 06:00:00,306.85079711537884,302.63624904262264
2002-08-29 08:00:00,311.18690777559675,304.6189861562109
2002-08-29 09:00:00,311.3229999277735,305.04715626485915
2002-08-29 17:00:00,301.58311227290034,302.1294532387944
2002-08-29 18:00:00,301.1941133331628,301.53622591697564
2002-08-29 20:00:00,300.720273104581,300.98861783678615
2002-08-29 21:00:00,300.41231213585803,300.58466902205316
2002-08-30 05:00:00,306.5516206479771,303.09040879542
2002-08-30 06:00:00,308.3896835867906,304.2540506794934
2002-08-30 08:00:00,313.5564231931337,306.94570650121284
2002-08-30 09:00:00,314.3529606188758,307.2450636054041
2002-08-30 17:00:00,298.85470562245706,299.9191413961684
2002-08-30 18:00:00,298.45255915519823,299.9904535466975
2002-08-30 20:00:00,298.6147792210748,299.78407583839174
2002-08-30 21:00:00,298.73055950335254,299.8121759917226
2002-08-31 05:00:00,308.52340039927714,303.5494586021764
2002-08-31 06:00:00,310.41653190812644,304.6238005980505
2002-08-31 08:00:00,316.86987633844745,307.3440078241616
2002-08-31 09:00:00,317.5040061492215,307.9088561729584
2002-08-31 17:00:00,300.369355987878,300.48387635029707
2002-08-31 18:00:00,300.00503786906995,300.1165822738859
2002-08-31 20:00:00,299.16286570779715,299.2890558463216
2002-08-31 21:00:00,298.85344824181135,299.0469925326449
2002-09-01 05:00:00,312.55664998247005,304.8385801623893
2002-09-01 06:00:00,316.72833639888444,306.6084938460763
2002-09-01 08:00:00,320.17846131875814,307.72154118283686
2002-09-01 09:00:00,318.4145714476223,307.9023447374717
2002-09-01 17:00:00,299.1460206159642,298.81610302565093
2002-09-01 18:00:00,298.28460187867904,298.12468556079364
2002-09-01 20:00:00,297.9778165420509,298.6385067791344
2002-09-01 21:00:00,297.96679358342766,298.38700194278005
2002-09-02 05:00:00,310.71992076526993,303.7950508341033
2002-09-02 06:00:00,313.43345477511224,305.32133608496247
2002-09-02 08:00:00,315.4424879312148,306.6576689263154
2002-09-02 09:00:00,316.1601526998041,307.5330116495329
2002-09-02 17:00:00,301.1634310588631,301.93606691992335
2002-09-02 18:00:00,300.7727509485371,301.3857253534585
2002-09-02 20:00:00,299.4052749422188,299.1206388546983
2002-09-02 21:00:00,299.193185697535,298.94099797746986
2002-09-03 05:00:00,307.94368448830534,302.44187828498923
2002-09-03 06:00:00,309.3434975128879,303.89542879125185
2002-09-03 08:00:00,310.98794990621843,305.29217785569296
2002-09-03 09:00:00,311.4778079369403,304.95335451663914
2002-09-03 17:00:00,299.2692374536547,299.725735915644
2002-09-03 18:00:00,299.1338313827162,299.5486878805058
2002-09-03 20:00:00,299.0465387188599,299.45604187387903
2002-09-03 21:00:00,298.8117913009573,299.1968060274521
2002-09-04 05:00:00,306.7234439467796,302.88511523700834
2002-09-04 06:00:00,308.42402070549497,303.91967051642706
2002-09-04 08:00:00,313.07448492064873,306.5445399350488
2002-09-04 09:00:00,313.1746746468801,307.08155354880404
2002-09-04 17:00:00,300.3733124108454,301.31240698956924
2002-09-04 18:00:00,299.5342987248636,300.381851690025
2002-09-04 20:00:00,298.40225379602936,299.2693012161137
2002-09-04 21:00:00,298.1934845958175,298.8400222472674
2002-09-05 05:00:00,306.48832340563763,302.8346603699201
2002-09-05 06:00:00,308.8755941053018,304.22084851845386
2002-09-05 08:00:00,312.1966746231808,305.7736906219153
2002-09-05 09:00:00,313.0408565009871,306.4428713758848
2002-09-05 17:00:00,300.0988585203197,300.8377654982275
2002-09-05 18:00:00,299.8030641435291,300.493597938761
2002-09-05 20:00:00,298.56866076547306,299.0898900436143
2002-09-05 21:00:00,298.2078595976984,298.6942725041982
2002-09-06 05:00:00,309.352995815189,303.61179385897924
2002-09-06 06:00:00,310.9549264775587,304.90154848260397
2002-09-06 08:00:00,311.93057403799565,306.4219734415251
2002-09-06 09:00:00,312.7900501598011,307.41068497056773
2002-09-06 17:00:00,300.49011679533265,301.154554134892
2002-09-06 18:00:00,299.6849055826573,300.31610688149294
2002-09-06 20:00:00,298.1737755303758,298.9597233565085
2002-09-06 21:00:00,297.66049370670174,298.3558759175023
2002-09-07 05:00:00,307.41977956151743,302.9797625196366
2002-09-07 06:00:00,310.100494008586,304.4936380959439
2002-09-07 08:00:00,312.71415378940856,306.2243538314279
2002-09-07 09:00:00,313.3615543265556,306.8148441637977
2002-09-07 17:00:00,299.67308434720036,299.91639004135726
2002-09-07 18:00:00,298.8294971624765,298.77165104611817
2002-09-07 20:00:00,298.2876412225615,298.7486342560896
2002-09-07 21:00:00,297.8956132368608,298.4377028784142
2002-09-08 05:00:00,306.3075039574104,302.24525439904545
2002-09-08 06:00:00,309.1893969801799,303.861785488981
2002-09-08 08:00:00,312.1567787675902,305.8409581353374
2002-09-08 09:00:00,312.77725111574904,306.46221944988235
2002-09-08 17:00:00,299.96757218136077,300.5794965041621
2002-09-08 18:00:00,299.19209950216384,300.2230630178114
2002-09-08 20:00:00,298.43328563531486,299.3988504042427
2002-09-08 21:00:00,298.3252635891155,299.00689817172906
2002-09-09 05:00:00,306.4771745678824,302.389154866223
2002-09-09 06:00:00,309.4986232293222,304.08321591040755
2002-09-09 08:00:00,312.0351683347729,306.1141575135876
2002-09-09 09:00:00,313.26650182785716,307.0806714074086
2002-09-09 17:00:00,300.6983684663229,301.4214592508983
2002-09-09 18:00:00,299.65722244803453,300.7033987412652
2002-09-09 20:00:00,298.4473931734294,299.55612043900925
2002-09-09 21:00:00,298.0142382605601,299.0018074729226
2002-09-10 05:00:00,307.47448196763804,303.00261002880035
2002-09-10 06:00:00,310.81577875875,304.8591755542256
2002-09-10 08:00:00,314.69210940039216,307.1476435962554
2002-09-10 09:00:00,314.63910419951964,307.67445890782244
2002-09-10 17:00:00,300.8156366568685,301.78658509805507
2002-09-10 18:00:00,299.8979080270729,300.759802631678
2002-09-10 20:00:00,298.45045318368403,299.3843045697558
2002-09-10 21:00:00,297.4537993021114,298.6028087128108
2002-09-11 05:00:00,309.2975764575835,304.12571916154064
2002-09-11 06:00:00,312.63274229546363,306.02956800651845
2002-09-11 08:00:00,316.20588279688855,308.70800489710734
2002-09-11 09:00:00,316.5097727018806,309.4058424092956
2002-09-11 17:00:00,301.10573129991906,302.30497302039197
2002-09-11 18:00:00,300.2628623833091,301.28783032339425
2002-09-11 20:00:00,298.6050076477333,299.4838640539231
2002-09-11 21:00:00,297.9165915326088,298.75723078511714
2002-09-12 05:00:00,313.2556667945051,304.959174110636
2002-09-12 06:00:00,316.4016947459734,306.95437908907337
2002-09-12 08:00:00,318.23007860462906,309.2617444007533
2002-09-12 09:00:00,317.4101648551107,309.60400813827164
2002-09-12 17:00:00,300.53837390306,300.7717993784759
2002-09-12 18:00:00,299.5375681731661,299.71496598489114
2002-09-12 20:00:00,297.8594315915335,298.6267214453276
2002-09-12 21:00:00,297.0200996340148,297.8694327755592
2002-09-13 05:00:00,308.5551821998161,303.8823990079765
2002-09-13 06:00:00,311.816573814545,305.41150231500984
2002-09-13 08:00:00,315.244644658775,307.689324495054
2002-09-13 09:00:00,314.7656028759314,307.9178719777723
2002-09-13 17:00:00,301.22103324619763,301.99880793355464
2002-09-13 18:00:00,300.5778018146156,301.2280326572883
2002-09-13 20:00:00,299.7342056486016,300.180793703429
2002-09-13 21:00:00,299.4167306015414,299.7594038106628
2002-09-14 05:00:00,306.89637956193127,302.28083838887505
2002-09-14 06:00:00,310.4864003279911,304.2645300349395
2002-09-14 08:00:00,315.12801747843736,307.18533607330085
2002-09-14 09:00:00,314.6976119219247,307.40751974755335
2002-09-14 17:00:00,299.02084696201035,300.3247566869704
2002-09-14 18:00:00,298.4853673385362,299.85880931977687
2002-09-14 20:00:00,297.9044094937975,299.0845388168547
2002-09-14 21:00:00,297.71852457431504,298.76103393836826
2002-09-15 05:00:00,306.8845275737839,302.11271378292327
2002-09-15 06:00:00,310.24529453271714,304.11135937142626
2002-09-15 08:00:00,314.820170750787,307.1566108973992
2002-09-15 09:00:00,315.03302791930497,307.6836847384649
2002-09-15 17:00:00,299.7542340906081,300.94823172500213
2002-09-15 18:00:00,299.26101797424224,300.34332486991707
2002-09-15 20:00:00,298.6084112981435,299.5187556615045
2002-09-15 21:00:00,298.15299284807156,298.9807133608496
2002-09-16 05:00:00,306.72744276049696,302.12862978143204
2002-09-16 06:00:00,309.9580736674586,304.05138666420396
2002-09-16 08:00:00,314.04994105264115,306.9270595321303
2002-09-16 09:00:00,314.83848496541407,307.6377192704446
2002-09-16 17:00:00,299.5035631506028,300.6769723759961
2002-09-16 18:00:00,298.9008966337184,300.00988522663323
2002-09-16 20:00:00,297.74252074819134,298.7172421777193
2002-09-16 21:00:00,297.3796163362054,298.29551828440236
2002-09-17 05:00:00,307.11921106464877,301.758782244243
2002-09-17 06:00:00,310.710004151143,303.735936945135
2002-09-17 08:00:00,315.94250579975056,307.1308435989639
2002-09-17 09:00:00,316.27999273691046,307.7789493790026
2002-09-17 17:00:00,299.02980706871756,300.1855151583491
2002-09-17 18:00:00,298.40004550363693,299.46883732071274
2002-09-17 20:00:00,297.35193282540297,298.28593320214696
2002-09-17 21:00:00,296.95430502869505,297.89209362905825
2002-09-18 05:00:00,308.3500756732488,302.3110880800315
2002-09-18 06:00:00,312.4219393972623,304.04430004995663
2002-09-18 08:00:00,318.36538273086904,307.1262089710207
2002-09-18 09:00:00,318.3772520467937,307.81783789589156
2002-09-18 17:00:00,300.0697934190371,300.8939174187753
2002-09-18 18:00:00,298.9827512673494,299.9449190630568
2002-09-18 20:00:00,297.7367801284202,298.9586096294856
2002-09-18 21:00:00,297.256071281727,298.4804552310421
2002-09-19 05:00:00,311.035991063287,304.6553016509775
2002-09-19 06:00:00,315.0129173055452,306.18537959258987
2002-09-19 08:00:00,320.7806128926564,308.2003091773928
2002-09-19 09:00:00,320.4088435709385,308.6295821273639
2002-09-19 17:00:00,299.8393025214573,301.0299134570388
2002-09-19 18:00:00,298.2858218059334,300.2057562124196
2002-09-19 20:00:00,298.236120074115,299.3982034692044
2002-09-19 21:00:00,297.80732712944047,298.89088040250476
2002-09-20 05:00:00,311.49779772648276,305.4732673304107
2002-09-20 06:00:00,315.0250771262429,306.9786065899536
2002-09-20 08:00:00,318.4792300137606,308.73831849179027
2002-09-20 09:00:00,317.6445395729758,308.8516703225064
2002-09-20 17:00:00,300.4116069164776,301.29037231069134
2002-09-20 18:00:00,299.76538838296904,300.64804951766246
2002-09-20 20:00:00,297.991117386311,299.2143690112192
2002-09-20 21:00:00,297.5432752894327,298.73529997885873
2002-09-21 05:00:00,312.3416431350591,306.34683472055866
2002-09-21 06:00:00,315.5669879648829,307.6794821293953
2002-09-21 08:00:00,319.29697351205886,309.13250297464094
2002-09-21 09:00:00,318.72213613454295,309.4272120024647
2002-09-21 17:00:00,300.7615255111906,301.89391024784976
2002-09-21 18:00:00,299.89390366470496,301.1395196194641
2002-09-21 20:00:00,298.8546184663229,300.23068420692294
2002-09-21 21:00:00,298.31742193518875,299.7410868922441
2002-09-22 05:00:00,313.0833550968964,306.2323140760049
2002-09-22 06:00:00,317.31045292412006,307.9432441229446
2002-09-22 08:00:00,317.7928612801621,308.78955285023835
2002-09-22 09:00:00,317.27078169483246,308.9724780348674
2002-09-22 17:00:00,300.92660581239016,301.9805468778214
2002-09-22 18:00:00,299.56700214215533,300.7846745283835
2002-09-22 20:00:00,298.7147050337358,300.6407858403328
2002-09-22 21:00:00,297.81311761653296,299.2471792635455
2002-09-23 05:00:00,312.8592593717649,306.25727569156874
2002-09-23 06:00:00,316.74605758972643,308.09512390230765
2002-09-23 08:00:00,316.0315697762558,308.7140982558805
2002-09-23 09:00:00,315.98745925033404,309.02017790290347
2002-09-23 17:00:00,300.85516188141014,301.9381069189227
2002-09-23 18:00:00,299.8160936211585,301.00259768540394
2002-09-23 20:00:00,298.33763186038925,299.5737826636833
2002-09-23 21:00:00,297.972982962069,299.36534762860083
2002-09-24 05:00:00,310.36826558399645,305.4443942923759
2002-09-24 06:00:00,313.7529236451136,307.1041639942233
2002-09-24 08:00:00,317.5767675555543,308.9758446080659
2002-09-24 09:00:00,317.12118534975684,309.17594855592137
2002-09-24 17:00:00,300.788891878995,301.9883168695153
2002-09-24 18:00:00,300.3742128204675,301.598398946283
2002-09-24 20:00:00,299.7791110422284,300.8630903152913
2002-09-24 21:00:00,299.4623437067393,300.41746923038147
2002-09-25 05:00:00,310.0651307186838,304.43036690404864
2002-09-25 06:00:00,313.79492394398835,306.17839200764854
2002-09-25 08:00:00,318.0569139900854,307.8134349005983
2002-09-25 09:00:00,318.54841898255427,308.4064761780444
2002-09-25 17:00:00,299.6406933706604,300.7775438070665
2002-09-25 18:00:00,299.0058345941623,300.2191044082995
2002-09-25 20:00:00,297.99270935528824,298.91264834646455
2002-09-25 21:00:00,297.5620255668652,298.5572335782514
2002-09-26 05:00:00,310.73423256896126,305.2571031896653
2002-09-26 06:00:00,314.376809236265,306.7487148055678
2002-09-26 08:00:00,318.5542429261289,308.0673208368945
2002-09-26 09:00:00,316.87929293921985,307.8821421477754
2002-09-26 17:00:00,299.71589945130427,300.6729509444744
2002-09-26 18:00:00,299.14387660327793,300.17275874015917
2002-09-26 20:00:00,298.33133494137616,299.2679887486533
2002-09-26 21:00:00,297.95118377168296,298.8603356924189
2002-09-27 05:00:00,311.693622018964,306.2028990805792
2002-09-27 06:00:00,314.8912116992639,307.448452471952
2002-09-27 08:00:00,318.4599871760341,308.9153644579401
2002-09-27 09:00:00,318.4953262023456,309.26293470385633
2002-09-27 17:00:00,299.38067271933534,300.8692371856267
2002-09-27 18:00:00,298.570131910233,300.3054626182709
2002-09-27 20:00:00,297.67988852102695,299.5230278403072
2002-09-27 21:00:00,297.27801398466846,299.0538426474173
2002-09-28 05:00:00,312.08248094931963,306.8494764424987
2002-09-28 06:00:00,315.7210688186904,308.2593453852532
2002-09-28 08:00:00,318.9275646003993,309.34010423093076
2002-09-28 09:00:00,319.1790735277079,309.65453908770405
2002-09-28 17:00:00,299.16620799389386,300.7010899383592
2002-09-28 18:00:00,298.1681170588466,299.9077131744526
2002-09-28 20:00:00,296.6631803350934,298.60029402205316
2002-09-28 21:00:00,296.2190117505372,298.1625690195704
2002-09-29 05:00:00,313.3865659034858,307.3380118959306
2002-09-29 06:00:00,316.6319021216159,308.78158228423086
2002-09-29 08:00:00,318.58622452511077,309.95202949418126
2002-09-29 09:00:00,316.6517260159109,309.6263688238817
2002-09-29 17:00:00,299.14507217289673,300.8961746145287
2002-09-29 18:00:00,298.0304067932035,299.8068578922877
2002-09-29 20:00:00,296.1240895510822,298.056446304674
2002-09-29 21:00:00,295.2871770638347,297.1685578944319
2002-09-30 05:00:00,314.19026419194347,307.3969813789168
2002-09-30 06:00:00,318.38671938480326,308.85170991541975
2002-09-30 08:00:00,319.84318495458007,310.0320232843949
2002-09-30 09:00:00,318.78929048840916,310.08424389197023
2002-09-30 17:00:00,300.88933557354613,302.0653620221766
2002-09-30 18:00:00,300.14096518400453,301.46753098968367
2002-09-30 20:00:00,298.3303478223333,299.95553146856037
2002-09-30 21:00:00,297.5429376916636,299.0692487813659
2002-10-01 05:00:00,314.41054658346076,307.1053104488802
2002-10-01 06:00:00,318.95339015966573,308.6492717960399
2002-10-01 08:00:00,322.04125386430593,310.24500689631435
2002-10-01 09:00:00,319.3497181144444,310.0182689790183
2002-10-01 17:00:00,299.0398218892572,300.82182617657725
2002-10-01 18:00:00,298.11945127889817,300.090562441316
2002-10-01 20:00:00,296.9544454142566,299.0223318843518
2002-10-01 21:00:00,296.4012702742049,298.04337678741786
2002-10-02 05:00:00,313.3459123984691,306.3917410311236
2002-10-02 06:00:00,318.0218435795906,308.0358057712737
2002-10-02 08:00:00,322.1667627413945,310.0403934943107
2002-10-02 09:00:00,321.010623620361,310.28972102607526
2002-10-02 17:00:00,298.8998454230593,300.7315196315019
2002-10-02 18:00:00,297.3395511997499,299.65436181302067
2002-10-02 20:00:00,296.6581557733803,298.8801785837888
2002-10-02 21:00:00,296.44856212833446,298.57371022557993
2002-10-03 05:00:00,312.4174686661119,307.1423427775755
2002-10-03 06:00:00,316.3479837849622,309.1491611286745
2002-10-03 08:00:00,319.879228071733,310.21770793520983
2002-10-03 09:00:00,319.79384938667664,310.31666821213827
2002-10-03 17:00:00,298.90012106873405,300.4945435369695
2002-10-03 18:00:00,298.1027140330828,299.77733493328833
2002-10-03 20:00:00,296.66073448522064,298.23070976363124
2002-10-03 21:00:00,296.1623883592697,297.7257083134585
2002-10-04 05:00:00,314.7107913071643,306.26319915818505
2002-10-04 06:00:00,318.20459875450666,307.94484812967215
2002-10-04 08:00:00,321.74157192894415,309.7897813558946
2002-10-04 09:00:00,321.2934622037209,309.9530413000169
2002-10-04 17:00:00,299.0603697648952,301.0206145534898
2002-10-04 18:00:00,298.0089007643595,300.247998065684
2002-10-04 20:00:00,295.30092661994263,300.4257484518325
2002-10-04 21:00:00,294.1717320987367,299.74897740250924
2002-10-05 05:00:00,317.0290539099366,307.65449744931357
2002-10-05 06:00:00,319.77830075115565,308.9295509232578
2002-10-05 08:00:00,323.28879825727233,310.08334642125203
2002-10-05 09:00:00,322.9379233667406,310.2036008908312
2002-10-05 17:00:00,297.0308500739569,301.6976372435207
2002-10-05 18:00:00,295.81423216644896,301.52339139447554
2002-10-05 20:00:00,294.3540912974965,297.4022706770934
2002-10-05 21:00:00,293.5592907639608,296.34688762082897
2002-10-06 05:00:00,313.8819718559277,307.1330016948777
2002-10-06 06:00:00,318.42803891597805,308.87496379270397
2002-10-06 08:00:00,322.72106164776494,310.58074838317964
2002-10-06 09:00:00,321.88970382996075,310.65015205653685
2002-10-06 17:00:00,297.1029699058122,299.49127782695285
2002-10-06 18:00:00,296.05473358201317,298.3100853730424
2002-10-06 20:00:00,295.5561937705394,297.98566050007827
2002-10-06 21:00:00,295.71020693551225,298.0745711128223
2002-10-07 05:00:00,310.30530777330205,305.03181502190876
2002-10-07 06:00:00,315.51936897548217,307.670713474644
2002-10-07 08:00:00,321.89232970533095,310.1978415326088
2002-10-07 09:00:00,320.6902896075844,310.1947904801332
2002-10-07 17:00:00,297.41148785560273,299.4095169326007
2002-10-07 18:00:00,296.3576374965015,298.9008860301531
2002-10-07 20:00:00,296.4169509488005,298.8454232002811
2002-10-07 21:00:00,296.5072291628422,298.5229168908071
2002-10-08 05:00:00,310.3949940685866,305.6516092121142
2002-10-08 06:00:00,314.57912124140057,307.7886582478904
2002-10-08 08:00:00,319.04172987269334,309.7529238802259
2002-10-08 09:00:00,319.36267898630103,309.89351175599177
2002-10-08 17:00:00,299.89797338829567,301.18574481605566
2002-10-08 18:00:00,299.2750014435896,300.54281590348586
2002-10-08 20:00:00,297.99552865755754,299.1452375038747
2002-10-08 21:00:00,297.3743755416988,298.5033778585895
2002-10-09 05:00:00,310.62323374226577,305.40004754911405
2002-10-09 06:00:00,314.28671991145484,307.0988539591409
2002-10-09 08:00:00,319.13093331782216,309.4044372370504
2002-10-09 09:00:00,318.74185180664057,309.46516211558196
2002-10-09 17:00:00,299.39090577112324,300.6169818237493
2002-10-09 18:00:00,298.5617137374055,299.8812645910701
2002-10-09 20:00:00,297.7413619971606,299.03672759962745
2002-10-09 21:00:00,297.33044012742715,298.4846441330638
2002-10-10 05:00:00,311.08974709532845,305.75712761783456
2002-10-10 06:00:00,314.98499207577464,307.4225851097165
2002-10-10 08:00:00,319.80253570509615,308.87271249826955
2002-10-10 09:00:00,320.760054201852,309.2268835693735
2002-10-10 17:00:00,300.2025199619758,301.09059568619693
2002-10-10 18:00:00,299.7484654454494,300.6708133033317
2002-10-10 20:00:00,297.75554698127075,298.86265159571667
2002-10-10 21:00:00,297.19236868225,298.35250527686077
2002-10-11 05:00:00,311.73416478608164,306.2405494019871
2002-10-11 06:00:00,315.7040602297555,307.7728332613576
2002-10-11 08:00:00,321.66531461412995,309.39006047182716
2002-10-11 09:00:00,321.10503715432844,309.64096556018427
2002-10-11 17:00:00,297.4619360925237,299.18850061448956
2002-10-11 18:00:00,296.6198592222711,298.38786386451665
2002-10-11 20:00:00,296.26626586914057,298.26986684931444
2002-10-11 21:00:00,296.38675483974,298.2275854971817
2002-10-12 05:00:00,312.1166182930922,306.25711132455126
2002-10-12 06:00:00,316.36907342990116,308.069399794004
2002-10-12 08:00:00,319.417946578909,308.85775547585973
2002-10-12 09:00:00,319.41382336726724,309.0045486003482
2002-10-12 17:00:00,298.2725851238233,299.73094934307744
2002-10-12 18:00:00,298.09576921507096,299.5256845624128
2002-10-12 20:00:00,296.5906074653238,297.78672475476844
2002-10-12 21:00:00,295.87105446273256,297.0274215486641
2002-10-13 05:00:00,312.7806632066912,305.71659693548975
2002-10-13 06:00:00,316.68274906199593,307.4659024372307
2002-10-13 08:00:00,319.8220348622656,308.2525722932742
2002-10-13 09:00:00,319.32722929262417,308.5648848382277
2002-10-13 17:00:00,297.4653521098415,298.9511400643042
2002-10-13 18:00:00,297.31123899862473,298.60088121505294
2002-10-13 20:00:00,296.50663743217484,297.6159147900315
2002-10-13 21:00:00,296.01813846817373,297.0654589119605
2002-10-14 05:00:00,309.4793818492919,303.6239602157993
2002-10-14 06:00:00,313.58652687954424,305.33728182517876
2002-10-14 08:00:00,319.6845578280362,307.4355798377462
2002-10-14 09:00:00,318.42789279367594,307.59311070611193
2002-10-14 17:00:00,298.26034863300066,299.04511962796585
2002-10-14 18:00:00,297.626188469227,298.487235635014
2002-10-14 20:00:00,296.2620705955752,297.36311232180367
2002-10-14 21:00:00,295.68090206669365,296.82314301712677
2002-10-15 05:00:00,309.1156733061757,302.944771341991
2002-10-15 06:00:00,312.8551878848318,304.3326723777642
2002-10-15 08:00:00,315.13401540512297,305.5697525800284
2002-10-15 09:00:00,315.46891530746666,306.00683913502746
2002-10-15 17:00:00,297.3136311958678,298.28295254229766
2002-10-15 18:00:00,296.5551509769011,297.62594924244934
2002-10-15 20:00:00,295.48184133567867,296.70843219022356
2002-10-15 21:00:00,294.99080826064295,296.1870742821363
2002-10-16 05:00:00,309.24413126753,302.76914956867233
2002-10-16 06:00:00,312.9805819800896,304.0749643381645
2002-10-16 08:00:00,314.71628475336155,305.1797540838068
2002-10-16 09:00:00,314.0268287364801,305.30763493847957
2002-10-16 17:00:00,296.8157735392566,297.88218021245876
2002-10-16 18:00:00,295.9732306999124,297.1980777029264
2002-10-16 20:00:00,294.4206454566521,295.84047401557535
2002-10-16 21:00:00,293.79879255250717,295.33026924779864
2002-10-17 05:00:00,311.56108335427405,304.09427035056945
2002-10-17 06:00:00,315.2779449321823,305.5310920985711
2002-10-17 08:00:00,315.7417135370898,306.5033243705385
2002-10-17 09:00:00,315.5967647746458,306.7861768960585
2002-10-17 17:00:00,296.6120634387564,297.89837665293356
2002-10-17 18:00:00,295.6782184477396,297.1129343417834
2002-10-17 20:00:00,294.19756529915315,295.7375120330482
2002-10-17 21:00:00,293.39012794906074,294.97325940712574
2002-10-18 05:00:00,312.12662902267766,304.5415579115481
2002-10-18 06:00:00,316.37303323848585,305.9455445558521
2002-10-18 08:00:00,318.0806542206986,307.3365897955991
2002-10-18 09:00:00,316.980318560255,307.46320638083535
2002-10-18 17:00:00,296.04139819975444,298.3661822067754
2002-10-18 18:00:00,294.5662823458115,298.05357323221875
2002-10-18 20:00:00,292.8002209538488,295.10623086656005
2002-10-18 21:00:00,292.5075661022968,294.766757747609
2002-10-19 05:00:00,312.3967278102881,305.34561658015787
2002-10-19 06:00:00,316.28661801377876,306.92905323751535
2002-10-19 08:00:00,319.140922417075,307.968589841493
2002-10-19 09:00:00,318.3780744461506,308.11526557440385
2002-10-19 17:00:00,296.34149922281273,298.57747465583327
2002-10-19 18:00:00,294.9974545095294,298.07013811719804
2002-10-19 20:00:00,292.8411869936621,297.12420132347546
2002-10-19 21:00:00,291.9594468644293,295.6170256016618
2002-10-20 05:00:00,311.6713505114539,304.4470981309887
2002-10-20 06:00:00,314.74849323572477,306.00753652516795
2002-10-20 08:00:00,316.1416811245065,307.2877079239245
2002-10-20 09:00:00,315.57062672760526,307.43233552295
2002-10-20 17:00:00,298.17512900142344,299.294068958065
2002-10-20 18:00:00,297.0107143031797,298.4242954107205
2002-10-20 20:00:00,296.37264894741156,297.9499380761192
2002-10-20 21:00:00,296.3376298384233,297.6274163903
2002-10-21 05:00:00,309.0397289493602,304.1239236088122
2002-10-21 06:00:00,311.8844791406476,305.37710938064276
2002-10-21 08:00:00,315.7007244562699,306.7356010401745
2002-10-21 09:00:00,315.34337010552593,306.9167362207257
2002-10-21 17:00:00,296.01835771040487,297.82751866885803
2002-10-21 18:00:00,295.20210033352095,297.14768657478606
2002-10-21 20:00:00,294.4219281588938,296.1558997531885
2002-10-21 21:00:00,294.08988564701406,295.6906020953586
2002-10-22 05:00:00,308.1205587519336,302.9340142718816
2002-10-22 06:00:00,311.3027190456773,304.3685229614445
2002-10-22 08:00:00,313.78762405936266,305.3596814218766
2002-10-22 09:00:00,313.14612201990445,305.3791071064483
2002-10-22 17:00:00,294.64944977606024,295.934286108737
2002-10-22 18:00:00,293.8119681524385,295.2020832408558
2002-10-22 20:00:00,292.4288454217426,294.0598306053409
2002-10-22 21:00:00,291.8143426222133,293.4777416822907
2002-10-23 05:00:00,308.07015951241846,301.08821785431616
2002-10-23 06:00:00,311.19169981123304,302.4260599051124
2002-10-23 08:00:00,313.36782498352335,303.64942527735724
2002-10-23 09:00:00,312.82551840383945,303.84825475190195
2002-10-23 17:00:00,293.5654567724384,294.955896668515
2002-10-23 18:00:00,292.3781832326175,294.10678869403193
2002-10-23 20:00:00,290.4480419423437,295.3246878931078
2002-10-23 21:00:00,289.7722406137522,295.0798101674978
2002-10-24 05:00:00,310.55134403834177,302.30125638847176
2002-10-24 06:00:00,313.35366934142974,303.5084199126586
2002-10-24 08:00:00,315.9297194517632,304.8925059690314
2002-10-24 09:00:00,315.23384928886986,305.09797014844804
2002-10-24 17:00:00,293.69210084230394,295.1650969001288
2002-10-24 18:00:00,292.74505222596815,294.35883116171067
2002-10-24 20:00:00,291.1948189992567,292.97109837230806
2002-10-24 21:00:00,290.5411211669169,292.33389996968
2002-10-25 05:00:00,307.71851486417654,301.6100497018024
2002-10-25 06:00:00,311.9411510826076,303.04698580843274
2002-10-25 08:00:00,316.75281276614714,304.907673252382
2002-10-25 09:00:00,315.7820949466277,305.2347903964332
2002-10-25 17:00:00,293.6570458786881,295.1832352977688
2002-10-25 18:00:00,292.28730933802154,294.11155355068496
2002-10-25 20:00:00,290.1827452296652,294.2241662588252
2002-10-25 21:00:00,289.35598564441835,293.91020719883807
2002-10-26 05:00:00,311.1911231747761,303.28598810087186
2002-10-26 06:00:00,314.9670927873562,304.6069779124209
2002-10-26 08:00:00,316.58986723772,305.9393158194097
2002-10-26 09:00:00,315.589338187995,306.0092233854744
2002-10-26 17:00:00,292.5133054289502,297.41655720621117
2002-10-26 18:00:00,291.22640464559356,297.3530296008282
2002-10-26 20:00:00,289.52072056563134,293.241222222891
2002-10-26 21:00:00,288.97053045851794,292.1192179769507
2002-10-27 05:00:00,310.4211349134636,304.3205949404207
2002-10-27 06:00:00,313.08904309853204,305.38011138868995
2002-10-27 08:00:00,315.1637210228778,306.3160345374344
2002-10-27 09:00:00,314.61396754283936,306.3703328795352
2002-10-27 17:00:00,294.168989537126,296.29645292637707
2002-10-27 18:00:00,293.33577096994924,295.6008443259312
2002-10-27 20:00:00,291.86323126512247,294.2509267892235
2002-10-27 21:00:00,291.25752787303486,293.71947609735383
2002-10-28 05:00:00,308.95016138579336,304.46822654594814
2002-10-28 06:00:00,311.79812927716324,305.5098537450947
2002-10-28 08:00:00,314.7505720987893,306.41744569563906
2002-10-28 09:00:00,314.3352703923253,306.43228767759445
2002-10-28 17:00:00,294.24046944028976,296.4311121865671
2002-10-28 18:00:00,292.8095877108111,295.25144725734907
2002-10-28 20:00:00,290.7325940007238,293.4200406302289
2002-10-28 21:00:00,290.12139737404,292.7215572410078
2002-10-29 05:00:00,307.9565156722106,303.7167754797796
2002-10-29 06:00:00,310.9820453191208,305.08861067996736
2002-10-29 08:00:00,314.34359543716596,306.535488957433
2002-10-29 09:00:00,312.7213843394135,306.2994736728757
2002-10-29 17:00:00,295.36860043095146,297.3391497689881
2002-10-29 18:00:00,294.40368052807355,296.536930407508
2002-10-29 20:00:00,292.92078019951816,294.84019681815926
2002-10-29 21:00:00,292.3291657716725,294.24321914931477
2002-10-30 05:00:00,307.81575026313766,303.62758623543436
2002-10-30 06:00:00,310.91605190282974,305.12432927159574
2002-10-30 08:00:00,314.2089428776769,306.5568940055389
2002-10-30 09:00:00,313.1320402265881,306.41364635120743
2002-10-30 17:00:00,295.219600683368,296.91176585240066
2002-10-30 18:00:00,294.1304661966803,296.0379256379256
2002-10-30 20:00:00,292.9517873520109,295.0934195026227
2002-10-30 21:00:00,292.5738015196908,294.61710410566286
2002-10-31 05:00:00,309.58736933398137,303.51441713400726
2002-10-31 06:00:00,313.6671988982449,304.9771806102688
2002-10-31 08:00:00,315.51490628517286,306.05653703451526
2002-10-31 09:00:00,314.4130514230126,306.0165350727381
2002-10-31 17:00:00,293.96175331621214,295.90523661891194
2002-10-31 18:00:00,292.8232093893325,294.9065129731212
2002-10-31 20:00:00,291.141913627072,293.33562755143885
2002-10-31 21:00:00,290.7210825492495,292.7956384032827
2002-11-01 05:00:00,306.90695672409925,301.98228384056154
2002-11-01 06:00:00,310.774666032365,303.5872241286174
2002-11-01 08:00:00,315.791818815681,305.1025923154387
2002-11-01 09:00:00,315.75283693569287,305.2509906692388
2002-11-01 17:00:00,293.79830239035863,295.33406595897236
2002-11-01 18:00:00,293.0317450995071,294.71425333596153
2002-11-01 20:00:00,292.27002284633363,294.0815787763551
2002-11-01 21:00:00,291.8538655426543,293.65166067819933
2002-11-02 05:00:00,306.495967353621,301.88407705157124
2002-11-02 06:00:00,309.914450623405,303.52076923387995
2002-11-02 08:00:00,313.7650314119454,304.75680817073595
2002-11-02 09:00:00,313.36617129756416,304.72686182148465
2002-11-02 17:00:00,293.00963802954817,294.6323446029875
2002-11-02 18:00:00,291.7138294989964,293.6549547192496
2002-11-02 20:00:00,290.4546831363155,292.6266112011644
2002-11-02 21:00:00,290.17979687424764,292.23332922043534
2002-11-03 05:00:00,308.0309655611247,302.61281659753735
2002-11-03 06:00:00,311.8543783226072,303.9543084143123
2002-11-03 08:00:00,315.67820817333154,304.82797285882276
2002-11-03 09:00:00,314.1749663742371,304.7570851800621
2002-11-03 17:00:00,292.09759954091027,294.7662553596203
2002-11-03 18:00:00,290.88094690731384,293.06980338779914
2002-11-03 20:00:00,290.29379295972166,292.8146704628214
2002-11-03 21:00:00,290.49816400795396,292.80902628612085
2002-11-04 05:00:00,306.2454021436224,301.742273221949
2002-11-04 06:00:00,310.1507142570978,303.6052269840094
2002-11-04 08:00:00,314.70255193725023,304.7639050829025
2002-11-04 09:00:00,315.1917716145332,304.8849995852619
2002-11-04 17:00:00,293.84512947446945,295.2775336737258
2002-11-04 18:00:00,293.06877803949436,294.58052864721265
2002-11-04 20:00:00,291.80107880814234,293.31894280620276
2002-11-04 21:00:00,291.30230313199695,292.81289204978066
2002-11-05 05:00:00,304.80614315085865,300.9922496636953
2002-11-05 06:00:00,308.16384424524057,302.7879720961185
2002-11-05 08:00:00,312.1700202930139,304.53337644979655
2002-11-05 09:00:00,312.3969782284118,304.6184611033953
2002-11-05 17:00:00,294.7547415100004,296.06680335469537
2002-11-05 18:00:00,294.06476598895387,295.37558152679304
2002-11-05 20:00:00,292.892658556922,294.2129516836674
2002-11-05 21:00:00,292.3552481441174,293.5666855634269
2002-11-06 05:00:00,302.4062706663722,300.40403796932185
2002-11-06 06:00:00,306.83008113443765,302.4139077725874
2002-11-06 08:00:00,309.21346284134546,303.268222897005
2002-11-06 09:00:00,308.828481806445,303.2378797487045
2002-11-06 17:00:00,293.217166283465,294.2506099518716
2002-11-06 18:00:00,292.58664923199154,293.63790341040755
2002-11-06 20:00:00,291.11330739448914,292.4460762623462
2002-11-06 21:00:00,290.6137028769095,292.0464452382045
2002-11-07 05:00:00,303.66213916373,299.3422508533637
2002-11-07 06:00:00,307.78648073169967,301.4588730493202
2002-11-07 08:00:00,311.99486246682096,303.2742446405679
2002-11-07 09:00:00,311.9162617170572,303.5415833977227
2002-11-07 17:00:00,293.51902919116856,294.4942535964661
2002-11-07 18:00:00,292.7335047552876,293.76035808451553
2002-11-07 20:00:00,291.45786879058977,292.8786868667015
2002-11-07 21:00:00,291.0215615858834,292.4226434410813
2002-11-08 05:00:00,303.8266341058058,299.3252081731435
2002-11-08 06:00:00,307.27595783345316,300.83725511642007
2002-11-08 08:00:00,310.18527155848244,302.35696585115926
2002-11-08 09:00:00,310.34424890832645,302.6113477333668
2002-11-08 17:00:00,292.7972036164788,294.07546827789446
2002-11-08 18:00:00,292.1435884026056,293.49964472178505
2002-11-08 20:00:00,291.20538132583783,292.6422117729951
2002-11-08 21:00:00,290.91189873787954,292.27126952936914
2002-11-09 05:00:00,303.0556240463845,298.76219125521385
2002-11-09 06:00:00,306.03019888338576,300.1293361763741
2002-11-09 08:00:00,310.05399072115154,301.8310670073851
2002-11-09 09:00:00,310.06765359134994,302.06909894428924
2002-11-09 17:00:00,292.81264062067396,294.0696493657234
2002-11-09 18:00:00,292.17640055934163,293.4874254646948
2002-11-09 20:00:00,290.83089716225084,292.0120773668098
2002-11-09 21:00:00,290.3418619305768,291.4688589510455
2002-11-10 05:00:00,303.282593431752,298.4244087583662
2002-11-10 06:00:00,306.7210806683509,299.8992325793062
2002-11-10 08:00:00,310.61280004563065,301.177186093088
2002-11-10 09:00:00,310.51870073926835,301.4141928697771
2002-11-10 17:00:00,292.96379644220525,293.9264468764671
2002-11-10 18:00:00,292.01747340597615,292.9419295394733
2002-11-10 20:00:00,291.2574897378178,292.54625872360725
2002-11-10 21:00:00,290.9650978828983,292.12407981743246
2002-11-11 05:00:00,303.68801414360433,298.317926603767
2002-11-11 06:00:00,306.4655492280041,299.3014793689887
2002-11-11 08:00:00,308.40610992008436,299.7594599084604
2002-11-11 09:00:00,307.1428399460709,299.34169871560965
2002-11-11 17:00:00,290.9735857195039,291.5501309763669
2002-11-11 18:00:00,289.7413109307664,291.008070465229
2002-11-11 20:00:00,289.4188412282794,290.9126602666587
2002-11-11 21:00:00,289.3398429035957,290.5744398025959
2002-11-12 05:00:00,299.8850020539412,295.9941185479539
2002-11-12 06:00:00,303.1087995391046,297.53942889902737
2002-11-12 08:00:00,306.64791284687533,298.4416079998751
2002-11-12 09:00:00,305.92514628217845,298.1736017588658
2002-11-12 17:00:00,291.17791310737977,291.9971748199228
2002-11-12 18:00:00,290.7336001403526,291.59575287476525
2002-11-12 20:00:00,290.30646758233826,291.29870217533437
2002-11-12 21:00:00,289.91310074957573,290.90646597417003
2002-11-13 05:00:00,301.8887382236946,297.06212995673184
2002-11-13 06:00:00,305.6714966102448,298.43105380818
2002-11-13 08:00:00,310.0830190038461,299.9245509778039
2002-11-13 09:00:00,309.17885651904373,299.9741173084418
2002-11-13 17:00:00,291.2848507450615,292.25428449868787
2002-11-13 18:00:00,290.4579446143104,291.50047852408903
2002-11-13 20:00:00,289.2682132103777,290.55012587442974
2002-11-13 21:00:00,288.7245611534648,289.98901435370067
2002-11-14 05:00:00,303.2985694309229,296.6406025702854
2002-11-14 06:00:00,307.29547598769744,298.2084404191545
2002-11-14 08:00:00,309.8832946683299,300.0341836138756
2002-11-14 09:00:00,308.73811921059445,300.31528365924294
2002-11-14 17:00:00,289.80627721189904,291.1162691277973
2002-11-14 18:00:00,288.96135957362293,290.3845423153258
2002-11-14 20:00:00,287.41425590338804,288.9232395683489
2002-11-14 21:00:00,286.56544788519295,288.17473279015496
2002-11-15 05:00:00,304.2266504320048,297.08340498772907
2002-11-15 06:00:00,307.9212682221447,298.63395258311317
2002-11-15 08:00:00,310.5490742405685,300.4274803831691
2002-11-15 09:00:00,309.9357642363326,300.8535048333449
2002-11-15 17:00:00,289.86755493352155,291.5224192285758
2002-11-15 18:00:00,288.92767310473147,290.71758560627376
2002-11-15 20:00:00,286.8773917505297,288.8488691473962
2002-11-15 21:00:00,286.04000504174843,288.25649384908576
2002-11-16 05:00:00,304.2223227196739,298.5557684993891
2002-11-16 06:00:00,308.24441902148885,299.98366157519985
2002-11-16 08:00:00,311.9162470225377,301.80252373787954
2002-11-16 09:00:00,311.3471252018204,302.1950730851325
2002-11-16 17:00:00,290.56698671878763,292.3483960779128
2002-11-16 18:00:00,289.43166376005155,291.3848341837503
2002-11-16 20:00:00,287.2183428324977,292.1571343749624
2002-11-16 21:00:00,286.5176312133601,292.47603857572346
2002-11-17 05:00:00,306.3683264075516,300.16395820417824
2002-11-17 06:00:00,309.42432689225916,301.5169228434747
2002-11-17 08:00:00,311.0179749710718,302.79459473972884
2002-11-17 09:00:00,310.37910329762883,302.99776683272495
2002-11-17 17:00:00,290.49325552118944,292.5898487108698
2002-11-17 18:00:00,289.2343323036041,291.6300702910578
2002-11-17 20:00:00,287.50549328161867,292.5714416974131
2002-11-17 21:00:00,286.8850340997493,292.73973753566185
2002-11-18 05:00:00,306.36746730716277,300.6172803928746
2002-11-18 06:00:00,309.08664923199154,301.8513017369345
2002-11-18 08:00:00,310.8189708551016,303.0559106247818
2002-11-18 09:00:00,310.22917064790187,303.1496648332922
2002-11-18 17:00:00,290.3069072658733,294.0503364645278
2002-11-18 18:00:00,289.25336880676554,292.7836148771924
2002-11-18 20:00:00,287.82260844226244,290.5474630394041
2002-11-18 21:00:00,287.45130993294975,290.2110558320268
2002-11-19 05:00:00,305.04481746162213,300.97493883788314
2002-11-19 06:00:00,308.3715387470733,302.2359462790938
2002-11-19 08:00:00,310.7514918816659,303.2601708175589
2002-11-19 09:00:00,310.2361030754948,303.3073816990081
2002-11-19 17:00:00,291.27428768963216,293.4818482009582
2002-11-19 18:00:00,290.5352004981371,292.76376323964456
2002-11-19 20:00:00,289.33134150100966,291.276233267527
2002-11-19 21:00:00,288.54680143335753,290.5045859596946
2002-11-20 05:00:00,303.2354597611861,298.31961750800514
2002-11-20 06:00:00,306.9250406227053,299.8418327531389
2002-11-20 08:00:00,309.387494079872,301.0127306498805
2002-11-20 09:00:00,308.7223557529538,301.11373337097643
2002-11-20 17:00:00,289.386021712528,291.09353910425597
2002-11-20 18:00:00,288.4684609999459,290.2957471192159
2002-11-20 20:00:00,286.79452112606384,288.82804783613915
2002-11-20 21:00:00,286.09132399360647,288.19249568992115
2002-11-21 05:00:00,301.71876114432365,297.6789939892127
2002-11-21 06:00:00,305.026778798625,299.17753800919684
2002-11-21 08:00:00,308.8692783302813,300.73564209078415
2002-11-21 09:00:00,309.14916597198817,301.1115195299334
2002-11-21 17:00:00,290.6579331220206,292.1811648752362
2002-11-21 18:00:00,289.8668073233912,291.44341460288217
2002-11-21 20:00:00,288.4712806078612,290.0995669372277
2002-11-21 21:00:00,287.8775677320953,289.48914397111844
2002-11-22 05:00:00,301.37268799956666,297.3616720708016
2002-11-22 06:00:00,305.18117987540177,299.1766077873336
2002-11-22 08:00:00,309.82264140500865,300.8347990391618
2002-11-22 09:00:00,310.3707091062572,301.2720671713995
2002-11-22 17:00:00,289.9498755362442,291.5264863659311
2002-11-22 18:00:00,288.9293943619691,290.60022673290945
2002-11-22 20:00:00,287.165006522956,288.89087769871315
2002-11-22 21:00:00,286.3704136171033,288.15060363675485
2002-11-23 05:00:00,303.07750641950656,298.13914122970886
2002-11-23 06:00:00,307.19847382015,299.84338926717936
2002-11-23 08:00:00,311.9354737080485,301.5382447323556
2002-11-23 09:00:00,311.18762098879586,301.79288312209593
2002-11-23 17:00:00,292.352018852998,293.4038209841688
2002-11-23 18:00:00,291.4104130396674,292.56056495513684
2002-11-23 20:00:00,289.449260647014,292.2832333604434
2002-11-23 21:00:00,288.9403002816834,291.86116451034195
2002-11-24 05:00:00,300.8731211234682,297.81903708624
2002-11-24 06:00:00,303.33255087172125,299.0417936351524
2002-11-24 08:00:00,307.60709107197675,300.8980624253283
2002-11-24 09:00:00,306.54485420967654,300.940154535561
2002-11-24 17:00:00,292.1175296119255,293.4246793726376
2002-11-24 18:00:00,291.3669348247981,292.806546462519
2002-11-24 20:00:00,289.9228926836434,291.4934879061989
2002-11-24 21:00:00,289.2524871120835,290.8827838162979
2002-11-25 05:00:00,304.48600738478365,298.88022906240224
2002-11-25 06:00:00,308.24900006733617,300.29627913135596
2002-11-25 08:00:00,310.51891574947786,301.5429015549012
2002-11-25 09:00:00,309.79890930928144,301.79568979883413
2002-11-25 17:00:00,289.15514161002653,291.15396383840977
2002-11-25 18:00:00,287.99527915637185,290.175328964445
2002-11-25 20:00:00,286.17990977517996,288.4141626108226
2002-11-25 21:00:00,285.45443100187185,287.7370939093121
2002-11-26 05:00:00,302.6862972829669,298.05518605565806
2002-11-26 06:00:00,306.70366611098655,299.6209417498902
2002-11-26 08:00:00,311.05199064422277,301.360632615758
2002-11-26 09:00:00,311.1463962313942,301.6627899781214
2002-11-26 17:00:00,289.78879846887344,291.3897170197615
2002-11-26 18:00:00,288.82550410901086,290.57245065838976
2002-11-26 20:00:00,287.0197195984733,288.7581107634793
2002-11-26 21:00:00,286.1815066815157,287.94547402215846
2002-11-27 05:00:00,302.1415439599835,297.8734815741541
2002-11-27 06:00:00,306.03432778474547,299.7599256659509
2002-11-27 08:00:00,310.1888552108788,301.6738082109872
2002-11-27 09:00:00,310.333360951193,301.96912135989714
2002-11-27 17:00:00,290.9518801038181,292.0839022737806
2002-11-27 18:00:00,290.0373085856622,291.2357412611575
2002-11-27 20:00:00,288.7745188050351,290.1977300423503
2002-11-27 21:00:00,288.08550352969417,289.53890071921796
2002-11-28 05:00:00,300.47206896295535,296.894518130733
2002-11-28 06:00:00,304.30437054509196,298.87179146929776
2002-11-28 08:00:00,309.07645170567395,301.32133220560934
2002-11-28 09:00:00,309.6663587949309,301.78393331330807
2002-11-28 17:00:00,291.2237978848545,292.52219067589715
2002-11-28 18:00:00,290.39602179152575,291.6211197299105
2002-11-28 20:00:00,288.8200330219945,289.9971189807486
2002-11-28 21:00:00,288.15567766609837,289.3812406096143
2002-11-29 05:00:00,300.63590765954535,296.90123488980197
2002-11-29 06:00:00,304.35858838473706,298.7358814821405
2002-11-29 08:00:00,308.03316329697435,300.38961154837824
2002-11-29 09:00:00,308.131322945946,300.61860898903967
2002-11-29 17:00:00,289.4216380067893,290.77797970529326
2002-11-29 18:00:00,288.55934103097314,290.00682547500213
2002-11-29 20:00:00,287.10818836464904,288.6574843631504
2002-11-29 21:00:00,286.4343908512721,288.0331101380805
2002-11-30 05:00:00,301.3693762310481,296.28044062586525
2002-11-30 06:00:00,305.56596496770123,297.9016662973836
2002-11-30 08:00:00,309.52502892821883,299.8808032301798
2002-11-30 09:00:00,308.90332724831325,300.2797301869914
2002-11-30 17:00:00,288.3162905512312,290.16977887969165
2002-11-30 18:00:00,286.89118896390335,289.37186249672726
2002-11-30 20:00:00,284.86182811484315,287.41085871856643
2002-11-30 21:00:00,284.17052150544106,286.87759512267974
2002-12-01 05:00:00,301.33284288121297,296.71995913559925
2002-12-01 06:00:00,305.182724563293,298.0932080661204
2002-12-01 08:00:00,308.4484386473481,299.33381911455575
2002-12-01 09:00:00,308.05073415700383,299.6172332763672
2002-12-01 17:00:00,287.6712760748959,289.21856722368847
2002-12-01 18:00:00,286.8808179952331,288.46749221966337
2002-12-01 20:00:00,285.40079080966666,286.98401951018394
2002-12-01 21:00:00,284.73546570952755,286.36755834265006
2002-12-02 05:00:00,299.4315116423855,294.4412878004171
2002-12-02 06:00:00,303.3849029776128,296.103299039538
2002-12-02 08:00:00,308.2179045596365,298.21145850888394
2002-12-02 09:00:00,308.3585168635717,298.6111775825865
2002-12-02 17:00:00,286.9087025740848,288.5581923192381
2002-12-02 18:00:00,285.8624166009606,287.7150390577978
2002-12-02 20:00:00,284.32822814377136,286.3857186292463
2002-12-02 21:00:00,283.7316744294483,285.74745006590666
2002-12-03 05:00:00,298.1126881556812,294.38397623541175
2002-12-03 06:00:00,302.13176810759796,296.40437669563005
2002-12-03 08:00:00,306.80056555796483,298.273581177134
2002-12-03 09:00:00,307.26996437390153,298.65577140537727
2002-12-03 17:00:00,287.6600155587924,289.06270838004235
2002-12-03 18:00:00,286.7895296211419,288.35479195569803
2002-12-03 20:00:00,285.0756320806424,286.64676822609454
2002-12-03 21:00:00,284.25608418939294,286.0055379764692
2002-12-04 05:00:00,297.3347075569612,294.08773293517226
2002-12-04 06:00:00,301.3505977636493,296.23893086531865
2002-12-04 08:00:00,305.92199883365487,298.2193804771764
2002-12-04 09:00:00,306.38635881656126,298.5385217181707
2002-12-04 17:00:00,288.09956124750966,289.4080170336049
2002-12-04 18:00:00,287.3116399121395,288.70181178018015
2002-12-04 20:00:00,285.8823137327409,287.30544204594355
2002-12-04 21:00:00,285.25100635123,286.72026308879646
2002-12-05 05:00:00,297.4126416222524,293.99937297897463
2002-12-05 06:00:00,301.3495569214432,296.1759627331938
2002-12-05 08:00:00,305.6785268680707,298.2563127185604
2002-12-05 09:00:00,306.1755162549129,298.6009767646966
2002-12-05 17:00:00,288.8939805699423,290.1697745536252
2002-12-05 18:00:00,288.41441157124996,289.7344018498261
2002-12-05 20:00:00,287.42848776889326,288.7275772447395
2002-12-05 21:00:00,286.65921051072417,288.0355523907349
2002-12-06 05:00:00,297.8169293513834,294.5558064700275
2002-12-06 06:00:00,301.58867173863484,296.60442499240116
2002-12-06 08:00:00,305.9075842388606,298.66997860760097
2002-12-06 09:00:00,306.3010012681018,298.9907497882108
2002-12-06 17:00:00,289.521587072058,290.7273453064435
2002-12-06 18:00:00,288.77850788510267,289.92293963557216
2002-12-06 20:00:00,287.2511638999904,288.3572253916407
2002-12-06 21:00:00,286.60668235273323,287.75133144102404
2002-12-07 05:00:00,297.09357841503453,294.04766058076876
2002-12-07 06:00:00,300.6961236844996,296.1501428636454
2002-12-07 08:00:00,304.55328192806394,298.1801128181728
2002-12-07 09:00:00,304.9211495374495,298.64972692645387
2002-12-07 17:00:00,289.84998499043,291.0116504263621
2002-12-07 18:00:00,289.1648609414123,290.3350066668447
2002-12-07 20:00:00,288.2441126701461,289.45442524162024
2002-12-07 21:00:00,287.8075186049075,289.0255011277868
2002-12-08 05:00:00,298.6863819469105,295.5345343779342
2002-12-08 06:00:00,302.3867544635603,297.40378498847383
2002-12-08 08:00:00,307.7645944322019,299.41746438706787
2002-12-08 09:00:00,308.52915559601166,299.828994186707
2002-12-08 17:00:00,290.31632525380843,291.19321402856866
2002-12-08 18:00:00,289.4056589511584,290.33112529172735
2002-12-08 20:00:00,287.88305666413623,288.9709199220631
2002-12-08 21:00:00,287.148844643991,288.2665011695427
2002-12-09 05:00:00,298.11852216206273,294.5801161191497
2002-12-09 06:00:00,301.99738743198674,296.4020992802178
2002-12-09 08:00:00,307.05445309302473,298.5094676671667
2002-12-09 09:00:00,307.8305158571029,298.99062506112926
2002-12-09 17:00:00,288.74764605553014,289.67740112680866
2002-12-09 18:00:00,287.8123533134285,288.8293459147261
2002-12-09 20:00:00,286.58393542461664,287.7650211845598
2002-12-09 21:00:00,286.02567207794897,287.23629607919185
2002-12-10 05:00:00,299.4794563798948,295.15633019680973
2002-12-10 06:00:00,303.31010451118453,296.96534432762394
2002-12-10 08:00:00,307.7107158831345,299.07848850714595
2002-12-10 09:00:00,307.8555621601216,299.5928268315061
2002-12-10 17:00:00,288.57944271046506,289.7423246645229
2002-12-10 18:00:00,287.6418897866835,288.92742889357277
2002-12-10 20:00:00,286.02579407772777,287.47852437117797
2002-12-10 21:00:00,285.4293011634486,286.9870915817002
2002-12-11 05:00:00,297.95239544649525,294.2154539604951
2002-12-11 06:00:00,302.2270311963944,296.4393391425511
2002-12-11 08:00:00,307.211315254952,298.6964357725828
2002-12-11 09:00:00,307.5966653926714,299.2259714981808
2002-12-11 17:00:00,288.2517282870959,289.86390450922846
2002-12-11 18:00:00,287.6489738146954,289.2065602259937
2002-12-11 20:00:00,286.79581327982055,288.20126218163915
2002-12-11 21:00:00,286.38479781187556,287.7337063640954
2002-12-12 05:00:00,297.80606166093116,294.4267781967375
2002-12-12 06:00:00,301.97417392348655,296.74719623865445
2002-12-12 08:00:00,307.5448722192797,299.2732064081083
2002-12-12 09:00:00,308.18830039284444,299.7976200709174
2002-12-12 17:00:00,289.72106714939304,291.06246612031583
2002-12-12 18:00:00,288.9476726984574,290.4437530705668
2002-12-12 20:00:00,287.9625025486175,289.4634196982361
2002-12-12 21:00:00,287.313648711735,288.7761041203339
2002-12-13 05:00:00,299.3214405923853,295.70743801781134
2002-12-13 06:00:00,303.651488905144,297.8413633749188
2002-12-13 08:00:00,309.2504892922329,300.1902651794152
2002-12-13 09:00:00,309.72960146770276,300.73556673728814
2002-12-13 17:00:00,289.86185167309685,291.2317081210426
2002-12-13 18:00:00,288.81548841855556,290.26980021848516
2002-12-13 20:00:00,287.37199766279554,288.743589192583
2002-12-13 21:00:00,286.66733484018386,287.9508695205665
2002-12-14 05:00:00,301.7751842199011,297.02686553155695
2002-12-14 06:00:00,306.500297934322,298.9620654513178
2002-12-14 08:00:00,310.9033183610678,301.060969160224
2002-12-14 09:00:00,310.7801765006937,301.59927789015103
2002-12-14 17:00:00,289.99370324556565,291.4408521608138
2002-12-14 18:00:00,288.9309714248257,290.4866272113724
2002-12-14 20:00:00,286.87434304917724,289.23029723556823
2002-12-14 21:00:00,286.0320120695376,289.1101889588249
2002-12-15 05:00:00,302.1759354131431,297.9202728741709
2002-12-15 06:00:00,306.4810904104648,299.7660545737057
2002-12-15 08:00:00,311.06362381334117,301.6612327117215
2002-12-15 09:00:00,310.9898947082426,302.1304744256113
2002-12-15 17:00:00,290.21702157183677,291.67378808537325
2002-12-15 18:00:00,289.10266132090237,290.7102015279291
2002-12-15 20:00:00,287.3110866693576,289.0803744605583
2002-12-15 21:00:00,286.62037336587537,288.554109735004
2002-12-16 05:00:00,300.6662470695602,297.5964765504623
2002-12-16 06:00:00,304.92978272048646,299.83946860479466
2002-12-16 08:00:00,309.8938997383294,302.3332437006829
2002-12-16 09:00:00,310.25833807006273,302.8153833233521
2002-12-16 17:00:00,290.5394946364299,291.93725240322397
2002-12-16 18:00:00,289.23796800986645,290.86017929570886
2002-12-16 20:00:00,288.22988825770113,290.3226308014434
2002-12-16 21:00:00,287.999794699929,289.998365240582
2002-12-17 05:00:00,301.5003894870564,297.44679213231444
2002-12-17 06:00:00,306.40138540870424,299.7668822395783
2002-12-17 08:00:00,311.12816792680593,301.8415212528364
2002-12-17 09:00:00,310.6789128519538,302.23780756922463
2002-12-17 17:00:00,290.49253588942423,292.0691817273344
2002-12-17 18:00:00,289.44347349851637,291.1591515915787
2002-12-17 20:00:00,287.93346859971626,289.62685668192955
2002-12-17 21:00:00,287.3727974913705,289.0231680142677
2002-12-18 05:00:00,301.51267991264353,297.95886385642876
2002-12-18 06:00:00,305.79495276875787,299.87031562229146
2002-12-18 08:00:00,309.6007459549397,301.6836541738642
2002-12-18 09:00:00,309.1689438783149,301.9751508621663
2002-12-18 17:00:00,290.20727280438956,292.0307225490388
2002-12-18 18:00:00,289.3884864184081,291.3356462898901
2002-12-18 20:00:00,288.3422773505213,290.43931316264053
2002-12-18 21:00:00,287.944455515622,290.0134978683777
2002-12-19 05:00:00,299.55396920837495,296.7512718165417
2002-12-19 06:00:00,303.6545290484083,298.82671942806394
2002-12-19 08:00:00,307.54430524593874,300.64376910992877
2002-12-19 09:00:00,307.61707657401115,300.9143965710844
2002-12-19 17:00:00,289.9698617520795,291.74053832819726
2002-12-19 18:00:00,289.14861691420543,291.079022658808
2002-12-19 20:00:00,287.9244738844767,289.89396646320364
2002-12-19 21:00:00,287.34866121406736,289.3435595825384
2002-12-20 05:00:00,301.16118145723743,296.95665852645146
2002-12-20 06:00:00,305.1068598860401,298.5179623690519
2002-12-20 08:00:00,307.65158048138966,299.8343230542858
2002-12-20 09:00:00,306.7664254163557,299.96629498074714
2002-12-20 17:00:00,290.86687451849,291.967185304051
2002-12-20 18:00:00,289.81249174755783,291.02233665713175
2002-12-20 20:00:00,287.81518171454434,290.7695580057811
2002-12-20 21:00:00,287.15614861957096,289.6490470521806
2002-12-21 05:00:00,301.19995396971154,296.66942708113896
2002-12-21 06:00:00,305.3589766727207,298.11892505052094
2002-12-21 08:00:00,309.8824716341698,299.6966311038918
2002-12-21 09:00:00,309.5491507226036,299.93150435390385
2002-12-21 17:00:00,290.4054041834569,291.63955277030016
2002-12-21 18:00:00,289.6936947862246,291.07471615360777
2002-12-21 20:00:00,288.865861654649,290.05615958520923
2002-12-21 21:00:00,288.30974001656693,289.453104662785
2002-12-22 05:00:00,299.20818341788606,295.8575410064086
2002-12-22 06:00:00,302.8500201397207,297.58042928874954
2002-12-22 08:00:00,307.0334045927404,298.9966594772457
2002-12-22 09:00:00,307.5243680510205,299.3292884767882
2002-12-22 17:00:00,289.8954217143713,291.1450592182083
2002-12-22 18:00:00,289.20740630116046,290.53137557348595
2002-12-22 20:00:00,287.72958334054346,288.9036452142043
2002-12-22 21:00:00,287.16192652815477,288.3381941314839
2002-12-23 05:00:00,297.0530946846185,294.5141642707155
2002-12-23 06:00:00,300.6368636262067,296.54038430141924
2002-12-23 08:00:00,304.56009933871377,298.8240354329302
2002-12-23 09:00:00,305.14210583138725,299.38518986165616
2002-12-23 17:00:00,288.366654171231,290.1394256920954
2002-12-23 18:00:00,287.39907709953417,289.01462880562195
2002-12-23 20:00:00,286.1908376308729,287.6286602049653
2002-12-23 21:00:00,285.60898196274775,287.0555587086729
2002-12-24 05:00:00,299.45018781241725,293.9642463296147
2002-12-24 06:00:00,303.5601136335423,296.0872047318516
2002-12-24 08:00:00,305.521352288903,297.82799679325615
2002-12-24 09:00:00,304.7732244412227,297.87831129829397
2002-12-24 17:00:00,288.75926629347134,289.65602281097273
2002-12-24 18:00:00,287.7475030131994,288.7313746847614
2002-12-24 20:00:00,286.8724335375112,287.7570689338014
2002-12-24 21:00:00,286.3582728405028,287.1672051287212
2002-12-25 05:00:00,296.66012881239317,291.82613120057
2002-12-25 06:00:00,301.4008946587749,293.94073131308534
2002-12-25 08:00:00,306.4019471155293,295.7154650107738
2002-12-25 09:00:00,306.0900473807736,296.14951680658044
2002-12-25 17:00:00,286.57985756613994,287.08628280945294
2002-12-25 18:00:00,285.7859723953694,286.41460596210965
2002-12-25 20:00:00,284.26351446730695,284.9501473025659
2002-12-25 21:00:00,283.7605769740782,284.5436513985985
2002-12-26 05:00:00,296.528023295116,291.26929312825024
2002-12-26 06:00:00,300.6347698805329,293.1669584018607
2002-12-26 08:00:00,304.64581825479706,295.1763478001388
2002-12-26 09:00:00,304.24408586734256,295.6500918677849
2002-12-26 17:00:00,286.4760390224369,286.99585544016037
2002-12-26 18:00:00,285.5712526906253,286.23342234842215
2002-12-26 20:00:00,284.2374960218997,285.11316602145575
2002-12-26 21:00:00,283.58512706785984,284.4885332433762
2002-12-27 05:00:00,294.51417623793213,290.01472334428263
2002-12-27 06:00:00,298.3459597500888,291.75927868389016
2002-12-27 08:00:00,302.34196608533114,293.7818388152747
2002-12-27 09:00:00,302.2860549433022,294.2193846621756
2002-12-27 17:00:00,285.09923575802463,286.2412335788157
2002-12-27 18:00:00,284.23327502704734,285.5519850485498
2002-12-27 20:00:00,282.54133170999256,283.99193416648365
2002-12-27 21:00:00,281.7675974042096,283.3120302926227
2002-12-28 05:00:00,296.0745402895982,290.6248158130146
2002-12-28 06:00:00,300.40453607826646,292.36262801395173
2002-12-28 08:00:00,304.4666214812151,294.22709016256226
2002-12-28 09:00:00,304.36199920607277,294.70942114314244
2002-12-28 17:00:00,284.562556426955,285.9308371756955
2002-12-28 18:00:00,283.5875424471769,285.0715294178168
2002-12-28 20:00:00,281.7459161461593,283.4496114580951
2002-12-28 21:00:00,281.0060954982951,282.88029766817493
2002-12-29 05:00:00,294.72296772679124,291.2344642016113
2002-12-29 06:00:00,298.6414499855923,293.0486223076819
2002-12-29 08:00:00,302.9347486922113,295.119773900013
2002-12-29 09:00:00,303.2715034661198,295.61386964207253
2002-12-29 17:00:00,286.2874065099402,287.6080617566689
2002-12-29 18:00:00,285.659804733582,287.006946769444
2002-12-29 20:00:00,284.5589428447612,285.9936609253494
2002-12-29 21:00:00,284.0049392864774,285.45716627500093
2002-12-30 05:00:00,293.3534684144478,290.4508104133312
2002-12-30 06:00:00,297.57326473477076,292.61025678872693
2002-12-30 08:00:00,299.05812940318344,293.8532091796123
2002-12-30 09:00:00,298.85737186661123,294.09377696738227
2002-12-30 17:00:00,285.199445703915,285.78822258477584
2002-12-30 18:00:00,284.9709959103624,285.21375271131524
2002-12-30 20:00:00,285.2232893604343,285.511207286676
2002-12-30 21:00:00,285.2169516729464,285.4424246624916
2002-12-31 05:00:00,288.03837345634656,287.2203207148242
2002-12-31 06:00:00,292.13449679758224,288.32615287792515
2002-12-31 08:00:00,293.5324940497776,288.8736893193931
2002-12-31 09:00:00,292.776901527252,288.9160918249004
2002-12-31 17:00:00,282.34819357567835,283.45112875540195
2002-12-31 18:00:00,281.7579978390357,282.95197659391096
2002-12-31 20:00:00,280.37969610981287,281.6200022175793
2002-12-31 21:00:00,279.6204324495995,280.98243953193463
