datetime_utc,skt,t2m
2011-01-01 05:00:00,291.37407196468126,288.59773969135966
2011-01-01 06:00:00,294.26414612004504,290.20063732364696
2011-01-01 08:00:00,296.36288259356337,291.57864885374283
2011-01-01 09:00:00,296.1032768449357,291.82407683620835
2011-01-01 17:00:00,280.6609961417129,282.05168050757175
2011-01-01 18:00:00,279.88837911314886,281.28724578716356
2011-01-01 20:00:00,278.5246337044221,279.7962536922038
2011-01-01 21:00:00,277.8275327755968,279.09163732778495
2011-01-02 05:00:00,290.053952844558,286.84190620222523
2011-01-02 06:00:00,293.51069723402594,288.6410963061411
2011-01-02 08:00:00,296.9140230246428,290.65581304376775
2011-01-02 09:00:00,297.04236241885803,291.22643542179526
2011-01-02 17:00:00,280.2061765227002,281.870248356659
2011-01-02 18:00:00,279.34905641435296,281.14040839102677
2011-01-02 20:00:00,277.96230519534265,279.9454192880122
2011-01-02 21:00:00,277.26503122385554,279.234355579723
2011-01-03 05:00:00,288.5803406278966,286.4113852761008
2011-01-03 06:00:00,292.0158312640315,288.2798810585622
2011-01-03 08:00:00,295.45668641077174,289.82688722772116
2011-01-03 09:00:00,295.8056057781578,290.4503452436215
2011-01-03 17:00:00,279.6899797765793,281.3635186429017
2011-01-03 18:00:00,278.6667151311513,280.49105759724995
2011-01-03 20:00:00,276.9296965048016,278.9694056106826
2011-01-03 21:00:00,276.4333087468552,278.46237650490696
2011-01-04 05:00:00,289.26791760366757,286.3978544684882
2011-01-04 06:00:00,292.8464755159681,288.3627621220146
2011-01-04 08:00:00,296.176404767852,290.123927652744
2011-01-04 09:00:00,296.2544264124795,290.6818471476551
2011-01-04 17:00:00,278.88969755246205,280.7431152766953
2011-01-04 18:00:00,277.6262650453071,280.0556264210188
2011-01-04 20:00:00,276.43187933453055,278.73553946425994
2011-01-04 21:00:00,275.9219595698988,278.4328902234282
2011-01-05 05:00:00,289.386181659434,286.39961407254395
2011-01-05 06:00:00,293.05695701563855,288.4455562409341
2011-01-05 08:00:00,296.78466068026836,290.7215681972416
2011-01-05 09:00:00,296.81954295389096,291.4383057063827
2011-01-05 17:00:00,279.4524082130938,280.72300327577284
2011-01-05 18:00:00,278.48695462877834,279.879987037788
2011-01-05 20:00:00,277.1640548823611,278.63275191155714
2011-01-05 21:00:00,276.7096445938839,278.1676012459448
2011-01-06 05:00:00,288.9077747268559,286.59798387900713
2011-01-06 06:00:00,292.92647927494374,289.26007653752174
2011-01-06 08:00:00,296.86933278229276,291.95065592103083
2011-01-06 09:00:00,297.2567456778833,292.65155222088976
2011-01-06 17:00:00,279.8060576169994,281.74954903107397
2011-01-06 18:00:00,278.7372281819536,280.8875541510678
2011-01-06 20:00:00,277.3137330465214,279.64518359262144
2011-01-06 21:00:00,276.8924013675637,279.17149769176143
2011-01-07 05:00:00,290.1230880666771,288.4018345437542
2011-01-07 06:00:00,294.0940729267608,290.78056885612034
2011-01-07 08:00:00,298.1922530069925,293.2468372221537
2011-01-07 09:00:00,298.5952129628515,293.8755566283991
2011-01-07 17:00:00,281.953379203432,283.58860536642914
2011-01-07 18:00:00,281.0981597430166,282.83385414629026
2011-01-07 20:00:00,279.42789403977116,281.33315327648756
2011-01-07 21:00:00,278.69826906083733,280.7143474043977
2011-01-08 05:00:00,290.7128606011578,289.4014993441307
2011-01-08 06:00:00,294.6285802667792,291.8635104374819
2011-01-08 08:00:00,298.42678351027575,294.2521264733078
2011-01-08 09:00:00,298.67935970641435,294.8555054040095
2011-01-08 17:00:00,282.2661164082437,283.2630678714699
2011-01-08 18:00:00,281.3798348260771,282.3722289897995
2011-01-08 20:00:00,279.91912148215556,280.95510156569753
2011-01-08 21:00:00,279.3852642276805,280.4005985348177
2011-01-09 05:00:00,287.67758256298004,285.1317951690251
2011-01-09 06:00:00,292.1112599189183,288.05963626150356
2011-01-09 08:00:00,296.1163650301095,290.7990871482344
2011-01-09 09:00:00,296.3364488927903,291.38105404799455
2011-01-09 17:00:00,279.82281689283843,280.9177588887501
2011-01-09 18:00:00,278.958418106996,280.11960868659116
2011-01-09 20:00:00,277.66014585803583,278.91101805418043
2011-01-09 21:00:00,277.0957449749916,278.3351426322949
2011-01-10 05:00:00,289.24868243060234,286.7272921240385
2011-01-10 06:00:00,293.72092704596616,289.1529386546836
2011-01-10 08:00:00,297.80552313618006,291.89255969219477
2011-01-10 09:00:00,297.8601633080716,292.5403841838631
2011-01-10 17:00:00,280.22544350646126,281.8439683488043
2011-01-10 18:00:00,278.86125853175554,280.9231397396611
2011-01-10 20:00:00,276.8658072966824,281.8398616890694
2011-01-10 21:00:00,276.2598258607744,281.9778845365316
2011-01-11 05:00:00,292.7771325250987,290.071013910561
2011-01-11 06:00:00,296.07586291391056,292.1993619569094
2011-01-11 08:00:00,299.3092020090629,294.7227677637697
2011-01-11 09:00:00,299.3540617673901,295.2994041031425
2011-01-11 17:00:00,280.7973183042647,283.8896674580861
2011-01-11 18:00:00,279.81741053224164,283.3940832905115
2011-01-11 20:00:00,278.5346324197684,283.79560906126613
2011-01-11 21:00:00,278.075177726099,283.7272653447461
2011-01-12 05:00:00,294.43060697723064,292.0231297850058
2011-01-12 06:00:00,297.7037803050366,293.94569606222615
2011-01-12 08:00:00,300.9970319656819,295.816457598529
2011-01-12 09:00:00,301.0055153116423,296.233352073352
2011-01-12 17:00:00,281.68937328085883,284.54605499878875
2011-01-12 18:00:00,281.00291043180164,283.7125948066888
2011-01-12 20:00:00,280.2736601983822,283.2158595527449
2011-01-12 21:00:00,280.0658380540751,283.1679895809509
2011-01-13 05:00:00,294.43478626315874,293.10351607171344
2011-01-13 06:00:00,298.06325840178556,295.15351409206767
2011-01-13 08:00:00,301.5605714912591,297.2564061051708
2011-01-13 09:00:00,301.75669853786474,297.7879275423353
2011-01-13 17:00:00,285.2343566847509,288.6923339561615
2011-01-13 18:00:00,284.2055351363125,286.8489882788048
2011-01-13 20:00:00,283.30184388711757,286.06388302466536
2011-01-13 21:00:00,283.0884218847807,285.9607314710808
2011-01-14 05:00:00,293.93078893064904,292.839277881687
2011-01-14 06:00:00,297.2329682760136,294.47441912211696
2011-01-14 08:00:00,299.6016276496218,295.74103006559824
2011-01-14 09:00:00,299.5048815664048,295.9645806593226
2011-01-14 17:00:00,284.73711083739863,286.99298711697384
2011-01-14 18:00:00,284.21813160759643,286.5518361049
2011-01-14 20:00:00,283.70809468649935,286.02159198590533
2011-01-14 21:00:00,283.3077908414539,285.2713485976397
2011-01-15 05:00:00,291.2872869318182,288.7841739272484
2011-01-15 06:00:00,294.4205151103862,290.4399103714248
2011-01-15 08:00:00,296.53528716053546,291.8365070360651
2011-01-15 09:00:00,296.31182231227126,292.1678757395693
2011-01-15 17:00:00,279.45251121579776,281.57326156075453
2011-01-15 18:00:00,278.5956668706815,280.78978866788754
2011-01-15 20:00:00,277.467720255095,279.87138394912694
2011-01-15 21:00:00,276.93558580959893,279.36416341490667
2011-01-16 05:00:00,289.62151798665616,286.54527609520954
2011-01-16 06:00:00,293.2022864954497,288.5680500142196
2011-01-16 08:00:00,297.1186764897845,290.98944453869836
2011-01-16 09:00:00,297.3388217873125,291.7044093480279
2011-01-16 17:00:00,278.9703690539156,283.92085421287413
2011-01-16 18:00:00,277.94978671081265,284.40776212483604
2011-01-16 20:00:00,276.6157425467516,283.75282144179147
2011-01-16 21:00:00,276.20386301754803,283.12526247938536
2011-01-17 05:00:00,294.2232607237547,290.33138490274246
2011-01-17 06:00:00,297.0441849154574,292.2884668899794
2011-01-17 08:00:00,300.117991607619,294.71526088626433
2011-01-17 09:00:00,300.1554266837051,295.4864593176702
2011-01-17 17:00:00,282.63604621123096,285.5322237646635
2011-01-17 18:00:00,282.008626976072,284.9666931669591
2011-01-17 20:00:00,281.1562146861307,284.3529528601695
2011-01-17 21:00:00,281.05448196481666,284.29646044997116
2011-01-18 05:00:00,292.38873462647615,291.15075770585304
2011-01-18 06:00:00,296.29843913167946,293.41152615539835
2011-01-18 08:00:00,300.20073919781186,295.43620471924953
2011-01-18 09:00:00,300.4309839328008,295.9130965645765
2011-01-18 17:00:00,282.81422273844527,284.83799311045686
2011-01-18 18:00:00,281.85171936693473,283.90132985166485
2011-01-18 20:00:00,280.59615129608954,282.6795699438439
2011-01-18 21:00:00,280.02715751753755,282.1198738462569
2011-01-19 05:00:00,291.2533629524689,288.69821474989317
2011-01-19 06:00:00,294.67835243824635,290.47768955789104
2011-01-19 08:00:00,298.4964510031584,292.3997988473102
2011-01-19 09:00:00,298.8638890388383,292.91075374091906
2011-01-19 17:00:00,280.98266034941827,283.6456615759522
2011-01-19 18:00:00,279.8450641132467,283.4791938299758
2011-01-19 20:00:00,278.4962970281051,284.35746927364215
2011-01-19 21:00:00,278.04777150675767,284.1443803784293
2011-01-20 05:00:00,293.1569382677828,290.53201688934
2011-01-20 06:00:00,296.31788734001077,292.1675127496705
2011-01-20 08:00:00,299.93190491475013,294.14178819465343
2011-01-20 09:00:00,300.3320046823087,294.7136632510804
2011-01-20 17:00:00,284.1735809044037,285.9729324599444
2011-01-20 18:00:00,283.3866603951241,285.3096798513262
2011-01-20 20:00:00,282.1866572634281,284.0815715113847
2011-01-20 21:00:00,281.6881099048491,283.6087870311296
2011-01-21 05:00:00,293.9865959649461,292.4381147481628
2011-01-21 06:00:00,298.13354398142576,294.7844264848941
2011-01-21 08:00:00,302.8295514263982,296.9863553510058
2011-01-21 09:00:00,303.3233119688343,297.54380746615135
2011-01-21 17:00:00,284.74268657290514,286.5746581043778
2011-01-21 18:00:00,283.77497915494246,285.8417210512793
2011-01-21 20:00:00,282.54739913587764,284.6735987024058
2011-01-21 21:00:00,282.1122631666657,284.2727861448502
2011-01-22 05:00:00,296.2685048436898,294.7571897109962
2011-01-22 06:00:00,299.79706760400614,296.46608824649104
2011-01-22 08:00:00,303.08176018901526,298.0566275292443
2011-01-22 09:00:00,303.0137101277732,298.1925826814766
2011-01-22 17:00:00,288.62968562380377,289.87304029185526
2011-01-22 18:00:00,288.5205161354759,289.671992038909
2011-01-22 20:00:00,287.3056117735217,288.4547327685246
2011-01-22 21:00:00,286.78726377325546,287.9684578024184
2011-01-23 05:00:00,294.12779682553236,292.09630766928836
2011-01-23 06:00:00,297.77191317283507,294.07003363328647
2011-01-23 08:00:00,302.26306857680686,296.02340362031583
2011-01-23 09:00:00,303.0553460025641,296.4684333272267
2011-01-23 17:00:00,286.8073493240427,288.1259163032144
2011-01-23 18:00:00,286.0871198327956,287.47377644261155
2011-01-23 20:00:00,285.1527254548389,286.5680483214109
2011-01-23 21:00:00,284.897624646203,286.23101787831644
2011-01-24 05:00:00,292.294900926493,290.78190575174995
2011-01-24 06:00:00,295.20702125772675,292.3735274915887
2011-01-24 08:00:00,300.92944526378477,295.00421163738235
2011-01-24 09:00:00,301.7795964551082,295.49378283108325
2011-01-24 17:00:00,286.0904920722009,287.54513876610804
2011-01-24 18:00:00,285.26836003801674,286.7506334160803
2011-01-24 20:00:00,284.04852986152076,285.57823964076346
2011-01-24 21:00:00,283.55220821715653,285.04901887161896
2011-01-25 05:00:00,292.8878043575904,290.96460746212625
2011-01-25 06:00:00,296.2385420600879,292.8192431856928
2011-01-25 08:00:00,300.61164223504915,295.1889604941722
2011-01-25 09:00:00,301.29029716879637,295.6689316289634
2011-01-25 17:00:00,283.42484853594624,287.486516544007
2011-01-25 18:00:00,282.36237070703726,286.6395149172179
2011-01-25 20:00:00,280.4155347732991,282.8738339369763
2011-01-25 21:00:00,279.8916289060619,282.49371495415875
2011-01-26 05:00:00,293.5708435011571,291.0055765819109
2011-01-26 06:00:00,297.17546951458525,292.7415176650225
2011-01-26 08:00:00,300.48965167264544,294.18830918604493
2011-01-26 09:00:00,300.6329819219322,294.4967333025117
2011-01-26 17:00:00,283.74148698286575,285.3801429642735
2011-01-26 18:00:00,283.13590166418135,284.8798944740707
2011-01-26 20:00:00,282.3734705473866,284.06829192127765
2011-01-26 21:00:00,281.907518995194,283.53073677333373
2011-01-27 05:00:00,292.7204393289857,290.12964645409255
2011-01-27 06:00:00,296.2097360290621,291.4553806205009
2011-01-27 08:00:00,300.7205805844629,293.01125767124455
2011-01-27 09:00:00,301.1248399590491,293.5322636867341
2011-01-27 17:00:00,282.72719140192396,284.25822032581675
2011-01-27 18:00:00,281.7773720340112,283.4799608603832
2011-01-27 20:00:00,280.33975965032596,282.3057657720863
2011-01-27 21:00:00,279.6267540789165,281.6318148479256
2011-01-28 05:00:00,292.52516362406254,289.9263473299141
2011-01-28 06:00:00,296.1528960993551,291.6828723548925
2011-01-28 08:00:00,300.63090818431607,293.8254576978404
2011-01-28 09:00:00,301.3827545213038,294.46463125549224
2011-01-28 17:00:00,284.68138792628685,286.16217889771076
2011-01-28 18:00:00,283.92824964714345,285.5152108261508
2011-01-28 20:00:00,282.5569538886448,284.2209868115159
2011-01-28 21:00:00,281.9594891141119,283.62850585373235
2011-01-29 05:00:00,292.47931742851836,290.2877963026426
2011-01-29 06:00:00,296.3797627876646,292.5019984781651
2011-01-29 08:00:00,301.00452306715107,295.04112231896727
2011-01-29 09:00:00,301.7899279954437,295.71057206493316
2011-01-29 17:00:00,286.8626199495995,287.9212643192802
2011-01-29 18:00:00,285.77266115914506,286.9557228264713
2011-01-29 20:00:00,283.7908020254644,285.4078715696174
2011-01-29 21:00:00,282.98482582785863,284.81310778883835
2011-01-30 05:00:00,293.8645922832754,291.1474846133098
2011-01-30 06:00:00,298.0549538117161,293.2270431871223
2011-01-30 08:00:00,303.4553459414348,295.7019078940934
2011-01-30 09:00:00,303.7859305218666,296.21740569833247
2011-01-30 17:00:00,286.28933492463614,287.68363877400776
2011-01-30 18:00:00,285.6636336081201,287.18016146291023
2011-01-30 20:00:00,284.72875663863124,286.22745364619703
2011-01-30 21:00:00,284.23662652954664,285.6601634209255
2011-01-31 05:00:00,294.61868584725454,291.3980602622951
2011-01-31 06:00:00,298.344364160382,293.1180353385091
2011-01-31 08:00:00,302.6872513922411,294.70905095880687
2011-01-31 09:00:00,303.4561959899997,295.2620933544471
2011-01-31 17:00:00,285.51178587456513,286.845255823826
2011-01-31 18:00:00,284.7292792933013,286.20943623735286
2011-01-31 20:00:00,283.35713724803486,284.9330527800808
2011-01-31 21:00:00,282.64813067843255,284.24376385751975
2011-02-01 05:00:00,294.9774482856363,291.66781124826207
2011-02-01 06:00:00,298.89877011338814,293.33090233472166
2011-02-01 08:00:00,303.8347895171132,295.6451150573825
2011-02-01 09:00:00,303.9937248994096,296.4408078656542
2011-02-01 17:00:00,285.6474192755982,287.336779836881
2011-02-01 18:00:00,284.82863046796,286.6661527189893
2011-02-01 20:00:00,283.31237985760845,285.13190292099773
2011-02-01 21:00:00,282.5089104039643,284.34713140878546
2011-02-02 05:00:00,296.2295876901212,293.1236308704723
2011-02-02 06:00:00,300.0922815355204,294.9752743901751
2011-02-02 08:00:00,304.73202350069823,297.42154375026337
2011-02-02 09:00:00,305.4342174089193,298.19076248897795
2011-02-02 17:00:00,286.66982380965453,288.39765972496
2011-02-02 18:00:00,285.3493024358764,287.4004932515243
2011-02-02 20:00:00,283.16029858699386,285.86429129249325
2011-02-02 21:00:00,282.4836710267148,285.3921501970806
2011-02-03 05:00:00,296.8086332958909,294.74976126695816
2011-02-03 06:00:00,300.8469220882939,296.9614156479094
2011-02-03 08:00:00,305.6498822651585,299.81328518107784
2011-02-03 09:00:00,306.2822935459978,300.4636202960609
2011-02-03 17:00:00,288.61207869754554,290.3544746246103
2011-02-03 18:00:00,287.691288905445,289.5430418464179
2011-02-03 20:00:00,286.0871311181867,288.0475370762712
2011-02-03 21:00:00,285.48410408008266,287.584113310592
2011-02-04 05:00:00,297.4156469924057,296.0208945487424
2011-02-04 06:00:00,301.79055880177737,298.69905191430325
2011-02-04 08:00:00,306.80658438613494,301.9081772626456
2011-02-04 09:00:00,307.49137521047254,302.6190632965605
2011-02-04 17:00:00,288.5203803110931,291.2110113487773
2011-02-04 18:00:00,287.41665179189437,290.19898088687376
2011-02-04 20:00:00,286.2114130381626,288.9123750989353
2011-02-04 21:00:00,285.76029803683093,288.5565551851858
2011-02-05 05:00:00,299.63364794809024,296.9419486776155
2011-02-05 06:00:00,304.1514775962418,299.21779299884446
2011-02-05 08:00:00,307.98568462260147,301.62053281904554
2011-02-05 09:00:00,308.01193858001193,302.156466585462
2011-02-05 17:00:00,289.63023863147333,291.6406189576136
2011-02-05 18:00:00,288.37367730515393,290.59730550945267
2011-02-05 20:00:00,286.50810718977215,288.98314160081014
2011-02-05 21:00:00,285.9417852275361,288.4544154374368
2011-02-06 05:00:00,298.44572239480516,295.9749112592089
2011-02-06 06:00:00,302.2279335104262,298.04353647570025
2011-02-06 08:00:00,306.3433705522393,300.5520502216827
2011-02-06 09:00:00,306.59272761411034,301.12758534200754
2011-02-06 17:00:00,289.76881603834624,291.6090593146984
2011-02-06 18:00:00,288.9716986610636,290.92680949018626
2011-02-06 20:00:00,288.3615183308606,290.4129360063785
2011-02-06 21:00:00,288.01005185072887,289.99100260448023
2011-02-07 05:00:00,296.1504671775689,293.81680182646534
2011-02-07 06:00:00,299.0387660703968,295.3978266782129
2011-02-07 08:00:00,303.0288962201088,298.10349773295303
2011-02-07 09:00:00,303.16227501162393,298.491940302915
2011-02-07 17:00:00,290.4600070195132,291.3389412478784
2011-02-07 18:00:00,289.09643152645447,290.31222186213466
2011-02-07 20:00:00,286.5133580000632,288.1078175925327
2011-02-07 21:00:00,285.14694754625503,286.83765607695733
2011-02-08 05:00:00,296.1382379282054,293.51027755854864
2011-02-08 06:00:00,300.364507854444,295.15903920789344
2011-02-08 08:00:00,306.1289802633559,297.42331652060864
2011-02-08 09:00:00,306.48362174717414,297.96346796679387
2011-02-08 17:00:00,285.7326566346438,287.41877311624256
2011-02-08 18:00:00,284.85556121967244,286.7396422916642
2011-02-08 20:00:00,283.8633765645314,285.7425855921671
2011-02-08 21:00:00,283.2904768416254,285.0280174643306
2011-02-09 05:00:00,294.7786407470703,292.1681237830587
2011-02-09 06:00:00,299.06390258600976,294.2488372755712
2011-02-09 08:00:00,304.1247376381708,296.21722800044694
2011-02-09 09:00:00,304.9524270220788,296.7894417126484
2011-02-09 17:00:00,286.63317730026364,288.0868672281274
2011-02-09 18:00:00,285.8451483539881,287.42053215602886
2011-02-09 20:00:00,284.40231946289816,286.05417749437237
2011-02-09 21:00:00,283.7051322478543,285.34770844493335
2011-02-10 05:00:00,296.9571255300372,293.2214771852655
2011-02-10 06:00:00,300.9094759290134,294.9399514455458
2011-02-10 08:00:00,305.5287844006931,296.87060168344175
2011-02-10 09:00:00,306.19349757401716,297.4469111931894
2011-02-10 17:00:00,287.32701550499866,288.7555205781581
2011-02-10 18:00:00,286.42619102724893,288.0608606323807
2011-02-10 20:00:00,284.92059288553907,286.7695017198936
2011-02-10 21:00:00,284.21643451990445,286.119852404014
2011-02-11 05:00:00,296.6500899398639,294.0182406244734
2011-02-11 06:00:00,300.4918299176844,296.1306335496242
2011-02-11 08:00:00,304.98074796938204,298.5330586955066
2011-02-11 09:00:00,305.7311059513886,299.28973929430197
2011-02-11 17:00:00,289.1453128103483,290.8063596187645
2011-02-11 18:00:00,288.47675569178693,290.23928501499455
2011-02-11 20:00:00,287.39409575146414,289.14298012003144
2011-02-11 21:00:00,286.89501306566143,288.5676538499735
2011-02-12 05:00:00,298.0725681910346,295.805470659112
2011-02-12 06:00:00,302.3370253881799,298.3618069547351
2011-02-12 08:00:00,307.77501830114244,301.7837889073259
2011-02-12 09:00:00,308.53731937731726,302.64314241806056
2011-02-12 17:00:00,290.4619809989753,292.3682754352023
2011-02-12 18:00:00,288.41012291107415,291.27656820852695
2011-02-12 20:00:00,286.4469637643024,289.0738195998276
2011-02-12 21:00:00,285.8359598591809,288.548863509403
2011-02-13 05:00:00,299.2162874336419,297.034530898272
2011-02-13 06:00:00,302.8835972108533,298.8846553808368
2011-02-13 08:00:00,306.86845731808705,300.83499792066675
2011-02-13 09:00:00,307.1979603583714,301.4039655782409
2011-02-13 17:00:00,289.4939369707152,291.1293924857729
2011-02-13 18:00:00,288.66743100111955,290.48065872074824
2011-02-13 20:00:00,287.7240897532788,289.8210397964266
2011-02-13 21:00:00,287.304550829213,289.43922791091614
2011-02-14 05:00:00,298.0892220895353,294.17873031075453
2011-02-14 06:00:00,302.0675860200715,295.8227640866132
2011-02-14 08:00:00,302.17970137162644,296.2926685115773
2011-02-14 09:00:00,301.77479348674945,296.5436216804022
2011-02-14 17:00:00,289.3844736155083,290.10630831255565
2011-02-14 18:00:00,289.2323641314161,289.92895152792914
2011-02-14 20:00:00,287.84747502542973,288.3755549826129
2011-02-14 21:00:00,287.5741234119574,288.06894156010753
2011-02-15 05:00:00,293.6914262580578,291.3632202618662
2011-02-15 06:00:00,297.4979953148699,292.78468155824163
2011-02-15 08:00:00,300.73139071942114,294.4143860850753
2011-02-15 09:00:00,300.7888497233575,294.7087653678812
2011-02-15 17:00:00,285.4785502570436,287.97308147412787
2011-02-15 18:00:00,284.8289311766074,287.26652209453846
2011-02-15 20:00:00,283.85507110454637,285.2249867537723
2011-02-15 21:00:00,283.7052587617895,284.77169136787967
2011-02-16 05:00:00,294.87820777834287,290.73349267051475
2011-02-16 06:00:00,298.57774616353134,292.51395739539197
2011-02-16 08:00:00,300.7855078604629,294.17345453153587
2011-02-16 09:00:00,300.100077013389,294.309511228776
2011-02-16 17:00:00,286.4280178734261,287.3338647733668
2011-02-16 18:00:00,285.60350680828833,286.6426151316779
2011-02-16 20:00:00,284.2822326283977,285.56305477101193
2011-02-16 21:00:00,283.7525947700113,285.0412644913825
2011-02-17 05:00:00,294.86295101124625,291.2347772771662
2011-02-17 06:00:00,298.3786582535331,292.77698734324593
2011-02-17 08:00:00,302.2935009267187,294.68404589448767
2011-02-17 09:00:00,302.3698144098644,294.9958647741191
2011-02-17 17:00:00,285.56114880954175,286.9792433446288
2011-02-17 18:00:00,284.85172352842267,286.3695461467161
2011-02-17 20:00:00,283.6917462459147,285.4185363816554
2011-02-17 21:00:00,283.1637442754854,284.87580448379873
2011-02-18 05:00:00,294.463277220175,291.43163836792183
2011-02-18 06:00:00,297.74166585631286,293.028542282034
2011-02-18 08:00:00,302.02288870084084,294.9069461910677
2011-02-18 09:00:00,302.6519544275222,295.41956271743186
2011-02-18 17:00:00,287.5579423008053,288.6380341798756
2011-02-18 18:00:00,286.6503506794182,287.89641278330095
2011-02-18 20:00:00,285.1244092803156,286.6497554690886
2011-02-18 21:00:00,284.63967216033234,286.1798257695508
2011-02-19 05:00:00,295.4979696406055,292.5639762466971
2011-02-19 06:00:00,299.04554196021223,294.50942480619227
2011-02-19 08:00:00,303.4135230347996,296.62420111187436
2011-02-19 09:00:00,304.06011487963764,297.1753090504322
2011-02-19 17:00:00,288.06151081196884,289.36233786184727
2011-02-19 18:00:00,286.9661762255182,288.5014000467968
2011-02-19 20:00:00,285.68951554731893,287.4515769500027
2011-02-19 21:00:00,285.1108106663121,286.8413147066701
2011-02-20 05:00:00,295.37793598850993,292.7107268863907
2011-02-20 06:00:00,298.71933065687745,294.6359613591975
2011-02-20 08:00:00,303.1722613835739,297.06510885323877
2011-02-20 09:00:00,302.4181824670918,295.9757537606685
2011-02-20 17:00:00,286.66455945689427,287.5771170500063
2011-02-20 18:00:00,285.4023825200203,286.56177815817904
2011-02-20 20:00:00,283.21362741996404,284.27714416315814
2011-02-20 21:00:00,282.141002237705,283.33630972981274
2011-02-21 05:00:00,293.24002573633413,289.35407794311715
2011-02-21 06:00:00,297.152021316975,291.2757709661875
2011-02-21 08:00:00,301.7273117794278,293.46957127081777
2011-02-21 09:00:00,302.54068310565685,294.1659732107389
2011-02-21 17:00:00,285.01646764252695,286.116420704705
2011-02-21 18:00:00,284.1013244487839,285.3591544176287
2011-02-21 20:00:00,282.6810330947853,284.23841300693977
2011-02-21 21:00:00,282.1504596539749,283.6912362637983
2011-02-22 05:00:00,295.27845928738776,291.5547375789226
2011-02-22 06:00:00,299.0065547196634,293.337998306439
2011-02-22 08:00:00,303.3710677465783,295.51546745123954
2011-02-22 09:00:00,303.88372703987204,296.24598886639757
2011-02-22 17:00:00,286.95966509567756,288.2707774157884
2011-02-22 18:00:00,286.27637170165644,287.6778112097037
2011-02-22 20:00:00,285.51552098631305,287.17737312493233
2011-02-22 21:00:00,285.01314776263365,286.6473274642404
2011-02-23 05:00:00,296.232339914848,293.30967117568196
2011-02-23 06:00:00,300.0726274863597,295.5472812505643
2011-02-23 08:00:00,305.0250716246148,298.29154443961266
2011-02-23 09:00:00,305.5493636403136,298.9100289837054
2011-02-23 17:00:00,288.1985202313204,289.8781320956896
2011-02-23 18:00:00,286.75485069615814,288.63693575866415
2011-02-23 20:00:00,284.3855700147538,286.87461255842067
2011-02-23 21:00:00,283.65367032419925,286.1212109064652
2011-02-24 05:00:00,299.5141274991498,295.17563526876535
2011-02-24 06:00:00,303.46358559348363,297.04000906216896
2011-02-24 08:00:00,306.8854609226409,298.39436443781454
2011-02-24 09:00:00,306.9334209424505,298.8137634465434
2011-02-24 17:00:00,288.24103321610323,289.8718677162206
2011-02-24 18:00:00,287.35242289350657,288.96909159467845
2011-02-24 20:00:00,285.7815327225554,287.2162548235642
2011-02-24 21:00:00,285.0613238506582,286.52768652023997
2011-02-25 05:00:00,298.40795940757715,294.4127142014231
2011-02-25 06:00:00,302.2789920048648,295.83035351205126
2011-02-25 08:00:00,307.11024200016254,297.6131879574345
2011-02-25 09:00:00,307.32753331635513,298.1086482208205
2011-02-25 17:00:00,287.7924890503494,289.86314302747166
2011-02-25 18:00:00,287.584297050864,289.3971516942757
2011-02-25 20:00:00,286.09367598664414,288.00588841137056
2011-02-25 21:00:00,285.92608360443353,286.7269332956276
2011-02-26 05:00:00,298.03673528780007,294.51104581154
2011-02-26 06:00:00,302.5378009108439,296.0308230595523
2011-02-26 08:00:00,305.16628485210873,297.25729729839026
2011-02-26 09:00:00,305.11369984396066,297.90615184060965
2011-02-26 17:00:00,287.5038687966087,288.8583235542286
2011-02-26 18:00:00,286.5046136089025,288.02771978863217
2011-02-26 20:00:00,285.2883403055106,286.97584747643606
2011-02-26 21:00:00,284.8490583892964,286.41162346838433
2011-02-27 05:00:00,297.15124530527737,293.4960368293093
2011-02-27 06:00:00,300.5053070256449,295.1020305145687
2011-02-27 08:00:00,303.9984823735359,296.57778676742765
2011-02-27 09:00:00,304.55626395156463,297.03097310822994
2011-02-27 17:00:00,288.29930533246016,289.375989376121
2011-02-27 18:00:00,287.32617758822926,288.48019834732975
2011-02-27 20:00:00,286.4329822698984,287.7265315357085
2011-02-27 21:00:00,285.7662503987505,287.03151962679965
2011-02-28 05:00:00,296.3362864301826,292.89578700837075
2011-02-28 06:00:00,299.9231229291308,294.87082833171075
2011-02-28 08:00:00,304.5249539273913,297.12728272895055
2011-02-28 09:00:00,305.3721539419495,297.72439673942483
2011-02-28 17:00:00,288.52749368112154,289.9606139384359
2011-02-28 18:00:00,287.83892568344334,289.4239480793017
2011-02-28 20:00:00,287.04869340564517,288.70342570864733
2011-02-28 21:00:00,287.15553925548016,288.6299340199616
2011-03-01 05:00:00,297.25689311681435,294.2676033525511
2011-03-01 06:00:00,300.55762990707615,296.0426199608849
2011-03-01 08:00:00,304.3348452387312,297.71020277402437
2011-03-01 09:00:00,303.5329723857768,297.70543298001286
2011-03-01 17:00:00,289.9452707675646,291.00809399997144
2011-03-01 18:00:00,289.3292337191307,290.3682186555789
2011-03-01 20:00:00,287.6482423567809,288.34712200429294
2011-03-01 21:00:00,287.04014577997856,287.74230877093066
2011-03-02 05:00:00,297.6358188341138,294.2178923102851
2011-03-02 06:00:00,301.70403928124847,296.54809723135503
2011-03-02 08:00:00,307.26516030051494,299.99220040766596
2011-03-02 09:00:00,308.3328563766597,301.02223579394985
2011-03-02 17:00:00,293.5334017478814,294.01376505000934
2011-03-02 18:00:00,291.51991389528814,292.22205231700366
2011-03-02 20:00:00,289.74851072808076,290.82249540026277
2011-03-02 21:00:00,289.0126176078808,290.11645112823817
2011-03-03 05:00:00,297.9514920509468,295.27057470195285
2011-03-03 06:00:00,303.0500005360561,296.40792743230276
2011-03-03 08:00:00,308.10645166053246,299.3852146660051
2011-03-03 09:00:00,308.14019185258724,299.6716259690389
2011-03-03 17:00:00,289.80445417454143,290.589629398105
2011-03-03 18:00:00,289.231415617815,290.0206462231182
2011-03-03 20:00:00,289.1732808775821,290.3370496282592
2011-03-03 21:00:00,288.63755535014053,289.7020134124991
2011-03-04 05:00:00,298.5596481581866,294.70659325927363
2011-03-04 06:00:00,302.24409289720063,296.5154906568248
2011-03-04 08:00:00,306.9578702012637,299.08663526632023
2011-03-04 09:00:00,307.4180391426263,299.5200032379668
2011-03-04 17:00:00,290.7756440055389,291.92755199837944
2011-03-04 18:00:00,290.2497335237053,291.35819979110744
2011-03-04 20:00:00,288.9291141551154,289.8337678600717
2011-03-04 21:00:00,288.47616711162453,289.335293033641
2011-03-05 05:00:00,298.0127827507689,294.91889843110494
2011-03-05 06:00:00,299.5846713966875,296.19372236489886
2011-03-05 08:00:00,305.96038096564575,299.1292674765565
2011-03-05 09:00:00,306.7226604585104,299.692891830656
2011-03-05 17:00:00,291.3552015683684,292.5114237075594
2011-03-05 18:00:00,290.604353800393,291.7998599153821
2011-03-05 20:00:00,289.2526554995215,290.39924703871344
2011-03-05 21:00:00,288.70961908419804,289.82455352642137
2011-03-06 05:00:00,300.57537653707027,296.62229658458926
2011-03-06 06:00:00,304.18698886583326,298.4914693259311
2011-03-06 08:00:00,308.6808591822079,300.56717779456375
2011-03-06 09:00:00,309.25161002560276,301.02107774825606
2011-03-06 17:00:00,291.6955364914999,292.94539786928055
2011-03-06 18:00:00,290.8838853409918,292.129879050703
2011-03-06 20:00:00,289.7732776941614,290.96456612938175
2011-03-06 21:00:00,289.209535901462,290.37111366401285
2011-03-07 05:00:00,301.5707070184599,297.37456541840214
2011-03-07 06:00:00,305.41121641843824,299.21155024970807
2011-03-07 08:00:00,309.96439656638216,301.5809111984559
2011-03-07 09:00:00,310.6914830611924,302.11512657600485
2011-03-07 17:00:00,292.8580790844463,294.0070370055494
2011-03-07 18:00:00,291.786932241384,293.04114456059204
2011-03-07 20:00:00,290.2167494998691,291.67544346414104
2011-03-07 21:00:00,289.5652342856573,291.0104090098424
2011-03-08 05:00:00,301.3231090198864,297.50898714462306
2011-03-08 06:00:00,305.23261193979323,299.30867615686543
2011-03-08 08:00:00,310.452202936534,301.1781463858159
2011-03-08 09:00:00,311.22853892463013,301.85966804398595
2011-03-08 17:00:00,290.69395533768903,292.52438768289863
2011-03-08 18:00:00,289.84183559799783,291.88177353869236
2011-03-08 20:00:00,289.7900338194955,291.8787258248116
2011-03-08 21:00:00,289.91198859780525,291.6053852616179
2011-03-09 05:00:00,302.7278858766718,296.7293726799117
2011-03-09 06:00:00,306.70524016440555,298.15038364216434
2011-03-09 08:00:00,309.4697295484264,299.9495076089868
2011-03-09 09:00:00,308.9887336060887,300.2876421865219
2011-03-09 17:00:00,289.51838018714193,291.3345110500906
2011-03-09 18:00:00,288.2287614349225,290.2788626695818
2011-03-09 20:00:00,285.6810203281867,288.33433901841175
2011-03-09 21:00:00,284.7146649705978,287.3195972883463
2011-03-10 05:00:00,302.2974502022719,297.411535677447
2011-03-10 06:00:00,306.31767364643025,298.51183075750555
2011-03-10 08:00:00,309.19948167609874,299.62372656118345
2011-03-10 09:00:00,308.71104569868606,299.89182226242747
2011-03-10 17:00:00,288.85462972820267,290.3644077671327
2011-03-10 18:00:00,287.6377273347969,289.1058922107855
2011-03-10 20:00:00,284.8608841859321,289.6030791860149
2011-03-10 21:00:00,284.0034337212749,289.40554322887823
2011-03-11 05:00:00,301.81422384347314,296.60240319109477
2011-03-11 06:00:00,304.7908888994637,297.9354409098809
2011-03-11 08:00:00,308.8313922617579,299.948532386627
2011-03-11 09:00:00,308.9433041941403,300.3911926551666
2011-03-11 17:00:00,288.65562467178324,290.73976384472957
2011-03-11 18:00:00,287.04585538843565,291.093754467134
2011-03-11 20:00:00,284.8905961046969,290.58818096519434
2011-03-11 21:00:00,284.1336426815745,290.07911733853615
2011-03-12 05:00:00,303.2804713550444,298.6839364261951
2011-03-12 06:00:00,307.0853411846426,299.9393578104686
2011-03-12 08:00:00,312.28325985760097,301.8879620474182
2011-03-12 09:00:00,312.573133283477,302.39796349006735
2011-03-12 17:00:00,289.3175867959421,294.64941876474626
2011-03-12 18:00:00,287.93293536499215,292.4725676596808
2011-03-12 20:00:00,286.4809553619526,289.3071352542824
2011-03-12 21:00:00,286.20030647360124,289.0865703518108
2011-03-13 05:00:00,304.9855920823954,301.5168217686916
2011-03-13 06:00:00,308.473943960134,303.2270219799918
2011-03-13 08:00:00,312.22242762678763,305.1132220487198
2011-03-13 09:00:00,312.3203798596775,305.44259537754147
2011-03-13 17:00:00,292.8124834010708,294.98196274767673
2011-03-13 18:00:00,291.60573162907633,293.8519380213851
2011-03-13 20:00:00,288.71222361137023,293.98147709968464
2011-03-13 21:00:00,287.50294901373206,294.19406370095373
2011-03-14 05:00:00,307.08606163930085,301.5909111598975
2011-03-14 06:00:00,311.1860851411276,303.7184336093615
2011-03-14 08:00:00,315.07028539155044,306.0736943790101
2011-03-14 09:00:00,314.82106326063536,306.43050263438647
2011-03-14 17:00:00,291.58350636815806,294.7396022520374
2011-03-14 18:00:00,290.17804552263397,293.4296530795575
2011-03-14 20:00:00,288.67968329148965,291.43512534213545
2011-03-14 21:00:00,288.1405389959162,290.8816013424349
2011-03-15 05:00:00,304.52114012355247,300.91048432572046
2011-03-15 06:00:00,308.36205767850487,302.9133479231495
2011-03-15 08:00:00,313.23631279567724,305.13144003187756
2011-03-15 09:00:00,314.19075585881075,305.68008850755973
2011-03-15 17:00:00,293.6626618889337,295.51862980588373
2011-03-15 18:00:00,292.4335680522243,294.5683317963258
2011-03-15 20:00:00,290.6490919586323,293.10575168415653
2011-03-15 21:00:00,289.9409588547811,292.32738757023276
2011-03-16 05:00:00,306.6978253098592,302.79357590403504
2011-03-16 06:00:00,310.83273710418376,304.6091491981354
2011-03-16 08:00:00,316.7340119160562,306.73152007821534
2011-03-16 09:00:00,316.97683934474765,307.37269321905995
2011-03-16 17:00:00,293.24569497600726,299.49649562747527
2011-03-16 18:00:00,291.6192115113621,297.483987276286
2011-03-16 20:00:00,290.11394997994967,294.3082917717462
2011-03-16 21:00:00,289.6763799399919,294.03154868668145
2011-03-17 05:00:00,309.0650436095721,305.4943183463968
2011-03-17 06:00:00,312.5889165845968,307.54349058177695
2011-03-17 08:00:00,316.5747498922245,309.7840202578411
2011-03-17 09:00:00,316.72159222571986,310.0168582581225
2011-03-17 17:00:00,296.9154699058122,299.3244681336296
2011-03-17 18:00:00,296.3148472672802,298.78067366918907
2011-03-17 20:00:00,295.41103841490667,298.02206672468617
2011-03-17 21:00:00,295.00160440641855,297.63916307164266
2011-03-18 05:00:00,307.5848159907595,304.670654696566
2011-03-18 06:00:00,311.61637934844924,306.90101256759954
2011-03-18 08:00:00,314.88767737343056,309.00843935644684
2011-03-18 09:00:00,314.73431356515283,309.23748671145216
2011-03-18 17:00:00,297.6878595337478,299.62936455443025
2011-03-18 18:00:00,296.93481487632715,298.96825901495845
2011-03-18 20:00:00,296.023986792895,298.30955324334616
2011-03-18 21:00:00,295.5389869584141,297.69115211710175
2011-03-19 05:00:00,305.76052602524015,302.81191167846123
2011-03-19 06:00:00,309.24029729105473,304.87264890038915
2011-03-19 08:00:00,312.6675838946562,306.6837095193026
2011-03-19 09:00:00,312.83724338431574,307.0740368671153
2011-03-19 17:00:00,297.8960626540456,299.38118039735116
2011-03-19 18:00:00,297.4058519313442,298.9433547903099
2011-03-19 20:00:00,296.596984228478,298.2724709062621
2011-03-19 21:00:00,296.03431635828713,297.5411564102526
2011-03-20 05:00:00,305.926028235484,301.8657279932995
2011-03-20 06:00:00,309.567604382343,303.6121270366369
2011-03-20 08:00:00,313.189295106015,305.71468156952704
2011-03-20 09:00:00,313.1562433228103,306.07994251221834
2011-03-20 17:00:00,293.4050062323572,295.3030137354494
2011-03-20 18:00:00,292.0498576818152,294.1440571460225
2011-03-20 20:00:00,290.0878396526507,292.6852924834782
2011-03-20 21:00:00,289.3459334645323,291.8720238072846
2011-03-21 05:00:00,305.9731727447275,300.62788546287413
2011-03-21 06:00:00,310.5172705040507,302.55013774760147
2011-03-21 08:00:00,316.0698757083464,305.010852713798
2011-03-21 09:00:00,316.2182178467926,305.560289615108
2011-03-21 17:00:00,293.98229660716004,295.520664303255
2011-03-21 18:00:00,292.5758970757295,294.31406885743695
2011-03-21 20:00:00,290.0251437570722,292.34558476946205
2011-03-21 21:00:00,289.37795011875994,291.7522938732741
2011-03-22 05:00:00,307.07434980160286,302.10035625628217
2011-03-22 06:00:00,311.32335379531463,303.88655123247753
2011-03-22 08:00:00,315.8987073384007,305.7754401631642
2011-03-22 09:00:00,316.0143472116056,306.2553773712487
2011-03-22 17:00:00,294.80398188092863,296.5307602140312
2011-03-22 18:00:00,293.77733834241684,295.66998185215084
2011-03-22 20:00:00,292.5606974879472,294.77340686486576
2011-03-22 21:00:00,291.9824561308639,294.2151428598836
2011-03-23 05:00:00,308.040478228788,301.36746039486076
2011-03-23 06:00:00,312.2689851546324,303.3807346244072
2011-03-23 08:00:00,316.466994745522,305.4523156493765
2011-03-23 09:00:00,316.50229133406117,305.8842543262547
2011-03-23 17:00:00,292.94610440529004,294.7270368861124
2011-03-23 18:00:00,291.57288578074593,293.69704344386497
2011-03-23 20:00:00,289.9408343628118,292.4540501669486
2011-03-23 21:00:00,289.2236502108111,291.76094344363923
2011-03-24 05:00:00,308.22161646579923,302.6607111620793
2011-03-24 06:00:00,312.37165030786554,304.06352106926073
2011-03-24 08:00:00,315.6065457054573,305.30264272822075
2011-03-24 09:00:00,315.39996307326027,305.6102650176579
2011-03-24 17:00:00,294.18791589016905,295.8932890340984
2011-03-24 18:00:00,293.16732477737685,295.1515463430819
2011-03-24 20:00:00,290.98998844752145,293.0553652817737
2011-03-24 21:00:00,289.88570772003504,291.9570560543489
2011-03-25 05:00:00,309.3844598379268,302.7717280924229
2011-03-25 06:00:00,313.339925804197,303.9814780166227
2011-03-25 08:00:00,317.13155333250074,305.749947428887
2011-03-25 09:00:00,316.82683672559654,306.1356596865897
2011-03-25 17:00:00,292.7616869628154,296.1445473081709
2011-03-25 18:00:00,291.1705778853736,296.6106597006964
2011-03-25 20:00:00,289.19360328051266,296.17821508563355
2011-03-25 21:00:00,288.515470037475,295.77845724191064
2011-03-26 05:00:00,310.07655776483807,304.8011885820809
2011-03-26 06:00:00,314.0209814227418,306.1243297183091
2011-03-26 08:00:00,317.57293402579245,307.8551221004069
2011-03-26 09:00:00,317.33596376204525,308.11900576457776
2011-03-26 17:00:00,295.48134096965583,297.9842690348809
2011-03-26 18:00:00,294.2899662247057,297.02829334511785
2011-03-26 20:00:00,292.39748113364766,295.35636920664456
2011-03-26 21:00:00,291.8256863445641,294.8541321600163
2011-03-27 05:00:00,308.66449348437953,305.4581774460333
2011-03-27 06:00:00,312.0777495961711,307.21690798907883
2011-03-27 08:00:00,315.44038616821103,308.67797964416405
2011-03-27 09:00:00,315.7435423111879,308.89036743446195
2011-03-27 17:00:00,296.9383114901456,299.1413774769553
2011-03-27 18:00:00,295.93928478458446,298.2583886427211
2011-03-27 20:00:00,294.3184267346775,296.9556661879153
2011-03-27 21:00:00,293.69582182380196,296.3599964723749
2011-03-28 05:00:00,308.27974695049926,304.8851815386803
2011-03-28 06:00:00,312.0657952871455,307.0139704676365
2011-03-28 08:00:00,315.7530044767265,308.8835746870937
2011-03-28 09:00:00,316.0174013205412,309.28569463368376
2011-03-28 17:00:00,297.70861393204086,299.67399540741013
2011-03-28 18:00:00,296.9864383926745,299.04745024929434
2011-03-28 20:00:00,296.3141804417403,298.6373325577135
2011-03-28 21:00:00,295.9589324857127,298.238612429203
2011-03-29 05:00:00,307.7708792194196,303.760492145556
2011-03-29 06:00:00,311.5194870488853,305.70743717140704
2011-03-29 08:00:00,316.62977409656685,308.3383498933907
2011-03-29 09:00:00,317.1261790412233,308.6786147060306
2011-03-29 17:00:00,297.9267993333344,299.4245486737032
2011-03-29 18:00:00,297.02237843658963,298.6469479929685
2011-03-29 20:00:00,296.0246462123971,297.93851693128397
2011-03-29 21:00:00,295.31383619029276,296.95614485307175
2011-03-30 05:00:00,309.72630399401277,304.0651529603085
2011-03-30 06:00:00,312.965088290316,305.4088696684052
2011-03-30 08:00:00,316.9533501670614,306.9487721776742
2011-03-30 09:00:00,317.0833174789264,307.3081578987957
2011-03-30 17:00:00,295.95862867358284,297.5058152209078
2011-03-30 18:00:00,294.3332433715256,296.56072586600334
2011-03-30 20:00:00,291.43915977536807,293.6020171837006
2011-03-30 21:00:00,290.6046762099068,293.4609353839892
2011-03-31 05:00:00,309.7775268554688,301.8123955631109
2011-03-31 06:00:00,313.9423073884703,303.893351221305
2011-03-31 08:00:00,317.08663848735887,306.66935906314706
2011-03-31 09:00:00,316.6408197435282,306.9349769862664
2011-03-31 17:00:00,294.58277888364165,296.42457023350227
2011-03-31 18:00:00,293.0741579029336,294.8694158239615
2011-03-31 20:00:00,291.3422835339751,293.7088247572512
2011-03-31 21:00:00,290.7561319171923,293.1279051652859
2011-04-01 05:00:00,310.26762735751817,302.94807923115644
2011-04-01 06:00:00,314.1396552792683,304.9163792967246
2011-04-01 08:00:00,316.1629216880387,307.10975280197454
2011-04-01 09:00:00,315.6916430080984,307.28777888082027
2011-04-01 17:00:00,295.0355840603633,297.09101214063554
2011-04-01 18:00:00,294.11711318099816,296.63287412293704
2011-04-01 20:00:00,295.5117618460868,297.7612686274783
2011-04-01 21:00:00,295.0707128492453,296.72461120887607
2011-04-02 05:00:00,311.5373019084725,303.96586900425984
2011-04-02 06:00:00,314.6786503255459,305.80884633115704
2011-04-02 08:00:00,316.27694025024977,306.67212809840413
2011-04-02 09:00:00,315.62334539710287,306.7372070453568
2011-04-02 17:00:00,293.74172183655446,295.7726170990978
2011-04-02 18:00:00,292.67504828736674,294.90810169754855
2011-04-02 20:00:00,291.55708599825306,294.021134480857
2011-04-02 21:00:00,291.0633230341601,293.3075476647893
2011-04-03 05:00:00,310.60755266797935,302.7197730206929
2011-04-03 06:00:00,315.0438615419832,304.39343903575366
2011-04-03 08:00:00,317.90109100106685,304.76343474072195
2011-04-03 09:00:00,317.46075446506495,305.15658889088684
2011-04-03 17:00:00,293.66025911163655,294.8668908117732
2011-04-03 18:00:00,292.4035686381241,293.9351375444644
2011-04-03 20:00:00,290.94331870057005,292.92859027786136
2011-04-03 21:00:00,290.8168923447055,292.852062677933
2011-04-04 05:00:00,307.5453069654562,301.66391515511395
2011-04-04 06:00:00,311.22716154266027,302.8348885229078
2011-04-04 08:00:00,316.0010572530456,304.39984316598105
2011-04-04 09:00:00,316.3445940061784,304.6669102743705
2011-04-04 17:00:00,293.4659770853898,294.97761100686756
2011-04-04 18:00:00,291.9794805964631,293.66440378903246
2011-04-04 20:00:00,289.04479178735767,293.1738052720833
2011-04-04 21:00:00,288.089751727041,293.04541431773794
2011-04-05 05:00:00,308.05398623050644,303.3802248303806
2011-04-05 06:00:00,311.46864410541457,304.73297803317456
2011-04-05 08:00:00,316.00604570150745,306.3016417610627
2011-04-05 09:00:00,316.22109087222526,306.58994146267696
2011-04-05 17:00:00,294.7622637873622,296.81036586203084
2011-04-05 18:00:00,293.77364893650235,296.1813425731218
2011-04-05 20:00:00,290.76303723633566,294.86571414518437
2011-04-05 21:00:00,289.27009361513956,292.19576991100337
2011-04-06 05:00:00,311.4644888244535,304.86633973202464
2011-04-06 06:00:00,315.30519198048836,306.28683699738633
2011-04-06 08:00:00,318.51502852006394,307.9237898252044
2011-04-06 09:00:00,317.43683653656615,307.99004148885905
2011-04-06 17:00:00,297.3477595818613,298.89719493143
2011-04-06 18:00:00,296.38157058974446,298.05793371920595
2011-04-06 20:00:00,294.12296261074727,298.5444269165603
2011-04-06 21:00:00,293.400042564733,298.9164965942571
2011-04-07 05:00:00,313.2393181893418,305.5988434261093
2011-04-07 06:00:00,316.7522135824195,306.89968775674265
2011-04-07 08:00:00,320.3114505997057,308.5137574088592
2011-04-07 09:00:00,319.6796869827529,308.81908730622985
2011-04-07 17:00:00,296.7376722150664,297.747799983561
2011-04-07 18:00:00,295.58441524182336,296.63836723997713
2011-04-07 20:00:00,293.9091467482651,295.2310189598331
2011-04-07 21:00:00,293.1596285874377,294.47934740533816
2011-04-08 05:00:00,307.9728152329455,302.7199341196492
2011-04-08 06:00:00,311.9653696962424,304.47610605295705
2011-04-08 08:00:00,317.8692338940543,306.3723610288741
2011-04-08 09:00:00,319.05296502017825,306.834868608895
2011-04-08 17:00:00,299.0195289458993,299.6399769129114
2011-04-08 18:00:00,297.81556262000134,298.69105896560364
2011-04-08 20:00:00,294.31852162600666,296.1061330363269
2011-04-08 21:00:00,292.98564926170974,295.11258132064654
2011-04-09 05:00:00,312.3162517341884,304.55101083717284
2011-04-09 06:00:00,316.5946159186459,305.69556044944454
2011-04-09 08:00:00,321.01474901854715,307.513312834988
2011-04-09 09:00:00,320.7731750441259,307.9826535311612
2011-04-09 17:00:00,296.5320216150975,297.871865929367
2011-04-09 18:00:00,295.4254003680542,296.8270849571757
2011-04-09 20:00:00,294.2513061899617,296.29803191715473
2011-04-09 21:00:00,293.9960224874582,295.9902859351301
2011-04-10 05:00:00,309.70835869411474,305.3246204628967
2011-04-10 06:00:00,313.42924969736345,307.40336481926073
2011-04-10 08:00:00,317.0577709979746,308.88607085100125
2011-04-10 09:00:00,317.6423540864777,309.43191149789493
2011-04-10 17:00:00,298.4006946017085,299.5262885659428
2011-04-10 18:00:00,297.59155557923395,298.78101719178846
2011-04-10 20:00:00,296.8342643467414,298.25624411278767
2011-04-10 21:00:00,296.2896605081661,297.615234375
2011-04-11 05:00:00,312.40879706572315,305.8450503356651
2011-04-11 06:00:00,315.9961831161899,307.57318641885956
2011-04-11 08:00:00,317.69264724331754,308.678729041148
2011-04-11 09:00:00,317.4453032130637,309.02381532548577
2011-04-11 17:00:00,298.8572019744544,299.73478567067576
2011-04-11 18:00:00,298.26007460960074,299.17358638252057
2011-04-11 20:00:00,296.91933691556716,297.8337326167361
2011-04-11 21:00:00,295.61582542384167,296.50290363705585
2011-04-12 05:00:00,307.82686096567585,301.93563252641536
2011-04-12 06:00:00,311.9900393023146,303.90727118681684
2011-04-12 08:00:00,317.3208871850248,306.28373012924783
2011-04-12 09:00:00,317.15404800861756,306.6206969039282
2011-04-12 17:00:00,298.10594273642147,299.0986290742142
2011-04-12 18:00:00,297.4494689565227,298.54818459909023
2011-04-12 20:00:00,296.31225811645317,297.5640484731995
2011-04-12 21:00:00,295.73818678187297,296.91172475476844
2011-04-13 05:00:00,311.30961771114215,303.5082957263353
2011-04-13 06:00:00,315.6979022856302,304.5938301027648
2011-04-13 08:00:00,320.2504686963944,306.67773613834237
2011-04-13 09:00:00,319.80469114424085,307.1501141799433
2011-04-13 17:00:00,295.59989962114946,296.8321148089157
2011-04-13 18:00:00,294.39110780313314,296.1437729892819
2011-04-13 20:00:00,294.08614357594166,296.8125058307853
2011-04-13 21:00:00,294.0780381730231,296.3653465705954
2011-04-14 05:00:00,311.2946060721422,304.3507788706634
2011-04-14 06:00:00,315.2510896044997,305.4578645115457
2011-04-14 08:00:00,319.3057438361075,306.9982429116459
2011-04-14 09:00:00,319.0438478584466,307.43577340571284
2011-04-14 17:00:00,297.0473393233054,298.6406116926432
2011-04-14 18:00:00,295.9850683932312,297.8869527337731
2011-04-14 20:00:00,293.87063981865884,296.21278957372823
2011-04-14 21:00:00,293.0156988487773,295.3967950759206
2011-04-15 05:00:00,310.51990150486927,305.5649337180774
2011-04-15 06:00:00,313.723730431132,306.52311224562726
2011-04-15 08:00:00,318.5627911865987,308.21317694477386
2011-04-15 09:00:00,319.3951543211386,308.80792537271884
2011-04-15 17:00:00,299.02952958916666,300.6690422493063
2011-04-15 18:00:00,297.5909180721994,301.1950343856459
2011-04-15 20:00:00,295.66580392987413,297.71122769912705
2011-04-15 21:00:00,295.02769601877736,297.10489328910467
2011-04-16 05:00:00,313.19606424810706,307.80026762364275
2011-04-16 06:00:00,316.4732962492251,309.03980653642327
2011-04-16 08:00:00,319.04334018043085,309.97456411587984
2011-04-16 09:00:00,318.56563863181185,310.23148629257605
2011-04-16 17:00:00,300.67294400866115,301.8514468952761
2011-04-16 18:00:00,299.93213845180986,301.22221910567794
2011-04-16 20:00:00,298.09165169314724,298.7452045082128
2011-04-16 21:00:00,297.0445589556349,297.62728980583114
2011-04-17 05:00:00,314.07493288013706,306.0729953901059
2011-04-17 06:00:00,317.3667920410909,307.629597080507
2011-04-17 08:00:00,318.07310657471834,308.62792277519804
2011-04-17 09:00:00,314.36447458605187,305.76004919395973
2011-04-17 17:00:00,297.4608226476355,298.3711340482503
2011-04-17 18:00:00,295.99551629064996,297.369669674725
2011-04-17 20:00:00,294.8239963102414,296.796579910537
2011-04-17 21:00:00,294.5170701883607,296.1052052596317
2011-04-18 05:00:00,310.54803400965426,303.4870387754749
2011-04-18 06:00:00,313.24182940043727,304.6183632261397
2011-04-18 08:00:00,316.5774701416768,306.1684992574213
2011-04-18 09:00:00,316.5128813803839,306.47458167876965
2011-04-18 17:00:00,296.4888705119881,298.08790261572796
2011-04-18 18:00:00,295.3176970636165,297.09934261657054
2011-04-18 20:00:00,293.16290605306995,295.2309334729963
2011-04-18 21:00:00,292.8333277298232,294.6372022819813
2011-04-19 05:00:00,310.3381235272565,303.3992546798636
2011-04-19 06:00:00,314.0975055194967,305.19590446577973
2011-04-19 08:00:00,317.8033613725142,307.7442444035746
2011-04-19 09:00:00,317.72273562391655,308.10940135609025
2011-04-19 17:00:00,296.01395730134703,297.8434634921364
2011-04-19 18:00:00,295.07694370169855,297.1064739962021
2011-04-19 20:00:00,294.0267748017157,295.74835085170844
2011-04-19 21:00:00,293.4378398548473,295.0428198768839
2011-04-20 05:00:00,309.8884147326641,304.1064307355366
2011-04-20 06:00:00,313.083749286199,305.5535626756759
2011-04-20 08:00:00,319.22339191642493,307.35769848463536
2011-04-20 09:00:00,319.48494966151355,307.7359680740051
2011-04-20 17:00:00,296.497546697067,297.92343971946025
2011-04-20 18:00:00,295.36484627510623,297.0232356795912
2011-04-20 20:00:00,293.8017229453441,295.60727808030987
2011-04-20 21:00:00,293.00028378056084,294.7465643978266
2011-04-21 05:00:00,310.9803874716737,305.11722112106065
2011-04-21 06:00:00,314.35188349883987,306.4159351460555
2011-04-21 08:00:00,320.55031309436396,307.9664397864202
2011-04-21 09:00:00,321.0775044680744,308.21990087476826
2011-04-21 17:00:00,296.3128134987571,297.7923202867317
2011-04-21 18:00:00,294.50809983075675,296.2999649870745
2011-04-21 20:00:00,292.4263748850771,294.78579951728625
2011-04-21 21:00:00,291.82609205437,294.19416642152294
2011-04-22 05:00:00,311.21170845678296,305.8501717401396
2011-04-22 06:00:00,314.76779976537676,307.4131616436645
2011-04-22 08:00:00,320.4229615245285,309.1453091896187
2011-04-22 09:00:00,321.00138398862583,309.5225026464242
2011-04-22 17:00:00,297.1277408923133,298.938078164687
2011-04-22 18:00:00,295.882215009081,297.9508900693826
2011-04-22 20:00:00,294.35397893732244,296.86511646617544
2011-04-22 21:00:00,293.6614141949153,295.95169685728195
2011-04-23 05:00:00,314.20640049068885,306.8612606477664
2011-04-23 06:00:00,318.73825122615773,308.1553492141982
2011-04-23 08:00:00,322.38774628484924,310.1746055473716
2011-04-23 09:00:00,321.59081398797883,310.484758844361
2011-04-23 17:00:00,298.20157048441416,300.1440852184325
2011-04-23 18:00:00,297.05565564547925,299.15919019702034
2011-04-23 20:00:00,294.97569136186075,297.0372137648666
2011-04-23 21:00:00,293.62247797373817,295.8614083923434
2011-04-24 05:00:00,315.9107357548271,308.30025885395355
2011-04-24 06:00:00,320.30024611086617,309.5599137645657
2011-04-24 08:00:00,322.8557222245838,311.172115684474
2011-04-24 09:00:00,321.47820739275875,311.2672400570063
2011-04-24 17:00:00,298.50813298159284,300.44546261921136
2011-04-24 18:00:00,296.90311096849723,298.8818258276706
2011-04-24 20:00:00,294.13732146041235,296.71643346189904
2011-04-24 21:00:00,293.344118797173,296.1151437862261
2011-04-25 05:00:00,314.81348991687935,308.8389573295605
2011-04-25 06:00:00,318.8840547394128,310.2959586497632
2011-04-25 08:00:00,324.1658232325949,312.1587395572516
2011-04-25 09:00:00,323.9910635455915,312.40419793973905
2011-04-25 17:00:00,299.5307265459481,301.6436678705671
2011-04-25 18:00:00,298.1108413014463,300.7924256875812
2011-04-25 20:00:00,296.7741321158152,299.59010481871144
2011-04-25 21:00:00,296.4918006226903,299.33106794783447
2011-04-26 05:00:00,314.45931851661817,308.9615407511707
2011-04-26 06:00:00,318.60002881536496,311.05506104644166
2011-04-26 08:00:00,322.83393382585285,313.08384137969176
2011-04-26 09:00:00,322.878093396203,313.3110136434735
2011-04-26 17:00:00,299.5910922198891,301.44572716758506
2011-04-26 18:00:00,297.96158441152704,300.79703920243884
2011-04-26 20:00:00,295.3609262945472,297.5706271743187
2011-04-26 21:00:00,294.6727449390665,296.9969840733039
2011-04-27 05:00:00,313.99755673636275,306.86702407343176
2011-04-27 06:00:00,319.17411860626174,308.8649693093792
2011-04-27 08:00:00,323.153462461404,312.99796383333137
2011-04-27 09:00:00,322.643930608576,313.36847088406745
2011-04-27 17:00:00,298.2724651930329,300.53696440474835
2011-04-27 18:00:00,296.80870491110124,299.13267672263976
2011-04-27 20:00:00,295.5804903239058,298.5222104253313
2011-04-27 21:00:00,295.1652077320728,297.85753696247684
2011-04-28 05:00:00,316.0535862574409,308.89421504745127
2011-04-28 06:00:00,319.2953172868867,310.56194440609505
2011-04-28 08:00:00,323.3026933243903,313.0187625032728
2011-04-28 09:00:00,323.689736411825,313.291350660045
2011-04-28 17:00:00,303.2111130348523,304.7271513152747
2011-04-28 18:00:00,302.39031326458525,304.071459683505
2011-04-28 20:00:00,300.95537615336696,302.70849795113725
2011-04-28 21:00:00,300.2525956164156,301.9463106458103
2011-04-29 05:00:00,316.11214464654904,308.44981861555334
2011-04-29 06:00:00,319.29255514042035,310.0137211545407
2011-04-29 08:00:00,321.5593608039186,311.7041258966243
2011-04-29 09:00:00,320.59480299751266,311.87089902998304
2011-04-29 17:00:00,302.7526371137387,304.00608099186553
2011-04-29 18:00:00,301.9934374746079,303.41904826818154
2011-04-29 20:00:00,300.46051227587213,302.04195261809787
2011-04-29 21:00:00,299.9515708841051,301.4208549887447
2011-04-30 05:00:00,313.4637189491872,307.13494656743546
2011-04-30 06:00:00,316.55853313804596,308.760118458047
2011-04-30 08:00:00,321.4813363849658,311.85974892262135
2011-04-30 09:00:00,321.06795084384635,312.19089137754753
2011-04-30 17:00:00,301.6254906793956,303.2051598265285
2011-04-30 18:00:00,300.8249604353001,302.6790772424825
2011-04-30 20:00:00,300.23195788085184,302.0150797980592
2011-04-30 21:00:00,299.83473417167494,301.49949594271385
2011-05-01 05:00:00,314.14770691200107,308.42911084003185
2011-05-01 06:00:00,317.40264316552964,309.90229353001007
2011-05-01 08:00:00,321.30773549601554,311.47518283744074
2011-05-01 09:00:00,321.4065864457188,311.9151503881798
2011-05-01 17:00:00,301.3775005134853,302.88173411035757
2011-05-01 18:00:00,300.82150957433765,302.4063849544672
2011-05-01 20:00:00,299.98600964186187,301.75441249383067
2011-05-01 21:00:00,299.7201316375027,301.41208219601674
2011-05-02 05:00:00,312.4940804127369,307.05903677212996
2011-05-02 06:00:00,315.21841983177995,308.19045996996584
2011-05-02 08:00:00,319.89995867666,310.19572270045114
2011-05-02 09:00:00,319.6508385844885,310.5551030139894
2011-05-02 17:00:00,302.88704738999,304.0238677085089
2011-05-02 18:00:00,302.1655734962969,303.3366592947985
2011-05-02 20:00:00,301.23851991250814,302.5559593165417
2011-05-02 21:00:00,300.81086846162066,302.17300196384616
2011-05-03 05:00:00,312.4941081089673,307.15387379039413
2011-05-03 06:00:00,316.0533133860913,309.0347170602008
2011-05-03 08:00:00,319.2901754511523,310.85944240669994
2011-05-03 09:00:00,320.25385708801554,311.2569806491282
2011-05-03 17:00:00,302.5629278103633,303.65932750261067
2011-05-03 18:00:00,301.8182321087054,302.91862687638434
2011-05-03 20:00:00,300.98148431763263,302.3096197801305
2011-05-03 21:00:00,300.56892188120696,301.80517660414307
2011-05-04 05:00:00,311.5129288260485,305.90135134093015
2011-05-04 06:00:00,315.2493550634164,307.7323934734327
2011-05-04 08:00:00,319.72072966918,310.2139806056794
2011-05-04 09:00:00,320.48752670405645,310.8428860562976
2011-05-04 17:00:00,302.3912565586931,303.37164990817456
2011-05-04 18:00:00,301.62925360493006,302.6735676675806
2011-05-04 20:00:00,300.6769327595715,301.98239048750634
2011-05-04 21:00:00,300.217945892381,301.57868440272443
2011-05-05 05:00:00,312.6846458305747,306.39189829774926
2011-05-05 06:00:00,316.65895343892197,308.2567351213405
2011-05-05 08:00:00,320.88732030836206,310.19928719119406
2011-05-05 09:00:00,321.0609802340139,310.78654122609754
2011-05-05 17:00:00,301.77763594758164,302.910175975923
2011-05-05 18:00:00,300.86165671796755,302.26736400821727
2011-05-05 20:00:00,300.08287955873374,301.6972387986852
2011-05-05 21:00:00,299.67806395543926,301.2926203605758
2011-05-06 05:00:00,312.5784825352932,306.52214628669253
2011-05-06 06:00:00,316.52590610874455,308.5009538741619
2011-05-06 08:00:00,320.82119200813753,310.07667365169675
2011-05-06 09:00:00,321.09296474838845,310.5047758599092
2011-05-06 17:00:00,301.4314351838616,302.432361455838
2011-05-06 18:00:00,300.42943242665245,301.56366446425994
2011-05-06 20:00:00,298.56889434955525,299.79561557387717
2011-05-06 21:00:00,297.610623258288,298.8417315607997
2011-05-07 05:00:00,316.60815660097563,308.1073380809719
2011-05-07 06:00:00,318.5997193605396,308.8726139626995
2011-05-07 08:00:00,321.27090066166244,310.4690317821062
2011-05-07 09:00:00,321.8077976126884,311.01622629973843
2011-05-07 17:00:00,301.04565222788665,302.4805691899798
2011-05-07 18:00:00,299.91757291491115,301.5628040707534
2011-05-07 20:00:00,298.78891285101327,300.68133105261853
2011-05-07 21:00:00,298.1271880727336,299.90148528441443
2011-05-08 05:00:00,316.1851542139274,309.84401287907633
2011-05-08 06:00:00,319.9742536500716,311.4684773167403
2011-05-08 08:00:00,321.714515415656,312.5859067002871
2011-05-08 09:00:00,321.7371789964579,312.8457388385603
2011-05-08 17:00:00,301.41963325112556,303.2070660936447
2011-05-08 18:00:00,300.50949879603684,302.6366172755261
2011-05-08 20:00:00,300.3484872544675,302.63742208848197
2011-05-08 21:00:00,300.1887483288217,302.29902390302243
2011-05-09 05:00:00,313.7980129200799,309.1272640375217
2011-05-09 06:00:00,317.2755454229464,311.16366280906925
2011-05-09 08:00:00,321.2597372704551,313.34793723272435
2011-05-09 09:00:00,321.93339190608003,313.6453520741044
2011-05-09 17:00:00,303.380199555807,305.1521773845279
2011-05-09 18:00:00,302.816303247296,304.49342294466703
2011-05-09 20:00:00,301.8894643445596,303.5786178424289
2011-05-09 21:00:00,301.4854563755688,303.00053777239174
2011-05-10 05:00:00,312.6279296875,307.6870446814962
2011-05-10 06:00:00,316.51408449710794,309.9474760740307
2011-05-10 08:00:00,321.78204239902584,312.9626908970908
2011-05-10 09:00:00,322.49147355795276,313.43731941023304
2011-05-10 17:00:00,304.33520679444484,305.42172180081735
2011-05-10 18:00:00,303.3894778400063,304.4989222451608
2011-05-10 20:00:00,302.03893173053194,303.3514874521499
2011-05-10 21:00:00,301.54117514870387,302.79857615513504
2011-05-11 05:00:00,312.23791574439946,306.83546128001166
2011-05-11 06:00:00,316.3090576736144,309.3610432629226
2011-05-11 08:00:00,321.7499683068603,312.7770328845008
2011-05-11 09:00:00,322.25885896139044,313.52193760100425
2011-05-11 17:00:00,304.2044549833277,305.23336100761986
2011-05-11 18:00:00,303.22882703125754,304.27671722271043
2011-05-11 20:00:00,301.7702635072964,303.09414959688587
2011-05-11 21:00:00,301.2835128619601,302.6832431034976
2011-05-12 05:00:00,313.3661867679543,307.9122843926052
2011-05-12 06:00:00,317.28220580208284,310.14269114348843
2011-05-12 08:00:00,321.5494909536306,312.89399956701715
2011-05-12 09:00:00,322.0741032158098,313.4820536656078
2011-05-12 17:00:00,304.0064251727794,305.08886662323044
2011-05-12 18:00:00,303.01256863398623,304.14954918154586
2011-05-12 20:00:00,301.60911174474404,302.9141517721449
2011-05-12 21:00:00,301.00343738902706,302.41968497583423
2011-05-13 05:00:00,313.77154733807726,307.9905296290417
2011-05-13 06:00:00,317.6956727625961,310.11751656319217
2011-05-13 08:00:00,323.4232040663897,312.66898521105935
2011-05-13 09:00:00,324.2215177891618,313.4802175560056
2011-05-13 17:00:00,303.11275339934787,304.7040015222112
2011-05-13 18:00:00,302.076158755733,303.6863604576452
2011-05-13 20:00:00,300.645077180789,302.32207186894357
2011-05-13 21:00:00,300.3293544963255,301.934527098857
2011-05-14 05:00:00,314.3090479399647,308.71920395485245
2011-05-14 06:00:00,318.061244923455,310.62176320879786
2011-05-14 08:00:00,322.8771337853007,312.9744953690398
2011-05-14 09:00:00,323.39358863771787,313.50638536826494
2011-05-14 17:00:00,303.8723891718178,305.28027738738683
2011-05-14 18:00:00,302.9079903248462,304.44734323557424
2011-05-14 20:00:00,301.3466019123471,302.7453496665543
2011-05-14 21:00:00,300.8091182385461,302.23301014951636
2011-05-15 05:00:00,316.2998910442523,309.8484501302334
2011-05-15 06:00:00,319.8683081628362,311.35598265849205
2011-05-15 08:00:00,325.8703620099507,313.5086502757021
2011-05-15 09:00:00,326.29569934439405,313.9338852422447
2011-05-15 17:00:00,304.3525211469418,305.5859732605827
2011-05-15 18:00:00,303.36340009927386,304.8377639699974
2011-05-15 20:00:00,301.39381312295365,303.0427654248724
2011-05-15 21:00:00,300.5141420996245,302.131475369258
2011-05-16 05:00:00,318.19170587713074,311.6080928385166
2011-05-16 06:00:00,322.41838583924186,313.1319485092751
2011-05-16 08:00:00,326.99368302590676,314.4958926819506
2011-05-16 09:00:00,327.3305126830867,314.7779934593636
2011-05-16 17:00:00,304.1814678409618,304.96299101795734
2011-05-16 18:00:00,302.93949302355935,303.884793180163
2011-05-16 20:00:00,301.2967619815115,302.51621052370234
2011-05-16 21:00:00,300.7499760890779,301.95974451661664
2011-05-17 05:00:00,316.31192975859796,310.3744851275475
2011-05-17 06:00:00,320.05706521432467,312.0751157034711
2011-05-17 08:00:00,324.5617994123321,313.60718939594574
2011-05-17 09:00:00,324.26932564428296,313.9250771121362
2011-05-17 17:00:00,303.1049190809253,304.3583182642016
2011-05-17 18:00:00,302.5688343488931,304.0219148186212
2011-05-17 20:00:00,302.1527323671409,303.72229257827547
2011-05-17 21:00:00,301.6659304908317,303.1105543703805
2011-05-18 05:00:00,316.73007296193356,311.0500262103206
2011-05-18 06:00:00,319.3428291826292,312.2020404739262
2011-05-18 08:00:00,323.1025923859724,314.03489812019245
2011-05-18 09:00:00,323.3598226303312,314.3229461340765
2011-05-18 17:00:00,303.98679362386696,305.5579226689273
2011-05-18 18:00:00,303.2313042686239,304.9403049369071
2011-05-18 20:00:00,302.69926765336095,304.37962209645696
2011-05-18 21:00:00,302.3796130681442,303.9256509507566
2011-05-19 05:00:00,313.9051114686281,308.83808621493256
2011-05-19 06:00:00,317.50190614956006,311.0862487416789
2011-05-19 08:00:00,322.25489078280737,314.0593700438325
2011-05-19 09:00:00,322.84234668514216,314.7063382564598
2011-05-19 17:00:00,304.9970823267392,306.1588140878546
2011-05-19 18:00:00,304.2295314982787,305.5265407944313
2011-05-19 20:00:00,303.3256717676007,304.7915332717778
2011-05-19 21:00:00,302.75187831226225,303.92011462007355
2011-05-20 05:00:00,312.68256938916693,307.4195506796815
2011-05-20 06:00:00,316.5827552548542,309.6978538524939
2011-05-20 08:00:00,321.3855224985555,312.63069331517386
2011-05-20 09:00:00,322.0746465603633,313.49574399692443
2011-05-20 17:00:00,305.12199460633553,306.0999089080858
2011-05-20 18:00:00,304.3157227549972,305.4130660705097
2011-05-20 20:00:00,303.38956149296695,304.40123700581273
2011-05-20 21:00:00,302.79842366128935,303.5692616184981
2011-05-21 05:00:00,312.55411227421695,306.446312855866
2011-05-21 06:00:00,316.30045963986817,308.33182359880584
2011-05-21 08:00:00,320.74746513660597,311.335844865749
2011-05-21 09:00:00,321.33850784184204,312.2077285225843
2011-05-21 17:00:00,305.1615658658679,305.90685028875555
2011-05-21 18:00:00,304.3793853383586,305.2084236321354
2011-05-21 20:00:00,303.6221587382406,304.48720424752025
2011-05-21 21:00:00,303.21320837928994,304.00879597480196
2011-05-22 05:00:00,312.4973141239677,306.567055794785
2011-05-22 06:00:00,315.9862019167108,308.56342011203384
2011-05-22 08:00:00,321.2124574070536,311.51989767253855
2011-05-22 09:00:00,322.0654728306093,312.40637522081755
2011-05-22 17:00:00,303.61968975331644,304.70785313210985
2011-05-22 18:00:00,302.3681370010729,304.17585991857965
2011-05-22 20:00:00,300.37597341199506,301.6661806973544
2011-05-22 21:00:00,299.9565172004406,301.3941448429149
2011-05-23 05:00:00,312.07723314846606,306.3597706705103
2011-05-23 06:00:00,315.6436365771184,308.27914830752997
2011-05-23 08:00:00,320.94610819059824,311.3280665040567
2011-05-23 09:00:00,321.49620810862865,311.98281639345987
2011-05-23 17:00:00,304.72100724277584,305.6466799884438
2011-05-23 18:00:00,303.97102306583446,304.9626394545169
2011-05-23 20:00:00,302.82464199918445,303.79481304151074
2011-05-23 21:00:00,302.31289442441505,303.3297832471381
2011-05-24 05:00:00,313.1317427860019,307.6654665201948
2011-05-24 06:00:00,316.364630583071,309.3612122146301
2011-05-24 08:00:00,320.75524382745544,311.9075716838631
2011-05-24 09:00:00,321.26037249690035,312.5514351913852
2011-05-24 17:00:00,304.4257644864922,305.31271047254194
2011-05-24 18:00:00,303.7069330435872,304.670364497439
2011-05-24 20:00:00,302.45516410557263,303.52381908728273
2011-05-24 21:00:00,301.9628848412371,303.0471083019474
2011-05-25 05:00:00,313.1024709974856,307.26529922838023
2011-05-25 06:00:00,316.79453217634256,309.18002392220757
2011-05-25 08:00:00,321.98153923986877,312.4427093835016
2011-05-25 09:00:00,322.3211020776782,313.05321950574506
2011-05-25 17:00:00,303.9097634008375,304.92762015743875
2011-05-25 18:00:00,303.09022926365833,304.2657547349739
2011-05-25 20:00:00,302.337671805971,303.7316113488149
2011-05-25 21:00:00,301.9879517871169,303.3186953269829
2011-05-26 05:00:00,313.65972289098613,307.6167292190811
2011-05-26 06:00:00,317.24973796732803,309.51055800051466
2011-05-26 08:00:00,321.7882527496855,312.0849154902901
2011-05-26 09:00:00,322.3757725085242,312.8041142256492
2011-05-26 17:00:00,304.17600996725736,305.11448163942123
2011-05-26 18:00:00,303.2875842078257,304.35309968780854
2011-05-26 20:00:00,302.1841092572557,303.4354618583879
2011-05-26 21:00:00,301.87491277333214,303.09109071517025
2011-05-27 05:00:00,314.067826046231,308.2135818551979
2011-05-27 06:00:00,317.57171614401517,309.9107422909495
2011-05-27 08:00:00,322.3434243224251,312.43551071472643
2011-05-27 09:00:00,323.19556564542654,313.25311173496334
2011-05-27 17:00:00,304.42623217190356,305.5284269124224
2011-05-27 18:00:00,303.4413910382334,304.7242576940034
2011-05-27 20:00:00,301.6195094691954,302.9324138388612
2011-05-27 21:00:00,301.1256626405407,302.5044856607822
2011-05-28 05:00:00,314.6638253892331,308.6054895574397
2011-05-28 06:00:00,318.29101710620756,310.3267292087361
2011-05-28 08:00:00,321.6350785829988,312.6527448516047
2011-05-28 09:00:00,321.18438906441855,312.9208341813051
2011-05-28 17:00:00,304.76221401408566,305.8118743896484
2011-05-28 18:00:00,303.8824249173534,305.0624243643692
2011-05-28 20:00:00,302.7552569937449,303.9470255753293
2011-05-28 21:00:00,302.47326011246275,303.57063222923335
2011-05-29 05:00:00,314.0943406491507,309.04661508333885
2011-05-29 06:00:00,317.71677124775795,310.9032043551076
2011-05-29 08:00:00,321.07487372587934,312.79448080430234
2011-05-29 09:00:00,321.93317837707804,313.4091599615771
2011-05-29 17:00:00,304.8171389304986,306.0565643545659
2011-05-29 18:00:00,304.03169772437616,305.29808180798733
2011-05-29 20:00:00,303.1552741898594,304.43769095821995
2011-05-29 21:00:00,302.6895536590247,303.95352083508885
2011-05-30 05:00:00,313.8941122328372,308.9582591240505
2011-05-30 06:00:00,317.06858802172366,310.80706740086913
2011-05-30 08:00:00,321.6253905685731,313.6174706927801
2011-05-30 09:00:00,321.71227053978777,313.9768478323021
2011-05-30 17:00:00,304.48520151382235,305.5204882041332
2011-05-30 18:00:00,303.95376633936525,305.03293312202067
2011-05-30 20:00:00,303.05535606537103,304.2721725722491
2011-05-30 21:00:00,302.6509205681517,303.6805875804649
2011-05-31 05:00:00,311.47032240763286,306.4603543039095
2011-05-31 06:00:00,314.94797199643085,308.6128724602228
2011-05-31 08:00:00,319.5867365527043,311.9297448909155
2011-05-31 09:00:00,320.2442479537706,312.62852727246394
2011-05-31 17:00:00,304.6324188044332,305.48014145015014
2011-05-31 18:00:00,303.7490474424671,304.77194519513193
2011-05-31 20:00:00,302.87678760593224,304.0094214440862
2011-05-31 21:00:00,302.3895576841475,303.3333795250656
2011-06-01 05:00:00,311.11829450281084,305.8733577404993
2011-06-01 06:00:00,314.7954540517187,308.09142276428884
2011-06-01 08:00:00,320.04685666123964,311.30801375143704
2011-06-01 09:00:00,321.04303585105396,312.15133648183206
2011-06-01 17:00:00,304.0940866573199,304.9991732040429
2011-06-01 18:00:00,303.27951522380437,304.31902669427575
2011-06-01 20:00:00,302.8406705694684,304.2261605990135
2011-06-01 21:00:00,302.6448543883619,303.87348456008044
2011-06-02 05:00:00,313.2464103757509,306.811220518797
2011-06-02 06:00:00,316.72061867265745,308.3856775551254
2011-06-02 08:00:00,321.9629837059644,309.7823006699008
2011-06-02 09:00:00,322.29107889372324,310.4016518144652
2011-06-02 17:00:00,303.56110223379267,304.6196298937217
2011-06-02 18:00:00,302.14091917252506,303.4590082388997
2011-06-02 20:00:00,301.15914719497846,301.8530984887357
2011-06-02 21:00:00,300.73105949319563,301.4475617724684
2011-06-03 05:00:00,318.98963213481227,309.5262931271217
2011-06-03 06:00:00,322.44288647009523,310.7050526623366
2011-06-03 08:00:00,325.8091606998297,312.4015567820686
2011-06-03 09:00:00,323.5189502169428,312.2363030385163
2011-06-03 17:00:00,304.07532215559246,305.0766018483966
2011-06-03 18:00:00,303.0542476048639,304.18284367119037
2011-06-03 20:00:00,300.6705210587277,302.0588035407162
2011-06-03 21:00:00,299.8147383632572,301.3210238323006
2011-06-04 05:00:00,319.4165917677211,311.3410871884857
2011-06-04 06:00:00,323.0918324474929,312.4595234169982
2011-06-04 08:00:00,327.1937979770184,314.13962266919054
2011-06-04 09:00:00,326.63372953206255,314.4936361445117
2011-06-04 17:00:00,304.5725417173883,305.8691002797272
2011-06-04 18:00:00,303.3119654721582,304.81630454041374
2011-06-04 20:00:00,301.05072388259583,302.87113496518833
2011-06-04 21:00:00,299.90130878560166,302.02203961623655
2011-06-05 05:00:00,319.7218807085269,312.7499159003259
2011-06-05 06:00:00,322.51245251201516,313.4573174992401
2011-06-05 08:00:00,328.57418437658,315.5144399163903
2011-06-05 09:00:00,327.9125779068158,315.80108301665274
2011-06-05 17:00:00,303.85655304096144,305.7365364580199
2011-06-05 18:00:00,302.3822305029824,304.86986745120197
2011-06-05 20:00:00,301.1580615168544,303.382600381672
2011-06-05 21:00:00,300.2805765207817,302.80936320206416
2011-06-06 05:00:00,320.88653018992557,314.21688323175226
2011-06-06 06:00:00,324.6174136310219,315.20989545872106
2011-06-06 08:00:00,328.2165178907304,316.239182976251
2011-06-06 09:00:00,328.75129906605866,316.7917665031915
2011-06-06 17:00:00,305.9831783723758,308.8740576933639
2011-06-06 18:00:00,304.0352605928441,306.48456624035475
2011-06-06 20:00:00,301.4194164305512,304.0034078589206
2011-06-06 21:00:00,300.82049934375453,303.25020541762717
2011-06-07 05:00:00,318.6328123119102,313.67204061311276
2011-06-07 06:00:00,322.11156753986756,315.3477408904324
2011-06-07 08:00:00,325.3037089860678,316.8918487125626
2011-06-07 09:00:00,325.42999222906786,317.17712992475657
2011-06-07 17:00:00,306.09531742325186,307.878676545271
2011-06-07 18:00:00,305.4029457785866,307.4108149406539
2011-06-07 20:00:00,304.7472702520103,306.67925503441296
2011-06-07 21:00:00,304.56279290291855,306.34051172759024
2011-06-08 05:00:00,314.6861738254918,310.01817742628384
2011-06-08 06:00:00,318.0994126800396,312.13846772697934
2011-06-08 08:00:00,322.1486604570057,314.96171346467526
2011-06-08 09:00:00,322.61007951404355,315.619469970327
2011-06-08 17:00:00,307.53583607725074,308.5490174374338
2011-06-08 18:00:00,306.77062409904966,307.7375201209117
2011-06-08 20:00:00,305.4701975865063,306.4227615144844
2011-06-08 21:00:00,305.0690062865271,306.0040977489783
2011-06-09 05:00:00,313.3902162807564,307.93998652430275
2011-06-09 06:00:00,316.6531447776477,309.8474741790254
2011-06-09 08:00:00,321.11318873330515,312.843947165185
2011-06-09 09:00:00,322.4331114406028,313.9186038824002
2011-06-09 17:00:00,305.6548867247689,306.70070962068297
2011-06-09 18:00:00,304.97389122444235,306.2721169916985
2011-06-09 20:00:00,304.60404317000615,305.7290345413843
2011-06-09 21:00:00,304.420506857944,305.4534232869905
2011-06-10 05:00:00,313.3376835380754,307.53811325755066
2011-06-10 06:00:00,316.7329197018099,309.38203827515594
2011-06-10 08:00:00,321.5140106483306,312.078966020252
2011-06-10 09:00:00,322.0453819662838,312.8925204284386
2011-06-10 17:00:00,306.3276889371945,306.9761765631395
2011-06-10 18:00:00,305.7084896751839,306.3849739109974
2011-06-10 20:00:00,304.5949131006085,305.260979815514
2011-06-10 21:00:00,304.2204780049611,304.97793275806674
2011-06-11 05:00:00,313.66062377083284,307.53428066823807
2011-06-11 06:00:00,316.98606014398655,309.2477630474167
2011-06-11 08:00:00,322.321228662147,313.0117788211958
2011-06-11 09:00:00,322.7349155937395,313.6826173755899
2011-06-11 17:00:00,305.8423117709637,306.73091442889904
2011-06-11 18:00:00,305.18653723859273,306.122245306594
2011-06-11 20:00:00,304.337612416601,305.29332882450615
2011-06-11 21:00:00,303.8638371025285,304.80557015864247
2011-06-12 05:00:00,313.7978269697522,307.480576737085
2011-06-12 06:00:00,317.7333152782752,309.38383747212504
2011-06-12 08:00:00,323.2350677349167,312.37311926608095
2011-06-12 09:00:00,323.41213236898415,312.96386067488896
2011-06-12 17:00:00,306.1635625806906,306.73596562883705
2011-06-12 18:00:00,305.5257710132099,306.2533502799153
2011-06-12 20:00:00,304.8524110673572,305.50444947699737
2011-06-12 21:00:00,304.6584177590298,305.13472958228255
2011-06-13 05:00:00,315.6022637694937,308.64998230544745
2011-06-13 06:00:00,318.9477700349546,310.12516935139854
2011-06-13 08:00:00,322.7904044270332,312.4318454078239
2011-06-13 09:00:00,322.92088407213777,312.9646540848978
2011-06-13 17:00:00,306.4129798313135,306.7737670804393
2011-06-13 18:00:00,305.8661880845833,306.20920987121866
2011-06-13 20:00:00,304.053837827615,304.88631816564254
2011-06-13 21:00:00,304.01450480738845,304.3265625611292
2011-06-14 05:00:00,313.7789185557784,308.23130264634904
2011-06-14 06:00:00,317.2221278115671,309.85873838639225
2011-06-14 08:00:00,321.375841419943,312.41106989644527
2011-06-14 09:00:00,321.75589830959893,312.94639300565325
2011-06-14 17:00:00,304.5699241179715,305.70897424165935
2011-06-14 18:00:00,304.6931989343582,305.49581018104027
2011-06-14 20:00:00,301.13974497461544,302.01643799486436
2011-06-14 21:00:00,301.53776091823966,303.0053033814041
2011-06-15 05:00:00,310.85864664556806,306.08109743091836
2011-06-15 06:00:00,313.7194803293755,307.6445542439841
2011-06-15 08:00:00,317.56305430078726,309.6269911426609
2011-06-15 09:00:00,318.1405840904577,310.3430725003612
2011-06-15 17:00:00,304.30577936157795,304.9285314057384
2011-06-15 18:00:00,303.7250021301176,304.3765993044814
2011-06-15 20:00:00,302.7919827359851,303.4576080040131
2011-06-15 21:00:00,302.4028558716385,302.991677564906
2011-06-16 05:00:00,309.75781837780784,304.48695747363735
2011-06-16 06:00:00,313.00105577183797,306.1842085686965
2011-06-16 08:00:00,317.2531548545614,308.89138497703806
2011-06-16 09:00:00,317.57643202677343,309.4855706166413
2011-06-16 17:00:00,304.13424459260494,304.79914077735276
2011-06-16 18:00:00,303.5458785469984,304.2359657934157
2011-06-16 20:00:00,302.89405239675375,303.4395165583019
2011-06-16 21:00:00,302.485912140786,302.87040938508164
2011-06-17 05:00:00,310.50013714101175,304.7418914230652
2011-06-17 06:00:00,313.15252104819467,306.1369261895931
2011-06-17 08:00:00,318.9035423525676,309.6721801522701
2011-06-17 09:00:00,319.58309193568533,310.2188052278821
2011-06-17 17:00:00,304.0916332133195,304.53615018729994
2011-06-17 18:00:00,303.37357496076453,303.69490453311585
2011-06-17 20:00:00,302.98320143689364,303.6010922048419
2011-06-17 21:00:00,302.60077854150614,303.0955996990939
2011-06-18 05:00:00,311.56225016965703,305.2146129167319
2011-06-18 06:00:00,314.9592553654511,306.83529209319175
2011-06-18 08:00:00,320.8528655394568,309.7381549241547
2011-06-18 09:00:00,321.57446947376974,310.50395910324784
2011-06-18 17:00:00,304.89728276938985,304.9711705988103
2011-06-18 18:00:00,304.02166604628366,304.0936065579783
2011-06-18 20:00:00,303.39049270230197,303.6696115502591
2011-06-18 21:00:00,302.9364734526225,303.12014946842044
2011-06-19 05:00:00,310.9718772758872,305.5142079780943
2011-06-19 06:00:00,314.49158257953195,307.3712317374161
2011-06-19 08:00:00,320.4456829664704,310.25204190340907
2011-06-19 09:00:00,321.260471808341,310.99012540044333
2011-06-19 17:00:00,305.0216275819094,305.23113089680487
2011-06-19 18:00:00,304.3973167196077,304.70451766427016
2011-06-19 20:00:00,303.5457531380911,303.8868662594647
2011-06-19 21:00:00,303.1304983365334,303.4566870220637
2011-06-20 05:00:00,311.6228450545912,305.8784797092432
2011-06-20 06:00:00,314.9668102764018,307.49658050301997
2011-06-20 08:00:00,320.0883805755475,309.73158511028083
2011-06-20 09:00:00,319.75848927079073,310.0307651278785
2011-06-20 17:00:00,305.2303759511704,305.58689744005954
2011-06-20 18:00:00,304.4419519926991,304.93860733196806
2011-06-20 20:00:00,303.75866447648576,304.40360263536456
2011-06-20 21:00:00,303.45012275684047,303.97163971840695
2011-06-21 05:00:00,310.5308100578414,305.37940438245585
2011-06-21 06:00:00,313.6886927482711,306.7378870136749
2011-06-21 08:00:00,317.13339374465824,308.6738032030949
2011-06-21 09:00:00,317.27839933374815,309.19446611918727
2011-06-21 17:00:00,300.7471943812672,300.4074101617046
2011-06-21 18:00:00,299.98435666123964,300.3724621036571
2011-06-21 20:00:00,299.1482214317851,300.49035729171686
2011-06-21 21:00:00,299.2003413877796,300.8544504315534
2011-06-22 05:00:00,307.62510246194574,304.02922180363873
2011-06-22 06:00:00,308.9453973755447,304.5545752103597
2011-06-22 08:00:00,315.03088566996104,308.62426795430474
2011-06-22 09:00:00,313.74412127525676,308.26043498975287
2011-06-22 17:00:00,301.3039697021108,301.6464441707946
2011-06-22 18:00:00,301.05305666695756,301.38588673454956
2011-06-22 20:00:00,298.9918665716939,298.97403085764455
2011-06-22 21:00:00,298.4032586190293,298.67462329835115
2011-06-23 05:00:00,299.8087179598345,299.606118906077
2011-06-23 06:00:00,301.14099224543173,300.40940772293163
2011-06-23 08:00:00,300.6776404476313,300.0376336049226
2011-06-23 09:00:00,303.4740003165552,301.3993684742226
2011-06-23 17:00:00,300.41415120787536,301.0449034421947
2011-06-23 18:00:00,300.34504288260484,301.0270474614642
2011-06-23 20:00:00,297.44965977367525,298.1468718400905
2011-06-23 21:00:00,296.6588859381771,297.96011604109236
2011-06-24 05:00:00,301.49950106816226,301.01050944982217
2011-06-24 06:00:00,303.5669411069991,302.18468880910535
2011-06-24 08:00:00,307.8935016696736,305.37687744234665
2011-06-24 09:00:00,308.7233758112315,305.88139021157855
2011-06-24 17:00:00,302.1416001283149,302.9975110540405
2011-06-24 18:00:00,301.4315740647044,302.2870415215867
2011-06-24 20:00:00,300.609732817428,301.5383365202024
2011-06-24 21:00:00,300.5016672754508,301.30566415654494
2011-06-25 05:00:00,306.2588683188605,303.0663892278686
2011-06-25 06:00:00,308.68644298206675,304.53915179565615
2011-06-25 08:00:00,311.59883834768334,306.8558281191692
2011-06-25 09:00:00,312.3728458069506,307.60638350147315
2011-06-25 17:00:00,302.49758814736765,303.60623669734537
2011-06-25 18:00:00,302.182714594531,303.2540182339943
2011-06-25 20:00:00,301.57030283688397,302.6728101121994
2011-06-25 21:00:00,301.1553798258212,302.116046923151
2011-06-26 05:00:00,306.93511744236173,303.2776876487791
2011-06-26 06:00:00,309.632680413903,304.76141712441466
2011-06-26 08:00:00,310.2734746947678,305.4253984871557
2011-06-26 09:00:00,309.10818149936955,305.1056822319795
2011-06-26 17:00:00,301.2853866130435,301.62866502476766
2011-06-26 18:00:00,301.1245114836377,301.569363187017
2011-06-26 20:00:00,300.5680470282932,301.329387388538
2011-06-26 21:00:00,300.29844115364534,301.3091302527853
2011-06-27 05:00:00,306.80434684577085,303.3354642189155
2011-06-27 06:00:00,309.2507076175261,304.68012321013697
2011-06-27 08:00:00,311.7794296899451,305.95050333314026
2011-06-27 09:00:00,311.42355050438175,305.98363042281846
2011-06-27 17:00:00,300.6402206773567,301.6554319031984
2011-06-27 18:00:00,299.9270722046839,300.98810924183243
2011-06-27 20:00:00,300.447363948969,301.3492306325763
2011-06-27 21:00:00,300.5378124313472,301.244125272166
2011-06-28 05:00:00,305.4487350064176,303.68967112113586
2011-06-28 06:00:00,307.62192190960855,304.8999294521996
2011-06-28 08:00:00,311.4463703878488,306.64298931292285
2011-06-28 09:00:00,312.09491563982147,307.09999277264757
2011-06-28 17:00:00,300.98903003569194,301.1307120536252
2011-06-28 18:00:00,300.1367406624675,301.0083043314459
2011-06-28 20:00:00,299.3744571021599,301.58158728742086
2011-06-28 21:00:00,300.0941768228916,301.3579126484405
2011-06-29 05:00:00,306.20470001737954,303.41605378372833
2011-06-29 06:00:00,307.9780515838294,304.5395402247072
2011-06-29 08:00:00,311.23635798426363,306.61768224683857
2011-06-29 09:00:00,311.79073802789304,307.3453055971026
2011-06-29 17:00:00,302.2352457619595,303.0009496656515
2011-06-29 18:00:00,301.713503774399,302.48288612777174
2011-06-29 20:00:00,301.1157702900045,301.9569201359212
2011-06-29 21:00:00,300.6962261699565,301.44754115311866
2011-06-30 05:00:00,305.85445581562533,302.91907065087366
2011-06-30 06:00:00,308.44088399502095,304.38053741219966
2011-06-30 08:00:00,311.9862836417505,306.72677080950865
2011-06-30 09:00:00,312.46097304898166,307.2939665901642
2011-06-30 17:00:00,301.9843220056849,302.7653813531109
2011-06-30 18:00:00,301.421947908328,302.2192481324559
2011-06-30 20:00:00,301.07646703499677,301.9400396126628
2011-06-30 21:00:00,300.80156612543186,301.4224300766579
2011-07-01 05:00:00,306.5639014809819,303.1691294524629
2011-07-01 06:00:00,308.4242271105938,304.3290163577981
2011-07-01 08:00:00,309.49236980608686,305.5248296000006
2011-07-01 09:00:00,308.7543358472169,305.351437020559
2011-07-01 17:00:00,301.6138047745856,302.510867760986
2011-07-01 18:00:00,301.24368723441717,302.11565908188084
2011-07-01 20:00:00,300.6890745706661,301.5962641499994
2011-07-01 21:00:00,300.19891895829073,301.03206819084653
2011-07-02 05:00:00,307.1253190003852,302.9423036266732
2011-07-02 06:00:00,309.6135793959231,304.28259216214553
2011-07-02 08:00:00,313.4066215009646,306.8090337391811
2011-07-02 09:00:00,313.85829701004855,307.49985046856943
2011-07-02 17:00:00,302.0338395740292,302.7872710617371
2011-07-02 18:00:00,301.49873551896246,302.2010761372665
2011-07-02 20:00:00,301.18892038401174,302.1366626522023
2011-07-02 21:00:00,300.7113471361816,301.643286447863
2011-07-03 05:00:00,309.06085908063943,304.7783515589263
2011-07-03 06:00:00,311.76773153578375,306.1119705693931
2011-07-03 08:00:00,315.9921097013359,308.80861458095086
2011-07-03 09:00:00,316.3330102106456,309.22955689040833
2011-07-03 17:00:00,303.587086917072,304.01618115817456
2011-07-03 18:00:00,302.7120348161836,303.11473191647764
2011-07-03 20:00:00,301.73029399101836,302.43061297259453
2011-07-03 21:00:00,301.11649382463406,301.85120985504295
2011-07-04 05:00:00,310.1312777573596,305.5597020459286
2011-07-04 06:00:00,312.83628657124996,306.88774992909015
2011-07-04 08:00:00,315.75007784568663,308.48518152927585
2011-07-04 09:00:00,317.1369178901285,309.29956708299727
2011-07-04 17:00:00,303.3653497681228,303.812057777252
2011-07-04 18:00:00,302.72009909795867,303.2399100140541
2011-07-04 20:00:00,302.09048010498424,303.01590652348267
2011-07-04 21:00:00,301.7054107383881,302.58432079720757
2011-07-05 05:00:00,311.07778060748507,306.88793799542873
2011-07-05 06:00:00,314.1946260190708,308.355025516269
2011-07-05 08:00:00,318.6181492269131,310.0427063881708
2011-07-05 09:00:00,318.6706763268987,310.3322341754366
2011-07-05 17:00:00,303.42349475925255,303.4043551828534
2011-07-05 18:00:00,302.79926249499687,302.91389286646677
2011-07-05 20:00:00,301.638506943713,301.88091133482106
2011-07-05 21:00:00,300.70513772597116,301.4232223581276
2011-07-06 05:00:00,309.9130392441948,305.5426457762167
2011-07-06 06:00:00,312.0474297710119,306.66418471137985
2011-07-06 08:00:00,316.00713152069886,309.0506879809457
2011-07-06 09:00:00,316.4779714810646,309.4308719958289
2011-07-06 17:00:00,302.6385520382545,302.54314252151
2011-07-06 18:00:00,302.0356886853422,302.08059713542923
2011-07-06 20:00:00,301.34862291427163,301.6198099192192
2011-07-06 21:00:00,300.8738260607139,301.13165095113277
2011-07-07 05:00:00,312.9761092739958,305.6440536663602
2011-07-07 06:00:00,316.52564856671773,306.9812720112147
2011-07-07 08:00:00,321.3374937789282,309.4930975492269
2011-07-07 09:00:00,319.7575011642762,309.41361148405144
2011-07-07 17:00:00,301.2584409552106,301.6516968619842
2011-07-07 18:00:00,301.01928826142534,301.28596649405034
2011-07-07 20:00:00,301.1520456746106,301.9581835589534
2011-07-07 21:00:00,301.03074018246224,301.6311054905685
2011-07-08 05:00:00,309.160224879284,304.0751681570279
2011-07-08 06:00:00,310.1225563836943,304.74402365662473
2011-07-08 08:00:00,313.3361780434066,307.2285033756486
2011-07-08 09:00:00,313.3359152348641,307.6749669149955
2011-07-08 17:00:00,298.96244315924747,298.8265470672278
2011-07-08 18:00:00,298.7360071731826,298.7570162451323
2011-07-08 20:00:00,297.76536790468657,297.6320029142642
2011-07-08 21:00:00,297.6003973068919,297.6217848626418
2011-07-09 05:00:00,299.71899021424935,298.71300794604383
2011-07-09 06:00:00,300.3901223063653,299.9393262113739
2011-07-09 08:00:00,305.8110848825041,303.65931694606786
2011-07-09 09:00:00,306.36217246033567,303.90698978089046
2011-07-09 17:00:00,297.6435603301955,298.40845676416245
2011-07-09 18:00:00,297.5239699353423,298.43676849506306
2011-07-09 20:00:00,296.8750181741818,297.1531961496879
2011-07-09 21:00:00,296.7480817186447,296.9394811268764
2011-07-10 05:00:00,298.0543766815233,297.54110999908215
2011-07-10 06:00:00,298.74425296166277,298.40146894410873
2011-07-10 08:00:00,305.74905665886973,302.9688521798109
2011-07-10 09:00:00,306.4020446636277,303.3908644148676
2011-07-10 17:00:00,297.6689244580379,297.95999133752196
2011-07-10 18:00:00,297.3239507924978,297.8021397759624
2011-07-10 20:00:00,297.1824282982684,297.498826272315
2011-07-10 21:00:00,297.0293659039749,297.3500634238973
2011-07-11 05:00:00,301.0945069676004,300.116780661655
2011-07-11 06:00:00,303.7488871899151,301.6817259707693
2011-07-11 08:00:00,305.8849319904722,303.424975825752
2011-07-11 09:00:00,307.07539494636427,304.159366883923
2011-07-11 17:00:00,299.0847815232946,300.4254177428541
2011-07-11 18:00:00,298.94067509773146,300.24385465789464
2011-07-11 20:00:00,298.0625379941497,298.89425111368
2011-07-11 21:00:00,297.5374156558092,298.6146117035523
2011-07-12 05:00:00,305.7086422630746,303.1969155192559
2011-07-12 06:00:00,307.92116500783965,304.3691995441455
2011-07-12 08:00:00,311.2141263047793,306.6737112506696
2011-07-12 09:00:00,311.5764158040239,307.01197330610046
2011-07-12 17:00:00,300.86820863979443,302.02320001305344
2011-07-12 18:00:00,300.6184281406491,301.7793695011933
2011-07-12 20:00:00,300.25317392216994,301.0569959502375
2011-07-12 21:00:00,299.75377714982943,300.8160946321414
2011-07-13 05:00:00,305.8834692392217,303.59148546874246
2011-07-13 06:00:00,307.7505258757088,304.90301967438637
2011-07-13 08:00:00,310.94063049692585,307.0982355432261
2011-07-13 09:00:00,311.4150398618819,307.760345623563
2011-07-13 17:00:00,301.39433754096603,301.9641817207513
2011-07-13 18:00:00,300.8431783479241,301.53319125182827
2011-07-13 20:00:00,299.596074978633,300.28229672001396
2011-07-13 21:00:00,299.3753789775361,300.0514091174298
2011-07-14 05:00:00,307.02601983257,304.40394596987403
2011-07-14 06:00:00,308.531424994094,305.1751348792313
2011-07-14 08:00:00,311.5176459549021,306.4523922019453
2011-07-14 09:00:00,311.29898894182156,306.3942560980611
2011-07-14 17:00:00,300.2813903855617,300.88377342753125
2011-07-14 18:00:00,299.61622800665384,300.2492981427256
2011-07-14 20:00:00,298.754623930333,299.4852694612806
2011-07-14 21:00:00,298.75900324981643,299.48115626542335
2011-07-15 05:00:00,300.7953175219989,299.64145127871
2011-07-15 06:00:00,303.08920328055035,301.6063671376562
2011-07-15 08:00:00,310.40200250799006,305.6277938631173
2011-07-15 09:00:00,311.2756724541287,305.5005697711774
2011-07-15 17:00:00,299.7664001182709,300.03756481106
2011-07-15 18:00:00,299.0498882934382,299.2251285264966
2011-07-15 20:00:00,298.1328342008664,297.9449464066186
2011-07-15 21:00:00,297.6957753185866,297.3408366528057
2011-07-16 05:00:00,298.8033903853736,298.4343629434406
2011-07-16 06:00:00,299.6051940917969,299.2304035063334
2011-07-16 08:00:00,306.53378702642743,302.69575549861867
2011-07-16 09:00:00,306.85816948513036,303.25288840177797
2011-07-16 17:00:00,299.0762907242738,299.48075417634703
2011-07-16 18:00:00,298.71356899455446,299.0596886915492
2011-07-16 20:00:00,298.0724780959966,298.5043283471341
2011-07-16 21:00:00,297.82615602843015,298.255816161357
2011-07-17 05:00:00,306.4472210947281,302.8463963771638
2011-07-17 06:00:00,308.41036926175485,304.2162674726066
2011-07-17 08:00:00,311.2037695368927,305.9729224206487
2011-07-17 09:00:00,310.882200573185,306.19822678764353
2011-07-17 17:00:00,299.3822454561254,299.97257200925856
2011-07-17 18:00:00,299.38705239788226,299.71171330009656
2011-07-17 20:00:00,298.33822558951124,299.10989810138346
2011-07-17 21:00:00,298.0657797697329,298.70154060163924
2011-07-18 05:00:00,306.6446392841074,303.82879601053907
2011-07-18 06:00:00,308.58509488098434,304.9353474527368
2011-07-18 08:00:00,310.17079033285887,305.9706372465301
2011-07-18 09:00:00,310.34067249738933,306.40095000421326
2011-07-18 17:00:00,300.10027697641056,301.17445839057535
2011-07-18 18:00:00,299.6398697722307,300.7616720331836
2011-07-18 20:00:00,299.0339264480285,300.2441110008487
2011-07-18 21:00:00,298.9076348820526,300.1123981916666
2011-07-19 05:00:00,304.0970163213087,302.9625403546773
2011-07-19 06:00:00,306.83493154846104,304.63301857594166
2011-07-19 08:00:00,309.7654623493024,306.0750743472154
2011-07-19 09:00:00,309.4972718037516,305.90406721729346
2011-07-19 17:00:00,299.9960293527377,300.58332093507744
2011-07-19 18:00:00,299.98705069566915,300.6191674983373
2011-07-19 20:00:00,299.9083276169693,300.49133756899136
2011-07-19 21:00:00,299.6237029088848,300.12564745228536
2011-07-20 05:00:00,304.20186844224736,301.82420497241856
2011-07-20 06:00:00,306.3318801668282,303.31876153461
2011-07-20 08:00:00,308.0987184404041,304.9674434338586
2011-07-20 09:00:00,308.99072213900297,305.89049813339636
2011-07-20 17:00:00,300.4035117879671,301.58284436242053
2011-07-20 18:00:00,299.95966441385184,301.0677936947768
2011-07-20 20:00:00,299.3089113162002,300.11223264908756
2011-07-20 21:00:00,298.9288461976132,299.5792319792996
2011-07-21 05:00:00,303.4780374300682,301.2915271353465
2011-07-21 06:00:00,305.848277228639,302.81178481185754
2011-07-21 08:00:00,308.2674557255303,304.63350154365344
2011-07-21 09:00:00,308.47011275798405,305.01961687790407
2011-07-21 17:00:00,300.13085443764146,301.01033245727353
2011-07-21 18:00:00,299.80632562152414,300.62532565406366
2011-07-21 20:00:00,298.9889181692538,299.66678620560333
2011-07-21 21:00:00,298.8231001796634,299.3545107848839
2011-07-22 05:00:00,301.15078916388046,299.6220547950874
2011-07-22 06:00:00,302.7175783883258,300.6695077951957
2011-07-22 08:00:00,306.24877196137095,303.5993756263392
2011-07-22 09:00:00,305.7794150894706,303.7626655002589
2011-07-22 17:00:00,300.01009903777,300.7472170460941
2011-07-22 18:00:00,299.7332755442944,300.3919542544796
2011-07-22 20:00:00,299.6800507485224,300.20512921490547
2011-07-22 21:00:00,299.5209786954389,299.9386995430169
2011-07-23 05:00:00,302.9320314521966,301.7313860406861
2011-07-23 06:00:00,303.7709032949204,302.3106582241911
2011-07-23 08:00:00,303.9537002022719,302.2009595920933
2011-07-23 09:00:00,303.73223829930663,302.3967564939902
2011-07-23 17:00:00,298.84284437088456,299.66406358151664
2011-07-23 18:00:00,298.42246905827926,298.830147976868
2011-07-23 20:00:00,298.1456529238191,298.33661504666134
2011-07-23 21:00:00,297.97131613333164,298.24068844740856
2011-07-24 05:00:00,299.19480096614234,299.59187834141625
2011-07-24 06:00:00,300.22853868951785,300.2860387440639
2011-07-24 08:00:00,304.6059696567812,302.44354034094675
2011-07-24 09:00:00,306.5502282188192,302.93362518451613
2011-07-24 17:00:00,298.37506456184093,299.0284784020187
2011-07-24 18:00:00,298.1286235274446,298.6626952748821
2011-07-24 20:00:00,297.5745487771527,297.85320704009024
2011-07-24 21:00:00,297.2641180006124,297.59721043003356
2011-07-25 05:00:00,300.23798183447036,299.4727020498784
2011-07-25 06:00:00,300.7774152476541,299.71385197573346
2011-07-25 08:00:00,306.55419153057744,303.07681864545964
2011-07-25 09:00:00,306.7524134513961,303.16482308833
2011-07-25 17:00:00,299.7792787713519,300.03144328583187
2011-07-25 18:00:00,299.3060048813078,299.61436137947356
2011-07-25 20:00:00,298.3771943972548,298.8894769230683
2011-07-25 21:00:00,298.2439030440085,298.7295722432423
2011-07-26 05:00:00,303.4979907066686,301.45300868993917
2011-07-26 06:00:00,307.67139823925334,303.1862617810077
2011-07-26 08:00:00,310.35007689583284,305.58215454289655
2011-07-26 09:00:00,310.70340649997144,305.64426844145737
2011-07-26 17:00:00,300.0125873019038,300.911579808028
2011-07-26 18:00:00,299.02430097347786,300.11455866221473
2011-07-26 20:00:00,298.8763631811862,300.68027441086497
2011-07-26 21:00:00,298.8297091867597,300.2531683029856
2011-07-27 05:00:00,306.842137106027,303.3687866163915
2011-07-27 06:00:00,309.0007064419645,304.4093919468954
2011-07-27 08:00:00,311.2845183432745,305.99566645688384
2011-07-27 09:00:00,311.66263743725324,306.01644217986353
2011-07-27 17:00:00,299.79673301567465,300.15115725571644
2011-07-27 18:00:00,298.91984732088576,299.3192103875253
2011-07-27 20:00:00,297.89520266023004,298.5383901493208
2011-07-27 21:00:00,297.8546933731056,298.43580027905006
2011-07-28 05:00:00,302.6424433351114,301.989778022002
2011-07-28 06:00:00,303.8309808152115,302.581176804835
2011-07-28 08:00:00,305.7858121898398,303.0967677840834
2011-07-28 09:00:00,306.7382454894173,303.70966711764345
2011-07-28 17:00:00,299.95038833970835,300.8078556854295
2011-07-28 18:00:00,299.7164768166094,300.594242348693
2011-07-28 20:00:00,298.91348765039663,299.3300245664153
2011-07-28 21:00:00,298.78073343473886,299.1972038374844
2011-07-29 05:00:00,302.0076379526194,301.41056616831634
2011-07-29 06:00:00,303.55621540087213,302.04808112616166
2011-07-29 08:00:00,306.6477711211735,303.5916963879978
2011-07-29 09:00:00,307.4225563084584,304.1134960721197
2011-07-29 17:00:00,299.0790307466716,299.736511559626
2011-07-29 18:00:00,298.53671760735415,299.3099209354913
2011-07-29 20:00:00,297.9847268925977,299.60006133139774
2011-07-29 21:00:00,297.77858775275513,299.30654331201396
2011-07-30 05:00:00,302.90436042585804,301.5699422216195
2011-07-30 06:00:00,304.3249856158288,302.3040396715349
2011-07-30 08:00:00,308.34839410296945,305.01207633231564
2011-07-30 09:00:00,308.50211417693384,304.8931623085622
2011-07-30 17:00:00,299.4299118206571,300.6066250793739
2011-07-30 18:00:00,298.862597637441,300.2254923157773
2011-07-30 20:00:00,298.6404179836091,300.0042772572287
2011-07-30 21:00:00,298.62780202151447,299.58210213636215
2011-07-31 05:00:00,303.8618336634937,302.088165471293
2011-07-31 06:00:00,305.7993505915802,303.14624307923407
2011-07-31 08:00:00,310.261706242025,305.9082818876246
2011-07-31 09:00:00,310.9832820333943,306.55686233591047
2011-07-31 17:00:00,298.93889590882003,299.68271896761996
2011-07-31 18:00:00,298.61478601582064,299.6265440765992
2011-07-31 20:00:00,298.3250422308735,299.00795862230206
2011-07-31 21:00:00,298.1235260809148,298.74626166721345
2011-08-01 05:00:00,303.667250764021,302.35487937045576
2011-08-01 06:00:00,305.4426509580921,303.53395539035415
2011-08-01 08:00:00,308.4427162958037,305.26325756008345
2011-08-01 09:00:00,308.7433489313111,305.6988303679715
2011-08-01 17:00:00,300.58573852445016,300.96669288482434
2011-08-01 18:00:00,300.15783484507415,300.4220325722717
2011-08-01 20:00:00,299.44976402247454,299.5812722134113
2011-08-01 21:00:00,299.2374493521057,299.43747543076336
2011-08-02 05:00:00,304.3581785604656,302.5425406575019
2011-08-02 06:00:00,305.8595502292063,303.57878533644003
2011-08-02 08:00:00,306.08919375850166,303.4822454702322
2011-08-02 09:00:00,307.10662959353033,304.11990737327255
2011-08-02 17:00:00,300.07015457505986,300.9652936138982
2011-08-02 18:00:00,299.5952628771954,300.5339587054378
2011-08-02 20:00:00,299.21359464530764,300.24122572606444
2011-08-02 21:00:00,298.8726098952565,299.7655921312987
2011-08-03 05:00:00,305.6085020985185,303.0957474906933
2011-08-03 06:00:00,307.8214375124139,304.44519948151157
2011-08-03 08:00:00,311.28105358717437,306.2400873592712
2011-08-03 09:00:00,311.63924460859255,306.803359726728
2011-08-03 17:00:00,299.9974980053072,300.7691160416566
2011-08-03 18:00:00,299.5259190399217,300.43763930404504
2011-08-03 20:00:00,299.3358391760311,299.97593460905904
2011-08-03 21:00:00,298.94189547169924,299.7074511605896
2011-08-04 05:00:00,305.0061949978257,303.2544140690831
2011-08-04 06:00:00,307.31836915567226,304.7816206075378
2011-08-04 08:00:00,310.39475517096616,306.03372787216966
2011-08-04 09:00:00,310.5902692562627,306.3239670152473
2011-08-04 17:00:00,298.40009320792507,299.0877982493725
2011-08-04 18:00:00,298.24218853449423,299.11121390743875
2011-08-04 20:00:00,298.0158235053252,299.1554200300266
2011-08-04 21:00:00,297.70873245215745,299.046992744246
2011-08-05 05:00:00,301.6265762164523,300.9438291999335
2011-08-05 06:00:00,302.40991516583506,301.62151434241537
2011-08-05 08:00:00,310.08251762684034,305.98744333323054
2011-08-05 09:00:00,310.58934004538236,306.09276358629415
2011-08-05 17:00:00,299.54503590447143,300.54213297275254
2011-08-05 18:00:00,298.48037230692955,299.83588354172434
2011-08-05 20:00:00,298.5844327106682,300.371016068892
2011-08-05 21:00:00,298.6677455578821,300.036065805491
2011-08-06 05:00:00,301.7535974064667,301.9079801444831
2011-08-06 06:00:00,303.95151948855363,303.0237444626348
2011-08-06 08:00:00,306.5575431506329,304.45250254015343
2011-08-06 09:00:00,307.8378783051149,305.29309629842936
2011-08-06 17:00:00,300.35689987864447,301.4347719683302
2011-08-06 18:00:00,299.9692043780546,301.0204878279535
2011-08-06 20:00:00,299.56668316528135,300.2957598858144
2011-08-06 21:00:00,299.35847513113623,299.9181542301031
2011-08-07 05:00:00,299.1404465262438,299.5895274534064
2011-08-07 06:00:00,299.9781965540811,300.4901207217083
2011-08-07 08:00:00,303.2050171368662,302.7545633183789
2011-08-07 09:00:00,302.7791463325865,302.7534286663602
2011-08-07 17:00:00,298.67410294778176,298.9309475844373
2011-08-07 18:00:00,298.24514105139974,298.313166425849
2011-08-07 20:00:00,298.3776057967787,298.44136740944606
2011-08-07 21:00:00,298.2197163351144,298.19826938999455
2011-08-08 05:00:00,301.3078704034603,300.5061491979473
2011-08-08 06:00:00,303.1341031255267,301.32074990294564
2011-08-08 08:00:00,305.0693539706143,303.4158576060149
2011-08-08 09:00:00,306.1411653116047,303.59997638531934
2011-08-08 17:00:00,298.4473532043363,299.0331290881329
2011-08-08 18:00:00,298.18748996070434,298.67223187697874
2011-08-08 20:00:00,297.82190524484787,298.00452889793644
2011-08-08 21:00:00,297.490633783796,297.88400734077067
2011-08-09 05:00:00,298.5537476150207,298.2027817595354
2011-08-09 06:00:00,298.6704065355204,298.83118244753047
2011-08-09 08:00:00,304.48361504647323,301.9246465274476
2011-08-09 09:00:00,304.9352965509212,302.5125849037582
2011-08-09 17:00:00,298.09731677133243,298.6293836690612
2011-08-09 18:00:00,298.01234370203713,298.43384710702765
2011-08-09 20:00:00,297.9292105746747,298.06641461999834
2011-08-09 21:00:00,297.80953716166397,297.9843536988245
2011-08-10 05:00:00,300.45906981481426,299.9647590860564
2011-08-10 06:00:00,302.04612445096575,300.9031601539929
2011-08-10 08:00:00,302.44601694350985,301.28789286326924
2011-08-10 09:00:00,302.56502889154143,301.3778785975946
2011-08-10 17:00:00,297.5802581740087,297.79783381152043
2011-08-10 18:00:00,297.3325883486238,297.5892643157066
2011-08-10 20:00:00,297.14984603435124,297.5040225365496
2011-08-10 21:00:00,297.08408154691864,297.352247029497
2011-08-11 05:00:00,298.2713628924683,298.64771370674686
2011-08-11 06:00:00,299.60428329021056,299.5783122199342
2011-08-11 08:00:00,300.37336935504743,299.7098642828285
2011-08-11 09:00:00,301.3853220888206,300.03836461612366
2011-08-11 17:00:00,298.2290744634549,298.74954284762015
2011-08-11 18:00:00,297.9258292129117,298.48158360556204
2011-08-11 20:00:00,297.1856909988474,297.64748379041674
2011-08-11 21:00:00,296.8555880694984,297.2273016225759
2011-08-12 05:00:00,301.5429762265715,300.10510420835993
2011-08-12 06:00:00,302.73142504581875,300.87832439404974
2011-08-12 08:00:00,302.8284528170969,301.1027483124579
2011-08-12 09:00:00,303.3047273750481,301.41696851169013
2011-08-12 17:00:00,297.81829396675477,298.07646858673803
2011-08-12 18:00:00,297.6717439719084,297.8837647283757
2011-08-12 20:00:00,297.492103306281,297.8362305674972
2011-08-12 21:00:00,296.98032711834315,297.3191620249227
2011-08-13 05:00:00,301.31718247329883,300.70280607014854
2011-08-13 06:00:00,302.8394984640583,301.1472569070355
2011-08-13 08:00:00,306.06602433356005,303.3588187242693
2011-08-13 09:00:00,305.76085668719605,303.3748411581219
2011-08-13 17:00:00,297.6995254540113,298.05041047788364
2011-08-13 18:00:00,297.4107182154487,297.7475308740084
2011-08-13 20:00:00,296.97721258554327,297.5605382228669
2011-08-13 21:00:00,296.89093544229706,297.345661227986
2011-08-14 05:00:00,301.6709348563972,300.1486976282623
2011-08-14 06:00:00,303.25188640012584,301.0111084924825
2011-08-14 08:00:00,306.87986936407583,302.62459104564414
2011-08-14 09:00:00,306.4771264168809,302.66292448587524
2011-08-14 17:00:00,297.41734443276613,297.71236827597596
2011-08-14 18:00:00,297.34633002846925,297.5826461157189
2011-08-14 20:00:00,297.0382982204067,297.1645794649521
2011-08-14 21:00:00,296.88399678422786,296.964445963479
2011-08-15 05:00:00,302.39843329148965,300.3158864872114
2011-08-15 06:00:00,304.66612854944356,301.6667839955475
2011-08-15 08:00:00,303.9443190329248,300.3480773361512
2011-08-15 09:00:00,302.75737923503107,299.9682902613847
2011-08-15 17:00:00,296.9171327846627,296.9960301286083
2011-08-15 18:00:00,296.80490467324285,296.7986939934259
2011-08-15 20:00:00,296.86445175664636,296.6880267926467
2011-08-15 21:00:00,296.8738962652503,296.66925239269096
2011-08-16 05:00:00,296.7004851824697,297.05076453351467
2011-08-16 06:00:00,297.19422628111755,297.42980416272934
2011-08-16 08:00:00,299.6874097403834,299.32752536955894
2011-08-16 09:00:00,300.08056196262737,299.30957983454863
2011-08-16 17:00:00,297.87593807461445,298.5222254725193
2011-08-16 18:00:00,297.9635653738248,298.5728574262011
2011-08-16 20:00:00,297.75561264813956,298.2490110470811
2011-08-16 21:00:00,297.2861428988182,297.8136356630017
2011-08-17 05:00:00,300.8010264721417,299.79503769132504
2011-08-17 06:00:00,302.9099844534335,300.95749787740607
2011-08-17 08:00:00,304.43446730979605,302.1420546474369
2011-08-17 09:00:00,304.81793368064746,302.5815949755935
2011-08-17 17:00:00,297.80192274378703,298.5981014351632
2011-08-17 18:00:00,297.3027324705903,298.14035802996955
2011-08-17 20:00:00,296.7686534111599,297.79636849754576
2011-08-17 21:00:00,296.3939727877248,297.34825456381213
2011-08-18 05:00:00,301.7831408202373,300.14625666872564
2011-08-18 06:00:00,302.1206315662167,300.23427253805437
2011-08-18 08:00:00,304.9231398101948,302.2341583910268
2011-08-18 09:00:00,305.9160887449291,302.8039726175035
2011-08-18 17:00:00,297.56601854979715,298.452927435124
2011-08-18 18:00:00,297.2762239805906,298.10391914826147
2011-08-18 20:00:00,296.7123952433582,297.9516685027371
2011-08-18 21:00:00,296.5138281306427,297.62733452419286
2011-08-19 05:00:00,303.093035070481,301.4961436173214
2011-08-19 06:00:00,305.12140122988194,302.3454183804787
2011-08-19 08:00:00,306.2722124943197,302.75437506395053
2011-08-19 09:00:00,306.0950908690278,302.87582258744675
2011-08-19 17:00:00,298.05380143222897,298.7851082400659
2011-08-19 18:00:00,297.70588058683285,298.41183831401526
2011-08-19 20:00:00,297.5165523064706,298.00839546097814
2011-08-19 21:00:00,297.349125560884,297.63104130490717
2011-08-20 05:00:00,299.51366928876456,299.2370327095772
2011-08-20 06:00:00,300.3084266791909,299.75094787879794
2011-08-20 08:00:00,301.02957393134875,300.3946046520639
2011-08-20 09:00:00,302.29237875916374,300.96019249961637
2011-08-20 17:00:00,297.1838123809392,297.54788755819504
2011-08-20 18:00:00,297.05224973799085,297.3746684211061
2011-08-20 20:00:00,297.008045049588,297.09070734103403
2011-08-20 21:00:00,296.89845510991216,296.9521306630092
2011-08-21 05:00:00,304.04404953778806,300.85499180116346
2011-08-21 06:00:00,305.3719017369722,301.72122451006356
2011-08-21 08:00:00,308.00270649538203,303.4850927743779
2011-08-21 09:00:00,307.5773686436916,303.7530466323641
2011-08-21 17:00:00,298.5583603069852,299.35231107409084
2011-08-21 18:00:00,298.2244210265267,298.94032548572324
2011-08-21 20:00:00,297.89480501477635,298.4071626824848
2011-08-21 21:00:00,297.7770306509338,298.1828613986587
2011-08-22 05:00:00,305.492267014984,302.03223876482906
2011-08-22 06:00:00,307.72103279948425,302.94608070596894
2011-08-22 08:00:00,309.30566298098336,304.2545395015017
2011-08-22 09:00:00,309.04019684637274,304.43754076847495
2011-08-22 17:00:00,299.56300779557193,300.3882358827282
2011-08-22 18:00:00,299.25158232937247,300.0997161630122
2011-08-22 20:00:00,298.70783338267563,299.53696459283816
2011-08-22 21:00:00,298.4067024031111,299.12803033908085
2011-08-23 05:00:00,303.9983095894977,302.11025796428845
2011-08-23 06:00:00,304.85900081875513,302.80158540464146
2011-08-23 08:00:00,306.8863435812834,304.12787869163947
2011-08-23 09:00:00,307.0915963477089,304.3962529539511
2011-08-23 17:00:00,299.49709770308436,300.22544338890515
2011-08-23 18:00:00,299.2483386023571,299.93408174911525
2011-08-23 20:00:00,298.7227455926786,299.0449077917725
2011-08-23 21:00:00,298.4091737156473,298.8085290235805
2011-08-24 05:00:00,298.0293079017675,298.3761564469301
2011-08-24 06:00:00,299.0075250751983,299.35880449997444
2011-08-24 08:00:00,303.2292988311345,300.87390571676525
2011-08-24 09:00:00,303.78682926219125,301.2399103197001
2011-08-24 17:00:00,296.94710398528537,296.98985182375685
2011-08-24 18:00:00,296.8385597076181,296.91685013264095
2011-08-24 20:00:00,296.84200255125074,296.81615112963004
2011-08-24 21:00:00,296.7414293803493,296.666602747466
2011-08-25 05:00:00,302.8088853833121,299.88868113842517
2011-08-25 06:00:00,305.77889344578347,301.13877043408127
2011-08-25 08:00:00,307.03189188012357,303.3064350898166
2011-08-25 09:00:00,305.7831174500734,301.4913809472129
2011-08-25 17:00:00,297.4979714039478,298.0001782386439
2011-08-25 18:00:00,297.24718836239197,297.5903394607991
2011-08-25 20:00:00,296.8528515502742,297.2363381407845
2011-08-25 21:00:00,296.64758084477927,297.0007760587202
2011-08-26 05:00:00,301.2360876286159,299.5762412096209
2011-08-26 06:00:00,303.7090053470182,300.7360379728955
2011-08-26 08:00:00,307.06398677972874,303.2240198073659
2011-08-26 09:00:00,306.9283546483021,303.4050007072179
2011-08-26 17:00:00,297.52611481794406,297.96441361202477
2011-08-26 18:00:00,297.1813813901646,297.6766473332245
2011-08-26 20:00:00,296.879937311534,297.1296772773167
2011-08-26 21:00:00,296.6512220996921,296.84140216845026
2011-08-27 05:00:00,303.11048125045147,300.7258984252742
2011-08-27 06:00:00,304.5465009598225,301.41676126018695
2011-08-27 08:00:00,306.8629925791031,303.80062360719467
2011-08-27 09:00:00,307.3577053264037,304.3773464208759
2011-08-27 17:00:00,298.36452435932836,299.0263891705012
2011-08-27 18:00:00,298.00042360185296,298.66160362490524
2011-08-27 20:00:00,298.2399538860115,299.0918571107744
2011-08-27 21:00:00,298.07299703589206,298.73428361184426
2011-08-28 05:00:00,302.7431039913042,300.63052516284824
2011-08-28 06:00:00,304.6128688159819,301.634605066802
2011-08-28 08:00:00,307.1895795213791,303.5696852673735
2011-08-28 09:00:00,307.6850012263458,304.05691725814654
2011-08-28 17:00:00,298.8694048677277,299.7854187058741
2011-08-28 18:00:00,298.40949614867225,299.34000628314146
2011-08-28 20:00:00,298.0665816908074,299.0615678031933
2011-08-28 21:00:00,297.8308454140309,298.7632568547465
2011-08-29 05:00:00,304.01657396031453,302.2549365826858
2011-08-29 06:00:00,305.1588810243298,302.99421557880515
2011-08-29 08:00:00,306.8974281158212,304.3524753705746
2011-08-29 09:00:00,306.8530296243394,304.4024115328796
2011-08-29 17:00:00,298.76986419254536,299.53695262562144
2011-08-29 18:00:00,298.5573388145223,299.2725805861557
2011-08-29 20:00:00,298.4345610490749,299.2603144006479
2011-08-29 21:00:00,298.2159731590142,298.8414929923365
2011-08-30 05:00:00,303.0200695866613,301.54475297031496
2011-08-30 06:00:00,304.61045077989576,302.36641597894754
2011-08-30 08:00:00,306.6685243203938,303.81624178893765
2011-08-30 09:00:00,307.0293913196158,304.3182894996208
2011-08-30 17:00:00,297.6784638579711,298.4695037465617
2011-08-30 18:00:00,297.4844909809037,298.20742668539793
2011-08-30 20:00:00,297.36699823458866,298.72293518724723
2011-08-30 21:00:00,297.2435352343073,298.3229829761758
2011-08-31 05:00:00,302.91462580558886,301.70538934316767
2011-08-31 06:00:00,304.606102941951,302.7483414001935
2011-08-31 08:00:00,307.1756571342103,304.13136007018016
2011-08-31 09:00:00,306.9439673989506,304.17965945110114
2011-08-31 17:00:00,298.435431975613,298.98062465297426
2011-08-31 18:00:00,297.8980683971811,298.59188866284666
2011-08-31 20:00:00,297.3202941847509,297.7219956784476
2011-08-31 21:00:00,297.06161320338083,297.4963783769652
2011-09-01 05:00:00,302.2258491692448,300.9061982282688
2011-09-01 06:00:00,303.56528723295,302.0222094613709
2011-09-01 08:00:00,306.3026211684217,304.08645756843464
2011-09-01 09:00:00,306.9208090948214,304.51999517361446
2011-09-01 17:00:00,297.9565006015114,298.8994825507166
2011-09-01 18:00:00,297.5473212666798,298.3852334514788
2011-09-01 20:00:00,296.6267805290516,296.7390792446989
2011-09-01 21:00:00,296.3349682965154,296.39551881575625
2011-09-02 05:00:00,302.6831157196468,301.4072010528141
2011-09-02 06:00:00,304.80519790531855,302.52182279566216
2011-09-02 08:00:00,306.04061146693533,303.39257010767017
2011-09-02 09:00:00,306.4447372977281,303.74108656308687
2011-09-02 17:00:00,297.7194995615626,298.4300658427328
2011-09-02 18:00:00,297.10196618784005,297.8241073302753
2011-09-02 20:00:00,296.68224763796763,297.4382320927178
2011-09-02 21:00:00,296.35142296084274,296.95967624000116
2011-09-03 05:00:00,299.0487250282511,298.52914040775624
2011-09-03 06:00:00,298.5126227568405,297.8457270829446
2011-09-03 08:00:00,297.31750222604336,297.36794533751595
2011-09-03 09:00:00,297.25371921815565,297.53935375713235
2011-09-03 17:00:00,296.4737831903349,297.22080843180464
2011-09-03 18:00:00,296.51952845216357,297.2194378445806
2011-09-03 20:00:00,296.6475881802834,297.15162353045395
2011-09-03 21:00:00,296.67566084898493,296.9076230794146
2011-09-04 05:00:00,298.2984099777527,297.80613459277043
2011-09-04 06:00:00,299.2537154563587,298.950160633434
2011-09-04 08:00:00,299.44454222504277,298.9916571336462
2011-09-04 09:00:00,300.56948622129,299.33124559869754
2011-09-04 17:00:00,296.69466159156366,296.91774332431504
2011-09-04 18:00:00,296.65891854825486,296.8211363805645
2011-09-04 20:00:00,296.68046127813074,297.015126749988
2011-09-04 21:00:00,296.58607675702257,296.8827238391471
2011-09-05 05:00:00,298.94859290453616,298.56278439185286
2011-09-05 06:00:00,301.0384023516498,299.79037343923045
2011-09-05 08:00:00,301.956769311373,300.7431350026182
2011-09-05 09:00:00,301.69863153348905,300.9000461619514
2011-09-05 17:00:00,296.9386088131756,297.546942618301
2011-09-05 18:00:00,296.8376876055184,297.374915500635
2011-09-05 20:00:00,296.85052074085587,297.23357716987977
2011-09-05 21:00:00,296.81173844770956,297.1696962142027
2011-09-06 05:00:00,300.300734368605,299.51588498719485
2011-09-06 06:00:00,302.569665188782,300.8001243226885
2011-09-06 08:00:00,303.7172137291296,302.21701002782225
2011-09-06 09:00:00,304.1335043885124,301.1104663913533
2011-09-06 17:00:00,297.31266895170756,297.7917336580015
2011-09-06 18:00:00,297.0346704609405,297.42014099967497
2011-09-06 20:00:00,297.28817828961627,297.77447229981976
2011-09-06 21:00:00,297.23412749726896,297.63904220040297
2011-09-07 05:00:00,300.59266098328106,299.38995840957244
2011-09-07 06:00:00,301.17746592376193,299.9190955257563
2011-09-07 08:00:00,302.1753583769953,300.9199867659982
2011-09-07 09:00:00,303.1270037681921,301.4713933912374
2011-09-07 17:00:00,297.4117120822148,297.8300653348902
2011-09-07 18:00:00,297.00957210405585,297.4001817747331
2011-09-07 20:00:00,297.28912327653273,297.53058230454457
2011-09-07 21:00:00,296.78519372690255,296.97712430087
2011-09-08 05:00:00,299.42279407753966,298.6622193840509
2011-09-08 06:00:00,299.43632378012444,298.7300606420485
2011-09-08 08:00:00,298.63873580203773,298.21140074178874
2011-09-08 09:00:00,299.7537637249163,298.9250329580439
2011-09-08 17:00:00,297.1484536992383,297.75917967809556
2011-09-08 18:00:00,296.7977877765297,297.41631579288895
2011-09-08 20:00:00,296.4642661495826,297.0688351952975
2011-09-08 21:00:00,296.2154672913632,296.79906808062583
2011-09-09 05:00:00,301.1922233123074,300.1059922275632
2011-09-09 06:00:00,302.3580004158667,300.8927054853395
2011-09-09 08:00:00,304.70805076751947,301.78150359214
2011-09-09 09:00:00,304.5997673469626,301.94740325974755
2011-09-09 17:00:00,297.8000299250951,298.18025741224477
2011-09-09 18:00:00,297.67631923399284,298.00541893910554
2011-09-09 20:00:00,296.90602953518487,297.3505384918354
2011-09-09 21:00:00,296.6510929054766,297.06059283945706
2011-09-10 05:00:00,301.5778134996976,299.8444536206168
2011-09-10 06:00:00,302.4911746596702,300.74741550439677
2011-09-10 08:00:00,304.85683717419084,302.69018289010586
2011-09-10 09:00:00,303.85873667007235,301.70660456817586
2011-09-10 17:00:00,297.42810580543085,297.6528202286119
2011-09-10 18:00:00,297.19175863633353,297.375369102819
2011-09-10 20:00:00,296.7360438507033,297.13008978186843
2011-09-10 21:00:00,296.70058270705687,296.96818594205183
2011-09-11 05:00:00,301.4584640244306,300.6031950728735
2011-09-11 06:00:00,303.4427339997608,301.9013534099185
2011-09-11 08:00:00,304.22051987846385,302.55120087845484
2011-09-11 09:00:00,303.89131797002904,301.6706848144531
2011-09-11 17:00:00,297.1021695364789,297.72279750547716
2011-09-11 18:00:00,296.9569647602381,297.52573887335683
2011-09-11 20:00:00,296.7875487764003,297.54735298333065
2011-09-11 21:00:00,296.8750457763672,297.6290067840247
2011-09-12 05:00:00,297.82054062947657,297.7129938863275
2011-09-12 06:00:00,299.8242655373502,299.19893520455145
2011-09-12 08:00:00,302.50083417848373,300.7797444583088
2011-09-12 09:00:00,301.22894816112074,300.56373600893653
2011-09-12 17:00:00,297.3125220535349,297.68710931387085
2011-09-12 18:00:00,296.94779829545456,297.31527735823295
2011-09-12 20:00:00,296.95087476357105,297.6288729345854
2011-09-12 21:00:00,296.69347690764494,297.2806122578532
2011-09-13 05:00:00,302.28505724420535,300.2832793954341
2011-09-13 06:00:00,303.47754364719015,301.3263308344343
2011-09-13 08:00:00,305.0428935845938,302.7352651117028
2011-09-13 09:00:00,305.20962952318473,303.1001273039126
2011-09-13 17:00:00,297.90359480612454,298.5834129345252
2011-09-13 18:00:00,297.53854245507665,298.1443347196182
2011-09-13 20:00:00,296.77655920372536,297.54823383160846
2011-09-13 21:00:00,296.5901263785105,297.27667022375925
2011-09-14 05:00:00,303.2077347295494,300.29824633958344
2011-09-14 06:00:00,304.856181445952,301.3945977162507
2011-09-14 08:00:00,305.8240893912058,302.1352663907138
2011-09-14 09:00:00,305.9590154098252,302.41941744153416
2011-09-14 17:00:00,298.15212399052183,298.9647696896216
2011-09-14 18:00:00,297.9209383125482,298.62285819736945
2011-09-14 20:00:00,297.4691080760515,298.4803246496638
2011-09-14 21:00:00,297.29508828749465,298.08493124281495
2011-09-15 05:00:00,302.1654928997963,300.60972007434066
2011-09-15 06:00:00,304.1124371262655,301.4096392380254
2011-09-15 08:00:00,307.0533431277988,303.2816444949487
2011-09-15 09:00:00,307.1230948144005,303.56552580141323
2011-09-15 17:00:00,297.6284999053908,298.6351465539683
2011-09-15 18:00:00,297.3899844129941,298.3193693939821
2011-09-15 20:00:00,297.2507257446854,298.0731966227339
2011-09-15 21:00:00,297.06566416500897,297.78643469670885
2011-09-16 05:00:00,302.3468293129755,300.418724353949
2011-09-16 06:00:00,304.39793069189983,301.3537248279354
2011-09-16 08:00:00,305.71598926420756,302.3245837148423
2011-09-16 09:00:00,305.68130424981496,302.4862620584403
2011-09-16 17:00:00,297.4043990548109,298.24277948929097
2011-09-16 18:00:00,296.962624313284,297.82197566098534
2011-09-16 20:00:00,296.83876223336387,297.53893878390136
2011-09-16 21:00:00,296.4478227001126,297.1338769945048
2011-09-17 05:00:00,300.3741293555966,299.3567339598857
2011-09-17 06:00:00,301.36399796637255,299.6082463903677
2011-09-17 08:00:00,303.61784682545715,300.9172550900875
2011-09-17 09:00:00,303.60458881866026,299.8489049550014
2011-09-17 17:00:00,296.12355086175245,296.3065704439748
2011-09-17 18:00:00,296.06784624237866,296.2882710179122
2011-09-17 20:00:00,296.36779771049515,296.57209521559605
2011-09-17 21:00:00,296.65886216832234,296.7716632249359
2011-09-18 05:00:00,300.2847557596874,298.8478396376035
2011-09-18 06:00:00,301.5653740834382,299.49260315505677
2011-09-18 08:00:00,304.86836705847037,301.28163967514627
2011-09-18 09:00:00,305.0031296034991,301.62124838336774
2011-09-18 17:00:00,296.14082851321746,297.3133494842953
2011-09-18 18:00:00,295.9800989183329,297.05706610775144
2011-09-18 20:00:00,295.73731999331153,296.59232449053985
2011-09-18 21:00:00,295.5801261349342,296.2475994562698
2011-09-19 05:00:00,300.6781584705888,298.93104604947365
2011-09-19 06:00:00,302.48245394431945,300.01762589982184
2011-09-19 08:00:00,303.895027054844,301.0091997801982
2011-09-19 09:00:00,303.0906017285833,300.79261478841397
2011-09-19 17:00:00,295.99446764271505,296.8982634228441
2011-09-19 18:00:00,295.6177316204242,296.45132342839645
2011-09-19 20:00:00,295.35590826895645,296.1982909027711
2011-09-19 21:00:00,294.9822280484098,295.75668800483317
2011-09-20 05:00:00,301.4742930078727,299.3246500635368
2011-09-20 06:00:00,302.9911204897935,300.25656372446497
2011-09-20 08:00:00,304.4910236235209,301.5098649364407
2011-09-20 09:00:00,304.53022103096566,301.6739127184099
2011-09-20 17:00:00,295.73449471918934,296.5957827105177
2011-09-20 18:00:00,295.47490977800135,296.27395886155233
2011-09-20 20:00:00,295.08450956888305,295.9374277734977
2011-09-20 21:00:00,294.743501848359,295.4973893599077
2011-09-21 05:00:00,301.46250584018986,299.14421808040015
2011-09-21 06:00:00,303.1208144600844,300.2881834150647
2011-09-21 08:00:00,305.7885663189763,302.1919468907619
2011-09-21 09:00:00,305.0780277340365,302.1648299536095
2011-09-21 17:00:00,295.5885773410415,296.577046751425
2011-09-21 18:00:00,295.0486992129193,296.02777612154216
2011-09-21 20:00:00,294.4989851612156,295.672113850598
2011-09-21 21:00:00,294.18156080437,295.2170506552298
2011-09-22 05:00:00,301.6411156323731,299.260233874681
2011-09-22 06:00:00,303.51812626584467,300.36341636904586
2011-09-22 08:00:00,305.9671154756943,302.03666999711095
2011-09-22 09:00:00,305.8892198512661,302.14768492899987
2011-09-22 17:00:00,295.6512861913085,296.75573321373327
2011-09-22 18:00:00,295.2263433047913,296.29797614851424
2011-09-22 20:00:00,294.9110670515863,296.01760880715676
2011-09-22 21:00:00,294.6415026977727,295.64309003503735
2011-09-23 05:00:00,302.3072909926781,300.08669265723563
2011-09-23 06:00:00,304.11685335838195,301.21485080336936
2011-09-23 08:00:00,306.1231518996699,303.0570203784067
2011-09-23 09:00:00,305.5122805038476,303.161229913885
2011-09-23 17:00:00,295.61350477127525,296.7061602764395
2011-09-23 18:00:00,295.23916334437297,296.2884386294796
2011-09-23 20:00:00,294.82313570513384,295.9880271406129
2011-09-23 21:00:00,294.52163785631745,295.6263581262715
2011-09-24 05:00:00,302.3820479382719,300.2965904200573
2011-09-24 06:00:00,304.16443157930775,301.5000553689496
2011-09-24 08:00:00,305.9099173758908,302.63343846302
2011-09-24 09:00:00,304.6796372329877,302.58667735142404
2011-09-24 17:00:00,295.9074325208855,297.01224086391176
2011-09-24 18:00:00,295.4853182705966,296.58222735717965
2011-09-24 20:00:00,294.80400974173756,296.0583543586437
2011-09-24 21:00:00,294.4895253703113,295.6789968810941
2011-09-25 05:00:00,301.9515525218335,299.7280214659422
2011-09-25 06:00:00,303.8264479673882,300.98875918630824
2011-09-25 08:00:00,306.14006721955053,303.15912321352266
2011-09-25 09:00:00,305.96443575960467,303.4870360246609
2011-09-25 17:00:00,295.7908093374573,296.93520034296307
2011-09-25 18:00:00,295.2794445490434,296.41306040430294
2011-09-25 20:00:00,294.41869884426313,295.6475322705756
2011-09-25 21:00:00,293.9809586065025,295.1540263077511
2011-09-26 05:00:00,301.2971643997451,299.3840808133682
2011-09-26 06:00:00,303.22699670541823,300.4435773711359
2011-09-26 08:00:00,305.492778172662,302.30678023469096
2011-09-26 09:00:00,305.3138497327619,302.48427404277317
2011-09-26 17:00:00,294.9570017434048,296.23920672259453
2011-09-26 18:00:00,294.52268238978695,295.7884397109962
2011-09-26 20:00:00,293.9390504481429,295.19907476722
2011-09-26 21:00:00,293.73386793327626,294.93608648126775
2011-09-27 05:00:00,300.7039878151634,299.1073409963646
2011-09-27 06:00:00,302.763956690055,300.2862807921893
2011-09-27 08:00:00,305.542378782675,302.4352977029715
2011-09-27 09:00:00,305.60988683950376,302.84047709554665
2011-09-27 17:00:00,294.6343653227772,295.9513033262938
2011-09-27 18:00:00,294.2135029750172,295.4927547554757
2011-09-27 20:00:00,293.3553239443269,294.6403679752203
2011-09-27 21:00:00,293.0162815041094,294.2628447263744
2011-09-28 05:00:00,301.5917815926997,299.2755701567616
2011-09-28 06:00:00,303.70840338896534,300.56479841094176
2011-09-28 08:00:00,306.13032179069813,302.7230739740451
2011-09-28 09:00:00,306.07107847240195,303.1095193354485
2011-09-28 17:00:00,294.9328876371927,296.2804119656744
2011-09-28 18:00:00,294.4905256556436,295.86319218945613
2011-09-28 20:00:00,293.8751976589209,295.3134418364115
2011-09-28 21:00:00,293.56024623688637,294.94587599367867
2011-09-29 05:00:00,302.0398818428969,299.487690671383
2011-09-29 06:00:00,304.07531585458247,300.78389769379277
2011-09-29 08:00:00,306.6330478709358,303.13696481854595
2011-09-29 09:00:00,306.64481503056084,303.5674979234881
2011-09-29 17:00:00,295.263062793044,296.546588962361
2011-09-29 18:00:00,294.64548937969477,295.9566657208882
2011-09-29 20:00:00,293.72403287961043,295.15670802229545
2011-09-29 21:00:00,293.3075031815398,294.6888243406323
2011-09-30 05:00:00,302.39239814652507,299.99993919995615
2011-09-30 06:00:00,304.446949187339,301.3165146132647
2011-09-30 08:00:00,306.88392253575967,303.6282780063906
2011-09-30 09:00:00,306.78666705820706,304.0483424064742
2011-09-30 17:00:00,294.9572837841345,296.5503454458181
2011-09-30 18:00:00,294.43460101816805,296.00071227274987
2011-09-30 20:00:00,293.68965205352737,295.2787059907369
2011-09-30 21:00:00,293.3743608706905,294.87247762106966
2011-10-01 05:00:00,302.39741163444813,300.3054618659115
2011-10-01 06:00:00,304.3377797460336,301.62730318372166
2011-10-01 08:00:00,306.53603286625605,303.75300487641744
2011-10-01 09:00:00,306.4354180334529,304.071544888207
2011-10-01 17:00:00,295.4783909684521,296.88677252018584
2011-10-01 18:00:00,294.92174427755447,296.2632424423618
2011-10-01 20:00:00,293.6814711090229,295.02439685227876
2011-10-01 21:00:00,293.2452587486232,294.5896747277588
2011-10-02 05:00:00,302.12458095932595,299.9670842998017
2011-10-02 06:00:00,304.0685904668917,301.29437542696394
2011-10-02 08:00:00,306.2923627245041,303.40037005267266
2011-10-02 09:00:00,306.14314580367784,303.7267823770344
2011-10-02 17:00:00,294.1576853841773,295.8589752150243
2011-10-02 18:00:00,293.7100237359987,295.3552119368214
2011-10-02 20:00:00,293.0740965856426,294.6787829053788
2011-10-02 21:00:00,292.90742377470747,294.47209501339955
2011-10-03 05:00:00,301.57156496679835,299.4564684851695
2011-10-03 06:00:00,303.65610296075994,300.97226431777557
2011-10-03 08:00:00,306.12550796015057,303.30152679114207
2011-10-03 09:00:00,306.0422311086317,303.59790817284255
2011-10-03 17:00:00,293.55520698065385,295.2455607738994
2011-10-03 18:00:00,293.0226044735666,294.7046777522436
2011-10-03 20:00:00,292.3936380583259,293.99664435952394
2011-10-03 21:00:00,292.19089426942895,293.72809080056305
2011-10-04 05:00:00,301.990422182715,299.4614503269754
2011-10-04 06:00:00,304.4263992192014,300.96786995110415
2011-10-04 08:00:00,307.42225954969786,303.47026908416046
2011-10-04 09:00:00,307.3833908292656,304.0312776256967
2011-10-04 17:00:00,294.1907720345379,295.9073420261565
2011-10-04 18:00:00,293.5798528874049,295.26755520154956
2011-10-04 20:00:00,292.51900165951673,294.22470866292946
2011-10-04 21:00:00,292.0090762992118,293.61662118497355
2011-10-05 05:00:00,303.373125073355,300.7589545110341
2011-10-05 06:00:00,306.07539233661765,302.2190911949875
2011-10-05 08:00:00,308.99787665368603,304.43860234758705
2011-10-05 09:00:00,308.82451304008123,304.8602544611151
2011-10-05 17:00:00,295.61523275272503,297.3338023510479
2011-10-05 18:00:00,294.94397485201097,296.6801317682252
2011-10-05 20:00:00,293.86623853968547,295.7021805068194
2011-10-05 21:00:00,293.435419561683,295.20726718520535
2011-10-06 05:00:00,303.87772518681084,301.8043902710149
2011-10-06 06:00:00,306.34329312975495,303.27322632212116
2011-10-06 08:00:00,309.420848805291,304.9996040943775
2011-10-06 09:00:00,309.44219074925223,305.4087043844496
2011-10-06 17:00:00,296.55810873681116,298.3980487417918
2011-10-06 18:00:00,295.93563419571274,297.70788005246953
2011-10-06 20:00:00,294.560748201673,296.4244350439227
2011-10-06 21:00:00,293.97575902718427,295.8765670235609
2011-10-07 05:00:00,304.7260816482991,302.75728194555626
2011-10-07 06:00:00,307.3615060579979,304.06927043520983
2011-10-07 08:00:00,310.0794648110224,305.80242529635433
2011-10-07 09:00:00,309.7786886629595,306.1799167580157
2011-10-07 17:00:00,296.1328980338592,298.0821595507888
2011-10-07 18:00:00,295.3004416067538,297.2319831789367
2011-10-07 20:00:00,293.8269994938502,295.8955082827247
2011-10-07 21:00:00,293.22187447805067,295.2681895815904
2011-10-08 05:00:00,305.4507309688809,303.1306934562413
2011-10-08 06:00:00,308.51459487891526,304.656617480544
2011-10-08 08:00:00,310.7002200463152,306.50411477110976
2011-10-08 09:00:00,309.16172367325186,306.1043383064917
2011-10-08 17:00:00,294.7275715079991,297.65783667895016
2011-10-08 18:00:00,293.52855652984005,297.8109546302831
2011-10-08 20:00:00,292.4467166142398,294.9281983456369
2011-10-08 21:00:00,292.1376594578724,294.59553259803994
2011-10-09 05:00:00,305.37135740494693,303.56138728396
2011-10-09 06:00:00,308.1040745574998,305.0269689574631
2011-10-09 08:00:00,309.3735779231796,305.95552229918025
2011-10-09 09:00:00,309.01116393196565,306.1832537775965
2011-10-09 17:00:00,294.2873694562398,297.44655890090075
2011-10-09 18:00:00,293.31609524343344,298.25207702918857
2011-10-09 20:00:00,292.49024930463185,297.2634792474826
2011-10-09 21:00:00,291.84888990781343,296.8473763958148
2011-10-10 05:00:00,306.97329996399964,304.2034956780715
2011-10-10 06:00:00,309.2654911975832,305.2628096711287
2011-10-10 08:00:00,310.05683379327576,306.06024569612805
2011-10-10 09:00:00,309.96397317613037,306.3192353329416
2011-10-10 17:00:00,294.8999785671616,297.0902942722127
2011-10-10 18:00:00,294.2798764973833,296.7348663141988
2011-10-10 20:00:00,293.02934380341753,295.74259690106925
2011-10-10 21:00:00,292.47881445274885,295.524514831637
2011-10-11 05:00:00,306.945841855371,304.28914335512417
2011-10-11 06:00:00,309.1276215493036,305.08549240888175
2011-10-11 08:00:00,310.9591290160945,306.29820503035023
2011-10-11 09:00:00,310.5747072193398,306.5368121930374
2011-10-11 17:00:00,294.5420048365424,298.3638370790173
2011-10-11 18:00:00,294.05344859918205,298.03017661824987
2011-10-11 20:00:00,292.7690159073229,296.85267977721884
2011-10-11 21:00:00,292.23212396418927,296.04226501182706
2011-10-12 05:00:00,307.12327077245493,304.41275762666726
2011-10-12 06:00:00,309.74830171323526,305.35479799808445
2011-10-12 08:00:00,311.7009717473999,306.3751974473198
2011-10-12 09:00:00,311.0846195309114,306.69351922786103
2011-10-12 17:00:00,294.7022590813541,296.8579876962906
2011-10-12 18:00:00,293.8932819572179,296.16231063113923
2011-10-12 20:00:00,292.79791647700944,297.62783357358677
2011-10-12 21:00:00,292.20116785457947,296.7059014412949
2011-10-13 05:00:00,307.0431607662254,304.63361371573757
2011-10-13 06:00:00,309.7387493115912,305.4968459448205
2011-10-13 08:00:00,311.9112581038512,306.5302220654598
2011-10-13 09:00:00,310.8939247307682,306.6541694911492
2011-10-13 17:00:00,296.4111708066497,298.3354584116414
2011-10-13 18:00:00,296.46386927999964,298.23295132441586
2011-10-13 20:00:00,295.59613420342447,297.2679589599233
2011-10-13 21:00:00,295.305574179063,297.1184551080313
2011-10-14 05:00:00,306.7901044707453,304.4982081620462
2011-10-14 06:00:00,309.70811558798397,305.65269037608186
2011-10-14 08:00:00,311.910095849647,306.86667142847466
2011-10-14 09:00:00,311.4971185340352,307.13877198582253
2011-10-14 17:00:00,296.64770202166494,298.8413708044678
2011-10-14 18:00:00,295.9043071964305,298.1463619285078
2011-10-14 20:00:00,294.63914931757245,296.9085917891633
2011-10-14 21:00:00,294.10420191783936,296.31744862043615
2011-10-15 05:00:00,307.56193392008595,304.06372507621404
2011-10-15 06:00:00,310.1253573707146,305.48638958335846
2011-10-15 08:00:00,311.1058377117516,306.64133478055936
2011-10-15 09:00:00,310.5653581428234,306.76234372554836
2011-10-15 17:00:00,293.56676801731476,296.03150596677426
2011-10-15 18:00:00,292.72517693612167,295.22570069581957
2011-10-15 20:00:00,291.1339479514006,294.168821267244
2011-10-15 21:00:00,290.4096721067267,294.01439291743907
2011-10-16 05:00:00,308.4815162223734,304.4675339520988
2011-10-16 06:00:00,310.48587602753486,305.5623365499206
2011-10-16 08:00:00,311.16918385745197,306.48682139063106
2011-10-16 09:00:00,309.72716528094605,306.3702268673936
2011-10-16 17:00:00,296.0294672844039,298.1229528300751
2011-10-16 18:00:00,295.19047015032896,297.22203169765385
2011-10-16 20:00:00,292.49625720007947,294.898233116867
2011-10-16 21:00:00,291.62717349577025,295.11258837401596
2011-10-17 05:00:00,306.82793350102173,303.24455999483126
2011-10-17 06:00:00,309.87103835753925,304.7016652816984
2011-10-17 08:00:00,311.95459205380575,305.98437601098294
2011-10-17 09:00:00,311.4604718130432,306.1504527416729
2011-10-17 17:00:00,292.64983796999894,295.13689242746506
2011-10-17 18:00:00,291.7784862782812,294.92569585720827
2011-10-17 20:00:00,290.9624555026438,294.0029627913136
2011-10-17 21:00:00,290.94520279659514,293.87684045918
2011-10-18 05:00:00,305.13704261721006,302.8277104264599
2011-10-18 06:00:00,308.2531920023067,304.3277363358367
2011-10-18 08:00:00,311.34135987174534,305.7996690512071
2011-10-18 09:00:00,310.69701527740995,305.9754018680708
2011-10-18 17:00:00,293.04056272815296,295.6278110733385
2011-10-18 18:00:00,292.2724602086518,294.9028096485579
2011-10-18 20:00:00,290.82407805879234,293.3538361065928
2011-10-18 21:00:00,290.14597112482244,292.6438769089239
2011-10-19 05:00:00,306.1401461467537,303.2819139571697
2011-10-19 06:00:00,309.0307591560258,304.24958102985966
2011-10-19 08:00:00,311.40757208355404,305.75256060819225
2011-10-19 09:00:00,310.53878781828564,305.88106806068834
2011-10-19 17:00:00,291.47746389709374,297.3246386841009
2011-10-19 18:00:00,290.56974439812006,296.6138791876324
2011-10-19 20:00:00,289.4269688258002,295.2591315506052
2011-10-19 21:00:00,289.23640985003976,294.94742623022046
2011-10-20 05:00:00,304.45986771546825,302.735195894638
2011-10-20 06:00:00,307.8152163700991,304.04059105918657
2011-10-20 08:00:00,309.89579420280756,305.15675772503823
2011-10-20 09:00:00,308.97561269328116,305.21530532249136
2011-10-20 17:00:00,294.12371800309523,295.87579298680663
2011-10-20 18:00:00,293.3056030038325,295.14722805875476
2011-10-20 20:00:00,291.82813684966055,293.9360066136153
2011-10-20 21:00:00,291.1252119302382,293.88370174178726
2011-10-21 05:00:00,306.3825911652693,303.0500574097244
2011-10-21 06:00:00,308.6404962524978,304.3596624953354
2011-10-21 08:00:00,310.22988618871284,305.5642285927418
2011-10-21 09:00:00,309.90576491627746,305.765395600917
2011-10-21 17:00:00,292.3833942383941,295.73893328697545
2011-10-21 18:00:00,291.3219565698656,294.26736233891984
2011-10-21 20:00:00,289.47051400065607,291.80178054786063
2011-10-21 21:00:00,288.9352553122216,291.288647221123
2011-10-22 05:00:00,305.3118592719267,302.72755164100874
2011-10-22 06:00:00,308.3655476151336,304.1132828017412
2011-10-22 08:00:00,311.54927655471306,305.2336401094458
2011-10-22 09:00:00,311.4493685870765,305.5377162704116
2011-10-22 17:00:00,291.9581563094364,294.43278409373045
2011-10-22 18:00:00,291.4019456813442,293.8245513398769
2011-10-22 20:00:00,290.59747509596343,292.9074742062985
2011-10-22 21:00:00,290.2465688414493,292.58629510582693
2011-10-23 05:00:00,306.3086145104172,303.0344017981013
2011-10-23 06:00:00,309.22479683004656,304.35722574430923
2011-10-23 08:00:00,311.71702119565714,305.6947344528693
2011-10-23 09:00:00,311.3074791530615,305.9366500689914
2011-10-23 17:00:00,295.19448716173923,297.2392686746888
2011-10-23 18:00:00,294.4057653394796,296.49221324479817
2011-10-23 20:00:00,293.12167022187833,295.32459800967086
2011-10-23 21:00:00,292.5150612241866,294.80070925861
2011-10-24 05:00:00,305.91605712232314,303.20064028606214
2011-10-24 06:00:00,309.1420645926877,305.04737303841097
2011-10-24 08:00:00,311.3528600143174,306.04975141105
2011-10-24 09:00:00,310.38738244854613,305.97734822183617
2011-10-24 17:00:00,295.0643546129412,296.7156201848999
2011-10-24 18:00:00,294.17492680483497,295.8094218625861
2011-10-24 20:00:00,292.4554873379794,293.9515465029583
2011-10-24 21:00:00,291.37556281185294,293.40620097908294
2011-10-25 05:00:00,307.9739569853561,302.801261796055
2011-10-25 06:00:00,310.35280718458085,303.93495142955805
2011-10-25 08:00:00,310.879960493608,304.9036707474014
2011-10-25 09:00:00,310.4644811362809,305.17078384375907
2011-10-25 17:00:00,293.9733733425523,295.6156780789556
2011-10-25 18:00:00,293.298400855395,295.01338647216426
2011-10-25 20:00:00,291.9549211169979,293.72550621091494
2011-10-25 21:00:00,291.4402233529348,293.198946654521
2011-10-26 05:00:00,305.15666316286627,301.62954262849547
2011-10-26 06:00:00,308.13947925068015,302.81929726152464
2011-10-26 08:00:00,311.5276739417313,303.8152533297546
2011-10-26 09:00:00,310.97326547302345,304.1606038803312
2011-10-26 17:00:00,294.11460124105446,295.6214190513952
2011-10-26 18:00:00,293.1114839104181,294.6656988346706
2011-10-26 20:00:00,291.3184525029869,293.01566177156565
2011-10-26 21:00:00,290.6178523976189,292.4015528321817
2011-10-27 05:00:00,304.30497494831286,300.5960813031542
2011-10-27 06:00:00,307.53859932874497,301.7419701386674
2011-10-27 08:00:00,310.61371007134625,303.1985515482805
2011-10-27 09:00:00,309.9800281260157,303.52251985664543
2011-10-27 17:00:00,292.1659549660235,294.05345837985425
2011-10-27 18:00:00,291.25784649724034,293.23744399154504
2011-10-27 20:00:00,289.0137011699941,291.451569967167
2011-10-27 21:00:00,287.88127796896066,291.1943403576115
2011-10-28 05:00:00,304.72821475177403,301.2677401408943
2011-10-28 06:00:00,307.8176338419158,302.160767165832
2011-10-28 08:00:00,311.0716554380161,303.4186006848728
2011-10-28 09:00:00,310.56678482784514,303.66614340854176
2011-10-28 17:00:00,291.12835171410046,292.9655116335453
2011-10-28 18:00:00,290.1220237132397,292.13675813131226
2011-10-28 20:00:00,288.46127509776915,290.6759120664905
2011-10-28 21:00:00,287.8952490714004,290.20506688663147
2011-10-29 05:00:00,303.99277965386955,300.7633946775839
2011-10-29 06:00:00,307.1819897432724,302.1890947197913
2011-10-29 08:00:00,310.71519702976036,303.238670290343
2011-10-29 09:00:00,310.4179445569431,303.40837778993676
2011-10-29 17:00:00,290.9463971201187,292.8531327681108
2011-10-29 18:00:00,289.7486861453769,291.90857580152607
2011-10-29 20:00:00,287.86556350872587,291.3105528468528
2011-10-29 21:00:00,287.20804432544213,290.21819092643284
2011-10-30 05:00:00,303.57111745402335,300.5281279906286
2011-10-30 06:00:00,306.6984132787296,301.9726128717784
2011-10-30 08:00:00,310.40645052729104,303.2476308437636
2011-10-30 09:00:00,310.37782931805395,303.44259911582725
2011-10-30 17:00:00,290.05895876186474,292.2052102346083
2011-10-30 18:00:00,289.47761159464835,291.7267165220758
2011-10-30 20:00:00,288.65314207385615,290.95374912914406
2011-10-30 21:00:00,288.33722295305586,290.5861662407686
2011-10-31 05:00:00,304.6047985623541,301.15668100789077
2011-10-31 06:00:00,307.7895916437698,302.2323137468476
2011-10-31 08:00:00,310.7644073298238,302.85360327486995
2011-10-31 09:00:00,310.32671611298025,303.0030388501466
2011-10-31 17:00:00,292.1461167298774,293.75201495953814
2011-10-31 18:00:00,291.3088035407162,293.0030529333741
2011-10-31 20:00:00,289.5694706803661,291.36531419563
2011-10-31 21:00:00,288.7830583663494,290.6176794490021
2011-11-01 05:00:00,303.84272822540237,300.66146088822046
2011-11-01 06:00:00,306.9320308644158,301.8453387009161
2011-11-01 08:00:00,310.6017496258893,303.21177833216217
2011-11-01 09:00:00,310.3281166770242,303.39313630514044
2011-11-01 17:00:00,291.9871018796195,293.77725247940043
2011-11-01 18:00:00,291.1256428440841,293.0341276101228
2011-11-01 20:00:00,289.6576835032788,291.5677906148056
2011-11-01 21:00:00,289.1114437767464,291.030334449145
2011-11-02 05:00:00,304.699961845974,301.3645410758138
2011-11-02 06:00:00,307.9420218445671,302.4232885422435
2011-11-02 08:00:00,311.3305201596582,303.54232736361234
2011-11-02 09:00:00,310.81623269009117,303.68010118011335
2011-11-02 17:00:00,292.6585586618385,294.3232582221597
2011-11-02 18:00:00,292.2937944409293,293.96301436460993
2011-11-02 20:00:00,291.5633913813093,293.4780373830457
2011-11-02 21:00:00,291.7987028571601,293.5526218502474
2011-11-03 05:00:00,304.96403639783114,302.15079452444115
2011-11-03 06:00:00,308.06038866792517,303.28801013729054
2011-11-03 08:00:00,310.39529541203717,304.20783244222633
2011-11-03 09:00:00,308.7735011919254,303.97722351826576
2011-11-03 17:00:00,293.0761455659323,295.82067647737057
2011-11-03 18:00:00,292.2970051581761,293.9874635528894
2011-11-03 20:00:00,291.13633170811164,292.9031317524256
2011-11-03 21:00:00,291.04582343667244,292.7705004534846
2011-11-04 05:00:00,305.74330639949386,300.90457437806214
2011-11-04 06:00:00,309.1068217038006,302.2768554922613
2011-11-04 08:00:00,311.4289221859125,303.67395609663157
2011-11-04 09:00:00,310.56745802492867,303.98885917957466
2011-11-04 17:00:00,293.49039112437856,296.8308416992564
2011-11-04 18:00:00,292.62339065622297,296.1445781549063
2011-11-04 20:00:00,291.50165018278574,293.2351731592775
2011-11-04 21:00:00,291.1656838109938,293.01833511611164
2011-11-05 05:00:00,306.2287602358496,301.8225111057652
2011-11-05 06:00:00,309.06123493118173,302.9594932050661
2011-11-05 08:00:00,311.3405907723496,304.17851217355127
2011-11-05 09:00:00,310.4339338869821,304.341380373539
2011-11-05 17:00:00,293.27031363324136,294.84405009735536
2011-11-05 18:00:00,292.21875627749876,293.92826027421995
2011-11-05 20:00:00,290.62186150925555,292.3206209203312
2011-11-05 21:00:00,289.9623300937364,291.9959127840533
2011-11-06 05:00:00,306.5679597075805,301.694455915313
2011-11-06 06:00:00,309.18372303826044,302.85940949097625
2011-11-06 08:00:00,310.6996403769095,303.7682294331273
2011-11-06 09:00:00,310.1263524130423,303.90800172779336
2011-11-06 17:00:00,292.781720694849,294.49309289400315
2011-11-06 18:00:00,291.7802575909302,293.5439239878133
2011-11-06 20:00:00,290.02427243084315,292.86825382838083
2011-11-06 21:00:00,289.3510162870763,292.628720769897
2011-11-07 05:00:00,306.25449807471233,301.41847109096625
2011-11-07 06:00:00,309.3422419896295,302.6286110194696
2011-11-07 08:00:00,311.44016086008224,304.23182454865963
2011-11-07 09:00:00,310.70376546944976,304.3626764705993
2011-11-07 17:00:00,293.39983004671404,294.9208250354361
2011-11-07 18:00:00,292.4337035004274,293.988366149056
2011-11-07 20:00:00,290.836578815854,292.5315003240789
2011-11-07 21:00:00,290.1267128872394,291.95515307880515
2011-11-08 05:00:00,305.59027179547564,301.6429755823638
2011-11-08 06:00:00,309.105462543035,302.8631724400219
2011-11-08 08:00:00,312.1379382070297,304.1579754657481
2011-11-08 09:00:00,311.57100008595705,304.3555504515285
2011-11-08 17:00:00,293.23544337385795,295.6083422926798
2011-11-08 18:00:00,292.24745963497776,293.9520203012899
2011-11-08 20:00:00,291.2559330356874,292.886676453295
2011-11-08 21:00:00,290.7847938008595,292.37229978211667
2011-11-09 05:00:00,306.218591064077,302.1662082760286
2011-11-09 06:00:00,309.4435636170656,303.35499060209065
2011-11-09 08:00:00,312.0346415421261,304.4642727092161
2011-11-09 09:00:00,311.5516507658642,304.6560493081303
2011-11-09 17:00:00,293.87755618808086,295.2294273200131
2011-11-09 18:00:00,292.93628823114295,294.39747817123254
2011-11-09 20:00:00,291.7823035852935,293.2470639644676
2011-11-09 21:00:00,291.4622500379942,292.98583156779665
2011-11-10 05:00:00,305.4865259720107,301.66247506869047
2011-11-10 06:00:00,309.01906203635855,302.9890714154589
2011-11-10 08:00:00,312.70395656873706,304.56248699828916
2011-11-10 09:00:00,312.15666969898854,304.86381022919124
2011-11-10 17:00:00,296.1865275754767,297.39533013812564
2011-11-10 18:00:00,295.60792694326915,296.8714466535806
2011-11-10 20:00:00,294.16497403043445,295.40008624860064
2011-11-10 21:00:00,293.45902234563846,294.60041096691725
2011-11-11 05:00:00,306.39897804671705,301.61187095230645
2011-11-11 06:00:00,309.2334416746543,303.1867203675727
2011-11-11 08:00:00,311.0993938710546,304.275688959013
2011-11-11 09:00:00,310.45647372817405,304.4538176408718
2011-11-11 17:00:00,295.3333532630203,296.5106584875169
2011-11-11 18:00:00,294.6138860294007,295.8900536535701
2011-11-11 20:00:00,293.21638775606556,294.4665261196613
2011-11-11 21:00:00,292.5235054474582,293.78075680490264
2011-11-12 05:00:00,306.75421095555663,300.55526731047314
2011-11-12 06:00:00,309.4323024896701,301.88556510090643
2011-11-12 08:00:00,310.72346341407905,303.4312157300294
2011-11-12 09:00:00,309.9730336757948,303.73189160269106
2011-11-12 17:00:00,292.8399909067963,294.42942107072787
2011-11-12 18:00:00,291.69814778990667,293.8425518441457
2011-11-12 20:00:00,290.05905917833326,292.2672037086428
2011-11-12 21:00:00,289.5299434573698,291.8371278971479
2011-11-13 05:00:00,306.951809217456,301.34481327192077
2011-11-13 06:00:00,309.410879314405,302.3385531244734
2011-11-13 08:00:00,311.39069515751396,303.4555255907526
2011-11-13 09:00:00,310.7414184946492,303.642868629773
2011-11-13 17:00:00,293.9588181035728,295.2811842861088
2011-11-13 18:00:00,292.93974348870563,294.37810294176285
2011-11-13 20:00:00,290.64715597331985,292.3348886639752
2011-11-13 21:00:00,289.71195534822203,291.81412112290394
2011-11-14 05:00:00,305.94316576001086,301.4547727376177
2011-11-14 06:00:00,309.33392392762454,302.39432538565944
2011-11-14 08:00:00,311.5893826477333,303.34224274198885
2011-11-14 09:00:00,310.9501457273134,303.5894732600184
2011-11-14 17:00:00,291.9460224686492,293.72310564367353
2011-11-14 18:00:00,290.58643937074163,293.22064171366407
2011-11-14 20:00:00,288.66150464262176,290.76475010006385
2011-11-14 21:00:00,288.0069742070508,289.9618594223987
2011-11-15 05:00:00,304.678483677939,301.309424401799
2011-11-15 06:00:00,308.1327957129809,302.42783182905345
2011-11-15 08:00:00,311.2035351769399,303.34089065810383
2011-11-15 09:00:00,310.61502834608086,303.5097960485332
2011-11-15 17:00:00,292.8840004284687,294.65810531827816
2011-11-15 18:00:00,292.2099321362418,294.1362082506365
2011-11-15 20:00:00,290.8670221455108,292.72155996831066
2011-11-15 21:00:00,290.4227959819494,292.3288935586374
2011-11-16 05:00:00,303.47543294991846,300.47755255794675
2011-11-16 06:00:00,306.5934144947305,301.79960251442276
2011-11-16 08:00:00,309.4593637757382,303.1212005850347
2011-11-16 09:00:00,309.0990219233767,303.3193048556523
2011-11-16 17:00:00,292.4780199377122,293.98958685218093
2011-11-16 18:00:00,291.80545709313157,293.38003032196474
2011-11-16 20:00:00,290.9950490989744,292.6340610169116
2011-11-16 21:00:00,290.6843160620456,292.3191850189068
2011-11-17 05:00:00,303.98632899491554,300.2534160643403
2011-11-17 06:00:00,307.16548770381416,301.61534819287033
2011-11-17 08:00:00,309.221603017375,302.96728433335693
2011-11-17 09:00:00,308.75482718492697,303.2041520176022
2011-11-17 17:00:00,292.8056800031148,294.3953274578454
2011-11-17 18:00:00,292.17708003392386,293.84351836735004
2011-11-17 20:00:00,291.06496971377237,292.81048400596774
2011-11-17 21:00:00,290.5494266033907,292.32476282340167
2011-11-18 05:00:00,303.1289385544317,300.2089110199586
2011-11-18 06:00:00,306.3091034029592,301.73283891721945
2011-11-18 08:00:00,309.38559914516924,303.3224069274996
2011-11-18 09:00:00,309.237654981334,303.63680860992577
2011-11-18 17:00:00,292.8381559492443,294.5050336840708
2011-11-18 18:00:00,292.0949445586359,293.84036894388305
2011-11-18 20:00:00,290.8807306039866,292.69623237692156
2011-11-18 21:00:00,290.42838916278953,292.2912869446083
2011-11-19 05:00:00,303.2012742899232,300.2486066539042
2011-11-19 06:00:00,306.60983586715446,301.9792523729416
2011-11-19 08:00:00,310.04216741670626,303.67155489458696
2011-11-19 09:00:00,309.8652011536303,303.9940540566467
2011-11-19 17:00:00,292.7506388236635,294.48598192212023
2011-11-19 18:00:00,291.92575395346057,293.7344077511451
2011-11-19 20:00:00,290.3979672753756,292.26284023572924
2011-11-19 21:00:00,289.7037468485546,291.5644002717523
2011-11-20 05:00:00,304.38405685542364,300.3756116917027
2011-11-20 06:00:00,307.74393960397305,302.03761035231486
2011-11-20 08:00:00,311.19463081536196,303.49550672157886
2011-11-20 09:00:00,310.88897679215773,303.8538245860895
2011-11-20 17:00:00,292.4310905092119,294.2438494148901
2011-11-20 18:00:00,291.58895076992695,293.5252299257346
2011-11-20 20:00:00,290.35961820017576,292.06166671494304
2011-11-20 21:00:00,289.83336873341045,291.48777155001835
2011-11-21 05:00:00,303.67934762164145,299.9015817509962
2011-11-21 06:00:00,307.4772465827836,301.4586058676886
2011-11-21 08:00:00,310.9546476343563,303.1686831622719
2011-11-21 09:00:00,310.52892984116943,303.5948653963204
2011-11-21 17:00:00,292.4236701765486,293.8622800477297
2011-11-21 18:00:00,291.6232068924397,293.03836971806084
2011-11-21 20:00:00,290.0106047173311,291.23652698299367
2011-11-21 21:00:00,289.2426086566849,290.55788923595645
2011-11-22 05:00:00,302.81651630607337,298.5437238131907
2011-11-22 06:00:00,306.2406779849107,299.9432958711645
2011-11-22 08:00:00,310.0497328606886,301.5995152360302
2011-11-22 09:00:00,309.81625234548045,302.0927622226427
2011-11-22 17:00:00,291.65899115093686,292.86784997596214
2011-11-22 18:00:00,290.75096459528334,291.9512370246217
2011-11-22 20:00:00,288.7378776091824,290.2146964521364
2011-11-22 21:00:00,288.00379116252316,289.4667961696631
2011-11-23 05:00:00,301.8527178889247,297.40203286098955
2011-11-23 06:00:00,304.82737271113456,298.67237033461936
2011-11-23 08:00:00,307.80118900528316,300.13830509979294
2011-11-23 09:00:00,307.52012975190195,300.47753024578833
2011-11-23 17:00:00,291.5760304079218,292.54545447492086
2011-11-23 18:00:00,290.897123856978,291.89350924029003
2011-11-23 20:00:00,289.58201011340316,290.59299639450563
2011-11-23 21:00:00,288.99202186337607,290.04241698842577
2011-11-24 05:00:00,299.97163616821103,295.9437200137757
2011-11-24 06:00:00,303.148580871488,297.40449324080316
2011-11-24 08:00:00,306.8267594912019,298.8364197153524
2011-11-24 09:00:00,307.078411648931,299.26360329273854
2011-11-24 17:00:00,290.9874693836747,292.0021169042367
2011-11-24 18:00:00,290.30277906985054,291.3786617096841
2011-11-24 20:00:00,288.98951518994824,290.1185819276125
2011-11-24 21:00:00,288.3380333616847,289.51821415082696
2011-11-25 05:00:00,300.5664484761713,296.13358700697887
2011-11-25 06:00:00,304.1475248410264,297.3479045286017
2011-11-25 08:00:00,307.3967058507981,298.5501876854566
2011-11-25 09:00:00,307.1294539441313,298.87501455345216
2011-11-25 17:00:00,290.03647664074543,291.17182795402636
2011-11-25 18:00:00,289.3298721666145,290.59198628147874
2011-11-25 20:00:00,288.27271248416287,289.66911908400994
2011-11-25 21:00:00,287.7972136557745,289.21891979811187
2011-11-26 05:00:00,300.15991138052686,296.4241509342047
2011-11-26 06:00:00,303.41183013210684,297.8006412641293
2011-11-26 08:00:00,306.98822442335415,299.0766807520886
2011-11-26 09:00:00,306.9350381389789,299.3017917392067
2011-11-26 17:00:00,291.0789155416386,292.07832881886344
2011-11-26 18:00:00,290.36232159207526,291.45580546844906
2011-11-26 20:00:00,289.4964781351192,290.58188000224953
2011-11-26 21:00:00,289.3574081914634,290.3736908711344
2011-11-27 05:00:00,299.23170856775596,296.0866438244084
2011-11-27 06:00:00,302.53668208188384,297.88182700323216
2011-11-27 08:00:00,306.11136397962764,299.302455461264
2011-11-27 09:00:00,306.34217368950283,299.48687673606935
2011-11-27 17:00:00,291.19544674913027,292.26169161803915
2011-11-27 18:00:00,290.59554080345964,291.7563897883764
2011-11-27 20:00:00,289.42811250613175,290.6503680071956
2011-11-27 21:00:00,288.7076994156801,289.8924074569726
2011-11-28 05:00:00,300.3054259642615,296.21996569523276
2011-11-28 06:00:00,303.7577474914457,297.82864546812556
2011-11-28 08:00:00,307.9390717728296,299.15150595078666
2011-11-28 09:00:00,307.93912965748086,299.58215661188484
2011-11-28 17:00:00,290.4903467586853,291.3993590227077
2011-11-28 18:00:00,289.6514708955409,290.53810140789017
2011-11-28 20:00:00,288.20249468740224,289.1774308685162
2011-11-28 21:00:00,287.5158097042325,288.57041042427807
2011-11-29 05:00:00,299.72124929090126,295.28940842074496
2011-11-29 06:00:00,303.3233074076555,297.07494400094953
2011-11-29 08:00:00,306.32528289183637,298.62238204791475
2011-11-29 09:00:00,305.921772396987,299.00450858423267
2011-11-29 17:00:00,288.6505000932926,290.10365963129124
2011-11-29 18:00:00,287.8529509322486,289.42710072380737
2011-11-29 20:00:00,286.45373622147804,288.03954083599916
2011-11-29 21:00:00,285.7434040416371,287.4237936810463
2011-11-30 05:00:00,301.1401610763856,295.82767779287093
2011-11-30 06:00:00,304.5398561921436,297.4312628230255
2011-11-30 08:00:00,307.5051944538698,299.3938373395217
2011-11-30 09:00:00,307.1718616221094,299.91227120280445
2011-11-30 17:00:00,288.5142769365355,290.1278770928758
2011-11-30 18:00:00,287.4893633544169,289.2190909833864
2011-11-30 20:00:00,285.75536479274,287.5877296671111
2011-11-30 21:00:00,285.1350164663259,287.0008127597521
2011-12-01 05:00:00,299.9507747938159,296.46347306873105
2011-12-01 06:00:00,303.38236983053855,298.09834179047994
2011-12-01 08:00:00,307.2948687631287,299.86107587300023
2011-12-01 09:00:00,307.6470507370489,300.3432720166693
2011-12-01 17:00:00,289.8448082405173,291.2113479120522
2011-12-01 18:00:00,289.1440077489257,290.57007134530136
2011-12-01 20:00:00,287.66011282475597,288.9681561062994
2011-12-01 21:00:00,286.93494987781685,288.2629464594719
2011-12-02 05:00:00,300.09238524356135,296.11917845457106
2011-12-02 06:00:00,303.89635428735767,297.8527560711642
2011-12-02 08:00:00,308.0692227309217,300.04827601075726
2011-12-02 09:00:00,308.13755234070294,300.5932207856965
2011-12-02 17:00:00,290.2988822713655,291.5616375845276
2011-12-02 18:00:00,289.293870476251,290.6601097918071
2011-12-02 20:00:00,287.63645199157054,289.2118993914917
2011-12-02 21:00:00,287.02206402089456,288.4453654472927
2011-12-03 05:00:00,302.58469544867705,297.46331175817363
2011-12-03 06:00:00,306.27096346016106,299.08071673706246
2011-12-03 08:00:00,309.05420044133405,301.3760710541383
2011-12-03 09:00:00,308.46607832475144,301.74833058502713
2011-12-03 17:00:00,291.4454325483467,292.96204337427173
2011-12-03 18:00:00,290.3956740369047,292.0602272633228
2011-12-03 20:00:00,288.5566547787612,291.4741975052515
2011-12-03 21:00:00,287.8802936947768,291.7101091993241
2011-12-04 05:00:00,302.6114830640138,298.59249875578564
2011-12-04 06:00:00,306.4562493604945,300.02259612707957
2011-12-04 08:00:00,309.83880083880547,301.97299415341513
2011-12-04 09:00:00,309.3519521986575,302.3792503603802
2011-12-04 17:00:00,290.48974672855326,292.01945375698193
2011-12-04 18:00:00,289.45741090936184,291.0559308209295
2011-12-04 20:00:00,288.1299995927855,290.63461301359814
2011-12-04 21:00:00,287.5511125702704,290.6076873403117
2011-12-05 05:00:00,303.38194347787163,299.25556539056475
2011-12-05 06:00:00,307.0776098924352,300.54207565237084
2011-12-05 08:00:00,309.598896679048,301.87750660289413
2011-12-05 09:00:00,309.0297783379929,302.1459904745658
2011-12-05 17:00:00,291.5028485737523,293.70956510241115
2011-12-05 18:00:00,290.4148059251312,293.6631122935902
2011-12-05 20:00:00,289.3921863808654,292.28939899274127
2011-12-05 21:00:00,288.9566678604103,291.42046496092996
2011-12-06 05:00:00,303.3481957622229,298.5857811503124
2011-12-06 06:00:00,306.922634671392,299.9623614577189
2011-12-06 08:00:00,309.85612450175,301.398575887107
2011-12-06 09:00:00,309.08512970111775,301.6365990778331
2011-12-06 17:00:00,291.84933083744374,294.85617857758183
2011-12-06 18:00:00,291.12063786722666,293.9623717086157
2011-12-06 20:00:00,290.03252682443394,292.66573156230436
2011-12-06 21:00:00,289.1312443008776,291.8844853946351
2011-12-07 05:00:00,302.6705149222963,297.8831746434945
2011-12-07 06:00:00,306.6131451905049,299.79171002921413
2011-12-07 08:00:00,309.8584137198003,301.3600229460212
2011-12-07 09:00:00,309.36464520705687,301.61295181062815
2011-12-07 17:00:00,291.56447028819883,292.8176560835405
2011-12-07 18:00:00,290.7962045537305,292.1043782520735
2011-12-07 20:00:00,289.7485984719957,291.200994435738
2011-12-07 21:00:00,289.2372519047859,290.59595838643736
2011-12-08 05:00:00,300.77158347483964,297.8672342168164
2011-12-08 06:00:00,304.74163773688036,300.2905443423702
2011-12-08 08:00:00,307.6416299405561,301.9308125829476
2011-12-08 09:00:00,307.4223554755212,302.2204511316238
2011-12-08 17:00:00,290.7243979149864,291.9474554781921
2011-12-08 18:00:00,289.84828251866605,291.1106218711254
2011-12-08 20:00:00,288.65812567900434,289.9353457834394
2011-12-08 21:00:00,288.206345497919,289.47478079538683
2011-12-09 05:00:00,299.2954341141946,295.47965902319675
2011-12-09 06:00:00,302.85138141649713,296.9138619727089
2011-12-09 08:00:00,305.5444911962665,298.0851649209421
2011-12-09 09:00:00,305.0480020814023,298.2675386496428
2011-12-09 17:00:00,287.9225395919729,289.33075162772957
2011-12-09 18:00:00,287.1248686192399,288.6609322381865
2011-12-09 20:00:00,285.537605791136,287.2491343870002
2011-12-09 21:00:00,284.80135600555843,286.5686312588778
2011-12-10 05:00:00,296.8599223884853,292.96152756137
2011-12-10 06:00:00,299.8311720790775,294.45023666875574
2011-12-10 08:00:00,302.53969316526627,295.9340612238104
2011-12-10 09:00:00,302.23465010491657,296.1775890991023
2011-12-10 17:00:00,284.90284113009653,286.74636723264155
2011-12-10 18:00:00,283.90311799835536,285.89457632103023
2011-12-10 20:00:00,282.1370230558657,284.2129516601563
2011-12-10 21:00:00,281.34191151576346,283.57122908534916
2011-12-11 05:00:00,297.47403699407596,292.5572750050409
2011-12-11 06:00:00,301.0713806857681,293.8336591206273
2011-12-11 08:00:00,304.35178484571367,295.2882705006651
2011-12-11 09:00:00,303.97262493304004,295.73161273597754
2011-12-11 17:00:00,283.56432943241253,285.5671204506708
2011-12-11 18:00:00,282.3179390882307,285.11617148565404
2011-12-11 20:00:00,280.5451549183239,283.9368968663855
2011-12-11 21:00:00,279.9460676572356,283.3115887752116
2011-12-12 05:00:00,295.40853651425874,292.5329804501291
2011-12-12 06:00:00,299.0141534790603,294.22673810538606
2011-12-12 08:00:00,302.559880754797,295.730551015798
2011-12-12 09:00:00,302.8329565345048,296.17110195071746
2011-12-12 17:00:00,285.04680103366655,286.5537752172061
2011-12-12 18:00:00,284.25975062483445,285.8912248890646
2011-12-12 20:00:00,282.6620823135729,284.40447730018843
2011-12-12 21:00:00,281.8165836892621,283.6625130158177
2011-12-13 05:00:00,295.55806641659495,292.12894807648036
2011-12-13 06:00:00,299.30713868692214,293.9010540884339
2011-12-13 08:00:00,303.3978272895049,295.86927748387694
2011-12-13 09:00:00,303.4905459458361,296.3124084707769
2011-12-13 17:00:00,284.56885341650167,286.1294494064637
2011-12-13 18:00:00,283.12426532104683,285.6415081758896
2011-12-13 20:00:00,281.14810432234236,283.96536699245087
2011-12-13 21:00:00,280.47005318052413,283.3409507528108
2011-12-14 05:00:00,297.20137628164423,292.95802032047504
2011-12-14 06:00:00,300.67927826350933,294.43170532790833
2011-12-14 08:00:00,304.1576072328447,295.804334666953
2011-12-14 09:00:00,304.2402742735594,296.28158428268546
2011-12-14 17:00:00,284.11424008503167,285.7017216146084
2011-12-14 18:00:00,282.8469531701416,284.7132863425327
2011-12-14 20:00:00,280.902499935109,283.43312568840884
2011-12-14 21:00:00,280.2176404814875,283.0687891132843
2011-12-15 05:00:00,295.89061893410235,292.36407823371593
2011-12-15 06:00:00,299.8921426264641,294.2696742923308
2011-12-15 08:00:00,304.11631022542946,296.12963112476973
2011-12-15 09:00:00,304.43028393291365,296.64486877723544
2011-12-15 17:00:00,284.67384528819883,286.1767401790766
2011-12-15 18:00:00,283.5166140939863,285.1246958352017
2011-12-15 20:00:00,281.37106612430335,283.60065919849654
2011-12-15 21:00:00,280.50748832714396,283.36630162031884
2011-12-16 05:00:00,295.8116620597193,292.46091187275795
2011-12-16 06:00:00,299.86981885348706,294.45606305749834
2011-12-16 08:00:00,304.1440399358012,296.21272929093135
2011-12-16 09:00:00,304.42687605048184,296.62558305502307
2011-12-16 17:00:00,284.97503020252765,286.45947592431116
2011-12-16 18:00:00,284.0479695183471,285.7102857921818
2011-12-16 20:00:00,282.1925306981444,284.15230737812533
2011-12-16 21:00:00,281.3552276423238,283.46417219870267
2011-12-17 05:00:00,294.77204154415745,291.9863528588153
2011-12-17 06:00:00,298.65045829032346,294.03904566595844
2011-12-17 08:00:00,302.8172953272087,295.8869255077674
2011-12-17 09:00:00,303.1809612209514,296.41588243387514
2011-12-17 17:00:00,285.3230316444244,286.70160436409833
2011-12-17 18:00:00,284.53944096028897,286.0305051171725
2011-12-17 20:00:00,283.1744575206598,284.8824648864464
2011-12-17 21:00:00,282.6640538948894,284.47375551761576
2011-12-18 05:00:00,295.3859482164192,292.6249575152052
2011-12-18 06:00:00,299.3841087211997,294.84506768695377
2011-12-18 08:00:00,303.7160823686832,296.8370892211726
2011-12-18 09:00:00,304.17717276221987,297.29199397435355
2011-12-18 17:00:00,286.1411806644387,287.422823701691
2011-12-18 18:00:00,285.41739451168866,286.84693875775685
2011-12-18 20:00:00,284.1281662339973,285.58276096808345
2011-12-18 21:00:00,283.56419290269287,285.0389189404222
2011-12-19 05:00:00,294.77886892356935,292.1433686666386
2011-12-19 06:00:00,298.71352792043353,294.38553881534995
2011-12-19 08:00:00,303.1435786219334,296.5838305410141
2011-12-19 09:00:00,303.5007964429576,297.1241856649954
2011-12-19 17:00:00,286.3546735061152,287.3496115380333
2011-12-19 18:00:00,285.53373010573665,286.6593733495116
2011-12-19 20:00:00,284.3492333833903,285.6868190206989
2011-12-19 21:00:00,283.95399479799903,285.3807775324041
2011-12-20 05:00:00,295.71032806537556,292.758151814089
2011-12-20 06:00:00,299.8933924835158,294.8554067743945
2011-12-20 08:00:00,304.5365296115493,296.92501247976156
2011-12-20 09:00:00,304.58199325585036,297.382381468598
2011-12-20 17:00:00,286.2579230498092,287.5878414395043
2011-12-20 18:00:00,285.4433266943886,286.9109205531046
2011-12-20 20:00:00,284.35655125410784,285.94307554741664
2011-12-20 21:00:00,283.95496585887093,285.53017581886803
2011-12-21 05:00:00,295.0568432683019,292.0257164436423
2011-12-21 06:00:00,298.8008429904932,293.88112119607086
2011-12-21 08:00:00,303.04372557653295,295.83976954855433
2011-12-21 09:00:00,303.49702056273475,296.2787454660942
2011-12-21 17:00:00,286.616838217149,287.52432269785555
2011-12-21 18:00:00,285.81614424083926,286.761625810103
2011-12-21 20:00:00,284.5084071225488,285.51592911777584
2011-12-21 21:00:00,283.96582579061686,284.97899939209367
2011-12-22 05:00:00,294.73618510618047,291.9726578252525
2011-12-22 06:00:00,298.62064520273077,294.00977274890306
2011-12-22 08:00:00,302.96184684388993,295.63682053011996
2011-12-22 09:00:00,303.2330876660457,296.0033959857488
2011-12-22 17:00:00,286.5231743858114,287.25026029284084
2011-12-22 18:00:00,285.7490811105502,286.53020927535
2011-12-22 20:00:00,284.5499452611515,285.43903046359634
2011-12-22 21:00:00,283.98868869963707,284.89214897449654
2011-12-23 05:00:00,293.8498638370555,290.6096222205963
2011-12-23 06:00:00,297.7091314612625,292.6249941927259
2011-12-23 08:00:00,302.5968558101331,294.9394210556806
2011-12-23 09:00:00,303.41956767830163,295.47346310843307
2011-12-23 17:00:00,285.69143357005066,286.4988444229855
2011-12-23 18:00:00,284.7941436532466,285.6835284828221
2011-12-23 20:00:00,283.3068052741523,284.33999897114853
2011-12-23 21:00:00,282.6622444235121,283.76129361991707
2011-12-24 05:00:00,294.20183684315265,290.89002125509353
2011-12-24 06:00:00,298.1524155533002,292.85597852051535
2011-12-24 08:00:00,303.00410844658853,295.0014827122857
2011-12-24 09:00:00,303.9601913005435,295.5886401395402
2011-12-24 17:00:00,285.2353065855147,286.3036175979121
2011-12-24 18:00:00,284.3046754387384,285.44302716130284
2011-12-24 20:00:00,283.0023778318808,284.3413032331893
2011-12-24 21:00:00,282.4333368192652,283.78812388462717
2011-12-25 05:00:00,295.06078619582263,291.8548473246476
2011-12-25 06:00:00,299.0282677884095,293.9843129303496
2011-12-25 08:00:00,303.76690111909704,296.17728679169124
2011-12-25 09:00:00,304.42593080494186,296.7001745755941
2011-12-25 17:00:00,286.125136858877,287.12618414316046
2011-12-25 18:00:00,285.1687937120811,286.23263507484467
2011-12-25 20:00:00,283.8417172424598,285.1468912603675
2011-12-25 21:00:00,283.25139094795026,284.57847432987353
2011-12-26 05:00:00,294.63809751913254,291.9136236158468
2011-12-26 06:00:00,298.5943141990156,294.1066207062849
2011-12-26 08:00:00,303.2413963940919,296.38180431489405
2011-12-26 09:00:00,303.8350640577602,296.8837658334036
2011-12-26 17:00:00,286.9485176215738,287.9921171779074
2011-12-26 18:00:00,286.1264200548545,287.19040067464067
2011-12-26 20:00:00,284.6436733251727,285.74904577316966
2011-12-26 21:00:00,284.01200664502636,285.11680269167863
2011-12-27 05:00:00,294.177863004946,291.38388014500975
2011-12-27 06:00:00,298.22222446623863,293.6139087882725
2011-12-27 08:00:00,303.1974772966147,295.91646170358996
2011-12-27 09:00:00,303.7069174791521,296.33317899777455
2011-12-27 17:00:00,285.54360444666975,286.5914637443649
2011-12-27 18:00:00,284.5733148607157,285.67240661244915
2011-12-27 20:00:00,283.3192254817357,284.57958413052086
2011-12-27 21:00:00,282.76387752773945,284.0276505950787
2011-12-28 05:00:00,292.6815762747602,289.78291593531065
2011-12-28 06:00:00,296.7073122092131,292.08620766755797
2011-12-28 08:00:00,301.9706991280907,294.6079832291566
2011-12-28 09:00:00,302.6009955031479,295.2568747545428
2011-12-28 17:00:00,284.29527139296334,285.75370118504134
2011-12-28 18:00:00,283.4663667840473,285.0340431577803
2011-12-28 20:00:00,281.7523911157265,283.3238499763383
2011-12-28 21:00:00,280.81505891538364,282.56100294586327
2011-12-29 05:00:00,294.7713338325865,290.8469692283125
2011-12-29 06:00:00,298.52780362968264,292.4615715508836
2011-12-29 08:00:00,301.9738221249338,294.291825328292
2011-12-29 09:00:00,301.96465053470183,294.79520984056
2011-12-29 17:00:00,284.2348705227093,285.40329778874053
2011-12-29 18:00:00,283.42350811363184,284.59569162800796
2011-12-29 20:00:00,282.0786687912669,283.337746947866
2011-12-29 21:00:00,281.4729036821974,282.78338566619925
2011-12-30 05:00:00,293.1097288440299,289.872313230541
2011-12-30 06:00:00,296.8709897598243,291.478256531232
2011-12-30 08:00:00,301.23258849909564,293.4460030483722
2011-12-30 09:00:00,301.6370798590003,294.03296592018825
2011-12-30 17:00:00,284.0374756564712,285.3112301584018
2011-12-30 18:00:00,282.91044713095266,284.2285145199721
2011-12-30 20:00:00,280.89761300814354,282.5191463476337
2011-12-30 21:00:00,280.22709096194416,281.7271775538088
2011-12-31 05:00:00,292.7110501423088,289.86941986789316
2011-12-31 06:00:00,296.69469702298915,291.5832055654658
2011-12-31 08:00:00,301.6496306949845,293.8106776679793
2011-12-31 09:00:00,302.28148539444703,294.36601485383164
2011-12-31 17:00:00,285.32963211694374,286.3606487914851
2011-12-31 18:00:00,284.6316044694286,285.68353974470193
2011-12-31 20:00:00,284.0216464849393,285.1455148893806
2011-12-31 21:00:00,283.5333199523079,284.62019402220363
