datetime_utc,skt,t2m
2017-01-01 05:00:00,294.8232807694304,291.8029641032403
2017-01-01 06:00:00,299.6096877934202,294.12305352867844
2017-01-01 08:00:00,304.5074320412564,295.8086757101521
2017-01-01 09:00:00,304.8500790588661,296.35609459546384
2017-01-01 17:00:00,287.5550911408176,288.18761330062324
2017-01-01 18:00:00,286.9440950884474,287.66181510843006
2017-01-01 20:00:00,285.4905961893373,286.2648149205283
2017-01-01 21:00:00,285.1115977753109,285.8757002349995
2017-01-02 05:00:00,294.4624138642533,291.6161378645934
2017-01-02 06:00:00,298.9053336732744,293.23810994716933
2017-01-02 08:00:00,302.69442116571315,294.51256099283603
2017-01-02 09:00:00,303.1700067975672,295.040571474331
2017-01-02 17:00:00,286.52463680790464,287.55971852730164
2017-01-02 18:00:00,285.4672479144598,286.6260592750114
2017-01-02 20:00:00,283.9504026580481,285.3205064676576
2017-01-02 21:00:00,283.60595456257073,285.0178440840476
2017-01-03 05:00:00,294.3350931176419,291.50206959963947
2017-01-03 06:00:00,298.183721768654,293.225228519763
2017-01-03 08:00:00,302.0781922421213,295.4756302796821
2017-01-03 09:00:00,302.44136456458705,296.01805262866856
2017-01-03 17:00:00,286.85037109186914,287.97610722851863
2017-01-03 18:00:00,286.16983612953976,287.36128324205964
2017-01-03 20:00:00,285.1149687451097,286.3017168089128
2017-01-03 21:00:00,284.66057693646025,285.8638741562289
2017-01-04 05:00:00,295.5761047034124,292.8607253910764
2017-01-04 06:00:00,299.7848689662657,294.9120079005261
2017-01-04 08:00:00,303.95772795831476,296.95617205556624
2017-01-04 09:00:00,303.9896507086849,297.357986826375
2017-01-04 17:00:00,287.0737600929014,288.5593275590377
2017-01-04 18:00:00,285.9515971226391,287.6337805514343
2017-01-04 20:00:00,283.93650923671635,285.98602080969675
2017-01-04 21:00:00,283.2109609171863,285.3068546007153
2017-01-05 05:00:00,296.88110045916494,293.55386105671136
2017-01-05 06:00:00,300.86736207089183,295.19635872627816
2017-01-05 08:00:00,304.5226298892076,296.71534834804453
2017-01-05 09:00:00,304.46213377495576,297.1403115482654
2017-01-05 17:00:00,286.03096455014173,287.64376534813175
2017-01-05 18:00:00,285.5165862801997,287.1558398935938
2017-01-05 20:00:00,284.4683238589342,286.205010506699
2017-01-05 21:00:00,283.9146327649133,285.6053832866745
2017-01-06 05:00:00,296.5863988138678,292.7529220228386
2017-01-06 06:00:00,299.8064876609297,294.0183608609098
2017-01-06 08:00:00,301.6092258447491,295.2973101223562
2017-01-06 09:00:00,300.4814121381528,295.3820983463517
2017-01-06 17:00:00,289.0019076072563,289.74185451043223
2017-01-06 18:00:00,288.54314407325126,289.4089038302241
2017-01-06 20:00:00,287.4467335893487,288.36335740287797
2017-01-06 21:00:00,286.77517690790825,287.6489802097503
2017-01-07 05:00:00,294.3816367973715,291.1940468198897
2017-01-07 06:00:00,298.3385561809334,292.675749321748
2017-01-07 08:00:00,301.0100677443212,294.1588154044835
2017-01-07 09:00:00,300.8432982787146,294.45769071652455
2017-01-07 17:00:00,287.84324415586025,288.379711885849
2017-01-07 18:00:00,286.8140301109279,287.4131899276757
2017-01-07 20:00:00,286.301962806925,287.29358648408913
2017-01-07 21:00:00,286.1680173477149,286.89993208545746
2017-01-08 05:00:00,292.37482681627085,290.1259011619815
2017-01-08 06:00:00,294.4267389094701,291.128081805166
2017-01-08 08:00:00,295.6827858335615,291.78342737512344
2017-01-08 09:00:00,296.99917524951996,292.2735037546496
2017-01-08 17:00:00,285.33998540516814,286.11616509059917
2017-01-08 18:00:00,284.5582999536547,285.3707386833861
2017-01-08 20:00:00,283.45962761877496,284.40916595694097
2017-01-08 21:00:00,282.8619617761927,283.826398523269
2017-01-09 05:00:00,291.8518694861461,288.8194529528978
2017-01-09 06:00:00,295.28978584653976,290.511439836264
2017-01-09 08:00:00,299.60069989643773,292.01110458961807
2017-01-09 09:00:00,299.99224881729106,292.43092581303716
2017-01-09 17:00:00,284.2480003227622,284.9115187728717
2017-01-09 18:00:00,283.39123521049515,284.12588538594537
2017-01-09 20:00:00,282.3123356094713,283.24432088560985
2017-01-09 21:00:00,281.87375639693585,282.8329879455097
2017-01-10 05:00:00,291.7633775143851,287.7549850863558
2017-01-10 06:00:00,295.68074425930973,289.1235615123402
2017-01-10 08:00:00,299.74651260258423,290.8441275668622
2017-01-10 09:00:00,299.5716147400749,291.23053307672865
2017-01-10 17:00:00,281.1619163007692,282.3037500837
2017-01-10 18:00:00,280.28290359191425,281.54819106467886
2017-01-10 20:00:00,278.87722721893357,280.2840346702259
2017-01-10 21:00:00,278.05304072634283,279.48873807322263
2017-01-11 05:00:00,291.3177122283607,286.50358148936317
2017-01-11 06:00:00,295.0667694985224,287.9043980673392
2017-01-11 08:00:00,299.2152419127008,289.8746056461187
2017-01-11 09:00:00,299.2342415267404,290.37007728894065
2017-01-11 17:00:00,280.32272233066647,281.8406854991002
2017-01-11 18:00:00,279.3809470013588,281.0739783476608
2017-01-11 20:00:00,277.73200231707887,279.55427831053186
2017-01-11 21:00:00,276.958689591183,278.84331831028356
2017-01-12 05:00:00,291.0284713956719,287.2528379936983
2017-01-12 06:00:00,294.54726072525943,288.61636277303126
2017-01-12 08:00:00,299.3599885020675,290.29000997910697
2017-01-12 09:00:00,299.75272464605257,290.7503872770007
2017-01-12 17:00:00,280.97680598231057,282.4353909485145
2017-01-12 18:00:00,280.12150451472064,281.78379118791537
2017-01-12 20:00:00,278.6304733440946,280.43995537192137
2017-01-12 21:00:00,277.9312870160825,279.79859891400685
2017-01-13 05:00:00,291.33623769140024,287.9098459957928
2017-01-13 06:00:00,294.8263751531052,289.4714345123809
2017-01-13 08:00:00,299.0372287415209,291.410538072395
2017-01-13 09:00:00,299.4635289314164,291.9276706360522
2017-01-13 17:00:00,282.11810594273646,283.5111677878076
2017-01-13 18:00:00,281.37036852256176,282.9235391484571
2017-01-13 20:00:00,280.0619170390219,281.7507548045671
2017-01-13 21:00:00,279.639818447213,281.36426345519556
2017-01-14 05:00:00,289.6745000524771,287.4501265656599
2017-01-14 06:00:00,293.21615960307776,289.3932838851388
2017-01-14 08:00:00,296.95822594970326,291.79374908776424
2017-01-14 09:00:00,296.96484144589937,292.2210520081601
2017-01-14 17:00:00,283.4884673413951,284.69356853091296
2017-01-14 18:00:00,282.87627602505205,284.1738492145744
2017-01-14 20:00:00,282.40432602892673,283.7595927234056
2017-01-14 21:00:00,282.20360350057786,283.440465683195
2017-01-15 05:00:00,290.8878834493722,288.78527030298267
2017-01-15 06:00:00,294.2729964763248,290.87302710205455
2017-01-15 08:00:00,299.4554197431896,294.19802144055006
2017-01-15 09:00:00,300.3245085729473,295.0754723453375
2017-01-15 17:00:00,284.91901455307595,286.5737452338032
2017-01-15 18:00:00,283.73591202322984,285.5376396002865
2017-01-15 20:00:00,282.50222942898927,284.4146682433612
2017-01-15 21:00:00,281.92501896886137,283.7816286954013
2017-01-16 05:00:00,291.6124848305536,288.29037466181444
2017-01-16 06:00:00,295.43637099067683,290.2035095026754
2017-01-16 08:00:00,299.4042631598944,292.1417946367308
2017-01-16 09:00:00,299.3726837440338,292.49815331034375
2017-01-16 17:00:00,282.4249343754514,283.4653816634591
2017-01-16 18:00:00,281.62558860367363,282.73755162596154
2017-01-16 20:00:00,280.236216376118,281.3146268494875
2017-01-16 21:00:00,279.68442475446756,280.7855536838525
2017-01-17 05:00:00,291.0792691035337,286.7805229857082
2017-01-17 06:00:00,295.2133440390941,288.637128527249
2017-01-17 08:00:00,300.1777930120106,290.71871550902375
2017-01-17 09:00:00,300.56141998808266,291.4126119275674
2017-01-17 17:00:00,282.569962911503,283.64238145355085
2017-01-17 18:00:00,281.7742666941027,282.98432047745484
2017-01-17 20:00:00,280.57913175092085,281.98866213194583
2017-01-17 21:00:00,280.1194131436811,281.5503802424403
2017-01-18 05:00:00,290.7293793806126,287.8042905598833
2017-01-18 06:00:00,294.69186596510406,289.96598590210147
2017-01-18 08:00:00,299.65870431391596,292.72391177325846
2017-01-18 09:00:00,300.33003681576673,293.39164877305234
2017-01-18 17:00:00,283.7271112051142,285.2089351895043
2017-01-18 18:00:00,282.89000627843916,284.40114152670276
2017-01-18 20:00:00,281.65180553089493,283.038563850297
2017-01-18 21:00:00,281.177505281563,282.4765589027817
2017-01-19 05:00:00,291.485623258288,288.8738389918911
2017-01-19 06:00:00,295.5611943507966,291.21464837166855
2017-01-19 08:00:00,299.95383736679474,293.5406360361719
2017-01-19 09:00:00,300.53336829139937,294.0761411223096
2017-01-19 17:00:00,284.0817275084039,285.1607282077219
2017-01-19 18:00:00,283.3109251942216,284.4307197370955
2017-01-19 20:00:00,282.06677020385933,283.31913670332665
2017-01-19 21:00:00,281.5111987520991,282.75690741164294
2017-01-20 05:00:00,291.05522310935845,288.2182752141967
2017-01-20 06:00:00,295.5751390266125,290.6858923020091
2017-01-20 08:00:00,301.05360563069536,293.2541028274042
2017-01-20 09:00:00,301.84074441824566,293.90879875853176
2017-01-20 17:00:00,285.5684874171652,286.5474145592453
2017-01-20 18:00:00,284.9287792141155,285.9284158950594
2017-01-20 20:00:00,284.70893509545937,285.5898290789917
2017-01-20 21:00:00,284.6375874194599,285.41551283732036
2017-01-21 05:00:00,293.26696093166925,290.7034252149115
2017-01-21 06:00:00,296.7762804310568,292.67208704779443
2017-01-21 08:00:00,300.002518687667,294.8894224710567
2017-01-21 09:00:00,300.5169411587238,295.6178013077135
2017-01-21 17:00:00,288.56315328307073,289.3297363187205
2017-01-21 18:00:00,287.9619814456887,288.84624054472323
2017-01-21 20:00:00,286.6758547225976,287.5756622690633
2017-01-21 21:00:00,286.22065219967317,287.1019187421755
2017-01-22 05:00:00,295.077375391415,292.36797505571224
2017-01-22 06:00:00,298.973901357783,294.4873898451795
2017-01-22 08:00:00,304.1908918947946,297.2725243237794
2017-01-22 09:00:00,304.6832751493057,297.78297913350013
2017-01-22 17:00:00,288.8651869293354,289.7676923425613
2017-01-22 18:00:00,287.9703318591478,289.01095698610845
2017-01-22 20:00:00,286.6417598401086,287.8475971192535
2017-01-22 21:00:00,286.1100867555028,287.38355860541157
2017-01-23 05:00:00,296.97952303423534,294.0592180202114
2017-01-23 06:00:00,300.9659329077863,296.302984816635
2017-01-23 08:00:00,305.56477116142474,298.6823355699724
2017-01-23 09:00:00,306.4242956928553,299.39691380763827
2017-01-23 17:00:00,290.40973039106893,291.3620859860272
2017-01-23 18:00:00,289.6537208498351,290.7226225819169
2017-01-23 20:00:00,289.07421249601254,290.20603926413236
2017-01-23 21:00:00,288.74264977782826,289.8239915374615
2017-01-24 05:00:00,297.8808010201241,295.2197250577812
2017-01-24 06:00:00,302.02010419519365,297.6445407015149
2017-01-24 08:00:00,306.93062907778796,300.3979663114151
2017-01-24 09:00:00,307.6107756580888,301.0546228911366
2017-01-24 17:00:00,292.49924244461886,293.4874232311278
2017-01-24 18:00:00,292.1044101097918,293.1242155947929
2017-01-24 20:00:00,290.55276536280275,291.5532182126273
2017-01-24 21:00:00,290.1111365319768,291.05945064033307
2017-01-25 05:00:00,298.64707815114446,296.63781961637943
2017-01-25 06:00:00,301.8060290273423,298.7707531521978
2017-01-25 08:00:00,303.92114589320863,300.24354369835055
2017-01-25 09:00:00,304.69592198164696,300.8671814576136
2017-01-25 17:00:00,288.35430477947597,289.14952860921846
2017-01-25 18:00:00,287.89122470097476,288.7434165966346
2017-01-25 20:00:00,287.4650764171442,289.0228836929486
2017-01-25 21:00:00,287.40106713716716,288.79729201870816
2017-01-26 05:00:00,291.44012248975287,292.14062490595506
2017-01-26 06:00:00,294.62620001324154,293.007716103952
2017-01-26 08:00:00,295.7964566646629,291.94171509353333
2017-01-26 09:00:00,296.589146712528,292.9560193736307
2017-01-26 17:00:00,285.3826955316247,285.85491214511205
2017-01-26 18:00:00,284.64451030149297,285.21404850611515
2017-01-26 20:00:00,283.4268601333782,284.09852710600444
2017-01-26 21:00:00,282.9774927688857,283.7266426968097
2017-01-27 05:00:00,289.87390482333853,287.9275989973306
2017-01-27 06:00:00,293.39386223791564,289.3847255383508
2017-01-27 08:00:00,297.47439001521275,291.54509922021714
2017-01-27 09:00:00,298.244172647297,292.1302860301154
2017-01-27 17:00:00,283.7717418464931,284.97492073423507
2017-01-27 18:00:00,283.0984467211049,284.3761402947143
2017-01-27 20:00:00,281.8596723465413,283.3235346201939
2017-01-27 21:00:00,281.34942803287356,282.8798855633141
2017-01-28 05:00:00,292.4197678529243,289.3982360557709
2017-01-28 06:00:00,295.7566280747048,290.8463103965912
2017-01-28 08:00:00,300.1639747560851,293.00096584137856
2017-01-28 09:00:00,300.90300215851914,293.75848619081944
2017-01-28 17:00:00,284.6616612509329,285.8707831431243
2017-01-28 18:00:00,283.978941977667,285.1854934809939
2017-01-28 20:00:00,282.7144102499187,283.9649454830975
2017-01-28 21:00:00,282.199511394295,283.38458489416564
2017-01-29 05:00:00,294.5453782044868,290.67794284908723
2017-01-29 06:00:00,298.65265555594846,292.53669125126396
2017-01-29 08:00:00,303.17268376284284,295.45809036043283
2017-01-29 09:00:00,303.71418183830747,296.2641754620616
2017-01-29 17:00:00,285.4718817195099,286.8499391200179
2017-01-29 18:00:00,284.517121772002,286.00333864185586
2017-01-29 20:00:00,282.9859814754069,284.59178502533945
2017-01-29 21:00:00,282.43286478427603,284.03652488579183
2017-01-30 05:00:00,295.15066883339904,292.5397591612923
2017-01-30 06:00:00,299.2346934596269,294.66839152895983
2017-01-30 08:00:00,303.48104341151355,297.4184646253777
2017-01-30 09:00:00,303.85511358934116,298.15367048877783
2017-01-30 17:00:00,285.2152119358809,287.8895103090166
2017-01-30 18:00:00,284.68931462033686,287.4804717829488
2017-01-30 20:00:00,284.0020466056553,286.6260035298822
2017-01-30 21:00:00,283.4540963900291,285.73760626606287
2017-01-31 05:00:00,297.9247155329112,294.4719284128151
2017-01-31 06:00:00,301.3312253320162,295.99971483227654
2017-01-31 08:00:00,304.54571255770605,297.72463199280446
2017-01-31 09:00:00,304.6832005011466,298.1470051722828
2017-01-31 17:00:00,287.7802668778665,289.07873629201174
2017-01-31 18:00:00,287.0420585126833,288.3071705681517
2017-01-31 20:00:00,286.04644502660346,287.38079072220484
2017-01-31 21:00:00,285.52917078426697,286.7996189957958
2017-02-01 05:00:00,295.2072620127345,292.13287511040875
2017-02-01 06:00:00,298.9500221052596,293.9335066879108
2017-02-01 08:00:00,303.82128713457905,296.2020182323015
2017-02-01 09:00:00,304.53601224690635,296.82202966628347
2017-02-01 17:00:00,287.5834819399888,288.80042674765565
2017-02-01 18:00:00,286.9623085574487,288.2950855366806
2017-02-01 20:00:00,285.9705669479488,287.4689588737782
2017-02-01 21:00:00,285.45429115706855,286.9730613250027
2017-02-02 05:00:00,295.18339905349427,292.7299656096519
2017-02-02 06:00:00,299.06781485488494,294.92517266177987
2017-02-02 08:00:00,303.5091490429612,297.5168639478404
2017-02-02 09:00:00,304.28549140260105,298.1198804764241
2017-02-02 17:00:00,288.7133347286466,289.91148016743006
2017-02-02 18:00:00,287.99687192473095,289.25815776243047
2017-02-02 20:00:00,286.8743902362183,288.27625842454444
2017-02-02 21:00:00,286.29343424886696,287.6765366658591
2017-02-03 05:00:00,295.78964010041744,293.4128153702511
2017-02-03 06:00:00,299.7237906433952,295.76136535268347
2017-02-03 08:00:00,304.17615470239673,298.7255251844785
2017-02-03 09:00:00,305.0840743289707,299.5881255257112
2017-02-03 17:00:00,290.6336767728597,291.77214158444633
2017-02-03 18:00:00,289.9930736147935,291.12687358650476
2017-02-03 20:00:00,289.12552430045616,290.1730614472611
2017-02-03 21:00:00,288.80926960385267,289.85435394146043
2017-02-04 05:00:00,296.4416919819931,295.47207561663373
2017-02-04 06:00:00,299.68996475290265,297.8653609594689
2017-02-04 08:00:00,304.6443441711332,301.31923878909265
2017-02-04 09:00:00,305.0858065424421,302.0186465929028
2017-02-04 17:00:00,290.4635613769155,291.7773156540787
2017-02-04 18:00:00,289.72709383031435,291.2895397544826
2017-02-04 20:00:00,288.69045009524865,290.49784199813115
2017-02-04 21:00:00,288.1694262112234,290.0396412524678
2017-02-05 05:00:00,297.1656123603621,293.25204051624644
2017-02-05 06:00:00,300.19109754753407,294.748412121977
2017-02-05 08:00:00,302.71335854552376,296.4230173166801
2017-02-05 09:00:00,303.00616777181995,296.9257379658233
2017-02-05 17:00:00,285.8243445585982,287.4313695875265
2017-02-05 18:00:00,284.98709115849806,286.67164306170406
2017-02-05 20:00:00,283.73256759761114,285.47458395935905
2017-02-05 21:00:00,283.1029585969099,284.7780303014629
2017-02-06 05:00:00,293.6581799664372,290.38414958371953
2017-02-06 06:00:00,297.42807961391924,291.92513941689884
2017-02-06 08:00:00,301.9253676639316,293.94459700621155
2017-02-06 09:00:00,302.2585236206995,294.52475676220627
2017-02-06 17:00:00,284.5085742638916,285.9338979147983
2017-02-06 18:00:00,283.6955851597484,285.2570440354076
2017-02-06 20:00:00,282.71304201381787,284.6202668364868
2017-02-06 21:00:00,281.98664491532946,283.9184885127886
2017-02-07 05:00:00,294.52892429251887,290.85424809389747
2017-02-07 06:00:00,298.63706572875043,292.5735930220923
2017-02-07 08:00:00,303.7105154263771,294.61525487679364
2017-02-07 09:00:00,304.35644709935355,295.2938795515863
2017-02-07 17:00:00,283.6202409741324,285.8610493758427
2017-02-07 18:00:00,282.6174661551124,285.41246286636147
2017-02-07 20:00:00,281.3647769639966,286.3137772946586
2017-02-07 21:00:00,280.89473483375116,286.1577253062479
2017-02-08 05:00:00,296.32736003858105,292.80366762981214
2017-02-08 06:00:00,300.18973605915653,294.81528758561853
2017-02-08 08:00:00,304.4162780573629,297.0209952473457
2017-02-08 09:00:00,304.8462045960507,297.645398602831
2017-02-08 17:00:00,286.674150252379,288.08884781424547
2017-02-08 18:00:00,285.57880851851405,287.11879176535115
2017-02-08 20:00:00,284.23977212068297,286.128820528051
2017-02-08 21:00:00,283.7423756368722,285.61776366623235
2017-02-09 05:00:00,296.30667325858894,292.6127887132172
2017-02-09 06:00:00,299.1556570702598,293.84454305734033
2017-02-09 08:00:00,302.56967414656117,295.39680930021547
2017-02-09 09:00:00,302.74737870931995,295.7435942945201
2017-02-09 17:00:00,284.894886833861,286.40995981366314
2017-02-09 18:00:00,284.00066889452825,285.6628922049548
2017-02-09 20:00:00,282.59945495323336,284.6028015183742
2017-02-09 21:00:00,281.9313400809313,284.0226986125364
2017-02-10 05:00:00,295.5344187732103,291.7112607794293
2017-02-10 06:00:00,299.15692761719504,292.93105143354563
2017-02-10 08:00:00,303.585035468103,294.7841556590217
2017-02-10 09:00:00,303.9173107411719,295.3241975193582
2017-02-10 17:00:00,284.62584428831315,286.2302570548741
2017-02-10 18:00:00,283.53718635077104,285.31740594755155
2017-02-10 20:00:00,281.4857668178658,283.6222484335878
2017-02-10 21:00:00,280.54082701790315,282.89782888826863
2017-02-11 05:00:00,295.91284917940163,292.2321856106375
2017-02-11 06:00:00,299.4157551910918,293.5858632515318
2017-02-11 08:00:00,303.6277267385521,295.5619849864801
2017-02-11 09:00:00,304.3042797212057,296.15153409373045
2017-02-11 17:00:00,285.91673255297366,287.3859282083614
2017-02-11 18:00:00,284.9382198903887,286.6076293381043
2017-02-11 20:00:00,283.26015581739335,285.17892775807434
2017-02-11 21:00:00,282.5162241367052,284.4704173459845
2017-02-12 05:00:00,295.8641006164081,292.41435881204717
2017-02-12 06:00:00,299.28063214835475,293.9967877545232
2017-02-12 08:00:00,303.69201260465314,295.99068052412366
2017-02-12 09:00:00,304.60211675376485,296.5847968996398
2017-02-12 17:00:00,286.18496760528524,287.5259272453414
2017-02-12 18:00:00,285.0899099576271,286.51896686289456
2017-02-12 20:00:00,283.1242336749296,284.7498783058672
2017-02-12 21:00:00,282.32972910077257,284.0547512624591
2017-02-13 05:00:00,296.6630742524181,293.3158037982112
2017-02-13 06:00:00,300.47745566816286,295.0945578459048
2017-02-13 08:00:00,305.3693769598962,297.38362302618515
2017-02-13 09:00:00,305.93345040202325,298.03604408111335
2017-02-13 17:00:00,286.15325215344075,288.02706008699533
2017-02-13 18:00:00,285.1722686015219,287.15954658026317
2017-02-13 20:00:00,283.78864776188124,286.0331842925038
2017-02-13 21:00:00,283.14671464399856,285.39608089876106
2017-02-14 05:00:00,297.9690082003413,294.1382327792457
2017-02-14 06:00:00,302.0202412891828,296.00674986288254
2017-02-14 08:00:00,307.29630325387916,298.5619650959785
2017-02-14 09:00:00,308.0789425090208,299.20467403746903
2017-02-14 17:00:00,287.1168128485305,288.9628564396698
2017-02-14 18:00:00,285.45989839762495,288.8724142112791
2017-02-14 20:00:00,283.22115668016147,288.9667815926997
2017-02-14 21:00:00,282.5366544326759,289.048775859533
2017-02-15 05:00:00,299.625075753187,296.2386204465329
2017-02-15 06:00:00,303.5684385373155,297.9579849125608
2017-02-15 08:00:00,308.9455786236262,300.4573662850448
2017-02-15 09:00:00,309.435876126282,301.07215744982517
2017-02-15 17:00:00,288.91880577334274,290.76543547596515
2017-02-15 18:00:00,287.350830689417,289.84379504751905
2017-02-15 20:00:00,285.2653465094662,289.2996929151068
2017-02-15 21:00:00,284.5524493248327,290.06815621445105
2017-02-16 05:00:00,300.2028319089916,297.5474663074652
2017-02-16 06:00:00,304.7135146130766,299.6817852660945
2017-02-16 08:00:00,309.99529979923295,302.00239285555756
2017-02-16 09:00:00,311.14446626495686,302.5866469984246
2017-02-16 17:00:00,289.73980534205265,291.8433244937374
2017-02-16 18:00:00,288.8163210688093,290.85227566617664
2017-02-16 20:00:00,287.78873482397046,290.02002479776587
2017-02-16 21:00:00,287.69000041944037,289.91654533303944
2017-02-17 05:00:00,300.069653597745,297.9121198374979
2017-02-17 06:00:00,304.44026238157863,300.0255407207001
2017-02-17 08:00:00,310.7806564589678,302.7710758203351
2017-02-17 09:00:00,311.4224627572693,303.2605782907072
2017-02-17 17:00:00,291.76304417214885,293.3562272223192
2017-02-17 18:00:00,290.2122368952159,292.9134072184746
2017-02-17 20:00:00,287.8948488632226,292.5225310479915
2017-02-17 21:00:00,287.1241903672417,292.4419254955415
2017-02-18 05:00:00,303.01673078022685,299.41146975195466
2017-02-18 06:00:00,307.3401007512685,301.41802165027025
2017-02-18 08:00:00,312.63142900511,303.7440950367227
2017-02-18 09:00:00,313.2615041865039,304.3404978559638
2017-02-18 17:00:00,291.70254554219537,295.6245913042677
2017-02-18 18:00:00,290.309303601093,294.6403810709761
2017-02-18 20:00:00,288.48735307361386,290.793473912314
2017-02-18 21:00:00,288.0368892393421,290.4643746774259
2017-02-19 05:00:00,304.1900072847199,301.351467632182
2017-02-19 06:00:00,308.0196470193025,303.1240863300435
2017-02-19 08:00:00,311.36556999782573,304.8815406599471
2017-02-19 09:00:00,311.3047470539487,305.17381498222176
2017-02-19 17:00:00,293.9489651108376,295.6629321740478
2017-02-19 18:00:00,293.638012361453,295.40048008523485
2017-02-19 20:00:00,292.67090057702205,294.62910327411765
2017-02-19 21:00:00,292.0223723001583,293.9103865425098
2017-02-20 05:00:00,301.7864548928565,298.33230021848516
2017-02-20 06:00:00,305.66575540269287,300.1894416985416
2017-02-20 08:00:00,309.11360577552455,302.1960489422956
2017-02-20 09:00:00,308.7243736278845,302.35193157930775
2017-02-20 17:00:00,290.9837045302193,292.16390436345887
2017-02-20 18:00:00,289.46644371279586,290.7340624416922
2017-02-20 20:00:00,287.55409753267503,289.2848853065714
2017-02-20 21:00:00,286.47120024647296,288.27001280703786
2017-02-21 05:00:00,300.58489183799145,294.6314175786517
2017-02-21 06:00:00,304.0464112409641,296.3607665122198
2017-02-21 08:00:00,307.2077562188147,298.39718047202274
2017-02-21 09:00:00,307.2133663042301,298.99883863922264
2017-02-21 17:00:00,287.60087940468816,289.5572997153448
2017-02-21 18:00:00,286.535738082439,288.68864142325333
2017-02-21 20:00:00,284.884134677599,287.2790507829428
2017-02-21 21:00:00,284.130489143642,286.62562206015565
2017-02-22 05:00:00,301.0349564750683,296.8895970184373
2017-02-22 06:00:00,305.4245882431054,298.4166221912543
2017-02-22 08:00:00,310.05023567187953,299.79697442899686
2017-02-22 09:00:00,310.03715952445623,300.24825476130644
2017-02-22 17:00:00,288.09391685920804,289.79987221175605
2017-02-22 18:00:00,286.94579288147634,288.9166176535867
2017-02-22 20:00:00,285.0550179033323,287.3769986897661
2017-02-22 21:00:00,284.2595575741149,286.66024389987
2017-02-23 05:00:00,299.6675169816921,295.8860594480541
2017-02-23 06:00:00,304.09678910877017,297.74430064243967
2017-02-23 08:00:00,310.17087525542604,299.5257669222557
2017-02-23 09:00:00,310.1867971787651,300.05981487632715
2017-02-23 17:00:00,288.241258524232,289.85745417943167
2017-02-23 18:00:00,287.14411747584177,288.95772725297786
2017-02-23 20:00:00,285.30490559018085,287.29210972014494
2017-02-23 21:00:00,284.26056209146884,286.33803131620766
2017-02-24 05:00:00,300.7289364760389,295.93006346809847
2017-02-24 06:00:00,304.93337556577427,297.51188158878745
2017-02-24 08:00:00,308.9913927263398,299.29419768205594
2017-02-24 09:00:00,308.9353119978001,299.80916046471737
2017-02-24 17:00:00,288.19245344023864,290.10035101327765
2017-02-24 18:00:00,286.83371126853814,289.07259943746095
2017-02-24 20:00:00,284.6991459122057,287.37135883913203
2017-02-24 21:00:00,284.00483024138697,286.8050121195695
2017-02-25 05:00:00,302.73229550213216,297.86829593699593
2017-02-25 06:00:00,306.72272005948156,299.77032348444726
2017-02-25 08:00:00,309.8666900023474,301.88361355115893
2017-02-25 09:00:00,309.5822405234691,302.1763386542698
2017-02-25 17:00:00,290.5233039091842,292.25578613751475
2017-02-25 18:00:00,289.5964956886045,291.51905126821464
2017-02-25 20:00:00,288.5602473654255,290.84032274431365
2017-02-25 21:00:00,288.07875900386114,290.07638803725985
2017-02-26 05:00:00,301.9790746280335,296.6105508436958
2017-02-26 06:00:00,305.7836881381889,298.16247328183687
2017-02-26 08:00:00,310.3569793936284,300.4598975747319
2017-02-26 09:00:00,310.4760425491216,301.0518529389415
2017-02-26 17:00:00,289.6924957134323,291.60676614676123
2017-02-26 18:00:00,288.4920446927815,290.55276195367423
2017-02-26 20:00:00,286.01781572950273,288.5195170727275
2017-02-26 21:00:00,285.2227730537967,288.0360090023564
2017-02-27 05:00:00,301.7001519577896,298.5103039851725
2017-02-27 06:00:00,305.68669735007734,300.63003634083987
2017-02-27 08:00:00,311.0786127404917,303.401794457105
2017-02-27 09:00:00,311.9604580354617,303.9255825095625
2017-02-27 17:00:00,290.3922856452836,292.76804508156334
2017-02-27 18:00:00,289.9028048287555,291.99471192440745
2017-02-27 20:00:00,289.7352610442598,291.9693580004394
2017-02-27 21:00:00,289.49459260490903,291.6252306922008
2017-02-28 05:00:00,303.5355537778975,300.5041371538018
2017-02-28 06:00:00,308.06981667164473,302.8270149172179
2017-02-28 08:00:00,312.6857074096868,304.90193738187963
2017-02-28 09:00:00,312.5177290906157,305.29260467858455
2017-02-28 17:00:00,293.64688695781217,295.1969259112201
2017-02-28 18:00:00,292.24618142338124,294.1334350538915
2017-02-28 20:00:00,290.46792216954873,292.81414030806854
2017-02-28 21:00:00,290.3534580459947,292.52302024617956
2017-03-01 05:00:00,304.5675391151652,299.5294679427183
2017-03-01 06:00:00,308.45651033516106,301.15036692567895
2017-03-01 08:00:00,312.0093613023567,302.64086173458713
2017-03-01 09:00:00,311.7321925464507,303.2129007348294
2017-03-01 17:00:00,292.39933852091406,293.7520376948987
2017-03-01 18:00:00,291.40335748375657,292.8254827608129
2017-03-01 20:00:00,290.3244195359146,292.01893846132725
2017-03-01 21:00:00,289.90586596754923,291.4816014740978
2017-03-02 05:00:00,301.5718393193555,297.7242373332772
2017-03-02 06:00:00,304.5755815314953,299.14343445106357
2017-03-02 08:00:00,308.8019353693182,300.7599269825799
2017-03-02 09:00:00,309.99778632353565,301.02539408115103
2017-03-02 17:00:00,291.9091287856844,292.21378675557804
2017-03-02 18:00:00,290.7542436596793,291.24381840357614
2017-03-02 20:00:00,289.3515518023898,290.23697891588023
2017-03-02 21:00:00,288.64395593017207,289.58809827619416
2017-03-03 05:00:00,301.5797241163915,297.32117994687593
2017-03-03 06:00:00,305.3579726020801,299.1069748794721
2017-03-03 08:00:00,309.69127392879074,300.3083985597584
2017-03-03 09:00:00,310.09455906848876,300.5555334105881
2017-03-03 17:00:00,292.494633890631,293.2813820155633
2017-03-03 18:00:00,291.542727360189,292.45165437248716
2017-03-03 20:00:00,289.6012709607329,290.7702148155366
2017-03-03 21:00:00,288.96257287071006,290.1929669960621
2017-03-04 05:00:00,301.9777175597674,297.10267643862403
2017-03-04 06:00:00,305.8847427250608,298.50047951156074
2017-03-04 08:00:00,310.98065601695674,299.69926828816415
2017-03-04 09:00:00,311.62681219868006,300.17382875980326
2017-03-04 17:00:00,290.4327380822509,291.75033950217886
2017-03-04 18:00:00,289.340049661363,290.8348611793459
2017-03-04 20:00:00,287.4742301858629,289.21515104179207
2017-03-04 21:00:00,286.6320425777112,288.4485948794796
2017-03-05 05:00:00,302.95125841984213,297.5320596327583
2017-03-05 06:00:00,307.0459383360594,298.9490808566289
2017-03-05 08:00:00,311.30656865712126,300.71850371985295
2017-03-05 09:00:00,311.12523885059795,301.0648598457889
2017-03-05 17:00:00,290.02593265292455,291.5481093866616
2017-03-05 18:00:00,288.4455755201437,290.2473482387643
2017-03-05 20:00:00,285.8603233725338,288.19837504946764
2017-03-05 21:00:00,285.19451457583483,287.5920215013031
2017-03-06 05:00:00,302.36144255416235,298.1156829457805
2017-03-06 06:00:00,306.11448504854974,299.8313275353383
2017-03-06 08:00:00,311.4249337171369,301.49926428655266
2017-03-06 09:00:00,312.5675315210375,301.90133429528754
2017-03-06 17:00:00,291.0035576724859,292.34197998046875
2017-03-06 18:00:00,290.0929862846763,291.6530852707215
2017-03-06 20:00:00,288.97421024833886,290.91733883709315
2017-03-06 21:00:00,288.4859774784976,290.43098360364354
2017-03-07 05:00:00,301.93297150175454,298.5301327227811
2017-03-07 06:00:00,305.505969290006,300.55251788358294
2017-03-07 08:00:00,309.6323405355445,302.54207257239955
2017-03-07 09:00:00,310.19155658081246,302.8859378009438
2017-03-07 17:00:00,291.8737524470489,293.6466338358969
2017-03-07 18:00:00,290.90910137158875,293.0542215309084
2017-03-07 20:00:00,289.87155275976716,291.8054115988991
2017-03-07 21:00:00,289.60642869005954,291.34813940580165
2017-03-08 05:00:00,301.8983078120486,298.096370773433
2017-03-08 06:00:00,307.0173336552178,299.89603034961385
2017-03-08 08:00:00,310.89285160764155,301.54201675673664
2017-03-08 09:00:00,308.84067461340015,301.34641788994037
2017-03-08 17:00:00,292.02567149016824,293.08563519258894
2017-03-08 18:00:00,291.0690614438755,292.2511070968558
2017-03-08 20:00:00,290.09011956025347,291.4557724351692
2017-03-08 21:00:00,289.4537815511319,290.8439541480207
2017-03-09 05:00:00,304.1764847530606,297.80556968841785
2017-03-09 06:00:00,307.49629136189844,299.1029498272207
2017-03-09 08:00:00,309.2343059475139,300.04582139119526
2017-03-09 09:00:00,308.9651292233695,300.432887049412
2017-03-09 17:00:00,291.7411352078243,292.7989538630645
2017-03-09 18:00:00,291.0774223433437,292.28747396366253
2017-03-09 20:00:00,289.0784685931331,291.80143728388475
2017-03-09 21:00:00,288.3324056663572,290.2772701598463
2017-03-10 05:00:00,302.006700395252,297.23542738622064
2017-03-10 06:00:00,304.86687905615764,298.59299923936464
2017-03-10 08:00:00,305.8459893742401,298.96602196833015
2017-03-10 09:00:00,306.08036232876304,299.3734684313758
2017-03-10 17:00:00,289.15307377372943,290.7082842575567
2017-03-10 18:00:00,288.4628198326828,290.05255481972716
2017-03-10 20:00:00,287.31453943472985,288.4311346397929
2017-03-10 21:00:00,286.6579230592137,287.5535289605703
2017-03-11 05:00:00,300.22726489803273,294.21045300405825
2017-03-11 06:00:00,303.18109572870526,295.4766163407195
2017-03-11 08:00:00,306.78176560130066,296.9035231438918
2017-03-11 09:00:00,306.7407691614654,297.2988788387257
2017-03-11 17:00:00,286.6369897169398,288.2565807230851
2017-03-11 18:00:00,285.6913592510488,287.47374303315195
2017-03-11 20:00:00,285.06620266624884,287.25342248290644
2017-03-11 21:00:00,284.7708579652666,286.67330509415024
2017-03-12 05:00:00,300.6476321462858,294.4831526275776
2017-03-12 06:00:00,303.60267272384954,295.7236378203923
2017-03-12 08:00:00,307.3804625994619,297.1470134952586
2017-03-12 09:00:00,307.7666662418971,297.4739603239509
2017-03-12 17:00:00,286.62906335204707,288.26377005790164
2017-03-12 18:00:00,285.33025605799793,287.0503441527004
2017-03-12 20:00:00,283.2675998728889,285.3316673431632
2017-03-12 21:00:00,282.5550776218597,284.7172768097629
2017-03-13 05:00:00,299.69482078611026,294.6578772593353
2017-03-13 06:00:00,303.9647321656966,296.6148913461365
2017-03-13 08:00:00,309.1390154446218,298.74507420896936
2017-03-13 09:00:00,309.4861848945794,299.3882156865806
2017-03-13 17:00:00,287.3093813527347,290.0633556912603
2017-03-13 18:00:00,285.4304655101523,288.254496005724
2017-03-13 20:00:00,283.42647816991587,285.7790256729479
2017-03-13 21:00:00,282.893501810741,285.23968646926767
2017-03-14 05:00:00,298.792414378679,295.82133420406393
2017-03-14 06:00:00,303.99698640091583,298.42466082227617
2017-03-14 08:00:00,309.57915627313514,300.36385191460425
2017-03-14 09:00:00,309.59415382890745,300.54680267945275
2017-03-14 17:00:00,291.65848871592567,292.6709321761169
2017-03-14 18:00:00,291.1311914946522,292.2201908387829
2017-03-14 20:00:00,290.3894939687109,291.72623976132905
2017-03-14 21:00:00,289.95634944780585,291.27228932902335
2017-03-15 05:00:00,301.8713862532276,297.93880823543884
2017-03-15 06:00:00,305.8596915787284,300.1771170641131
2017-03-15 08:00:00,310.9871831109234,302.75147013377705
2017-03-15 09:00:00,311.91643473620775,303.21297216194984
2017-03-15 17:00:00,289.81488236954834,292.6342227976936
2017-03-15 18:00:00,288.48872920948844,291.42484773656435
2017-03-15 20:00:00,288.76043451952825,291.51265661301346
2017-03-15 21:00:00,288.3761681790345,290.7558797827487
2017-03-16 05:00:00,304.68612849583803,300.3596422991878
2017-03-16 06:00:00,309.11358825965726,302.1966666293622
2017-03-16 08:00:00,313.2565394373631,303.9661489289788
2017-03-16 09:00:00,311.65108117337223,303.8681543288503
2017-03-16 17:00:00,292.37049327315464,293.9025317458049
2017-03-16 18:00:00,291.4830918510449,293.17241204354355
2017-03-16 20:00:00,290.15317322623747,291.98147387864594
2017-03-16 21:00:00,289.4914544903442,291.2644636392226
2017-03-17 05:00:00,306.0316490796387,299.0387262188599
2017-03-17 06:00:00,309.7439467748986,300.6013628191132
2017-03-17 08:00:00,312.8834232512535,302.3570327171009
2017-03-17 09:00:00,313.02098986327377,302.8900941869327
2017-03-17 17:00:00,293.30929878129064,294.70440379937736
2017-03-17 18:00:00,291.78892952047624,293.4410661600404
2017-03-17 20:00:00,289.28809574168343,291.5689450162585
2017-03-17 21:00:00,288.80104412907633,290.8318292650126
2017-03-18 05:00:00,304.41155326384796,299.7405881955186
2017-03-18 06:00:00,308.007869843893,301.46669986766005
2017-03-18 08:00:00,313.3792339495408,304.0798751055184
2017-03-18 09:00:00,313.3047638174566,304.61434889500975
2017-03-18 17:00:00,293.08523580730423,293.05345873252276
2017-03-18 18:00:00,291.36773919104064,291.6209585839317
2017-03-18 20:00:00,289.6810939183404,290.339405900341
2017-03-18 21:00:00,289.2779447205812,290.00690513105354
2017-03-19 05:00:00,302.680253462358,296.82260077760105
2017-03-19 06:00:00,303.9163989521138,298.89756173014825
2017-03-19 08:00:00,309.5899509377032,301.3975565576774
2017-03-19 09:00:00,310.07302581363905,302.00572761806023
2017-03-19 17:00:00,290.89647057390727,293.08468529182517
2017-03-19 18:00:00,289.73385789398054,291.6877396734911
2017-03-19 20:00:00,288.25991927089603,290.79622456178834
2017-03-19 21:00:00,287.6047095958551,290.0566505937621
2017-03-20 05:00:00,306.56038119135366,300.9656501146972
2017-03-20 06:00:00,310.4602584251086,302.37885781686373
2017-03-20 08:00:00,314.99302149039397,303.6646762136686
2017-03-20 09:00:00,314.8483447293838,304.14692469333835
2017-03-20 17:00:00,293.2013433894317,294.9215769481218
2017-03-20 18:00:00,291.93172265568575,293.9895508329747
2017-03-20 20:00:00,289.46216184736585,292.6792804500539
2017-03-20 21:00:00,288.6848928160587,292.4699374582441
2017-03-21 05:00:00,308.5982843760533,302.09490562403704
2017-03-21 06:00:00,312.332978940708,303.59299183332683
2017-03-21 08:00:00,316.0682386683389,305.5708238692791
2017-03-21 09:00:00,316.19110862132396,305.9174583681927
2017-03-21 17:00:00,295.4637118958178,297.155660032675
2017-03-21 18:00:00,294.040195553255,296.1560377406046
2017-03-21 20:00:00,291.3959321432011,295.68076732382747
2017-03-21 21:00:00,290.62580547127044,294.1365596965208
2017-03-22 05:00:00,310.0771664941256,304.8366043960736
2017-03-22 06:00:00,313.23232980501854,305.96922053027043
2017-03-22 08:00:00,317.3873972135994,307.34388834008456
2017-03-22 09:00:00,317.6262304367747,307.7604134299538
2017-03-22 17:00:00,296.9455042340906,298.5526978385467
2017-03-22 18:00:00,295.9788144057264,297.857107670906
2017-03-22 20:00:00,294.42091783426577,296.5981222190916
2017-03-22 21:00:00,293.8883794423061,296.1534329077863
2017-03-23 05:00:00,308.88243660243523,304.09328965009274
2017-03-23 06:00:00,312.85342931527026,305.9080201841099
2017-03-23 08:00:00,316.78473996014,307.32688036244167
2017-03-23 09:00:00,316.6823978982464,307.6474582572197
2017-03-23 17:00:00,296.30408939778897,297.94837930500046
2017-03-23 18:00:00,295.31870762335683,297.20222019377775
2017-03-23 20:00:00,294.2457205327156,296.47316858323956
2017-03-23 21:00:00,293.78639030750435,295.6980265895097
2017-03-24 05:00:00,309.16770784586714,304.05371676828537
2017-03-24 06:00:00,312.90222955594993,305.68421075524094
2017-03-24 08:00:00,317.3045706726921,307.1771694941587
2017-03-24 09:00:00,317.77138536920535,307.4741321910512
2017-03-24 17:00:00,297.086313421076,298.60454522883765
2017-03-24 18:00:00,296.13924101137417,297.9218350544182
2017-03-24 20:00:00,294.4853983968726,296.4145367685562
2017-03-24 21:00:00,293.9851891469147,295.90907553274576
2017-03-25 05:00:00,308.69554093512255,304.0035264965934
2017-03-25 06:00:00,312.3577516200179,305.62099375673364
2017-03-25 08:00:00,317.83321788535096,307.66908964794845
2017-03-25 09:00:00,318.3627618163686,308.12836255277807
2017-03-25 17:00:00,297.09402571620853,299.07744832325426
2017-03-25 18:00:00,295.3195732128455,299.0962025505736
2017-03-25 20:00:00,293.10688534870354,295.53186321993275
2017-03-25 21:00:00,292.4638911454446,294.5508842291928
2017-03-26 05:00:00,310.91139618531207,305.47484752026105
2017-03-26 06:00:00,315.3769648571044,307.10329633574645
2017-03-26 08:00:00,320.97604090333533,308.94606770425804
2017-03-26 09:00:00,320.654759529008,309.59898258908686
2017-03-26 17:00:00,298.3381052590298,300.14447637478634
2017-03-26 18:00:00,297.25443130281565,299.3433412102228
2017-03-26 20:00:00,295.2227351066696,297.4261602980698
2017-03-26 21:00:00,294.3760908976174,296.58510891718936
2017-03-27 05:00:00,313.61985618932226,306.5132675053343
2017-03-27 06:00:00,317.8764005405326,308.3869546616941
2017-03-27 08:00:00,320.6057088937157,310.96608921045146
2017-03-27 09:00:00,320.320982993292,311.31386367492206
2017-03-27 17:00:00,298.5225206560273,301.20153984927987
2017-03-27 18:00:00,296.8488407223177,299.9083775313132
2017-03-27 20:00:00,295.2033095161426,298.02830782803625
2017-03-27 21:00:00,294.5446647561754,297.3454910536944
2017-03-28 05:00:00,312.6843774733816,307.6436328858551
2017-03-28 06:00:00,316.7779856536348,310.1789359399828
2017-03-28 08:00:00,319.98629810115773,312.03304442418926
2017-03-28 09:00:00,319.79993263562034,312.21835877311247
2017-03-28 17:00:00,300.11677508949316,301.998693480881
2017-03-28 18:00:00,299.1653097002826,301.19976150677275
2017-03-28 20:00:00,297.92639667998844,300.265959941
2017-03-28 21:00:00,297.3744577369631,299.680359521522
2017-03-29 05:00:00,311.47301134012514,307.02200829927654
2017-03-29 06:00:00,315.5109259983057,308.9817931141435
2017-03-29 08:00:00,319.314398108719,310.80674962306796
2017-03-29 09:00:00,319.46951524355376,311.17387455968174
2017-03-29 17:00:00,298.3318579252034,300.35778472383146
2017-03-29 18:00:00,297.411402368766,299.6207639109372
2017-03-29 20:00:00,296.63171513679396,299.1790778302632
2017-03-29 21:00:00,296.26545212191684,298.7700354248423
2017-03-30 05:00:00,311.2020468219587,306.9478405921595
2017-03-30 06:00:00,315.3118839822308,309.1311607889843
2017-03-30 08:00:00,319.9334137009913,311.2755214179793
2017-03-30 09:00:00,320.23435621452626,311.6754147099053
2017-03-30 17:00:00,298.3532815706932,300.3109789408962
2017-03-30 18:00:00,297.33094467844916,299.50206499143815
2017-03-30 20:00:00,295.97322806665454,298.3820946080659
2017-03-30 21:00:00,295.3388761452791,297.73814053528116
2017-03-31 05:00:00,311.07846767619503,306.4784391664761
2017-03-31 06:00:00,315.23154565843487,308.3321169954603
2017-03-31 08:00:00,319.6553723022273,310.461139955212
2017-03-31 09:00:00,319.69982945423095,310.8789925127073
2017-03-31 17:00:00,298.16852850539294,300.1059298757779
2017-03-31 18:00:00,297.0792218224477,299.23803005600564
2017-03-31 20:00:00,295.7188017011975,298.19721314793196
2017-03-31 21:00:00,295.17350131888605,297.56115816701174
2017-04-01 05:00:00,310.34375338561733,306.2533878273516
2017-04-01 06:00:00,314.24848768707415,308.356502962039
2017-04-01 08:00:00,318.97852032724626,310.5673344263862
2017-04-01 09:00:00,319.47661887993246,310.9467981276784
2017-04-01 17:00:00,299.9499669008887,301.37515037783487
2017-04-01 18:00:00,298.6248412051443,300.13592771462555
2017-04-01 20:00:00,297.24628487279864,299.33132189264285
2017-04-01 21:00:00,296.61600714214774,298.52047499082124
2017-04-02 05:00:00,312.3171272689279,307.09757892156057
2017-04-02 06:00:00,316.72791848674945,309.02836103395254
2017-04-02 08:00:00,320.32654671455936,311.1076273631608
2017-04-02 09:00:00,320.1029242940236,311.33232561061493
2017-04-02 17:00:00,299.59046957195267,301.46487017662395
2017-04-02 18:00:00,298.57160945004784,300.6202434193004
2017-04-02 20:00:00,297.9956569113239,300.33540649884293
2017-04-02 21:00:00,297.82564860903796,299.88595028540755
2017-04-03 05:00:00,311.40942119486715,307.66710156174764
2017-04-03 06:00:00,314.9790796829482,309.52666382870433
2017-04-03 08:00:00,318.7459695871879,311.26420379309513
2017-04-03 09:00:00,319.2540686185628,311.56967734408863
2017-04-03 17:00:00,300.9908819213303,302.6960933315001
2017-04-03 18:00:00,300.0820391497737,301.95879767231287
2017-04-03 20:00:00,298.71036547174435,300.5691213504927
2017-04-03 21:00:00,298.1947409184578,299.90237581931933
2017-04-04 05:00:00,312.66408083876036,306.6232327077716
2017-04-04 06:00:00,316.50448507300143,308.3380237455912
2017-04-04 08:00:00,321.15515637507974,310.3121297216195
2017-04-04 09:00:00,321.41146634282615,310.97626769267174
2017-04-04 17:00:00,301.3345953378545,302.5874656359845
2017-04-04 18:00:00,300.5077288470393,301.82902350521243
2017-04-04 20:00:00,299.2676516916425,300.6885836091358
2017-04-04 21:00:00,298.6415043670701,299.9798504046189
2017-04-05 05:00:00,311.43496680590334,306.60324921923905
2017-04-05 06:00:00,315.36178661752,308.8574947127943
2017-04-05 08:00:00,319.2738280920843,311.5535192269206
2017-04-05 09:00:00,318.24231735253005,311.64290152198544
2017-04-05 17:00:00,302.02133703011395,303.5922282590705
2017-04-05 18:00:00,301.5742257093245,303.25720877860476
2017-04-05 20:00:00,300.84027419362127,302.4684774342965
2017-04-05 21:00:00,300.23740493938993,301.74776539853985
2017-04-06 05:00:00,306.4390614043766,302.13629401960804
2017-04-06 06:00:00,310.05459707580474,304.0717248196595
2017-04-06 08:00:00,314.1604428283974,306.6313458458852
2017-04-06 09:00:00,314.18684763386733,307.00771821996284
2017-04-06 17:00:00,297.16597756031666,298.73191986319097
2017-04-06 18:00:00,296.2698336984784,298.02098894633576
2017-04-06 20:00:00,294.55521553874195,296.3320776376592
2017-04-06 21:00:00,293.39245591362015,295.06483969666374
2017-04-07 05:00:00,309.30467579140685,302.1250289658369
2017-04-07 06:00:00,313.3103486047871,303.53483609756444
2017-04-07 08:00:00,315.94168060255714,305.3856984801212
2017-04-07 09:00:00,315.45098752343597,305.6665955530293
2017-04-07 17:00:00,293.4578564942159,295.3295518025779
2017-04-07 18:00:00,291.9691561094969,294.1182756232921
2017-04-07 20:00:00,289.8757529942023,292.449627516266
2017-04-07 21:00:00,289.0430211800456,291.738918804057
2017-04-08 05:00:00,309.3631766015098,302.75309878027497
2017-04-08 06:00:00,313.72472766000425,304.06043150538846
2017-04-08 08:00:00,317.8761266111777,305.66770591794625
2017-04-08 09:00:00,317.7151792317584,306.1932444050793
2017-04-08 17:00:00,294.74948021370017,296.5476799540233
2017-04-08 18:00:00,293.6347547628112,295.72272527897485
2017-04-08 20:00:00,292.1773903351536,294.9873677211109
2017-04-08 21:00:00,291.9001798938346,294.59483085832164
2017-04-09 05:00:00,308.4883046906976,302.61065210656875
2017-04-09 06:00:00,312.4412824398564,304.09999079770415
2017-04-09 08:00:00,316.67440041187916,305.7285566520985
2017-04-09 09:00:00,316.5689810824872,306.19149389987
2017-04-09 17:00:00,294.73035157002363,296.5179432309097
2017-04-09 18:00:00,293.65199392639073,295.65532361046746
2017-04-09 20:00:00,291.7902268467038,294.1559057720637
2017-04-09 21:00:00,290.8695742191262,293.2997788251456
2017-04-10 05:00:00,310.99838038181485,303.7289625970168
2017-04-10 06:00:00,314.55737262367285,305.2926031503545
2017-04-10 08:00:00,318.0593410074619,307.5543691814405
2017-04-10 09:00:00,317.75601577171005,307.98538878077903
2017-04-10 17:00:00,294.6538143540016,297.2047211774876
2017-04-10 18:00:00,292.86513038482434,296.07477768249987
2017-04-10 20:00:00,290.64808184560536,294.0543874966896
2017-04-10 21:00:00,289.811212901158,292.79433550489335
2017-04-11 05:00:00,312.8425298376333,306.5849292208491
2017-04-11 06:00:00,316.59792333758674,308.3243458282048
2017-04-11 08:00:00,319.5500943693799,310.31043303361844
2017-04-11 09:00:00,319.4341196021975,310.7276425119174
2017-04-11 17:00:00,297.2948936380113,299.5785264307618
2017-04-11 18:00:00,295.9978561518924,298.451393538888
2017-04-11 20:00:00,294.57599239026086,297.1596303742913
2017-04-11 21:00:00,294.0251063271921,296.4504202914716
2017-04-12 05:00:00,314.79164558492937,307.9833514855713
2017-04-12 06:00:00,318.8957725724748,310.0091293405495
2017-04-12 08:00:00,321.48594620856,312.35762517661635
2017-04-12 09:00:00,320.9845830038626,312.6269826551065
2017-04-12 17:00:00,298.974755591347,301.06000179061533
2017-04-12 18:00:00,297.9687962936143,300.2762070760154
2017-04-12 20:00:00,296.83840601469956,299.28447188508164
2017-04-12 21:00:00,296.2941293819292,298.63710764927566
2017-04-13 05:00:00,315.83413940805866,309.28361948539373
2017-04-13 06:00:00,320.6240718706363,311.0472616657087
2017-04-13 08:00:00,324.20621291808607,313.43229016978495
2017-04-13 09:00:00,323.49705242045303,313.7286729386481
2017-04-13 17:00:00,299.1902979305603,301.76729631938264
2017-04-13 18:00:00,297.9668709588896,300.7717144088863
2017-04-13 20:00:00,296.47025436612967,299.36905788897735
2017-04-13 21:00:00,295.7708529808856,298.71705234803846
2017-04-14 05:00:00,314.40012842774945,309.77242110947435
2017-04-14 06:00:00,318.7294668188815,312.14868707171945
2017-04-14 08:00:00,322.8719643003584,314.4072481693215
2017-04-14 09:00:00,322.5805624093407,314.47900221344133
2017-04-14 17:00:00,302.2334731326816,304.31615270488254
2017-04-14 18:00:00,301.359514609691,303.527969807065
2017-04-14 20:00:00,300.5797128074893,303.0328518201831
2017-04-14 21:00:00,300.2449032823184,302.6803166840587
2017-04-15 05:00:00,313.4327391402564,309.1750007006347
2017-04-15 06:00:00,317.46976032462806,311.54357811409085
2017-04-15 08:00:00,321.89266363534796,314.29028421410794
2017-04-15 09:00:00,322.18551149059704,314.61783309489806
2017-04-15 17:00:00,301.3427799736223,303.4899808063713
2017-04-15 18:00:00,300.2574656388058,302.44561210361945
2017-04-15 20:00:00,299.3830882867423,301.85934354197263
2017-04-15 21:00:00,298.9335027850464,301.26787958600676
2017-04-16 05:00:00,314.79278223540274,309.76459527860624
2017-04-16 06:00:00,319.56822778263887,312.1963866105984
2017-04-16 08:00:00,324.30506654806976,314.5632528061125
2017-04-16 09:00:00,324.1764795570785,314.81604170836
2017-04-16 17:00:00,302.47551714363743,304.54983386493797
2017-04-16 18:00:00,301.7440542447365,304.0175770905058
2017-04-16 20:00:00,301.0084972410981,303.13656228275624
2017-04-16 21:00:00,300.56491789501877,302.57115159233103
2017-04-17 05:00:00,314.284425144754,309.9556937665895
2017-04-17 06:00:00,318.12050709775855,312.1871718067234
2017-04-17 08:00:00,321.68221643856384,314.1614640622367
2017-04-17 09:00:00,321.96222894841975,314.5058113885771
2017-04-17 17:00:00,302.63985484259894,304.5542242817225
2017-04-17 18:00:00,301.7520170520377,303.84334878083916
2017-04-17 20:00:00,300.863615579708,302.80561621714446
2017-04-17 21:00:00,300.32167631598946,302.0963195894827
2017-04-18 05:00:00,314.2870841474489,309.4934688621015
2017-04-18 06:00:00,318.45969695339585,311.6935075662904
2017-04-18 08:00:00,323.0371879025123,313.5637571690446
2017-04-18 09:00:00,323.5009557785716,313.996807668536
2017-04-18 17:00:00,303.3189641544007,304.6997486931517
2017-04-18 18:00:00,302.1052345311146,303.64903294544195
2017-04-18 20:00:00,300.52034226992095,302.20869283573285
2017-04-18 21:00:00,299.77800086540145,301.44216810793654
2017-04-19 05:00:00,313.77060091697564,307.8968848418014
2017-04-19 06:00:00,318.15362600552834,310.02766975673217
2017-04-19 08:00:00,322.6956602781322,312.7863378539475
2017-04-19 09:00:00,322.78322861117465,313.275155536199
2017-04-19 17:00:00,302.2460524172555,303.73984568732544
2017-04-19 18:00:00,301.34019228049164,302.92035304746935
2017-04-19 20:00:00,300.24139521853033,301.92288219763424
2017-04-19 21:00:00,299.6885425350148,301.3066919970403
2017-04-20 05:00:00,312.585318049591,307.4172790245209
2017-04-20 06:00:00,316.6070768711931,309.8002261968534
2017-04-20 08:00:00,322.42517955057065,313.19547489207406
2017-04-20 09:00:00,323.42691634873216,313.9662273859574
2017-04-20 17:00:00,304.5968702695403,305.82741359716573
2017-04-20 18:00:00,303.51484532055025,304.9673155327607
2017-04-20 20:00:00,302.76586935222605,304.52122572794536
2017-04-20 21:00:00,302.19725497441226,303.53465320369685
2017-04-21 05:00:00,311.30770406149935,307.38892934649306
2017-04-21 06:00:00,314.8419870103269,309.6374898948729
2017-04-21 08:00:00,319.53143505690093,312.83791173808567
2017-04-21 09:00:00,320.0095913127317,313.36903835114424
2017-04-21 17:00:00,303.4312939048732,304.812656279154
2017-04-21 18:00:00,302.4878677344653,303.9770831797266
2017-04-21 20:00:00,301.2271160014054,302.9610983403328
2017-04-21 21:00:00,300.83486409473863,302.56354479209296
2017-04-22 05:00:00,311.3549703118981,306.89325767011604
2017-04-22 06:00:00,314.7891764589378,308.88321903269906
2017-04-22 08:00:00,318.99613992605816,311.26596758215015
2017-04-22 09:00:00,319.4804799648573,311.6100919749961
2017-04-22 17:00:00,302.20998045182193,303.5415342592495
2017-04-22 18:00:00,301.51328563249353,302.85646724847874
2017-04-22 20:00:00,300.53105076582665,301.90809901726817
2017-04-22 21:00:00,300.0118977410033,301.40244964458543
2017-04-23 05:00:00,311.0140908921628,305.4843089569515
2017-04-23 06:00:00,314.59413179888384,307.3481788341364
2017-04-23 08:00:00,318.995515679358,309.4830284647655
2017-04-23 09:00:00,320.1351919071333,310.32470783063184
2017-04-23 17:00:00,301.38221437427774,302.68698117766064
2017-04-23 18:00:00,300.7575060781235,302.1283497156458
2017-04-23 20:00:00,299.78582747214017,301.00850554056274
2017-04-23 21:00:00,299.3018441927635,300.55124677237825
2017-04-24 05:00:00,311.2647823104506,305.5295383588559
2017-04-24 06:00:00,314.4501490894194,307.01776273518755
2017-04-24 08:00:00,317.74284863582193,309.079725385998
2017-04-24 09:00:00,317.61481613370785,309.35530499427455
2017-04-24 17:00:00,300.743192228955,301.99726124720877
2017-04-24 18:00:00,299.96500186303,301.1578724395329
2017-04-24 20:00:00,298.8568847374115,300.21075484124464
2017-04-24 21:00:00,298.1694793230948,299.4437949440696
2017-04-25 05:00:00,311.16385814037824,305.66416152930594
2017-04-25 06:00:00,313.8799078049388,307.14645766624136
2017-04-25 08:00:00,317.0982300886204,308.71880809625236
2017-04-25 09:00:00,316.82361813208723,309.00566402017984
2017-04-25 17:00:00,299.70615613846275,301.16042543008626
2017-04-25 18:00:00,298.84692387514747,300.5323807961769
2017-04-25 20:00:00,297.67802184682415,299.36747925086826
2017-04-25 21:00:00,297.04901014895216,298.66496142841453
2017-04-26 05:00:00,311.03268764125545,305.9538147960128
2017-04-26 06:00:00,314.4661388191494,307.76911731126313
2017-04-26 08:00:00,318.4051718924923,309.51394380590034
2017-04-26 09:00:00,318.5032444793748,309.86690040435553
2017-04-26 17:00:00,299.71365633877843,301.4033604461717
2017-04-26 18:00:00,298.8137119334358,300.5898914307769
2017-04-26 20:00:00,297.7157023096305,299.9075074982019
2017-04-26 21:00:00,297.21748406126613,299.4121162637908
2017-04-27 05:00:00,311.8365672718395,306.5383750315991
2017-04-27 06:00:00,315.9556165557062,308.7690593090557
2017-04-27 08:00:00,320.7022015023489,310.96055236252136
2017-04-27 09:00:00,321.0640670235609,311.3903063522833
2017-04-27 17:00:00,300.99059353256814,302.7204384120477
2017-04-27 18:00:00,300.3006944935568,302.0877487347196
2017-04-27 20:00:00,299.41638331714506,301.29855915651484
2017-04-27 21:00:00,298.92663731744,300.7747025453071
2017-04-28 05:00:00,314.1472059111749,307.8575794237604
2017-04-28 06:00:00,317.93372289719315,309.5661176261256
2017-04-28 08:00:00,321.7293024048416,311.18711267597683
2017-04-28 09:00:00,321.2829352380315,311.51031409500195
2017-04-28 17:00:00,301.2000633439592,302.7759478646912
2017-04-28 18:00:00,300.3158131556812,302.0038460612481
2017-04-28 20:00:00,299.0101196336085,300.6014892390035
2017-04-28 21:00:00,298.69083803056384,300.2249199583644
2017-04-29 05:00:00,313.4860305903689,307.566371476889
2017-04-29 06:00:00,316.9982689856013,308.94643339794845
2017-04-29 08:00:00,318.95106280639834,309.7555639563797
2017-04-29 09:00:00,319.54385620493366,310.4740865087289
2017-04-29 17:00:00,301.60160829987836,302.6443839521364
2017-04-29 18:00:00,300.54448059270123,301.89411811064497
2017-04-29 20:00:00,298.953322870522,300.81768768263527
2017-04-29 21:00:00,298.5102792513573,300.47508954487523
2017-04-30 05:00:00,313.07549334086696,308.0112508529875
2017-04-30 06:00:00,316.648965233096,309.85171273676747
2017-04-30 08:00:00,320.16603097783405,311.17615474941914
2017-04-30 09:00:00,319.9325826024789,311.3472386905336
2017-04-30 17:00:00,300.0004233432294,301.84428259992086
2017-04-30 18:00:00,298.816080055178,300.9918180915351
2017-04-30 20:00:00,297.1828304343672,299.5738519512817
2017-04-30 21:00:00,296.2790821704365,298.51524536414945
2017-05-01 05:00:00,316.49815046548474,308.4553481279794
2017-05-01 06:00:00,320.561239845029,309.79060161572943
2017-05-01 08:00:00,323.6048170186706,311.51095757388924
2017-05-01 09:00:00,323.3313606391519,311.74781575959713
2017-05-01 17:00:00,300.14251859456255,301.8277220410081
2017-05-01 18:00:00,298.98132406508057,300.8886777998303
2017-05-01 20:00:00,297.45255863795114,299.6193290204958
2017-05-01 21:00:00,296.89469785058446,299.04879184717026
2017-05-02 05:00:00,314.256569625784,309.2245630108521
2017-05-02 06:00:00,317.5288696759287,310.75865968019457
2017-05-02 08:00:00,321.8464291988426,312.29554922518264
2017-05-02 09:00:00,322.4313942037856,312.66982686611465
2017-05-02 17:00:00,303.2775542930756,304.57859484844477
2017-05-02 18:00:00,302.4011244340377,303.7825884473709
2017-05-02 20:00:00,300.85509224114327,302.5962797144345
2017-05-02 21:00:00,300.6874960736244,302.49240975166873
2017-05-03 05:00:00,316.6603668165868,310.10651502330063
2017-05-03 06:00:00,320.6189914697491,311.3447232474164
2017-05-03 08:00:00,324.8137598728362,312.88907483399197
2017-05-03 09:00:00,323.4094129424249,313.1138499396608
2017-05-03 17:00:00,300.358897392849,302.52068148996506
2017-05-03 18:00:00,299.77088836528856,302.3041611775779
2017-05-03 20:00:00,299.01699107306763,301.30229781845867
2017-05-03 21:00:00,298.4694465437362,300.5244177302521
2017-05-04 05:00:00,317.5669747985934,309.6006572705756
2017-05-04 06:00:00,321.1489183281898,310.8418248298539
2017-05-04 08:00:00,323.2126536082781,312.0574883694641
2017-05-04 09:00:00,322.6573482566328,312.4561220471775
2017-05-04 17:00:00,302.10227425550283,303.76004924098226
2017-05-04 18:00:00,300.919054522169,302.72464706350365
2017-05-04 20:00:00,298.14540140066754,301.52013139768815
2017-05-04 21:00:00,297.1163049354024,301.5904505748778
2017-05-05 05:00:00,316.5104953665947,310.47403306770036
2017-05-05 06:00:00,320.17351403846214,311.8955456890935
2017-05-05 08:00:00,322.9910948390402,313.36854092402524
2017-05-05 09:00:00,322.32913903940255,313.5168007026285
2017-05-05 17:00:00,302.76105413451586,304.41326551628407
2017-05-05 18:00:00,301.78989780702284,303.5892654207345
2017-05-05 20:00:00,300.49155485979037,302.48826679059283
2017-05-05 21:00:00,299.88649219577593,301.8585723970998
2017-05-06 05:00:00,316.91347340259057,311.8806651487189
2017-05-06 06:00:00,320.1400769296891,313.1896402744005
2017-05-06 08:00:00,323.0698763901721,314.2688113361001
2017-05-06 09:00:00,323.21453182649543,314.50311293403615
2017-05-06 17:00:00,304.0565135938177,305.9000799005682
2017-05-06 18:00:00,302.9326888967552,304.93182417718214
2017-05-06 20:00:00,301.5335290376872,303.5936091912363
2017-05-06 21:00:00,300.9818512809295,302.91850849733515
2017-05-07 05:00:00,316.87681029427034,311.7707545628717
2017-05-07 06:00:00,320.24734957890445,313.5112485959093
2017-05-07 08:00:00,324.5052327536655,315.4692320037513
2017-05-07 09:00:00,324.3603935065365,315.51747053760596
2017-05-07 17:00:00,304.4790370335748,305.8997952500918
2017-05-07 18:00:00,303.42692072182115,304.97034620099885
2017-05-07 20:00:00,301.64492882492,303.53580711141393
2017-05-07 21:00:00,301.0660367474901,303.0237256066274
2017-05-08 05:00:00,315.86746403910166,311.0548646101048
2017-05-08 06:00:00,319.4157132000329,312.8025657289384
2017-05-08 08:00:00,322.19891921691425,314.06773997161343
2017-05-08 09:00:00,320.60240147477487,313.7328607591532
2017-05-08 17:00:00,301.5639115202776,303.5297042305922
2017-05-08 18:00:00,300.951575962531,303.09330714244874
2017-05-08 20:00:00,300.92880876773313,303.12856928703417
2017-05-08 21:00:00,300.7999529258129,302.9563292751694
2017-05-09 05:00:00,315.2021849269309,310.79047728833876
2017-05-09 06:00:00,318.293794511463,312.55736902645447
2017-05-09 08:00:00,322.0017182713114,314.44056377205163
2017-05-09 09:00:00,322.19109757104525,314.64838897281874
2017-05-09 17:00:00,303.518202653835,305.56113331564035
2017-05-09 18:00:00,303.01464425250083,305.0964760567264
2017-05-09 20:00:00,302.15575135029707,304.368122471132
2017-05-09 21:00:00,301.6673756086588,303.81983684428116
2017-05-10 05:00:00,315.7595704347584,310.5411756189285
2017-05-10 06:00:00,319.2063597222139,312.3392776230635
2017-05-10 08:00:00,322.3355125815181,314.2886676288716
2017-05-10 09:00:00,322.44303771784564,314.5625123433964
2017-05-10 17:00:00,304.19278400814954,305.9597068751354
2017-05-10 18:00:00,303.57875886279373,305.4182609240704
2017-05-10 20:00:00,302.3625427387161,304.13329504450957
2017-05-10 21:00:00,301.64391353942216,303.3696504895603
2017-05-11 05:00:00,316.1008252348114,310.2357730718534
2017-05-11 06:00:00,319.32696744804207,311.721330710295
2017-05-11 08:00:00,324.3913699063388,314.0473237118479
2017-05-11 09:00:00,323.9618664287455,314.38271340016047
2017-05-11 17:00:00,303.7830555450016,305.2759876221832
2017-05-11 18:00:00,303.106677862088,304.7532858121193
2017-05-11 20:00:00,300.99925060301604,302.49121681530784
2017-05-11 21:00:00,300.19186669395225,301.78584026224996
2017-05-12 05:00:00,320.486867449133,311.02025271564133
2017-05-12 06:00:00,323.58683577010004,312.34631185428753
2017-05-12 08:00:00,325.031046533805,313.80239200445095
2017-05-12 09:00:00,323.82780113278994,313.8581601041491
2017-05-12 17:00:00,304.06682865278015,305.5879626399012
2017-05-12 18:00:00,303.0662195708241,304.8429791842845
2017-05-12 20:00:00,301.3955411044034,303.6658108186648
2017-05-12 21:00:00,300.79476688896375,302.9745731677039
2017-05-13 05:00:00,319.98177938358435,311.21188093517526
2017-05-13 06:00:00,323.33029633273696,312.5736897002751
2017-05-13 08:00:00,326.78380054538536,314.4709281980165
2017-05-13 09:00:00,326.2126570644291,315.0720656854897
2017-05-13 17:00:00,304.6908546765156,306.36222157529767
2017-05-13 18:00:00,303.85458190635836,305.52329307050667
2017-05-13 20:00:00,303.0719706766044,304.7228452097653
2017-05-13 21:00:00,302.67332418527,304.16365730744116
2017-05-14 05:00:00,316.1794084687079,311.2472927992811
2017-05-14 06:00:00,319.73986129878296,312.64346379308006
2017-05-14 08:00:00,322.3579741538214,314.0494424029381
2017-05-14 09:00:00,322.065050098672,314.15535932402764
2017-05-14 17:00:00,301.734050121807,303.8949089814408
2017-05-14 18:00:00,301.28590851535415,303.7068815539908
2017-05-14 20:00:00,301.23140416784537,303.64834300836173
2017-05-14 21:00:00,300.8607146699549,303.17759351921376
2017-05-15 05:00:00,313.4512660139698,308.8479167309307
2017-05-15 06:00:00,316.52748639263984,310.4723632765478
2017-05-15 08:00:00,320.13904995910923,312.71156351004254
2017-05-15 09:00:00,320.28346569843023,313.13984322805067
2017-05-15 17:00:00,303.63432436621247,305.29271057317
2017-05-15 18:00:00,302.7806564354566,304.51872180533155
2017-05-15 20:00:00,302.250116521662,304.2232030271933
2017-05-15 21:00:00,302.06625392073295,303.80946937878434
2017-05-16 05:00:00,313.34826789468025,308.4171062404826
2017-05-16 06:00:00,316.6601957488685,309.9880455263958
2017-05-16 08:00:00,320.7746657737415,311.7925990594003
2017-05-16 09:00:00,320.65991307333553,312.17270595744503
2017-05-16 17:00:00,303.48299126999774,304.61446870824403
2017-05-16 18:00:00,302.3821494362571,303.5510769037326
2017-05-16 20:00:00,301.1251819769297,302.11393820082276
2017-05-16 21:00:00,300.0897369619878,301.2915390790519
2017-05-17 05:00:00,315.38001160702464,308.8760486949574
2017-05-17 06:00:00,318.0856437036546,310.3058902640556
2017-05-17 08:00:00,320.24180085780256,311.0370437081312
2017-05-17 09:00:00,319.3958393443715,310.81850876536316
2017-05-17 17:00:00,300.34938409038244,302.4945354020835
2017-05-17 18:00:00,300.5346728355749,301.90313887632874
2017-05-17 20:00:00,300.206613337865,301.91290828663693
2017-05-17 21:00:00,299.7389750899446,301.17988602883645
2017-05-18 05:00:00,314.92102509250265,308.5689184485672
2017-05-18 06:00:00,317.9279975362111,309.9714605863362
2017-05-18 08:00:00,320.7342452415149,311.4338136740568
2017-05-18 09:00:00,320.6125098229924,311.74521917922107
2017-05-18 17:00:00,303.105286326357,304.64972619760573
2017-05-18 18:00:00,302.4813659150722,304.20784617278537
2017-05-18 20:00:00,301.8614555558732,303.6230724787308
2017-05-18 21:00:00,301.48600552739646,303.11106827887255
2017-05-19 05:00:00,313.78591794335796,308.53694148129784
2017-05-19 06:00:00,317.3562197692589,310.67049733589533
2017-05-19 08:00:00,321.67110528931227,313.30783802849487
2017-05-19 09:00:00,322.0422471668026,313.98170659281254
2017-05-19 17:00:00,303.65373380452354,304.69091589976165
2017-05-19 18:00:00,302.30025142440445,303.7381408174159
2017-05-19 20:00:00,301.5512628775716,303.97686160988366
2017-05-19 21:00:00,301.931140141421,303.7197116798906
2017-05-20 05:00:00,312.132435661986,306.71503755307896
2017-05-20 06:00:00,315.44494238619814,308.4520668300164
2017-05-20 08:00:00,320.1573620812368,310.827989152106
2017-05-20 09:00:00,320.0223775666741,311.1332766587267
2017-05-20 17:00:00,300.7585970697859,302.3131045677996
2017-05-20 18:00:00,300.1795380391032,301.59599240718893
2017-05-20 20:00:00,299.59860610374136,302.3608931437112
2017-05-20 21:00:00,299.61168690638846,301.9427145324613
2017-05-21 05:00:00,312.02493909180447,306.6421976662564
2017-05-21 06:00:00,315.29287498720987,308.22472639039785
2017-05-21 08:00:00,319.15763412969324,311.3206047210929
2017-05-21 09:00:00,319.2036485716081,311.6587362656792
2017-05-21 17:00:00,298.6375058825101,298.9222022058049
2017-05-21 18:00:00,298.502119984208,298.97124294286886
2017-05-21 20:00:00,297.3755349980664,297.8522844358659
2017-05-21 21:00:00,297.01002424854346,297.6987391208831
2017-05-22 05:00:00,311.0698332000403,305.1054589693278
2017-05-22 06:00:00,314.02353330826725,306.2144470214844
2017-05-22 08:00:00,317.1640382599206,308.1402171271608
2017-05-22 09:00:00,317.31923897718247,308.6652033354726
2017-05-22 17:00:00,300.1167637100572,301.5412080879388
2017-05-22 18:00:00,299.2348166349673,300.94843331029864
2017-05-22 20:00:00,298.13293078500425,299.8654007404721
2017-05-22 21:00:00,297.7049999266449,299.4665613394856
2017-05-23 05:00:00,312.9864643020513,307.41380994235425
2017-05-23 06:00:00,316.14101951845987,308.8069146954224
2017-05-23 08:00:00,320.22424097751804,310.8533235852634
2017-05-23 09:00:00,319.736982654166,311.22983185425755
2017-05-23 17:00:00,301.2018087472313,301.42974251628107
2017-05-23 18:00:00,299.65722430542183,301.32682501700333
2017-05-23 20:00:00,300.5962103563024,302.4578068620068
2017-05-23 21:00:00,300.45486360852635,301.9203205549478
2017-05-24 05:00:00,315.3059194179823,309.919390685753
2017-05-24 06:00:00,318.61167627931195,311.4525298131816
2017-05-24 08:00:00,321.02689738927523,312.80008773921276
2017-05-24 09:00:00,321.41427130324445,313.29645607688207
2017-05-24 17:00:00,301.94063030883603,302.9805658984074
2017-05-24 18:00:00,300.70529287658593,302.1418789009835
2017-05-24 20:00:00,299.5060561875166,300.74974408024815
2017-05-24 21:00:00,299.08952145804244,300.4930076187675
2017-05-25 05:00:00,315.8910971055229,310.3854158751219
2017-05-25 06:00:00,318.3617679731137,311.50072111297277
2017-05-25 08:00:00,319.68631679728884,312.6834156289123
2017-05-25 09:00:00,320.1691507536384,313.08070780279456
2017-05-25 17:00:00,303.5208322439796,305.15562187394676
2017-05-25 18:00:00,302.93893503150883,304.8203416304155
2017-05-25 20:00:00,302.45803934106107,304.55323751534814
2017-05-25 21:00:00,302.06577793585683,303.83556364791235
2017-05-26 05:00:00,314.59321664771977,309.74719511011534
2017-05-26 06:00:00,317.6439879054465,311.5620662883177
2017-05-26 08:00:00,320.9383381048593,314.392368757486
2017-05-26 09:00:00,321.56829855144485,315.1024143119071
2017-05-26 17:00:00,305.8989234771493,307.28563585560573
2017-05-26 18:00:00,305.1302361863053,306.4199919854915
2017-05-26 20:00:00,303.1603392379126,304.45678153721326
2017-05-26 21:00:00,302.6414094992521,304.08831589615033
2017-05-27 05:00:00,314.2724874581688,309.7392796309226
2017-05-27 06:00:00,317.78988417050874,311.99063632300897
2017-05-27 08:00:00,322.80132316036844,315.7759458897478
2017-05-27 09:00:00,323.2481867198033,316.23678652347513
2017-05-27 17:00:00,305.11220779771617,306.31940811697984
2017-05-27 18:00:00,304.18596608025274,305.4531500864838
2017-05-27 20:00:00,303.1310372609754,304.5384913886824
2017-05-27 21:00:00,302.86772527239174,304.2424242816097
2017-05-28 05:00:00,313.4749435636406,308.5724741461097
2017-05-28 06:00:00,316.9916711463399,310.73420054666434
2017-05-28 08:00:00,321.17793894622287,313.4462213736653
2017-05-28 09:00:00,321.5134244428026,314.0900502491438
2017-05-28 17:00:00,305.170294339925,306.2662896860178
2017-05-28 18:00:00,304.5240758534389,305.6311981953532
2017-05-28 20:00:00,303.60217485001715,304.62281987406254
2017-05-28 21:00:00,303.2170891901378,304.19399836324214
2017-05-29 05:00:00,314.16067187481195,306.630581472247
2017-05-29 06:00:00,319.1796735343287,308.7853238615674
2017-05-29 08:00:00,323.1343799232518,311.53255214602996
2017-05-29 09:00:00,323.542207550378,312.19769334131837
2017-05-29 17:00:00,303.5599995570484,303.0824887080259
2017-05-29 18:00:00,302.57362652559686,302.6075931308082
2017-05-29 20:00:00,301.1248869580003,300.88085617747254
2017-05-29 21:00:00,300.77662860888,300.7868257590178
2017-05-30 05:00:00,314.0530934855457,307.8217065279216
2017-05-30 06:00:00,316.01282410702464,308.81393512555377
2017-05-30 08:00:00,321.2063259835971,311.0213524064592
2017-05-30 09:00:00,320.0708289241938,311.1583420528653
2017-05-30 17:00:00,305.0948417440218,305.807521496789
2017-05-30 18:00:00,303.90164048205173,304.9569292817902
2017-05-30 20:00:00,302.1288147442881,303.122558993441
2017-05-30 21:00:00,301.39979398048536,302.49896724565735
2017-05-31 05:00:00,315.45622479125785,308.75785418541295
2017-05-31 06:00:00,318.46794624504946,310.13718119240696
2017-05-31 08:00:00,321.502388529491,311.65065119997564
2017-05-31 09:00:00,320.5954433964287,312.06886834613346
2017-05-31 17:00:00,303.23247820791,303.4532983012853
2017-05-31 18:00:00,303.04456024875265,303.3364821376712
2017-05-31 20:00:00,300.90192266384884,300.6302003551889
2017-05-31 21:00:00,300.574778716994,300.5177831899587
2017-06-01 05:00:00,315.6480073620248,308.37496003090695
2017-06-01 06:00:00,319.1164798824739,309.8414479683287
2017-06-01 08:00:00,321.28230283293414,309.5627232391405
2017-06-01 09:00:00,321.7533540417123,310.15010752626483
2017-06-01 17:00:00,303.08426947218976,303.29556972697634
2017-06-01 18:00:00,302.5182508988814,302.85597405338143
2017-06-01 20:00:00,301.48149449799575,302.17130725078846
2017-06-01 21:00:00,301.198159921702,301.9147012766411
2017-06-02 05:00:00,316.332138320147,309.8905969746124
2017-06-02 06:00:00,319.3070122670319,311.13982933291305
2017-06-02 08:00:00,323.57090072749395,312.8313821284172
2017-06-02 09:00:00,323.9600100994845,313.38414220119296
2017-06-02 17:00:00,304.7032604717143,306.01371967333307
2017-06-02 18:00:00,304.0005850534777,305.59598652938115
2017-06-02 20:00:00,302.9060385870089,304.6341271775162
2017-06-02 21:00:00,302.50191517787283,304.30836395122606
2017-06-03 05:00:00,316.2940500550351,311.0709275302975
2017-06-03 06:00:00,319.25719659978694,312.5927059367552
2017-06-03 08:00:00,322.5474459702502,314.6926401194145
2017-06-03 09:00:00,322.29071978317756,314.8610864060318
2017-06-03 17:00:00,305.47774941748577,307.14068457745987
2017-06-03 18:00:00,304.86746869432545,306.65147134225435
2017-06-03 20:00:00,304.7034956780714,306.2987483278813
2017-06-03 21:00:00,304.80646022332286,306.1445993620369
2017-06-04 05:00:00,314.31511538936104,309.52834645698914
2017-06-04 06:00:00,317.11411634542173,311.0101244769222
2017-06-04 08:00:00,320.89712761877496,313.21080917570004
2017-06-04 09:00:00,321.25371331683664,313.7112075264906
2017-06-04 17:00:00,306.66603539794545,307.3491384685499
2017-06-04 18:00:00,306.24771705944846,307.0430092128289
2017-06-04 20:00:00,305.15713261162,305.7976552202081
2017-06-04 21:00:00,304.74888509741544,305.3602307147715
2017-06-05 05:00:00,313.91094587470053,308.07285507507794
2017-06-05 06:00:00,316.87405644726863,309.5478384667442
2017-06-05 08:00:00,320.35498608793426,312.03405300898623
2017-06-05 09:00:00,320.94321233575994,312.70255750941203
2017-06-05 17:00:00,305.9395281493388,306.54172451213253
2017-06-05 18:00:00,305.2327759306309,305.8798493795292
2017-06-05 20:00:00,304.0107479007292,304.62995548571575
2017-06-05 21:00:00,303.56654882210614,304.26312860098017
2017-06-06 05:00:00,312.6067434584231,306.99676454893796
2017-06-06 06:00:00,315.7064538141613,308.5144497675962
2017-06-06 08:00:00,319.70804354957147,310.8686127038142
2017-06-06 09:00:00,320.3503573848213,311.54451428429553
2017-06-06 17:00:00,305.57885659898193,306.1218992918041
2017-06-06 18:00:00,304.8940971151155,305.5479763836266
2017-06-06 20:00:00,304.0728288835664,304.9060402092838
2017-06-06 21:00:00,303.7564646246254,304.5811780039078
2017-06-07 05:00:00,312.8663253901736,307.0660042079461
2017-06-07 06:00:00,315.85787778128457,308.43827605872013
2017-06-07 08:00:00,320.621324771358,310.4682789524825
2017-06-07 09:00:00,320.22117506594435,310.62085247774525
2017-06-07 17:00:00,305.4234936777359,305.8559503540603
2017-06-07 18:00:00,305.00060231072143,305.4017325520332
2017-06-07 20:00:00,303.44516698898997,303.9668507862532
2017-06-07 21:00:00,302.9140812619625,303.4946554034076
2017-06-08 05:00:00,312.8457054996344,307.1307526104991
2017-06-08 06:00:00,315.25346553197073,308.2604509538789
2017-06-08 08:00:00,318.8644637708855,309.7204638511999
2017-06-08 09:00:00,319.72444070542724,310.3131275147613
2017-06-08 17:00:00,303.9811355285174,304.0427825410487
2017-06-08 18:00:00,302.4978472411357,301.46431604041527
2017-06-08 20:00:00,299.45463562011724,299.8457673576837
2017-06-08 21:00:00,299.09694484716573,299.2578918033829
2017-06-09 05:00:00,311.49953078635855,305.7132964523621
2017-06-09 06:00:00,313.56686112179045,306.87130017861017
2017-06-09 08:00:00,316.2472852286646,307.8594764039403
2017-06-09 09:00:00,316.12019084818746,308.27478951335144
2017-06-09 17:00:00,301.4750060094707,302.1368553032309
2017-06-09 18:00:00,300.90389857123193,301.5707371598583
2017-06-09 20:00:00,300.09371503879925,301.0408500118873
2017-06-09 21:00:00,299.58299274180075,300.71285857919185
2017-06-10 05:00:00,312.5122795869096,306.816507113182
2017-06-10 06:00:00,315.32662159783075,308.2182825261897
2017-06-10 08:00:00,320.45224386958756,310.2979457484923
2017-06-10 09:00:00,321.31962380901507,310.88475050727834
2017-06-10 17:00:00,302.98786601814544,303.5989093986241
2017-06-10 18:00:00,302.0219065896903,302.97460768219133
2017-06-10 20:00:00,300.6035947402931,302.03827633145045
2017-06-10 21:00:00,300.4046628743364,301.8212505511033
2017-06-11 05:00:00,313.9004649910244,308.0062349669188
2017-06-11 06:00:00,316.7463043636093,309.20749768931614
2017-06-11 08:00:00,320.13667875739566,310.1761204700441
2017-06-11 09:00:00,320.54153301315426,310.67589391582004
2017-06-11 17:00:00,302.6558047207919,304.2310953008008
2017-06-11 18:00:00,301.47618502718274,303.27625104201775
2017-06-11 20:00:00,299.8204251423088,302.9752138957772
2017-06-11 21:00:00,299.1888272560249,300.6865485945174
2017-06-12 05:00:00,314.87731164776494,308.440441372582
2017-06-12 06:00:00,316.6479625261069,309.6348762923654
2017-06-12 08:00:00,319.92631088750574,311.6196804193576
2017-06-12 09:00:00,320.2947910585095,312.06159321883433
2017-06-12 17:00:00,303.73541972155937,304.7171540576247
2017-06-12 18:00:00,303.15571250974307,303.863542977026
2017-06-12 20:00:00,299.568888730371,299.8055355736214
2017-06-12 21:00:00,298.4864824056993,299.7748598589552
2017-06-13 05:00:00,312.9080432956502,307.8775447381112
2017-06-13 06:00:00,315.59095456163027,309.2921695562284
2017-06-13 08:00:00,318.58474604484667,311.11311598955575
2017-06-13 09:00:00,319.01339785160013,311.5928351779932
2017-06-13 17:00:00,303.0893954848655,304.32917653981633
2017-06-13 18:00:00,302.4086515547131,303.8094623724375
2017-06-13 20:00:00,302.61111240945354,304.16298521538545
2017-06-13 21:00:00,302.44024331397014,303.8521811980496
2017-06-14 05:00:00,311.89421530607484,306.7117830108972
2017-06-14 06:00:00,314.9225999688147,308.2761404451861
2017-06-14 08:00:00,318.8020243123059,310.5385204485642
2017-06-14 09:00:00,319.3594543504054,311.12424721739876
2017-06-14 17:00:00,303.86790821328185,304.7800429098779
2017-06-14 18:00:00,303.42936904037316,304.5035405092872
2017-06-14 20:00:00,302.54583726127635,303.56376934786243
2017-06-14 21:00:00,302.197925749839,303.25411232594166
2017-06-15 05:00:00,312.3997236348815,306.9991260405131
2017-06-15 06:00:00,315.2092863062314,308.5203245894751
2017-06-15 08:00:00,319.6772160463965,311.2079417694515
2017-06-15 09:00:00,320.162932902896,311.8393587838336
2017-06-15 17:00:00,303.7096368586889,304.77674096905395
2017-06-15 18:00:00,303.03348768143155,304.28112894067044
2017-06-15 20:00:00,302.9425819291172,304.37692881438693
2017-06-15 21:00:00,302.73049510609025,303.91245623619426
2017-06-16 05:00:00,310.0566599747433,304.92523068749847
2017-06-16 06:00:00,313.53771069824967,306.75237625662834
2017-06-16 08:00:00,319.53081426635174,311.4456490632749
2017-06-16 09:00:00,320.0719084658865,312.0377789043315
2017-06-16 17:00:00,304.1264129544627,304.9565635645885
2017-06-16 18:00:00,303.50459179048,304.4654627772068
2017-06-16 20:00:00,302.93443601634726,304.1061225503178
2017-06-16 21:00:00,302.8668433425974,303.911511790036
2017-06-17 05:00:00,309.50710516460873,304.3118509959734
2017-06-17 06:00:00,312.23883103663087,305.74892403201443
2017-06-17 08:00:00,316.8010725306436,308.81219712831944
2017-06-17 09:00:00,317.67238220779114,309.6658407014398
2017-06-17 17:00:00,303.7105816575155,304.3439378547375
2017-06-17 18:00:00,303.04770372387804,303.8825845821246
2017-06-17 20:00:00,302.4572788232648,303.4084794289893
2017-06-17 21:00:00,302.27863237707203,303.42740204374667
2017-06-18 05:00:00,310.00362084716426,304.85032938294495
2017-06-18 06:00:00,312.48120704968284,305.96927723936017
2017-06-18 08:00:00,317.9122296114365,308.9100021103681
2017-06-18 09:00:00,318.5951737461179,309.5730727655678
2017-06-18 17:00:00,303.52333421516124,303.71945470213336
2017-06-18 18:00:00,303.003896281238,303.3716771106691
2017-06-18 20:00:00,302.3385068308591,302.98139676180756
2017-06-18 21:00:00,302.1114059001529,302.8085960776119
2017-06-19 05:00:00,310.7748810660858,305.30310343079645
2017-06-19 06:00:00,313.8212714290766,306.7331610210872
2017-06-19 08:00:00,318.21137215213156,309.41831119108275
2017-06-19 09:00:00,318.9384251904598,310.0072624782568
2017-06-19 17:00:00,304.13262325809995,304.72767568626466
2017-06-19 18:00:00,303.49907927667414,304.27014171911867
2017-06-19 20:00:00,302.80215907868325,303.48078401209943
2017-06-19 21:00:00,302.4277224548058,302.9512389760539
2017-06-20 05:00:00,310.01326148645904,304.5414200651994
2017-06-20 06:00:00,313.01149304218023,306.0160553495762
2017-06-20 08:00:00,318.4764336584529,309.30967952216906
2017-06-20 09:00:00,318.7419334611467,309.96985248865445
2017-06-20 17:00:00,303.254184764045,303.54287811420363
2017-06-20 18:00:00,302.7465167875834,303.1538421677882
2017-06-20 20:00:00,302.68318284421196,303.1490539409714
2017-06-20 21:00:00,302.32591012446284,302.79372543546566
2017-06-21 05:00:00,309.8515564811248,304.9773116148492
2017-06-21 06:00:00,310.64969137747227,305.28111278845455
2017-06-21 08:00:00,313.2571565836714,307.2555119025138
2017-06-21 09:00:00,312.7697965507331,307.05750052477066
2017-06-21 17:00:00,297.75849188053735,297.883011898752
2017-06-21 18:00:00,297.8071932564899,297.86883467334815
2017-06-21 20:00:00,297.0792717603028,297.2569092690302
2017-06-21 21:00:00,296.827995453116,297.4482366858719
2017-06-22 05:00:00,308.59679388155007,304.4209702878227
2017-06-22 06:00:00,310.78675684759907,305.4686151866002
2017-06-22 08:00:00,309.2421620608478,303.5280120802587
2017-06-22 09:00:00,311.24237253338976,305.33417533322
2017-06-22 17:00:00,301.3884937304011,302.0221201186922
2017-06-22 18:00:00,300.3315503982991,300.42664300715796
2017-06-22 20:00:00,297.75353999204003,297.5088380128834
2017-06-22 21:00:00,296.94711766882193,296.85161048642294
2017-06-23 05:00:00,305.8532528869911,302.3179664317926
2017-06-23 06:00:00,308.5112819583464,303.9148438722584
2017-06-23 08:00:00,313.74600104521534,305.93619611413897
2017-06-23 09:00:00,314.37346720879174,306.4236798396647
2017-06-23 17:00:00,300.6120466752486,300.82101510963383
2017-06-23 18:00:00,299.96481473714067,300.4035872825305
2017-06-23 20:00:00,299.87249429053264,300.3560167262661
2017-06-23 21:00:00,299.38799550390024,300.00432919353847
2017-06-24 05:00:00,308.99595997109435,304.342769064411
2017-06-24 06:00:00,310.9301636494547,305.4197165043953
2017-06-24 08:00:00,315.08666524314,307.6006102716243
2017-06-24 09:00:00,315.3939242605436,308.1759533287014
2017-06-24 17:00:00,299.90077524523156,300.5331528344764
2017-06-24 18:00:00,299.8826147940567,300.27994143540394
2017-06-24 20:00:00,300.021293816471,301.2364929622421
2017-06-24 21:00:00,299.7849576271187,300.9117154913434
2017-06-25 05:00:00,312.33689414848715,306.45347449445217
2017-06-25 06:00:00,315.8528574045707,307.7159310503991
2017-06-25 08:00:00,319.4424492787507,309.84991125920885
2017-06-25 09:00:00,319.502638971126,310.2207005387646
2017-06-25 17:00:00,303.95604742252954,304.5072125639129
2017-06-25 18:00:00,303.19507482496357,303.7443122804992
2017-06-25 20:00:00,301.181034999195,301.5477639361413
2017-06-25 21:00:00,300.6951836819641,301.0992324664523
2017-06-26 05:00:00,313.48259651642553,307.5787286508616
2017-06-26 06:00:00,316.4050249708085,308.9554745478696
2017-06-26 08:00:00,320.534766292719,311.51180033397236
2017-06-26 09:00:00,320.8169009263049,312.18391637111483
2017-06-26 17:00:00,303.45149595381116,304.03715479869874
2017-06-26 18:00:00,302.92496538676545,303.4935122168119
2017-06-26 20:00:00,301.31197525283045,300.60392093511507
2017-06-26 21:00:00,300.55743568079504,299.6125229187482
2017-06-27 05:00:00,307.9800040270037,303.8575310376466
2017-06-27 06:00:00,313.34959068357125,305.6097622534894
2017-06-27 08:00:00,317.88677284934306,309.46610893637444
2017-06-27 09:00:00,317.7502791018258,309.33501421394993
2017-06-27 17:00:00,301.5967748844752,301.62519502566295
2017-06-27 18:00:00,300.6515850190573,300.5084570368927
2017-06-27 20:00:00,299.06854713569254,298.7402387010665
2017-06-27 21:00:00,298.73358789100126,298.5106805880742
2017-06-28 05:00:00,300.3169887172423,299.1307319911492
2017-06-28 06:00:00,300.6779567442249,299.64364932020567
2017-06-28 08:00:00,302.21307514114267,301.18141120240574
2017-06-28 09:00:00,304.84764099121094,302.1376006092607
2017-06-28 17:00:00,299.00391558395876,299.6438987978801
2017-06-28 18:00:00,298.9450035153993,299.5520400413196
2017-06-28 20:00:00,297.95346278585896,297.9211132596197
2017-06-28 21:00:00,297.6294277996422,297.762070360463
2017-06-29 05:00:00,304.9945374710718,302.31364398597754
2017-06-29 06:00:00,304.7599917089994,302.94228973153565
2017-06-29 08:00:00,308.30779323959945,304.22079787526184
2017-06-29 09:00:00,309.3464754689456,304.65742516187015
2017-06-29 17:00:00,299.6297021757105,300.09887048753643
2017-06-29 18:00:00,299.2535612461931,299.598920166768
2017-06-29 20:00:00,298.02966814085227,298.5351946203294
2017-06-29 21:00:00,297.7047409974556,298.16645180536165
2017-06-30 05:00:00,303.7232457941229,301.09246638082027
2017-06-30 06:00:00,304.2895701074821,301.71064868803563
2017-06-30 08:00:00,305.1274502934954,302.4625039592914
2017-06-30 09:00:00,307.1174164993921,303.4765573040179
2017-06-30 17:00:00,298.7139264828252,299.2822184746364
2017-06-30 18:00:00,298.54698456233757,299.09919856325683
2017-06-30 20:00:00,298.6047318374798,299.0189038998173
2017-06-30 21:00:00,298.1817816688761,298.7711040573238
2017-07-01 05:00:00,306.52786120868797,302.50708858919074
2017-07-01 06:00:00,306.0199054782674,302.7975927508667
2017-07-01 08:00:00,306.21842114840894,302.9349258023161
2017-07-01 09:00:00,309.18384285149483,304.0983013746735
2017-07-01 17:00:00,299.08018926258995,299.26715172531055
2017-07-01 18:00:00,298.99580308064844,299.2490908912224
2017-07-01 20:00:00,298.37715518052113,299.43101905858026
2017-07-01 21:00:00,298.2625911577457,299.0683266473662
2017-07-02 05:00:00,299.66806723854756,298.5620006919826
2017-07-02 06:00:00,300.58239696720165,299.3155032541425
2017-07-02 08:00:00,305.7206536103471,303.316395058654
2017-07-02 09:00:00,307.33634462047985,303.9090348583157
2017-07-02 17:00:00,298.3291154341265,299.2432766342751
2017-07-02 18:00:00,298.336794484378,299.25330845343495
2017-07-02 20:00:00,297.85557683112995,298.4488029773871
2017-07-02 21:00:00,297.73317536293825,298.33490704975804
2017-07-03 05:00:00,302.10272230903615,300.98148535212675
2017-07-03 06:00:00,303.2378169737171,302.0614993619992
2017-07-03 08:00:00,306.85528898312606,304.89774925572846
2017-07-03 09:00:00,306.75582309717026,305.097555081172
2017-07-03 17:00:00,300.38967853187603,300.92240628329193
2017-07-03 18:00:00,299.81822608983026,300.2263578817547
2017-07-03 20:00:00,299.2203997830948,299.6445260540179
2017-07-03 21:00:00,298.9419945245164,299.3057115551871
2017-07-04 05:00:00,303.0046587974889,301.14305406285365
2017-07-04 06:00:00,304.9622565976277,302.4844260663942
2017-07-04 08:00:00,307.22346505986525,304.21909284077367
2017-07-04 09:00:00,306.9823430888642,304.39555561083307
2017-07-04 17:00:00,299.4143438589041,300.1387154413115
2017-07-04 18:00:00,298.9606913844316,299.6670518119824
2017-07-04 20:00:00,298.4385578408264,299.09198005100245
2017-07-04 21:00:00,298.2387897038864,298.720149059325
2017-07-05 05:00:00,302.1254442447139,300.6396229983478
2017-07-05 06:00:00,304.21723733440575,302.00182976156975
2017-07-05 08:00:00,307.64284431915985,304.06397389557407
2017-07-05 09:00:00,308.0688714731273,304.52270912205677
2017-07-05 17:00:00,298.91671078157356,299.6417476612908
2017-07-05 18:00:00,298.46957016578995,299.19822584719435
2017-07-05 20:00:00,298.25939231367073,299.11317298078023
2017-07-05 21:00:00,297.9523431104945,298.6330742740484
2017-07-06 05:00:00,303.8677462679212,301.45405338798724
2017-07-06 06:00:00,305.86575018790177,302.71741578465065
2017-07-06 08:00:00,308.70222233329974,304.6259398849793
2017-07-06 09:00:00,309.1336827447124,305.11941399008543
2017-07-06 17:00:00,299.08518104964674,299.8618803567989
2017-07-06 18:00:00,298.6506140522303,299.49959650024977
2017-07-06 20:00:00,298.3227405518707,299.26992050194417
2017-07-06 21:00:00,298.17074182918884,298.9692620275935
2017-07-07 05:00:00,304.9623774688674,302.0500263748992
2017-07-07 06:00:00,306.70576129084566,303.1371697659486
2017-07-07 08:00:00,309.7359412476903,305.28966549254716
2017-07-07 09:00:00,309.8077975186435,305.63747809223474
2017-07-07 17:00:00,299.24216817376794,300.15640569137315
2017-07-07 18:00:00,298.68565187615866,299.66939042712954
2017-07-07 20:00:00,298.36196842987107,299.43713223732124
2017-07-07 21:00:00,298.1629108728724,299.04756317373784
2017-07-08 05:00:00,306.05996280899404,303.0315588200221
2017-07-08 06:00:00,307.91359695411063,304.15686187979253
2017-07-08 08:00:00,310.34833163362805,306.1036613240999
2017-07-08 09:00:00,310.46371544601374,306.39747692513725
2017-07-08 17:00:00,300.18565467399515,300.92669435568695
2017-07-08 18:00:00,299.61197658826836,300.2530879651086
2017-07-08 20:00:00,299.3853851459427,300.2267306523257
2017-07-08 21:00:00,299.0915599053006,299.72604703976674
2017-07-09 05:00:00,305.4298307304206,302.900124313284
2017-07-09 06:00:00,307.5477100719105,304.1607598068167
2017-07-09 08:00:00,310.7458763651561,305.93146266849095
2017-07-09 09:00:00,311.11128545211534,306.33997212132255
2017-07-09 17:00:00,300.2214404372111,301.1105387119005
2017-07-09 18:00:00,299.6235072719298,300.4037954039493
2017-07-09 20:00:00,299.0724221392662,299.7771292100152
2017-07-09 21:00:00,298.72322630331223,299.3191787414081
2017-07-10 05:00:00,305.3413406865806,302.22757616322286
2017-07-10 06:00:00,307.1729731155654,303.4121666953817
2017-07-10 08:00:00,310.10767593736455,305.7414555953721
2017-07-10 09:00:00,310.217363354605,306.13623747509695
2017-07-10 17:00:00,300.6586367661486,301.196250833238
2017-07-10 18:00:00,300.0978350764247,300.5208067813162
2017-07-10 20:00:00,299.6530704351346,300.01371873288383
2017-07-10 21:00:00,299.1697859800836,299.51911115132054
2017-07-11 05:00:00,304.4078570161652,301.49558038226627
2017-07-11 06:00:00,305.5332761273729,302.2903782590329
2017-07-11 08:00:00,306.6556031119842,303.32133375735054
2017-07-11 09:00:00,306.4607649980965,303.3386199669037
2017-07-11 17:00:00,300.52718164006075,300.6526085099748
2017-07-11 18:00:00,300.27811745759703,300.30563709511773
2017-07-11 20:00:00,299.75312722886474,299.94095840806773
2017-07-11 21:00:00,299.6223424785126,299.7311093605171
2017-07-12 05:00:00,303.88007793220794,301.1605592560143
2017-07-12 06:00:00,305.69218567082623,302.15499102059056
2017-07-12 08:00:00,308.2041499956363,303.8514557825215
2017-07-12 09:00:00,307.0736154282956,303.5734791807107
2017-07-12 17:00:00,300.13640882495,300.3835751102959
2017-07-12 18:00:00,299.87102300470525,300.1239533975422
2017-07-12 20:00:00,299.21983422042774,299.41087256668163
2017-07-12 21:00:00,298.98833849984806,299.1010246335633
2017-07-13 05:00:00,301.849099745552,300.0986839024054
2017-07-13 06:00:00,304.9703073839561,301.41820966958636
2017-07-13 08:00:00,306.95498922903477,303.84619813046214
2017-07-13 09:00:00,307.43326687335235,304.4669115157634
2017-07-13 17:00:00,298.3709633802229,298.81318725679984
2017-07-13 18:00:00,298.07149763063217,298.53636197647074
2017-07-13 20:00:00,297.4903799800549,297.4340973135503
2017-07-13 21:00:00,297.4266123485125,297.4002461955066
2017-07-14 05:00:00,302.10187155513444,301.58089130795423
2017-07-14 06:00:00,304.47284591510225,303.06181311937985
2017-07-14 08:00:00,308.7151828054654,304.99195316355843
2017-07-14 09:00:00,309.4496991784988,305.2393171783588
2017-07-14 17:00:00,298.3011924849453,298.94416613938813
2017-07-14 18:00:00,298.12946410098317,298.7809847933118
2017-07-14 20:00:00,298.40544283592095,299.7027444237002
2017-07-14 21:00:00,298.21289027233155,299.2813453380426
2017-07-15 05:00:00,305.8362378794901,303.33019427048225
2017-07-15 06:00:00,307.7068910995507,304.3330182985091
2017-07-15 08:00:00,310.0534349861791,305.46472203235595
2017-07-15 09:00:00,309.73017163857105,305.52425033028584
2017-07-15 17:00:00,298.9560738491534,299.6108223984164
2017-07-15 18:00:00,298.7305962749181,299.26008323822253
2017-07-15 20:00:00,297.6465040068781,297.6434211907291
2017-07-15 21:00:00,297.4511078068949,297.53935356904253
2017-07-16 05:00:00,304.5673084229644,302.2155382012366
2017-07-16 06:00:00,306.81661241998654,302.92619944426974
2017-07-16 08:00:00,308.41064533063184,303.96856553087986
2017-07-16 09:00:00,306.41183817294785,301.95591277370835
2017-07-16 17:00:00,299.859269246482,300.7611760167385
2017-07-16 18:00:00,299.50457862419046,300.25838177744157
2017-07-16 20:00:00,299.0279642819256,299.3206491338086
2017-07-16 21:00:00,298.6990809506739,298.86640894908936
2017-07-17 05:00:00,306.10757798957525,302.59867774246294
2017-07-17 06:00:00,308.2341879916669,303.4848137430858
2017-07-17 08:00:00,311.2034562732479,305.00203607262375
2017-07-17 09:00:00,309.57294225472333,304.06003092103083
2017-07-17 17:00:00,300.1137030179769,300.3314195112749
2017-07-17 18:00:00,299.6639128745245,299.85654970236664
2017-07-17 20:00:00,298.8801710131723,299.32222535026096
2017-07-17 21:00:00,298.88593883543797,299.16924021387325
2017-07-18 05:00:00,302.60469852206523,300.71263479929314
2017-07-18 06:00:00,304.71256880326706,301.80201328553846
2017-07-18 08:00:00,310.7257072789643,304.9424958544997
2017-07-18 09:00:00,310.94744341693047,305.2171657662179
2017-07-18 17:00:00,298.98879908486765,298.8715410981965
2017-07-18 18:00:00,298.8167670063319,298.76288812810725
2017-07-18 20:00:00,298.9276649933567,299.65246172935827
2017-07-18 21:00:00,298.9779743494349,299.4953794787955
2017-07-19 05:00:00,307.0639112381428,303.6782661285165
2017-07-19 06:00:00,307.7158151400291,303.8444006498128
2017-07-19 08:00:00,311.50227969600166,306.2449107118674
2017-07-19 09:00:00,311.22333772303693,306.0342985602851
2017-07-19 17:00:00,300.1655238170653,300.55593723949556
2017-07-19 18:00:00,299.85578455285776,300.246307279002
2017-07-19 20:00:00,299.0719352451789,299.6094416543405
2017-07-19 21:00:00,298.6641971958437,299.07683242304114
2017-07-20 05:00:00,305.20785390798045,302.37958520733525
2017-07-20 06:00:00,308.68058421835883,303.7134807098812
2017-07-20 08:00:00,310.3443218401658,305.27249806173415
2017-07-20 09:00:00,310.2251762307847,305.4119289498117
2017-07-20 17:00:00,298.99925231933594,299.2181714591334
2017-07-20 18:00:00,298.66272894296515,298.9507392448343
2017-07-20 20:00:00,298.4745977134293,298.576660767542
2017-07-20 21:00:00,298.2461398790357,298.1919557309849
2017-07-21 05:00:00,303.8486983853239,302.0946277212839
2017-07-21 06:00:00,305.21030737549205,303.03211180418043
2017-07-21 08:00:00,306.9629051549409,303.5576266155037
2017-07-21 09:00:00,305.3632425975359,300.9896627464353
2017-07-21 17:00:00,298.0585706384597,298.4811548547495
2017-07-21 18:00:00,297.9939524175941,298.3829550721062
2017-07-21 20:00:00,298.3833126544218,298.62427202174774
2017-07-21 21:00:00,298.1244844692331,298.32153075795696
2017-07-22 05:00:00,299.6718875549975,299.6087846800065
2017-07-22 06:00:00,300.7715898698945,300.13868346603704
2017-07-22 08:00:00,302.7507272964266,301.28728232361686
2017-07-22 09:00:00,302.28894604887176,300.96061022366143
2017-07-22 17:00:00,297.81661763947994,298.36317488518995
2017-07-22 18:00:00,297.63492373802995,298.10894810657476
2017-07-22 20:00:00,297.50839957544366,297.8036176214233
2017-07-22 21:00:00,297.35908609399075,297.60004588451886
2017-07-23 05:00:00,301.23288093178957,300.6341084390649
2017-07-23 06:00:00,302.4590808180705,300.9119208854593
2017-07-23 08:00:00,304.1596424355529,301.9618228859453
2017-07-23 09:00:00,303.5219769117829,301.7334859933251
2017-07-23 17:00:00,297.7432207480785,298.2778059337833
2017-07-23 18:00:00,297.71384334711155,298.22092464782054
2017-07-23 20:00:00,297.5070741062722,297.44785361738155
2017-07-23 21:00:00,297.4604238501315,297.4102005921821
2017-07-24 05:00:00,300.68614753993523,299.2131493425884
2017-07-24 06:00:00,301.66459145568007,299.72883772886775
2017-07-24 08:00:00,304.07094168405877,301.65427002517396
2017-07-24 09:00:00,304.40297968178214,301.70363921413804
2017-07-24 17:00:00,298.0274289782132,298.238948287141
2017-07-24 18:00:00,297.8167867322549,297.9207087488865
2017-07-24 20:00:00,297.53998961838073,297.6975211215497
2017-07-24 21:00:00,297.5128357450841,297.6513304394456
2017-07-25 05:00:00,301.5286260525508,299.53925011962514
2017-07-25 06:00:00,302.75528784048026,300.4524388717393
2017-07-25 08:00:00,303.63763897959,301.5108239125397
2017-07-25 09:00:00,303.42674114303713,301.5058796416813
2017-07-25 17:00:00,298.5580761032223,298.9701549606441
2017-07-25 18:00:00,298.1418477956246,298.5540877049803
2017-07-25 20:00:00,297.544817649712,297.97570586829045
2017-07-25 21:00:00,297.21389652951655,297.6589597869544
2017-07-26 05:00:00,302.48099182787223,301.18824203796856
2017-07-26 06:00:00,304.32110917806995,302.30179484268916
2017-07-26 08:00:00,304.6410104431246,302.62488571190505
2017-07-26 09:00:00,305.3664399133809,303.0769521422306
2017-07-26 17:00:00,299.35177224369374,300.09185464209514
2017-07-26 18:00:00,298.9627982493725,299.6103916491493
2017-07-26 20:00:00,298.28421359069546,298.85777049953657
2017-07-26 21:00:00,298.08222305462436,298.56154828887145
2017-07-27 05:00:00,303.19615737609394,301.54173125985585
2017-07-27 06:00:00,302.75808574752926,301.39726791029165
2017-07-27 08:00:00,305.49025066828324,302.9443901073767
2017-07-27 09:00:00,305.65846588652016,303.34361445775204
2017-07-27 17:00:00,298.57950938831675,298.93488028457244
2017-07-27 18:00:00,298.3483413437666,298.80205783932166
2017-07-27 20:00:00,298.04480415426525,298.71134605466494
2017-07-27 21:00:00,297.86137768667544,298.3363161718901
2017-07-28 05:00:00,304.98509014112005,302.50482692630345
2017-07-28 06:00:00,305.831394612881,303.3296360903418
2017-07-28 08:00:00,307.6931868025629,304.31428650090436
2017-07-28 09:00:00,307.16296497221543,304.300002463977
2017-07-28 17:00:00,298.9729665512297,299.04543307970044
2017-07-28 18:00:00,298.61945910813813,298.8419666496007
2017-07-28 20:00:00,297.8209177731366,298.5512486532767
2017-07-28 21:00:00,297.5795649923786,298.24422719335337
2017-07-29 05:00:00,300.81735918371265,300.033820036196
2017-07-29 06:00:00,301.2317037009312,299.8807085034293
2017-07-29 08:00:00,302.1642135831719,300.7064075205469
2017-07-29 09:00:00,304.66196682640515,301.6411797710119
2017-07-29 17:00:00,297.2772359980273,297.0655957003036
2017-07-29 18:00:00,297.1842734126721,297.0081832015827
2017-07-29 20:00:00,296.86319990114,296.9763565416145
2017-07-29 21:00:00,296.80480500913364,296.8455107561062
2017-07-30 05:00:00,297.4774579957748,297.2455073563821
2017-07-30 06:00:00,297.6782606268884,297.3938339303932
2017-07-30 08:00:00,298.0446324517436,297.71826334102497
2017-07-30 09:00:00,298.25823031809006,297.8279015962809
2017-07-30 17:00:00,296.7837179739413,297.46655666075065
2017-07-30 18:00:00,296.71738698339243,297.41253156617904
2017-07-30 20:00:00,296.7954591771671,297.52186760806893
2017-07-30 21:00:00,296.8400737133526,297.3960071910511
2017-07-31 05:00:00,297.52436214970146,297.3956424848324
2017-07-31 06:00:00,298.32515033551465,298.470022662946
2017-07-31 08:00:00,300.6511025215702,300.07898106744
2017-07-31 09:00:00,300.3206635461934,300.27283316731274
2017-07-31 17:00:00,297.7998740221209,298.4350679747313
2017-07-31 18:00:00,297.6414449306776,298.2703199812738
2017-07-31 20:00:00,297.2761503904369,297.7934628150129
2017-07-31 21:00:00,297.04466597875944,297.72001974755335
2017-08-01 05:00:00,299.84101917049367,299.3366487852781
2017-08-01 06:00:00,301.9955101071962,300.621157606504
2017-08-01 08:00:00,303.8190700254749,301.6621831767548
2017-08-01 09:00:00,302.7168749557989,301.26102860131874
2017-08-01 17:00:00,298.34900666458765,298.9663342680145
2017-08-01 18:00:00,298.0070332672637,298.59217284309847
2017-08-01 20:00:00,297.5956123716475,298.2352804410256
2017-08-01 21:00:00,297.5713142665399,298.13130133912443
2017-08-02 05:00:00,300.8307858835935,300.0979354458708
2017-08-02 06:00:00,303.01287341007657,301.21543037873016
2017-08-02 08:00:00,304.04632568359375,302.2158878132449
2017-08-02 09:00:00,304.54295476081745,302.5942589711335
2017-08-02 17:00:00,298.7052771005499,299.2628854243157
2017-08-02 18:00:00,298.3802838670822,298.89164444698577
2017-08-02 20:00:00,298.42792523917507,298.78056761002506
2017-08-02 21:00:00,298.320012943403,298.5299712711564
2017-08-03 05:00:00,300.9589572900616,299.68718786489427
2017-08-03 06:00:00,301.58932793709823,300.22013641028263
2017-08-03 08:00:00,302.5824490445788,301.2688443693799
2017-08-03 09:00:00,302.405221477679,301.37559563353176
2017-08-03 17:00:00,298.117628500164,298.8437765912025
2017-08-03 18:00:00,297.71646795287523,298.4259589008631
2017-08-03 20:00:00,297.61632844663364,298.23353256907416
2017-08-03 21:00:00,297.71110464134273,298.17168509978546
2017-08-04 05:00:00,300.19450639392636,299.2713716856687
2017-08-04 06:00:00,301.34870092453684,300.06022721630035
2017-08-04 08:00:00,302.8229878900231,301.3202332671508
2017-08-04 09:00:00,303.42211989298437,301.84758757369366
2017-08-04 17:00:00,297.54643599829063,298.44081374346206
2017-08-04 18:00:00,296.9733931860314,297.8989864637378
2017-08-04 20:00:00,296.9862850289132,298.0307135677485
2017-08-04 21:00:00,296.6632867704371,297.57230944993506
2017-08-05 05:00:00,301.62158574602455,299.820179496965
2017-08-05 06:00:00,303.32942669931657,300.8133960130219
2017-08-05 08:00:00,305.1008027345631,302.6728117579855
2017-08-05 09:00:00,304.86894454133164,302.94812613606274
2017-08-05 17:00:00,297.435289003816,298.1540409787594
2017-08-05 18:00:00,297.2163194324276,297.96381172450555
2017-08-05 20:00:00,297.122950173306,298.09682740856573
2017-08-05 21:00:00,297.4222418222295,298.2218810847067
2017-08-06 05:00:00,302.6036519196074,300.6793635857675
2017-08-06 06:00:00,304.15738578055783,301.5364006994686
2017-08-06 08:00:00,305.82907515938734,303.12865564378643
2017-08-06 09:00:00,306.15189341587717,303.36854238172157
2017-08-06 17:00:00,298.8900515845818,299.63852377775453
2017-08-06 18:00:00,298.56267236083613,299.30534249939063
2017-08-06 20:00:00,298.2220279123456,298.99580025930067
2017-08-06 21:00:00,298.00776171574057,298.6554148575558
2017-08-07 05:00:00,298.58807264895216,298.6820183564408
2017-08-07 06:00:00,298.84099267333613,298.93901950736256
2017-08-07 08:00:00,304.4998193161881,302.52503553487486
2017-08-07 09:00:00,305.58229640966573,303.2112088431195
2017-08-07 17:00:00,299.2314185567189,299.94406118525194
2017-08-07 18:00:00,299.02537879885074,299.64138485948183
2017-08-07 20:00:00,298.21108324612237,298.7002728055181
2017-08-07 21:00:00,297.6216521887639,298.12587710999196
2017-08-08 05:00:00,297.08799785972553,297.1866640816852
2017-08-08 06:00:00,297.3620681645139,297.29255462317326
2017-08-08 08:00:00,299.1164365512748,299.0852997343419
2017-08-08 09:00:00,300.7094965436609,300.32945811032147
2017-08-08 17:00:00,297.95516133124727,298.3111217481146
2017-08-08 18:00:00,297.7320991598403,298.08777748895534
2017-08-08 20:00:00,297.0492130273663,297.23880714921995
2017-08-08 21:00:00,296.6340330385464,297.0885352794489
2017-08-09 05:00:00,297.75941655375004,297.55091773269726
2017-08-09 06:00:00,298.1128565431193,298.017580969859
2017-08-09 08:00:00,298.8459355335207,298.6508063741017
2017-08-09 09:00:00,298.2748790676311,298.2033500495053
2017-08-09 17:00:00,295.7612847796941,296.4909663971841
2017-08-09 18:00:00,295.6259268362459,296.3889584063749
2017-08-09 20:00:00,295.54725430669333,296.36971686176605
2017-08-09 21:00:00,295.4271067426826,296.32267314517077
2017-08-10 05:00:00,297.7059196154767,297.6432512280386
2017-08-10 06:00:00,299.0480231709767,298.717933384406
2017-08-10 08:00:00,299.6251628152762,298.6774373341048
2017-08-10 09:00:00,300.0256742880047,299.03355311318796
2017-08-10 17:00:00,297.51650340310965,298.06760179610757
2017-08-10 18:00:00,297.3860969249567,298.0164520075582
2017-08-10 20:00:00,297.27194364339067,297.96524974194074
2017-08-10 21:00:00,297.1325225359854,297.77438817663443
2017-08-11 05:00:00,301.3775354041524,300.45327399067224
2017-08-11 06:00:00,302.2890733151664,301.28947074901896
2017-08-11 08:00:00,303.8826606174463,302.4649343387739
2017-08-11 09:00:00,303.7881537909133,302.51919012554623
2017-08-11 17:00:00,298.1425619257617,298.73009271136783
2017-08-11 18:00:00,297.8744111847253,298.43138635103435
2017-08-11 20:00:00,297.72270976156227,298.090655686859
2017-08-11 21:00:00,297.8506774197007,298.12359271174404
2017-08-12 05:00:00,300.36159055736294,299.72389202382425
2017-08-12 06:00:00,301.4357560074017,300.76697891776115
2017-08-12 08:00:00,303.11844419882004,302.126636381693
2017-08-12 09:00:00,303.1177294573909,302.14566813558577
2017-08-12 17:00:00,298.3069774233872,298.57631792676835
2017-08-12 18:00:00,298.2515590532535,298.52501174150893
2017-08-12 20:00:00,297.94031126142835,298.03093233975494
2017-08-12 21:00:00,297.78170839847513,297.8318610757084
2017-08-13 05:00:00,299.3545774627357,298.70874651187376
2017-08-13 06:00:00,300.480686652091,299.78872356209075
2017-08-13 08:00:00,303.00150201500657,301.66900575987546
2017-08-13 09:00:00,303.31609759455654,301.9537431808025
2017-08-13 17:00:00,298.3795339763624,299.0450016486075
2017-08-13 18:00:00,298.1036800860624,298.75605597591544
2017-08-13 20:00:00,297.9370516643319,298.5144334508017
2017-08-13 21:00:00,298.0238967213682,298.4776280525102
2017-08-14 05:00:00,299.8805623811272,298.9873678621783
2017-08-14 06:00:00,300.64742574118685,299.5794781418905
2017-08-14 08:00:00,304.3554436164939,301.9428798869505
2017-08-14 09:00:00,303.6311108276179,301.7255219634398
2017-08-14 17:00:00,297.98211002202913,298.6640432207904
2017-08-14 18:00:00,297.61669150706615,298.30985808997013
2017-08-14 20:00:00,297.36828340550966,298.12702744400195
2017-08-14 21:00:00,297.11479777143626,297.8085136002128
2017-08-15 05:00:00,301.60871064313943,300.46902075533876
2017-08-15 06:00:00,302.7599827277091,301.3477084449333
2017-08-15 08:00:00,304.1106375531166,302.0627685217718
2017-08-15 09:00:00,304.80191340982816,302.280884353332
2017-08-15 17:00:00,297.50217156784936,298.15014568499316
2017-08-15 18:00:00,297.1772737664691,297.8734205389978
2017-08-15 20:00:00,297.1668697645191,297.8941020759853
2017-08-15 21:00:00,296.89489426341004,297.545290977819
2017-08-16 05:00:00,302.2976425946769,300.86669505726206
2017-08-16 06:00:00,304.08747191348317,302.01663066940426
2017-08-16 08:00:00,305.4345984084213,303.26434963326244
2017-08-16 09:00:00,305.88764478686414,303.44514646368515
2017-08-16 17:00:00,298.0470700726855,298.5927513134314
2017-08-16 18:00:00,297.56875455177436,298.1359455596501
2017-08-16 20:00:00,297.06604340116854,297.8095952814276
2017-08-16 21:00:00,296.7507412150755,297.5275939800339
2017-08-17 05:00:00,302.02933754943007,300.23261208086063
2017-08-17 06:00:00,304.1264534878253,301.55957950539147
2017-08-17 08:00:00,306.8108248953092,303.2562203194217
2017-08-17 09:00:00,307.36110744858377,303.7991380735612
2017-08-17 17:00:00,297.6134157107313,298.4623422020206
2017-08-17 18:00:00,297.1661455010412,298.0671137969924
2017-08-17 20:00:00,296.3639290079314,297.388276228001
2017-08-17 21:00:00,295.9888679492639,296.96120976005756
2017-08-18 05:00:00,303.27028824111164,301.0927199024265
2017-08-18 06:00:00,305.5451157015902,302.43470738297805
2017-08-18 08:00:00,308.54695938180885,304.4051290785403
2017-08-18 09:00:00,308.9019025382349,304.84548296583085
2017-08-18 17:00:00,298.8873376361394,299.63010666293246
2017-08-18 18:00:00,298.3739661641407,299.14640314369615
2017-08-18 20:00:00,297.7402968208301,298.67894492127317
2017-08-18 21:00:00,297.44150252849187,298.30958338474454
2017-08-19 05:00:00,304.08073674512025,302.0821343702601
2017-08-19 06:00:00,305.9550629132334,303.4028804643863
2017-08-19 08:00:00,308.433454445955,304.8958482551281
2017-08-19 09:00:00,307.56952659007396,304.84058983190033
2017-08-19 17:00:00,299.82509360291374,300.1416302697133
2017-08-19 18:00:00,299.4725917351816,299.79480253199034
2017-08-19 20:00:00,298.8371134847632,299.4027871247984
2017-08-19 21:00:00,298.5952831203655,299.1217764691322
2017-08-20 05:00:00,305.9149394454133,302.81193434328804
2017-08-20 06:00:00,307.0505846725958,303.9034548437651
2017-08-20 08:00:00,309.2199742062985,304.5679057728161
2017-08-20 09:00:00,308.9606015245058,304.6965847162326
2017-08-20 17:00:00,299.94247709253716,300.8988355921671
2017-08-20 18:00:00,299.589667227676,300.5861142809476
2017-08-20 20:00:00,299.17198512660707,300.2355143777762
2017-08-20 21:00:00,298.9097560418222,299.87293378597786
2017-08-21 05:00:00,306.0537226225819,303.4305498449387
2017-08-21 06:00:00,307.50275826711317,304.3380527819617
2017-08-21 08:00:00,308.8777830949734,305.2612201238083
2017-08-21 09:00:00,307.7170483981516,305.08392696057336
2017-08-21 17:00:00,300.15204520438596,300.9710236771265
2017-08-21 18:00:00,299.7211350028063,300.524210596305
2017-08-21 20:00:00,299.2414862540176,300.14221767431417
2017-08-21 21:00:00,299.0842882341523,299.9038355611322
2017-08-22 05:00:00,306.16539822006814,303.1002979484288
2017-08-22 06:00:00,307.36575634784435,303.8572124369523
2017-08-22 08:00:00,310.15695728836886,305.67921555905576
2017-08-22 09:00:00,310.2337396324875,305.6904543507816
2017-08-22 17:00:00,299.5438188455873,300.07295958250074
2017-08-22 18:00:00,299.3695743131711,299.7992817506952
2017-08-22 20:00:00,298.79508367929327,299.34283068734806
2017-08-22 21:00:00,298.57510928490495,299.10126757511557
2017-08-23 05:00:00,303.6805361143797,301.379572981495
2017-08-23 06:00:00,305.1994407430452,302.63269035915386
2017-08-23 08:00:00,309.3565922341839,304.89382798205173
2017-08-23 09:00:00,309.89779171701207,305.2408296323521
2017-08-23 17:00:00,298.1079263554883,298.66375346837685
2017-08-23 18:00:00,297.9479034611918,298.609281754457
2017-08-23 20:00:00,297.54775523698567,297.96327778444453
2017-08-23 21:00:00,297.5067621592564,297.9339052503025
2017-08-24 05:00:00,301.7117913573843,300.7810178265917
2017-08-24 06:00:00,303.37873090323757,301.7317297513754
2017-08-24 08:00:00,306.8273671859953,303.7490215566015
2017-08-24 09:00:00,306.75272100181166,303.7937455140571
2017-08-24 17:00:00,298.47994035858954,298.86433605787755
2017-08-24 18:00:00,298.2069886241378,298.61853918419416
2017-08-24 20:00:00,297.96631153265395,298.42518145498036
2017-08-24 21:00:00,297.8570996065537,298.2591092384468
2017-08-25 05:00:00,300.1473777782752,299.220026730389
2017-08-25 06:00:00,302.03594610981287,300.6357967570677
2017-08-25 08:00:00,304.821789851725,302.1936936341743
2017-08-25 09:00:00,305.4975075038446,302.5909482371091
2017-08-25 17:00:00,298.16476341682517,298.70255268960966
2017-08-25 18:00:00,297.8907739436498,298.51965240337444
2017-08-25 20:00:00,297.12038911840034,297.8350302956321
2017-08-25 21:00:00,296.8216039249085,297.55841019781786
2017-08-26 05:00:00,300.80264056518746,299.88182218342973
2017-08-26 06:00:00,302.8263314692376,300.82870706755136
2017-08-26 08:00:00,305.56149689332,303.4143374638491
2017-08-26 09:00:00,307.1097639227869,304.2732920360125
2017-08-26 17:00:00,298.20620001042016,298.69071814679586
2017-08-26 18:00:00,297.7962052120449,298.27466396337667
2017-08-26 20:00:00,297.24418487313716,297.73374325321714
2017-08-26 21:00:00,297.0752809639153,297.5344541576133
2017-08-27 05:00:00,304.28142196114516,302.2727309169681
2017-08-27 06:00:00,305.63027072430395,303.2651288424875
2017-08-27 08:00:00,307.9003817377546,305.29099912011566
2017-08-27 09:00:00,307.93292631316814,305.54018784157114
2017-08-27 17:00:00,298.54347327751077,299.4433629722184
2017-08-27 18:00:00,298.0880326563478,298.8439310364804
2017-08-27 20:00:00,297.6321331429739,298.5475485732632
2017-08-27 21:00:00,297.3450985572004,298.0712481764689
2017-08-28 05:00:00,304.53769332344984,302.1187057142449
2017-08-28 06:00:00,306.379677512429,303.20039560467876
2017-08-28 08:00:00,307.3245429228561,304.0100423757027
2017-08-28 09:00:00,307.13077313580385,303.0143533715482
2017-08-28 17:00:00,298.6533213469942,299.17012882085726
2017-08-28 18:00:00,298.42565501819956,298.8001378416464
2017-08-28 20:00:00,297.9720992219099,298.3111651263362
2017-08-28 21:00:00,297.710298018022,298.0281820429492
2017-08-29 05:00:00,302.85233216366527,301.3084581137071
2017-08-29 06:00:00,304.099691429197,302.25756156462916
2017-08-29 08:00:00,305.3843179946687,302.8260730102727
2017-08-29 09:00:00,305.39295564483973,302.5789018345908
2017-08-29 17:00:00,297.9978030635323,298.9297494756055
2017-08-29 18:00:00,298.09685176620127,298.6766872317839
2017-08-29 20:00:00,297.77798544203375,298.04252866677405
2017-08-29 21:00:00,297.708195925861,297.88887348380774
2017-08-30 05:00:00,301.1441644277705,300.239498285373
2017-08-30 06:00:00,301.8985491313258,301.0091241915899
2017-08-30 08:00:00,303.1160365311868,301.6976330350103
2017-08-30 09:00:00,302.95410946227366,301.04089430704687
2017-08-30 17:00:00,297.3432208562302,297.8325891244944
2017-08-30 18:00:00,297.0826082861479,297.5655947128319
2017-08-30 20:00:00,296.8040564820653,297.24140539889345
2017-08-30 21:00:00,296.6162759930768,297.1135613628088
2017-08-31 05:00:00,299.4222207326551,298.8027214438228
2017-08-31 06:00:00,301.2636538653969,300.023276941802
2017-08-31 08:00:00,304.2257700304405,301.8721007595444
2017-08-31 09:00:00,304.3522322879551,302.0647822352147
2017-08-31 17:00:00,298.05676678626673,298.60030949244333
2017-08-31 18:00:00,297.8951696269501,298.38006815153574
2017-08-31 20:00:00,297.3396152913662,297.7223838488751
2017-08-31 21:00:00,297.1436402918929,297.5137769937148
2017-09-01 05:00:00,300.34511539124196,299.158448582254
2017-09-01 06:00:00,302.31917408618426,300.19277671966785
2017-09-01 08:00:00,302.90959842252806,301.24491412099593
2017-09-01 09:00:00,302.5325781494517,301.1471989283393
2017-09-01 17:00:00,297.3812568088526,298.08248645094767
2017-09-01 18:00:00,297.04084018419263,297.7293135961877
2017-09-01 20:00:00,296.27141555762626,296.95263671875006
2017-09-01 21:00:00,296.092325525034,296.7267855980731
2017-09-02 05:00:00,302.2710648641014,300.72958557411044
2017-09-02 06:00:00,303.8269562802073,301.55033004596163
2017-09-02 08:00:00,304.9260489488787,302.17253568910854
2017-09-02 09:00:00,304.13392279438324,301.8360541862406
2017-09-02 17:00:00,297.34116456394753,297.59568191786946
2017-09-02 18:00:00,296.9986666075438,297.2830507251992
2017-09-02 20:00:00,297.1379442729274,297.302020456464
2017-09-02 21:00:00,297.1995815047865,297.29698430371394
2017-09-03 05:00:00,298.55416623249266,297.81875288247693
2017-09-03 06:00:00,298.56403126297823,298.0796636455048
2017-09-03 08:00:00,302.2452666248857,300.58362667512824
2017-09-03 09:00:00,302.04384254490833,300.839974307867
2017-09-03 17:00:00,297.70172847988795,298.3170467664722
2017-09-03 18:00:00,297.5289833997541,298.13660747134264
2017-09-03 20:00:00,297.16340968715394,297.9678858682077
2017-09-03 21:00:00,296.85023919386197,297.59215445731564
2017-09-04 05:00:00,302.9280364237875,301.2965529196435
2017-09-04 06:00:00,303.8215038375972,301.8787698613477
2017-09-04 08:00:00,306.48022634920613,303.59637672177456
2017-09-04 09:00:00,306.6096768136752,303.8367214584939
2017-09-04 17:00:00,297.1649897124256,298.11720480426624
2017-09-04 18:00:00,296.71389067521994,297.708175682691
2017-09-04 20:00:00,296.3493115817454,297.38865000955496
2017-09-04 21:00:00,296.18098682468224,297.07273105333326
2017-09-05 05:00:00,303.1957470580867,300.95307247590944
2017-09-05 06:00:00,304.6054823630029,301.7078883754454
2017-09-05 08:00:00,306.7060506670795,303.3890286109114
2017-09-05 09:00:00,306.19454979565916,303.44873545313106
2017-09-05 17:00:00,297.31974580879387,298.09812647462445
2017-09-05 18:00:00,296.884569376753,297.73492062514293
2017-09-05 20:00:00,296.60901873431334,297.5666410801775
2017-09-05 21:00:00,296.23622989507595,297.0786752568555
2017-09-06 05:00:00,303.00737331020076,300.6828226051272
2017-09-06 06:00:00,303.72020108967973,301.31983651512394
2017-09-06 08:00:00,307.18876165968976,303.0409632654881
2017-09-06 09:00:00,307.43959560306126,303.3925363220309
2017-09-06 17:00:00,297.58370647224694,298.52563368410836
2017-09-06 18:00:00,297.13980525741226,298.0438762129915
2017-09-06 20:00:00,296.79959226352594,297.68437947183617
2017-09-06 21:00:00,296.4457857575733,297.20388535321774
2017-09-07 05:00:00,304.1612996717079,301.31040961643214
2017-09-07 06:00:00,306.2467578247258,302.3857482063752
2017-09-07 08:00:00,309.0528281142789,304.012302816006
2017-09-07 09:00:00,309.23085106613087,304.34623346784264
2017-09-07 17:00:00,297.8459583159037,298.8049519308176
2017-09-07 18:00:00,297.4287675290336,298.3853480452198
2017-09-07 20:00:00,296.6848093041654,297.6308879176347
2017-09-07 21:00:00,296.30600264774085,297.2923547777079
2017-09-08 05:00:00,305.3473579394983,302.55158794385443
2017-09-08 06:00:00,307.5937637070478,303.70397794044624
2017-09-08 08:00:00,309.4268211517569,304.97727305642996
2017-09-08 09:00:00,309.6479842034621,305.2597254207946
2017-09-08 17:00:00,298.4528697855851,299.62006569790367
2017-09-08 18:00:00,298.2930464075967,299.4035121641468
2017-09-08 20:00:00,297.7541809082031,298.8218962400463
2017-09-08 21:00:00,297.44576694858824,298.4431245213114
2017-09-09 05:00:00,305.55254682590856,303.2912406745052
2017-09-09 06:00:00,307.3324370773621,304.3652126035999
2017-09-09 08:00:00,309.92144152342996,305.6207392711669
2017-09-09 09:00:00,310.0554734569485,306.0595288151769
2017-09-09 17:00:00,299.22154802460517,300.2099301142759
2017-09-09 18:00:00,298.8012335825775,299.7390407097909
2017-09-09 20:00:00,297.96322537791013,298.9597633726241
2017-09-09 21:00:00,297.70437955929793,298.70554303608617
2017-09-10 05:00:00,305.0745580170666,302.88318851512093
2017-09-10 06:00:00,306.19133599844105,303.61035316126373
2017-09-10 08:00:00,310.5908304928631,305.55649487887763
2017-09-10 09:00:00,310.8509566861051,306.17048767277936
2017-09-10 17:00:00,299.06230311694975,299.8621634085116
2017-09-10 18:00:00,298.73031818407526,299.4817567187575
2017-09-10 20:00:00,298.30096397928907,299.045440462227
2017-09-10 21:00:00,298.1657695799653,298.82277156318463
2017-09-11 05:00:00,307.86053363347463,304.1758272379683
2017-09-11 06:00:00,309.8990917940537,305.34579427804346
2017-09-11 08:00:00,311.98085915399446,306.1753382513814
2017-09-11 09:00:00,310.800492461547,303.9867126511867
2017-09-11 17:00:00,298.45124410150237,298.7284885165504
2017-09-11 18:00:00,298.2402232306764,298.437105975276
2017-09-11 20:00:00,297.0813945188361,297.2776911519525
2017-09-11 21:00:00,296.6431355057586,297.0263088091129
2017-09-12 05:00:00,306.17969013325796,302.9622008289872
2017-09-12 06:00:00,307.90083543398345,304.00968333569074
2017-09-12 08:00:00,310.61290333046935,305.76738077172513
2017-09-12 09:00:00,310.3296193738564,305.9381672957645
2017-09-12 17:00:00,298.1914594794275,299.0045119933612
2017-09-12 18:00:00,297.7702079267458,298.5981668904309
2017-09-12 20:00:00,297.51182384520354,298.4642608595556
2017-09-12 21:00:00,297.3656480316021,298.2132020077463
2017-09-13 05:00:00,303.67768074588156,301.56431194005654
2017-09-13 06:00:00,306.2964480830635,302.9800425384004
2017-09-13 08:00:00,309.55047772000495,304.90527360207864
2017-09-13 09:00:00,309.29740694160637,305.1858236962364
2017-09-13 17:00:00,297.31667213851387,298.16680555534657
2017-09-13 18:00:00,297.08350262987227,298.03652312244947
2017-09-13 20:00:00,296.8018743811844,297.42198510309584
2017-09-13 21:00:00,296.6716406400472,297.2144116841038
2017-09-14 05:00:00,306.7199628503738,303.04122562731726
2017-09-14 06:00:00,308.31843004976105,303.8785493495101
2017-09-14 08:00:00,308.6892098072681,304.05064563721834
2017-09-14 09:00:00,308.94304401885563,304.15043339192965
2017-09-14 17:00:00,298.6571467183588,299.18548802638827
2017-09-14 18:00:00,298.284102711729,298.79057368438674
2017-09-14 20:00:00,297.69808376882406,298.5101056209147
2017-09-14 21:00:00,297.3701276735091,298.1760239329287
2017-09-15 05:00:00,306.71785669076974,304.0894583068754
2017-09-15 06:00:00,309.125139915337,305.33226906610383
2017-09-15 08:00:00,311.1706715541187,306.7365610977902
2017-09-15 09:00:00,310.92685465526137,306.9883657493651
2017-09-15 17:00:00,298.2752512974438,298.98987594628
2017-09-15 18:00:00,297.8977286363787,298.7333599261033
2017-09-15 20:00:00,297.43481318351854,298.22763249613286
2017-09-15 21:00:00,297.29260702970765,298.01095075563217
2017-09-16 05:00:00,304.3853432254174,302.79703981373086
2017-09-16 06:00:00,305.20944587695766,303.47852747466055
2017-09-16 08:00:00,302.8374584180365,300.71789515514405
2017-09-16 09:00:00,303.2330819763278,301.3989107575733
2017-09-16 17:00:00,298.2698623586693,299.1930736665182
2017-09-16 18:00:00,297.93513077322984,298.9112480880667
2017-09-16 20:00:00,297.2940327507689,298.3847280775637
2017-09-16 21:00:00,297.0279705829356,298.13047724695895
2017-09-17 05:00:00,305.4022550186134,303.4906822169323
2017-09-17 06:00:00,307.28445561530964,304.6832298666744
2017-09-17 08:00:00,309.38785055715977,306.24287475679984
2017-09-17 09:00:00,309.5363765769453,306.74932896594976
2017-09-17 17:00:00,299.3749899371931,300.58011339184685
2017-09-17 18:00:00,298.91683228761644,300.0341127980472
2017-09-17 20:00:00,297.22670660033623,298.3693898675622
2017-09-17 21:00:00,296.6915384771644,297.9352192224817
2017-09-18 05:00:00,307.8590714464937,305.3863915677063
2017-09-18 06:00:00,309.9467486835592,306.4994673765679
2017-09-18 08:00:00,311.1768677039948,307.5176198574354
2017-09-18 09:00:00,310.7365198826019,307.8879883094635
2017-09-18 17:00:00,297.8875781325236,299.4007437166705
2017-09-18 18:00:00,297.2381107700624,298.7088126254559
2017-09-18 20:00:00,296.0598661543225,297.7646312743012
2017-09-18 21:00:00,295.22331432936187,297.4233800949779
2017-09-19 05:00:00,307.14615702812773,304.89694681740684
2017-09-19 06:00:00,309.7188426107398,306.24341972362834
2017-09-19 08:00:00,312.04339554938036,308.17166323434043
2017-09-19 09:00:00,311.69729543724117,308.6272055886009
2017-09-19 17:00:00,296.94652664349144,298.79717744847846
2017-09-19 18:00:00,296.24010407575656,298.08228639388125
2017-09-19 20:00:00,294.7545843609309,296.5737939020519
2017-09-19 21:00:00,294.02517098307794,296.03355783894546
2017-09-20 05:00:00,307.6977656618657,304.8204701898278
2017-09-20 06:00:00,309.9808871558708,306.1927783184316
2017-09-20 08:00:00,312.8748203741935,307.7714500721137
2017-09-20 09:00:00,312.7160213805494,308.1519086981775
2017-09-20 17:00:00,299.0774206740464,300.53616443510595
2017-09-20 18:00:00,298.3543861753584,299.59556081151743
2017-09-20 20:00:00,296.3348376446035,298.0730567779306
2017-09-20 21:00:00,295.7708495952683,297.23636108774616
2017-09-21 05:00:00,309.0767056269712,305.72630077297407
2017-09-21 06:00:00,311.36211629200426,306.75885752720535
2017-09-21 08:00:00,312.9268840207892,307.76913339294526
2017-09-21 09:00:00,313.27664154005714,308.2436933003148
2017-09-21 17:00:00,300.5002139051817,301.5420281361726
2017-09-21 18:00:00,299.93834809713263,300.930034948975
2017-09-21 20:00:00,298.9698837821032,299.85528700818264
2017-09-21 21:00:00,298.2744339530016,299.1530416808988
2017-09-22 05:00:00,304.72629976199113,302.9133475234585
2017-09-22 06:00:00,307.0119664878434,304.39874175884324
2017-09-22 08:00:00,310.45371661311117,307.17089053772634
2017-09-22 09:00:00,310.4982581469238,307.81971463290125
2017-09-22 17:00:00,300.0272171420199,300.554457795271
2017-09-22 18:00:00,299.4094848162588,300.02390981712404
2017-09-22 20:00:00,298.55371676828537,299.2571935433269
2017-09-22 21:00:00,298.0803924936727,298.8716345083181
2017-09-23 05:00:00,305.50246411809934,302.84712437892733
2017-09-23 06:00:00,307.900506441325,304.30549351202876
2017-09-23 08:00:00,309.93435946377843,306.0799766035036
2017-09-23 09:00:00,309.89247871951443,306.4271690474453
2017-09-23 17:00:00,299.69199659350477,300.4443119795554
2017-09-23 18:00:00,298.9938904419886,299.73572856509264
2017-09-23 20:00:00,297.91303402470146,298.68295321001665
2017-09-23 21:00:00,297.47565268588545,298.25321838190814
2017-09-24 05:00:00,306.0167704671851,302.8302677665911
2017-09-24 06:00:00,308.6921762663337,304.42157591362763
2017-09-24 08:00:00,312.0268815662167,306.6664974171502
2017-09-24 09:00:00,312.1761768734878,307.07586361924746
2017-09-24 17:00:00,299.1068360691629,299.94302857197675
2017-09-24 18:00:00,298.46176744646215,299.35321301194296
2017-09-24 20:00:00,297.73644925486326,298.6780712909434
2017-09-24 21:00:00,297.32515891711404,298.18209994041314
2017-09-25 05:00:00,304.47171044019046,301.99134676188277
2017-09-25 06:00:00,307.5675290523582,303.71062790410724
2017-09-25 08:00:00,311.9176552512429,306.0070003045175
2017-09-25 09:00:00,312.1680960633171,306.46290028811603
2017-09-25 17:00:00,298.7661867303363,299.7058536899843
2017-09-25 18:00:00,298.1578969852583,299.14158698553666
2017-09-25 20:00:00,297.19637713557216,298.1251910287537
2017-09-25 21:00:00,296.6747516226511,297.54193279812995
2017-09-26 05:00:00,306.74681220620374,303.0283938086088
2017-09-26 06:00:00,309.5773331652438,304.4342722371106
2017-09-26 08:00:00,312.0919387652805,305.7129707982985
2017-09-26 09:00:00,312.43731776444685,306.18855793487126
2017-09-26 17:00:00,299.2563915987411,300.1740016849089
2017-09-26 18:00:00,298.58587286762537,299.51678238737935
2017-09-26 20:00:00,297.61162497780543,298.5935598646731
2017-09-26 21:00:00,297.2547974667307,298.20910708011576
2017-09-27 05:00:00,307.87029845909274,304.56554077806754
2017-09-27 06:00:00,310.5281937750536,306.02058003900237
2017-09-27 08:00:00,314.212365736763,307.98884951645863
2017-09-27 09:00:00,314.0906735553947,308.29606489701706
2017-09-27 17:00:00,299.1893823091716,300.2456963396587
2017-09-27 18:00:00,298.43969435023234,299.6432932896313
2017-09-27 20:00:00,297.334172488361,298.79224432194366
2017-09-27 21:00:00,296.9374279850988,298.3847915813993
2017-09-28 05:00:00,308.5362514971952,305.40713987659046
2017-09-28 06:00:00,311.56178791534,307.243539066638
2017-09-28 08:00:00,314.0552489246903,308.6111366730442
2017-09-28 09:00:00,313.8325020624052,308.8092113900442
2017-09-28 17:00:00,299.15275599592826,300.6759308754755
2017-09-28 18:00:00,298.66742122044735,300.2637562097864
2017-09-28 20:00:00,297.5392488029962,299.15497084795425
2017-09-28 21:00:00,297.1566087578772,298.8004595928457
2017-09-29 05:00:00,308.62808780052995,305.85768303775643
2017-09-29 06:00:00,311.50965580403897,307.5385176037052
2017-09-29 08:00:00,313.70575884567756,308.6885211868169
2017-09-29 09:00:00,312.9392154734748,308.6552049727947
2017-09-29 17:00:00,299.1929591903334,300.6392154311546
2017-09-29 18:00:00,298.47437564985046,300.01688019410125
2017-09-29 20:00:00,297.32098579112846,299.044735995206
2017-09-29 21:00:00,296.89392790478445,298.60684244070654
2017-09-30 05:00:00,309.2134401765186,306.33692490117755
2017-09-30 06:00:00,312.38674957322417,308.23933093242914
2017-09-30 08:00:00,315.3487258934644,309.5430385548455
2017-09-30 09:00:00,315.30234072645567,309.7744650348493
2017-09-30 17:00:00,299.5704859423527,301.2068804489629
2017-09-30 18:00:00,298.8414094099095,300.59613892918196
2017-09-30 20:00:00,297.7470810571327,299.71367256152797
2017-09-30 21:00:00,297.28533230209945,299.32941513179077
2017-10-01 05:00:00,309.97925477108714,306.920166932563
2017-10-01 06:00:00,312.7044659395615,308.036377964108
2017-10-01 08:00:00,315.3191924484559,308.9851474615018
2017-10-01 09:00:00,315.2684305481992,309.2375730446932
2017-10-01 17:00:00,300.1856311157415,301.6883358712924
2017-10-01 18:00:00,299.463545459812,301.1271498669829
2017-10-01 20:00:00,298.84211641614354,300.6255275685174
2017-10-01 21:00:00,298.2316267016489,299.9244344091195
2017-10-02 05:00:00,309.4927687916807,306.4642918003359
2017-10-02 06:00:00,312.4303170837496,307.91310705058567
2017-10-02 08:00:00,316.18469421668857,309.1370844201792
2017-10-02 09:00:00,316.218795658811,309.390320153376
2017-10-02 17:00:00,299.54210196143856,300.92951887744977
2017-10-02 18:00:00,298.66554039248336,300.1739545448903
2017-10-02 20:00:00,297.2563729308236,299.0196087195069
2017-10-02 21:00:00,296.6581987283997,298.48568789066263
2017-10-03 05:00:00,309.6450986465431,306.61108748754845
2017-10-03 06:00:00,312.6342812466144,308.0955285776194
2017-10-03 08:00:00,316.5206697108382,309.4283362625193
2017-10-03 09:00:00,316.60895720542123,309.7604008984676
2017-10-03 17:00:00,299.20996700339765,300.77170328807387
2017-10-03 18:00:00,298.44964684249805,300.12725719575343
2017-10-03 20:00:00,297.08046591924773,298.83178243064
2017-10-03 21:00:00,296.4937782934157,298.31672480367183
2017-10-04 05:00:00,310.1166636697684,306.04596525641915
2017-10-04 06:00:00,313.07566795878125,307.7894289460498
2017-10-04 08:00:00,316.1691065055013,308.9473457277648
2017-10-04 09:00:00,316.161604823978,309.24147254696976
2017-10-04 17:00:00,299.0742758117582,300.52748206657327
2017-10-04 18:00:00,298.2674807885027,299.86820631218256
2017-10-04 20:00:00,296.9142227290408,298.5660568731041
2017-10-04 21:00:00,296.1924810189129,297.76277955324144
2017-10-05 05:00:00,309.58900698528083,305.76108808473373
2017-10-05 06:00:00,312.5717719361668,307.0579318618187
2017-10-05 08:00:00,316.3545765693089,308.43068776182105
2017-10-05 09:00:00,316.43262995409856,308.8337420447398
2017-10-05 17:00:00,298.6071255394417,300.7603413210077
2017-10-05 18:00:00,297.90178606359547,299.8967677323587
2017-10-05 20:00:00,296.1208035978955,298.1797364268722
2017-10-05 21:00:00,296.0551744881323,298.21333519887116
2017-10-06 05:00:00,310.3389548138587,306.07644787334334
2017-10-06 06:00:00,313.0902430412399,307.1719342012802
2017-10-06 08:00:00,316.41500821576466,308.4686413781118
2017-10-06 09:00:00,316.3580751345595,308.8625496510181
2017-10-06 17:00:00,298.9255671567285,300.86204865019204
2017-10-06 18:00:00,298.1421158941942,300.2113800048828
2017-10-06 20:00:00,296.4730658156479,298.4794603297817
2017-10-06 21:00:00,295.84721515579105,297.9081765102863
2017-10-07 05:00:00,310.39614334459117,305.8900252520028
2017-10-07 06:00:00,313.55978805001234,307.0623207738844
2017-10-07 08:00:00,317.06837406951956,308.4662649098824
2017-10-07 09:00:00,316.71192428988564,308.8742616062723
2017-10-07 17:00:00,297.7248605925056,299.64481044587075
2017-10-07 18:00:00,296.5349182928288,298.63598042680604
2017-10-07 20:00:00,294.75623649514887,296.90730741762417
2017-10-07 21:00:00,294.0795191454777,296.244309929376
2017-10-08 05:00:00,310.0223565006109,306.2545532085495
2017-10-08 06:00:00,313.24593086419014,307.3899530019892
2017-10-08 08:00:00,316.42809007641716,308.8305638435258
2017-10-08 09:00:00,316.22244972734495,309.10957606804936
2017-10-08 17:00:00,296.70222941018034,300.3875278890225
2017-10-08 18:00:00,295.7494297350867,299.09672981344494
2017-10-08 20:00:00,294.1581458281296,296.6284399047288
2017-10-08 21:00:00,293.5444453258544,295.94810126118006
2017-10-09 05:00:00,309.48093326139525,305.7670603371548
2017-10-09 06:00:00,312.71503454364137,307.1982584337608
2017-10-09 08:00:00,316.4151621437955,308.84922889274515
2017-10-09 09:00:00,316.3198568288277,309.1766890891712
2017-10-09 17:00:00,297.8047909023949,299.5331152400177
2017-10-09 18:00:00,296.8685519978152,298.59880519684737
2017-10-09 20:00:00,294.8720886277491,296.8706938709794
2017-10-09 21:00:00,294.3116230075642,296.35243921030104
2017-10-10 05:00:00,310.2082429953459,305.32021222459883
2017-10-10 06:00:00,313.6779217830241,306.9886706665227
2017-10-10 08:00:00,315.324948421061,308.40358453171643
2017-10-10 09:00:00,314.3769833134209,308.46911456515136
2017-10-10 17:00:00,296.8662552326596,299.72105522919884
2017-10-10 18:00:00,295.6944352959632,298.1167029100133
2017-10-10 20:00:00,294.3457449279691,296.65515056780566
2017-10-10 21:00:00,293.96637985629184,296.5045997372762
2017-10-11 05:00:00,310.4286622222289,306.41433953283746
2017-10-11 06:00:00,314.00666524596136,307.74488122878347
2017-10-11 08:00:00,317.8585235407614,308.90329445014567
2017-10-11 09:00:00,316.7794260457044,308.94670476457924
2017-10-11 17:00:00,297.1616615330677,298.6250255802196
2017-10-11 18:00:00,296.49092790929853,297.97344723835204
2017-10-11 20:00:00,294.96042140496354,298.10256755811224
2017-10-11 21:00:00,293.8887053314821,295.85338356241425
2017-10-12 05:00:00,310.1031968597271,306.2712021696916
2017-10-12 06:00:00,314.11710081409046,307.7452365775321
2017-10-12 08:00:00,313.37396820961783,307.9121056602255
2017-10-12 09:00:00,312.3662148168532,307.92804949603203
2017-10-12 17:00:00,298.7583071057712,299.50608012194994
2017-10-12 18:00:00,297.5875151976599,298.46696267620257
2017-10-12 20:00:00,296.0476511762763,297.25907763935203
2017-10-12 21:00:00,295.401114300697,296.5079925725199
2017-10-13 05:00:00,311.22536079394985,305.27850772052415
2017-10-13 06:00:00,314.74744188399825,306.8522428209866
2017-10-13 08:00:00,317.209915984026,309.074985944986
2017-10-13 09:00:00,316.40954890787503,309.14036054567123
2017-10-13 17:00:00,297.508078294469,299.28894419148446
2017-10-13 18:00:00,296.67113456079517,298.5327466309346
2017-10-13 20:00:00,295.02553232719066,296.9638188719199
2017-10-13 21:00:00,294.34282281108557,296.30939503627127
2017-10-14 05:00:00,309.0832558324782,305.5650524497951
2017-10-14 06:00:00,312.43444958232766,307.628742940988
2017-10-14 08:00:00,316.12497973331875,309.5243116240656
2017-10-14 09:00:00,316.11432425523947,309.6082048930446
2017-10-14 17:00:00,298.0477498294025,299.7490685085303
2017-10-14 18:00:00,297.0266798163415,298.8161728069852
2017-10-14 20:00:00,295.179202980547,297.14029391484195
2017-10-14 21:00:00,294.4895492577222,296.6443963895777
2017-10-15 05:00:00,309.83093842446164,306.44126997890385
2017-10-15 06:00:00,312.59867877695706,307.83653814142406
2017-10-15 08:00:00,315.0502002169428,309.27222914027146
2017-10-15 09:00:00,314.8198950110673,309.29377795955617
2017-10-15 17:00:00,297.31159190220535,299.23136612667327
2017-10-15 18:00:00,296.5480396288385,298.6530848945418
2017-10-15 20:00:00,295.1088480192634,297.15244078085124
2017-10-15 21:00:00,294.5717826572883,296.7065813861018
2017-10-16 05:00:00,308.34520137181454,305.1487415942646
2017-10-16 06:00:00,311.8713645053387,307.11597542549686
2017-10-16 08:00:00,315.9270667971007,309.4271097050977
2017-10-16 09:00:00,315.8288239653929,309.56809708370446
2017-10-16 17:00:00,296.96430879895604,298.7024106112394
2017-10-16 18:00:00,296.1505443179185,298.03781022129147
2017-10-16 20:00:00,295.0718942886141,297.28959169079235
2017-10-16 21:00:00,294.6542860598337,296.90513874165634
2017-10-17 05:00:00,309.22749450871686,305.8771332445424
2017-10-17 06:00:00,312.6832263635009,307.6480848785542
2017-10-17 08:00:00,316.07438636156735,309.222284090721
2017-10-17 09:00:00,315.70366615800907,309.32545116171815
2017-10-17 17:00:00,294.7170648325023,297.06935034988476
2017-10-17 18:00:00,293.2196361147935,296.3626312114792
2017-10-17 20:00:00,291.17729584351525,296.82500677593686
2017-10-17 21:00:00,290.5238628887065,296.80546431107956
2017-10-18 05:00:00,311.2111601043372,305.29325130797685
2017-10-18 06:00:00,315.10190167302164,306.88933112992345
2017-10-18 08:00:00,317.67804651010573,308.5502239632864
2017-10-18 09:00:00,316.73362595568454,308.8560971346768
2017-10-18 17:00:00,295.33859485690874,297.44888185756787
2017-10-18 18:00:00,294.21562900161155,296.4956649756762
2017-10-18 20:00:00,292.38392164233284,294.90629911496205
2017-10-18 21:00:00,291.7824168388943,294.390248467632
2017-10-19 05:00:00,309.5694543870829,304.84315890413586
2017-10-19 06:00:00,313.2767263215569,306.37908183187477
2017-10-19 08:00:00,316.22516007856893,308.13748509858164
2017-10-19 09:00:00,315.6466325427792,308.53117260102687
2017-10-19 17:00:00,295.5215005037046,297.32067219832646
2017-10-19 18:00:00,294.4571639238778,296.30583339038725
2017-10-19 20:00:00,292.27202423989127,296.59823627207425
2017-10-19 21:00:00,291.37260192494915,296.0279672443408
2017-10-20 05:00:00,309.2302570078516,304.51826394761474
2017-10-20 06:00:00,312.80586959768334,305.9237192444882
2017-10-20 08:00:00,317.35031403011095,307.6823114709605
2017-10-20 09:00:00,317.05913135781304,308.0557838052006
2017-10-20 17:00:00,295.3937425657487,296.99390946257466
2017-10-20 18:00:00,293.910707776462,296.16590632128606
2017-10-20 20:00:00,291.9192967583843,295.7722496890875
2017-10-20 21:00:00,291.1931471156045,296.33943606525065
2017-10-21 05:00:00,311.1678032309322,306.0032021591586
2017-10-21 06:00:00,314.2661695906488,307.35599427304027
2017-10-21 08:00:00,316.57094203672716,308.4375114264584
2017-10-21 09:00:00,315.83668341732175,308.474282874532
2017-10-21 17:00:00,296.8737394923606,298.47661652880936
2017-10-21 18:00:00,295.99120912713516,297.79701021309074
2017-10-21 20:00:00,294.4269595153526,296.38741722165713
2017-10-21 21:00:00,293.8386038852216,295.8642800306135
2017-10-22 05:00:00,307.82866930851407,304.58776556876114
2017-10-22 06:00:00,311.4638686451963,306.55438810798165
2017-10-22 08:00:00,313.424070431749,307.273887646033
2017-10-22 09:00:00,312.6873696067116,307.02350883307554
2017-10-22 17:00:00,295.1481508980914,296.9158095960808
2017-10-22 18:00:00,294.50277535977824,296.31209943915366
2017-10-22 20:00:00,293.55708531642733,295.59581978772934
2017-10-22 21:00:00,293.1581079985584,295.23405331933446
2017-10-23 05:00:00,307.20814972629165,303.2951812038804
2017-10-23 06:00:00,310.8202568254045,304.9673835507527
2017-10-23 08:00:00,313.79781389750764,306.1707043052638
2017-10-23 09:00:00,313.2678228769171,306.2293417156202
2017-10-23 17:00:00,293.95513659743204,295.80948475512963
2017-10-23 18:00:00,293.0420520706059,295.13062696647944
2017-10-23 20:00:00,291.79997323951665,294.19190210186645
2017-10-23 21:00:00,291.4301012741583,293.8053696783739
2017-10-24 05:00:00,306.84859296096306,303.1772751536318
2017-10-24 06:00:00,310.63579974299404,305.06645228499076
2017-10-24 08:00:00,314.1980688862147,306.5300428628554
2017-10-24 09:00:00,313.84327375650037,306.7585509877727
2017-10-24 17:00:00,293.9736660573809,295.8897970049701
2017-10-24 18:00:00,292.9486845983379,294.9758479936832
2017-10-24 20:00:00,290.91371352279504,293.3517451117329
2017-10-24 21:00:00,289.95980604550874,293.10415672925296
2017-10-25 05:00:00,309.94893170137806,304.0018643701022
2017-10-25 06:00:00,312.8717546977321,305.3820384162233
2017-10-25 08:00:00,314.83857696486183,306.33272389087176
2017-10-25 09:00:00,314.1065879316286,306.43875973176887
2017-10-25 17:00:00,294.19541966419195,295.84264664143
2017-10-25 18:00:00,293.06440140029133,294.71492131355177
2017-10-25 20:00:00,290.3856072095216,295.25351391808465
2017-10-25 21:00:00,289.4074265020103,294.20538873187564
2017-10-26 05:00:00,308.32960846464516,303.14269111997726
2017-10-26 06:00:00,312.1817634476719,304.820176040814
2017-10-26 08:00:00,315.19574585901387,305.87506296307726
2017-10-26 09:00:00,314.76081855197907,305.9699275600157
2017-10-26 17:00:00,293.20990063119194,295.3451026951771
2017-10-26 18:00:00,291.7757313262516,294.52903959159676
2017-10-26 20:00:00,289.91494069150855,292.3702782864563
2017-10-26 21:00:00,289.31816893402714,291.7082039667021
2017-10-27 05:00:00,306.6250750948725,302.5369694361518
2017-10-27 06:00:00,308.24484654971747,303.55042710032416
2017-10-27 08:00:00,312.3331143418887,305.0942221995679
2017-10-27 09:00:00,312.1487226442123,305.3309624294287
2017-10-27 17:00:00,295.8116755316548,297.05536683351494
2017-10-27 18:00:00,295.0076782273585,296.35925349395706
2017-10-27 20:00:00,293.22962549618103,294.8747914553791
2017-10-27 21:00:00,292.47736681922004,294.1462496153563
2017-10-28 05:00:00,306.1087760748959,302.5207310281292
2017-10-28 06:00:00,309.39057924714405,304.2021889943739
2017-10-28 08:00:00,313.27168452611136,305.8481539122313
2017-10-28 09:00:00,313.20014582135826,305.97298881636567
2017-10-28 17:00:00,294.8054446792015,296.3787667108427
2017-10-28 18:00:00,293.81869262319134,295.41890586065404
2017-10-28 20:00:00,292.3492614322892,294.1779172453564
2017-10-28 21:00:00,291.7200853909109,293.6652427402961
2017-10-29 05:00:00,309.05426862390453,303.2032189979024
2017-10-29 06:00:00,312.0474225295527,304.786249851409
2017-10-29 08:00:00,314.29278458652584,305.76746099204604
2017-10-29 09:00:00,313.8033373675471,305.94803009268315
2017-10-29 17:00:00,293.8777979775827,295.3875612514596
2017-10-29 18:00:00,292.69054691449884,294.2928955595372
2017-10-29 20:00:00,290.28649500301697,292.3725413365063
2017-10-29 21:00:00,289.45986489412047,291.61565513199395
2017-10-30 05:00:00,307.42329792322477,302.4057103467097
2017-10-30 06:00:00,311.7305564233812,304.26399560114265
2017-10-30 08:00:00,314.1490933222837,305.7161097122451
2017-10-30 09:00:00,312.9959643441834,305.7822009822805
2017-10-30 17:00:00,292.5201643134119,294.5250797359896
2017-10-30 18:00:00,291.48088847249977,293.65761924708386
2017-10-30 20:00:00,290.09804825275813,291.9819290090599
2017-10-30 21:00:00,289.49269661220086,291.4027446400036
2017-10-31 05:00:00,309.1602830695812,302.5998303100398
2017-10-31 06:00:00,312.0593668227938,303.9215820970815
2017-10-31 08:00:00,314.2231541003211,305.1151485119836
2017-10-31 09:00:00,313.32104489836377,305.2481080747349
2017-10-31 17:00:00,293.45077686280433,295.07415693897315
2017-10-31 18:00:00,292.3410802056499,294.1136430643373
2017-10-31 20:00:00,290.0373919564881,294.4437527649209
2017-10-31 21:00:00,289.2071799820487,294.5649172367043
2017-11-01 05:00:00,307.87046000476244,302.58764018336507
2017-11-01 06:00:00,311.6305961432553,303.8673081596387
2017-11-01 08:00:00,315.1340390574216,305.02607922194005
2017-11-01 09:00:00,314.4101481856477,305.18380655015386
2017-11-01 17:00:00,294.15692493691466,295.75765328194217
2017-11-01 18:00:00,293.2824489082137,295.063076236766
2017-11-01 20:00:00,291.6221174525186,293.6813984593185
2017-11-01 21:00:00,290.95966953930025,293.1088321256711
2017-11-02 05:00:00,307.610165682706,302.7029111183296
2017-11-02 06:00:00,310.9679941609387,304.1799200260768
2017-11-02 08:00:00,313.38432488345956,305.5821294093904
2017-11-02 09:00:00,312.76957937749034,305.6318724269309
2017-11-02 17:00:00,293.5081076364856,295.0502506485338
2017-11-02 18:00:00,292.5124244866276,294.1532989407908
2017-11-02 20:00:00,291.2536939200709,292.96796789889345
2017-11-02 21:00:00,290.68665669915856,292.35002437174234
2017-11-03 05:00:00,308.6703446069373,302.18081277103744
2017-11-03 06:00:00,311.92854802817885,303.39803000334047
2017-11-03 08:00:00,315.0674084632533,304.88344631577127
2017-11-03 09:00:00,314.18051655303526,305.04192527453597
2017-11-03 17:00:00,293.68285617916536,295.2230135736921
2017-11-03 18:00:00,292.7490941592835,294.4121628160286
2017-11-03 20:00:00,291.498574913742,293.00050485666804
2017-11-03 21:00:00,291.092229740278,292.60169425693977
2017-11-04 05:00:00,305.6100523820827,301.078456484849
2017-11-04 06:00:00,309.3949475633712,302.62931915424275
2017-11-04 08:00:00,313.3272104836392,304.18173579846405
2017-11-04 09:00:00,312.84397117015214,304.3756150067863
2017-11-04 17:00:00,294.16306964421676,295.23194511425334
2017-11-04 18:00:00,293.3462132481838,294.4796798541476
2017-11-04 20:00:00,291.8285774501336,293.09781582072634
2017-11-04 21:00:00,291.2706090753729,292.56532468634134
2017-11-05 05:00:00,304.9819512271734,300.07078627482036
2017-11-05 06:00:00,308.35711669921875,301.2738015479042
2017-11-05 08:00:00,311.91307716781074,302.5305545377805
2017-11-05 09:00:00,311.8460988425327,302.8415513001899
2017-11-05 17:00:00,293.7855376021704,294.9729134628696
2017-11-05 18:00:00,293.06183183431995,294.4588971483322
2017-11-05 20:00:00,291.73171136559256,293.2513595134341
2017-11-05 21:00:00,291.06908601311216,292.65326219273646
2017-11-06 05:00:00,305.76796013548494,300.45076955081134
2017-11-06 06:00:00,309.39653922670243,301.4210602653045
2017-11-06 08:00:00,313.0100187939378,302.67404729669744
2017-11-06 09:00:00,312.80122260283247,302.9522533916362
2017-11-06 17:00:00,292.23890239321764,293.57965685075897
2017-11-06 18:00:00,291.1709067839871,292.7201978216186
2017-11-06 20:00:00,289.84710230188125,291.6237577840985
2017-11-06 21:00:00,289.36179209563693,291.15482470214096
2017-11-07 05:00:00,306.4822377820596,300.76182135301303
2017-11-07 06:00:00,309.7399508060402,301.72275229337953
2017-11-07 08:00:00,313.2998583401297,303.07639574894375
2017-11-07 09:00:00,313.1385462074691,303.32649167476706
2017-11-07 17:00:00,292.733980269939,294.18804491980603
2017-11-07 18:00:00,292.01462842944227,293.58425644696774
2017-11-07 20:00:00,290.3936760759868,292.1434213082853
2017-11-07 21:00:00,289.6078597481703,291.47777838332263
2017-11-08 05:00:00,306.9131427876571,301.2205768931996
2017-11-08 06:00:00,310.17673538278547,302.15536089928014
2017-11-08 08:00:00,313.59724212317326,303.33839040324204
2017-11-08 09:00:00,313.32647256013604,303.49893080324904
2017-11-08 17:00:00,292.765741827308,294.2093392535241
2017-11-08 18:00:00,291.9576205825218,293.4850731189886
2017-11-08 20:00:00,289.9352662449442,291.6333754999428
2017-11-08 21:00:00,289.1986392451729,291.25522518304905
2017-11-09 05:00:00,307.66522418993463,301.1574869023633
2017-11-09 06:00:00,310.51236961141393,302.105120078441
2017-11-09 08:00:00,313.6558382007852,303.01164078675725
2017-11-09 09:00:00,313.0433968189869,303.20960438967853
2017-11-09 17:00:00,291.8215442298924,294.026551539064
2017-11-09 18:00:00,290.94452934088804,293.06418222859395
2017-11-09 20:00:00,289.46396113838,293.22238168584175
2017-11-09 21:00:00,288.91427532366504,292.5743871139268
2017-11-10 05:00:00,305.7590523412672,300.8046709716044
2017-11-10 06:00:00,309.35936312682827,301.9818209044188
2017-11-10 08:00:00,312.6049072077535,302.95603571393644
2017-11-10 09:00:00,312.238533219865,303.09890243929965
2017-11-10 17:00:00,292.49744621006477,293.9972390996289
2017-11-10 18:00:00,291.6579835771229,293.38116363384324
2017-11-10 20:00:00,289.52025744139877,291.25844415273804
2017-11-10 21:00:00,288.6005959767957,290.99305790929105
2017-11-11 05:00:00,305.0646335266772,299.74342202772897
2017-11-11 06:00:00,308.610854796893,301.19123127941725
2017-11-11 08:00:00,312.19969311260115,302.2486854635512
2017-11-11 09:00:00,312.0703645773772,302.46506590762385
2017-11-11 17:00:00,290.12096613103694,292.3116878750512
2017-11-11 18:00:00,289.2338809114759,291.1156837216511
2017-11-11 20:00:00,287.95532268882715,290.90587029361575
2017-11-11 21:00:00,287.3760232793164,289.8147354243532
2017-11-12 05:00:00,305.3287641293095,299.6065017394549
2017-11-12 06:00:00,309.2325111706562,300.81767216522263
2017-11-12 08:00:00,312.34235413820244,302.05902322966074
2017-11-12 09:00:00,311.62376069949113,302.241823169961
2017-11-12 17:00:00,290.63333912806814,292.76908611185934
2017-11-12 18:00:00,289.5090173565552,292.3702702456153
2017-11-12 20:00:00,287.85486827315464,289.7738752085917
2017-11-12 21:00:00,287.33224912857975,288.9349705206778
2017-11-13 05:00:00,304.8217527980246,299.3134395558221
2017-11-13 06:00:00,308.51594409443015,300.4540760293029
2017-11-13 08:00:00,311.164338568877,301.49989645653767
2017-11-13 09:00:00,310.29252114318,301.58992070225986
2017-11-13 17:00:00,291.51344120631046,292.76948552065534
2017-11-13 18:00:00,290.8283108562828,292.20197104526045
2017-11-13 20:00:00,289.4808079465328,290.8852445722912
2017-11-13 21:00:00,289.0056493021491,290.4794714505941
2017-11-14 05:00:00,302.78688122201225,298.54580474524363
2017-11-14 06:00:00,305.8011569124525,299.8700688013862
2017-11-14 08:00:00,307.66401496029044,300.7996286824231
2017-11-14 09:00:00,306.4938654260386,300.71408360838336
2017-11-14 17:00:00,291.09188088062916,293.13152323812477
2017-11-14 18:00:00,289.83904493240806,292.8606190497776
2017-11-14 20:00:00,288.5450268526474,290.16247309374694
2017-11-14 21:00:00,288.78642947721556,290.4296431107955
2017-11-15 05:00:00,301.2998867416969,296.9969067918869
2017-11-15 06:00:00,305.3025243021491,298.7000588298028
2017-11-15 08:00:00,309.1595365174563,300.19660225561114
2017-11-15 09:00:00,307.510466118623,300.2088735900785
2017-11-15 17:00:00,291.58160884721985,292.6613121091493
2017-11-15 18:00:00,291.1121701327238,292.15431702412513
2017-11-15 20:00:00,290.33848971468274,291.1729382248983
2017-11-15 21:00:00,289.67802972308664,290.55839350484376
2017-11-16 05:00:00,300.68758649781967,296.54447104714137
2017-11-16 06:00:00,303.415738639185,298.00750365646667
2017-11-16 08:00:00,308.0254666132993,299.5553393723968
2017-11-16 09:00:00,307.92358866311,299.8658429397089
2017-11-16 17:00:00,291.8291627152124,292.22086643401207
2017-11-16 18:00:00,291.11098385004124,291.52253930043366
2017-11-16 20:00:00,290.64889629816605,291.1320458927948
2017-11-16 21:00:00,290.4945976363125,290.95257537794777
2017-11-17 05:00:00,298.5253657030949,295.14007883409874
2017-11-17 06:00:00,302.25926582324666,297.07387724936655
2017-11-17 08:00:00,304.721994291285,297.9098430804002
2017-11-17 09:00:00,304.6509947695975,298.05577273141074
2017-11-17 17:00:00,290.7702585699378,291.0903494765836
2017-11-17 18:00:00,290.32484494813235,290.6729870342143
2017-11-17 20:00:00,288.87646902874917,289.5256466387968
2017-11-17 21:00:00,288.34250679662676,289.0220293653397
2017-11-18 05:00:00,298.80333828448516,294.63002289241564
2017-11-18 06:00:00,302.07208357753666,296.0554109640959
2017-11-18 08:00:00,305.2908748162362,297.09133925239547
2017-11-18 09:00:00,303.91212627957526,297.25094096649593
2017-11-18 17:00:00,290.7537959117919,291.19259620043454
2017-11-18 18:00:00,290.40262795376304,290.86478258318084
2017-11-18 20:00:00,289.3141331371431,290.07459504725574
2017-11-18 21:00:00,288.7930998251141,289.5648999559494
2017-11-19 05:00:00,298.1743941108692,294.2380867650953
2017-11-19 06:00:00,301.48092418605995,295.65897339995723
2017-11-19 08:00:00,305.15938122577404,297.14482765609205
2017-11-19 09:00:00,305.0088083417096,297.42610782100166
2017-11-19 17:00:00,288.85185627283414,289.622532966508
2017-11-19 18:00:00,288.03456745823655,288.9179845495474
2017-11-19 20:00:00,287.03217636602136,288.17714520705687
2017-11-19 21:00:00,286.4020454394983,287.5778941197094
2017-11-20 05:00:00,298.20521362022555,293.8114471670659
2017-11-20 06:00:00,301.8574028073915,295.1703627811191
2017-11-20 08:00:00,306.45149839897925,297.0606629734598
2017-11-20 09:00:00,306.17030459082184,297.4049640532084
2017-11-20 17:00:00,286.78901204489785,288.04763192057794
2017-11-20 18:00:00,286.0982113031466,287.4804049640297
2017-11-20 20:00:00,285.20239904371357,286.77382461242206
2017-11-20 21:00:00,284.6710024746982,286.29922527671783
2017-11-21 05:00:00,298.80617599604864,293.81488046513863
2017-11-21 06:00:00,302.34923507619897,295.1224659124765
2017-11-21 08:00:00,306.29435156306425,296.85546209632156
2017-11-21 09:00:00,305.81042703825455,297.25416301615616
2017-11-21 17:00:00,286.5145025032878,287.9492676298497
2017-11-21 18:00:00,285.76723852877626,287.3400577727378
2017-11-21 20:00:00,284.7124609337382,286.52163009761114
2017-11-21 21:00:00,284.13112862561997,285.9612032239353
2017-11-22 05:00:00,299.1648443189718,294.434350882179
2017-11-22 06:00:00,302.4197086751553,295.63414309461973
2017-11-22 08:00:00,306.09081871373627,297.1844277874164
2017-11-22 09:00:00,305.72923897153976,297.55122304954585
2017-11-22 17:00:00,286.2439780918586,287.8542333993779
2017-11-22 18:00:00,285.3187111500415,287.04516079613165
2017-11-22 20:00:00,283.2878929102917,285.3626469169817
2017-11-22 21:00:00,282.4069960348779,285.0331277009703
2017-11-23 05:00:00,299.5342849707934,294.39140663088193
2017-11-23 06:00:00,303.2248301689724,295.73302214024426
2017-11-23 08:00:00,307.0685904668917,297.38426370723585
2017-11-23 09:00:00,306.9929142086459,297.7546492519291
2017-11-23 17:00:00,286.2763673991011,288.00920467053436
2017-11-23 18:00:00,285.2707941322738,287.12829801444826
2017-11-23 20:00:00,283.27613698903514,285.33603217972814
2017-11-23 21:00:00,282.44456782877353,284.7531168133893
2017-11-24 05:00:00,299.8454697290077,295.3643379152648
2017-11-24 06:00:00,303.39276499226577,296.72927804720604
2017-11-24 08:00:00,307.0426169749585,298.4208363913608
2017-11-24 09:00:00,307.0018681083879,298.8034431915989
2017-11-24 17:00:00,284.8333664293098,287.174589935914
2017-11-24 18:00:00,283.8936434659091,286.43189282997736
2017-11-24 20:00:00,282.3971038018978,286.6566879907264
2017-11-24 21:00:00,281.78764018806726,287.46003483329974
2017-11-25 05:00:00,301.2260313577755,296.295547626419
2017-11-25 06:00:00,305.2364207122286,297.7357345839678
2017-11-25 08:00:00,309.015551080689,299.53777598893885
2017-11-25 09:00:00,308.8164469949637,299.8850811692342
2017-11-25 17:00:00,285.3170853013802,289.57980341977435
2017-11-25 18:00:00,284.4162335976247,288.42787786404415
2017-11-25 20:00:00,283.23199298312005,287.7519627410936
2017-11-25 21:00:00,282.7706009404869,287.92516542032064
2017-11-26 05:00:00,300.78802633652884,296.6959719900358
2017-11-26 06:00:00,304.75186359423157,298.31539561972596
2017-11-26 08:00:00,309.1231877778087,299.89986500791485
2017-11-26 09:00:00,308.93122558123525,300.2379834332341
2017-11-26 17:00:00,286.8760884054269,289.6765312347647
2017-11-26 18:00:00,285.6285207833642,289.2848080721769
2017-11-26 20:00:00,284.0169884868322,287.3918822866008
2017-11-26 21:00:00,283.40121779713684,286.5240837297014
2017-11-27 05:00:00,302.23076856522056,297.58467214904687
2017-11-27 06:00:00,306.308587143344,299.06397688150037
2017-11-27 08:00:00,309.2724473009859,300.621015551645
2017-11-27 09:00:00,308.55431310715403,300.76871538676545
2017-11-27 17:00:00,286.61559249807397,290.07684857525703
2017-11-27 18:00:00,285.2244878454458,290.4256116870004
2017-11-27 20:00:00,283.59367869043575,287.9052385703441
2017-11-27 21:00:00,283.0277441462677,287.2495407786318
2017-11-28 05:00:00,300.92932361667437,297.2500656668688
2017-11-28 06:00:00,304.9879981042425,298.92742741236515
2017-11-28 08:00:00,308.2931329289276,300.39877443945466
2017-11-28 09:00:00,307.9138411887805,300.6033021195093
2017-11-28 17:00:00,287.5068393231173,289.6750656856778
2017-11-28 18:00:00,286.2006033028954,288.9116174024867
2017-11-28 20:00:00,284.77447462743163,287.7195307374552
2017-11-28 21:00:00,284.26940685207563,287.1677842573686
2017-11-29 05:00:00,301.42069090386207,297.4920308211552
2017-11-29 06:00:00,305.5234060889951,299.39614214551835
2017-11-29 08:00:00,308.7654774670241,300.5406530347921
2017-11-29 09:00:00,308.4837281825179,300.6792196735212
2017-11-29 17:00:00,288.2490421759513,290.0892776935971
2017-11-29 18:00:00,287.0722369883204,289.93281308307854
2017-11-29 20:00:00,285.38837175413346,289.11859373025055
2017-11-29 21:00:00,284.80498595156917,288.61018197598924
2017-11-30 05:00:00,301.30692819086903,297.3027949869541
2017-11-30 06:00:00,304.92021734064275,298.74994519532004
2017-11-30 08:00:00,308.8641113610408,299.90829959158174
2017-11-30 09:00:00,308.9389290596561,300.05753981203804
2017-11-30 17:00:00,288.1990196098716,289.7191605766308
2017-11-30 18:00:00,287.3062817025442,288.9064691481862
2017-11-30 20:00:00,286.3444505406455,287.81815699032165
2017-11-30 21:00:00,285.87814312245706,287.3469628332576
2017-12-01 05:00:00,299.16354682816564,295.536322454091
2017-12-01 06:00:00,303.03652039514674,297.3626459765324
2017-12-01 08:00:00,306.8892712703288,298.7705406812013
2017-12-01 09:00:00,307.15368570054443,298.9260777031145
2017-12-01 17:00:00,288.81424025431255,290.24068706024593
2017-12-01 18:00:00,288.102758398776,289.6755457144856
2017-12-01 20:00:00,286.76973314094255,288.3343890032893
2017-12-01 21:00:00,285.9485377706989,287.50212553285854
2017-12-02 05:00:00,298.2095701808371,294.8630148912615
2017-12-02 06:00:00,301.89188198095485,296.8477513529303
2017-12-02 08:00:00,305.5992945361027,298.2958111402985
2017-12-02 09:00:00,305.86013511810535,298.46478659419694
2017-12-02 17:00:00,288.7164576784672,290.09701893105523
2017-12-02 18:00:00,288.0522429197338,289.5505493352153
2017-12-02 20:00:00,286.8956886138682,288.39291680428573
2017-12-02 21:00:00,286.36904519291255,287.90111298406805
2017-12-03 05:00:00,297.5866317631467,294.64848071364304
2017-12-03 06:00:00,301.4325340752976,296.3682626215813
2017-12-03 08:00:00,305.34607822318293,297.42250811043436
2017-12-03 09:00:00,304.83486167308183,297.50136905899404
2017-12-03 17:00:00,289.1940957467619,290.24948432816564
2017-12-03 18:00:00,288.65969251447535,289.81608134829577
2017-12-03 20:00:00,287.2589309998029,288.4884685874904
2017-12-03 21:00:00,286.6442059956273,287.92214114713744
2017-12-04 05:00:00,298.29853618604193,294.4301733360819
2017-12-04 06:00:00,301.37000090095034,295.81171423114137
2017-12-04 08:00:00,304.2041773862207,296.66818286678273
2017-12-04 09:00:00,304.3296829952481,296.9028370626535
2017-12-04 17:00:00,291.04196263388235,291.6499825405597
2017-12-04 18:00:00,290.5098783378425,291.2062699798443
2017-12-04 20:00:00,290.30133411660216,290.79902644223534
2017-12-04 21:00:00,290.03418963275084,290.51243320929433
2017-12-05 05:00:00,293.0036350949703,292.1168175272655
2017-12-05 06:00:00,294.01249443254045,292.5518388792253
2017-12-05 08:00:00,294.0446433609549,292.4453817640872
2017-12-05 09:00:00,294.660531254138,292.44135668832456
2017-12-05 17:00:00,288.95650264698844,288.94651244270784
2017-12-05 18:00:00,288.8707754314405,288.83162558721654
2017-12-05 20:00:00,288.624438716377,288.5456021724754
2017-12-05 21:00:00,288.6305016986395,288.5488464402491
2017-12-06 05:00:00,294.5118231868891,292.0250203466195
2017-12-06 06:00:00,295.6612295612165,292.73332632855386
2017-12-06 08:00:00,293.3139033148579,291.4023362028948
2017-12-06 09:00:00,293.14573008767996,291.38356897386456
2017-12-06 17:00:00,288.7918352265204,289.2154764137209
2017-12-06 18:00:00,288.7156661258457,289.0562019289366
2017-12-06 20:00:00,287.1602370581017,287.95965404539885
2017-12-06 21:00:00,286.18415044893294,287.38694765534717
2017-12-07 05:00:00,296.38253579631976,293.1263411511626
2017-12-07 06:00:00,299.89362559737333,294.66231063113923
2017-12-07 08:00:00,303.48724327616407,296.00165725966633
2017-12-07 09:00:00,303.59020208467507,296.36112430613656
2017-12-07 17:00:00,286.197214582117,287.7081298357901
2017-12-07 18:00:00,285.394532166938,287.02481906696903
2017-12-07 20:00:00,284.06918158626706,285.87948763572564
2017-12-07 21:00:00,283.41492792491005,285.307911759716
2017-12-08 05:00:00,297.3786195305353,293.86995021073585
2017-12-08 06:00:00,301.3178781471194,295.7104855436022
2017-12-08 08:00:00,305.6712023201635,297.62038013711
2017-12-08 09:00:00,305.95998078097915,298.0322318055046
2017-12-08 17:00:00,286.00227870852996,287.57258272097545
2017-12-08 18:00:00,284.5572099259528,286.63759426122823
2017-12-08 20:00:00,282.9637546392362,286.00436862187325
2017-12-08 21:00:00,282.49473677577885,285.2050817457297
2017-12-09 05:00:00,298.40942537986626,295.2606410421833
2017-12-09 06:00:00,302.2410834360931,297.03440746430806
2017-12-09 08:00:00,306.6912172902347,299.08077393988805
2017-12-09 09:00:00,306.6629400032878,299.49745432143953
2017-12-09 17:00:00,287.4162020455523,289.1588909225582
2017-12-09 18:00:00,286.73327232325573,288.60713021817674
2017-12-09 20:00:00,286.06960041534006,288.1105216192354
2017-12-09 21:00:00,285.9891514712012,287.9624497423921
2017-12-10 05:00:00,299.12706868270146,296.27221785488047
2017-12-10 06:00:00,302.73771794441114,298.075538388386
2017-12-10 08:00:00,305.4132810101854,299.1303221433666
2017-12-10 09:00:00,305.34727722544153,299.33865758487366
2017-12-10 17:00:00,290.42117227281005,291.35075611179155
2017-12-10 18:00:00,289.7819127580969,290.8790644570749
2017-12-10 20:00:00,289.4493815417649,290.6012801536243
2017-12-10 21:00:00,289.23459059799035,290.328414282189
2017-12-11 05:00:00,294.3688377298082,293.457421606972
2017-12-11 06:00:00,296.13992685750014,293.79448614135174
2017-12-11 08:00:00,298.79100586783903,295.6824251947859
2017-12-11 09:00:00,300.77374695482536,297.1199783771909
2017-12-11 17:00:00,287.72020043136524,288.72907258255646
2017-12-11 18:00:00,287.0791190078336,287.7756250554865
2017-12-11 20:00:00,285.6625060094707,286.386950077004
2017-12-11 21:00:00,285.0184393649109,285.6690489970297
2017-12-12 05:00:00,292.54631014266994,288.53063797914007
2017-12-12 06:00:00,297.9729069737698,291.2030441918983
2017-12-12 08:00:00,302.12392737060924,293.721108834806
2017-12-12 09:00:00,302.12869949223267,294.2559157784437
2017-12-12 17:00:00,284.7247797608927,285.7789193316491
2017-12-12 18:00:00,284.0898883508056,285.21281367274025
2017-12-12 20:00:00,282.8407443006895,284.101355977345
2017-12-12 21:00:00,282.31889648907725,283.6475759309319
2017-12-13 05:00:00,295.3614871314568,291.5551681636111
2017-12-13 06:00:00,298.89634659918505,293.11702515494846
2017-12-13 08:00:00,302.3175701029679,294.41634903777
2017-12-13 09:00:00,302.2170567681499,294.7184682884275
2017-12-13 17:00:00,286.39389042788184,287.0012796692929
2017-12-13 18:00:00,285.729689047039,286.3783068546712
2017-12-13 20:00:00,284.6392180644125,285.5112860257894
2017-12-13 21:00:00,284.24575927922467,285.1370475310574
2017-12-14 05:00:00,292.3891813868918,290.18010153278186
2017-12-14 06:00:00,295.4788756289725,291.85799512583964
2017-12-14 08:00:00,300.9912545508339,294.7240513829495
2017-12-14 09:00:00,301.28389550724825,295.1111429975654
2017-12-14 17:00:00,287.0056746707676,287.6729036398772
2017-12-14 18:00:00,286.1794227635364,286.8837057622078
2017-12-14 20:00:00,285.0828946764554,285.8657516455981
2017-12-14 21:00:00,284.8102063853495,285.5831620931993
2017-12-15 05:00:00,292.55501322459736,290.0070981817731
2017-12-15 06:00:00,296.2518978971179,292.0265245481705
2017-12-15 08:00:00,301.70956590179304,294.8452225789451
2017-12-15 09:00:00,300.9801804552827,294.90602913549395
2017-12-15 17:00:00,287.56122131817887,287.6898877536204
2017-12-15 18:00:00,287.06494961166976,287.2079709233782
2017-12-15 20:00:00,285.72574125269347,286.01806711158696
2017-12-15 21:00:00,285.0044908567644,285.436188190854
2017-12-16 05:00:00,293.1016796094427,290.2629470237415
2017-12-16 06:00:00,297.21547756577127,292.4760583016465
2017-12-16 08:00:00,301.2117587708178,294.4869429907189
2017-12-16 09:00:00,301.2584439176257,294.8353349541663
2017-12-16 17:00:00,283.47845835164077,284.58784750540195
2017-12-16 18:00:00,282.5516654133613,283.7557403846588
2017-12-16 20:00:00,280.98605967376193,282.48292602633103
2017-12-16 21:00:00,280.26739795843514,281.8901514367808
2017-12-17 05:00:00,293.5995860988811,290.849199997442
2017-12-17 06:00:00,297.88634590889535,293.29813383834204
2017-12-17 08:00:00,302.4226174141483,296.0231956164532
2017-12-17 09:00:00,302.60727330752997,296.6460696603925
2017-12-17 17:00:00,283.789625617499,285.56001961212866
2017-12-17 18:00:00,282.83035616882046,284.6336441862932
2017-12-17 20:00:00,281.4135718911381,283.37515538572717
2017-12-17 21:00:00,280.79685569727917,282.8239978384715
2017-12-18 05:00:00,295.5236149392621,293.4637121779526
2017-12-18 06:00:00,300.3038363464073,296.19295681569906
2017-12-18 08:00:00,305.17273844996663,298.6994475848135
2017-12-18 09:00:00,305.40573722004706,299.16708315245364
2017-12-18 17:00:00,285.8363490405913,287.7870550875671
2017-12-18 18:00:00,284.9179942596859,286.9455132624034
2017-12-18 20:00:00,282.98199180755853,285.33636429938036
2017-12-18 21:00:00,282.528094675214,285.0729034141694
2017-12-19 05:00:00,295.6398617549009,293.8578292541034
2017-12-19 06:00:00,300.04929630414733,296.54471253099723
2017-12-19 08:00:00,304.2832441285872,298.6818965212406
2017-12-19 09:00:00,304.59448049395405,299.2130760580807
2017-12-19 17:00:00,287.83303139426494,289.46482169646515
2017-12-19 18:00:00,287.1849565785178,288.85135538956416
2017-12-19 20:00:00,285.7969624147577,287.7420378275021
2017-12-19 21:00:00,285.32006527940376,287.3751922278265
2017-12-20 05:00:00,294.52206747704554,293.64407372144046
2017-12-20 06:00:00,299.3221535234496,296.31558944631615
2017-12-20 08:00:00,303.97415654868666,298.4683758657776
2017-12-20 09:00:00,303.76977306301313,298.67355012820207
2017-12-20 17:00:00,286.3402188011604,288.5581232667521
2017-12-20 18:00:00,285.7475905455132,287.869757935887
2017-12-20 20:00:00,285.2486139894083,287.1918644133628
2017-12-20 21:00:00,284.639394328113,286.49289558775075
2017-12-21 05:00:00,297.2240879664252,294.6928979905985
2017-12-21 06:00:00,301.36058832059837,296.87263907269454
2017-12-21 08:00:00,305.7066655563096,299.05609253117774
2017-12-21 09:00:00,306.03798577965506,299.5447693341319
2017-12-21 17:00:00,288.4506255680314,289.8028691178661
2017-12-21 18:00:00,287.883933656572,289.2384596767337
2017-12-21 20:00:00,286.69052608354804,288.08686621714446
2017-12-21 21:00:00,285.97637252925176,287.4164580358379
2017-12-22 05:00:00,296.54770381792304,293.8790828428577
2017-12-22 06:00:00,300.61778162881296,296.10273267748914
2017-12-22 08:00:00,304.2174935598036,297.8417688966349
2017-12-22 09:00:00,304.14537556182444,298.1275250356994
2017-12-22 17:00:00,287.7611516120804,289.21568796777944
2017-12-22 18:00:00,286.72664819843783,288.3464595048197
2017-12-22 20:00:00,284.9337514868503,286.6814461400953
2017-12-22 21:00:00,284.14594255867655,286.0453880086702
2017-12-23 05:00:00,297.8226943287901,293.5713268450486
2017-12-23 06:00:00,301.80386540628916,295.3365564566731
2017-12-23 08:00:00,306.4892333608195,297.4699735950065
2017-12-23 09:00:00,306.38943030029674,297.93839246282596
2017-12-23 17:00:00,285.15740863347463,286.9768436943254
2017-12-23 18:00:00,283.78160064650245,285.92685345618855
2017-12-23 20:00:00,281.9068267775243,285.4905614632488
2017-12-23 21:00:00,281.29458131481573,284.99471128960425
2017-12-24 05:00:00,297.0266036634636,294.1886990022586
2017-12-24 06:00:00,301.24776262421454,296.1489739087403
2017-12-24 08:00:00,305.2995532113709,297.7164347315055
2017-12-24 09:00:00,305.5178978307221,298.0115035281894
2017-12-24 17:00:00,284.657824147464,288.037907275654
2017-12-24 18:00:00,283.70522685704873,287.9897615876514
2017-12-24 20:00:00,282.21515990552626,287.72120424338226
2017-12-24 21:00:00,281.6274422291431,287.58393234464535
2017-12-25 05:00:00,300.0532139335832,294.6257360190934
2017-12-25 06:00:00,303.7489653412477,296.3153714266691
2017-12-25 08:00:00,306.0664609606351,297.835832875021
2017-12-25 09:00:00,305.6715754669143,298.1659520036083
2017-12-25 17:00:00,285.97042635078606,287.778959183186
2017-12-25 18:00:00,284.96049602961136,286.8725075038446
2017-12-25 20:00:00,283.2296507707546,285.32062969002044
2017-12-25 21:00:00,282.4699658833226,284.52617023391605
2017-12-26 05:00:00,298.3060102418685,293.9856282191578
2017-12-26 06:00:00,302.5285011608906,295.9333082531193
2017-12-26 08:00:00,306.67144961129355,298.2296039834045
2017-12-26 09:00:00,306.81056993951785,298.76161939153684
2017-12-26 17:00:00,286.20291262304835,288.0664365089546
2017-12-26 18:00:00,285.04751871399964,287.0694710095234
2017-12-26 20:00:00,282.8726141743007,285.048734879457
2017-12-26 21:00:00,282.1366922293312,284.44692278422633
2017-12-27 05:00:00,298.5124735310559,295.223130095354
2017-12-27 06:00:00,302.6258666710052,296.9071463421791
2017-12-27 08:00:00,306.61453526853967,298.6098446133324
2017-12-27 09:00:00,306.8184951993827,299.0316160463589
2017-12-27 17:00:00,287.1833754952406,288.72755909406897
2017-12-27 18:00:00,286.39491770410757,288.0516815420659
2017-12-27 20:00:00,284.8823063267031,286.5457127222846
2017-12-27 21:00:00,284.15268739015556,285.7876260107949
2017-12-28 05:00:00,296.9405875889289,293.9311766543631
2017-12-28 06:00:00,301.047905356197,295.92171103267344
2017-12-28 08:00:00,305.1900145732016,297.7471705408787
2017-12-28 09:00:00,305.32898640448946,298.09662798630256
2017-12-28 17:00:00,287.0265045636241,288.5577701515703
2017-12-28 18:00:00,286.20307952927885,287.8826170746461
2017-12-28 20:00:00,284.6867840830093,286.5775268272553
2017-12-28 21:00:00,283.9065405988179,285.7986380131843
2017-12-29 05:00:00,296.05740951279466,293.1024489909732
2017-12-29 06:00:00,299.91366062252473,295.00454502664104
2017-12-29 08:00:00,304.1351322121172,296.8939369330972
2017-12-29 09:00:00,304.67707801195803,297.28035659672486
2017-12-29 17:00:00,286.28222169567516,287.52669093715394
2017-12-29 18:00:00,284.75796156120595,286.30022779561705
2017-12-29 20:00:00,283.1042962684102,285.0273586326094
2017-12-29 21:00:00,282.7998325718202,284.57493777047324
2017-12-30 05:00:00,295.9710557934683,292.5595349045858
2017-12-30 06:00:00,300.2903360328616,294.6037336916696
2017-12-30 08:00:00,304.8086446283044,296.3321424581237
2017-12-30 09:00:00,304.96077762362773,296.5996550573223
2017-12-30 17:00:00,286.16554462450495,287.4323199820262
2017-12-30 18:00:00,285.3957322977357,286.79953115783593
2017-12-30 20:00:00,284.352030044344,285.8056356139102
2017-12-30 21:00:00,283.94982037889577,285.37930584688587
2017-12-31 05:00:00,295.2268774329422,291.74222528254865
2017-12-31 06:00:00,299.0523269723854,293.558256363832
2017-12-31 08:00:00,303.4722001791368,295.0505394840094
2017-12-31 09:00:00,303.8838889382103,295.4358443390974
2017-12-31 17:00:00,285.740781834019,286.95238488995244
2017-12-31 18:00:00,284.8866985538524,286.2474702385431
2017-12-31 20:00:00,283.42880458273396,284.71581687986026
2017-12-31 21:00:00,282.77566558884917,284.0914044960621
