datetime_utc,skt,t2m
2016-01-01 05:00:00,296.63850562708404,293.90127413004683
2016-01-01 06:00:00,300.8001456473752,296.14156460284454
2016-01-01 08:00:00,306.47023680323997,298.6400993358924
2016-01-01 09:00:00,307.51665925906144,299.12961798199154
2016-01-01 17:00:00,288.8369323542379,289.82971457083164
2016-01-01 18:00:00,287.8977067944449,288.8962775702102
2016-01-01 20:00:00,286.55404801802206,287.63036093689817
2016-01-01 21:00:00,285.91500144453005,287.06220512213804
2016-01-02 05:00:00,297.0205390824375,293.75326831976327
2016-01-02 06:00:00,301.35666431961886,295.9446716778819
2016-01-02 08:00:00,306.91635599709434,298.09347677598197
2016-01-02 09:00:00,307.58552755817243,298.66352369311414
2016-01-02 17:00:00,288.07986929824426,289.26563435747005
2016-01-02 18:00:00,287.12300178045854,288.39243750432604
2016-01-02 20:00:00,285.61305624751725,286.96825840366637
2016-01-02 21:00:00,284.8807027902001,286.2729104487297
2016-01-03 05:00:00,299.2133935772583,294.91046255432036
2016-01-03 06:00:00,303.83749775232627,296.77731638292687
2016-01-03 08:00:00,308.0901062528966,298.8337685183862
2016-01-03 09:00:00,308.03853636566777,299.37954161751253
2016-01-03 17:00:00,287.96058050546515,289.37421881583145
2016-01-03 18:00:00,286.8312214996855,288.40037019374006
2016-01-03 20:00:00,284.96940998377164,287.1980060171824
2016-01-03 21:00:00,284.43206276915663,286.76667461189544
2016-01-04 05:00:00,299.2253540697377,295.8839262505342
2016-01-04 06:00:00,303.6547648660575,298.11246722064146
2016-01-04 08:00:00,307.92670940287496,300.3460126738703
2016-01-04 09:00:00,308.1287691089883,300.82905602124515
2016-01-04 17:00:00,291.05478866882794,292.13825130609587
2016-01-04 18:00:00,289.5433831824728,291.27368462655136
2016-01-04 20:00:00,286.67939991061974,289.647724804048
2016-01-04 21:00:00,285.7358618267512,289.81293432297434
2016-01-05 05:00:00,301.4751740677515,296.70191285496315
2016-01-05 06:00:00,305.6573235228176,298.38450721305765
2016-01-05 08:00:00,308.6245302456002,299.893994159434
2016-01-05 09:00:00,308.5125512591863,300.2204655204973
2016-01-05 17:00:00,289.78168951895645,291.0955299882933
2016-01-05 18:00:00,288.8939870825534,290.3221384527504
2016-01-05 20:00:00,287.3081633298901,288.7672140535845
2016-01-05 21:00:00,286.2850069536818,287.91128819822717
2016-01-06 05:00:00,300.938751714439,296.6949670259685
2016-01-06 06:00:00,305.21079617398914,298.16127348019637
2016-01-06 08:00:00,309.04075093555895,299.3235603414809
2016-01-06 09:00:00,308.5626131830671,299.69396810428753
2016-01-06 17:00:00,289.1016863571661,290.9185475024678
2016-01-06 18:00:00,288.75960403230783,290.5445389240658
2016-01-06 20:00:00,288.4583552144525,289.9880405890372
2016-01-06 21:00:00,288.4436404047468,289.6942885623691
2016-01-07 05:00:00,297.84112019825426,295.6189413438042
2016-01-07 06:00:00,302.9541471742886,297.220312462382
2016-01-07 08:00:00,308.26864372453264,298.7941606518668
2016-01-07 09:00:00,308.44199835684714,299.25562033631223
2016-01-07 17:00:00,290.0242458866631,290.804762030603
2016-01-07 18:00:00,289.3649662058967,290.2433641901002
2016-01-07 20:00:00,287.84998978672115,288.9091856123303
2016-01-07 21:00:00,287.14450675129706,288.20834983038054
2016-01-08 05:00:00,298.89193934835896,294.68415540980266
2016-01-08 06:00:00,302.4271425973102,296.0402581636638
2016-01-08 08:00:00,305.4918501608544,297.58469984527727
2016-01-08 09:00:00,305.05847910923654,297.7158229927803
2016-01-08 17:00:00,287.5979701719593,288.49056745861276
2016-01-08 18:00:00,286.66398803993076,287.66845456257073
2016-01-08 20:00:00,284.98673658562,286.24800333219974
2016-01-08 21:00:00,284.1876984112803,285.5980867876661
2016-01-09 05:00:00,297.5768111453769,292.4995704262944
2016-01-09 06:00:00,302.2503718771443,294.5306378850952
2016-01-09 08:00:00,305.8642041833816,296.8343625531542
2016-01-09 09:00:00,305.4949486825059,297.3833273489413
2016-01-09 17:00:00,286.3468886318119,287.8743648440886
2016-01-09 18:00:00,285.24698240400653,286.75818376585227
2016-01-09 20:00:00,282.76341247558594,286.120859672182
2016-01-09 21:00:00,281.91408358957443,285.6027627953763
2016-01-10 05:00:00,298.4135469222105,294.1034409298184
2016-01-10 06:00:00,302.55832071407184,295.82261815240093
2016-01-10 08:00:00,306.7238907071953,297.98097887318386
2016-01-10 09:00:00,306.8821768268415,298.5642458029631
2016-01-10 17:00:00,286.82353106999807,288.5114068264954
2016-01-10 18:00:00,285.9556775203288,287.80029752992886
2016-01-10 20:00:00,284.5853100322612,286.60535274558515
2016-01-10 21:00:00,284.0609865115126,286.0790825654252
2016-01-11 05:00:00,297.0117452706688,294.1685756689228
2016-01-11 06:00:00,301.2757142100753,296.4159167602727
2016-01-11 08:00:00,305.840626603466,298.7633278351536
2016-01-11 09:00:00,306.3371672314378,299.25167536331435
2016-01-11 17:00:00,285.4913283996112,287.6520246320586
2016-01-11 18:00:00,284.52697274277136,286.7668378973962
2016-01-11 20:00:00,283.1201176342134,285.17794049796413
2016-01-11 21:00:00,282.5535980130565,284.68825372305054
2016-01-12 05:00:00,298.2777476024187,294.1193349923485
2016-01-12 06:00:00,302.07255368460494,295.67588208967067
2016-01-12 08:00:00,305.41967554783054,297.52213975057026
2016-01-12 09:00:00,305.19678569023705,297.96826693824335
2016-01-12 17:00:00,287.66924884249505,289.03882585945775
2016-01-12 18:00:00,287.3098688581141,288.65555232772476
2016-01-12 20:00:00,285.70394333191393,287.3638698301624
2016-01-12 21:00:00,285.0648862253903,286.92947199605464
2016-01-13 05:00:00,295.58319627852944,292.57299343867373
2016-01-13 06:00:00,299.6596957120029,294.4407987903189
2016-01-13 08:00:00,303.9006086916696,295.7316425482187
2016-01-13 09:00:00,303.81046686628014,296.0043055882623
2016-01-13 17:00:00,285.6685858492858,286.5613147518117
2016-01-13 18:00:00,284.7272500624458,285.7004739441012
2016-01-13 20:00:00,283.1153388118891,284.2026839528135
2016-01-13 21:00:00,282.40167913451586,283.51605074137495
2016-01-14 05:00:00,295.24982714542807,291.1348746700904
2016-01-14 06:00:00,299.7216365208795,293.3220285142331
2016-01-14 08:00:00,304.59068705084144,295.240112657356
2016-01-14 09:00:00,304.63737001110485,295.7991646647637
2016-01-14 17:00:00,286.83941297722157,287.155043732771
2016-01-14 18:00:00,285.8178030287356,286.3062879095092
2016-01-14 20:00:00,283.9743735808621,284.67045964739174
2016-01-14 21:00:00,283.3013869228275,284.1025453164876
2016-01-15 05:00:00,293.95512072735096,290.42208580169915
2016-01-15 06:00:00,298.3607677112926,292.5323417440218
2016-01-15 08:00:00,303.7395748379418,294.573214937983
2016-01-15 09:00:00,304.101961509105,295.1782035181078
2016-01-15 17:00:00,284.7372835273919,285.308943126896
2016-01-15 18:00:00,283.81338752546736,284.47498936351906
2016-01-15 20:00:00,282.23140005337996,282.9357445339209
2016-01-15 21:00:00,281.56233596213974,282.33847511420817
2016-01-16 05:00:00,293.4115767515679,289.200538694032
2016-01-16 06:00:00,298.16015775471885,291.3915986000849
2016-01-16 08:00:00,304.11593524480276,293.7982525935709
2016-01-16 09:00:00,304.60950659236113,294.5379487259546
2016-01-16 17:00:00,284.3873618997301,285.309760353782
2016-01-16 18:00:00,283.46230578312344,284.53148800419365
2016-01-16 20:00:00,282.07456862063185,283.3530385586073
2016-01-16 21:00:00,281.56437645487506,282.9035477131284
2016-01-17 05:00:00,292.4779955330542,289.36351991250814
2016-01-17 06:00:00,296.7863664906272,291.75813443928917
2016-01-17 08:00:00,301.6648721327583,294.1453834851093
2016-01-17 09:00:00,302.5556379415221,294.8613914877682
2016-01-17 17:00:00,286.1970563280197,286.9453002036261
2016-01-17 18:00:00,285.40176393952686,286.1787602640631
2016-01-17 20:00:00,283.9674739279255,284.698393693874
2016-01-17 21:00:00,283.40500167117835,284.14069875473234
2016-01-18 05:00:00,290.18540799415723,288.24448435920044
2016-01-18 06:00:00,294.32194688323835,290.5811239515872
2016-01-18 08:00:00,300.31724346143255,293.59231647321
2016-01-18 09:00:00,300.62820857772476,293.9234014901983
2016-01-18 17:00:00,285.69458550921945,287.06219954997624
2016-01-18 18:00:00,284.90780985263535,286.314039985645
2016-01-18 20:00:00,284.61651611328125,285.91436059890066
2016-01-18 21:00:00,284.49585153729595,285.61497405864793
2016-01-19 05:00:00,289.9978524371178,288.91949418219286
2016-01-19 06:00:00,295.876096751914,290.7037980795274
2016-01-19 08:00:00,301.5673555864942,293.0403154840455
2016-01-19 09:00:00,301.5644451311814,293.33045841916504
2016-01-19 17:00:00,284.1903392397935,285.1694518854879
2016-01-19 18:00:00,283.46988147800255,284.4621544178168
2016-01-19 20:00:00,282.3901915234299,283.5201867666377
2016-01-19 21:00:00,281.868979149864,282.999638820466
2016-01-20 05:00:00,293.52797394504165,288.9313773227216
2016-01-20 06:00:00,297.7218766645952,290.25061063369725
2016-01-20 08:00:00,302.019146582746,291.98760139923803
2016-01-20 09:00:00,302.0722368942755,292.6309226907457
2016-01-20 17:00:00,283.37273993587644,284.4667243428517
2016-01-20 18:00:00,282.4832007550679,283.7487927923217
2016-01-20 20:00:00,281.1804608549286,282.6185402421995
2016-01-20 21:00:00,280.53605263920156,281.9913726712596
2016-01-21 05:00:00,293.7222000615806,289.03465379147764
2016-01-21 06:00:00,298.1125363671725,290.8729213485365
2016-01-21 08:00:00,303.26352025106985,293.5695598819774
2016-01-21 09:00:00,303.8077481920804,294.2539906553201
2016-01-21 17:00:00,283.04544260174913,284.2925357436546
2016-01-21 18:00:00,281.58867314930876,283.60399175094346
2016-01-21 20:00:00,279.4782582240406,282.68497094388005
2016-01-21 21:00:00,278.76799166404595,282.1876377993262
2016-01-22 05:00:00,293.91399474063167,290.2886205358755
2016-01-22 06:00:00,298.6227598734005,292.3429116835396
2016-01-22 08:00:00,304.1939652594286,294.84232759402244
2016-01-22 09:00:00,304.56150100778547,295.46892767437436
2016-01-22 17:00:00,282.8866287254957,284.6942246353314
2016-01-22 18:00:00,282.0377889436272,283.81725575780644
2016-01-22 20:00:00,280.11460582574455,282.672553322532
2016-01-22 21:00:00,279.1808479908619,282.4094183735194
2016-01-23 05:00:00,296.4297626183838,291.86163238384324
2016-01-23 06:00:00,301.4094286479274,293.7727132365223
2016-01-23 08:00:00,305.0614558662215,295.864619603326
2016-01-23 09:00:00,304.92699833239544,296.35619367179225
2016-01-23 17:00:00,284.868565399217,286.0534872751574
2016-01-23 18:00:00,284.0530641435291,285.2352969694211
2016-01-23 20:00:00,283.2023122402479,284.4881646342931
2016-01-23 21:00:00,282.5471938828291,283.74928702191323
2016-01-24 05:00:00,295.45580885406633,290.99420572759925
2016-01-24 06:00:00,300.3540200114434,293.0352541507668
2016-01-24 08:00:00,305.06697961839586,295.76551715398244
2016-01-24 09:00:00,304.8826602177554,296.3136267052226
2016-01-24 17:00:00,284.9100656612261,285.81971355138467
2016-01-24 18:00:00,283.8694211610109,284.83730568907845
2016-01-24 20:00:00,282.3394869905774,283.5914202956095
2016-01-24 21:00:00,281.65577897599377,282.906626838014
2016-01-25 05:00:00,293.6419814334629,290.17720118729835
2016-01-25 06:00:00,298.7279839890396,292.7062507476572
2016-01-25 08:00:00,304.7214745755188,295.6501441802743
2016-01-25 09:00:00,305.40729474507054,296.4813278268776
2016-01-25 17:00:00,285.6878606387757,286.8072091030597
2016-01-25 18:00:00,284.7517113119869,285.98916233338997
2016-01-25 20:00:00,283.729828962376,285.3267957690317
2016-01-25 21:00:00,283.16499878776096,284.84110627960536
2016-01-26 05:00:00,295.64156088807,292.3839654437566
2016-01-26 06:00:00,300.35409212038957,294.7535829470595
2016-01-26 08:00:00,305.3794556369399,297.2191980770446
2016-01-26 09:00:00,305.9235870173238,298.00449826280214
2016-01-26 17:00:00,287.41685643365093,288.5251711711678
2016-01-26 18:00:00,286.4205898055678,287.5644390182613
2016-01-26 20:00:00,284.74221122283234,286.01303185226374
2016-01-26 21:00:00,283.9300379819239,285.1421502911255
2016-01-27 05:00:00,298.17120579982577,293.70764124889405
2016-01-27 06:00:00,301.7491928594322,295.2695624964263
2016-01-27 08:00:00,305.53835201410374,297.36940482070526
2016-01-27 09:00:00,305.71378257057887,297.85396673499343
2016-01-27 17:00:00,288.0951717946856,289.01343603383964
2016-01-27 18:00:00,287.2222087137137,288.2213352714739
2016-01-27 20:00:00,285.85603306657185,287.15188572770455
2016-01-27 21:00:00,285.15333543022166,286.4363739766032
2016-01-28 05:00:00,298.0960592966418,293.08128516809967
2016-01-28 06:00:00,302.82653013914137,294.9627686487324
2016-01-28 08:00:00,307.84293242044555,297.7602102929161
2016-01-28 09:00:00,308.243299816349,298.58997917469185
2016-01-28 17:00:00,288.56988962699523,289.9574649381711
2016-01-28 18:00:00,287.4240453217541,288.8789940409374
2016-01-28 20:00:00,285.62251324058496,287.35520920951853
2016-01-28 21:00:00,284.91092885256916,286.82753500916374
2016-01-29 05:00:00,298.9989682096179,296.20899307415556
2016-01-29 06:00:00,303.3043497376523,298.6483710337493
2016-01-29 08:00:00,308.47953446069374,301.8694010589083
2016-01-29 09:00:00,309.1328696558031,302.68945277233155
2016-01-29 17:00:00,290.99962581875513,292.71249145131634
2016-01-29 18:00:00,289.94251652087195,291.8317789980003
2016-01-29 20:00:00,288.4660131751297,290.6837260476981
2016-01-29 21:00:00,287.9873365452183,290.25007121551937
2016-01-30 05:00:00,299.6557992896975,296.27087642158307
2016-01-30 06:00:00,303.760491440219,297.9535129353152
2016-01-30 08:00:00,307.5965552660644,299.88585480629763
2016-01-30 09:00:00,307.6662453767515,300.31526569666227
2016-01-30 17:00:00,290.9636241989254,292.10448266545137
2016-01-30 18:00:00,289.92783733068154,291.18720977736183
2016-01-30 20:00:00,288.642225385998,289.9994164982636
2016-01-30 21:00:00,288.2670555643749,289.52404434838905
2016-01-31 05:00:00,299.1416091096052,295.1741840380182
2016-01-31 06:00:00,303.1434708699607,296.8160581191993
2016-01-31 08:00:00,307.9178630670157,298.6259982633664
2016-01-31 09:00:00,308.17819030479586,299.03631072198664
2016-01-31 17:00:00,290.4676398466842,290.9186888990123
2016-01-31 18:00:00,289.4214607556171,289.9049764906497
2016-01-31 20:00:00,288.1307555494029,288.8927947339733
2016-01-31 21:00:00,287.6368854916518,288.40952285743094
2016-02-01 05:00:00,296.7248540563833,292.98665977442755
2016-02-01 06:00:00,301.2288668592832,295.0408069393117
2016-02-01 08:00:00,306.75903397899566,296.997348614944
2016-02-01 09:00:00,307.7366190059527,297.5518550784636
2016-02-01 17:00:00,288.2026024158637,289.2627000617687
2016-02-01 18:00:00,287.27718636581824,288.40992729763036
2016-02-01 20:00:00,285.80879707512764,287.05118077635217
2016-02-01 21:00:00,285.14146820679656,286.38199129971593
2016-02-02 05:00:00,296.78671361044485,292.27364997099653
2016-02-02 06:00:00,301.2509622911827,294.001242874216
2016-02-02 08:00:00,306.95293267812866,296.06203518295877
2016-02-02 09:00:00,307.0429416650616,296.6695388535322
2016-02-02 17:00:00,286.1789918967131,287.50332100843247
2016-02-02 18:00:00,285.2626321848442,286.7459100802617
2016-02-02 20:00:00,283.56257770461923,285.1090151135837
2016-02-02 21:00:00,282.8762528664893,284.47147960692234
2016-02-03 05:00:00,295.8304463579034,291.54417783857684
2016-02-03 06:00:00,299.73765277127825,293.18665206744606
2016-02-03 08:00:00,305.1838347166088,295.64263796108344
2016-02-03 09:00:00,305.65470227916,296.35859134715224
2016-02-03 17:00:00,285.5985985331249,287.120992980863
2016-02-03 18:00:00,284.60219191917105,286.32201600625814
2016-02-03 20:00:00,282.2072969739353,284.289625617499
2016-02-03 21:00:00,281.0664925362186,283.88124773351734
2016-02-04 05:00:00,297.83904215808275,292.91684843983234
2016-02-04 06:00:00,301.9308469798789,294.655424943874
2016-02-04 08:00:00,306.8038449750292,296.9056312079055
2016-02-04 09:00:00,307.2314137604277,297.6308775256705
2016-02-04 17:00:00,286.2004897436486,287.82879605756153
2016-02-04 18:00:00,285.0228967651932,286.749279686409
2016-02-04 20:00:00,282.96437801602076,284.7118766796424
2016-02-04 21:00:00,282.0965041996702,283.8543243408203
2016-02-05 05:00:00,296.9095012741206,292.98773113421186
2016-02-05 06:00:00,301.20651071134074,294.91141165570235
2016-02-05 08:00:00,305.8161929090879,296.81732309397273
2016-02-05 09:00:00,306.4448216560258,297.46024065061783
2016-02-05 17:00:00,287.19869099339274,288.65009558255946
2016-02-05 18:00:00,286.3478656880477,287.8938007325347
2016-02-05 20:00:00,285.0163433856699,286.68940758374515
2016-02-05 21:00:00,284.3836980035015,286.07883344041915
2016-02-06 05:00:00,296.0944130402317,293.24084077667567
2016-02-06 06:00:00,300.4574611763741,295.77766585386775
2016-02-06 08:00:00,305.7076962181526,298.587867442926
2016-02-06 09:00:00,306.74891681406643,299.42812713011756
2016-02-06 17:00:00,289.85646656665307,291.0281760005628
2016-02-06 18:00:00,288.5873699452734,289.84186637419947
2016-02-06 20:00:00,286.3242040789917,287.8254297194753
2016-02-06 21:00:00,285.6744720741119,287.03957993517673
2016-02-07 05:00:00,297.8581076741035,293.22032715690153
2016-02-07 06:00:00,302.21591487467197,295.61424657413147
2016-02-07 08:00:00,305.7127272689655,297.84044979900716
2016-02-07 09:00:00,305.76982375322757,298.1340608993554
2016-02-07 17:00:00,287.4049491000653,288.7618166507668
2016-02-07 18:00:00,286.42962933321394,287.87971315545553
2016-02-07 20:00:00,284.86602759691897,286.5248535579452
2016-02-07 21:00:00,284.111792518839,285.7225070007042
2016-02-08 05:00:00,297.83531464046257,293.11026821518533
2016-02-08 06:00:00,301.70985266828023,294.62527470522565
2016-02-08 08:00:00,306.8928034331288,296.486236713333
2016-02-08 09:00:00,307.7359041469674,297.0720575741149
2016-02-08 17:00:00,287.3756775936838,288.53468861161105
2016-02-08 18:00:00,286.40425932756375,287.74222683428985
2016-02-08 20:00:00,284.9398442813538,286.4286036322407
2016-02-08 21:00:00,284.2346805754722,285.7158298815711
2016-02-09 05:00:00,297.7008201234697,293.50531845210327
2016-02-09 06:00:00,302.23283776516905,295.5107623836476
2016-02-09 08:00:00,308.0877559526676,297.42984147505325
2016-02-09 09:00:00,308.7231472350416,298.02884108627154
2016-02-09 17:00:00,287.712678718273,289.00406659659694
2016-02-09 18:00:00,286.69855272384194,288.20801846308774
2016-02-09 20:00:00,285.1368750996876,286.85675399145475
2016-02-09 21:00:00,284.4842241284293,286.24818629660115
2016-02-10 05:00:00,297.9653488182691,294.5584904886725
2016-02-10 06:00:00,302.2510118058356,296.8114082794895
2016-02-10 08:00:00,306.92558243902886,298.93324707689567
2016-02-10 09:00:00,307.42716201758714,299.52435060568695
2016-02-10 17:00:00,288.7760556871976,290.34334936862
2016-02-10 18:00:00,287.85407570955016,289.5966718817713
2016-02-10 20:00:00,286.9232535340202,289.09628451072564
2016-02-10 21:00:00,286.49012972650985,288.657841240129
2016-02-11 05:00:00,298.2749108077933,294.2198405214377
2016-02-11 06:00:00,302.5215980282918,296.03197054870327
2016-02-11 08:00:00,306.53975673963555,298.0150538181487
2016-02-11 09:00:00,306.4677101452656,298.4982147687022
2016-02-11 17:00:00,287.78876585879567,289.44354812316425
2016-02-11 18:00:00,286.8185237185062,288.52078458671394
2016-02-11 20:00:00,285.22446922455066,286.97864500730543
2016-02-11 21:00:00,284.80923247961863,286.5534564519333
2016-02-12 05:00:00,298.0974787402043,294.66126078413157
2016-02-12 06:00:00,302.3804919414785,296.55757745351923
2016-02-12 08:00:00,307.17034719317274,298.2076886475362
2016-02-12 09:00:00,307.69610132531875,298.77131065051253
2016-02-12 17:00:00,289.205170453605,290.5009044770651
2016-02-12 18:00:00,288.1511539876553,289.58691528508405
2016-02-12 20:00:00,286.7079005777744,288.3642446462106
2016-02-12 21:00:00,286.0552279996945,287.5494580379069
2016-02-13 05:00:00,297.78088639880923,293.23647744482946
2016-02-13 06:00:00,302.17946266209583,295.5155414410842
2016-02-13 08:00:00,305.7790303046604,297.1149433764912
2016-02-13 09:00:00,305.7028907105809,297.37771451271186
2016-02-13 17:00:00,287.2832864958259,288.4640059742979
2016-02-13 18:00:00,286.4599972388411,287.70498988734926
2016-02-13 20:00:00,285.1909960495489,286.5320993902504
2016-02-13 21:00:00,284.59357622849006,285.8891569117001
2016-02-14 05:00:00,296.97178882663536,292.66518469106614
2016-02-14 06:00:00,301.07145185426504,294.2292708292581
2016-02-14 08:00:00,306.5472489461326,296.05772736112954
2016-02-14 09:00:00,307.38042112565,296.58718420654674
2016-02-14 17:00:00,287.26527249611036,288.4992483459378
2016-02-14 18:00:00,286.57059367081416,287.9244723797579
2016-02-14 20:00:00,285.49806942227076,286.9796794779679
2016-02-14 21:00:00,284.9948314555069,286.4094017275677
2016-02-15 05:00:00,296.53183592339326,292.9777119640944
2016-02-15 06:00:00,300.5208950895007,294.8809896977546
2016-02-15 08:00:00,306.05768017408843,296.9121846579624
2016-02-15 09:00:00,307.13903486489886,297.47770230097836
2016-02-15 17:00:00,288.9050308721275,289.6156367697223
2016-02-15 18:00:00,288.05333826097393,288.80365117195026
2016-02-15 20:00:00,286.75415631545525,287.62598135879114
2016-02-15 21:00:00,286.317289872603,287.1542661458208
2016-02-16 05:00:00,293.72100606721426,291.48531808250675
2016-02-16 06:00:00,296.48912988789095,292.99508121531625
2016-02-16 08:00:00,303.3126369529219,296.61072517947537
2016-02-16 09:00:00,304.6540684163663,297.4090009551203
2016-02-16 17:00:00,289.3730571023856,290.3531484265908
2016-02-16 18:00:00,288.70739776658354,289.7417187800944
2016-02-16 20:00:00,288.07710169717234,289.1425421057938
2016-02-16 21:00:00,288.0360594339474,288.9199748222927
2016-02-17 05:00:00,297.1848259736283,294.0817370304525
2016-02-17 06:00:00,299.80716751169166,295.59675412405807
2016-02-17 08:00:00,303.10919027225634,297.4512872916341
2016-02-17 09:00:00,303.0524556023314,297.7679917110684
2016-02-17 17:00:00,291.64575164747896,292.3650988562633
2016-02-17 18:00:00,290.85065562478934,291.95084220051586
2016-02-17 20:00:00,289.430475337847,290.4104405007855
2016-02-17 21:00:00,288.64865194594006,289.92459372122227
2016-02-18 05:00:00,297.33968511972296,295.03214834063374
2016-02-18 06:00:00,300.7511695661971,297.16128706968806
2016-02-18 08:00:00,302.5124676297369,298.2273817723632
2016-02-18 09:00:00,304.02117383865806,299.2323020852769
2016-02-18 17:00:00,293.05186831528675,293.78083711926854
2016-02-18 18:00:00,292.46421578852534,293.24023094236026
2016-02-18 20:00:00,291.71227552416883,292.5227227585709
2016-02-18 21:00:00,291.37803299585,292.2327800921189
2016-02-19 05:00:00,300.39662367904504,298.09880016544383
2016-02-19 06:00:00,304.830030232622,300.7823700280329
2016-02-19 08:00:00,309.0697311142743,303.2918751721022
2016-02-19 09:00:00,309.9748059524042,304.1926437636554
2016-02-19 17:00:00,294.98440271974164,295.8467975257909
2016-02-19 18:00:00,294.6686452151447,295.59025900536585
2016-02-19 20:00:00,293.2817527641684,295.0029979876267
2016-02-19 21:00:00,293.4391931142939,294.88352573671034
2016-02-20 05:00:00,300.05928056008645,296.2174692962129
2016-02-20 06:00:00,303.6654350621675,297.8830006368723
2016-02-20 08:00:00,308.0320034879382,300.13342569642145
2016-02-20 09:00:00,308.299733401447,300.53144890501613
2016-02-20 17:00:00,290.44695598208483,291.31034383200716
2016-02-20 18:00:00,289.52953365660966,290.4707815114449
2016-02-20 20:00:00,288.0220747655272,289.1487667277708
2016-02-20 21:00:00,287.31973346539746,288.42061026033895
2016-02-21 05:00:00,299.33044123245503,294.55186112085
2016-02-21 06:00:00,304.2068540458503,297.12052581269865
2016-02-21 08:00:00,308.84572066437846,299.5926987893409
2016-02-21 09:00:00,309.0364454648528,300.0356303539776
2016-02-21 17:00:00,288.4809478148474,290.118384409759
2016-02-21 18:00:00,287.28263742126563,289.19368063246344
2016-02-21 20:00:00,285.06296792052376,287.49607110868436
2016-02-21 21:00:00,284.10242848917954,286.6158506278815
2016-02-22 05:00:00,300.91401622989696,296.12557884651267
2016-02-22 06:00:00,304.9651040428409,298.11422294534407
2016-02-22 08:00:00,310.2856979957898,300.6816920675739
2016-02-22 09:00:00,310.7226909525773,301.4012127187109
2016-02-22 17:00:00,288.9145117055837,290.8546939608863
2016-02-22 18:00:00,287.0934092047035,289.948561164374
2016-02-22 20:00:00,284.58424981680054,288.2167230967564
2016-02-22 21:00:00,283.8469193609911,287.0908876016438
2016-02-23 05:00:00,303.5063631501514,298.48648123013777
2016-02-23 06:00:00,307.1155292293507,300.111149980401
2016-02-23 08:00:00,311.1817037526559,302.3668683350362
2016-02-23 09:00:00,311.3858961625533,302.8205272045636
2016-02-23 17:00:00,289.2726547640902,291.719867089129
2016-02-23 18:00:00,287.29223820902354,290.931151732458
2016-02-23 20:00:00,284.7125963819413,288.28224038710397
2016-02-23 21:00:00,283.9346530250114,287.27644341091167
2016-02-24 05:00:00,305.30189189705163,299.03662516119306
2016-02-24 06:00:00,310.00957233916813,300.6723091113733
2016-02-24 08:00:00,314.1181275965804,302.4097507282839
2016-02-24 09:00:00,314.4050913665254,302.92467695098077
2016-02-24 17:00:00,288.42351890528704,291.374576186546
2016-02-24 18:00:00,286.8362450033931,290.9505958968576
2016-02-24 20:00:00,284.83175654477446,289.4407436564817
2016-02-24 21:00:00,284.1257400630252,288.66825278918435
2016-02-25 05:00:00,303.277202000787,299.59771853125153
2016-02-25 06:00:00,307.65660943970295,301.579661529494
2016-02-25 08:00:00,312.4943955102577,303.0776904419133
2016-02-25 09:00:00,313.2639354123907,303.47291122930267
2016-02-25 17:00:00,291.4352111581294,293.17468955300075
2016-02-25 18:00:00,290.8241772526769,292.69578129043936
2016-02-25 20:00:00,289.9076726175787,291.84460305800235
2016-02-25 21:00:00,289.0322461708668,290.98651995313554
2016-02-26 05:00:00,302.3856859721461,298.37046482456486
2016-02-26 06:00:00,306.7528554860542,300.63437143569735
2016-02-26 08:00:00,312.13127613508465,302.55535035214183
2016-02-26 09:00:00,312.98032156969253,303.08111788568954
2016-02-26 17:00:00,291.09367093172943,292.6273548143854
2016-02-26 18:00:00,289.2217941871961,291.7698139020217
2016-02-26 20:00:00,286.7071791356444,289.1828096504388
2016-02-26 21:00:00,285.84524275158145,288.49591348939026
2016-02-27 05:00:00,302.6347869967092,298.3574404958951
2016-02-27 06:00:00,306.920907183678,300.4172420883767
2016-02-27 08:00:00,312.6890431126387,302.5836608604584
2016-02-27 09:00:00,313.6425589163241,303.1923866918532
2016-02-27 17:00:00,291.43054399064215,293.07174071325176
2016-02-27 18:00:00,290.06735097829295,291.92148908665075
2016-02-27 20:00:00,287.7601809038771,290.1090675436293
2016-02-27 21:00:00,286.94641411873886,289.49252730782484
2016-02-28 05:00:00,303.52227973644096,299.37673052066276
2016-02-28 06:00:00,307.7074728379448,301.3905784477622
2016-02-28 08:00:00,313.39286025977464,303.5277087383535
2016-02-28 09:00:00,314.27835753077903,304.04390912871514
2016-02-28 17:00:00,292.7999802458636,294.2032008942544
2016-02-28 18:00:00,291.8323404697131,293.4307707799785
2016-02-28 20:00:00,290.4652329314104,292.30703848205474
2016-02-28 21:00:00,289.9395090817303,291.7742240212181
2016-02-29 05:00:00,303.43865275566685,299.49056249774287
2016-02-29 06:00:00,307.70952426340256,301.76801423482794
2016-02-29 08:00:00,313.6830479602785,304.1545170576804
2016-02-29 09:00:00,314.8564680243494,304.6238530280961
2016-02-29 17:00:00,293.89245116435137,295.2614108704272
2016-02-29 18:00:00,293.0619233635431,294.5841547138702
2016-02-29 20:00:00,291.72598019733636,293.32885288420744
2016-02-29 21:00:00,291.14140858231417,292.7717181236608
2016-03-01 05:00:00,304.25394415010476,300.18267384956727
2016-03-01 06:00:00,308.6157426172853,302.51446338059907
2016-03-01 08:00:00,314.3722933165282,304.9057425806078
2016-03-01 09:00:00,315.49855699818386,305.31297422153375
2016-03-01 17:00:00,295.12941945315504,296.3328927485344
2016-03-01 18:00:00,294.1910841696435,295.5199294832345
2016-03-01 20:00:00,292.99284891795674,294.5939877925926
2016-03-01 21:00:00,292.36698262313115,293.97521786917525
2016-03-02 05:00:00,306.278734462838,302.6808807184957
2016-03-02 06:00:00,310.462586084022,304.93387296938204
2016-03-02 08:00:00,314.63260146318856,306.8684349118837
2016-03-02 09:00:00,314.7528963250629,307.0485197516913
2016-03-02 17:00:00,293.60302094869513,294.8264426303387
2016-03-02 18:00:00,292.8921712631437,294.23219130035545
2016-03-02 20:00:00,292.39243642280945,294.21689491683424
2016-03-02 21:00:00,291.8693510740307,293.7489864308221
2016-03-03 05:00:00,307.5233480397652,303.14707838625685
2016-03-03 06:00:00,311.6296093063472,305.0211018942905
2016-03-03 08:00:00,315.3388563488224,306.6636942670966
2016-03-03 09:00:00,314.9275767321947,306.94316354995516
2016-03-03 17:00:00,294.64156526115903,295.91813763117386
2016-03-03 18:00:00,293.6111196038903,295.1268316659795
2016-03-03 20:00:00,292.2671703697169,294.3424365685791
2016-03-03 21:00:00,291.5500274799271,293.58727021063055
2016-03-04 05:00:00,308.0833781614142,303.074302638073
2016-03-04 06:00:00,312.25479838366874,304.64251271675477
2016-03-04 08:00:00,316.6660185168814,306.4637255088207
2016-03-04 09:00:00,315.10786503819725,306.3467237240361
2016-03-04 17:00:00,294.4977634000852,295.76406935587505
2016-03-04 18:00:00,293.43637628070377,294.70590235823295
2016-03-04 20:00:00,292.48041048916906,293.75386969003546
2016-03-04 21:00:00,292.2585350001354,293.3579424371705
2016-03-05 05:00:00,303.1813938746284,299.60375988318117
2016-03-05 06:00:00,307.06862037317785,301.7438481687948
2016-03-05 08:00:00,310.4040091210411,303.0700456475256
2016-03-05 09:00:00,310.1133593543101,303.3920846712791
2016-03-05 17:00:00,291.79158509053144,292.8564246461278
2016-03-05 18:00:00,290.8958058643782,291.64635203027944
2016-03-05 20:00:00,289.9029270401354,290.7452329097801
2016-03-05 21:00:00,289.4393807809415,290.27915627783733
2016-03-06 05:00:00,303.93261638811816,297.94576480906625
2016-03-06 06:00:00,309.18875281946686,300.4266175680058
2016-03-06 08:00:00,312.28390566410013,301.4708503758411
2016-03-06 09:00:00,312.77349423260097,302.3026619133854
2016-03-06 17:00:00,292.81960800946774,293.44112202272584
2016-03-06 18:00:00,292.0795738561128,292.7993708347503
2016-03-06 20:00:00,290.9073527002555,291.88759637723905
2016-03-06 21:00:00,290.4014150093443,291.355086010667
2016-03-07 05:00:00,302.8416455802271,297.4588546870486
2016-03-07 06:00:00,307.01039530279456,299.20228435592765
2016-03-07 08:00:00,313.02783960186645,301.5303428426546
2016-03-07 09:00:00,312.9009065084355,302.0314402763943
2016-03-07 17:00:00,292.60010395726,293.37353527380617
2016-03-07 18:00:00,291.7124408316355,292.6182343140589
2016-03-07 20:00:00,290.4810882239202,291.5909194593621
2016-03-07 21:00:00,289.7418664776489,290.85116473699026
2016-03-08 05:00:00,303.9108119782388,296.92486024453945
2016-03-08 06:00:00,308.0619336144399,298.60570736548567
2016-03-08 08:00:00,312.5834873710832,300.93805780396076
2016-03-08 09:00:00,312.74620834374105,301.49823162625495
2016-03-08 17:00:00,292.80417504920433,293.91093357832665
2016-03-08 18:00:00,291.8575775428619,293.1177684625235
2016-03-08 20:00:00,290.4687630252221,291.9543583521674
2016-03-08 21:00:00,289.71089865944606,291.1147976068576
2016-03-09 05:00:00,305.0582137144586,298.84910524718015
2016-03-09 06:00:00,309.5817772581691,300.3478158207263
2016-03-09 08:00:00,315.0607873948954,302.49730530725606
2016-03-09 09:00:00,315.0862944004899,303.03173529532364
2016-03-09 17:00:00,293.87029693086265,295.2188918197467
2016-03-09 18:00:00,292.9037720808079,294.42789105384486
2016-03-09 20:00:00,291.12595401522924,292.7572695786486
2016-03-09 21:00:00,290.31624886581824,292.18986440696773
2016-03-10 05:00:00,304.988465601564,300.79926637434994
2016-03-10 06:00:00,309.65813541265413,302.7475312501881
2016-03-10 08:00:00,313.1804352982203,304.0680897011779
2016-03-10 09:00:00,314.0745006966848,304.70161414477053
2016-03-10 17:00:00,296.1791792577147,297.58545248681116
2016-03-10 18:00:00,295.95779778667156,297.3676981404309
2016-03-10 20:00:00,294.36904469917664,296.1527296633493
2016-03-10 21:00:00,293.6737152240677,295.5979803052999
2016-03-11 05:00:00,306.3461052140763,301.75765951241846
2016-03-11 06:00:00,308.4509867475654,302.9011665426528
2016-03-11 08:00:00,312.37902277166194,305.36508545486146
2016-03-11 09:00:00,311.92052670142317,305.71055908673355
2016-03-11 17:00:00,294.77316291233063,296.29496809808063
2016-03-11 18:00:00,293.7535777980998,295.41301448686835
2016-03-11 20:00:00,291.8982746377013,294.57433842216693
2016-03-11 21:00:00,290.74579080778574,293.4041168259913
2016-03-12 05:00:00,305.29131847316944,299.4648042041091
2016-03-12 06:00:00,309.02808275501974,301.23697179197717
2016-03-12 08:00:00,312.554431157046,303.8220106692087
2016-03-12 09:00:00,311.29961401141486,303.90461100856044
2016-03-12 17:00:00,294.0274896371897,295.1906376208289
2016-03-12 18:00:00,292.9936465364759,294.3627491673263
2016-03-12 20:00:00,291.65210297148116,293.42783467391234
2016-03-12 21:00:00,290.7793530433314,292.47388767424644
2016-03-13 05:00:00,305.6476275380844,300.0125108198686
2016-03-13 06:00:00,309.11225813526215,301.2738687665143
2016-03-13 08:00:00,311.47719829071474,302.3610380434292
2016-03-13 09:00:00,311.4669975433585,302.7436506979638
2016-03-13 17:00:00,292.8453091708097,293.8225973919838
2016-03-13 18:00:00,291.62278289089585,292.80509951081586
2016-03-13 20:00:00,289.75246353031855,291.7850872210252
2016-03-13 21:00:00,289.32531230438656,291.17729055348826
2016-03-14 05:00:00,306.22520757125596,299.21604940593704
2016-03-14 06:00:00,310.32549444589483,300.8723437246079
2016-03-14 08:00:00,313.2446923630631,302.405424943874
2016-03-14 09:00:00,312.07729286699345,302.5208153158931
2016-03-14 17:00:00,293.0444226610275,294.2684209791281
2016-03-14 18:00:00,292.09240913097227,293.47973534065335
2016-03-14 20:00:00,290.3930343134194,291.75999572942004
2016-03-14 21:00:00,289.7153154323207,291.11236184330306
2016-03-15 05:00:00,303.65022400090436,298.6933029715563
2016-03-15 06:00:00,307.6086767634552,300.27939886672107
2016-03-15 08:00:00,312.24503739038124,301.8052144807366
2016-03-15 09:00:00,313.72740163935356,302.4251034212039
2016-03-15 17:00:00,292.96892602858816,294.1839808389109
2016-03-15 18:00:00,291.2908180131016,292.9345871700528
2016-03-15 20:00:00,289.0904786943104,291.04889802389044
2016-03-15 21:00:00,288.08968107579113,290.09965101339054
2016-03-16 05:00:00,305.327536560905,299.8092578247258
2016-03-16 06:00:00,309.50109858579003,301.38636666931245
2016-03-16 08:00:00,315.83570201150815,303.3970600710077
2016-03-16 09:00:00,316.46718669121367,303.917019742663
2016-03-16 17:00:00,293.8365351790089,295.2581503799039
2016-03-16 18:00:00,292.75100256592174,294.42642628062856
2016-03-16 20:00:00,291.4780619757936,293.42508919690897
2016-03-16 21:00:00,291.17569799673026,293.0913078413906
2016-03-17 05:00:00,305.33241173225485,302.20117972775125
2016-03-17 06:00:00,308.68565001877136,303.66193649691684
2016-03-17 08:00:00,312.7442811751402,305.8970856747385
2016-03-17 09:00:00,311.9464692525761,306.2868445209803
2016-03-17 17:00:00,297.7519166590804,298.7209640291329
2016-03-17 18:00:00,297.1894439321086,298.2950638358142
2016-03-17 20:00:00,296.95945107293977,298.10824415680077
2016-03-17 21:00:00,296.36482292845363,297.4125254532589
2016-03-18 05:00:00,308.99976230145234,302.14858724303167
2016-03-18 06:00:00,311.3154088095267,303.1474563057875
2016-03-18 08:00:00,314.1761215280495,304.70094555588827
2016-03-18 09:00:00,314.14102520817784,305.23388855262607
2016-03-18 17:00:00,297.2736879886574,298.2175563112797
2016-03-18 18:00:00,296.44594662141725,297.4911938448349
2016-03-18 20:00:00,295.69649763063217,297.0294418217405
2016-03-18 21:00:00,295.1605915369348,296.44103902807956
2016-03-19 05:00:00,308.00353919265814,302.71229957615833
2016-03-19 06:00:00,311.48994495174367,304.1367032090762
2016-03-19 08:00:00,316.2439363594232,306.4266458049945
2016-03-19 09:00:00,316.52972713053134,306.98884305087006
2016-03-19 17:00:00,297.5089392757563,298.8527025360907
2016-03-19 18:00:00,296.5280706232245,298.0088446900731
2016-03-19 20:00:00,295.35714674657225,297.34092561930464
2016-03-19 21:00:00,294.72745190636584,296.81406669440366
2016-03-20 05:00:00,306.5762018753311,302.3908175099613
2016-03-20 06:00:00,311.2383436017852,304.8358137368789
2016-03-20 08:00:00,317.1169936498986,307.1201903309403
2016-03-20 09:00:00,317.6655857926708,307.58121571592267
2016-03-20 17:00:00,296.2880985865424,297.8038027958804
2016-03-20 18:00:00,295.242022263067,296.86223380113785
2016-03-20 20:00:00,293.38536368018856,295.0225381483834
2016-03-20 21:00:00,292.5115775885677,294.4338670915742
2016-03-21 05:00:00,307.79400451378024,302.2505177408227
2016-03-21 06:00:00,311.9410739422579,303.81104641812976
2016-03-21 08:00:00,317.3907402755667,305.8088805399985
2016-03-21 09:00:00,318.14317124283,306.51946438405844
2016-03-21 17:00:00,296.42425175036414,297.5708860564857
2016-03-21 18:00:00,295.4103401078282,296.5452287435899
2016-03-21 20:00:00,293.63853640328574,294.665962748241
2016-03-21 21:00:00,292.75212205319633,293.7643580737944
2016-03-22 05:00:00,305.21248696067113,299.4502540200443
2016-03-22 06:00:00,309.39184600877104,301.48174571550135
2016-03-22 08:00:00,313.63321442449774,304.0822514561916
2016-03-22 09:00:00,313.8816173300721,304.717654165024
2016-03-22 17:00:00,293.4453866779345,295.4180132332495
2016-03-22 18:00:00,292.3060136039746,294.4997780539773
2016-03-22 20:00:00,290.13284548625745,292.678914920942
2016-03-22 21:00:00,289.21480704896805,291.98545447115913
2016-03-23 05:00:00,309.08902457168176,303.11682126555127
2016-03-23 06:00:00,312.2913899708235,304.65347167780664
2016-03-23 08:00:00,316.718359337382,307.1915107574228
2016-03-23 09:00:00,317.1734262240135,307.7572281988817
2016-03-23 17:00:00,294.98162848850245,297.19875484989683
2016-03-23 18:00:00,293.1841522122752,297.2047807314363
2016-03-23 20:00:00,290.94516941064677,296.6889202429444
2016-03-23 21:00:00,290.1699859431051,294.34402526949515
2016-03-24 05:00:00,311.92920022973294,306.7570798195014
2016-03-24 06:00:00,315.5821460318308,308.27349348024154
2016-03-24 08:00:00,320.34715962226295,310.0839539984893
2016-03-24 09:00:00,320.7977834034407,310.5138841579067
2016-03-24 17:00:00,297.159043839606,298.7376069243773
2016-03-24 18:00:00,295.4452560495339,297.04163592181334
2016-03-24 20:00:00,293.07136806023686,295.4827209848836
2016-03-24 21:00:00,292.5965535497445,295.06328494596556
2016-03-25 05:00:00,311.518077385995,306.8167190904426
2016-03-25 06:00:00,315.2299745204085,308.64543901863743
2016-03-25 08:00:00,318.5502659073229,310.8173964019917
2016-03-25 09:00:00,318.98645024233497,311.1772468225982
2016-03-25 17:00:00,300.4007978395248,301.13554577467437
2016-03-25 18:00:00,299.4379912436651,300.50725570702224
2016-03-25 20:00:00,297.0444374260807,298.19403050309523
2016-03-25 21:00:00,296.1655991940726,297.27737779426286
2016-03-26 05:00:00,302.8447642274924,299.421557857002
2016-03-26 06:00:00,306.10783416795067,301.57050500996127
2016-03-26 08:00:00,310.39693891763324,304.20732227202006
2016-03-26 09:00:00,312.3132669128512,305.395279024709
2016-03-26 17:00:00,296.5769424556033,297.73774230204674
2016-03-26 18:00:00,295.7716721121813,297.07134960392045
2016-03-26 20:00:00,294.43374899465977,295.6776881989419
2016-03-26 21:00:00,293.89340983480446,295.07005397050153
2016-03-27 05:00:00,306.418251331488,300.73379775225106
2016-03-27 06:00:00,310.5888253845309,302.57751716413924
2016-03-27 08:00:00,316.0445454601882,305.0428418833963
2016-03-27 09:00:00,316.29359222082957,305.57858100032956
2016-03-27 17:00:00,294.86989032762995,296.2413090028454
2016-03-27 18:00:00,293.90600049881425,295.4884522706959
2016-03-27 20:00:00,292.4605448859498,294.47364811831153
2016-03-27 21:00:00,291.5306999312344,293.5586454747087
2016-03-28 05:00:00,309.5297744351286,302.6486117182234
2016-03-28 06:00:00,313.9798719409067,304.08338227587967
2016-03-28 08:00:00,319.854178594698,306.15424503273516
2016-03-28 09:00:00,319.9226334723192,306.77615147195354
2016-03-28 17:00:00,296.5774630883074,297.9162506432673
2016-03-28 18:00:00,295.94990544253034,297.42470516445826
2016-03-28 20:00:00,293.4673335188526,295.2907463038464
2016-03-28 21:00:00,292.4253148812175,294.40236262951873
2016-03-29 05:00:00,310.5652961201954,303.447026868447
2016-03-29 06:00:00,315.7890808857828,304.97839896227066
2016-03-29 08:00:00,320.9127371013624,307.2773821908631
2016-03-29 09:00:00,320.70394949185646,307.8691454212912
2016-03-29 17:00:00,297.1939528219873,298.71111416339136
2016-03-29 18:00:00,296.05264644299524,297.80256128531573
2016-03-29 20:00:00,293.778674368131,296.0226163937608
2016-03-29 21:00:00,292.92115113621315,295.7258706820213
2016-03-30 05:00:00,309.0481348258138,304.75821952643486
2016-03-30 06:00:00,314.5592544626199,306.57191276844185
2016-03-30 08:00:00,321.06177792306676,308.9301774505474
2016-03-30 09:00:00,321.1313611752079,309.36922465414034
2016-03-30 17:00:00,297.7842191158348,299.42374962099893
2016-03-30 18:00:00,296.4565098414252,298.1293471796304
2016-03-30 20:00:00,294.6913573231279,296.7166542793826
2016-03-30 21:00:00,293.96857857961317,296.16755488179683
2016-03-31 05:00:00,311.9027171083518,306.33078099325735
2016-03-31 06:00:00,315.7341351149079,307.8734349748937
2016-03-31 08:00:00,320.83755011183825,309.7223411054567
2016-03-31 09:00:00,320.8249803728242,310.1652802642211
2016-03-31 17:00:00,298.84666285345844,300.32982970533095
2016-03-31 18:00:00,298.2337879245564,299.88352528999695
2016-03-31 20:00:00,296.8482443129153,298.6482538537729
2016-03-31 21:00:00,296.58173585489095,298.2921766566202
2016-04-01 05:00:00,311.97695772379683,306.6658064690871
2016-04-01 06:00:00,315.78340264130816,308.3422049829515
2016-04-01 08:00:00,320.2612075217884,310.372194263711
2016-04-01 09:00:00,320.50008214824186,310.81774333371953
2016-04-01 17:00:00,301.02943624957874,302.3830805985696
2016-04-01 18:00:00,300.0499634353332,301.58310893430547
2016-04-01 20:00:00,298.91370543493144,300.5078505881946
2016-04-01 21:00:00,298.3652542419904,299.8743473752438
2016-04-02 05:00:00,313.9051595020735,307.7039766238173
2016-04-02 06:00:00,318.0295994645458,309.3216144814513
2016-04-02 08:00:00,323.1567643316942,311.59679385803884
2016-04-02 09:00:00,322.5581379377603,312.10984101611405
2016-04-02 17:00:00,303.04901360510314,303.97728558791624
2016-04-02 18:00:00,302.15381813930986,303.1777436149139
2016-04-02 20:00:00,300.62052882213624,301.7259735906804
2016-04-02 21:00:00,299.9210632747421,301.03607314099514
2016-04-03 05:00:00,312.0817998289511,306.9177053771879
2016-04-03 06:00:00,315.1778029807727,308.2943439219141
2016-04-03 08:00:00,318.31857304506934,309.94610243034657
2016-04-03 09:00:00,318.14844396558857,310.22256236965376
2016-04-03 17:00:00,300.66457476270585,301.89357013437893
2016-04-03 18:00:00,299.66799324870294,301.0370669842501
2016-04-03 20:00:00,298.14061959241684,299.6351798693829
2016-04-03 21:00:00,297.8943244452102,299.37447621679087
2016-04-04 05:00:00,309.8889287587123,304.77912317402377
2016-04-04 06:00:00,313.0431493867895,306.0111773803899
2016-04-04 08:00:00,316.89874335760703,307.70819068285647
2016-04-04 09:00:00,317.0497107601313,308.1639959397044
2016-04-04 17:00:00,299.19683529893496,300.34133901728325
2016-04-04 18:00:00,298.3266958933214,299.61755131279193
2016-04-04 20:00:00,297.11803987617674,298.6334348187792
2016-04-04 21:00:00,296.5172533878744,298.02846558839775
2016-04-05 05:00:00,312.2141870342895,305.62983014734203
2016-04-05 06:00:00,316.6285656192821,307.17635783943444
2016-04-05 08:00:00,321.0491390845442,308.91661036510504
2016-04-05 09:00:00,320.29661663508017,309.3991448118801
2016-04-05 17:00:00,299.8978743589898,300.96883459340995
2016-04-05 18:00:00,299.0300292498526,300.1810452500918
2016-04-05 20:00:00,298.2899275722416,299.5742199020504
2016-04-05 21:00:00,298.259657637915,299.35679621762597
2016-04-06 05:00:00,309.13779826818154,304.1113183208166
2016-04-06 06:00:00,313.4364596515297,305.7887662819978
2016-04-06 08:00:00,316.9951982777365,307.8485508288367
2016-04-06 09:00:00,316.6239157090385,308.04514003571444
2016-04-06 17:00:00,298.3027348922471,299.4611369222633
2016-04-06 18:00:00,297.29195106635655,298.37273739666347
2016-04-06 20:00:00,295.9783770968257,297.29133123976794
2016-04-06 21:00:00,295.34625495710804,296.53859453245377
2016-04-07 05:00:00,312.1962602377306,303.82623580203773
2016-04-07 06:00:00,315.5092139339594,305.0120454385578
2016-04-07 08:00:00,318.23527070737583,306.95289031089
2016-04-07 09:00:00,317.5067622297901,307.0234498433964
2016-04-07 17:00:00,297.419697554343,298.86372450724224
2016-04-07 18:00:00,296.46930157348453,298.12396917357836
2016-04-07 20:00:00,295.09612247132003,296.9789614449665
2016-04-07 21:00:00,294.1754185187247,296.28437586521335
2016-04-08 05:00:00,311.58649645601105,304.7106513212936
2016-04-08 06:00:00,315.15322170639627,306.13759830516
2016-04-08 08:00:00,319.82261095796423,307.83648439474945
2016-04-08 09:00:00,320.2669615664725,308.27300174284056
2016-04-08 17:00:00,297.99743694663965,299.40079332536834
2016-04-08 18:00:00,297.39337003029,298.8957039667021
2016-04-08 20:00:00,296.4110006793806,297.9589481912152
2016-04-08 21:00:00,295.76590525387616,297.2181441390827
2016-04-09 05:00:00,313.2695921911113,304.6663003224989
2016-04-09 06:00:00,317.0952968509245,306.2576968952761
2016-04-09 08:00:00,321.68276008876336,308.17740803911073
2016-04-09 09:00:00,321.82342268322213,308.7008935020224
2016-04-09 17:00:00,299.53990855165546,300.68996120270674
2016-04-09 18:00:00,298.5885528423386,299.84488523979957
2016-04-09 20:00:00,296.73513556481873,298.31649121958964
2016-04-09 21:00:00,295.9865717718892,297.52416797044276
2016-04-10 05:00:00,313.6495560938478,304.88230263543977
2016-04-10 06:00:00,318.2285254056722,306.9127264742859
2016-04-10 08:00:00,321.5745401015084,308.9655998006624
2016-04-10 09:00:00,321.19713067053283,309.5294340630342
2016-04-10 17:00:00,299.31970567512224,300.47245431203504
2016-04-10 18:00:00,298.3215073642819,299.6075196817219
2016-04-10 20:00:00,297.614967146346,299.39942433690806
2016-04-10 21:00:00,296.9987561383123,298.2566008722103
2016-04-11 05:00:00,310.95580697316785,304.21045662478787
2016-04-11 06:00:00,315.01293486843497,305.9588706276634
2016-04-11 08:00:00,317.4084068027961,307.0045368917551
2016-04-11 09:00:00,317.1671475262047,307.3075439500148
2016-04-11 17:00:00,298.2348388295695,299.3912570054065
2016-04-11 18:00:00,297.6339792448494,298.8990122320472
2016-04-11 20:00:00,296.6645153028021,298.0319029304023
2016-04-11 21:00:00,296.21798743672656,297.39673944834755
2016-04-12 05:00:00,310.59199766091467,303.2502468209054
2016-04-12 06:00:00,313.571993929212,304.9309727884772
2016-04-12 08:00:00,316.41052250796,306.972200202648
2016-04-12 09:00:00,316.5205706345099,307.4087493614349
2016-04-12 17:00:00,297.4175167936022,299.01983470946135
2016-04-12 18:00:00,296.13809914140745,297.98607577895535
2016-04-12 20:00:00,294.1532917228428,296.51438229036256
2016-04-12 21:00:00,293.6270727266333,296.13356925599936
2016-04-13 05:00:00,314.56765972778135,306.41940124229586
2016-04-13 06:00:00,316.32414828684,307.6673234607479
2016-04-13 08:00:00,318.4765815205861,309.44263316009005
2016-04-13 09:00:00,318.60471928248234,309.87950181299806
2016-04-13 17:00:00,299.3584966439128,300.85880468806425
2016-04-13 18:00:00,298.24392110063417,299.9081793081228
2016-04-13 20:00:00,297.5624820609306,299.6099136658185
2016-04-13 21:00:00,297.24072046970554,299.1144290212858
2016-04-14 05:00:00,312.6786942210146,307.39694606504753
2016-04-14 06:00:00,316.0557972301137,309.1051744599188
2016-04-14 08:00:00,319.71887931177173,311.1872718705235
2016-04-14 09:00:00,320.12679606997546,311.63493307198877
2016-04-14 17:00:00,301.39054278122444,303.0234969599038
2016-04-14 18:00:00,300.4684894015132,302.21380603478764
2016-04-14 20:00:00,299.3058644017012,301.22335465112343
2016-04-14 21:00:00,298.75533070145474,300.5906086879078
2016-04-15 05:00:00,312.5775224541663,307.6602714315218
2016-04-15 06:00:00,315.85223219391014,309.29413420173165
2016-04-15 08:00:00,321.0545068867218,311.64523139095456
2016-04-15 09:00:00,322.2363855864491,312.27444563808353
2016-04-15 17:00:00,303.2741115669991,304.28517618752403
2016-04-15 18:00:00,302.22039980660605,303.3248308413936
2016-04-15 20:00:00,300.5688672881281,301.8130957510879
2016-04-15 21:00:00,299.9732710686964,301.2292526550763
2016-04-16 05:00:00,312.58596606614594,307.38851355036894
2016-04-16 06:00:00,316.1431184601159,309.08571999760005
2016-04-16 08:00:00,321.1125478406533,311.27635778300754
2016-04-16 09:00:00,321.5976642438186,311.70369982609213
2016-04-16 17:00:00,302.55496434474765,303.54336183427483
2016-04-16 18:00:00,301.7537583643557,302.82033097982776
2016-04-16 20:00:00,300.73107174254716,301.9888562171595
2016-04-16 21:00:00,300.38954077957226,301.65134971865524
2016-04-17 05:00:00,310.81040855842673,305.41465806299806
2016-04-17 06:00:00,314.4383041781527,307.0540814980153
2016-04-17 08:00:00,319.1256565041094,309.30539286044785
2016-04-17 09:00:00,319.80909674928074,309.9288966292042
2016-04-17 17:00:00,302.0249843744357,303.29491136547966
2016-04-17 18:00:00,301.01182055363125,302.3421237751589
2016-04-17 20:00:00,298.58042444543594,300.3477970587638
2016-04-17 21:00:00,297.71029065900666,299.7199946845808
2016-04-18 05:00:00,310.52130213944685,305.50824244988536
2016-04-18 06:00:00,314.0798780444223,307.4345544659302
2016-04-18 08:00:00,319.0901079692165,309.2894906395205
2016-04-18 09:00:00,319.8570940814143,309.80174685626633
2016-04-18 17:00:00,300.88341213044106,302.16795320907613
2016-04-18 18:00:00,299.9677857573852,301.3061765603182
2016-04-18 20:00:00,298.5909947423245,300.0765264008556
2016-04-18 21:00:00,297.9689975732648,299.4086502851066
2016-04-19 05:00:00,311.25033367139355,306.0700225594966
2016-04-19 06:00:00,313.66246679273706,307.16830963934154
2016-04-19 08:00:00,317.80960572041425,309.305626844221
2016-04-19 09:00:00,318.6872612434469,309.8950281598718
2016-04-19 17:00:00,300.582037856656,301.66814894007604
2016-04-19 18:00:00,299.98442919338794,301.07317518049103
2016-04-19 20:00:00,298.8564499677238,300.1763446026113
2016-04-19 21:00:00,298.308602496178,299.5660896477604
2016-04-20 05:00:00,310.23123105464987,306.1113691520985
2016-04-20 06:00:00,315.60085629314784,308.1255423570818
2016-04-20 08:00:00,320.5389544658926,310.0996916643093
2016-04-20 09:00:00,320.8393559859971,310.6188490622216
2016-04-20 17:00:00,299.56324112103056,301.20173936558797
2016-04-20 18:00:00,298.4539433789364,300.27260325098257
2016-04-20 20:00:00,296.8688655435947,299.0046964624813
2016-04-20 21:00:00,296.17531631540265,298.2036637833747
2016-04-21 05:00:00,316.69447220859615,307.1996593739843
2016-04-21 06:00:00,320.2069767979885,308.9005753292325
2016-04-21 08:00:00,322.3961541362463,310.79385693378185
2016-04-21 09:00:00,322.017074091225,311.14251165874936
2016-04-21 17:00:00,301.28363707179466,302.6860089412272
2016-04-21 18:00:00,300.58641212122467,302.1359883500909
2016-04-21 20:00:00,299.88146471867026,301.32726404222393
2016-04-21 21:00:00,299.48514308841277,300.8802785300327
2016-04-22 05:00:00,311.3156411004912,306.3484820819967
2016-04-22 06:00:00,314.76480953645637,308.08797653503893
2016-04-22 08:00:00,318.99920188774496,309.85275950380395
2016-04-22 09:00:00,319.2577996158453,310.2190934285545
2016-04-22 17:00:00,301.6892964931776,302.7065497634958
2016-04-22 18:00:00,300.9141518426787,301.92542738245885
2016-04-22 20:00:00,298.9813549823496,299.97550529397694
2016-04-22 21:00:00,297.7896890508008,298.73865183402654
2016-04-23 05:00:00,314.4054962769495,306.14830510825703
2016-04-23 06:00:00,317.03991922575455,307.4438479854072
2016-04-23 08:00:00,320.2753395115833,309.2126250656434
2016-04-23 09:00:00,319.8776163768327,309.5955120727351
2016-04-23 17:00:00,298.0733095471774,300.10721551692353
2016-04-23 18:00:00,297.1099374121621,299.3297389519784
2016-04-23 20:00:00,295.89853533023313,298.326708048628
2016-04-23 21:00:00,295.4023853413681,297.5856403885711
2016-04-24 05:00:00,317.7681916270675,307.31413273745216
2016-04-24 06:00:00,321.4030255992166,308.58983411039526
2016-04-24 08:00:00,322.574741498715,310.11502011714987
2016-04-24 09:00:00,322.0078778377116,310.5588290974245
2016-04-24 17:00:00,301.0871847002826,302.25682147809283
2016-04-24 18:00:00,299.7388626122144,301.13939157729897
2016-04-24 20:00:00,297.54165999731407,299.3618145253515
2016-04-24 21:00:00,296.62558305502307,298.6167804735651
2016-04-25 05:00:00,315.54753557155243,306.9509903918062
2016-04-25 06:00:00,319.3116476708458,308.4627915721829
2016-04-25 08:00:00,324.34250677311553,310.07865588360096
2016-04-25 09:00:00,323.9205387626848,310.5456449158938
2016-04-25 17:00:00,302.1453607732599,303.2942543911456
2016-04-25 18:00:00,301.3133079869721,302.6052155340397
2016-04-25 20:00:00,299.6806234115812,301.19547468047296
2016-04-25 21:00:00,299.05236583645063,300.54349502539964
2016-04-26 05:00:00,316.6784764364798,307.96068223856264
2016-04-26 06:00:00,320.33532691332516,309.5549596895238
2016-04-26 08:00:00,324.43922878083174,311.3890294102932
2016-04-26 09:00:00,323.7506052261141,311.71218361876595
2016-04-26 17:00:00,301.89174998890275,303.37747279374366
2016-04-26 18:00:00,300.9689460836684,302.54541709206325
2016-04-26 20:00:00,299.3153759643367,301.0122146253777
2016-04-26 21:00:00,298.6160457240782,300.2982809481158
2016-04-27 05:00:00,314.3031876950492,309.00770839226817
2016-04-27 06:00:00,318.4096396847388,310.64437544107074
2016-04-27 08:00:00,322.88007962501655,311.66888028043445
2016-04-27 09:00:00,323.0334193107711,312.02932727502196
2016-04-27 17:00:00,300.8340382392308,302.7812756507533
2016-04-27 18:00:00,300.00222968761284,302.37238214195975
2016-04-27 20:00:00,298.1986150991384,300.11997115924294
2016-04-27 21:00:00,297.0923967875758,298.8365886670599
2016-04-28 05:00:00,318.1374410150231,309.5793441043613
2016-04-28 06:00:00,322.06707265233774,310.71936637043774
2016-04-28 08:00:00,326.61543243361183,312.4178543443489
2016-04-28 09:00:00,325.94963699129215,312.7605052178006
2016-04-28 17:00:00,301.57680157630574,303.23715764825994
2016-04-28 18:00:00,300.352230454079,302.22732692066074
2016-04-28 20:00:00,298.1190238682258,300.40661625795997
2016-04-28 21:00:00,297.16268081547486,299.5528927466535
2016-04-29 05:00:00,318.33394887304087,310.44965504791776
2016-04-29 06:00:00,323.2541292305169,311.70451110463665
2016-04-29 08:00:00,325.8603040227905,313.24018161579716
2016-04-29 09:00:00,324.8722908008264,313.33415572485313
2016-04-29 17:00:00,301.79663979364284,303.84499341497434
2016-04-29 18:00:00,300.4202528896244,302.75203003023734
2016-04-29 20:00:00,297.04173610316957,300.1110476125003
2016-04-29 21:00:00,295.81221878216337,298.5189216272857
2016-04-30 05:00:00,318.12862618421366,311.02307806029705
2016-04-30 06:00:00,321.85130474637214,312.1927458494213
2016-04-30 08:00:00,325.7148582564297,314.0954633809753
2016-04-30 09:00:00,324.4631747582294,314.17105923081033
2016-04-30 17:00:00,300.09907724530376,302.6894890031388
2016-04-30 18:00:00,298.2091294392967,301.2286278911291
2016-04-30 20:00:00,298.2265567162371,301.38757622811386
2016-04-30 21:00:00,298.3703308105469,301.14522748809014
2016-05-01 05:00:00,316.7609814142777,311.17611344018593
2016-05-01 06:00:00,320.35254397634736,312.84832777778615
2016-05-01 08:00:00,324.12163935163176,314.4244652558549
2016-05-01 09:00:00,324.0180662886939,314.57150026389
2016-05-01 17:00:00,303.23741819972435,304.47451523603024
2016-05-01 18:00:00,302.40719667972513,304.0058528859002
2016-05-01 20:00:00,301.4337687676053,303.20083571141606
2016-05-01 21:00:00,300.83581314909804,302.5672548408685
2016-05-02 05:00:00,314.5520165065771,309.4228679028057
2016-05-02 06:00:00,316.64186810932836,310.5446011347837
2016-05-02 08:00:00,318.3165432969668,310.9643297004406
2016-05-02 09:00:00,315.0120209398549,310.75558981873405
2016-05-02 17:00:00,299.41198373098035,301.28884346936997
2016-05-02 18:00:00,298.4143795254418,300.8442403267271
2016-05-02 20:00:00,296.47751023773054,299.40694043081606
2016-05-02 21:00:00,295.91654603837634,299.22849730975094
2016-05-03 05:00:00,313.358845433028,308.5807244252351
2016-05-03 06:00:00,316.92014767686464,310.3840671533429
2016-05-03 08:00:00,320.49693312446584,312.33627222939896
2016-05-03 09:00:00,320.1251706915387,312.413424334651
2016-05-03 17:00:00,301.61654623116846,303.24234660050166
2016-05-03 18:00:00,300.6774624440997,302.55277871718215
2016-05-03 20:00:00,299.9007131520699,302.3055300955045
2016-05-03 21:00:00,299.37856251579956,301.64826062500754
2016-05-04 05:00:00,313.50587378738476,308.1141379052208
2016-05-04 06:00:00,316.75796113800385,309.64365350520484
2016-05-04 08:00:00,320.8922966015174,311.8900227598123
2016-05-04 09:00:00,320.7253891014722,312.1295938359571
2016-05-04 17:00:00,301.74944678072933,303.01378336525846
2016-05-04 18:00:00,300.6399467950242,302.0678532487255
2016-05-04 20:00:00,299.37859460863024,301.0563399398639
2016-05-04 21:00:00,298.7024449846594,300.200560347876
2016-05-05 05:00:00,315.91287769852505,308.0835083195903
2016-05-05 06:00:00,319.9831585524078,309.3589131688851
2016-05-05 08:00:00,323.5421958417848,310.4847657801741
2016-05-05 09:00:00,322.8643574060755,311.0473716982708
2016-05-05 17:00:00,298.8969912771451,299.6820437720817
2016-05-05 18:00:00,298.1499279945033,299.0586836804594
2016-05-05 20:00:00,296.9603367175086,298.0279225965127
2016-05-05 21:00:00,296.39302055934917,297.5467842231362
2016-05-06 05:00:00,314.3707547180458,305.1392954868969
2016-05-06 06:00:00,317.739631500009,306.3476234753437
2016-05-06 08:00:00,319.635904673619,307.4905375758379
2016-05-06 09:00:00,318.2176107868024,307.56678259427815
2016-05-06 17:00:00,300.76654388944985,301.87338945715015
2016-05-06 18:00:00,299.9437015104367,301.1365286616956
2016-05-06 20:00:00,297.71206340584075,299.1141991754894
2016-05-06 21:00:00,296.773033718115,298.3976719508002
2016-05-07 05:00:00,317.4616716852173,307.82532857415856
2016-05-07 06:00:00,320.87457263635014,309.0227219356778
2016-05-07 08:00:00,323.3892594206682,310.83181689810493
2016-05-07 09:00:00,322.7917924125683,311.3706180707699
2016-05-07 17:00:00,302.0893250922392,303.6164101716734
2016-05-07 18:00:00,301.99041136754863,303.4661253237026
2016-05-07 20:00:00,299.70401132639455,301.4618282229948
2016-05-07 21:00:00,298.64051280440464,300.45900480625994
2016-05-08 05:00:00,316.7454749579055,310.8485350292894
2016-05-08 06:00:00,319.95775668903934,312.1266170319497
2016-05-08 08:00:00,321.3242539698244,313.35435309505607
2016-05-08 09:00:00,321.3886761305329,313.6017242102484
2016-05-08 17:00:00,303.1143170372914,304.6892802939393
2016-05-08 18:00:00,302.44908612314475,304.3766367343615
2016-05-08 20:00:00,301.04839801053606,302.9063100006621
2016-05-08 21:00:00,299.43468923230756,301.66951623572777
2016-05-09 05:00:00,314.9090927899894,309.84681732224755
2016-05-09 06:00:00,318.18525420719374,311.6452491889566
2016-05-09 08:00:00,321.404530129925,313.99294540804965
2016-05-09 09:00:00,321.3310173046424,314.25327447970585
2016-05-09 17:00:00,300.9477423857467,304.39383052126465
2016-05-09 18:00:00,302.2404468224853,304.6031588655774
2016-05-09 20:00:00,299.67143221298244,302.2998424465373
2016-05-09 21:00:00,299.31678463975527,301.790768028224
2016-05-10 05:00:00,314.6336067093906,310.0670148382202
2016-05-10 06:00:00,317.57347497220036,311.66576193881514
2016-05-10 08:00:00,320.94501520048124,313.6738159932047
2016-05-10 09:00:00,321.0400215936552,314.0608779601581
2016-05-10 17:00:00,303.72154219381986,305.9726485853386
2016-05-10 18:00:00,301.7766798163416,305.39983700603847
2016-05-10 20:00:00,300.24299226593354,301.96602455456565
2016-05-10 21:00:00,299.72630382943413,301.5259172765793
2016-05-11 05:00:00,315.60122518436566,310.97233861326623
2016-05-11 06:00:00,318.47038374843515,312.2908233736623
2016-05-11 08:00:00,321.7395963036959,313.74526380353797
2016-05-11 09:00:00,321.3794857783384,313.9739859276817
2016-05-11 17:00:00,304.0528325579016,305.6887499981191
2016-05-11 18:00:00,302.88205461546164,304.7237617716032
2016-05-11 20:00:00,301.5937565596335,303.6833983716686
2016-05-11 21:00:00,301.184292409747,303.24329464387824
2016-05-12 05:00:00,315.37719841767534,310.3824554819539
2016-05-12 06:00:00,318.5662607625012,311.78396312554923
2016-05-12 08:00:00,322.5461651724182,314.13939646763504
2016-05-12 09:00:00,322.64491304888384,314.49125532670456
2016-05-12 17:00:00,303.87765815629064,305.47431423851447
2016-05-12 18:00:00,302.83047367795405,304.63461545876623
2016-05-12 20:00:00,301.54128962488863,303.66457450408234
2016-05-12 21:00:00,300.96427136907596,303.09053298174325
2016-05-13 05:00:00,315.3391488520501,310.61242050382504
2016-05-13 06:00:00,317.99328126598766,312.0492717584219
2016-05-13 08:00:00,321.59993310114277,314.0057381981143
2016-05-13 09:00:00,322.58442297701845,314.50206506197185
2016-05-13 17:00:00,304.20341442325633,305.91590140743875
2016-05-13 18:00:00,303.29406811166064,305.12133064916577
2016-05-13 20:00:00,302.5507939695761,304.62621851658054
2016-05-13 21:00:00,302.09661707709125,304.12022985332
2016-05-14 05:00:00,315.82499744197804,310.659111152261
2016-05-14 06:00:00,319.5513831375192,312.48043639854586
2016-05-14 08:00:00,323.6886970978489,314.21355011503573
2016-05-14 09:00:00,323.3916895415272,314.34078097821015
2016-05-14 17:00:00,305.35133834392155,306.623416589111
2016-05-14 18:00:00,304.2064331713002,305.81364570229744
2016-05-14 20:00:00,303.0888271713845,304.97090217108354
2016-05-14 21:00:00,302.87550593818463,304.62038422806427
2016-05-15 05:00:00,316.84632431524017,311.4431212532502
2016-05-15 06:00:00,320.55388567297047,313.2242424352143
2016-05-15 08:00:00,325.1956670258556,315.3671417236328
2016-05-15 09:00:00,324.7239068594111,315.4400356157535
2016-05-15 17:00:00,305.9412015377098,307.10481605471
2016-05-15 18:00:00,304.44844026962306,305.8944393681084
2016-05-15 20:00:00,303.9257441492772,305.9153778123195
2016-05-15 21:00:00,303.3486025770567,304.9776083265872
2016-05-16 05:00:00,319.14475799231394,312.76969728631497
2016-05-16 06:00:00,322.3727392540507,313.77452207309625
2016-05-16 08:00:00,326.55285522272845,315.2335764175204
2016-05-16 09:00:00,327.0494084997427,315.72378255553167
2016-05-16 17:00:00,305.7611022149837,307.1111274801528
2016-05-16 18:00:00,304.63846377709245,306.19401851236734
2016-05-16 20:00:00,302.5154765030636,304.0533884339414
2016-05-16 21:00:00,301.8671360339149,303.37992014833526
2016-05-17 05:00:00,318.86795018082955,312.5280767126333
2016-05-17 06:00:00,322.7527915590166,314.00512996256265
2016-05-17 08:00:00,325.74401585089595,316.1159424627507
2016-05-17 09:00:00,325.73019326890375,316.4318513326542
2016-05-17 17:00:00,304.8315545127645,306.456217173619
2016-05-17 18:00:00,303.7895601857425,305.6661062372852
2016-05-17 20:00:00,302.7224307537814,304.9094151524807
2016-05-17 21:00:00,302.4936154546283,304.7414743808459
2016-05-18 05:00:00,319.0261828829585,313.34513403564836
2016-05-18 06:00:00,322.2325981387005,315.1475140963938
2016-05-18 08:00:00,325.6137101418799,317.2014311098354
2016-05-18 09:00:00,325.8781306850157,317.5794204688403
2016-05-18 17:00:00,305.7744193055046,307.57630918059033
2016-05-18 18:00:00,303.7414123817291,306.41519769277704
2016-05-18 20:00:00,302.2311612262932,304.7924233834806
2016-05-18 21:00:00,301.69642728502834,304.1965696690446
2016-05-19 05:00:00,318.8951175260617,313.9462614838258
2016-05-19 06:00:00,322.2670342867106,315.98665502515894
2016-05-19 08:00:00,324.59187495579886,317.642796027091
2016-05-19 09:00:00,325.5076044256037,318.13683198008954
2016-05-19 17:00:00,306.3520298092318,308.3197031594205
2016-05-19 18:00:00,305.4148770701169,307.3941626174057
2016-05-19 20:00:00,304.4295544734538,307.04696354329684
2016-05-19 21:00:00,304.25064155096635,306.67315208305746
2016-05-20 05:00:00,318.4304948521689,314.00994774299704
2016-05-20 06:00:00,321.9403560268126,316.11742844309754
2016-05-20 08:00:00,324.893482484509,318.0718087077325
2016-05-20 09:00:00,325.3534496524852,318.40418971080817
2016-05-20 17:00:00,307.2643461065777,308.6775973515445
2016-05-20 18:00:00,306.59235230432637,308.028212019769
2016-05-20 20:00:00,305.7156701932887,307.1611189643848
2016-05-20 21:00:00,305.11033237733534,306.46580303174505
2016-05-21 05:00:00,314.3097104394381,309.01072013396515
2016-05-21 06:00:00,317.6445079033474,310.9586037046553
2016-05-21 08:00:00,322.0854850968888,314.34314444472864
2016-05-21 09:00:00,322.8969644508303,315.077504021361
2016-05-21 17:00:00,306.48705356403934,307.63465796707226
2016-05-21 18:00:00,306.0630329525893,307.24006163798424
2016-05-21 20:00:00,304.99384718132313,305.96178980564304
2016-05-21 21:00:00,304.37599640597915,305.1141876079636
2016-05-22 05:00:00,311.74376160044153,306.8668275900725
2016-05-22 06:00:00,315.2697450141143,309.11393368666637
2016-05-22 08:00:00,320.2599785662212,312.83913328761497
2016-05-22 09:00:00,321.07421983151664,313.76545957497717
2016-05-22 17:00:00,305.80350420324385,306.565712268988
2016-05-22 18:00:00,305.10972329537935,306.04546355025616
2016-05-22 20:00:00,304.08358266210337,305.0619410204777
2016-05-22 21:00:00,303.6094821877032,304.3981238366643
2016-05-23 05:00:00,312.29541965478745,307.243767854429
2016-05-23 06:00:00,315.74149389516776,309.38319284118745
2016-05-23 08:00:00,320.189692892536,312.3119961308037
2016-05-23 09:00:00,320.88629446632143,313.21589620675434
2016-05-23 17:00:00,306.6540560964811,307.7807744383261
2016-05-23 18:00:00,305.49932649727043,306.79389379939244
2016-05-23 20:00:00,302.6344636937686,303.5738980097837
2016-05-23 21:00:00,302.4773748835724,303.8660508260154
2016-05-24 05:00:00,311.09503629946016,306.0073812805082
2016-05-24 06:00:00,314.3717771744691,308.01982238957623
2016-05-24 08:00:00,318.22786845484944,309.72663449139
2016-05-24 09:00:00,318.8412553173,310.55196259532397
2016-05-24 17:00:00,305.27157324745406,306.2355596133851
2016-05-24 18:00:00,304.8658558473749,305.9753588660289
2016-05-24 20:00:00,304.2899775806304,305.2495747758722
2016-05-24 21:00:00,303.7318644001965,304.4452662534082
2016-05-25 05:00:00,311.50029344367687,306.39501118476295
2016-05-25 06:00:00,314.74339487225694,308.3691112594722
2016-05-25 08:00:00,318.1752056715485,310.9083781426053
2016-05-25 09:00:00,318.49520805840865,311.56199260411904
2016-05-25 17:00:00,306.35814865417956,307.079480634081
2016-05-25 18:00:00,305.5978207110624,306.29815666774755
2016-05-25 20:00:00,303.86511242224367,304.34260373343307
2016-05-25 21:00:00,303.0128695072121,303.40278348055756
2016-05-26 05:00:00,310.8710371349553,305.9790252779592
2016-05-26 06:00:00,314.1639747090626,308.1358915308407
2016-05-26 08:00:00,318.63753931548086,311.5399022506455
2016-05-26 09:00:00,319.2608345866387,312.3116882512309
2016-05-26 17:00:00,305.46177400609565,306.34748816820803
2016-05-26 18:00:00,304.8404757789177,305.80884487346066
2016-05-26 20:00:00,304.0660334088953,305.0198145133138
2016-05-26 21:00:00,303.56538668545807,304.39499618459735
2016-05-27 05:00:00,311.07114136494545,306.24386420345456
2016-05-27 06:00:00,314.2349249747207,308.1524015406063
2016-05-27 08:00:00,319.0522758119463,311.30459451308053
2016-05-27 09:00:00,319.6384007199703,311.9754676054733
2016-05-27 17:00:00,304.9487113776303,305.6834980828002
2016-05-27 18:00:00,304.2408992491077,305.0625879790272
2016-05-27 20:00:00,303.22033550338864,304.10511417712195
2016-05-27 21:00:00,302.85546839733155,303.73242742365056
2016-05-28 05:00:00,311.320867082922,305.83019857303753
2016-05-28 06:00:00,314.3771821008809,307.54509063861775
2016-05-28 08:00:00,318.56253738285767,310.21563871175005
2016-05-28 09:00:00,319.12164492379355,310.93072251142087
2016-05-28 17:00:00,304.52315005168714,305.38026743273156
2016-05-28 18:00:00,303.87241242442553,304.85244355987885
2016-05-28 20:00:00,303.23978615688804,304.3088924601927
2016-05-28 21:00:00,302.9126179699538,303.80568134325495
2016-05-29 05:00:00,311.1548702904183,305.81632012836
2016-05-29 06:00:00,314.6961140448948,307.9000808880399
2016-05-29 08:00:00,319.7249164316798,310.8275935286183
2016-05-29 09:00:00,320.6447517383264,311.7604342609047
2016-05-29 17:00:00,305.1363336595438,305.68795245013365
2016-05-29 18:00:00,304.4903056845643,305.18455166809366
2016-05-29 20:00:00,303.37587920249155,304.090417847244
2016-05-29 21:00:00,302.86954753387874,303.4983070502847
2016-05-30 05:00:00,311.3106063113925,305.1442035974817
2016-05-30 06:00:00,314.80799148630103,307.07088412856467
2016-05-30 08:00:00,320.37053448834297,309.8564058136315
2016-05-30 09:00:00,321.1285340672097,310.72880989156994
2016-05-30 17:00:00,304.60212251401646,305.3453690774268
2016-05-30 18:00:00,303.8508595141865,304.6679509284868
2016-05-30 20:00:00,302.40822487288887,303.2643241000653
2016-05-30 21:00:00,301.6018778326332,302.5928739715247
2016-05-31 05:00:00,313.47605237681626,306.84221469309006
2016-05-31 06:00:00,316.72616642979887,308.35364282076097
2016-05-31 08:00:00,321.47174622428435,310.9587917474827
2016-05-31 09:00:00,322.0771446521918,311.75443017427654
2016-05-31 17:00:00,304.22089100324865,304.90233281727745
2016-05-31 18:00:00,303.24030241650314,304.0776884669699
2016-05-31 20:00:00,301.70666506257373,302.71496572626756
2016-05-31 21:00:00,301.14485854984986,302.21649668359976
2016-06-01 05:00:00,314.5350730202415,308.28464953594477
2016-06-01 06:00:00,318.2320697002676,309.89965220776105
2016-06-01 08:00:00,321.4220434579717,312.07639791197704
2016-06-01 09:00:00,321.2165001397508,312.4195779762209
2016-06-01 17:00:00,304.73694120386534,305.5542625344957
2016-06-01 18:00:00,303.8933977500316,304.7499669432089
2016-06-01 20:00:00,302.8251083209445,303.72196661856583
2016-06-01 21:00:00,302.31004408732036,303.1597648115114
2016-06-02 05:00:00,315.4680622729755,308.9355639676651
2016-06-02 06:00:00,319.2038553293755,310.67503554427935
2016-06-02 08:00:00,322.03586574842456,312.2568052083208
2016-06-02 09:00:00,321.3888182324144,312.33051564550175
2016-06-02 17:00:00,304.97131039659126,305.74936580804905
2016-06-02 18:00:00,304.16953227038744,305.0763329269339
2016-06-02 20:00:00,303.3953126927921,304.39881497281726
2016-06-02 21:00:00,303.01382963536145,303.95885480460475
2016-06-03 05:00:00,316.1762988732666,310.02844398157623
2016-06-03 06:00:00,319.24255258239845,311.4254385502938
2016-06-03 08:00:00,322.4662380600563,313.12279448193283
2016-06-03 09:00:00,323.5872789803198,313.79242406530625
2016-06-03 17:00:00,305.50801714175657,306.6307788255219
2016-06-03 18:00:00,304.50684395482983,305.79704710221256
2016-06-03 20:00:00,303.18523408157984,304.74618697203186
2016-06-03 21:00:00,302.6717352962641,304.1923050373472
2016-06-04 05:00:00,317.4970809630878,311.8514476006131
2016-06-04 06:00:00,320.9924855048558,313.4019733305521
2016-06-04 08:00:00,325.32013183969934,315.27307244111284
2016-06-04 09:00:00,325.3211795706963,315.68071491729313
2016-06-04 17:00:00,305.33422214408137,306.8994666806355
2016-06-04 18:00:00,304.2988368476668,306.0094099470941
2016-06-04 20:00:00,302.5483017555554,304.50567549366065
2016-06-04 21:00:00,301.81210254263624,303.7051629770335
2016-06-05 05:00:00,319.07728035901835,313.22627270056404
2016-06-05 06:00:00,322.6363869830162,314.6144861770889
2016-06-05 08:00:00,326.8382292572633,316.0188356702243
2016-06-05 09:00:00,327.3416734410361,316.40583218191
2016-06-05 17:00:00,306.0482640670517,307.4034380802572
2016-06-05 18:00:00,305.34578452088255,306.79372860948183
2016-06-05 20:00:00,303.93302865755766,305.66225664935246
2016-06-05 21:00:00,303.42412394331126,304.966920826211
2016-06-06 05:00:00,319.79624266543635,313.8158933995134
2016-06-06 06:00:00,323.45863252942485,315.43347631140006
2016-06-06 08:00:00,327.2239937098993,316.6585717105719
2016-06-06 09:00:00,327.1383834627266,317.0581219971456
2016-06-06 17:00:00,306.46929875213675,307.9463783816674
2016-06-06 18:00:00,305.5765426236051,307.1052994221128
2016-06-06 20:00:00,302.8316298662606,304.51235736206246
2016-06-06 21:00:00,301.4797520806499,303.25385297355007
2016-06-07 05:00:00,318.23363258585175,311.5912631935625
2016-06-07 06:00:00,321.7244467243024,313.37937064383914
2016-06-07 08:00:00,323.39967470800934,315.7873649420834
2016-06-07 09:00:00,324.0039248473839,316.2438014990009
2016-06-07 17:00:00,306.25539046700453,307.5267827720231
2016-06-07 18:00:00,305.2478622883237,306.7349583606691
2016-06-07 20:00:00,304.14693722482457,305.7491223022273
2016-06-07 21:00:00,303.6136133696522,304.96790070379456
2016-06-08 05:00:00,315.4044901138094,309.6521474782418
2016-06-08 06:00:00,318.9800745371861,311.63274403529476
2016-06-08 08:00:00,324.6585286850187,315.5678878807691
2016-06-08 09:00:00,325.27179679224054,316.07739681014664
2016-06-08 17:00:00,306.7607390134838,307.8889607339868
2016-06-08 18:00:00,306.0372140705126,307.16693601916865
2016-06-08 20:00:00,304.6052583244806,305.77873843623604
2016-06-08 21:00:00,304.18048786933326,305.38470893942156
2016-06-09 05:00:00,314.16500179719856,308.408388181901
2016-06-09 06:00:00,317.8106667822792,310.3281507683094
2016-06-09 08:00:00,323.0812208883935,313.67949212166855
2016-06-09 09:00:00,323.36778078240866,314.2647604214943
2016-06-09 17:00:00,306.11822359293745,306.8240434972825
2016-06-09 18:00:00,305.41845667858155,306.21739690513203
2016-06-09 20:00:00,304.3658767723707,305.13670882826045
2016-06-09 21:00:00,303.9705644792695,304.6980914569966
2016-06-10 05:00:00,314.17366730817844,308.03047911375074
2016-06-10 06:00:00,317.4691986648254,309.5758296220071
2016-06-10 08:00:00,322.15864607659626,312.6350494525833
2016-06-10 09:00:00,321.90311021613786,312.85784592356634
2016-06-10 17:00:00,305.6905059109116,306.1928815562479
2016-06-10 18:00:00,305.07109389576965,305.62413095436045
2016-06-10 20:00:00,303.8508944283648,304.45661564196575
2016-06-10 21:00:00,303.4750342934819,304.1948774716887
2016-06-11 05:00:00,312.8673964913343,306.9163846807965
2016-06-11 06:00:00,316.28708718039775,308.55854256604965
2016-06-11 08:00:00,320.8796979201777,310.7896585097115
2016-06-11 09:00:00,321.24096479842035,311.4656445190242
2016-06-11 17:00:00,305.49657556566143,306.06128898350227
2016-06-11 18:00:00,304.93377906552445,305.5359071046803
2016-06-11 20:00:00,303.68628098968367,304.13136028178116
2016-06-11 21:00:00,303.2139683093055,303.5676688266278
2016-06-12 05:00:00,312.285393172677,306.56476394347675
2016-06-12 06:00:00,315.98623887636626,308.3465592159513
2016-06-12 08:00:00,320.98829081907104,311.0585590944452
2016-06-12 09:00:00,321.51859771305317,311.80979736045987
2016-06-12 17:00:00,304.8957788499735,305.57839161736206
2016-06-12 18:00:00,304.2884612943064,305.042726443251
2016-06-12 20:00:00,303.7344168029692,304.55704069211043
2016-06-12 21:00:00,303.46704458933215,304.0752106888453
2016-06-13 05:00:00,310.4000502529056,304.9276915375367
2016-06-13 06:00:00,313.78111713803236,306.7192903586272
2016-06-13 08:00:00,318.2836765471519,309.1418742927822
2016-06-13 09:00:00,318.9538543889262,309.9391323847837
2016-06-13 17:00:00,304.3205854418832,304.9279887430106
2016-06-13 18:00:00,303.72445768053615,304.43119365298327
2016-06-13 20:00:00,303.2309620861647,303.9794950793814
2016-06-13 21:00:00,302.97319968859847,303.61000907439484
2016-06-14 05:00:00,310.7087786282156,305.0669190769754
2016-06-14 06:00:00,313.7019143361707,306.5105070516766
2016-06-14 08:00:00,316.86475310009695,308.27689753034264
2016-06-14 09:00:00,317.98529421860707,309.39194452082984
2016-06-14 17:00:00,303.6211031544925,303.8938472377501
2016-06-14 18:00:00,302.9937351973289,303.39780801029536
2016-06-14 20:00:00,302.5739666625788,303.24394566987075
2016-06-14 21:00:00,302.1719011680004,302.59965002591883
2016-06-15 05:00:00,310.08632235534384,304.46365784349723
2016-06-15 06:00:00,313.4352864881143,306.1982436687076
2016-06-15 08:00:00,317.58072670582453,308.90486829196357
2016-06-15 09:00:00,318.21607390464,309.63286930313467
2016-06-15 17:00:00,303.7337727833235,304.41414711692113
2016-06-15 18:00:00,303.1092767935872,303.98399682184584
2016-06-15 20:00:00,302.76227504924196,303.6724311816858
2016-06-15 21:00:00,302.31055522148705,302.9528314152558
2016-06-16 05:00:00,311.04438647724265,305.1061143448981
2016-06-16 06:00:00,314.72148080599516,307.1074556136168
2016-06-16 08:00:00,320.4572649751496,310.08688681298304
2016-06-16 09:00:00,321.66407512553116,311.0148535494812
2016-06-16 17:00:00,305.25652857517434,305.53839511019055
2016-06-16 18:00:00,304.484229183344,304.89835894897647
2016-06-16 20:00:00,303.81161503725684,304.56908149895577
2016-06-16 21:00:00,303.4165050112779,304.1493994855366
2016-06-17 05:00:00,313.7459333798919,307.83727282037717
2016-06-17 06:00:00,317.55528673075014,309.6503176461383
2016-06-17 08:00:00,323.5055257741402,312.225300511153
2016-06-17 09:00:00,324.47668710952547,313.0474994112788
2016-06-17 17:00:00,306.6238913278918,306.96154232642317
2016-06-17 18:00:00,305.7630450655757,306.13949979949626
2016-06-17 20:00:00,304.73007456069735,305.32202322420613
2016-06-17 21:00:00,304.06640968263974,304.67324304801105
2016-06-18 05:00:00,313.42570801251475,308.0228292174259
2016-06-18 06:00:00,316.9142713502669,309.95944211516064
2016-06-18 08:00:00,321.22094350382804,312.4168535417695
2016-06-18 09:00:00,321.3781394076825,312.9551658218924
2016-06-18 17:00:00,306.5739181353976,307.28134646658174
2016-06-18 18:00:00,306.05125133355705,306.75196064859404
2016-06-18 20:00:00,305.13705982743136,305.68279721299746
2016-06-18 21:00:00,304.13182998915846,304.7322881901393
2016-06-19 05:00:00,317.0870295261565,309.41133891195284
2016-06-19 06:00:00,320.7230061911655,310.92508710440944
2016-06-19 08:00:00,324.55955916817646,312.2523495008471
2016-06-19 09:00:00,325.77727735428306,312.99336630611094
2016-06-19 17:00:00,307.48016352719634,306.93232348519956
2016-06-19 18:00:00,306.3048318119373,305.84013016381874
2016-06-19 20:00:00,304.5349858876186,304.3250670352225
2016-06-19 21:00:00,304.0609759314586,304.00622318779193
2016-06-20 05:00:00,317.3074273343079,309.5490132759458
2016-06-20 06:00:00,320.4839221266642,310.8029543225681
2016-06-20 08:00:00,325.52700288416975,313.1821474331002
2016-06-20 09:00:00,325.09609284716873,313.56774979930816
2016-06-20 17:00:00,306.66568790194805,306.4394983841201
2016-06-20 18:00:00,306.2653259606501,306.229206761153
2016-06-20 20:00:00,303.87270513925426,302.9548207005294
2016-06-20 21:00:00,303.29704978249293,302.6308792184792
2016-06-21 05:00:00,314.0734464295656,307.96936256161825
2016-06-21 06:00:00,317.4465024504346,309.3407930159605
2016-06-21 08:00:00,317.48502651972836,309.5383473118575
2016-06-21 09:00:00,318.24895229251433,310.13927496159204
2016-06-21 17:00:00,305.3510253859228,305.15783950029794
2016-06-21 18:00:00,304.71232501531057,304.64508183601276
2016-06-21 20:00:00,300.7992773776062,300.4205032372144
2016-06-21 21:00:00,299.5899898252796,299.9807287842173
2016-06-22 05:00:00,306.92546784528787,303.77910387130294
2016-06-22 06:00:00,311.11718124601254,305.7770951657523
2016-06-22 08:00:00,315.79434789531217,308.3198880517428
2016-06-22 09:00:00,313.38886349153444,307.83720409704836
2016-06-22 17:00:00,303.9727719722801,304.0756239692676
2016-06-22 18:00:00,303.5107326889626,303.78242988762764
2016-06-22 20:00:00,302.57173579940445,303.0770180207004
2016-06-22 21:00:00,302.41997235361345,303.1366686005438
2016-06-23 05:00:00,312.9104988791726,307.9534940322852
2016-06-23 06:00:00,315.81700818454175,309.4471382176381
2016-06-23 08:00:00,318.86503554051757,310.57513246697897
2016-06-23 09:00:00,319.43271896761996,311.2353849249371
2016-06-23 17:00:00,304.7989882835071,305.2287228765032
2016-06-23 18:00:00,304.21333397628723,305.0296481092832
2016-06-23 20:00:00,302.3755953984195,302.05797963664054
2016-06-23 21:00:00,302.02155309832887,301.88418035992123
2016-06-24 05:00:00,308.803623381675,306.20174909923776
2016-06-24 06:00:00,310.4126442555103,307.33705477721884
2016-06-24 08:00:00,318.13654109913693,311.25369471945277
2016-06-24 09:00:00,318.45360944891934,311.6269211027031
2016-06-24 17:00:00,303.01285192081116,303.5098290818131
2016-06-24 18:00:00,302.9591215630342,303.5107515214588
2016-06-24 20:00:00,302.79975486720105,303.17853871773127
2016-06-24 21:00:00,301.8680220311522,301.68563088062916
2016-06-25 05:00:00,307.3542611426308,304.95920676773613
2016-06-25 06:00:00,311.43192038514036,306.64152924195275
2016-06-25 08:00:00,313.0845230173073,306.4823636611915
2016-06-25 09:00:00,313.5694332739973,307.9255523446529
2016-06-25 17:00:00,303.2688086323084,304.010457678091
2016-06-25 18:00:00,302.8603044224814,303.66351884980054
2016-06-25 20:00:00,301.1116558245408,300.66819899548733
2016-06-25 21:00:00,300.86758648559385,300.8237663939113
2016-06-26 05:00:00,310.0075347853368,305.3991916462527
2016-06-26 06:00:00,312.79543044644254,306.8418039518806
2016-06-26 08:00:00,316.74035778545266,309.36307609099634
2016-06-26 09:00:00,315.3582985147673,308.9078623767259
2016-06-26 17:00:00,301.35247388936705,302.14364196119027
2016-06-26 18:00:00,301.334768145404,301.9970474830945
2016-06-26 20:00:00,300.2154166951936,300.12119454264825
2016-06-26 21:00:00,299.12273086054114,299.4547646732654
2016-06-27 05:00:00,309.48616672039765,304.4593107108894
2016-06-27 06:00:00,310.09651955250416,304.50878384300665
2016-06-27 08:00:00,315.9219979402281,309.06358184579346
2016-06-27 09:00:00,315.7447936729584,309.31537864461706
2016-06-27 17:00:00,301.8387897650156,301.9639688970863
2016-06-27 18:00:00,301.6346161876143,301.8563101464317
2016-06-27 20:00:00,299.34126429859043,298.7847911676016
2016-06-27 21:00:00,298.9476651748634,298.7042865958897
2016-06-28 05:00:00,306.13297921814063,302.84721113537057
2016-06-28 06:00:00,306.68070191558223,303.46475182108594
2016-06-28 08:00:00,313.63213497684984,306.04103410482776
2016-06-28 09:00:00,312.5353329839251,305.4562357945141
2016-06-28 17:00:00,300.92784619441574,301.4344758678842
2016-06-28 18:00:00,300.7935449397435,301.2231997591321
2016-06-28 20:00:00,300.2265298428998,300.5054423798031
2016-06-28 21:00:00,299.4884502957525,299.7964384434587
2016-06-29 05:00:00,308.37085372384047,304.528474663733
2016-06-29 06:00:00,311.18637409415925,306.1024898770043
2016-06-29 08:00:00,313.45995992651706,307.59789825110295
2016-06-29 09:00:00,312.7913804722861,307.56720497354706
2016-06-29 17:00:00,301.96462603599895,301.93238882291115
2016-06-29 18:00:00,300.73210169905326,301.0069708919673
2016-06-29 20:00:00,299.50427979644166,300.6218595343121
2016-06-29 21:00:00,299.5436855604175,300.1107319271987
2016-06-30 05:00:00,310.8239117873652,305.1596115888175
2016-06-30 06:00:00,313.9558680318353,306.56460437275047
2016-06-30 08:00:00,314.88213340159746,308.40596765362426
2016-06-30 09:00:00,315.07460440472573,308.7659392981389
2016-06-30 17:00:00,303.9116065638091,304.5187267662013
2016-06-30 18:00:00,303.1903862857672,303.6753610337644
2016-06-30 20:00:00,300.39734916510673,301.0848724647369
2016-06-30 21:00:00,299.7439769868307,300.1602918862929
2016-07-01 05:00:00,305.45063285651304,303.6160844705873
2016-07-01 06:00:00,306.78984598826924,304.6101007446853
2016-07-01 08:00:00,304.2705220603062,303.38668882020266
2016-07-01 09:00:00,305.7048629267006,304.7074843819593
2016-07-01 17:00:00,301.89098756669665,302.9326375952487
2016-07-01 18:00:00,301.67772196106995,302.75346694264465
2016-07-01 20:00:00,301.51554003041036,302.4723000783582
2016-07-01 21:00:00,301.222825554376,302.07425441653777
2016-07-02 05:00:00,308.2297916265409,305.33601132526604
2016-07-02 06:00:00,309.217389687184,306.11217615159893
2016-07-02 08:00:00,312.57946669192086,306.8340916332368
2016-07-02 09:00:00,312.7606289574104,307.21227282037717
2016-07-02 17:00:00,298.85732058861595,298.9218678996082
2016-07-02 18:00:00,298.56146588200596,298.73461991649566
2016-07-02 20:00:00,298.6080471797056,299.19224216831486
2016-07-02 21:00:00,298.38925563536003,298.9335370879328
2016-07-03 05:00:00,306.11875177274686,303.75871580150357
2016-07-03 06:00:00,308.37647147391726,304.5628651059096
2016-07-03 08:00:00,309.4173413057724,304.4760858568095
2016-07-03 09:00:00,307.99472981645437,303.95320197577104
2016-07-03 17:00:00,299.0043392328342,299.0376358384895
2016-07-03 18:00:00,298.50873007282087,298.4810169848896
2016-07-03 20:00:00,297.81137839671464,298.1639362917108
2016-07-03 21:00:00,297.76838300848965,298.3291278715677
2016-07-04 05:00:00,301.0499191636848,301.2391892302386
2016-07-04 06:00:00,302.89712750121885,302.25025770660545
2016-07-04 08:00:00,305.4438668884371,304.2488467505974
2016-07-04 09:00:00,306.1763505979753,304.5993785652431
2016-07-04 17:00:00,300.628279370042,301.3841974525863
2016-07-04 18:00:00,300.3792663715286,301.2628398830608
2016-07-04 20:00:00,299.40696967878773,300.55369497337404
2016-07-04 21:00:00,298.71707654109537,300.32439837580654
2016-07-05 05:00:00,305.5195513521027,304.22823506547786
2016-07-05 06:00:00,307.3462057010786,305.6972388221964
2016-07-05 08:00:00,309.7674391971347,307.11238319150107
2016-07-05 09:00:00,310.30405601184066,307.6856444466096
2016-07-05 17:00:00,301.83878884807757,303.19614028342886
2016-07-05 18:00:00,301.60729985170997,302.81571085831416
2016-07-05 20:00:00,301.12842031987316,302.29763857425644
2016-07-05 21:00:00,300.7943619785397,301.8250387277001
2016-07-06 05:00:00,305.6719471794799,303.4240595930714
2016-07-06 06:00:00,307.61474317835734,304.7300772174665
2016-07-06 08:00:00,310.8105187555675,306.9533949089344
2016-07-06 09:00:00,311.1359578090015,307.47882110642723
2016-07-06 17:00:00,302.5160228335435,303.66537122917475
2016-07-06 18:00:00,302.0532928607865,303.17869673671635
2016-07-06 20:00:00,301.54358298091563,302.5451221436676
2016-07-06 21:00:00,301.15160528573864,302.04885575069676
2016-07-07 05:00:00,306.25772529684343,303.5828468075886
2016-07-07 06:00:00,307.3478964642494,304.41550044690155
2016-07-07 08:00:00,311.0914822241926,306.98446876279013
2016-07-07 09:00:00,311.25179987879494,307.3976108215991
2016-07-07 17:00:00,301.4855936576479,301.91059551033294
2016-07-07 18:00:00,300.91014689252995,301.4847817913226
2016-07-07 20:00:00,300.3683433591493,301.07542459402686
2016-07-07 21:00:00,300.1445685858352,300.7872995573494
2016-07-08 05:00:00,306.3360744058994,304.2697582744487
2016-07-08 06:00:00,309.18155052996195,305.9798726697549
2016-07-08 08:00:00,312.73445023593996,307.7138369990791
2016-07-08 09:00:00,312.98943501664974,308.2124981049948
2016-07-08 17:00:00,302.6591518972247,303.28624317421935
2016-07-08 18:00:00,301.8680881682456,302.4261618968335
2016-07-08 20:00:00,301.2052730095956,302.0569857933856
2016-07-08 21:00:00,301.01663642965593,301.811737272148
2016-07-09 05:00:00,306.75966833552525,304.5323266968338
2016-07-09 06:00:00,308.6064408453661,305.5029123127002
2016-07-09 08:00:00,312.27475024959523,307.61183474501036
2016-07-09 09:00:00,313.2979238360248,308.19103272706957
2016-07-09 17:00:00,301.4436296366029,301.74770984150047
2016-07-09 18:00:00,300.8351969667503,301.3438092953251
2016-07-09 20:00:00,299.3492556250151,300.0415043764746
2016-07-09 21:00:00,298.90114505338744,300.24466010565385
2016-07-10 05:00:00,305.8699510336289,303.9813456248796
2016-07-10 06:00:00,307.24667057454684,304.925819479262
2016-07-10 08:00:00,312.7877244052975,308.2963976514725
2016-07-10 09:00:00,313.10471039523696,308.7257012130667
2016-07-10 17:00:00,301.83304136302695,302.4935936832281
2016-07-10 18:00:00,301.3688367423365,302.10136789753915
2016-07-10 20:00:00,299.3047427043709,300.29970704535674
2016-07-10 21:00:00,298.69174253114016,300.2920009101668
2016-07-11 05:00:00,305.75778814236446,304.0479831783724
2016-07-11 06:00:00,307.7308846871916,305.2946707515394
2016-07-11 08:00:00,308.17092777951655,305.08393098099396
2016-07-11 09:00:00,307.18034804804114,304.7874838383796
2016-07-11 17:00:00,298.6729413283808,299.53625154421763
2016-07-11 18:00:00,298.6536636234983,299.36732487612403
2016-07-11 20:00:00,297.6938048422979,298.16935906314706
2016-07-11 21:00:00,297.4625662875653,298.1316572051203
2016-07-12 05:00:00,300.6010256210351,300.1837939481338
2016-07-12 06:00:00,301.61558429265426,300.9321406618656
2016-07-12 08:00:00,305.03159446304863,302.9542061404565
2016-07-12 09:00:00,304.93115429518224,302.9670362193338
2016-07-12 17:00:00,298.90868120237565,298.9233729945861
2016-07-12 18:00:00,298.7804397324384,298.655019328113
2016-07-12 20:00:00,298.01643952309445,297.9183821714898
2016-07-12 21:00:00,297.8206347214239,297.70843482348147
2016-07-13 05:00:00,299.66029024050675,299.200025702478
2016-07-13 06:00:00,302.0677376675128,300.5969686405317
2016-07-13 08:00:00,307.44924075651244,303.36409817124
2016-07-13 09:00:00,308.4408015646442,304.27986239064455
2016-07-13 17:00:00,298.99199625964525,299.3220300189519
2016-07-13 18:00:00,298.85701442536293,298.6532806960754
2016-07-13 20:00:00,298.25768363494166,299.6611629303872
2016-07-13 21:00:00,298.0998364464711,299.2496376684157
2016-07-14 05:00:00,299.9311909962141,299.96248837134505
2016-07-14 06:00:00,303.0250514990009,301.36900872699283
2016-07-14 08:00:00,306.76148594178846,304.04739972365843
2016-07-14 09:00:00,307.0448779325089,304.3140524701087
2016-07-14 17:00:00,299.8511400737087,300.43834600463305
2016-07-14 18:00:00,299.6039018439953,300.1574620274807
2016-07-14 20:00:00,299.55743843160906,300.195277820934
2016-07-14 21:00:00,299.37454167205857,299.9274584942129
2016-07-15 05:00:00,299.2410255749531,299.42886354890186
2016-07-15 06:00:00,299.3887178629683,299.83995707413453
2016-07-15 08:00:00,305.05479158422065,303.2673173854457
2016-07-15 09:00:00,305.54541175501373,303.38820078046007
2016-07-15 17:00:00,298.1677469215334,298.9302534153355
2016-07-15 18:00:00,298.02729966644154,298.7430484342649
2016-07-15 20:00:00,297.76556960753925,298.3502267329094
2016-07-15 21:00:00,297.64069353523905,298.2261531459532
2016-07-16 05:00:00,298.1683244749284,298.3817262811176
2016-07-16 06:00:00,299.07061741715773,299.14727771447514
2016-07-16 08:00:00,300.47053979247676,300.3948754309138
2016-07-16 09:00:00,301.20020039092594,300.77092391427016
2016-07-16 17:00:00,297.6373321815338,298.3905034704458
2016-07-16 18:00:00,297.42504273871606,298.1923356724814
2016-07-16 20:00:00,297.1936983599318,297.9506922693944
2016-07-16 21:00:00,296.9836384166371,297.6469818961639
2016-07-17 05:00:00,299.4221014836903,299.3932958758667
2016-07-17 06:00:00,299.7971302379261,299.606154901772
2016-07-17 08:00:00,303.2214809470625,302.6878212339522
2016-07-17 09:00:00,304.30022558556135,303.23763626639396
2016-07-17 17:00:00,298.73263338203606,299.20785987983317
2016-07-17 18:00:00,298.4133686600555,298.8111308704723
2016-07-17 20:00:00,298.1614622518719,298.8333446814209
2016-07-17 21:00:00,297.8771241927184,298.4402109390047
2016-07-18 05:00:00,301.96239484366725,300.9153401708383
2016-07-18 06:00:00,302.50040735559213,301.18593081340583
2016-07-18 08:00:00,305.650463838974,303.35154479604284
2016-07-18 09:00:00,305.6465428709433,303.62741841226585
2016-07-18 17:00:00,299.5441568430473,300.21369423888314
2016-07-18 18:00:00,299.20461551801446,299.86231451519467
2016-07-18 20:00:00,298.5700188917445,299.1550575808862
2016-07-18 21:00:00,298.22349049901743,298.6399347572738
2016-07-19 05:00:00,301.6997200799833,300.7922372920855
2016-07-19 06:00:00,303.4106066311453,301.88221832416457
2016-07-19 08:00:00,306.4726947378855,303.7811045595237
2016-07-19 09:00:00,306.74734459452344,304.2354157716725
2016-07-19 17:00:00,299.23153554860545,300.3125688173738
2016-07-19 18:00:00,298.9914365042523,300.0640504246316
2016-07-19 20:00:00,298.43778523825716,299.268534350285
2016-07-19 21:00:00,298.1736853883153,298.9113423681039
2016-07-20 05:00:00,303.6017962016384,302.11680927482337
2016-07-20 06:00:00,305.5180858970607,303.41703528358687
2016-07-20 08:00:00,308.2539083424996,305.21742018125093
2016-07-20 09:00:00,307.91968617490704,305.37826824922956
2016-07-20 17:00:00,299.3704669640869,300.45168380854864
2016-07-20 18:00:00,298.87213099498786,299.73743319988984
2016-07-20 20:00:00,298.50837695763914,299.42959303187297
2016-07-20 21:00:00,298.19808454469467,299.0864995830048
2016-07-21 05:00:00,304.61285334559176,302.3113242973716
2016-07-21 06:00:00,306.6183045185953,303.6229148359254
2016-07-21 08:00:00,309.3914751661209,305.5216192589335
2016-07-21 09:00:00,309.68321898097435,306.04393343932816
2016-07-21 17:00:00,299.90262870612247,301.1754500002633
2016-07-21 18:00:00,299.38772618274663,300.5397717633123
2016-07-21 20:00:00,298.6336463258153,299.55398195146233
2016-07-21 21:00:00,298.1637392675932,298.97580696658474
2016-07-22 05:00:00,304.56527820463725,302.399707318087
2016-07-22 06:00:00,306.3549045039619,303.63655706326296
2016-07-22 08:00:00,308.8576113755237,305.32693483796436
2016-07-22 09:00:00,308.7097454100434,305.7487111848382
2016-07-22 17:00:00,299.53027781058904,300.7979715403129
2016-07-22 18:00:00,298.914497598845,300.24538575629424
2016-07-22 20:00:00,298.32830081698705,299.8011880648338
2016-07-22 21:00:00,298.0909127821724,299.4572893562963
2016-07-23 05:00:00,305.43501829549973,302.87209441151197
2016-07-23 06:00:00,307.53849587932757,304.146892529974
2016-07-23 08:00:00,310.7134962978275,305.7767983129469
2016-07-23 09:00:00,310.71936773408913,305.84928520214396
2016-07-23 17:00:00,299.2303260368265,299.89886911918273
2016-07-23 18:00:00,298.94311894914955,299.57583949672426
2016-07-23 20:00:00,299.0627732005068,299.86427502272124
2016-07-23 21:00:00,298.76497054136775,299.4558515974847
2016-07-24 05:00:00,306.95370631519194,303.9760503548503
2016-07-24 06:00:00,309.11748249541813,305.13998013395013
2016-07-24 08:00:00,311.1478342958518,306.465942124189
2016-07-24 09:00:00,310.7623916179263,306.69528616742105
2016-07-24 17:00:00,299.33253754085314,299.8495676425646
2016-07-24 18:00:00,299.22848320301216,299.7651705043893
2016-07-24 20:00:00,298.8903610629183,299.5216883114196
2016-07-24 21:00:00,298.8283590307956,299.41859179762736
2016-07-25 05:00:00,307.0268786273127,303.80451925362934
2016-07-25 06:00:00,309.18279504996417,304.93509416624283
2016-07-25 08:00:00,311.66854122496903,306.2278452022417
2016-07-25 09:00:00,312.6581178967868,306.8324310584869
2016-07-25 17:00:00,299.3809866648058,300.0544317448268
2016-07-25 18:00:00,299.2429181115102,299.9776673868
2016-07-25 20:00:00,299.27677235654767,300.02349072942746
2016-07-25 21:00:00,299.2620673275141,299.92685263329554
2016-07-26 05:00:00,303.5170618888961,301.86530624883386
2016-07-26 06:00:00,305.8222044722876,303.22143260797117
2016-07-26 08:00:00,310.57467700740773,306.7731414935989
2016-07-26 09:00:00,310.2189285207787,306.83761316896033
2016-07-26 17:00:00,298.4706012038127,298.74884188377257
2016-07-26 18:00:00,298.47160553307674,298.81636383573885
2016-07-26 20:00:00,298.88083809733575,298.8418142027774
2016-07-26 21:00:00,298.7023473895386,298.64457013757647
2016-07-27 05:00:00,299.0674383695394,298.55252557175555
2016-07-27 06:00:00,298.79409098808867,298.4086468994893
2016-07-27 08:00:00,300.22330231512274,299.61336687790407
2016-07-27 09:00:00,301.46058055248756,300.30870477003384
2016-07-27 17:00:00,297.9964203680241,298.0764083274524
2016-07-27 18:00:00,297.90451896209015,297.75717231268504
2016-07-27 20:00:00,297.38387737068444,297.37185913462116
2016-07-27 21:00:00,297.2219778804456,297.09721174666254
2016-07-28 05:00:00,297.3525468212063,297.04888643285346
2016-07-28 06:00:00,297.3910754987014,297.2190734440079
2016-07-28 08:00:00,298.924365521212,298.1581842454814
2016-07-28 09:00:00,298.9867293206496,298.1833751425721
2016-07-28 17:00:00,297.00834427702773,297.31145878161414
2016-07-28 18:00:00,296.96861267089844,297.244305861933
2016-07-28 20:00:00,296.8502039270152,297.1118190395079
2016-07-28 21:00:00,296.78106583652584,297.12414665986284
2016-07-29 05:00:00,298.03323897962764,298.6482218079648
2016-07-29 06:00:00,299.8882058823972,299.77906180971024
2016-07-29 08:00:00,302.0711477600004,301.3137768714564
2016-07-29 09:00:00,301.0084337372626,300.361584162308
2016-07-29 17:00:00,297.18467761775935,297.586786960784
2016-07-29 18:00:00,297.00374710247587,297.12955299694846
2016-07-29 20:00:00,296.93095080547596,297.0485293442737
2016-07-29 21:00:00,296.8459648990484,296.8144163534344
2016-07-30 05:00:00,297.7509250964149,297.0651375369408
2016-07-30 06:00:00,298.3998863561128,297.4951354087042
2016-07-30 08:00:00,300.92997271474593,299.5139890415092
2016-07-30 09:00:00,301.679636856808,300.01530233186276
2016-07-30 17:00:00,297.7253044375286,298.2306086418258
2016-07-30 18:00:00,297.52196875338564,297.925903061689
2016-07-30 20:00:00,297.0854952302295,297.31418991676645
2016-07-30 21:00:00,296.95567084313905,297.1186444204651
2016-07-31 05:00:00,299.89745745783773,299.6255574983148
2016-07-31 06:00:00,300.7244627119396,300.1492158393096
2016-07-31 08:00:00,305.5161678037952,303.6517117681048
2016-07-31 09:00:00,304.66691429479096,303.2414923434265
2016-07-31 17:00:00,298.71900441503306,299.433152138544
2016-07-31 18:00:00,298.50873806663947,299.1825613248146
2016-07-31 20:00:00,297.5238338993584,297.8954134149067
2016-07-31 21:00:00,297.19892105079026,297.8163793531515
2016-08-01 05:00:00,302.12570862850896,301.0870834374097
2016-08-01 06:00:00,303.47712973196445,302.1240051927846
2016-08-01 08:00:00,306.90435574712296,304.5524942783068
2016-08-01 09:00:00,306.9776904042954,304.9171611627188
2016-08-01 17:00:00,298.8689426839444,299.34395920293537
2016-08-01 18:00:00,298.7919350316969,298.89075214873844
2016-08-01 20:00:00,297.1298918408128,296.86774299986007
2016-08-01 21:00:00,296.79331210802076,296.7527435490824
2016-08-02 05:00:00,300.424096364637,299.4500083276781
2016-08-02 06:00:00,302.33637704246775,300.56959112840366
2016-08-02 08:00:00,301.4686263309238,300.3848252729936
2016-08-02 09:00:00,300.7944696599787,300.00945506514677
2016-08-02 17:00:00,297.28698681095165,297.5503516527832
2016-08-02 18:00:00,297.1735750265959,297.415996204723
2016-08-02 20:00:00,297.61528033945706,297.1579820488928
2016-08-02 21:00:00,297.2715062169338,296.9391353942213
2016-08-03 05:00:00,300.8430082911887,299.50683067098424
2016-08-03 06:00:00,304.0000861921737,301.02412555618173
2016-08-03 08:00:00,304.46054775432003,301.37394258237583
2016-08-03 09:00:00,304.18466191225684,301.281207703295
2016-08-03 17:00:00,297.83078919867705,298.07383546990866
2016-08-03 18:00:00,297.6414288960179,297.80428230744116
2016-08-03 20:00:00,297.54117289162565,297.7484564641591
2016-08-03 21:00:00,297.7979920656178,297.776207851886
2016-08-04 05:00:00,303.4879676101755,301.5204506331857
2016-08-04 06:00:00,304.42414674920553,302.36343374384575
2016-08-04 08:00:00,303.13410016311155,301.4472087043092
2016-08-04 09:00:00,303.82730443451914,302.16707224324233
2016-08-04 17:00:00,298.1395057008152,298.5779947712902
2016-08-04 18:00:00,297.7557742408317,297.9092396176284
2016-08-04 20:00:00,297.44614143547915,297.7119405126352
2016-08-04 21:00:00,297.223017217933,297.5107363096922
2016-08-05 05:00:00,301.80522637741956,300.81796071856337
2016-08-05 06:00:00,303.02305092833626,301.6617648414177
2016-08-05 08:00:00,305.25428054880103,303.36835774802285
2016-08-05 09:00:00,305.66305147003504,303.6512881192294
2016-08-05 17:00:00,298.8545708090572,299.31715247296773
2016-08-05 18:00:00,298.492644252689,298.75864061258613
2016-08-05 20:00:00,298.48002325919083,299.37128884619665
2016-08-05 21:00:00,298.196462528364,298.93456753817475
2016-08-06 05:00:00,304.2411492440293,301.91607576672953
2016-08-06 06:00:00,305.61423681697056,302.5213414737367
2016-08-06 08:00:00,307.9903793922742,304.2848315598968
2016-08-06 09:00:00,307.42474915397185,304.5440974771884
2016-08-06 17:00:00,298.7435577345556,299.37294194437504
2016-08-06 18:00:00,298.3891494116173,298.995824287779
2016-08-06 20:00:00,298.22134895501046,298.75849644171626
2016-08-06 21:00:00,298.1605893033679,298.54643155466795
2016-08-07 05:00:00,302.62289431062067,300.80579259840107
2016-08-07 06:00:00,304.14206978866974,301.8512560075898
2016-08-07 08:00:00,306.09166182648784,303.5743414080933
2016-08-07 09:00:00,306.3692527265505,302.1846956273625
2016-08-07 17:00:00,298.33032635657923,298.1338934523667
2016-08-07 18:00:00,298.1255349275327,297.8075775005417
2016-08-07 20:00:00,297.5880903764205,297.7017882454377
2016-08-07 21:00:00,297.4780953617419,297.62068470159926
2016-08-08 05:00:00,301.62837423785993,300.61037824774746
2016-08-08 06:00:00,302.9022617663367,301.90066354337205
2016-08-08 08:00:00,305.3184522678746,302.83257769803606
2016-08-08 09:00:00,304.4306735845487,302.42834279864155
2016-08-08 17:00:00,297.8932646294404,297.9929436917298
2016-08-08 18:00:00,297.80843838778407,298.025282332269
2016-08-08 20:00:00,297.6920248775159,297.61326133598715
2016-08-08 21:00:00,297.63357793164363,297.67778546490547
2016-08-09 05:00:00,299.7922408657927,299.71613336454374
2016-08-09 06:00:00,300.92278979849556,300.4896547291055
2016-08-09 08:00:00,302.7116868499615,301.99936131740384
2016-08-09 09:00:00,301.77428872412634,301.027408217796
2016-08-09 17:00:00,297.7494848924352,297.80376821085923
2016-08-09 18:00:00,297.5679945042027,297.7900667587304
2016-08-09 20:00:00,297.5128984965602,297.276452603803
2016-08-09 21:00:00,297.4090347407595,297.15733899320776
2016-08-10 05:00:00,297.90087716641887,297.3674426673925
2016-08-10 06:00:00,298.0499682081131,297.6201651504117
2016-08-10 08:00:00,299.82188497816657,298.9568924396909
2016-08-10 09:00:00,299.72607040993057,298.8068102115108
2016-08-10 17:00:00,296.9265773873116,296.9744302429294
2016-08-10 18:00:00,296.8970272258177,296.8874471514545
2016-08-10 20:00:00,296.78053257829055,296.7407664341625
2016-08-10 21:00:00,296.7540014704865,296.8676014622481
2016-08-11 05:00:00,297.0923057285773,297.09288838390944
2016-08-11 06:00:00,297.16771101988337,297.13827749760753
2016-08-11 08:00:00,299.3733535084776,298.6662661606799
2016-08-11 09:00:00,299.80542342504845,299.32816066653777
2016-08-11 17:00:00,296.76558702936154,297.848431579872
2016-08-11 18:00:00,296.6943914945394,297.7105042585423
2016-08-11 20:00:00,296.75213195142464,297.70619345078666
2016-08-11 21:00:00,296.54882238825957,297.37986619005954
2016-08-12 05:00:00,299.0136489280383,299.4740292353696
2016-08-12 06:00:00,300.784360277267,300.33523888727547
2016-08-12 08:00:00,303.1590296858448,301.00160793310323
2016-08-12 09:00:00,302.71631938540514,301.4451440655396
2016-08-12 17:00:00,298.2263310319286,299.03417002438397
2016-08-12 18:00:00,298.159894005727,298.92253498377164
2016-08-12 20:00:00,297.8086890410201,298.58195295760004
2016-08-12 21:00:00,297.61769143973004,298.32241416895886
2016-08-13 05:00:00,301.7142717922781,300.6981080559259
2016-08-13 06:00:00,302.6850150509498,301.40446798974085
2016-08-13 08:00:00,304.1520374691909,302.4123145104924
2016-08-13 09:00:00,304.1420321471886,302.65011646053273
2016-08-13 17:00:00,298.25041897014034,298.9822324214988
2016-08-13 18:00:00,297.8676843158269,298.5628231383619
2016-08-13 20:00:00,297.38432260287016,298.1001735505044
2016-08-13 21:00:00,297.1323722286842,297.7809459997803
2016-08-14 05:00:00,300.9769630843576,299.954427757322
2016-08-14 06:00:00,302.27090750343075,300.852182961392
2016-08-14 08:00:00,304.05183065029433,302.42368994949413
2016-08-14 09:00:00,303.7151617394023,302.4517496399961
2016-08-14 17:00:00,297.8027864993996,298.6821024090924
2016-08-14 18:00:00,297.2808823548774,298.0506435917412
2016-08-14 20:00:00,296.67745616660096,297.6466266414601
2016-08-14 21:00:00,296.31145553706426,297.2141487344939
2016-08-15 05:00:00,301.571849946432,300.1853008299653
2016-08-15 06:00:00,302.8804234767732,300.9398754337352
2016-08-15 08:00:00,305.56682406809006,302.6893684845676
2016-08-15 09:00:00,305.5508507256883,302.9414819091421
2016-08-15 17:00:00,296.70273118687703,297.51053850970396
2016-08-15 18:00:00,296.216902628518,297.08435836815505
2016-08-15 20:00:00,296.15933474406995,297.23286581406796
2016-08-15 21:00:00,295.96489625057933,296.9210913236409
2016-08-16 05:00:00,300.76799173457965,299.4238908529649
2016-08-16 06:00:00,302.54231835881075,300.4846243836296
2016-08-16 08:00:00,303.62831113371533,301.7225040853116
2016-08-16 09:00:00,304.03508035574566,302.2597101855168
2016-08-16 17:00:00,296.41966000690667,297.5277399612686
2016-08-16 18:00:00,296.01423783735794,297.0690056282126
2016-08-16 20:00:00,295.8896755459496,297.04970784473863
2016-08-16 21:00:00,295.67446690164104,296.6814902236539
2016-08-17 05:00:00,300.830388261651,299.6130895159094
2016-08-17 06:00:00,302.2849076422411,300.5751600691644
2016-08-17 08:00:00,304.04996792597836,301.74399518452367
2016-08-17 09:00:00,304.33281212852256,302.17904253990514
2016-08-17 17:00:00,297.0561180643749,297.8670094024235
2016-08-17 18:00:00,296.7207192066822,297.5253159298184
2016-08-17 20:00:00,296.32944329824585,297.2879868141492
2016-08-17 21:00:00,296.5929005627272,297.44050341872116
2016-08-18 05:00:00,298.0389471068772,297.93010788081426
2016-08-18 06:00:00,298.21537103638263,298.112121864166
2016-08-18 08:00:00,299.1162065408998,298.4480496070051
2016-08-18 09:00:00,299.4237708046183,298.6610006558693
2016-08-18 17:00:00,295.6622265079539,296.744809190371
2016-08-18 18:00:00,295.46239764150374,296.6660073255354
2016-08-18 20:00:00,295.3312969472265,296.748033144441
2016-08-18 21:00:00,295.31868477044014,296.6120772398492
2016-08-19 05:00:00,298.0628604036634,298.2485597254866
2016-08-19 06:00:00,300.14411851033594,299.3786914749028
2016-08-19 08:00:00,305.11892784835743,302.2334536183597
2016-08-19 09:00:00,305.2611525290185,302.6679014608563
2016-08-19 17:00:00,297.20134978448664,297.3433738673229
2016-08-19 18:00:00,296.88841485022033,297.01458714372023
2016-08-19 20:00:00,296.52629933408673,296.9412677688481
2016-08-19 21:00:00,295.9153649046535,296.55803049143367
2016-08-20 05:00:00,300.0960318120125,299.5156934882166
2016-08-20 06:00:00,302.2681889232759,300.83932958288443
2016-08-20 08:00:00,303.865654732303,302.689055949771
2016-08-20 09:00:00,303.3220894318332,301.72606772965014
2016-08-20 17:00:00,297.4084846955051,298.56272509652774
2016-08-20 18:00:00,297.3585813548789,298.46139864928915
2016-08-20 20:00:00,297.07762710265644,298.2977337712316
2016-08-20 21:00:00,297.06772969720544,298.08497053008233
2016-08-21 05:00:00,297.99467588169,297.92317585291227
2016-08-21 06:00:00,297.7429992252579,297.73300608207336
2016-08-21 08:00:00,299.19243237417544,298.70220665130853
2016-08-21 09:00:00,298.58190562949164,298.22797836985535
2016-08-21 17:00:00,296.2345554957221,296.7541750539066
2016-08-21 18:00:00,296.1478688103393,296.7060714039854
2016-08-21 20:00:00,296.4458676236804,296.7419325677199
2016-08-21 21:00:00,296.37289560373836,296.7523040771485
2016-08-22 05:00:00,299.94496415759824,298.85972150852575
2016-08-22 06:00:00,300.6226596920443,299.64531967562783
2016-08-22 08:00:00,301.2932102103446,299.7291618547014
2016-08-22 09:00:00,300.34284601667076,299.32693723611
2016-08-22 17:00:00,296.9181219491826,297.455861895404
2016-08-22 18:00:00,296.80505756677945,297.31174519543293
2016-08-22 20:00:00,296.68224655645105,297.0169574049845
2016-08-22 21:00:00,296.25842999897685,296.6444106138726
2016-08-23 05:00:00,301.6116490768174,300.6236371009486
2016-08-23 06:00:00,303.00556430904817,301.4562705676251
2016-08-23 08:00:00,305.1274248073208,302.2938982195039
2016-08-23 09:00:00,305.2749374930407,302.66321849382166
2016-08-23 17:00:00,297.0507267979885,297.59531453137043
2016-08-23 18:00:00,296.98921180102053,297.51339331393245
2016-08-23 20:00:00,296.70211133677714,297.15295095105756
2016-08-23 21:00:00,296.662864367657,296.9412800417108
2016-08-24 05:00:00,296.65179824241324,296.8355075736259
2016-08-24 06:00:00,297.20532586284344,297.3198805751712
2016-08-24 08:00:00,298.21929216899196,298.3528840427957
2016-08-24 09:00:00,300.1311368075284,299.42075626508483
2016-08-24 17:00:00,297.44706490961903,298.0116329810285
2016-08-24 18:00:00,297.32814867580987,297.7835326819281
2016-08-24 20:00:00,297.1481223319455,297.4688021714221
2016-08-24 21:00:00,297.1460899740963,297.34855792922855
2016-08-25 05:00:00,298.7994045733671,298.2742126182709
2016-08-25 06:00:00,300.1104020411134,299.23405376604785
2016-08-25 08:00:00,301.27760658205386,300.31420176642706
2016-08-25 09:00:00,301.8187987058666,300.6508149086786
2016-08-25 17:00:00,296.904625820636,297.8500550538991
2016-08-25 18:00:00,296.7805424530076,297.67073226011775
2016-08-25 20:00:00,296.16502629590144,296.9651569195999
2016-08-25 21:00:00,295.8405564224408,296.5573264946372
2016-08-26 05:00:00,304.1552153647589,301.21624972162704
2016-08-26 06:00:00,304.60695738711604,301.98161346482567
2016-08-26 08:00:00,306.02817893946667,303.26764057083005
2016-08-26 09:00:00,306.57016837615265,303.5871000128277
2016-08-26 17:00:00,297.9932492907132,298.9334760057541
2016-08-26 18:00:00,297.66758528181884,298.62744662574335
2016-08-26 20:00:00,297.22363121373627,298.3413121909684
2016-08-26 21:00:00,297.2975415669164,298.3062361848005
2016-08-27 05:00:00,302.7273786923919,300.7602687888593
2016-08-27 06:00:00,304.7930913375596,301.6721685377218
2016-08-27 08:00:00,305.9196308059575,303.2195191934407
2016-08-27 09:00:00,305.99676809913393,303.34247075390925
2016-08-27 17:00:00,297.6637833276405,298.36379877922167
2016-08-27 18:00:00,297.430901596469,298.0614138046288
2016-08-27 20:00:00,297.2579886461443,297.8257191662429
2016-08-27 21:00:00,296.95462419365884,297.3287455789481
2016-08-28 05:00:00,297.865218105228,297.7811024670241
2016-08-28 06:00:00,298.1406767247087,298.08215527174474
2016-08-28 08:00:00,300.1031897828465,299.38929823771093
2016-08-28 09:00:00,300.56423195484797,299.31826469527186
2016-08-28 17:00:00,297.435491459028,297.4792184697461
2016-08-28 18:00:00,297.0480685946754,297.10733123920363
2016-08-28 20:00:00,297.0836686661872,297.3753667046734
2016-08-28 21:00:00,296.81313405088355,297.0698344696468
2016-08-29 05:00:00,299.9760301822139,299.2976372576274
2016-08-29 06:00:00,301.91304241821103,300.26151250947976
2016-08-29 08:00:00,300.7264063384023,299.0760897737806
2016-08-29 09:00:00,300.08847918165117,299.44735099428055
2016-08-29 17:00:00,296.921953997737,297.29335172444536
2016-08-29 18:00:00,296.78455424492455,297.1481899972689
2016-08-29 20:00:00,296.59021376975693,297.50321852297554
2016-08-29 21:00:00,296.5535582790757,297.4016394710688
2016-08-30 05:00:00,302.6440843955395,300.95356884502297
2016-08-30 06:00:00,302.81487564533626,300.68256607408335
2016-08-30 08:00:00,303.40118908992355,301.85375097242456
2016-08-30 09:00:00,303.5566959234159,301.2194618495477
2016-08-30 17:00:00,297.3948836363336,297.87727569909237
2016-08-30 18:00:00,297.1677374935297,297.6494899332432
2016-08-30 20:00:00,296.92501088099783,297.27499711752307
2016-08-30 21:00:00,296.80789920471847,296.9542907338664
2016-08-31 05:00:00,298.4696466008026,297.49816760517234
2016-08-31 06:00:00,299.8652192807896,298.3144567457296
2016-08-31 08:00:00,304.04826938059,302.1607810609697
2016-08-31 09:00:00,304.7453379109387,302.4850659715744
2016-08-31 17:00:00,297.5850653038554,298.1246362342306
2016-08-31 18:00:00,297.3700998832338,297.84211281892516
2016-08-31 20:00:00,296.9499694165904,297.22934213882235
2016-08-31 21:00:00,296.66321966938324,296.9240752280402
2016-09-01 05:00:00,298.8086434762541,298.29396778923706
2016-09-01 06:00:00,300.79683218604794,298.99644526641805
2016-09-01 08:00:00,302.8041177288226,301.30195645889256
2016-09-01 09:00:00,304.40354519742664,302.18657828920243
2016-09-01 17:00:00,296.6832039572976,297.2202619837686
2016-09-01 18:00:00,296.5272198693227,296.95635396196224
2016-09-01 20:00:00,296.41739806188457,296.8677099900914
2016-09-01 21:00:00,296.3102742387628,296.6770632233936
2016-09-02 05:00:00,301.04549686567077,299.65050192716865
2016-09-02 06:00:00,303.0031125343452,300.6292821945872
2016-09-02 08:00:00,304.6920909440756,301.9876757652624
2016-09-02 09:00:00,304.9711731615346,302.2789804608502
2016-09-02 17:00:00,296.88295011123637,297.8690626852685
2016-09-02 18:00:00,296.4737577276715,297.3589310139096
2016-09-02 20:00:00,295.8924971288085,296.7340377078769
2016-09-02 21:00:00,295.5298630019366,296.3159458765815
2016-09-03 05:00:00,300.64426597277816,299.38052993562815
2016-09-03 06:00:00,302.03151212671685,300.3442058827734
2016-09-03 08:00:00,302.76070374663703,301.12503467906606
2016-09-03 09:00:00,302.8918781016016,301.35939778238304
2016-09-03 17:00:00,295.6835823000304,296.7276478019444
2016-09-03 18:00:00,295.2966176225518,296.34691571675023
2016-09-03 20:00:00,295.0737000922393,296.20146186252595
2016-09-03 21:00:00,294.96187660910863,295.94374082121533
2016-09-04 05:00:00,300.21413975320354,298.6785034508845
2016-09-04 06:00:00,302.17583643085965,299.93066448570215
2016-09-04 08:00:00,304.25967303777145,301.4445975939923
2016-09-04 09:00:00,304.5794854773946,301.78659967501835
2016-09-04 17:00:00,295.3178971677055,296.467965618304
2016-09-04 18:00:00,294.9502672803788,296.1005264070626
2016-09-04 20:00:00,295.13698181716614,296.3144221842197
2016-09-04 21:00:00,295.0500871514319,296.07809316579295
2016-09-05 05:00:00,299.9344257889617,298.1492753227246
2016-09-05 06:00:00,301.6375174970583,299.2000516588772
2016-09-05 08:00:00,303.6462650857464,300.82851514537094
2016-09-05 09:00:00,303.6214936995544,301.1576152266633
2016-09-05 17:00:00,296.0386120953435,296.9971197095968
2016-09-05 18:00:00,295.8241689767235,296.7658255743136
2016-09-05 20:00:00,295.7633604922537,296.6907735392566
2016-09-05 21:00:00,295.61123281046866,296.4152322072645
2016-09-06 05:00:00,300.3130246296135,298.6065237929899
2016-09-06 06:00:00,301.92296876598766,299.70162155080834
2016-09-06 08:00:00,303.72581949807096,301.03530145536405
2016-09-06 09:00:00,303.3027702061164,301.15682665996815
2016-09-06 17:00:00,296.16624375447657,297.0947740551871
2016-09-06 18:00:00,295.6430619391161,296.60118432184584
2016-09-06 20:00:00,295.5260408516107,296.74527167980034
2016-09-06 21:00:00,295.1553223643722,296.291448889969
2016-09-07 05:00:00,300.6005774264343,299.0297824054359
2016-09-07 06:00:00,301.96982991787246,299.92335418560106
2016-09-07 08:00:00,303.02129771933534,300.7826640830018
2016-09-07 09:00:00,303.52331157384555,301.2571711136123
2016-09-07 17:00:00,295.380239924591,296.3064316571769
2016-09-07 18:00:00,294.9075933377071,295.888341001443
2016-09-07 20:00:00,294.37398123483996,295.6486567892536
2016-09-07 21:00:00,294.1512730485302,295.3904699199189
2016-09-08 05:00:00,301.35743487671084,299.6009782694154
2016-09-08 06:00:00,302.8921315526742,300.41292359244846
2016-09-08 08:00:00,304.5444969565182,301.394871575072
2016-09-08 09:00:00,304.89445441529637,301.60853668353957
2016-09-08 17:00:00,296.12503014139844,296.9701124288268
2016-09-08 18:00:00,295.7977186770212,296.69676735147675
2016-09-08 20:00:00,295.3085553326482,296.33993015377473
2016-09-08 21:00:00,295.03966803176013,295.99263717580834
2016-09-09 05:00:00,301.7444269212626,299.6441658149331
2016-09-09 06:00:00,303.4465994107521,300.81535061922943
2016-09-09 08:00:00,304.96394374006894,302.19853774718763
2016-09-09 09:00:00,304.8406627402283,302.22143147943206
2016-09-09 17:00:00,296.1186519440591,296.9772823433663
2016-09-09 18:00:00,295.67070884293145,296.5593357879686
2016-09-09 20:00:00,295.0544338608376,296.1043968259462
2016-09-09 21:00:00,294.6671922680777,295.6679364925908
2016-09-10 05:00:00,301.86989176181504,299.7045470533092
2016-09-10 06:00:00,303.49429854994014,300.8704784140565
2016-09-10 08:00:00,304.59494241911386,301.9488051639316
2016-09-10 09:00:00,304.40118814947425,302.0848478955003
2016-09-10 17:00:00,295.44693717309985,296.4929421634997
2016-09-10 18:00:00,294.9557913617103,296.08685765905636
2016-09-10 20:00:00,294.49096343476896,295.66470010107946
2016-09-10 21:00:00,294.2594785293556,295.40902693503074
2016-09-11 05:00:00,301.81914023001127,299.5526831675384
2016-09-11 06:00:00,303.4441618133216,300.6995563712804
2016-09-11 08:00:00,305.5030800888461,302.14338183292807
2016-09-11 09:00:00,305.1925181431469,302.2544199939134
2016-09-11 17:00:00,294.76989835436433,295.90713176521575
2016-09-11 18:00:00,294.1954205341075,295.4841142604457
2016-09-11 20:00:00,293.80246338454896,295.2478842478137
2016-09-11 21:00:00,293.57559987025564,294.8839773169284
2016-09-12 05:00:00,302.1180100639355,299.8588684270121
2016-09-12 06:00:00,303.9936811685195,301.0301111159597
2016-09-12 08:00:00,306.25314258169874,302.5322041562967
2016-09-12 09:00:00,306.0128312544389,302.77625590884264
2016-09-12 17:00:00,295.8107212342907,297.10451052626036
2016-09-12 18:00:00,295.3651159959509,296.67970480426624
2016-09-12 20:00:00,294.6619592792999,296.14741067048766
2016-09-12 21:00:00,294.4193675742128,295.76788769738147
2016-09-13 05:00:00,303.04898388690685,300.70593423946247
2016-09-13 06:00:00,304.86271879081556,301.81650415076683
2016-09-13 08:00:00,307.15870777006694,303.07197206376696
2016-09-13 09:00:00,307.1895274675132,303.23317190678716
2016-09-13 17:00:00,296.85791274248544,298.04184042250245
2016-09-13 18:00:00,296.39151182013046,297.6459100426437
2016-09-13 20:00:00,295.827767887909,297.1413844127685
2016-09-13 21:00:00,295.1836824813866,296.50555097818005
2016-09-14 05:00:00,304.32567654038064,301.9965680185562
2016-09-14 06:00:00,306.2542516534979,303.1490124906707
2016-09-14 08:00:00,307.03380324917697,304.01810536436017
2016-09-14 09:00:00,306.42709068451165,304.2265822964567
2016-09-14 17:00:00,297.58163353401267,298.7168078312338
2016-09-14 18:00:00,296.9382761057426,298.16339287662356
2016-09-14 20:00:00,295.7482132169609,296.97468268301895
2016-09-14 21:00:00,295.36368971062,296.54420877935706
2016-09-15 05:00:00,306.19045272850656,302.4541524643156
2016-09-15 06:00:00,308.28176588343547,303.66047205285776
2016-09-15 08:00:00,309.3878097651736,305.03006816094023
2016-09-15 09:00:00,308.42077794244,305.1664659356116
2016-09-15 17:00:00,296.9461933717889,298.29115490553374
2016-09-15 18:00:00,296.2949024077006,298.034240181898
2016-09-15 20:00:00,295.1705051886466,297.5707980539472
2016-09-15 21:00:00,294.9053944498071,297.54183278135235
2016-09-16 05:00:00,307.10143779642965,303.66859793405877
2016-09-16 06:00:00,308.7590440888251,304.5403625770416
2016-09-16 08:00:00,309.5708239868352,305.50845280487107
2016-09-16 09:00:00,308.5135859649611,305.57874339240357
2016-09-16 17:00:00,297.58350434619217,298.8361528393668
2016-09-16 18:00:00,297.0276491138711,298.2829391879184
2016-09-16 20:00:00,295.75956215880495,297.1286400558401
2016-09-16 21:00:00,295.246037722736,296.57644032623807
2016-09-17 05:00:00,306.1201535828859,303.955598428547
2016-09-17 06:00:00,307.90629050985143,305.04139916371497
2016-09-17 08:00:00,309.40847355118154,306.1496712048359
2016-09-17 09:00:00,309.3084622046613,306.53301682200384
2016-09-17 17:00:00,296.8433211551425,298.3486519741534
2016-09-17 18:00:00,296.29683223307046,297.95618073121057
2016-09-17 20:00:00,295.89479332969444,297.87151692865075
2016-09-17 21:00:00,295.52864335681693,297.33931639308366
2016-09-18 05:00:00,306.737757372746,304.1189917989064
2016-09-18 06:00:00,308.39474374450776,304.9982941896412
2016-09-18 08:00:00,309.3860042671945,306.0559011967781
2016-09-18 09:00:00,308.31430549797915,305.82834859180895
2016-09-18 17:00:00,297.49815568497814,299.10477650881916
2016-09-18 18:00:00,297.15685120569356,298.7521352194858
2016-09-18 20:00:00,296.52541662842174,298.13481015527196
2016-09-18 21:00:00,296.0479853178944,297.6272674466502
2016-09-19 05:00:00,306.9540699869164,303.8315484233556
2016-09-19 06:00:00,308.6147183034747,304.8624348926985
2016-09-19 08:00:00,310.4411563021009,306.58221292128366
2016-09-19 09:00:00,310.162765738042,306.96487252774705
2016-09-19 17:00:00,298.4902548297712,299.7496198939249
2016-09-19 18:00:00,297.9252757115063,299.0975026981489
2016-09-19 20:00:00,297.1709859933251,298.34835747247115
2016-09-19 21:00:00,297.0521107160807,298.1861666075437
2016-09-20 05:00:00,304.3807322497728,302.2778936071646
2016-09-20 06:00:00,306.3910037424238,303.5928671297565
2016-09-20 08:00:00,308.79831184187367,305.3380357128079
2016-09-20 09:00:00,308.84613794171025,305.72469803585295
2016-09-20 17:00:00,298.6104088828817,299.75537617217594
2016-09-20 18:00:00,298.15650248711205,299.19080918228315
2016-09-20 20:00:00,297.36662271320364,298.48558514658214
2016-09-20 21:00:00,296.99173417995087,298.1078304766874
2016-09-21 05:00:00,304.53689462341407,302.3951749404884
2016-09-21 06:00:00,306.4873016780624,303.6368019327361
2016-09-21 08:00:00,309.2106445735702,305.7050766673036
2016-09-21 09:00:00,309.26794471211724,306.10062703513216
2016-09-21 17:00:00,299.1139313590545,300.290699492985
2016-09-21 18:00:00,298.6064778285328,299.7059758073193
2016-09-21 20:00:00,297.5702783852035,298.76548002974835
2016-09-21 21:00:00,297.1640424214085,298.33494621946926
2016-09-22 05:00:00,305.5890926366962,303.47014927092613
2016-09-22 06:00:00,307.7666145406996,304.7690773656813
2016-09-22 08:00:00,309.8287918960736,306.1923984004463
2016-09-22 09:00:00,309.9490591792737,306.5246329050402
2016-09-22 17:00:00,298.7584083216216,300.0735590718744
2016-09-22 18:00:00,298.13851054093135,299.38864575402215
2016-09-22 20:00:00,296.8182689272935,297.73709430900306
2016-09-22 21:00:00,296.21235600311326,297.06021783531907
2016-09-23 05:00:00,306.59596960129466,302.50217476537676
2016-09-23 06:00:00,308.93073346765453,303.75769141715926
2016-09-23 08:00:00,310.9403572964191,305.8980529973246
2016-09-23 09:00:00,310.63888081931185,306.4649233120065
2016-09-23 17:00:00,298.4826201922354,299.650676756684
2016-09-23 18:00:00,297.7758597681078,298.956102274232
2016-09-23 20:00:00,296.5528830130038,297.71061337416637
2016-09-23 21:00:00,296.25826723072305,297.4336751693937
2016-09-24 05:00:00,305.93224728529924,303.31092100922245
2016-09-24 06:00:00,308.17490997079346,304.6229542642603
2016-09-24 08:00:00,310.5300502688933,305.8238774374564
2016-09-24 09:00:00,310.8818422855324,306.21007905792567
2016-09-24 17:00:00,298.4060749118611,299.523184613197
2016-09-24 18:00:00,297.86749415698887,298.9513633504671
2016-09-24 20:00:00,296.90093114820576,297.85444845660993
2016-09-24 21:00:00,296.5114104707363,297.40469898758755
2016-09-25 05:00:00,306.1447534546463,302.64075708609704
2016-09-25 06:00:00,308.4123055762246,303.74910194150107
2016-09-25 08:00:00,310.41755370623525,305.20882116003287
2016-09-25 09:00:00,310.12583464870835,305.50629050044694
2016-09-25 17:00:00,298.10900194729425,299.34921389257966
2016-09-25 18:00:00,297.62767503735466,298.76827222356815
2016-09-25 20:00:00,296.4277818911983,297.50021700866415
2016-09-25 21:00:00,295.84290540604087,296.953310362547
2016-09-26 05:00:00,306.3003475618289,303.00638626169166
2016-09-26 06:00:00,308.5841413359796,304.18521964568384
2016-09-26 08:00:00,310.76450633561853,305.99128694931056
2016-09-26 09:00:00,310.0421121418017,306.4172681623321
2016-09-26 17:00:00,298.1718323506266,299.4765523196369
2016-09-26 18:00:00,297.771313753995,299.02706817485887
2016-09-26 20:00:00,296.942407616849,298.4656693939068
2016-09-26 21:00:00,296.6398462609995,298.1501126752245
2016-09-27 05:00:00,305.543217263714,303.1603042061781
2016-09-27 06:00:00,307.75683911151623,304.61814179736405
2016-09-27 08:00:00,310.0835461491613,306.51291911591
2016-09-27 09:00:00,309.7711422160521,306.7638553801597
2016-09-27 17:00:00,299.7288740302088,301.0468104616703
2016-09-27 18:00:00,299.20190667150933,300.3580227280251
2016-09-27 20:00:00,298.5768197269763,299.6646343166545
2016-09-27 21:00:00,298.16150255012224,299.19596347897004
2016-09-28 05:00:00,305.0086833324932,302.67679270316717
2016-09-28 06:00:00,307.2764703782939,304.2517151913401
2016-09-28 08:00:00,309.81723676073165,306.43471406016766
2016-09-28 09:00:00,309.79856849047366,306.81506129001804
2016-09-28 17:00:00,298.51334908930653,299.9235777538987
2016-09-28 18:00:00,297.8549562051594,299.15380313914443
2016-09-28 20:00:00,296.6737907656536,297.90648005739746
2016-09-28 21:00:00,296.18962976488024,297.39359336347536
2016-09-29 05:00:00,305.0878557813553,302.1527737233966
2016-09-29 06:00:00,307.56599708404303,303.77853924908516
2016-09-29 08:00:00,310.29516314725475,305.7085327477595
2016-09-29 09:00:00,310.4214985616769,306.2327799745628
2016-09-29 17:00:00,298.5620914923575,299.8143439388422
2016-09-29 18:00:00,297.9900183302963,299.17639040248974
2016-09-29 20:00:00,296.99638025786373,298.095027036035
2016-09-29 21:00:00,296.50555466944337,297.4774286772694
2016-09-30 05:00:00,306.049098598204,302.6169198246326
2016-09-30 06:00:00,308.44464971839193,304.21725426249213
2016-09-30 08:00:00,310.2470988551347,306.01930004055214
2016-09-30 09:00:00,309.6980364172044,306.30522287424617
2016-09-30 17:00:00,297.39463526368695,298.861834298297
2016-09-30 18:00:00,297.05097119723706,298.27181719998913
2016-09-30 20:00:00,295.90613065699034,297.29508793482614
2016-09-30 21:00:00,295.6672325898393,297.0424196216836
2016-10-01 05:00:00,307.9608466761138,303.6783850248128
2016-10-01 06:00:00,309.4208468068362,304.5354539256985
2016-10-01 08:00:00,309.4406977155359,305.1262988309463
2016-10-01 09:00:00,309.58018082205797,305.3483045722009
2016-10-01 17:00:00,299.2209572814095,300.0237477777185
2016-10-01 18:00:00,298.73828425943765,299.64868105284427
2016-10-01 20:00:00,298.1906290392295,298.50582972733747
2016-10-01 21:00:00,297.8366048662982,298.1280134345056
2016-10-02 05:00:00,305.19203637450795,302.19676236709574
2016-10-02 06:00:00,307.4868349801227,303.3115125282887
2016-10-02 08:00:00,310.27414965519375,305.30837730560535
2016-10-02 09:00:00,310.7712305242365,305.60456450804725
2016-10-02 17:00:00,298.49585713296904,299.30985108362324
2016-10-02 18:00:00,298.24378812111036,298.9427605204296
2016-10-02 20:00:00,297.60203573406204,298.44863426079183
2016-10-02 21:00:00,297.4255904093362,298.25224983673803
2016-10-03 05:00:00,306.56713135988207,303.57415628065866
2016-10-03 06:00:00,308.9388488863576,304.326531220658
2016-10-03 08:00:00,310.95002238739437,306.1056101935671
2016-10-03 09:00:00,310.6957331864603,306.29955455151105
2016-10-03 17:00:00,298.36406948753796,299.0512766316419
2016-10-03 18:00:00,297.92839167849127,298.6607259271325
2016-10-03 20:00:00,297.2041546743713,298.2380549543995
2016-10-03 21:00:00,296.98686989430104,297.9653873531771
2016-10-04 05:00:00,307.86252226043376,303.99542499653916
2016-10-04 06:00:00,309.89957172881657,305.08504045248395
2016-10-04 08:00:00,311.7964977858063,306.5877052154306
2016-10-04 09:00:00,310.2429951343037,306.28302782526004
2016-10-04 17:00:00,298.23190300563823,298.6103895801609
2016-10-04 18:00:00,297.9493757815133,298.451681504448
2016-10-04 20:00:00,297.5465264930196,297.87604474507054
2016-10-04 21:00:00,297.4235697365689,297.6596153506145
2016-10-05 05:00:00,300.9646814049484,299.0828496289364
2016-10-05 06:00:00,301.4410769752068,299.8302561285316
2016-10-05 08:00:00,302.59534608344273,299.9897829593606
2016-10-05 09:00:00,301.11015500860697,299.3178553412251
2016-10-05 17:00:00,297.2057732815735,297.3136013366041
2016-10-05 18:00:00,297.00848717829115,297.0456923380471
2016-10-05 20:00:00,295.95976720495474,296.00033957271256
2016-10-05 21:00:00,295.79661393128856,295.80044407543306
2016-10-06 05:00:00,302.78586114022323,300.35594633363985
2016-10-06 06:00:00,303.9431020680855,301.2222410886791
2016-10-06 08:00:00,305.5038918376153,301.8245759796472
2016-10-06 09:00:00,304.90723385098175,301.21194067721376
2016-10-06 17:00:00,296.78799936914663,297.33147518587043
2016-10-06 18:00:00,296.78311723847236,297.24149072115154
2016-10-06 20:00:00,295.2518563057498,295.73464796539446
2016-10-06 21:00:00,294.85092732057734,295.50863638056444
2016-10-07 05:00:00,304.98938340949724,301.7911150304856
2016-10-07 06:00:00,306.57047752533197,302.7817870435436
2016-10-07 08:00:00,307.69890936570835,304.0171345150893
2016-10-07 09:00:00,307.59920869659754,304.3979065223541
2016-10-07 17:00:00,296.2416867813087,297.5485475184554
2016-10-07 18:00:00,295.49225095681305,297.6579971901258
2016-10-07 20:00:00,295.7218758417021,296.9849639093197
2016-10-07 21:00:00,295.3784297713881,296.6101147808904
2016-10-08 05:00:00,305.2750300802693,303.06441306186196
2016-10-08 06:00:00,306.88825897075736,303.8533768146909
2016-10-08 08:00:00,307.99019588711445,304.8033427751303
2016-10-08 09:00:00,307.0370072422116,304.519112115281
2016-10-08 17:00:00,296.9115081928177,298.3363702712331
2016-10-08 18:00:00,296.5223010141052,297.9644265667132
2016-10-08 20:00:00,296.1815359294874,297.8320914152407
2016-10-08 21:00:00,296.0261688467535,297.52837295414673
2016-10-09 05:00:00,303.9200549955912,301.9442081539583
2016-10-09 06:00:00,305.79289976804756,303.26935409287273
2016-10-09 08:00:00,307.5555669140926,305.2644330511108
2016-10-09 09:00:00,307.32908061399297,305.50908481027756
2016-10-09 17:00:00,296.40498441393464,298.0137808025343
2016-10-09 18:00:00,296.2375829429215,297.7221564952692
2016-10-09 20:00:00,296.0275145355836,297.3852602777937
2016-10-09 21:00:00,295.7666124482,296.9895699946282
2016-10-10 05:00:00,303.08309774295947,301.1719765450077
2016-10-10 06:00:00,304.9585853894062,302.511911847742
2016-10-10 08:00:00,306.7661250133544,303.9877148409286
2016-10-10 09:00:00,306.5753822973219,304.243031670757
2016-10-10 17:00:00,295.90980957689567,296.9950748907951
2016-10-10 18:00:00,295.28806482441433,296.32024050861
2016-10-10 20:00:00,294.4776602158745,295.53706754851964
2016-10-10 21:00:00,294.0814937362319,295.0302211485218
2016-10-11 05:00:00,302.64042546018067,300.33603107470026
2016-10-11 06:00:00,304.8478340419305,301.9550959700245
2016-10-11 08:00:00,306.60153898876877,304.05936806888906
2016-10-11 09:00:00,306.23635104845044,304.39359515032896
2016-10-11 17:00:00,294.86740763565797,296.32560577157466
2016-10-11 18:00:00,294.3455407799484,295.7150954377302
2016-10-11 20:00:00,293.860755344385,295.21531246990565
2016-10-11 21:00:00,293.5994687778373,294.7613564889494
2016-10-12 05:00:00,301.699662900669,299.8519475199225
2016-10-12 06:00:00,304.0474688466782,301.58451335419124
2016-10-12 08:00:00,306.32321277494975,303.6005905457013
2016-10-12 09:00:00,306.18851885920503,303.92616610534384
2016-10-12 17:00:00,294.70611689821783,296.1257641385259
2016-10-12 18:00:00,294.18141345948396,295.5403052801712
2016-10-12 20:00:00,293.4486521763501,294.86020802643344
2016-10-12 21:00:00,293.1700362571399,294.47194884407503
2016-10-13 05:00:00,302.2370421140697,300.01351185756033
2016-10-13 06:00:00,304.4532169759366,301.52504517447966
2016-10-13 08:00:00,306.87255212816143,303.61352720098984
2016-10-13 09:00:00,306.63855074513674,303.87754017693237
2016-10-13 17:00:00,294.71663626977954,296.4388134549322
2016-10-13 18:00:00,294.19749925610466,295.9215853181201
2016-10-13 20:00:00,292.9936731747009,294.77885152525823
2016-10-13 21:00:00,292.42154673618967,294.2541970369078
2016-10-14 05:00:00,302.94547841875874,300.7595882562716
2016-10-14 06:00:00,305.2520778285704,302.42604274191365
2016-10-14 08:00:00,307.1464606756789,304.2980711103772
2016-10-14 09:00:00,306.78301785649796,304.5081064844352
2016-10-14 17:00:00,295.06711896946325,296.89074551857124
2016-10-14 18:00:00,294.75842978737575,296.5342316238098
2016-10-14 20:00:00,294.9860864765655,296.492786001902
2016-10-14 21:00:00,294.9514408905077,296.34766795859315
2016-10-15 05:00:00,301.91464200482716,300.123861045426
2016-10-15 06:00:00,304.64231080230104,301.82825410017057
2016-10-15 08:00:00,307.64802273837006,304.2435659399753
2016-10-15 09:00:00,307.4161700937891,304.5365079341941
2016-10-15 17:00:00,294.18153677589174,296.1631386261692
2016-10-15 18:00:00,293.59377148926535,295.5037349706806
2016-10-15 20:00:00,292.38018124055793,294.15681598586923
2016-10-15 21:00:00,292.14573396703315,293.9366615424722
2016-10-16 05:00:00,302.32197389764303,301.03654273081634
2016-10-16 06:00:00,304.8327203876983,302.6369178901284
2016-10-16 08:00:00,307.3216822408197,304.6355193480505
2016-10-16 09:00:00,306.5770565791197,304.5595588155079
2016-10-16 17:00:00,294.9318329938938,296.7669496933007
2016-10-16 18:00:00,293.76400596959564,295.63138670840505
2016-10-16 20:00:00,292.7422820151495,294.4426622434831
2016-10-16 21:00:00,292.06166814912814,293.79942921313744
2016-10-17 05:00:00,303.48131912772203,301.72024966388346
2016-10-17 06:00:00,305.73978140761926,303.2361558346976
2016-10-17 08:00:00,307.82438845406693,304.73389461852366
2016-10-17 09:00:00,307.18209836516064,304.7688668931394
2016-10-17 17:00:00,294.2310899402401,296.41371317012647
2016-10-17 18:00:00,293.8024621384537,295.9751033694792
2016-10-17 20:00:00,292.77289488429466,294.9233012853308
2016-10-17 21:00:00,292.30497389030756,294.4879421710233
2016-10-18 05:00:00,303.0660372647372,301.65976203718617
2016-10-18 06:00:00,305.4498741725928,303.18911599745553
2016-10-18 08:00:00,307.4616492319915,304.6610378271259
2016-10-18 09:00:00,307.3056504259859,304.78097515370706
2016-10-18 17:00:00,293.953520952645,296.0271910445532
2016-10-18 18:00:00,293.37021790961455,295.49496782064807
2016-10-18 20:00:00,292.31785169698423,294.5969818068212
2016-10-18 21:00:00,291.80239491984366,294.1032329729783
2016-10-19 05:00:00,302.99146300140995,301.53450966763023
2016-10-19 06:00:00,305.42431986240103,303.0412743190771
2016-10-19 08:00:00,307.73305221110905,304.3538888187732
2016-10-19 09:00:00,307.58565364890546,304.4540448298991
2016-10-19 17:00:00,293.1690307052918,295.3340326435577
2016-10-19 18:00:00,292.3391636876369,294.5809321234517
2016-10-19 20:00:00,291.36245605280664,293.6920438745907
2016-10-19 21:00:00,290.9662534364016,293.22279494275296
2016-10-20 05:00:00,302.9518591082886,300.94349028553546
2016-10-20 06:00:00,305.22049803653005,302.2349987764755
2016-10-20 08:00:00,307.555069322395,303.65744881416873
2016-10-20 09:00:00,307.2233467983722,303.76905561779245
2016-10-20 17:00:00,292.91827347906786,294.9217095514659
2016-10-20 18:00:00,292.2286016055726,294.27007769803606
2016-10-20 20:00:00,291.5465533898681,293.52765336940394
2016-10-20 21:00:00,291.23602957938596,293.15340817397106
2016-10-21 05:00:00,302.64453969053204,300.293389107303
2016-10-21 06:00:00,305.33658887866096,301.7967565269059
2016-10-21 08:00:00,308.16231446346995,303.40782447662116
2016-10-21 09:00:00,307.85489140820613,303.5793039942008
2016-10-21 17:00:00,292.60956546448415,294.4958236764869
2016-10-21 18:00:00,291.864336010855,293.750089272145
2016-10-21 20:00:00,291.0634087325979,293.00560004611964
2016-10-21 21:00:00,290.68716341321385,292.6484913407195
2016-10-22 05:00:00,303.26311628109505,300.7442888633128
2016-10-22 06:00:00,305.875874876425,302.3682641027889
2016-10-22 08:00:00,308.6928528490346,304.03645635055284
2016-10-22 09:00:00,308.4973626746602,304.2347259756597
2016-10-22 17:00:00,293.66754989741577,295.29948152562685
2016-10-22 18:00:00,293.0034316993091,294.64051120564085
2016-10-22 20:00:00,291.736841727846,293.4072606067628
2016-10-22 21:00:00,291.3077571263482,293.00332408840376
2016-10-23 05:00:00,303.0211787054829,300.6442133311314
2016-10-23 06:00:00,305.60962922694324,302.3177419230457
2016-10-23 08:00:00,308.0784051128088,304.0060034283137
2016-10-23 09:00:00,307.9121911470622,304.1323525027612
2016-10-23 17:00:00,295.0925832316394,296.5999139630005
2016-10-23 18:00:00,294.4862645271195,296.0038631068907
2016-10-23 20:00:00,293.4740899413686,294.97069494309153
2016-10-23 21:00:00,293.033548340408,294.4834943398121
2016-10-24 05:00:00,302.1145487169639,300.12922607327835
2016-10-24 06:00:00,304.169195048798,301.4373622712075
2016-10-24 08:00:00,307.2085056393099,303.3470028023507
2016-10-24 09:00:00,307.2505396062678,303.4271532949204
2016-10-24 17:00:00,294.6498930333024,296.0882043588694
2016-10-24 18:00:00,294.0018299261484,295.37469503581985
2016-10-24 20:00:00,292.77844680292395,294.00614468379086
2016-10-24 21:00:00,292.3620692695418,293.56417552789304
2016-10-25 05:00:00,302.7019156527997,300.00724776022605
2016-10-25 06:00:00,305.39854863759,301.5211721458494
2016-10-25 08:00:00,308.33983039562065,303.125916162147
2016-10-25 09:00:00,308.33457213226933,303.34324606027
2016-10-25 17:00:00,294.1279551501634,295.75168220508266
2016-10-25 18:00:00,293.4642839005622,295.06285607759685
2016-10-25 20:00:00,292.25265618134716,293.72307279848354
2016-10-25 21:00:00,291.74824801358307,293.2631410384215
2016-10-26 05:00:00,303.77083398381075,300.9551761668342
2016-10-26 06:00:00,306.49989572768953,302.6117466954494
2016-10-26 08:00:00,308.4797011083006,304.0249709495227
2016-10-26 09:00:00,308.55597697347633,304.28219609194434
2016-10-26 17:00:00,294.3481646568639,296.2199612280989
2016-10-26 18:00:00,293.61092429609255,295.538340752224
2016-10-26 20:00:00,292.4187558825101,294.385241398275
2016-10-26 21:00:00,291.82054775337957,293.84412378155395
2016-10-27 05:00:00,305.494823320621,302.58535197629766
2016-10-27 06:00:00,308.16373997293016,303.7714783091024
2016-10-27 08:00:00,309.8447455125523,304.640976516418
2016-10-27 09:00:00,309.20985276232517,304.76869293353957
2016-10-27 17:00:00,289.56257356664247,295.4307692752597
2016-10-27 18:00:00,288.57065056799377,295.58897893638203
2016-10-27 20:00:00,287.190979685732,295.5245750439002
2016-10-27 21:00:00,286.6685303157577,295.53957036610564
2016-10-28 05:00:00,305.6805264747749,302.00428038422245
2016-10-28 06:00:00,307.9222584211588,303.19006288878177
2016-10-28 08:00:00,309.6894969969575,303.9934554371886
2016-10-28 09:00:00,309.10308038508765,304.1393220075657
2016-10-28 17:00:00,291.4672236743804,293.95368233373614
2016-10-28 18:00:00,290.92022345356287,293.37262193300694
2016-10-28 20:00:00,289.68117900548623,291.8407162753019
2016-10-28 21:00:00,289.0259370260136,291.2447741351253
2016-10-29 05:00:00,304.43869991919667,301.7251167003473
2016-10-29 06:00:00,307.2023436512529,302.8938008500909
2016-10-29 08:00:00,309.71525940505677,303.4404542097142
2016-10-29 09:00:00,309.2944107643445,303.51988793888887
2016-10-29 17:00:00,291.4333635045126,293.67137364650546
2016-10-29 18:00:00,290.8351244816244,293.14334214596977
2016-10-29 20:00:00,289.766212827803,291.8911914090714
2016-10-29 21:00:00,289.16814031145424,291.2073554463673
2016-10-30 05:00:00,304.25431891913036,301.1772568618939
2016-10-30 06:00:00,306.8204698136481,302.282475170259
2016-10-30 08:00:00,309.1300258313196,303.235845227822
2016-10-30 09:00:00,308.7087259160352,303.25529947853965
2016-10-30 17:00:00,291.42955590763887,293.50065459969966
2016-10-30 18:00:00,290.61226594099094,292.75621942599497
2016-10-30 20:00:00,288.9653501584093,291.0741052847981
2016-10-30 21:00:00,288.1122285581333,290.89398884589576
2016-10-31 05:00:00,303.66176723956323,300.6166049387128
2016-10-31 06:00:00,306.26466061631777,301.8357183047913
2016-10-31 08:00:00,308.90624492157406,302.6895828364627
2016-10-31 09:00:00,308.79513928335507,302.8142080204145
2016-10-31 17:00:00,289.50174897697934,292.5570270555964
2016-10-31 18:00:00,288.7090650655456,291.4509801644206
2016-10-31 20:00:00,287.72228028190153,290.27765278162315
2016-10-31 21:00:00,287.4318862938551,289.8534438922336
2016-11-01 05:00:00,304.9379112349453,300.50363182690916
2016-11-01 06:00:00,307.3417329949848,301.83367680107324
2016-11-01 08:00:00,309.6964360782288,303.02532747383293
2016-11-01 09:00:00,309.0425620762336,303.2694160684782
2016-11-01 17:00:00,289.21366395641735,293.17974188147787
2016-11-01 18:00:00,288.3487184874266,292.58802402772596
2016-11-01 20:00:00,287.0876195169928,292.1168275665612
2016-11-01 21:00:00,286.5939588502669,291.5426184326548
2016-11-02 05:00:00,303.77861072322804,300.02390234055247
2016-11-02 06:00:00,306.76823879059737,301.16964234997204
2016-11-02 08:00:00,309.44484812967215,302.26161283190345
2016-11-02 09:00:00,308.7868414174978,302.60506205272236
2016-11-02 17:00:00,290.6161343849312,292.5767718816208
2016-11-02 18:00:00,289.5140077799605,291.63397040462644
2016-11-02 20:00:00,288.09270487874977,290.84208817915487
2016-11-02 21:00:00,287.5660438949044,290.81077839009384
2016-11-03 05:00:00,303.7673121424412,299.30265817509957
2016-11-03 06:00:00,306.4375841702078,300.4911356545376
2016-11-03 08:00:00,308.62633482664137,302.05406828470336
2016-11-03 09:00:00,308.20390757133123,302.3199431385575
2016-11-03 17:00:00,291.53332197427386,293.1633662148874
2016-11-03 18:00:00,290.6249484398699,292.31288370329355
2016-11-03 20:00:00,288.7550928383285,290.3514709002432
2016-11-03 21:00:00,288.0252650750253,289.72039479871376
2016-11-04 05:00:00,303.11814579427335,299.3385747783173
2016-11-04 06:00:00,305.97475055994346,300.2676419579928
2016-11-04 08:00:00,309.21329821570447,301.4707940429311
2016-11-04 09:00:00,308.8478610093127,301.8021899724411
2016-11-04 17:00:00,289.6167010056036,292.0235917101656
2016-11-04 18:00:00,288.7951593619466,290.9114163814598
2016-11-04 20:00:00,287.93021466882647,289.81988816929896
2016-11-04 21:00:00,287.6033609210986,289.4492981239166
2016-11-05 05:00:00,303.02228439166475,299.93497164921695
2016-11-05 06:00:00,305.7394850015273,301.41677496723474
2016-11-05 08:00:00,308.0690218039397,302.9681964045497
2016-11-05 09:00:00,307.783161533632,303.2120684842667
2016-11-05 17:00:00,291.7647879766574,293.5829495751803
2016-11-05 18:00:00,291.09300810309884,292.99334244221126
2016-11-05 20:00:00,289.7856493980749,291.62218431846026
2016-11-05 21:00:00,289.1877428945297,291.0856390014084
2016-11-06 05:00:00,302.434306751598,300.0882905510431
2016-11-06 06:00:00,305.42242403427144,301.8367469681798
2016-11-06 08:00:00,307.90387762272496,303.3094763381088
2016-11-06 09:00:00,307.5897489292045,303.3680976432718
2016-11-06 17:00:00,291.8958670876243,293.8392556400622
2016-11-06 18:00:00,291.2360100415528,293.2565727057553
2016-11-06 20:00:00,290.314478446596,292.3674070713884
2016-11-06 21:00:00,289.9586900849188,291.9747064528737
2016-11-07 05:00:00,301.6590117467754,299.089151696909
2016-11-07 06:00:00,304.7424954736178,300.7534012287534
2016-11-07 08:00:00,306.9402934634263,301.8496292419904
2016-11-07 09:00:00,306.60595625537934,302.03726487828334
2016-11-07 17:00:00,290.36293222577257,292.50933558106976
2016-11-07 18:00:00,289.50632179389567,291.7760635399488
2016-11-07 20:00:00,288.04691125431856,290.36718641848336
2016-11-07 21:00:00,287.37010590210906,289.7301145768129
2016-11-08 05:00:00,304.45074277151895,298.97033341088905
2016-11-08 06:00:00,306.8815383558465,300.31354766046326
2016-11-08 08:00:00,308.65163528606956,302.16188500732045
2016-11-08 09:00:00,308.0102985305669,302.4356458572835
2016-11-08 17:00:00,290.0218012358632,292.25379633499404
2016-11-08 18:00:00,289.2153426348153,291.52248371988304
2016-11-08 20:00:00,287.87253482389525,290.18824201445733
2016-11-08 21:00:00,287.1972143470047,289.60246989245775
2016-11-09 05:00:00,302.2274269609496,299.600943754928
2016-11-09 06:00:00,305.41327795372536,301.3295791696511
2016-11-09 08:00:00,308.17891158234727,302.7506571624239
2016-11-09 09:00:00,307.86523851297676,302.91728266876174
2016-11-09 17:00:00,290.3603446972205,292.43652581213433
2016-11-09 18:00:00,289.63164784765024,291.78194546221954
2016-11-09 20:00:00,288.5189035001264,290.7947660425595
2016-11-09 21:00:00,288.0190882984038,290.3508784877501
2016-11-10 05:00:00,301.6206990904727,299.04820498332776
2016-11-10 06:00:00,304.9340833713902,300.9234439749931
2016-11-10 08:00:00,308.1903439890622,302.6295678325354
2016-11-10 09:00:00,308.0073925658992,302.81230805430835
2016-11-10 17:00:00,290.0952466779571,292.2826546785093
2016-11-10 18:00:00,289.14430631805095,291.4209786107985
2016-11-10 20:00:00,287.66619985900786,290.0010024718768
2016-11-10 21:00:00,287.01348700618894,289.41566631863776
2016-11-11 05:00:00,302.24407437035046,299.0755785220577
2016-11-11 06:00:00,305.4351725056653,300.6025327379788
2016-11-11 08:00:00,308.66538401928443,301.94909658564256
2016-11-11 09:00:00,308.32793686312783,302.1345759363865
2016-11-11 17:00:00,288.69701424291577,293.4607026228001
2016-11-11 18:00:00,287.77957348463536,292.9707862372024
2016-11-11 20:00:00,286.6445585935619,292.2444032219415
2016-11-11 21:00:00,286.2111855670007,292.0037425412971
2016-11-12 05:00:00,303.6196242040038,298.9382789270904
2016-11-12 06:00:00,306.75602769190436,300.2513871861533
2016-11-12 08:00:00,308.90468751410674,301.71617422706356
2016-11-12 09:00:00,308.1636581538455,301.8623505579121
2016-11-12 17:00:00,291.2598707202036,293.11252230745623
2016-11-12 18:00:00,290.23144232657364,292.12613105480034
2016-11-12 20:00:00,288.93590713759596,290.5935530934386
2016-11-12 21:00:00,288.61834493440176,290.42876071077654
2016-11-13 05:00:00,300.820211425217,297.8201681880628
2016-11-13 06:00:00,304.07338842735817,299.21101983633173
2016-11-13 08:00:00,307.1718494432917,300.29026998981305
2016-11-13 09:00:00,306.9277405584538,300.3798685882051
2016-11-13 17:00:00,289.6319104916142,291.1458698854608
2016-11-13 18:00:00,288.93514130626147,290.5530467922405
2016-11-13 20:00:00,287.6240284924147,289.36631697315283
2016-11-13 21:00:00,287.09337313847476,288.90928276073765
2016-11-14 05:00:00,301.2953110328992,296.9357214223806
2016-11-14 06:00:00,304.61352174638415,298.10011169245513
2016-11-14 08:00:00,306.9745921177563,299.27798687621885
2016-11-14 09:00:00,306.10153158273096,299.3966222918824
2016-11-14 17:00:00,287.9674521800366,289.7137769278834
2016-11-14 18:00:00,286.7759435386247,288.9000767500632
2016-11-14 20:00:00,285.0552177487977,287.3561523155365
2016-11-14 21:00:00,284.48697710551545,286.8472438394931
2016-11-15 05:00:00,300.27145239972555,296.6343882932501
2016-11-15 06:00:00,303.3311943912359,297.72145861139285
2016-11-15 08:00:00,306.93225182296686,298.93454353320766
2016-11-15 09:00:00,306.6993744178619,299.2317857551281
2016-11-15 17:00:00,287.1788859551053,290.03193333042424
2016-11-15 18:00:00,286.14452755873674,289.4243056616173
2016-11-15 20:00:00,284.68584636106334,286.91712683632124
2016-11-15 21:00:00,284.15793312202067,286.3516073594292
2016-11-16 05:00:00,301.0401987742937,297.1027218153003
2016-11-16 06:00:00,304.3142475427942,298.2683830555121
2016-11-16 08:00:00,307.0720362729395,299.54855123322994
2016-11-16 09:00:00,306.8209056883637,299.7380073911787
2016-11-16 17:00:00,288.1174725266561,289.9885223106537
2016-11-16 18:00:00,286.8955664495107,289.9981418838854
2016-11-16 20:00:00,284.97383364543714,289.53199542358584
2016-11-16 21:00:00,284.351611709007,288.5558531633327
2016-11-17 05:00:00,301.7082106909142,296.9317903210092
2016-11-17 06:00:00,304.8596517977252,298.09548677465034
2016-11-17 08:00:00,307.9631154864154,299.66494490001895
2016-11-17 09:00:00,307.7029712130366,300.00413412085305
2016-11-17 17:00:00,288.0807324895874,289.95211004365945
2016-11-17 18:00:00,286.90512019129494,289.0612361537657
2016-11-17 20:00:00,285.0472366732699,288.1149914099366
2016-11-17 21:00:00,284.3988272691912,288.34951805737796
2016-11-18 05:00:00,302.12563663711904,297.23165898256934
2016-11-18 06:00:00,305.3165301541885,298.50261214481117
2016-11-18 08:00:00,307.94837697738853,300.31075229262717
2016-11-18 09:00:00,307.4993814665291,300.71630283349833
2016-11-18 17:00:00,287.4847312656867,290.6962126509986
2016-11-18 18:00:00,286.2399251082645,290.9014692027323
2016-11-18 20:00:00,284.5810007527356,287.944645157213
2016-11-18 21:00:00,284.0483961296375,287.2439243922065
2016-11-19 05:00:00,301.80214727604516,298.1971303883981
2016-11-19 06:00:00,305.2507010814038,299.5249943196866
2016-11-19 08:00:00,308.3253930184434,300.98180945444915
2016-11-19 09:00:00,307.90676367337977,301.26942794165
2016-11-19 17:00:00,287.5014550630778,291.0706142196303
2016-11-19 18:00:00,286.3221261328652,291.5069742775845
2016-11-19 20:00:00,284.7393655174502,291.2028252318019
2016-11-19 21:00:00,284.17498189164974,290.98090229710374
2016-11-20 05:00:00,302.0344742832272,298.5722104206291
2016-11-20 06:00:00,305.53124612064687,299.99897262972934
2016-11-20 08:00:00,308.4298256519947,301.53297948616864
2016-11-20 09:00:00,308.1176794254909,301.7809192910217
2016-11-20 17:00:00,288.0914920048648,290.28187796147466
2016-11-20 18:00:00,287.4854819557884,289.64665871077955
2016-11-20 20:00:00,286.19585657340167,288.07176375425837
2016-11-20 21:00:00,285.4267418013515,287.3261736618536
2016-11-21 05:00:00,301.964791484533,298.27009283926895
2016-11-21 06:00:00,305.199720855854,299.74769528804836
2016-11-21 08:00:00,308.0121119048085,301.3341798473764
2016-11-21 09:00:00,307.78954353979077,301.57853647005766
2016-11-21 17:00:00,287.59402077885,291.0647730423232
2016-11-21 18:00:00,286.4468094836031,291.225534283325
2016-11-21 20:00:00,285.00501807261327,287.7335165814369
2016-11-21 21:00:00,284.5358922926046,287.19417932918884
2016-11-22 05:00:00,301.7862484877576,298.1820430667448
2016-11-22 06:00:00,305.27456580398626,299.6064218012688
2016-11-22 08:00:00,308.09328628798664,301.2406441287377
2016-11-22 09:00:00,307.6503636105953,301.5550726609899
2016-11-22 17:00:00,288.61261176769096,290.841174673777
2016-11-22 18:00:00,287.58543861518467,289.9705041729614
2016-11-22 20:00:00,286.1790056037609,288.63986375335554
2016-11-22 21:00:00,285.5798613044257,288.0362839662055
2016-11-23 05:00:00,300.9789983340882,297.4613332175327
2016-11-23 06:00:00,304.5045883108178,298.9793222953432
2016-11-23 08:00:00,308.0709582124543,300.70455335431916
2016-11-23 09:00:00,307.76429085518436,301.0320050867019
2016-11-23 17:00:00,286.9467774142837,292.2684739969544
2016-11-23 18:00:00,286.00087153783016,291.95316038440296
2016-11-23 20:00:00,284.6671340542692,291.23822294214665
2016-11-23 21:00:00,284.1675021696164,290.90918669384695
2016-11-24 05:00:00,301.55945752912385,297.6368622860666
2016-11-24 06:00:00,305.11980373576534,299.0423778187145
2016-11-24 08:00:00,308.355519792883,300.49998777415976
2016-11-24 09:00:00,308.0529175510025,300.78936918050005
2016-11-24 17:00:00,287.90082417210374,289.9055955648789
2016-11-24 18:00:00,286.7641064330867,288.89701784483645
2016-11-24 20:00:00,285.441258293822,287.71764259749824
2016-11-24 21:00:00,284.98926775775084,287.36039846740636
2016-11-25 05:00:00,300.8766960296866,297.3631444146343
2016-11-25 06:00:00,304.11361111257406,298.9558172945984
2016-11-25 08:00:00,306.57363108677566,300.7003373438479
2016-11-25 09:00:00,306.30687684234005,301.0276704855803
2016-11-25 17:00:00,289.0649822687699,291.153750121318
2016-11-25 18:00:00,288.0723827344427,290.3423113007391
2016-11-25 20:00:00,286.50623964565375,289.02416355033137
2016-11-25 21:00:00,286.0524481492712,288.68948300777487
2016-11-26 05:00:00,299.8825646210893,297.29642454832106
2016-11-26 06:00:00,303.4190613404261,299.32057366275643
2016-11-26 08:00:00,306.96073130650217,301.4709139972328
2016-11-26 09:00:00,306.96245178786927,301.8523597423395
2016-11-26 17:00:00,288.9480638548112,291.12997476492535
2016-11-26 18:00:00,287.70783723851747,290.07137831113374
2016-11-26 20:00:00,285.76218881004587,288.86246715010776
2016-11-26 21:00:00,285.10081778175106,288.3577265100229
2016-11-27 05:00:00,301.0500153246205,298.2684739029096
2016-11-27 06:00:00,304.40454106264747,299.91234944818206
2016-11-27 08:00:00,307.64145433517007,301.63840441123364
2016-11-27 09:00:00,307.46707049870895,301.95391667017765
2016-11-27 17:00:00,288.46223915229416,291.35402490177955
2016-11-27 18:00:00,287.23631065615524,290.5659703987956
2016-11-27 20:00:00,285.7721984110922,288.55139087271436
2016-11-27 21:00:00,285.3319429183043,288.11753001161645
2016-11-28 05:00:00,300.89095700209606,298.3915980358153
2016-11-28 06:00:00,304.3948258222159,300.1222249223565
2016-11-28 08:00:00,307.3427635862941,301.7701726363877
2016-11-28 09:00:00,307.1523945812819,302.0663159433609
2016-11-28 17:00:00,287.94739199786784,291.82810616750385
2016-11-28 18:00:00,286.7529851269832,291.24258996525606
2016-11-28 20:00:00,285.17389586085716,289.3089294198482
2016-11-28 21:00:00,284.63125704396487,289.1536178471311
2016-11-29 05:00:00,302.25564786796394,298.5319299683182
2016-11-29 06:00:00,305.87912563329854,300.0789820314005
2016-11-29 08:00:00,308.8502979014063,301.74600835720827
2016-11-29 09:00:00,308.5705928714323,302.0655279879578
2016-11-29 17:00:00,287.373574913742,290.1705627911631
2016-11-29 18:00:00,286.57921309978093,289.3172101225067
2016-11-29 20:00:00,285.4963045281879,288.6094107605827
2016-11-29 21:00:00,285.02806947117415,288.509643907356
2016-11-30 05:00:00,300.60542334981255,297.7371595996922
2016-11-30 06:00:00,304.1956646747324,299.64555220170456
2016-11-30 08:00:00,307.43119757935887,301.2453987344939
2016-11-30 09:00:00,307.2913616397899,301.47321142070285
2016-11-30 17:00:00,290.4862954678998,291.9064167886743
2016-11-30 18:00:00,289.71071748189826,291.16391235727747
2016-11-30 20:00:00,288.09961316030825,289.5371965546454
2016-11-30 21:00:00,287.2414172955764,288.9735251075498
2016-12-01 05:00:00,300.26791847358317,297.1365366084918
2016-12-01 06:00:00,303.7228421062828,298.9029075963472
2016-12-01 08:00:00,307.41075832560915,300.4062829157237
2016-12-01 09:00:00,307.25232067607766,300.6312875850543
2016-12-01 17:00:00,290.4235959986142,291.8214992293959
2016-12-01 18:00:00,289.5583697585002,291.05650611724616
2016-12-01 20:00:00,287.57762106027,290.10770495022393
2016-12-01 21:00:00,286.6680000434488,290.7886109668044
2016-12-02 05:00:00,300.4814648503331,296.3002341436495
2016-12-02 06:00:00,303.75768057848165,297.85386225108186
2016-12-02 08:00:00,306.9023768773248,299.3187913703624
2016-12-02 09:00:00,306.67106802401076,299.700247272321
2016-12-02 17:00:00,288.43340791722846,289.8050925279803
2016-12-02 18:00:00,287.18299766975485,288.7554609066533
2016-12-02 20:00:00,285.4969072386003,287.32568237116595
2016-12-02 21:00:00,284.88754728578823,286.83867524180835
2016-12-03 05:00:00,298.9128657548196,295.312017925715
2016-12-03 06:00:00,302.38134883181164,296.71784223136257
2016-12-03 08:00:00,305.266164324133,298.3489388346856
2016-12-03 09:00:00,304.9675049627507,298.5955108501511
2016-12-03 17:00:00,287.3823742741613,289.17079512915
2016-12-03 18:00:00,286.3644103063457,288.2276073626267
2016-12-03 20:00:00,284.57571667405233,286.51277496855135
2016-12-03 21:00:00,283.8831398938948,285.92867797475384
2016-12-04 05:00:00,298.2933695694699,294.71891119300125
2016-12-04 06:00:00,301.2093637052045,296.0717875946468
2016-12-04 08:00:00,304.1387677302897,297.7078070265854
2016-12-04 09:00:00,304.32805491301974,298.11732099677084
2016-12-04 17:00:00,286.76412898035744,288.4602486914589
2016-12-04 18:00:00,285.6180115921656,287.49750484707545
2016-12-04 20:00:00,283.6570833320794,286.6402267197431
2016-12-04 21:00:00,282.9617931207266,286.1689084939119
2016-12-05 05:00:00,298.53103705877885,294.99087009518104
2016-12-05 06:00:00,302.11854962318085,296.53498464152335
2016-12-05 08:00:00,305.9522165965593,298.5578877547489
2016-12-05 09:00:00,306.041709817613,299.0610848825041
2016-12-05 17:00:00,285.43988164070026,288.2542792791946
2016-12-05 18:00:00,284.5800233673425,287.46151928541656
2016-12-05 20:00:00,283.3277141412344,286.875380905457
2016-12-05 21:00:00,282.7931621063655,287.78154146873345
2016-12-06 05:00:00,298.8737062239684,296.05110149648044
2016-12-06 06:00:00,302.4098631825029,297.7572445862099
2016-12-06 08:00:00,305.6844682032228,299.366667290498
2016-12-06 09:00:00,305.756738624514,299.7511729283032
2016-12-06 17:00:00,287.30575020765116,289.20449859666167
2016-12-06 18:00:00,286.0760018652871,288.3936919225566
2016-12-06 20:00:00,284.24282197408576,288.54165908037606
2016-12-06 21:00:00,283.595249922507,288.5108330584087
2016-12-07 05:00:00,299.84429263921663,296.41008049681307
2016-12-07 06:00:00,303.6479012793495,298.1153592666603
2016-12-07 08:00:00,307.4836955254177,299.88415301635933
2016-12-07 09:00:00,307.4549726536168,300.3409757922721
2016-12-07 17:00:00,285.9098318890541,290.1467114934936
2016-12-07 18:00:00,284.9956842313746,289.12933683468856
2016-12-07 20:00:00,283.68451287456213,287.9213421649668
2016-12-07 21:00:00,283.1469628520666,287.37968169742817
2016-12-08 05:00:00,299.6969730042162,296.5652152885825
2016-12-08 06:00:00,303.5178081823975,298.19473045596
2016-12-08 08:00:00,307.5457259355965,299.9981650894706
2016-12-08 09:00:00,307.65100283394975,300.43928603067974
2016-12-08 17:00:00,286.1293507298262,288.7646677872433
2016-12-08 18:00:00,285.27004715694665,287.75956620273683
2016-12-08 20:00:00,284.2102413324435,286.47271683844286
2016-12-08 21:00:00,283.84419817108954,286.12312791821404
2016-12-09 05:00:00,299.208177822213,296.6339865098198
2016-12-09 06:00:00,303.0761899081144,298.3774887813809
2016-12-09 08:00:00,307.0677349166988,300.2621569288163
2016-12-09 09:00:00,307.0951370450859,300.57720592246034
2016-12-09 17:00:00,286.9662027696983,291.4798908439366
2016-12-09 18:00:00,286.19938382235443,288.6598202745058
2016-12-09 20:00:00,285.40840306451037,287.3840150289433
2016-12-09 21:00:00,285.0563841174674,287.032286962853
2016-12-10 05:00:00,300.38072268070164,297.30554925715796
2016-12-10 06:00:00,303.99232685106745,298.91123661458585
2016-12-10 08:00:00,307.0726264753768,300.65554626182706
2016-12-10 09:00:00,306.9345708532584,301.08028220248707
2016-12-10 17:00:00,288.4504021643123,290.20177761836123
2016-12-10 18:00:00,287.3553950187789,289.28928818430853
2016-12-10 20:00:00,286.20171837005853,288.18913339576665
2016-12-10 21:00:00,285.7773125976187,287.73959860779655
2016-12-11 05:00:00,299.7636329168899,296.1345263511999
2016-12-11 06:00:00,303.4808445300086,297.9443288371082
2016-12-11 08:00:00,306.5022330732301,299.3523278375987
2016-12-11 09:00:00,306.3083285433118,299.6259044770651
2016-12-11 17:00:00,288.57745297847805,290.35470280110934
2016-12-11 18:00:00,287.78964658951725,289.65535866571315
2016-12-11 20:00:00,286.94036420872106,288.793605998411
2016-12-11 21:00:00,286.52636013413064,288.40877383662666
2016-12-12 05:00:00,299.3077823538993,296.5266790404709
2016-12-12 06:00:00,302.73329127330805,297.9567775873263
2016-12-12 08:00:00,305.77837290712426,299.1588242447064
2016-12-12 09:00:00,304.98449011098813,299.3033882223403
2016-12-12 17:00:00,290.46590149678144,291.6186384486124
2016-12-12 18:00:00,289.67519457424737,290.867037615901
2016-12-12 20:00:00,288.85191295841264,290.0741923939098
2016-12-12 21:00:00,288.50970677638827,289.79333912242544
2016-12-13 05:00:00,298.1344180819801,294.89788209418487
2016-12-13 06:00:00,299.97872844866504,295.9814369660129
2016-12-13 08:00:00,302.1401864214929,297.5779609151173
2016-12-13 09:00:00,303.33960275988,298.34603470389396
2016-12-13 17:00:00,291.11609533277607,291.71118965795483
2016-12-13 18:00:00,290.9056123989205,291.54135653785266
2016-12-13 20:00:00,289.53261856525813,290.31546448412223
2016-12-13 21:00:00,289.5000848520335,290.3083485513696
2016-12-14 05:00:00,298.93372983300634,295.68558733782896
2016-12-14 06:00:00,301.71103481298604,296.97733975779295
2016-12-14 08:00:00,304.54923033163254,297.97580073610845
2016-12-14 09:00:00,305.1568547558894,298.33557171226465
2016-12-14 17:00:00,289.5341013951,290.56251271957615
2016-12-14 18:00:00,288.7403129495347,289.835741251753
2016-12-14 20:00:00,287.50933856699606,288.6758879909898
2016-12-14 21:00:00,286.89955414241564,288.0958670453041
2016-12-15 05:00:00,298.22271171299445,294.2322373823687
2016-12-15 06:00:00,301.8417913498607,295.93183816636474
2016-12-15 08:00:00,305.55998105370946,297.51515425812846
2016-12-15 09:00:00,305.6363766380745,297.9157657006121
2016-12-15 17:00:00,287.83928879089825,289.30507766888206
2016-12-15 18:00:00,287.1211218459213,288.6190176142382
2016-12-15 20:00:00,285.8205489054299,287.30739486529757
2016-12-15 21:00:00,285.21348397794236,286.7338760916735
2016-12-16 05:00:00,297.0477281050249,293.98436630084444
2016-12-16 06:00:00,300.61410983281075,295.8982680545566
2016-12-16 08:00:00,304.4661132389298,297.69491182159754
2016-12-16 09:00:00,304.8605969492203,298.09066346907656
2016-12-16 17:00:00,288.5096500908098,289.81765258036705
2016-12-16 18:00:00,287.79003102165893,289.20735972541144
2016-12-16 20:00:00,286.3072738765017,287.7704703120862
2016-12-16 21:00:00,285.57766065318344,287.0513041632936
2016-12-17 05:00:00,297.3592543403614,294.3300526388254
2016-12-17 06:00:00,300.8258250843395,296.0389653751038
2016-12-17 08:00:00,304.92951979438766,297.6989509570764
2016-12-17 09:00:00,305.1084276619604,298.0795911133565
2016-12-17 17:00:00,286.08428835170844,290.42020168216277
2016-12-17 18:00:00,285.2606791538891,289.7368723394691
2016-12-17 20:00:00,284.0315878328814,289.06272022970285
2016-12-17 21:00:00,283.5238695894074,287.6820480981483
2016-12-18 05:00:00,297.2128455539697,293.9264370252613
2016-12-18 06:00:00,301.45828042522606,295.91683381584653
2016-12-18 08:00:00,305.81637312267515,297.76905912096584
2016-12-18 09:00:00,305.7753308124278,298.19708799764817
2016-12-18 17:00:00,287.24994994458876,288.68105785211173
2016-12-18 18:00:00,286.1601507483719,287.64708322957046
2016-12-18 20:00:00,284.2537294455412,285.95027379298983
2016-12-18 21:00:00,283.48149456852946,285.2169430443245
2016-12-19 05:00:00,297.7538840318865,294.2235841912738
2016-12-19 06:00:00,301.7940718969689,296.0956552561332
2016-12-19 08:00:00,306.010992629135,298.24663869331727
2016-12-19 09:00:00,305.91587427547785,298.72883234479576
2016-12-19 17:00:00,287.02042321909005,288.6503110865048
2016-12-19 18:00:00,285.94870460639567,287.70757158511594
2016-12-19 20:00:00,283.89189731027756,285.70816757131615
2016-12-19 21:00:00,282.8552130653605,285.342488316799
2016-12-20 05:00:00,296.77322698043565,294.21406576335886
2016-12-20 06:00:00,300.6061528092724,296.1365585679817
2016-12-20 08:00:00,304.4726884603868,297.9895912487812
2016-12-20 09:00:00,304.60735077703674,298.48605986185174
2016-12-20 17:00:00,286.43060060568695,288.2887379979867
2016-12-20 18:00:00,285.4953225581047,287.48645292261534
2016-12-20 20:00:00,283.89522454918625,285.95794715352343
2016-12-20 21:00:00,283.1012342597009,285.28924802712555
2016-12-21 05:00:00,296.3570690184418,293.5873361361229
2016-12-21 06:00:00,300.79552985192817,296.1459455681141
2016-12-21 08:00:00,305.46847842176817,299.0865985652883
2016-12-21 09:00:00,305.59912165801956,299.67967362837356
2016-12-21 17:00:00,286.5745277581119,288.7371057589727
2016-12-21 18:00:00,285.2832705787224,287.7143524358012
2016-12-21 20:00:00,283.337375399879,286.131365242651
2016-12-21 21:00:00,282.7123588479722,285.51969768600577
2016-12-22 05:00:00,298.68320026603425,295.24484927702025
2016-12-22 06:00:00,302.46892099718474,297.2574164533101
2016-12-22 08:00:00,306.15733057618695,299.550947403871
2016-12-22 09:00:00,306.0845609879457,300.05233988005136
2016-12-22 17:00:00,285.8921621172748,289.9095816590202
2016-12-22 18:00:00,284.6883478149978,289.7960958613086
2016-12-22 20:00:00,283.2241732416609,288.1066056120745
2016-12-22 21:00:00,282.71106808137824,287.66760867549385
2016-12-23 05:00:00,299.4117163612589,296.4295207818594
2016-12-23 06:00:00,303.3548102709472,298.243012861772
2016-12-23 08:00:00,306.9220936309391,300.19550007260267
2016-12-23 09:00:00,306.7378745056999,300.71018269543293
2016-12-23 17:00:00,288.32949539913415,290.35267244171473
2016-12-23 18:00:00,287.5098841216054,289.62616871979276
2016-12-23 20:00:00,286.2216106350139,288.3618660384591
2016-12-23 21:00:00,285.5711796647411,287.74711888670373
2016-12-24 05:00:00,298.06949724805736,295.8194142769225
2016-12-24 06:00:00,302.1095999084379,297.72116803608617
2016-12-24 08:00:00,305.83894620874815,299.61106630392914
2016-12-24 09:00:00,305.73094583990394,299.95375547717646
2016-12-24 17:00:00,288.3372989178439,290.13069973374
2016-12-24 18:00:00,287.598463508124,289.48224664579374
2016-12-24 20:00:00,286.55667358774616,288.20173463983053
2016-12-24 21:00:00,285.81964819016184,287.3001914472536
2016-12-25 05:00:00,295.1906677857386,292.5476604161902
2016-12-25 06:00:00,298.8520635008261,294.62381856063115
2016-12-25 08:00:00,302.4385806467206,296.5317739007653
2016-12-25 09:00:00,301.96966947723064,296.6223056599245
2016-12-25 17:00:00,285.68224726178795,287.11860057201886
2016-12-25 18:00:00,284.9951550405823,286.4910939456135
2016-12-25 20:00:00,284.20714276376964,285.7990492011072
2016-12-25 21:00:00,283.9395112447636,285.4450098399205
2016-12-26 05:00:00,294.57461634843116,291.2601276509384
2016-12-26 06:00:00,298.8587968118018,293.36779329038364
2016-12-26 08:00:00,303.26500623141675,295.88678307672865
2016-12-26 09:00:00,303.59844526340856,296.5522844170569
2016-12-26 17:00:00,285.90650072376974,287.38903825051614
2016-12-26 18:00:00,284.88527217447665,286.401032951837
2016-12-26 20:00:00,282.768697753342,284.50557183264215
2016-12-26 21:00:00,282.0182592688797,283.85560471545017
2016-12-27 05:00:00,296.99268904158447,293.48299646597985
2016-12-27 06:00:00,301.10998476378165,295.43688967194873
2016-12-27 08:00:00,304.96763131210724,297.6269730155016
2016-12-27 09:00:00,305.004070264349,298.1534127586612
2016-12-27 17:00:00,286.54186311084055,288.3163380909407
2016-12-27 18:00:00,285.6471161688054,287.5521558106221
2016-12-27 20:00:00,284.33424410357134,286.1735787648817
2016-12-27 21:00:00,283.7243625776059,285.5064668581923
2016-12-28 05:00:00,298.3563089003365,295.3030031789066
2016-12-28 06:00:00,302.56556861536535,297.15165564679586
2016-12-28 08:00:00,306.9156709973728,299.15939836546164
2016-12-28 09:00:00,306.9726254267759,299.73259197875785
2016-12-28 17:00:00,286.93328808048295,289.15169599206865
2016-12-28 18:00:00,285.5465659213544,289.5415879118791
2016-12-28 20:00:00,283.8077601828083,290.31265863027704
2016-12-28 21:00:00,283.18849732291716,290.0433530175631
2016-12-29 05:00:00,300.8414849279842,296.53523219127686
2016-12-29 06:00:00,304.5411209788271,298.2780698238426
2016-12-29 08:00:00,307.7117293112451,299.99370341014424
2016-12-29 09:00:00,307.6873354213814,300.47480376585975
2016-12-29 17:00:00,287.3309861992834,289.2414990206162
2016-12-29 18:00:00,286.030200223526,288.1826023754243
2016-12-29 20:00:00,284.79350805062177,287.08764963488
2016-12-29 21:00:00,284.2982557440759,286.54917637335683
2016-12-30 05:00:00,298.216368077165,295.55394952947444
2016-12-30 06:00:00,302.46756268282337,297.7313223252495
2016-12-30 08:00:00,307.06345180517354,299.530623331643
2016-12-30 09:00:00,307.2852201300152,299.97037274517885
2016-12-30 17:00:00,286.961383272944,288.76398864181823
2016-12-30 18:00:00,286.4573249287892,288.14185381449977
2016-12-30 20:00:00,285.6475699590792,287.2326557647282
2016-12-30 21:00:00,285.2476570117639,286.8208097155179
2016-12-31 05:00:00,295.44726755292095,292.784866050873
2016-12-31 06:00:00,299.9062465203378,295.2691290433675
2016-12-31 08:00:00,305.04613387896944,297.6331835777624
2016-12-31 09:00:00,305.72895439159703,298.17396611241605
2016-12-31 17:00:00,286.62120519323605,288.1749687488715
2016-12-31 18:00:00,285.8188337376011,287.26885292746806
2016-12-31 20:00:00,284.4712123312458,285.81114612926143
2016-12-31 21:00:00,284.08808541555067,285.34529149036376
