datetime_utc,skt,t2m
2019-01-01 05:00:00,295.1169212588177,292.8063268205969
2019-01-01 06:00:00,299.4756810639416,295.03209069109477
2019-01-01 08:00:00,304.0752968104852,297.46129764503985
2019-01-01 09:00:00,304.5128817330524,298.0889743046695
2019-01-01 17:00:00,283.71296402706383,285.9625803002591
2019-01-01 18:00:00,282.83055900021225,285.00757252086294
2019-01-01 20:00:00,281.46380916178134,283.82451614356376
2019-01-01 21:00:00,280.8657091372921,283.3284623391456
2019-01-02 05:00:00,296.2714392569473,293.6984119385894
2019-01-02 06:00:00,300.3822168899795,295.5682721718434
2019-01-02 08:00:00,304.1540629852718,297.23827135177163
2019-01-02 09:00:00,304.2209280804604,297.6308960525207
2019-01-02 17:00:00,285.5764825524094,287.38079375515366
2019-01-02 18:00:00,284.6564020471323,286.55421452456153
2019-01-02 20:00:00,283.07456483532354,285.108856412773
2019-01-02 21:00:00,282.3759667818278,284.3850076731254
2019-01-03 05:00:00,295.6517583438539,292.64191106434777
2019-01-03 06:00:00,299.7458900251815,294.333438843902
2019-01-03 08:00:00,304.6474566349447,296.0756682174048
2019-01-03 09:00:00,304.8651913494469,296.7022527803441
2019-01-03 17:00:00,285.0277539739623,286.4710664675673
2019-01-03 18:00:00,284.1011356065747,285.6676839584562
2019-01-03 20:00:00,282.75663465784953,284.38695887020447
2019-01-03 21:00:00,282.1258063646972,283.74561745947796
2019-01-04 05:00:00,294.4174965034097,291.85215486547065
2019-01-04 06:00:00,298.5677470720053,294.1012504589393
2019-01-04 08:00:00,302.20131124957874,296.0529248394841
2019-01-04 09:00:00,302.5810513018827,296.6564059735079
2019-01-04 17:00:00,287.6165664273161,288.6907520970138
2019-01-04 18:00:00,286.72796619103764,287.8463641432658
2019-01-04 20:00:00,285.4034907924376,286.6165265052455
2019-01-04 21:00:00,284.9243992598289,286.18908590307956
2019-01-05 05:00:00,295.0201517584144,292.4838203465443
2019-01-05 06:00:00,299.4877862915604,295.00455939200333
2019-01-05 08:00:00,304.7917146609267,297.2679624160743
2019-01-05 09:00:00,305.4266894653509,297.72969969762676
2019-01-05 17:00:00,285.0607680686634,289.3706049985254
2019-01-05 18:00:00,284.18570769182156,287.73729681123757
2019-01-05 20:00:00,282.785906869568,284.69423152412213
2019-01-05 21:00:00,282.77308005875176,284.5368185175586
2019-01-06 05:00:00,291.8937615863348,288.6872137507599
2019-01-06 06:00:00,295.7776772333037,290.8065463919853
2019-01-06 08:00:00,299.5363004005562,292.7017253999166
2019-01-06 09:00:00,299.4831344298846,293.0108067963634
2019-01-06 17:00:00,283.6231886007018,284.6203546039129
2019-01-06 18:00:00,282.85427774156005,283.94111525149117
2019-01-06 20:00:00,281.7186577184175,283.0394257014999
2019-01-06 21:00:00,281.10901139880923,282.4571114232985
2019-01-07 05:00:00,291.5931323834671,288.5260270975404
2019-01-07 06:00:00,295.78424048754397,290.27297110770627
2019-01-07 08:00:00,300.1563756910421,292.3840168393081
2019-01-07 09:00:00,300.6471073756049,292.9218268489985
2019-01-07 17:00:00,283.20164031277085,284.32875639411446
2019-01-07 18:00:00,282.392551886466,283.61846535892806
2019-01-07 20:00:00,281.247176371664,282.63039204225703
2019-01-07 21:00:00,280.7080933698704,282.0811843754514
2019-01-08 05:00:00,292.84770898569167,289.07823975831957
2019-01-08 06:00:00,297.1588904523335,290.9926220110642
2019-01-08 08:00:00,302.6077110161216,293.50496719430885
2019-01-08 09:00:00,303.03630150558405,294.2506194974315
2019-01-08 17:00:00,284.06476131021884,285.18064452466683
2019-01-08 18:00:00,283.1808096910662,284.4439290756437
2019-01-08 20:00:00,281.8487389186865,283.3466204627086
2019-01-08 21:00:00,281.29261351880746,282.81720222273304
2019-01-09 05:00:00,293.32555790270794,289.5985139632262
2019-01-09 06:00:00,297.3733133277834,291.48223768801466
2019-01-09 08:00:00,302.2382209201807,293.96392815212255
2019-01-09 09:00:00,302.5644905078576,294.658943070469
2019-01-09 17:00:00,284.1964334449709,285.5318245204461
2019-01-09 18:00:00,283.2013306228332,284.6481456785981
2019-01-09 20:00:00,281.21012532802865,282.8298299874657
2019-01-09 21:00:00,280.40667529466157,282.12076320560027
2019-01-10 05:00:00,294.08042143599835,290.80647531753334
2019-01-10 06:00:00,298.34245462520465,292.82135745667165
2019-01-10 08:00:00,303.6560304756341,294.9446772970661
2019-01-10 09:00:00,304.2161386545707,295.51207875397245
2019-01-10 17:00:00,285.30033028107397,286.4908052041829
2019-01-10 18:00:00,284.488591480696,285.79969251541587
2019-01-10 20:00:00,283.39883051374113,284.88327280288485
2019-01-10 21:00:00,282.98664844201414,284.4482406827812
2019-01-11 05:00:00,293.8635420365767,291.2981624985329
2019-01-11 06:00:00,297.81319104210803,293.44456406697657
2019-01-11 08:00:00,302.50296246215635,295.58382595632406
2019-01-11 09:00:00,303.22910310013447,296.10131977004886
2019-01-11 17:00:00,286.42531836087977,287.40197119103004
2019-01-11 18:00:00,285.6556318427088,286.6956678252375
2019-01-11 20:00:00,284.2827139503232,285.3765219760419
2019-01-11 21:00:00,283.670525361283,284.80720893848115
2019-01-12 05:00:00,293.04739572674913,290.5198152186507
2019-01-12 06:00:00,296.9533103155245,292.6807068294296
2019-01-12 08:00:00,301.8889751698828,295.2065329999879
2019-01-12 09:00:00,302.76760873662306,295.76135733535364
2019-01-12 17:00:00,287.162274611933,288.10602843485924
2019-01-12 18:00:00,286.3430489185962,287.3529420685144
2019-01-12 20:00:00,285.26772996053126,286.3628175850091
2019-01-12 21:00:00,284.7834214738043,285.89668092889303
2019-01-13 05:00:00,293.32850614056935,290.42262465560754
2019-01-13 06:00:00,296.9947529515059,292.5084315977405
2019-01-13 08:00:00,302.57555237756856,295.11346172221084
2019-01-13 09:00:00,303.63254242648696,295.6794846921195
2019-01-13 17:00:00,286.40790382702653,287.41758570502094
2019-01-13 18:00:00,285.66843161560905,286.6980412134955
2019-01-13 20:00:00,284.29616406739035,285.38950943910106
2019-01-13 21:00:00,283.79488047172185,284.89719566027816
2019-01-14 05:00:00,293.2074029155431,289.9033916690868
2019-01-14 06:00:00,297.3471197472148,291.7923031705554
2019-01-14 08:00:00,302.0375769193441,294.01218937431537
2019-01-14 09:00:00,302.19995756692987,294.54382044435096
2019-01-14 17:00:00,283.26754779551175,284.65069838701675
2019-01-14 18:00:00,282.2204686239798,283.7462138453691
2019-01-14 20:00:00,280.4987871496262,282.1993317449772
2019-01-14 21:00:00,279.68406775993265,281.43185979669744
2019-01-15 05:00:00,295.68459979558395,290.3850297266603
2019-01-15 06:00:00,299.69607297077386,292.4747068055422
2019-01-15 08:00:00,304.28122900447056,295.20152395568755
2019-01-15 09:00:00,304.4848761654047,295.99963423577594
2019-01-15 17:00:00,284.32493908710217,285.8846045495549
2019-01-15 18:00:00,283.02845063525467,284.9065129966325
2019-01-15 20:00:00,281.21851152558173,283.28444219039665
2019-01-15 21:00:00,280.6419616134949,282.73257711965977
2019-01-16 05:00:00,294.993537444363,292.7759841190097
2019-01-16 06:00:00,299.5438565576021,295.165388439396
2019-01-16 08:00:00,304.2106887746849,297.57484772245766
2019-01-16 09:00:00,304.87446229814196,298.26449396871084
2019-01-16 17:00:00,285.0405766703131,286.7788712982037
2019-01-16 18:00:00,284.38928396639363,286.1498771632214
2019-01-16 20:00:00,283.20170163006185,284.9311851419175
2019-01-16 21:00:00,282.4942168954341,284.190066580045
2019-01-17 05:00:00,296.8906514501351,293.055857465888
2019-01-17 06:00:00,301.2810814009609,295.1932298516272
2019-01-17 08:00:00,305.3386038617104,297.2990117947383
2019-01-17 09:00:00,305.73907548290197,297.87653982106633
2019-01-17 17:00:00,285.6233914556048,286.9153829612791
2019-01-17 18:00:00,284.0262746943164,285.5414196419973
2019-01-17 20:00:00,282.12834729398895,283.8862251081893
2019-01-17 21:00:00,281.58214309292697,283.31483892079314
2019-01-18 05:00:00,294.1998950505661,291.6244944379951
2019-01-18 06:00:00,298.50935605935217,294.06472322202427
2019-01-18 08:00:00,304.27791627199144,297.17650887558386
2019-01-18 09:00:00,305.400985976397,298.0155743803192
2019-01-18 17:00:00,287.321847195618,288.70957246142655
2019-01-18 18:00:00,286.55805383808627,288.08618385068075
2019-01-18 20:00:00,285.4382986765246,287.0930976573785
2019-01-18 21:00:00,284.90123714688013,286.55197616130437
2019-01-19 05:00:00,296.2732646219169,294.2457852591351
2019-01-19 06:00:00,300.65567000143704,296.81511637683275
2019-01-19 08:00:00,306.4037326524732,299.79883412036395
2019-01-19 09:00:00,307.1470511132286,300.50054933991754
2019-01-19 17:00:00,286.81831352809917,288.8601148984465
2019-01-19 18:00:00,286.03574675808335,288.2432856390767
2019-01-19 20:00:00,285.4900888875012,287.6365492340229
2019-01-19 21:00:00,285.3882202477595,287.456029365904
2019-01-20 05:00:00,298.81140947856227,296.7354266103501
2019-01-20 06:00:00,303.3507209860122,299.18919769898406
2019-01-20 08:00:00,308.10402694725656,301.43246713882235
2019-01-20 09:00:00,308.5642584284943,301.9804254423121
2019-01-20 17:00:00,287.27741618810336,292.45399933566665
2019-01-20 18:00:00,286.27972311011087,291.18703372526244
2019-01-20 20:00:00,285.2732945517142,287.1808481319293
2019-01-20 21:00:00,285.06950277319675,286.8059480311507
2019-01-21 05:00:00,298.49716113638624,296.737452737723
2019-01-21 06:00:00,300.50708562677556,297.46175289301
2019-01-21 08:00:00,304.7614705184208,299.3452992255589
2019-01-21 09:00:00,301.592541499204,295.8418253941235
2019-01-21 17:00:00,286.9513794556605,287.97632002867243
2019-01-21 18:00:00,286.1447598026787,286.9107661313379
2019-01-21 20:00:00,285.53018820928685,286.391039150338
2019-01-21 21:00:00,284.91871986330386,285.6138533017669
2019-01-22 05:00:00,291.23619672072874,289.73616037236525
2019-01-22 06:00:00,296.85811634974783,291.64785390421866
2019-01-22 08:00:00,299.8597344161917,293.61577543896414
2019-01-22 09:00:00,299.71407333397536,294.0807129987767
2019-01-22 17:00:00,285.9513321745745,287.0107847428285
2019-01-22 18:00:00,285.8134230274265,286.86336485593824
2019-01-22 20:00:00,284.81277881969106,285.8052489246903
2019-01-22 21:00:00,284.1676794913223,285.2197617823244
2019-01-23 05:00:00,294.5895799539857,290.7082263729054
2019-01-23 06:00:00,298.2112929663049,292.0647567020176
2019-01-23 08:00:00,301.2324202527251,293.2154910847292
2019-01-23 09:00:00,301.5406253385617,293.64597112482244
2019-01-23 17:00:00,284.65877545890163,285.70194619388906
2019-01-23 18:00:00,283.97143239637,285.07285432271857
2019-01-23 20:00:00,283.2947563559322,284.56872281161225
2019-01-23 21:00:00,282.9606648167403,284.20553668805377
2019-01-24 05:00:00,291.1765506080192,288.9285398227592
2019-01-24 06:00:00,293.593959767205,290.4876092990117
2019-01-24 08:00:00,299.4521617683681,292.0964876947858
2019-01-24 09:00:00,299.6509669322997,292.4813600372644
2019-01-24 17:00:00,283.6999437893484,284.509270431448
2019-01-24 18:00:00,283.3600557206775,284.11058820304225
2019-01-24 20:00:00,282.1821592592495,282.9766447657981
2019-01-24 21:00:00,281.82224239590363,282.5998002626863
2019-01-25 05:00:00,288.6764340628461,286.7027286241528
2019-01-25 06:00:00,293.33887492269514,288.28542613542317
2019-01-25 08:00:00,297.4191468977965,290.31570683789363
2019-01-25 09:00:00,297.7150086107534,290.75139496837085
2019-01-25 17:00:00,281.6308488184572,282.90147545671977
2019-01-25 18:00:00,280.8244160562524,282.1679323075916
2019-01-25 20:00:00,279.5579769093377,281.234739235994
2019-01-25 21:00:00,278.9176124843133,280.6153252459087
2019-01-26 05:00:00,290.59154993653846,287.1476163232271
2019-01-26 06:00:00,293.9598151678664,288.6371398596624
2019-01-26 08:00:00,298.09005720846824,290.61542018426036
2019-01-26 09:00:00,298.32393941306185,291.0390940285611
2019-01-26 17:00:00,281.4542656238715,282.84881979732194
2019-01-26 18:00:00,280.7469258124729,282.1805311770211
2019-01-26 20:00:00,279.70434349306925,281.3522824139
2019-01-26 21:00:00,279.1784031989946,280.82066333459227
2019-01-27 05:00:00,291.3557425382876,287.3601289581628
2019-01-27 06:00:00,294.604721586583,288.77917875457433
2019-01-27 08:00:00,298.53059457740727,291.0077638787738
2019-01-27 09:00:00,298.4614514320033,291.3868006631296
2019-01-27 17:00:00,281.67868961281334,283.12030640588887
2019-01-27 18:00:00,280.89574214894157,282.4604319850175
2019-01-27 20:00:00,279.3722081118262,281.06328431116236
2019-01-27 21:00:00,278.6142525694955,280.4064225724372
2019-01-28 05:00:00,292.64067188139506,287.8985477676744
2019-01-28 06:00:00,295.9897261797372,289.1593258333133
2019-01-28 08:00:00,299.53832965492285,291.0492560764307
2019-01-28 09:00:00,299.52059541534754,291.5193534345583
2019-01-28 17:00:00,281.33439826671446,283.0568149842908
2019-01-28 18:00:00,280.11590780719587,282.06826495389544
2019-01-28 20:00:00,278.3391876455816,280.5905029108785
2019-01-28 21:00:00,277.7356540109784,280.03550927113685
2019-01-29 05:00:00,292.8956789507521,288.4283619838062
2019-01-29 06:00:00,296.43618440554576,289.9490796810673
2019-01-29 08:00:00,300.42998376502464,292.2928330666847
2019-01-29 09:00:00,300.7162559521033,292.91677943436866
2019-01-29 17:00:00,280.6782692790215,283.5882541321459
2019-01-29 18:00:00,279.5986292623041,283.3087935249317
2019-01-29 20:00:00,278.0753085190783,282.68866211313684
2019-01-29 21:00:00,277.5444267049593,282.63239745623525
2019-01-30 05:00:00,293.9490721809846,290.4887750799006
2019-01-30 06:00:00,297.6128637140448,292.1513605103104
2019-01-30 08:00:00,301.78180030387796,294.16078430551966
2019-01-30 09:00:00,302.1935668381043,294.4082768327099
2019-01-30 17:00:00,283.03106933969934,285.71747357525703
2019-01-30 18:00:00,283.17001001860586,285.5804853160135
2019-01-30 20:00:00,283.4639952766877,285.34090826801605
2019-01-30 21:00:00,283.3599659077743,285.1600882555193
2019-01-31 05:00:00,291.9099232536986,290.08559075636197
2019-01-31 06:00:00,295.406510410397,292.22422419049894
2019-01-31 08:00:00,300.90293099002224,295.5334419050643
2019-01-31 09:00:00,301.5586949893616,296.285657650517
2019-01-31 17:00:00,287.28659012945843,287.9673453214907
2019-01-31 18:00:00,285.7388256055365,286.5377379947892
2019-01-31 20:00:00,284.52825993565824,285.2575680302178
2019-01-31 21:00:00,283.992464485815,284.8024897171279
2019-02-01 05:00:00,291.1433078665947,287.8491754517166
2019-02-01 06:00:00,295.18976763474006,290.0700991355767
2019-02-01 08:00:00,299.6991371660277,292.4172366572823
2019-02-01 09:00:00,300.0200354013311,292.930054369252
2019-02-01 17:00:00,283.0507969555025,284.0386013271996
2019-02-01 18:00:00,282.2594791641588,283.38520220505256
2019-02-01 20:00:00,280.98170607556546,282.2663881980767
2019-02-01 21:00:00,280.4922489348472,281.820038053398
2019-02-02 05:00:00,291.8675372060532,287.9636231409199
2019-02-02 06:00:00,295.9632519456014,289.79931111622295
2019-02-02 08:00:00,300.9847537894462,291.64024759771644
2019-02-02 09:00:00,301.4171467268228,292.3445467250924
2019-02-02 17:00:00,283.17682543080105,284.27215364570793
2019-02-02 18:00:00,282.39262256122703,283.6003272904453
2019-02-02 20:00:00,281.1056299900237,282.54923068430094
2019-02-02 21:00:00,280.34496329708713,281.8148998383932
2019-02-03 05:00:00,292.90885995826665,289.08565214418667
2019-02-03 06:00:00,297.4739412563424,290.87503909917757
2019-02-03 08:00:00,303.0834826923482,293.3750174688448
2019-02-03 09:00:00,303.68662117368825,294.26079299527066
2019-02-03 17:00:00,284.03934465828587,285.45180272835614
2019-02-03 18:00:00,283.1065979474131,284.7007754286192
2019-02-03 20:00:00,281.6193160187849,283.26250383703297
2019-02-03 21:00:00,280.93470127005793,282.64227624079115
2019-02-04 05:00:00,294.41786461875694,291.5875657703182
2019-02-04 06:00:00,298.71867309476266,294.0640277362935
2019-02-04 08:00:00,303.5407834751029,297.0535849408119
2019-02-04 09:00:00,304.47124456514376,298.04610061057724
2019-02-04 17:00:00,290.37912135425444,291.19324889572454
2019-02-04 18:00:00,289.7253191790706,290.581877815705
2019-02-04 20:00:00,288.5971236500792,289.55717461208354
2019-02-04 21:00:00,288.00749888368676,289.02267086928356
2019-02-05 05:00:00,295.7728952839856,294.167138709493
2019-02-05 06:00:00,300.87074444363776,297.12055456693446
2019-02-05 08:00:00,305.60036584886456,300.01298198494237
2019-02-05 09:00:00,305.51033088202104,300.3831988600627
2019-02-05 17:00:00,289.618563377251,291.32156717685416
2019-02-05 18:00:00,288.54411826111686,290.44225178440837
2019-02-05 20:00:00,287.20873666066785,288.991645331008
2019-02-05 21:00:00,286.45283931502945,288.17058228197374
2019-02-06 05:00:00,298.3937795724266,294.26150686678426
2019-02-06 06:00:00,302.5582457132442,296.2591581182965
2019-02-06 08:00:00,306.7876449138248,298.28252499055793
2019-02-06 09:00:00,306.9585097537754,298.78218088017775
2019-02-06 17:00:00,288.32399123181546,289.8046326012751
2019-02-06 18:00:00,287.44416247163605,289.0085079151971
2019-02-06 20:00:00,286.3105197195279,288.2486896955728
2019-02-06 21:00:00,285.8094939009986,287.62192727016924
2019-02-07 05:00:00,296.59504852530034,291.59136546741837
2019-02-07 06:00:00,300.14450132020266,293.1588124655796
2019-02-07 08:00:00,301.04247169906074,294.4852962170617
2019-02-07 09:00:00,300.24722299443556,294.27465143189045
2019-02-07 17:00:00,284.2742391389397,285.403463895589
2019-02-07 18:00:00,283.22815924175717,284.343135839618
2019-02-07 20:00:00,281.54818586869675,282.77713043259917
2019-02-07 21:00:00,280.4877354602785,281.68668912114646
2019-02-08 05:00:00,295.4954150512883,287.83341940011377
2019-02-08 06:00:00,298.72617204898313,289.2403383181532
2019-02-08 08:00:00,301.6508166014873,291.16759767223766
2019-02-08 09:00:00,301.43455180916106,291.68485827806
2019-02-08 17:00:00,283.57125659348975,284.72619812293857
2019-02-08 18:00:00,282.7501411144098,284.0402258122096
2019-02-08 20:00:00,281.34004559392,282.90481543871584
2019-02-08 21:00:00,280.6451368993163,282.27891923760416
2019-02-09 05:00:00,295.1835353951241,289.180062504138
2019-02-09 06:00:00,298.7430176110407,290.6590908855797
2019-02-09 08:00:00,302.5017718534073,292.93272324666407
2019-02-09 09:00:00,302.8259438395684,293.43385806326137
2019-02-09 17:00:00,283.44595320456204,284.8601141931096
2019-02-09 18:00:00,282.28579900003916,283.8861497782044
2019-02-09 20:00:00,280.0285956760401,282.046315949944
2019-02-09 21:00:00,279.11740138167045,281.5447458699231
2019-02-10 05:00:00,294.29167142377247,290.5086248600612
2019-02-10 06:00:00,297.7036852491288,292.11193424454086
2019-02-10 08:00:00,301.51652780776766,293.8872290847849
2019-02-10 09:00:00,302.59254377979346,294.4640050103374
2019-02-10 17:00:00,284.1477491616836,285.5430633827056
2019-02-10 18:00:00,283.31613354322906,284.8750093809812
2019-02-10 20:00:00,281.8225199930106,283.7090223456384
2019-02-10 21:00:00,281.02281127835647,282.9776779668541
2019-02-11 05:00:00,293.72477425926456,290.8717704267458
2019-02-11 06:00:00,297.7598137760015,292.85632531117585
2019-02-11 08:00:00,302.20307336933627,294.9385902628142
2019-02-11 09:00:00,302.8583081778833,295.5120798825116
2019-02-11 17:00:00,286.42686003933335,287.6867172640902
2019-02-11 18:00:00,286.16025631380006,287.4917474402853
2019-02-11 20:00:00,285.1757646510707,286.651700811871
2019-02-11 21:00:00,284.6259807710104,286.1416015625
2019-02-12 05:00:00,295.888952928258,292.6509731627759
2019-02-12 06:00:00,299.99219142637565,294.88423528215736
2019-02-12 08:00:00,305.3395439818019,297.62011848061775
2019-02-12 09:00:00,306.35542485453135,298.445348495695
2019-02-12 17:00:00,288.86942019705043,289.9416444187723
2019-02-12 18:00:00,288.04340636454674,289.2516736234832
2019-02-12 20:00:00,287.54836796318256,288.8758924393147
2019-02-12 21:00:00,287.3042639216584,288.54720794254536
2019-02-13 05:00:00,297.0264222743148,294.57012041324094
2019-02-13 06:00:00,301.03008995585157,297.14776369162445
2019-02-13 08:00:00,306.78791237759117,300.9928479069738
2019-02-13 09:00:00,307.8613054836844,302.0102150421848
2019-02-13 17:00:00,294.00373816820803,295.0477613499058
2019-02-13 18:00:00,293.32050736108437,294.35560509162985
2019-02-13 20:00:00,290.63077198375356,291.8228466110347
2019-02-13 21:00:00,290.393660840709,291.27529540451354
2019-02-14 05:00:00,300.26394117264243,296.9809904407095
2019-02-14 06:00:00,304.00146698327205,298.6890934501848
2019-02-14 08:00:00,306.48259085021886,299.93351809085794
2019-02-14 09:00:00,306.49264046738074,300.09159427872055
2019-02-14 17:00:00,289.17230436210457,290.36503643394434
2019-02-14 18:00:00,288.21388728960267,289.5672183514376
2019-02-14 20:00:00,287.0350421264837,288.62266921409287
2019-02-14 21:00:00,286.45333272172786,287.8984281895525
2019-02-15 05:00:00,297.5904664449589,293.55257588579036
2019-02-15 06:00:00,301.64108937032785,295.1566427080951
2019-02-15 08:00:00,304.9586338930762,296.10269755170964
2019-02-15 09:00:00,304.6683398277624,296.39957631350666
2019-02-15 17:00:00,286.5933192507328,287.7897868340114
2019-02-15 18:00:00,285.7306728980207,287.06044840996367
2019-02-15 20:00:00,284.6141388926925,286.2121079126014
2019-02-15 21:00:00,284.0882286459713,285.5886198023251
2019-02-16 05:00:00,297.27851326917465,291.59748802714057
2019-02-16 06:00:00,300.1476871390556,293.0929016912663
2019-02-16 08:00:00,303.7586255418869,294.89556134757356
2019-02-16 09:00:00,304.0855435693209,295.4206613267332
2019-02-16 17:00:00,285.5673190735522,286.94169727202006
2019-02-16 18:00:00,284.52112606383616,286.07118568361636
2019-02-16 20:00:00,282.50672030926484,284.24326753542863
2019-02-16 21:00:00,281.9074923099465,283.9294292056138
2019-02-17 05:00:00,298.8346249855171,292.73319311391776
2019-02-17 06:00:00,302.5956754757921,294.3019442095411
2019-02-17 08:00:00,306.14473354063347,296.5344881078312
2019-02-17 09:00:00,306.2160362631588,297.10273916658895
2019-02-17 17:00:00,288.0071243497734,289.30972595685074
2019-02-17 18:00:00,288.09374602660193,289.30060272922134
2019-02-17 20:00:00,287.72399032428194,290.4018585722325
2019-02-17 21:00:00,286.6047727705334,288.9716870465154
2019-02-18 05:00:00,299.23315594266126,296.09822632682346
2019-02-18 06:00:00,302.5175242607693,297.88884009785943
2019-02-18 08:00:00,305.8147942964763,300.3677287285428
2019-02-18 09:00:00,305.56292287300477,300.34751732213476
2019-02-18 17:00:00,291.2062999331529,292.2380995081827
2019-02-18 18:00:00,290.5814809226108,291.73973673628
2019-02-18 20:00:00,290.6931191137282,292.07843958027377
2019-02-18 21:00:00,290.00861933492183,291.29376839048507
2019-02-19 05:00:00,302.22286133846995,296.1005344243924
2019-02-19 06:00:00,306.0002022671222,297.85316563681204
2019-02-19 08:00:00,309.7110492253708,300.16477138713253
2019-02-19 09:00:00,309.6781802890113,301.0083320041651
2019-02-19 17:00:00,293.5845392400568,294.6807387341704
2019-02-19 18:00:00,292.6514195235007,293.94948908213667
2019-02-19 20:00:00,289.80782994063134,292.11804991547245
2019-02-19 21:00:00,290.5179858567718,292.0485525733701
2019-02-20 05:00:00,297.0660870850362,295.9022635767015
2019-02-20 06:00:00,302.35948460936,297.68922929807877
2019-02-20 08:00:00,306.9318793815531,300.41197061171334
2019-02-20 09:00:00,307.4209460712545,301.21272346014604
2019-02-20 17:00:00,293.6754090672098,294.6169592999898
2019-02-20 18:00:00,292.74169533939687,293.7692169988835
2019-02-20 20:00:00,290.8507683611431,291.7365860902289
2019-02-20 21:00:00,290.27353312017743,291.2592248431707
2019-02-21 05:00:00,302.009347195618,298.0482225697287
2019-02-21 06:00:00,305.35099065983417,299.7016126870742
2019-02-21 08:00:00,308.6197051061504,301.8182454395735
2019-02-21 09:00:00,308.4985621941659,302.0077383220655
2019-02-21 17:00:00,292.5299721175607,293.14603265371454
2019-02-21 18:00:00,291.7485945926426,292.3054947816352
2019-02-21 20:00:00,289.9168303596955,290.4819332175703
2019-02-21 21:00:00,289.12075556445006,289.6799459589648
2019-02-22 05:00:00,297.9841517373483,293.18217256660637
2019-02-22 06:00:00,302.1022395529255,295.1427643809738
2019-02-22 08:00:00,306.539626228791,297.30677969393275
2019-02-22 09:00:00,306.6928496985296,297.86473650116767
2019-02-22 17:00:00,287.8129217209544,288.89664354603536
2019-02-22 18:00:00,286.9174626002143,288.1528037472388
2019-02-22 20:00:00,285.6120442065693,287.104929825558
2019-02-22 21:00:00,285.1155602171535,286.5594390022736
2019-02-23 05:00:00,296.66005769091873,291.89595306819683
2019-02-23 06:00:00,300.71655099454387,293.8029316577412
2019-02-23 08:00:00,306.39565243008326,296.7514625161381
2019-02-23 09:00:00,307.4102381866408,297.6740136521256
2019-02-23 17:00:00,289.34253082510503,290.29804033417554
2019-02-23 18:00:00,288.32107456953764,289.43955770295645
2019-02-23 20:00:00,286.45561728455436,287.88334916736386
2019-02-23 21:00:00,286.12260077289886,287.68383151908137
2019-02-24 05:00:00,300.2586293977288,294.7132991326424
2019-02-24 06:00:00,304.4398293752332,296.3379402101867
2019-02-24 08:00:00,308.69884367532836,299.1645362042866
2019-02-24 09:00:00,308.52674226217175,299.7027579426582
2019-02-24 17:00:00,288.6933250721137,290.0638386119496
2019-02-24 18:00:00,287.6355451398711,289.2034169154469
2019-02-24 20:00:00,285.47574261634486,287.3815885523251
2019-02-24 21:00:00,284.31365240299834,286.7219784682263
2019-02-25 05:00:00,301.6149101551215,296.04422457890445
2019-02-25 06:00:00,305.08092302460517,297.5285369684957
2019-02-25 08:00:00,307.4981139055202,298.84977663389895
2019-02-25 09:00:00,307.0266759369884,299.112092169481
2019-02-25 17:00:00,288.3974923955274,289.8582485769122
2019-02-25 18:00:00,287.31166923064484,288.86776324303014
2019-02-25 20:00:00,285.8390999251779,287.9081528814989
2019-02-25 21:00:00,285.35829002721283,287.4085760836609
2019-02-26 05:00:00,299.74860818213415,294.49532305184056
2019-02-26 06:00:00,302.9332915131227,295.8897052876571
2019-02-26 08:00:00,305.1259439759336,295.56161748242494
2019-02-26 09:00:00,305.82094220130585,296.3042747368247
2019-02-26 17:00:00,285.42677822024876,286.30326250778694
2019-02-26 18:00:00,284.4357873243617,285.68098529645215
2019-02-26 20:00:00,283.1255628353642,285.4626360924108
2019-02-26 21:00:00,282.16118545414673,285.1333074584397
2019-02-27 05:00:00,297.3922904885972,291.9953449407969
2019-02-27 06:00:00,301.8033273047402,293.9011256566217
2019-02-27 08:00:00,302.96708928418275,294.5209758976024
2019-02-27 09:00:00,302.4334891250211,294.582279152422
2019-02-27 17:00:00,285.4757719818727,286.75930485189053
2019-02-27 18:00:00,284.52285959393663,285.9328745884594
2019-02-27 20:00:00,282.6147223709177,284.31027995199196
2019-02-27 21:00:00,281.795309081467,283.40743186257106
2019-02-28 05:00:00,296.7043396137162,291.23776484931744
2019-02-28 06:00:00,300.918564407043,292.6170327725874
2019-02-28 08:00:00,306.34819627946996,294.73926874522255
2019-02-28 09:00:00,306.6165957223102,295.3271930853281
2019-02-28 17:00:00,287.3700739503458,288.42707683639645
2019-02-28 18:00:00,286.77871403157803,287.95547776890834
2019-02-28 20:00:00,284.84446906749565,286.2675677095246
2019-02-28 21:00:00,284.0502099741038,285.53269539996177
2019-03-01 05:00:00,296.4978830017184,292.7187874533913
2019-03-01 06:00:00,300.26077291667923,294.69043403707775
2019-03-01 08:00:00,305.26397183128796,296.90366917214885
2019-03-01 09:00:00,306.24016158422813,297.55123149007784
2019-03-01 17:00:00,290.1172183937578,290.95962764228625
2019-03-01 18:00:00,289.92934604638896,290.7651266324318
2019-03-01 20:00:00,288.6585940227303,290.01643350421926
2019-03-01 21:00:00,288.6840775170936,289.6014453435348
2019-03-02 05:00:00,292.0348940527494,291.3822597274428
2019-03-02 06:00:00,296.0731113474983,293.239151753336
2019-03-02 08:00:00,299.0154865893818,294.880923631195
2019-03-02 09:00:00,299.9524791229671,295.910269926803
2019-03-02 17:00:00,288.84248316783936,289.29268901337093
2019-03-02 18:00:00,288.1010200018508,288.65270638723035
2019-03-02 20:00:00,286.76223082461604,287.1617326780534
2019-03-02 21:00:00,286.43453979492193,286.8276743602312
2019-03-03 05:00:00,294.447527352026,291.43999752755894
2019-03-03 06:00:00,297.63268887794624,293.72104140459487
2019-03-03 08:00:00,307.02611178499524,298.62063629197417
2019-03-03 09:00:00,308.3346367176215,299.92647572474783
2019-03-03 17:00:00,290.06969986784804,291.0044073213598
2019-03-03 18:00:00,288.95818628625625,289.9430560801173
2019-03-03 20:00:00,286.3749265274024,287.5074150896587
2019-03-03 21:00:00,285.19497241004035,286.5264446805181
2019-03-04 05:00:00,300.05440209716426,294.37863906836844
2019-03-04 06:00:00,303.2636606366315,295.73234619234665
2019-03-04 08:00:00,306.16568667936406,297.407998741867
2019-03-04 09:00:00,306.14116815646366,297.784448538429
2019-03-04 17:00:00,288.6222713570382,289.307918672018
2019-03-04 18:00:00,287.6819196327809,288.4657052485344
2019-03-04 20:00:00,286.75345993629776,287.9296380088583
2019-03-04 21:00:00,286.15789519840473,287.2515997041723
2019-03-05 05:00:00,299.661020757972,292.8221043849763
2019-03-05 06:00:00,303.9369320862099,294.48270095331463
2019-03-05 08:00:00,308.4717124386451,297.03147638964543
2019-03-05 09:00:00,308.4549232094975,297.6053736470697
2019-03-05 17:00:00,288.13172465884264,289.37076153630284
2019-03-05 18:00:00,287.1164422409928,288.4635652562687
2019-03-05 20:00:00,285.57863427677944,287.13441119318935
2019-03-05 21:00:00,284.854113421565,286.4190415439694
2019-03-06 05:00:00,300.1456459880059,295.10574921547726
2019-03-06 06:00:00,304.3017070517518,296.3815510519113
2019-03-06 08:00:00,308.1280959119048,298.2845788376725
2019-03-06 09:00:00,308.0787375145958,298.78714534718375
2019-03-06 17:00:00,288.3241571740855,290.1381749181057
2019-03-06 18:00:00,286.6392023353988,290.7805077034079
2019-03-06 20:00:00,284.60888347420007,290.876100513711
2019-03-06 21:00:00,283.899427581458,287.3802602382948
2019-03-07 05:00:00,300.8590846362944,296.5395601622312
2019-03-07 06:00:00,305.54155732376734,298.51868919525384
2019-03-07 08:00:00,310.42247070406546,300.3113726599742
2019-03-07 09:00:00,310.07135376540833,300.7847302264903
2019-03-07 17:00:00,289.6092694815943,291.236761907216
2019-03-07 18:00:00,288.39640836318944,290.2204919236099
2019-03-07 20:00:00,286.99974824173614,289.32795024101836
2019-03-07 21:00:00,287.00733397591097,289.13996019642593
2019-03-08 05:00:00,300.40387940957845,297.1968059334071
2019-03-08 06:00:00,305.1037188560827,299.51227876401646
2019-03-08 08:00:00,307.78874305290145,300.8532593525797
2019-03-08 09:00:00,308.7877922116884,301.75600074803333
2019-03-08 17:00:00,291.54944900959407,293.07057135865574
2019-03-08 18:00:00,290.34959254095844,291.89238458054456
2019-03-08 20:00:00,288.8050885545822,290.6307932614178
2019-03-08 21:00:00,287.9052599185421,289.6905538738233
2019-03-09 05:00:00,300.83203865603787,295.67103273365274
2019-03-09 06:00:00,305.34958765062237,297.7044089953595
2019-03-09 08:00:00,309.63482026510144,299.6282580218441
2019-03-09 09:00:00,309.8998172095817,300.1474392366336
2019-03-09 17:00:00,291.0935338142289,292.2148974026296
2019-03-09 18:00:00,290.0720248229698,291.34825543372773
2019-03-09 20:00:00,288.38148000097056,289.86793741423105
2019-03-09 21:00:00,287.6702340806394,289.1879411882539
2019-03-10 05:00:00,301.707455063454,296.37736642893367
2019-03-10 06:00:00,305.80464430986825,297.81357907146815
2019-03-10 08:00:00,311.1392580099944,299.9874019769748
2019-03-10 09:00:00,311.41828810305367,300.61652095659485
2019-03-10 17:00:00,292.372113526143,293.40838982768713
2019-03-10 18:00:00,291.9121548927437,293.0394180368386
2019-03-10 20:00:00,290.3775714468699,291.7389678014629
2019-03-10 21:00:00,289.9890362661682,291.36361010159106
2019-03-11 05:00:00,301.7950455910987,297.2098552545157
2019-03-11 06:00:00,305.0821756089597,298.76579545642636
2019-03-11 08:00:00,308.06386717809556,299.98632725508446
2019-03-11 09:00:00,307.9422595196035,300.2382346037172
2019-03-11 17:00:00,289.55115202211636,291.02184531942174
2019-03-11 18:00:00,288.38430623905316,289.94003262982716
2019-03-11 20:00:00,286.47228731175966,288.57267117022735
2019-03-11 21:00:00,285.7494411380339,287.96076744326456
2019-03-12 05:00:00,300.89937381127214,295.72502312564706
2019-03-12 06:00:00,305.15231711177506,297.49925894950314
2019-03-12 08:00:00,310.8684171609041,299.6378418580042
2019-03-12 09:00:00,311.6594625511229,300.13219749321377
2019-03-12 17:00:00,290.89621021053273,292.0893681883261
2019-03-12 18:00:00,290.00356371487237,291.3718685626249
2019-03-12 20:00:00,289.1854609414499,290.6532271845131
2019-03-12 21:00:00,288.62182558409427,289.9887234492368
2019-03-13 05:00:00,294.63049046027095,293.22736115301336
2019-03-13 06:00:00,297.0664681785831,294.4562118600807
2019-03-13 08:00:00,304.16963238120996,297.70016357233783
2019-03-13 09:00:00,306.9239784323012,299.0167729593756
2019-03-13 17:00:00,291.7795161407424,292.71480272290154
2019-03-13 18:00:00,290.56943369719943,291.5772757508171
2019-03-13 20:00:00,289.3240395944181,290.34143066406256
2019-03-13 21:00:00,288.93655136884274,289.9817317028075
2019-03-14 05:00:00,301.6589859079323,296.50867646721366
2019-03-14 06:00:00,306.55774751025467,298.1457197662495
2019-03-14 08:00:00,310.29088020030815,299.9387238066075
2019-03-14 09:00:00,309.48816729106227,300.0140336423148
2019-03-14 17:00:00,289.84657005462884,290.25448246325476
2019-03-14 18:00:00,288.72239370008094,289.3495613650658
2019-03-14 20:00:00,287.12564082211816,288.21955852773044
2019-03-14 21:00:00,286.3101382498014,287.4864986754713
2019-03-15 05:00:00,300.2421647881507,295.18143692369273
2019-03-15 06:00:00,303.8773931612036,296.7173380094978
2019-03-15 08:00:00,309.01602715961,298.85518337067543
2019-03-15 09:00:00,309.75900663543376,299.37596920348466
2019-03-15 17:00:00,289.832454452162,290.95462438174866
2019-03-15 18:00:00,289.0242136057426,290.22158023499196
2019-03-15 20:00:00,287.8168370227785,289.24685842928426
2019-03-15 21:00:00,287.1824217386349,288.6396211644718
2019-03-16 05:00:00,301.5398785513245,295.85481899361395
2019-03-16 06:00:00,305.7710605850573,297.35639269436456
2019-03-16 08:00:00,311.6139761714612,299.26376505000934
2019-03-16 09:00:00,312.73290954495803,299.9070948525827
2019-03-16 17:00:00,292.6631172309488,293.28307698724456
2019-03-16 18:00:00,291.30494781635207,292.1135972879701
2019-03-16 20:00:00,289.42087264567937,290.6146566570265
2019-03-16 21:00:00,288.35259896911714,289.6741820865861
2019-03-17 05:00:00,303.54853468132313,297.3664758620534
2019-03-17 06:00:00,307.9697091641889,298.8218509103925
2019-03-17 08:00:00,313.3634692928273,300.88374093500966
2019-03-17 09:00:00,313.42720946325176,301.492318363513
2019-03-17 17:00:00,291.60339990271996,292.9220798533576
2019-03-17 18:00:00,290.50105252728815,291.98102789410086
2019-03-17 20:00:00,288.576450177444,290.4082588936405
2019-03-17 21:00:00,287.6467793469069,289.5702785262709
2019-03-18 05:00:00,304.983470734536,299.0797693284891
2019-03-18 06:00:00,309.0806175666891,300.34587823665015
2019-03-18 08:00:00,314.14550896455034,302.15099204229466
2019-03-18 09:00:00,314.824669507325,302.64447872590944
2019-03-18 17:00:00,292.6774988159744,293.69659536682036
2019-03-18 18:00:00,291.5176885102306,292.76877301279313
2019-03-18 20:00:00,289.1388721436675,290.9710305659172
2019-03-18 21:00:00,288.0720718454323,290.10609699360947
2019-03-19 05:00:00,306.71668634870207,300.63370508038213
2019-03-19 06:00:00,311.0392127367675,302.1646850538915
2019-03-19 08:00:00,315.5107700718203,304.71679718064604
2019-03-19 09:00:00,315.34499595418737,305.289097578757
2019-03-19 17:00:00,294.4586006011728,296.4189359315188
2019-03-19 18:00:00,293.7115183214561,295.9208226608018
2019-03-19 20:00:00,293.2258956039264,295.69052827009256
2019-03-19 21:00:00,292.79662613361756,295.0821748330891
2019-03-20 05:00:00,305.97983371164474,300.68090556986715
2019-03-20 06:00:00,310.12290707721917,302.1489597784904
2019-03-20 08:00:00,313.24175087292497,304.2328227179811
2019-03-20 09:00:00,312.8550941690642,304.51133551693107
2019-03-20 17:00:00,293.0070802897261,294.6251306754231
2019-03-20 18:00:00,291.89690021814664,293.5150313649229
2019-03-20 20:00:00,290.2818496539523,292.1690803375009
2019-03-20 21:00:00,289.3241276910015,291.44926257493506
2019-03-21 05:00:00,306.6230301350034,301.19004774754876
2019-03-21 06:00:00,310.4402840824451,302.36956925825643
2019-03-21 08:00:00,314.86998105747125,304.0470884584683
2019-03-21 09:00:00,315.29622830007406,304.5214858797188
2019-03-21 17:00:00,294.74888716640385,295.9196896545692
2019-03-21 18:00:00,293.7380730110251,295.1358618361557
2019-03-21 20:00:00,292.5863580924153,294.29639607622005
2019-03-21 21:00:00,292.29086061545263,293.81084419803005
2019-03-22 05:00:00,305.5173455519008,300.14445855327307
2019-03-22 06:00:00,309.79709588801734,301.6288246660277
2019-03-22 08:00:00,314.4965840297047,303.31018125184335
2019-03-22 09:00:00,314.32246697518417,303.7418085694864
2019-03-22 17:00:00,293.2774139545364,294.7197349089871
2019-03-22 18:00:00,292.2659462339522,293.9083564887613
2019-03-22 20:00:00,290.4986624225446,292.4545472649102
2019-03-22 21:00:00,289.57002702663056,291.5619714675222
2019-03-23 05:00:00,307.31974268180016,301.01091104516263
2019-03-23 06:00:00,311.9025537523173,302.5023267889978
2019-03-23 08:00:00,316.65085306740684,304.73837435447564
2019-03-23 09:00:00,316.3851890857855,305.2062529106904
2019-03-23 17:00:00,294.46924526408566,295.86616111720105
2019-03-23 18:00:00,293.3365664254352,294.89748242676535
2019-03-23 20:00:00,291.8057273782457,293.8576025353007
2019-03-23 21:00:00,291.4191126419326,293.5426966780323
2019-03-24 05:00:00,307.25791127068237,303.13409376805663
2019-03-24 06:00:00,311.18763149831625,305.04092268510294
2019-03-24 08:00:00,315.59692347545655,307.20081596198185
2019-03-24 09:00:00,315.40782532302546,307.46730833832396
2019-03-24 17:00:00,296.64349969473017,297.3379587840593
2019-03-24 18:00:00,295.0935061885323,295.9858190363104
2019-03-24 20:00:00,293.30306487237726,294.7690466600133
2019-03-24 21:00:00,292.52388517735363,293.928499947711
2019-03-25 05:00:00,306.3103601017792,300.48986092260327
2019-03-25 06:00:00,309.6586951445357,301.8452067323753
2019-03-25 08:00:00,313.77198401217464,304.38613193317997
2019-03-25 09:00:00,313.65432344269124,304.7687842276504
2019-03-25 17:00:00,293.46034501697324,294.6440756963838
2019-03-25 18:00:00,292.5219316526628,293.96577667565487
2019-03-25 20:00:00,290.8438197343118,292.46719151101604
2019-03-25 21:00:00,289.6677046953622,291.5087016712536
2019-03-26 05:00:00,307.3166686823629,300.40469172261714
2019-03-26 06:00:00,311.54368062305895,301.7884376890303
2019-03-26 08:00:00,316.12488618212967,304.25900680001234
2019-03-26 09:00:00,316.2875897329651,304.96572436316535
2019-03-26 17:00:00,293.9779869279435,295.81904077750323
2019-03-26 18:00:00,293.03449346839193,295.19099080654433
2019-03-26 20:00:00,291.1251255029523,293.3386705630733
2019-03-26 21:00:00,290.0714546285903,292.1735572521051
2019-03-27 05:00:00,308.6723674897604,302.5340177891618
2019-03-27 06:00:00,312.7706459644947,303.8710053477706
2019-03-27 08:00:00,318.2412917456017,306.09980606996044
2019-03-27 09:00:00,318.89272156702174,306.7008721538244
2019-03-27 17:00:00,295.32514824301506,297.13920047801156
2019-03-27 18:00:00,293.83178863760503,296.8218640061483
2019-03-27 20:00:00,291.5191385889274,297.6651817286511
2019-03-27 21:00:00,290.79816101732536,294.1545586725597
2019-03-28 05:00:00,312.18516324224015,306.80968297832
2019-03-28 06:00:00,316.2480937563951,308.3734909551353
2019-03-28 08:00:00,320.1356010966014,310.41909110564484
2019-03-28 09:00:00,320.35259682959514,310.9057162010064
2019-03-28 17:00:00,298.3598253106116,300.51405198107517
2019-03-28 18:00:00,297.16967893344776,299.515783724322
2019-03-28 20:00:00,295.0390253522547,298.16056454604137
2019-03-28 21:00:00,294.47584051711164,297.75107937711414
2019-03-29 05:00:00,312.78865592027853,308.51837553191814
2019-03-29 06:00:00,316.67221438462263,309.9270765777729
2019-03-29 08:00:00,321.18445141620373,312.03022476925133
2019-03-29 09:00:00,320.69535623089007,312.21884242264997
2019-03-29 17:00:00,298.9211440358213,300.8089473824288
2019-03-29 18:00:00,297.2962559257707,299.06922740965666
2019-03-29 20:00:00,294.7355388294567,297.08379522714483
2019-03-29 21:00:00,294.0550511011908,296.93531724080464
2019-03-30 05:00:00,312.0432855168183,306.5359710552292
2019-03-30 06:00:00,316.44887597976003,308.73439500805773
2019-03-30 08:00:00,320.2533233125331,310.97895601387205
2019-03-30 09:00:00,320.0561374141182,311.2518419168764
2019-03-30 17:00:00,297.7588883739407,299.45072549076406
2019-03-30 18:00:00,296.7037383845113,298.67741885427705
2019-03-30 20:00:00,295.68759331607674,298.65301008180404
2019-03-30 21:00:00,295.30529599417525,297.88593462692756
2019-03-31 05:00:00,308.81437610220655,304.70448416076573
2019-03-31 06:00:00,313.1652811811591,306.7153988971916
2019-03-31 08:00:00,318.25614223862283,308.71436816481497
2019-03-31 09:00:00,317.70309380059615,308.8766222749543
2019-03-31 17:00:00,296.3633816899798,298.3160179149939
2019-03-31 18:00:00,294.94319839359986,297.2471112455536
2019-03-31 20:00:00,293.0267118621497,295.7332010136914
2019-03-31 21:00:00,292.4011366598779,295.12632337667173
2019-04-01 05:00:00,311.1270571621981,304.26157119351285
2019-04-01 06:00:00,315.60281863455043,305.778460533483
2019-04-01 08:00:00,320.7442280162465,308.43805937921326
2019-04-01 09:00:00,320.1627712396701,308.98749414100126
2019-04-01 17:00:00,296.5303085397682,298.54554682703713
2019-04-01 18:00:00,294.8828064811248,297.2320025051687
2019-04-01 20:00:00,292.1239328252149,294.8947920835992
2019-04-01 21:00:00,291.12598006567345,293.9766593192502
2019-04-02 05:00:00,311.7502990393499,306.3386595127946
2019-04-02 06:00:00,315.9313180273964,307.979403620692
2019-04-02 08:00:00,321.0711063802334,309.88949601418807
2019-04-02 09:00:00,320.98934628526314,310.3310075004589
2019-04-02 17:00:00,297.09181563696256,299.6508904032421
2019-04-02 18:00:00,294.94094023388595,300.0950578122367
2019-04-02 20:00:00,292.34702083546506,299.39204895771894
2019-04-02 21:00:00,291.52480547747734,297.6130700956324
2019-04-03 05:00:00,313.88080687442067,307.9579969738224
2019-04-03 06:00:00,317.79497606838794,309.5407074632924
2019-04-03 08:00:00,320.80629667919845,311.14873044994107
2019-04-03 09:00:00,320.61991348619273,311.4142240926922
2019-04-03 17:00:00,298.4782052297254,300.3425046571047
2019-04-03 18:00:00,296.83163931777557,299.23434906711196
2019-04-03 20:00:00,294.1620195385855,296.86171055868704
2019-04-03 21:00:00,293.28994111471076,295.8035239526781
2019-04-04 05:00:00,314.30103994407716,307.6586098693001
2019-04-04 06:00:00,319.07176681071843,309.7469879761682
2019-04-04 08:00:00,323.64569684279905,311.89940978345595
2019-04-04 09:00:00,323.11313141292345,312.3248029570734
2019-04-04 17:00:00,299.47228444338947,301.35548774707485
2019-04-04 18:00:00,297.4246145286619,302.1753004218104
2019-04-04 20:00:00,294.55381506874306,298.1358629411836
2019-04-04 21:00:00,293.85056668180164,297.33331837235323
2019-04-05 05:00:00,313.84444931806144,309.7849421332172
2019-04-05 06:00:00,318.176723744726,312.0027999290149
2019-04-05 08:00:00,321.30148722173993,313.3305743530462
2019-04-05 09:00:00,318.4109593231248,311.6273555432336
2019-04-05 17:00:00,298.1352768767229,301.90207551036303
2019-04-05 18:00:00,296.4245774044278,299.4115198543884
2019-04-05 20:00:00,295.06109393432814,298.1130384495152
2019-04-05 21:00:00,294.9069563008971,297.7708767977628
2019-04-06 05:00:00,310.6710049668887,306.93563805155463
2019-04-06 06:00:00,314.5707920115608,309.3266730874272
2019-04-06 08:00:00,318.9890548400409,311.83726522624954
2019-04-06 09:00:00,319.32063023077876,312.1923028743139
2019-04-06 17:00:00,301.4024565098649,303.60590006353675
2019-04-06 18:00:00,300.82682936658114,302.9749727175673
2019-04-06 20:00:00,299.6621075881464,301.8830261230469
2019-04-06 21:00:00,299.0533765372584,300.9950730334078
2019-04-07 05:00:00,312.62450772184076,308.4976144799466
2019-04-07 06:00:00,316.47310453864566,310.26281571351507
2019-04-07 08:00:00,319.9072665551043,311.82899068353356
2019-04-07 09:00:00,319.370125722077,311.9035369449845
2019-04-07 17:00:00,299.84922731749265,301.588708251577
2019-04-07 18:00:00,298.8203065046361,300.84979548990634
2019-04-07 20:00:00,296.7678647739311,299.22924198097735
2019-04-07 21:00:00,296.00054625994625,298.17208119349783
2019-04-08 05:00:00,313.1808677638073,308.5477664988654
2019-04-08 06:00:00,316.88919586981024,310.33319639608567
2019-04-08 08:00:00,320.45803924701613,310.98772017797813
2019-04-08 09:00:00,321.2914520169627,311.81546796378444
2019-04-08 17:00:00,299.4705509603115,301.4965777992284
2019-04-08 18:00:00,298.2698359320454,300.50638275851827
2019-04-08 20:00:00,297.4889373309073,300.5160190717465
2019-04-08 21:00:00,295.53929577843616,298.5951113237989
2019-04-09 05:00:00,313.24338513860715,307.03017438468294
2019-04-09 06:00:00,317.50345006158057,309.39497605898345
2019-04-09 08:00:00,321.2059621943164,311.94932539694486
2019-04-09 09:00:00,321.0364041085971,312.3408405791813
2019-04-09 17:00:00,298.58651535904096,300.91207401410827
2019-04-09 18:00:00,297.44815550159046,300.1954525328932
2019-04-09 20:00:00,297.38297167103536,300.5263330727035
2019-04-09 21:00:00,297.19046676471163,300.1403446050565
2019-04-10 05:00:00,312.66923318401507,308.6294843676645
2019-04-10 06:00:00,316.8236457577839,310.6585772357112
2019-04-10 08:00:00,320.5004797466731,311.9511878861485
2019-04-10 09:00:00,320.8255545170906,312.2742417721976
2019-04-10 17:00:00,301.2007441351704,302.8221600360606
2019-04-10 18:00:00,300.04138684382974,301.6620534417809
2019-04-10 20:00:00,298.17341470351016,301.17981420202506
2019-04-10 21:00:00,297.7106062032409,300.2172719664493
2019-04-11 05:00:00,316.8723121020019,308.32412886656306
2019-04-11 06:00:00,321.3097529242329,310.55926494862894
2019-04-11 08:00:00,322.65291147570025,312.71454847244706
2019-04-11 09:00:00,321.71712473911936,312.89195216198
2019-04-11 17:00:00,301.12291464783567,303.0807141743382
2019-04-11 18:00:00,300.1027376383589,302.12672193906343
2019-04-11 20:00:00,299.2509595638798,301.4962977569533
2019-04-11 21:00:00,298.5933123149196,300.46901452486253
2019-04-12 05:00:00,314.63383987027066,309.02704377020086
2019-04-12 06:00:00,318.02697032111456,310.2922654115181
2019-04-12 08:00:00,323.2084837503536,311.1499010506323
2019-04-12 09:00:00,324.11061437104263,311.7825772560249
2019-04-12 17:00:00,300.6995361751327,302.2197508025794
2019-04-12 18:00:00,299.2284342056063,300.93150404825786
2019-04-12 20:00:00,296.32735418428445,298.66814534285766
2019-04-12 21:00:00,295.1022458539354,297.30301451132004
2019-04-13 05:00:00,313.44679135644384,308.07571086677825
2019-04-13 06:00:00,317.65432755715676,309.7564061757045
2019-04-13 08:00:00,322.7654323019489,311.2929085377368
2019-04-13 09:00:00,323.0543125663957,311.7457400470375
2019-04-13 17:00:00,300.601438548789,302.27081646794346
2019-04-13 18:00:00,299.47375034514494,301.0900841053168
2019-04-13 20:00:00,297.1802812526333,298.967005725267
2019-04-13 21:00:00,295.6890567021304,297.86820722912057
2019-04-14 05:00:00,314.55152218294074,308.1461252409431
2019-04-14 06:00:00,318.7836958028503,309.7277995199195
2019-04-14 08:00:00,322.98304983647466,311.1723061959805
2019-04-14 09:00:00,323.3019717411929,311.59427773309596
2019-04-14 17:00:00,299.64178107075037,301.9199518283086
2019-04-14 18:00:00,298.0978480311131,302.2264524674379
2019-04-14 20:00:00,295.5854166321835,300.2853713542545
2019-04-14 21:00:00,294.71455181104193,298.12978578164876
2019-04-15 05:00:00,313.7603116968564,307.56562687619623
2019-04-15 06:00:00,318.30255467865976,309.5332610566737
2019-04-15 08:00:00,322.7925993885575,311.58191604496704
2019-04-15 09:00:00,322.3357622002601,312.2101434786992
2019-04-15 17:00:00,301.5951496706171,302.1942554350443
2019-04-15 18:00:00,300.87975060884685,301.3552119368214
2019-04-15 20:00:00,299.1388379113149,299.4259983291979
2019-04-15 21:00:00,297.51681335167086,298.2222161902852
2019-04-16 05:00:00,312.8279717773062,304.9421611721233
2019-04-16 06:00:00,316.5244754973472,306.16164528680696
2019-04-16 08:00:00,311.6824197872027,303.6843245731113
2019-04-16 09:00:00,312.4764868643692,304.6356348352183
2019-04-16 17:00:00,294.1113999518114,294.8156350581047
2019-04-16 18:00:00,293.7379880179242,294.7746697706508
2019-04-16 20:00:00,292.00228846569087,292.3732222687849
2019-04-16 21:00:00,291.92995117845817,292.16128166210484
2019-04-17 05:00:00,304.5976662422733,298.2831076694013
2019-04-17 06:00:00,307.70281032568136,299.81581560084925
2019-04-17 08:00:00,309.64454338179536,301.2301639739097
2019-04-17 09:00:00,309.0859721085324,301.37388302842714
2019-04-17 17:00:00,294.4663519484604,295.16899449799575
2019-04-17 18:00:00,294.3949719680292,294.8547726999997
2019-04-17 20:00:00,292.6434890911649,292.8148854024972
2019-04-17 21:00:00,292.1121180788578,292.41369730004544
2019-04-18 05:00:00,307.7781248166124,299.7411507957705
2019-04-18 06:00:00,311.25056288238665,301.0102164763699
2019-04-18 08:00:00,312.0030349943047,302.43826411501465
2019-04-18 09:00:00,313.10352032724626,303.49523937536867
2019-04-18 17:00:00,294.63447674250193,295.33574388501086
2019-04-18 18:00:00,293.7666763282153,294.50822211267035
2019-04-18 20:00:00,292.61309473540274,293.7969578300676
2019-04-18 21:00:00,291.92793894622287,293.09856392459255
2019-04-19 05:00:00,307.85781350157845,299.74317544193593
2019-04-19 06:00:00,311.1162735949313,301.25525069273493
2019-04-19 08:00:00,314.16964448949403,303.6957995821772
2019-04-19 09:00:00,314.0390669436227,304.2229762378569
2019-04-19 17:00:00,295.2168939998962,296.71212295978944
2019-04-19 18:00:00,294.06812978782716,295.7069730361915
2019-04-19 20:00:00,292.00887882838083,293.9652486604241
2019-04-19 21:00:00,291.2161312250217,293.141011900821
2019-04-20 05:00:00,311.7937870819139,303.2344880184885
2019-04-20 06:00:00,315.1916032976289,304.6600611940922
2019-04-20 08:00:00,318.164462825734,306.81141387516254
2019-04-20 09:00:00,318.09836248036345,307.3543313941897
2019-04-20 17:00:00,296.99485997463046,299.3975234068414
2019-04-20 18:00:00,295.1952527579615,299.83774831151743
2019-04-20 20:00:00,292.9792666442589,297.4343347769856
2019-04-20 21:00:00,292.28048508560346,296.5288775051687
2019-04-21 05:00:00,312.35430522618935,306.9149284186459
2019-04-21 06:00:00,314.95002231686067,308.1815268306409
2019-04-21 08:00:00,317.4611075567354,309.535734720333
2019-04-21 09:00:00,318.00673528591915,310.01310788758553
2019-04-21 17:00:00,299.74435507094,301.6775110418147
2019-04-21 18:00:00,298.6194595548515,300.8402181898685
2019-04-21 20:00:00,297.7094512845409,300.2464758310186
2019-04-21 21:00:00,297.31254697544,299.5408292749814
2019-04-22 05:00:00,313.5063502895079,308.2534646855665
2019-04-22 06:00:00,316.9545393886478,309.95385006285966
2019-04-22 08:00:00,321.2947689344409,312.1194272974423
2019-04-22 09:00:00,320.99993017164326,312.19190990759523
2019-04-22 17:00:00,300.5761770474709,302.4559419276351
2019-04-22 18:00:00,299.317867425998,301.3654004113149
2019-04-22 20:00:00,298.91499500245277,301.6083088361978
2019-04-22 21:00:00,298.7133528558058,301.23745826286233
2019-04-23 05:00:00,315.15898804745433,310.1244434421346
2019-04-23 06:00:00,318.7493579317866,311.693352556743
2019-04-23 08:00:00,322.3507551478311,313.3827502187485
2019-04-23 09:00:00,322.56377825861904,313.68690862200117
2019-04-23 17:00:00,303.4329106546881,305.1951265026498
2019-04-23 18:00:00,302.58713955871866,304.47911078830714
2019-04-23 20:00:00,300.44504609423905,302.69526512486914
2019-04-23 21:00:00,299.8338292478964,302.03077951675203
2019-04-24 05:00:00,315.52623735848124,310.2176978724029
2019-04-24 06:00:00,319.2016000380318,311.77659054419655
2019-04-24 08:00:00,323.21038498606634,313.36342389263984
2019-04-24 09:00:00,323.8753189298515,313.8209176790916
2019-04-24 17:00:00,303.53840928746297,305.250698965393
2019-04-24 18:00:00,302.88636389498726,304.62072074431666
2019-04-24 20:00:00,301.4622303355824,303.1965911818212
2019-04-24 21:00:00,300.8272088613643,302.495039294791
2019-04-25 05:00:00,315.16029816379165,309.03666256756185
2019-04-25 06:00:00,319.04914905330617,310.8168415369348
2019-04-25 08:00:00,321.9870337675826,312.81650485610373
2019-04-25 09:00:00,321.3835338245739,313.08578359548045
2019-04-25 17:00:00,301.84750133449757,303.38513096602196
2019-04-25 18:00:00,301.0201572835537,302.6139711870802
2019-04-25 20:00:00,300.02774607418866,301.7704456252934
2019-04-25 21:00:00,299.4132108291603,300.9849377883418
2019-04-26 05:00:00,319.8756808147225,309.8779323207579
2019-04-26 06:00:00,323.49471523949103,311.25845536759533
2019-04-26 08:00:00,323.80953593908,312.8657177894251
2019-04-26 09:00:00,323.1984009823557,313.17024188636816
2019-04-26 17:00:00,301.6465633727369,303.15892176929356
2019-04-26 18:00:00,300.181804639349,301.891800961252
2019-04-26 20:00:00,298.2240393216878,300.80614587816143
2019-04-26 21:00:00,297.4545307130035,300.0869462728868
2019-04-27 05:00:00,317.4801092632747,310.3002883370375
2019-04-27 06:00:00,322.0070229928556,311.477486797033
2019-04-27 08:00:00,326.2365838096395,313.5950731180482
2019-04-27 09:00:00,325.6169849742543,313.94104965515606
2019-04-27 17:00:00,301.8526462972256,303.4230451774891
2019-04-27 18:00:00,300.109479225288,301.8398654743777
2019-04-27 20:00:00,297.4864704384826,299.77681999030204
2019-04-27 21:00:00,296.5592141408583,298.9789442347452
2019-04-28 05:00:00,317.2543403848845,310.56209184502603
2019-04-28 06:00:00,320.93210487777174,311.8282575798329
2019-04-28 08:00:00,326.2911689182275,313.54290355335587
2019-04-28 09:00:00,326.3227704346456,314.0116548934961
2019-04-28 17:00:00,301.7693771809018,303.40008624860064
2019-04-28 18:00:00,299.77692165286595,303.3591969259347
2019-04-28 20:00:00,297.015075401459,300.2994050200805
2019-04-28 21:00:00,296.15106857135225,300.9947980225362
2019-04-29 05:00:00,317.3380945849309,310.62516093437773
2019-04-29 06:00:00,321.10738009554217,312.05848653878564
2019-04-29 08:00:00,325.6838456023089,313.64942544193593
2019-04-29 09:00:00,325.50315384357845,314.0575509328504
2019-04-29 17:00:00,302.77983989039626,304.51561232744643
2019-04-29 18:00:00,301.8686375316743,303.7978867353019
2019-04-29 20:00:00,300.5038144386421,302.6195895014265
2019-04-29 21:00:00,299.8518697682809,301.9733186319172
2019-04-30 05:00:00,314.88709208484056,309.82532406000223
2019-04-30 06:00:00,318.3439927534624,311.37206109609735
2019-04-30 08:00:00,321.53080413301115,313.12731425751156
2019-04-30 09:00:00,321.5426407448133,313.5494069950239
2019-04-30 17:00:00,302.2332805992091,304.0108493987144
2019-04-30 18:00:00,301.45383896555853,303.3327444396879
2019-04-30 20:00:00,300.47618728426096,302.4435585386397
2019-04-30 21:00:00,299.8967103649545,301.8087381559822
2019-05-01 05:00:00,315.33561527857614,309.8068536602661
2019-05-01 06:00:00,319.405892887909,311.06533521937297
2019-05-01 08:00:00,323.6782895692141,312.64849590189834
2019-05-01 09:00:00,323.44418974466424,312.93799298349626
2019-05-01 17:00:00,301.57702248783437,303.2480813659762
2019-05-01 18:00:00,300.22472415683086,302.05686367605057
2019-05-01 20:00:00,298.4588407683997,300.8982191041732
2019-05-01 21:00:00,298.15226872566114,300.5366431472849
2019-05-02 05:00:00,315.3298748468949,309.14740498076964
2019-05-02 06:00:00,319.63901466875126,310.9193459203688
2019-05-02 08:00:00,324.40459692533284,312.391972499195
2019-05-02 09:00:00,323.91400144133246,312.64284589441246
2019-05-02 17:00:00,301.87800955515246,303.4009292202848
2019-05-02 18:00:00,300.6283756015113,302.2793835373983
2019-05-02 20:00:00,299.081449417561,301.16448480873515
2019-05-02 21:00:00,298.52821467653814,300.41870862493533
2019-05-03 05:00:00,316.05402753973965,308.79441765313527
2019-05-03 06:00:00,319.2664500091035,310.044397080808
2019-05-03 08:00:00,323.4094126132677,310.90004352869346
2019-05-03 09:00:00,321.53890716129536,310.6258436770211
2019-05-03 17:00:00,301.1729603724781,302.00122549941625
2019-05-03 18:00:00,300.2180557368533,301.2464290201572
2019-05-03 20:00:00,298.1724077644995,299.2864612879114
2019-05-03 21:00:00,297.3558016690341,298.6222802207724
2019-05-04 05:00:00,317.45820991504354,307.9107586077439
2019-05-04 06:00:00,321.70563844466244,309.37942617736724
2019-05-04 08:00:00,324.82008853201137,310.8861652250834
2019-05-04 09:00:00,323.06683725789077,310.8751078460176
2019-05-04 17:00:00,300.51842231926827,302.1951918168502
2019-05-04 18:00:00,299.36811153840944,301.36269403348905
2019-05-04 20:00:00,296.91089617195775,300.5967923298088
2019-05-04 21:00:00,295.66012197062486,298.68038032896163
2019-05-05 05:00:00,317.7068625804272,309.2250886514484
2019-05-05 06:00:00,320.7262545734047,310.44210787216207
2019-05-05 08:00:00,324.01047923789,311.9690599250499
2019-05-05 09:00:00,323.67437751193995,312.30337094158534
2019-05-05 17:00:00,301.3091077055145,303.04625942894415
2019-05-05 18:00:00,300.65748203553846,302.74941889640917
2019-05-05 20:00:00,299.84606169478735,302.0900555626821
2019-05-05 21:00:00,299.1940340297799,301.31619709408704
2019-05-06 05:00:00,314.29945545167146,309.35087543129004
2019-05-06 06:00:00,317.4035571881546,310.9592371207357
2019-05-06 08:00:00,320.6109718358021,312.4112664503383
2019-05-06 09:00:00,320.73229087041966,312.62450316066185
2019-05-06 17:00:00,301.9289858073042,303.8855620209352
2019-05-06 18:00:00,301.1926977454422,303.3724603403147
2019-05-06 20:00:00,300.61213719348876,302.95949024265093
2019-05-06 21:00:00,300.3990311820996,302.77670760661687
2019-05-07 05:00:00,313.49913631492115,309.0161315964991
2019-05-07 06:00:00,316.69051907720115,310.80206277668015
2019-05-07 08:00:00,320.2940028915053,312.689119806275
2019-05-07 09:00:00,320.6071926404956,312.9243619239937
2019-05-07 17:00:00,302.36678726831093,304.3475741958031
2019-05-07 18:00:00,301.85258331063716,303.9894202045741
2019-05-07 20:00:00,301.5884414931475,303.76919019607993
2019-05-07 21:00:00,301.2920799549262,303.11801822233275
2019-05-08 05:00:00,312.67482883353455,308.0406629330205
2019-05-08 06:00:00,315.8400119258369,309.85915848507165
2019-05-08 08:00:00,319.98147940378533,312.04806657270956
2019-05-08 09:00:00,320.6431014379845,312.4252250918255
2019-05-08 17:00:00,302.9140589498041,304.39969718474634
2019-05-08 18:00:00,302.25168622550314,303.8238593102971
2019-05-08 20:00:00,301.1395777157164,302.8208688932869
2019-05-08 21:00:00,300.7034551211976,302.2404064301901
2019-05-09 05:00:00,311.8015702163861,307.074522679686
2019-05-09 06:00:00,314.7271498340672,308.5757085391663
2019-05-09 08:00:00,318.93222532580927,310.8390414527458
2019-05-09 09:00:00,319.4894299147125,311.1970793690263
2019-05-09 17:00:00,301.45763205600264,302.953494102819
2019-05-09 18:00:00,300.81644017670664,302.39487256254364
2019-05-09 20:00:00,299.664743878992,301.2298334530212
2019-05-09 21:00:00,299.06540540039816,300.59632878237403
2019-05-10 05:00:00,311.8219592031235,305.89824068748345
2019-05-10 06:00:00,315.4904424493963,307.55843027640935
2019-05-10 08:00:00,320.20794757672564,309.8216786200901
2019-05-10 09:00:00,320.5025150669374,310.21355211349044
2019-05-10 17:00:00,301.5210204278743,302.417642555178
2019-05-10 18:00:00,300.57760211021764,301.6619912545744
2019-05-10 20:00:00,299.15417085480067,300.4899809944611
2019-05-10 21:00:00,298.5322476755856,299.9513371824667
2019-05-11 05:00:00,312.7947931039866,306.5050143343274
2019-05-11 06:00:00,317.1458616095074,308.10650876931305
2019-05-11 08:00:00,323.70061404752806,310.3735662145865
2019-05-11 09:00:00,323.7120757492371,310.8675250037242
2019-05-11 17:00:00,303.8540932724399,304.19982679746187
2019-05-11 18:00:00,302.48183708014585,302.99649332337464
2019-05-11 20:00:00,299.7240979822097,301.0188940251002
2019-05-11 21:00:00,298.87225146653657,300.23815854488424
2019-05-12 05:00:00,316.2221988625078,308.23795383259403
2019-05-12 06:00:00,319.53956124374787,309.6137026888196
2019-05-12 08:00:00,321.61695243471024,310.2392961358069
2019-05-12 09:00:00,321.5412892957314,310.8060857834544
2019-05-12 17:00:00,302.2199331792,302.96009807851175
2019-05-12 18:00:00,301.20220984883593,302.09962503348004
2019-05-12 20:00:00,299.6472616092817,300.8200543937037
2019-05-12 21:00:00,299.09819592680145,300.1951071293953
2019-05-13 05:00:00,315.1817184001529,307.52966875214423
2019-05-13 06:00:00,318.2487401271638,308.722291614315
2019-05-13 08:00:00,321.67201975865066,310.4835712685607
2019-05-13 09:00:00,320.79355874083626,310.6742191402865
2019-05-13 17:00:00,301.3285685628882,301.81186482057734
2019-05-13 18:00:00,300.54107360369625,301.1222063014614
2019-05-13 20:00:00,298.9427926132602,300.40478630830034
2019-05-13 21:00:00,297.85014199843215,299.3420611647502
2019-05-14 05:00:00,314.9711491565675,308.00935603584094
2019-05-14 06:00:00,318.848067861125,309.84830986222795
2019-05-14 08:00:00,321.5079784892924,310.8024870368476
2019-05-14 09:00:00,321.2744640708889,311.29283212623534
2019-05-14 17:00:00,302.10467700928865,303.4863209540745
2019-05-14 18:00:00,301.54619658342307,302.80125220347264
2019-05-14 20:00:00,299.86981398666217,301.4443362666573
2019-05-14 21:00:00,298.628404238191,300.12650798685934
2019-05-15 05:00:00,312.2574879744755,306.70291892405834
2019-05-15 06:00:00,315.9250555758484,308.7313315181409
2019-05-15 08:00:00,321.505018049102,310.8169875181695
2019-05-15 09:00:00,321.6367791738642,311.6602270893397
2019-05-15 17:00:00,301.559247667874,302.8910013207669
2019-05-15 18:00:00,300.5461084868397,301.9052853106718
2019-05-15 20:00:00,298.71983041160837,300.1643645487875
2019-05-15 21:00:00,297.98709379175597,299.502118761624
2019-05-16 05:00:00,314.8348127932321,307.36654674841554
2019-05-16 06:00:00,318.5218767069154,308.8698489713742
2019-05-16 08:00:00,317.54491157708077,308.77328462997457
2019-05-16 09:00:00,317.5001069055683,309.16414210902894
2019-05-16 17:00:00,302.1513113718371,302.9844646718359
2019-05-16 18:00:00,301.22985270871953,302.2601557938821
2019-05-16 20:00:00,299.4612527856107,299.5518051170972
2019-05-16 21:00:00,298.71572464530016,299.02659684520654
2019-05-17 05:00:00,312.64731552053496,305.51054330599516
2019-05-17 06:00:00,315.86701812509034,307.273808436695
2019-05-17 08:00:00,316.84428838368376,308.8291183730303
2019-05-17 09:00:00,316.4850682051414,308.92151158689904
2019-05-17 17:00:00,300.5270878067369,300.8024875540947
2019-05-17 18:00:00,299.5868792658778,299.8847119723704
2019-05-17 20:00:00,296.9670511489656,297.2073202735654
2019-05-17 21:00:00,296.1121659007021,296.54604820404285
2019-05-18 05:00:00,311.6502071668628,304.242512472238
2019-05-18 06:00:00,314.70592445879026,305.76017098213754
2019-05-18 08:00:00,318.0749701454386,307.7157266202436
2019-05-18 09:00:00,317.3014718689059,308.00957186894357
2019-05-18 17:00:00,300.00263203531273,300.871213939414
2019-05-18 18:00:00,299.0547686607702,300.0530976470336
2019-05-18 20:00:00,296.77133733576,298.60911555356347
2019-05-18 21:00:00,295.8483540868539,298.571215237234
2019-05-19 05:00:00,316.23382587168356,306.83442814948927
2019-05-19 06:00:00,319.84398776908137,308.1440230782484
2019-05-19 08:00:00,321.7787957566178,310.06536611313084
2019-05-19 09:00:00,321.85489176087464,310.53052406722486
2019-05-19 17:00:00,301.84105359093616,302.792070385855
2019-05-19 18:00:00,301.220435896346,302.2696071677657
2019-05-19 20:00:00,299.3591861577909,300.69568066236974
2019-05-19 21:00:00,298.38999692096917,299.6135886593482
2019-05-20 05:00:00,316.4654255354166,308.3146129308387
2019-05-20 06:00:00,320.20474894425166,309.52284506399576
2019-05-20 08:00:00,321.6286806597364,310.64448904733996
2019-05-20 09:00:00,321.71580519477834,311.03382913504254
2019-05-20 17:00:00,302.27478104930816,303.06537297841027
2019-05-20 18:00:00,301.0396698891474,301.94941699670176
2019-05-20 20:00:00,299.0849340406515,301.21602027552154
2019-05-20 21:00:00,298.15120474840353,300.6242886441882
2019-05-21 05:00:00,317.7847880641191,309.22036717301705
2019-05-21 06:00:00,321.3866141015098,310.38526098313065
2019-05-21 08:00:00,323.2206717845288,311.5285037941485
2019-05-21 09:00:00,323.2340086244839,311.974578763377
2019-05-21 17:00:00,301.57395942111964,302.45361100066054
2019-05-21 18:00:00,301.1178641062121,301.87596431314853
2019-05-21 20:00:00,300.16717602181694,301.19570184598905
2019-05-21 21:00:00,299.3676258433949,300.5900584780748
2019-05-22 05:00:00,316.5885863458431,308.794929186993
2019-05-22 06:00:00,319.7272006888603,310.0235431829843
2019-05-22 08:00:00,321.80144661784357,311.2497810399037
2019-05-22 09:00:00,320.3351189094626,311.31012980926937
2019-05-22 17:00:00,301.8893970083933,303.48890664875057
2019-05-22 18:00:00,301.50948720499986,302.59873882464154
2019-05-22 20:00:00,300.30473527482184,301.7071011253792
2019-05-22 21:00:00,299.78144006479323,301.3302051561823
2019-05-23 05:00:00,314.28548213917594,309.2522358475554
2019-05-23 06:00:00,317.55408039298743,310.5998565955963
2019-05-23 08:00:00,321.11676359250106,312.6002121794573
2019-05-23 09:00:00,319.82585494360313,312.44007821810453
2019-05-23 17:00:00,302.959252308991,304.44051886560004
2019-05-23 18:00:00,302.3793217169669,304.05875992738225
2019-05-23 20:00:00,301.7727202663804,303.669001339764
2019-05-23 21:00:00,301.1008459482061,302.99262680735535
2019-05-24 05:00:00,315.31816467849427,309.3084389755649
2019-05-24 06:00:00,318.13001835474796,310.5085504470144
2019-05-24 08:00:00,319.7053757771872,311.1670377287549
2019-05-24 09:00:00,319.22861970922065,311.3439095942375
2019-05-24 17:00:00,301.96566871208114,302.06469907598984
2019-05-24 18:00:00,300.85930453684006,301.21197387507226
2019-05-24 20:00:00,299.7616361080223,301.06006421293426
2019-05-24 21:00:00,298.87115165816255,300.1187218429495
2019-05-25 05:00:00,317.586811976734,308.85714289073036
2019-05-25 06:00:00,319.57329649844417,309.9675954104572
2019-05-25 08:00:00,321.17403142661635,311.55109432555497
2019-05-25 09:00:00,321.1066943199499,311.9451737837358
2019-05-25 17:00:00,301.3234850585185,303.25188501296316
2019-05-25 18:00:00,299.6173470472151,302.06207891384884
2019-05-25 20:00:00,297.6980324438063,301.4564929603612
2019-05-25 21:00:00,297.04569292582795,301.2091360224414
2019-05-26 05:00:00,317.1304894257767,310.37052593025476
2019-05-26 06:00:00,320.0779068627968,311.9360392472043
2019-05-26 08:00:00,321.8803694949863,313.41312571850324
2019-05-26 09:00:00,321.70885188921204,313.71467966511733
2019-05-26 17:00:00,303.69411022968035,305.4024235236076
2019-05-26 18:00:00,302.8834792785174,304.8073932195114
2019-05-26 20:00:00,302.5184702351574,304.48873304181916
2019-05-26 21:00:00,302.0542401282923,303.8597283032716
2019-05-27 05:00:00,316.31657275653953,310.61068894866804
2019-05-27 06:00:00,319.5688688163581,312.3024889882798
2019-05-27 08:00:00,323.8573244914803,313.9620402707892
2019-05-27 09:00:00,324.17121816673335,314.40926136551724
2019-05-27 17:00:00,304.0737211583024,305.784039466517
2019-05-27 18:00:00,303.2344045301064,305.08230611980423
2019-05-27 20:00:00,301.22249940657656,303.43769001777076
2019-05-27 21:00:00,300.5688126010043,302.74198767804586
2019-05-28 05:00:00,317.62044044341815,310.8257893942905
2019-05-28 06:00:00,321.1364384020789,312.5467342852811
2019-05-28 08:00:00,324.7441153739377,314.08014033571783
2019-05-28 09:00:00,325.53972516405196,314.6215517487842
2019-05-28 17:00:00,304.8081553360715,306.1191748808639
2019-05-28 18:00:00,303.6023012463962,305.07175752378214
2019-05-28 20:00:00,302.69888735919596,304.92326103410295
2019-05-28 21:00:00,302.29430524593874,304.2759937115921
2019-05-29 05:00:00,317.3344083060101,311.6616538684063
2019-05-29 06:00:00,320.7048463983051,313.397374298613
2019-05-29 08:00:00,324.6082930131392,314.9139254060108
2019-05-29 09:00:00,324.722199591356,315.1543757081583
2019-05-29 17:00:00,304.61197649422337,305.97589494561197
2019-05-29 18:00:00,303.6476698583006,305.29130690564364
2019-05-29 20:00:00,302.4426404720829,304.54145077086747
2019-05-29 21:00:00,302.0144208958043,304.1271241456959
2019-05-30 05:00:00,316.79815227114733,311.610981592963
2019-05-30 06:00:00,320.50986580635623,313.4181993951783
2019-05-30 08:00:00,323.6410442052526,314.7377243159549
2019-05-30 09:00:00,324.30104911345734,314.9810010442749
2019-05-30 17:00:00,304.1792742195776,305.65071823049584
2019-05-30 18:00:00,303.45086192643885,305.2898624226198
2019-05-30 20:00:00,302.86038958016087,305.05775162472014
2019-05-30 21:00:00,302.813100030132,304.9277031755962
2019-05-31 05:00:00,317.0746075552308,311.66467611962366
2019-05-31 06:00:00,320.6489790812112,313.1617550607455
2019-05-31 08:00:00,324.3932962285352,314.48616072503376
2019-05-31 09:00:00,325.1543611782174,314.89344046993875
2019-05-31 17:00:00,305.19225944906987,306.52181195698466
2019-05-31 18:00:00,303.8862883298901,305.65610771002866
2019-05-31 20:00:00,302.92917307426086,305.1773405618771
2019-05-31 21:00:00,302.6762469839793,304.89960965243256
2019-06-01 05:00:00,317.1318591430852,311.96601254032646
2019-06-01 06:00:00,320.39255176890975,313.50469361762237
2019-06-01 08:00:00,323.22573974797467,315.5307749085507
2019-06-01 09:00:00,322.6268727165892,315.40868463501545
2019-06-01 17:00:00,306.2311011315862,307.7731800520181
2019-06-01 18:00:00,305.49339767009343,307.14775365232873
2019-06-01 20:00:00,304.6565301598312,306.0694881021885
2019-06-01 21:00:00,304.26771846353915,305.66444704969786
2019-06-02 05:00:00,316.36229297890685,311.5266156071691
2019-06-02 06:00:00,320.03707855177583,313.6215377596016
2019-06-02 08:00:00,324.3816366798154,316.2685007762468
2019-06-02 09:00:00,324.42881196526054,316.5271952060412
2019-06-02 17:00:00,307.05547507922347,308.685437970977
2019-06-02 18:00:00,306.1717523889292,307.766348370051
2019-06-02 20:00:00,305.40821088370626,307.0564222997069
2019-06-02 21:00:00,304.99788340140935,306.5886130310905
2019-06-03 05:00:00,316.1596789720062,311.7116634327752
2019-06-03 06:00:00,319.619907208694,313.76179723048983
2019-06-03 08:00:00,322.7509000569536,316.00639075233687
2019-06-03 09:00:00,322.15776130194297,316.1463895306933
2019-06-03 17:00:00,307.344009493459,308.9013793428066
2019-06-03 18:00:00,306.5999545433856,308.13081112995354
2019-06-03 20:00:00,305.5884174176468,307.23460823141374
2019-06-03 21:00:00,305.17770855966813,306.85476543502926
2019-06-04 05:00:00,315.4628214079353,310.77957393134875
2019-06-04 06:00:00,318.82800278862015,312.8295037221101
2019-06-04 08:00:00,323.3789701300152,315.7947452351199
2019-06-04 09:00:00,322.63625616652575,315.6578682075112
2019-06-04 17:00:00,306.47442876172175,307.8872131911926
2019-06-04 18:00:00,305.7484665504773,307.1000457904739
2019-06-04 20:00:00,305.2033659195863,306.5579691741426
2019-06-04 21:00:00,304.9503657219039,306.1883366706742
2019-06-05 05:00:00,315.2943072208822,310.00002978873
2019-06-05 06:00:00,318.59084074375994,311.79340664668155
2019-06-05 08:00:00,323.3609802293117,314.58206367198784
2019-06-05 09:00:00,323.8062567571279,315.1112296129412
2019-06-05 17:00:00,306.08174215590094,307.25340863479124
2019-06-05 18:00:00,305.15066530671436,306.44947316503306
2019-06-05 20:00:00,304.2718992306749,305.67856690769753
2019-06-05 21:00:00,304.00579081624977,305.24151547847805
2019-06-06 05:00:00,316.2708740234375,311.4512188974624
2019-06-06 06:00:00,319.9917774641275,313.2383963609881
2019-06-06 08:00:00,324.00450672684536,315.21670278305265
2019-06-06 09:00:00,324.93431643822527,315.7649043102294
2019-06-06 17:00:00,306.083709928398,307.2981023803147
2019-06-06 18:00:00,305.00188743461996,306.31832732919185
2019-06-06 20:00:00,303.89200369859884,305.5500207322037
2019-06-06 21:00:00,303.1011093210182,304.7076733652359
2019-06-07 05:00:00,319.91144767490846,312.3291556383318
2019-06-07 06:00:00,321.4868590556234,313.1187314825543
2019-06-07 08:00:00,329.0589935349757,315.4267335959318
2019-06-07 09:00:00,329.35153637902215,315.95987711996077
2019-06-07 17:00:00,305.68143802872055,306.99357273472106
2019-06-07 18:00:00,303.96870974877214,305.5986973038072
2019-06-07 20:00:00,300.87869246237454,305.6705725013016
2019-06-07 21:00:00,299.78040314896265,304.5834448627772
2019-06-08 05:00:00,319.06595579832106,312.67913275249936
2019-06-08 06:00:00,323.1124262405654,314.14660806758747
2019-06-08 08:00:00,328.49237737670336,315.61475963621916
2019-06-08 09:00:00,328.8158574038184,316.1481994017614
2019-06-08 17:00:00,305.4667653934614,307.1183830461076
2019-06-08 18:00:00,304.1698030962599,306.1228724451756
2019-06-08 20:00:00,301.94380270277594,304.08346026263365
2019-06-08 21:00:00,301.28993342653814,303.5704569059822
2019-06-09 05:00:00,318.996090999186,313.1800053953574
2019-06-09 06:00:00,323.0321308953002,314.983510186382
2019-06-09 08:00:00,328.5700250751983,317.1688575450739
2019-06-09 09:00:00,328.6637427942779,317.4697316174147
2019-06-09 17:00:00,307.5316948795172,308.9333786222344
2019-06-09 18:00:00,306.8824532483869,308.28909558030233
2019-06-09 20:00:00,305.37668716595243,306.82096413728453
2019-06-09 21:00:00,304.73459845074154,306.1368002634386
2019-06-10 05:00:00,316.84054711199326,311.92983597342516
2019-06-10 06:00:00,320.1190253494333,313.72502606455095
2019-06-10 08:00:00,324.2748491378337,316.190432838005
2019-06-10 09:00:00,324.78541668390824,316.57120540953935
2019-06-10 17:00:00,307.2556968418586,308.4298711697383
2019-06-10 18:00:00,306.4496814745417,307.69582579720003
2019-06-10 20:00:00,305.40627398145585,306.57991530972384
2019-06-10 21:00:00,304.8433923236394,305.9762030602971
2019-06-11 05:00:00,315.49760538110013,310.11314321556154
2019-06-11 06:00:00,318.75083201545044,311.8756903132599
2019-06-11 08:00:00,322.2341477169278,313.93534063447976
2019-06-11 09:00:00,322.96448550936987,314.46126310704125
2019-06-11 17:00:00,306.1140198553288,306.67217439201835
2019-06-11 18:00:00,305.271313448349,306.1254485472693
2019-06-11 20:00:00,303.88542342222706,305.42102391694107
2019-06-11 21:00:00,303.40908926330474,305.0048669424189
2019-06-12 05:00:00,318.6288185766188,311.680922333375
2019-06-12 06:00:00,322.6142792547429,313.108561534911
2019-06-12 08:00:00,324.0497571713017,314.1391405008607
2019-06-12 09:00:00,324.00744029369855,314.4962721297113
2019-06-12 17:00:00,306.2047638503723,305.8630261061188
2019-06-12 18:00:00,304.43764177272425,305.7865167509059
2019-06-12 20:00:00,304.4641304897784,304.63888495728855
2019-06-12 21:00:00,303.95415483894993,303.7124002512505
2019-06-13 05:00:00,308.74802776036904,304.64246219111885
2019-06-13 06:00:00,311.93514349280593,306.08369561005816
2019-06-13 08:00:00,310.04290280099644,304.88850903621255
2019-06-13 09:00:00,310.82931509150194,305.3175442641248
2019-06-13 17:00:00,300.1915497155329,300.504617417722
2019-06-13 18:00:00,299.4411168267437,300.7275853561143
2019-06-13 20:00:00,299.4038590723635,300.4233733707657
2019-06-13 21:00:00,298.9670993705009,299.98034926592294
2019-06-14 05:00:00,306.3239845311146,303.67984121642974
2019-06-14 06:00:00,313.10696871952945,306.6812382537888
2019-06-14 08:00:00,317.8596258883484,309.96567237983317
2019-06-14 09:00:00,317.922370804844,310.4215837898901
2019-06-14 17:00:00,303.3119902294847,304.05766256417627
2019-06-14 18:00:00,302.74852751509985,303.83995961334745
2019-06-14 20:00:00,302.64890156468186,304.14841227244887
2019-06-14 21:00:00,302.74231265028385,303.8945573944892
2019-06-15 05:00:00,311.7884522659936,307.0306602207648
2019-06-15 06:00:00,313.2520044500178,307.8763081884164
2019-06-15 08:00:00,316.9280120896631,309.51051904240444
2019-06-15 09:00:00,318.9612659519002,310.6107369115797
2019-06-15 17:00:00,304.13238266767087,304.7935519931129
2019-06-15 18:00:00,303.69662562577497,304.3583341342826
2019-06-15 20:00:00,303.06918259725,303.5747147194227
2019-06-15 21:00:00,302.8031283291903,303.05948132248983
2019-06-16 05:00:00,309.2574359206095,304.99401112513846
2019-06-16 06:00:00,311.6357304553956,306.1193222022388
2019-06-16 08:00:00,313.23548179120974,307.16056384070447
2019-06-16 09:00:00,314.29261057990357,308.1123076264039
2019-06-16 17:00:00,303.9475958167312,304.73351319581957
2019-06-16 18:00:00,303.6267555131016,304.3967517917439
2019-06-16 20:00:00,302.37441094961304,302.70619993988646
2019-06-16 21:00:00,301.76572454655303,302.0012742617097
2019-06-17 05:00:00,310.8290986941298,305.92047584663004
2019-06-17 06:00:00,312.65085184482285,306.9215793227562
2019-06-17 08:00:00,314.6760033135789,308.2946212839088
2019-06-17 09:00:00,316.2781720271647,309.3862389798157
2019-06-17 17:00:00,304.09663426380126,304.47335773109467
2019-06-17 18:00:00,303.5043237154216,303.985521266567
2019-06-17 20:00:00,302.21743494630414,302.62271148728667
2019-06-17 21:00:00,301.77783854386104,302.11610356170695
2019-06-18 05:00:00,309.9502499055789,304.4185800420118
2019-06-18 06:00:00,311.8697072926949,305.2625905934762
2019-06-18 08:00:00,314.4101032556848,306.56457644140784
2019-06-18 09:00:00,313.00891219081785,305.78520816279854
2019-06-18 17:00:00,297.96834031679595,297.9225436359047
2019-06-18 18:00:00,297.8195795138555,297.85415997380284
2019-06-18 20:00:00,296.9293488442255,297.12421439572
2019-06-18 21:00:00,296.8169352762137,296.8983461353555
2019-06-19 05:00:00,307.97359676978255,302.3900242175086
2019-06-19 06:00:00,310.7049860315073,303.9355940385298
2019-06-19 08:00:00,311.9578580929796,304.09362705977196
2019-06-19 09:00:00,311.9362382932878,304.3543599368244
2019-06-19 17:00:00,299.95524836982526,300.22658587016383
2019-06-19 18:00:00,299.71198828745696,300.0457526913777
2019-06-19 20:00:00,299.2552815864928,299.827795137426
2019-06-19 21:00:00,299.0520721341502,299.64559318178055
2019-06-20 05:00:00,309.13908675418617,305.09336396909464
2019-06-20 06:00:00,311.65867177437195,306.2506227890038
2019-06-20 08:00:00,313.69513089925005,307.46906613201503
2019-06-20 09:00:00,313.4426254484062,307.57005949564086
2019-06-20 17:00:00,302.0462251260579,302.6484943266459
2019-06-20 18:00:00,301.3818523248282,302.0480574268406
2019-06-20 20:00:00,300.1407279791927,300.7372637544464
2019-06-20 21:00:00,299.66745681645136,300.1919618909275
2019-06-21 05:00:00,309.846816452332,305.3361946893583
2019-06-21 06:00:00,311.11103461078943,306.0321935527314
2019-06-21 08:00:00,309.8885644756958,304.492832883297
2019-06-21 09:00:00,310.7143243633911,305.1944590658179
2019-06-21 17:00:00,301.3441812194918,302.1695602722638
2019-06-21 18:00:00,300.7342253745245,301.59331861592955
2019-06-21 20:00:00,300.17701608337495,301.1960743579364
2019-06-21 21:00:00,300.05298183070863,300.91685662174075
2019-06-22 05:00:00,312.02197256220506,306.64462818680636
2019-06-22 06:00:00,314.42011325642216,307.7922379739112
2019-06-22 08:00:00,316.94416075531615,309.5424362676353
2019-06-22 09:00:00,317.9141422736076,310.13098407857046
2019-06-22 17:00:00,302.97910697948765,303.9376163100609
2019-06-22 18:00:00,302.2884021635599,303.3204113412161
2019-06-22 20:00:00,301.56777982315043,303.2608722046087
2019-06-22 21:00:00,301.3326815001219,302.97433189544915
2019-06-23 05:00:00,312.5629540253861,308.13011105953274
2019-06-23 06:00:00,315.6824191759107,309.7439837345541
2019-06-23 08:00:00,318.4544316836976,311.46930117379355
2019-06-23 09:00:00,319.51321740290047,312.01050846235046
2019-06-23 17:00:00,303.9534706856327,304.45271844378976
2019-06-23 18:00:00,303.43479710183635,303.87296747757216
2019-06-23 20:00:00,302.7139892578125,303.26104160302964
2019-06-23 21:00:00,302.39976402717673,302.8859131846847
2019-06-24 05:00:00,314.257671362079,306.8033329944581
2019-06-24 06:00:00,317.6006643944786,308.0887884248755
2019-06-24 08:00:00,319.8346511300062,310.11400753544365
2019-06-24 09:00:00,319.58658396481366,310.5931631126463
2019-06-24 17:00:00,303.3178183345471,303.4894749622316
2019-06-24 18:00:00,302.7276459210459,302.95364480981107
2019-06-24 20:00:00,301.6314975638603,301.4740373232331
2019-06-24 21:00:00,301.28186865102714,301.18464453745696
2019-06-25 05:00:00,315.09094012573433,307.5782635987081
2019-06-25 06:00:00,317.2913537400162,308.85559907275467
2019-06-25 08:00:00,319.8972223925481,310.7895642296743
2019-06-25 09:00:00,320.4757657984188,311.28296834184505
2019-06-25 17:00:00,303.1110727695177,303.69871212998964
2019-06-25 18:00:00,302.7848627357895,303.30264216395113
2019-06-25 20:00:00,302.58532616096574,303.183712411184
2019-06-25 21:00:00,302.70332522164506,303.3587398911111
2019-06-26 05:00:00,312.33664575232933,308.13793075396944
2019-06-26 06:00:00,315.40771129355403,309.4404690923235
2019-06-26 08:00:00,317.88535627415075,311.050622525678
2019-06-26 09:00:00,318.6741891869779,311.704104407359
2019-06-26 17:00:00,304.91380312409717,305.8052752337581
2019-06-26 18:00:00,304.3202220522935,304.7571336602209
2019-06-26 20:00:00,303.507375355678,303.83318299468385
2019-06-26 21:00:00,303.0446900542602,303.31785576442724
2019-06-27 05:00:00,312.01140424026,307.26625322009824
2019-06-27 06:00:00,314.97961693809293,308.7578297337325
2019-06-27 08:00:00,318.5514317587454,310.3866424795659
2019-06-27 09:00:00,316.9506478331673,310.2129566915597
2019-06-27 17:00:00,303.6885894634323,304.5715792381157
2019-06-27 18:00:00,303.3631385368265,303.81015155715824
2019-06-27 20:00:00,302.1052677054618,302.8643805881494
2019-06-27 21:00:00,302.05939959745007,302.49177584185253
2019-06-28 05:00:00,311.35403689250745,306.6559040792551
2019-06-28 06:00:00,314.4152476776547,308.30365895416776
2019-06-28 08:00:00,319.53577555934163,310.5347375619944
2019-06-28 09:00:00,319.9454656756714,310.8956198200055
2019-06-28 17:00:00,304.67682759383433,305.590205634871
2019-06-28 18:00:00,304.24958923527936,305.17843973544785
2019-06-28 20:00:00,303.2922194940835,303.91754613561875
2019-06-28 21:00:00,302.91118552468043,303.4985414102375
2019-06-29 05:00:00,312.008741781414,306.9968515169823
2019-06-29 06:00:00,315.12740432903837,308.56697216533547
2019-06-29 08:00:00,319.6973390505751,310.6520781906434
2019-06-29 09:00:00,320.47589640330824,311.4149656369249
2019-06-29 17:00:00,305.2159450160704,305.4717747434078
2019-06-29 18:00:00,304.50063753054576,304.87410669076974
2019-06-29 20:00:00,303.5221835049716,304.2101387999642
2019-06-29 21:00:00,303.1372093353507,303.7980767295614
2019-06-30 05:00:00,311.2515638260335,306.59847900202533
2019-06-30 06:00:00,314.9454038176221,308.4919060470511
2019-06-30 08:00:00,319.3932168546186,310.84170459341743
2019-06-30 09:00:00,320.5617804387685,311.70468642788785
2019-06-30 17:00:00,305.4126111516967,305.92476173248053
2019-06-30 18:00:00,304.7990648125647,305.41890560203046
2019-06-30 20:00:00,302.2036459853726,301.7272539888214
2019-06-30 21:00:00,301.92234999740435,302.21967079385956
2019-07-01 05:00:00,312.6991241643168,306.98162620791305
2019-07-01 06:00:00,316.0723919743566,308.4828759709198
2019-07-01 08:00:00,321.56820857396303,311.15863420342447
2019-07-01 09:00:00,321.8583835784019,311.54681777366324
2019-07-01 17:00:00,301.2922488125888,300.8487024527669
2019-07-01 18:00:00,300.08029099568745,300.1017828237478
2019-07-01 20:00:00,298.5085918738038,299.1623158976551
2019-07-01 21:00:00,298.6448057671357,299.7444853936947
2019-07-02 05:00:00,310.86398045050527,307.268404803401
2019-07-02 06:00:00,314.2102392869665,308.95211223020397
2019-07-02 08:00:00,318.33646920649414,310.4810878477406
2019-07-02 09:00:00,318.9474669751842,311.115345206944
2019-07-02 17:00:00,304.20497138401026,304.8763323814733
2019-07-02 18:00:00,303.72601353626226,304.6455247170752
2019-07-02 20:00:00,303.0792271830084,303.87709917676835
2019-07-02 21:00:00,302.79866580345964,303.6517038213087
2019-07-03 05:00:00,312.8157390247692,308.5535897841255
2019-07-03 06:00:00,314.50333365747485,309.5177315122725
2019-07-03 08:00:00,318.0438973730996,310.95848137571926
2019-07-03 09:00:00,318.77666331145724,311.6970024637889
2019-07-03 17:00:00,303.99563095492465,303.8607220524816
2019-07-03 18:00:00,303.3807124298049,303.45156206739335
2019-07-03 20:00:00,302.6809778904144,302.9850981819611
2019-07-03 21:00:00,302.08530685824496,302.08187579373913
2019-07-04 05:00:00,304.58801932547976,303.3045958532207
2019-07-04 06:00:00,304.53437316142174,303.8410804407622
2019-07-04 08:00:00,308.2864732081057,304.5501497148182
2019-07-04 09:00:00,307.00796348912695,304.1795857904138
2019-07-04 17:00:00,302.93340441405496,303.1139646039354
2019-07-04 18:00:00,302.34267429063794,302.368787580352
2019-07-04 20:00:00,298.536505982762,298.84463456305224
2019-07-04 21:00:00,298.02475619793677,298.4612967516131
2019-07-05 05:00:00,299.6996627360904,300.1488355216334
2019-07-05 06:00:00,299.73236968006677,300.0250253310005
2019-07-05 08:00:00,302.2345845085814,301.60423010780556
2019-07-05 09:00:00,302.6987037364801,302.30233755243944
2019-07-05 17:00:00,300.64437696930077,301.48469012103203
2019-07-05 18:00:00,300.3656747168495,301.222855343106
2019-07-05 20:00:00,299.2399156802608,299.7430124855924
2019-07-05 21:00:00,298.9385755682947,299.53534803111313
2019-07-06 05:00:00,306.7023080552488,304.8972815232945
2019-07-06 06:00:00,308.80150074069786,306.10259744088717
2019-07-06 08:00:00,312.1806701519089,306.8490708737601
2019-07-06 09:00:00,311.96499840687903,305.3142888990499
2019-07-06 17:00:00,298.54690989066717,298.8671688320824
2019-07-06 18:00:00,298.2126705598758,299.0139999977429
2019-07-06 20:00:00,297.9482481123303,298.43644246481966
2019-07-06 21:00:00,298.01127984233557,298.62465325636197
2019-07-07 05:00:00,307.3376169777798,304.9494615739961
2019-07-07 06:00:00,309.73137372080095,306.4668459194283
2019-07-07 08:00:00,311.33714828138545,307.2293294662687
2019-07-07 09:00:00,311.80342170233354,307.89382464345687
2019-07-07 17:00:00,301.40250797595013,302.5896951590187
2019-07-07 18:00:00,300.9917324166085,302.0651649745477
2019-07-07 20:00:00,299.8543554932017,301.48220263276886
2019-07-07 21:00:00,300.08812023568413,301.48901651673395
2019-07-08 05:00:00,306.68905138859213,304.29902084656237
2019-07-08 06:00:00,308.7351533393096,305.64178591406403
2019-07-08 08:00:00,310.93841503360795,307.43101999902944
2019-07-08 09:00:00,311.78833177093367,308.17952426152164
2019-07-08 17:00:00,302.5216015314652,303.7687961478447
2019-07-08 18:00:00,301.9645170849534,303.1555107128455
2019-07-08 20:00:00,301.56422671184333,302.6450757230926
2019-07-08 21:00:00,301.22296960768966,302.06924123426063
2019-07-09 05:00:00,305.545865897956,303.29437754297476
2019-07-09 06:00:00,307.9759294130769,304.81082672918524
2019-07-09 08:00:00,311.14673013789997,307.3259692081869
2019-07-09 09:00:00,312.12175051273294,308.1230017569473
2019-07-09 17:00:00,302.12965602316365,303.39864221229027
2019-07-09 18:00:00,301.7477476710715,303.02022008205233
2019-07-09 20:00:00,301.44129167977025,302.41970084591526
2019-07-09 21:00:00,300.92033583724816,301.724493864321
2019-07-10 05:00:00,306.6695286261466,303.23067111116717
2019-07-10 06:00:00,308.8760779899515,304.61764328872846
2019-07-10 08:00:00,312.1066405262529,307.13029646910206
2019-07-10 09:00:00,312.65117133894387,307.78627329210656
2019-07-10 17:00:00,302.33479915671796,303.6397876945225
2019-07-10 18:00:00,301.7939044970026,303.08361687094475
2019-07-10 20:00:00,301.3715702991457,302.8049479809307
2019-07-10 21:00:00,301.2373430813406,302.5647136764644
2019-07-11 05:00:00,305.69625621731,302.91806789686206
2019-07-11 06:00:00,308.3058758281596,304.55709206415065
2019-07-11 08:00:00,311.5801902500617,306.9475963810009
2019-07-11 09:00:00,312.236095669457,307.69965264977225
2019-07-11 17:00:00,302.40559020431823,303.6527461447224
2019-07-11 18:00:00,301.9108391807333,303.1427161594385
2019-07-11 20:00:00,301.1080098438704,302.4225446468876
2019-07-11 21:00:00,300.7173047175944,301.91199802580894
2019-07-12 05:00:00,305.8812666835697,303.0676138808804
2019-07-12 06:00:00,308.35504820460716,304.4624646720239
2019-07-12 08:00:00,312.0638708693588,307.1819693355237
2019-07-12 09:00:00,313.1097787113513,308.15484261769916
2019-07-12 17:00:00,302.2345459501622,303.5732406122475
2019-07-12 18:00:00,301.7747182272983,303.1085422086789
2019-07-12 20:00:00,300.68282979956393,301.7527998819924
2019-07-12 21:00:00,300.25792488368523,301.23681245636317
2019-07-13 05:00:00,307.3400150058082,303.65494860632947
2019-07-13 06:00:00,310.1335670224323,305.2599901337469
2019-07-13 08:00:00,313.43930643842845,307.70885106631897
2019-07-13 09:00:00,313.98020711701895,308.52848402120304
2019-07-13 17:00:00,302.81746865200523,304.0489105788879
2019-07-13 18:00:00,302.36766009925884,303.6249795922513
2019-07-13 20:00:00,301.779073988528,302.9605685147372
2019-07-13 21:00:00,301.42388476355603,302.44181132500273
2019-07-14 05:00:00,305.8198546657944,303.05480409219564
2019-07-14 06:00:00,308.23405397764884,304.7846401549635
2019-07-14 08:00:00,309.9085838658784,306.1055509687756
2019-07-14 09:00:00,311.3081064327105,307.21553874199486
2019-07-14 17:00:00,302.94284734740654,303.97268074870294
2019-07-14 18:00:00,302.4915202747692,303.55963292290875
2019-07-14 20:00:00,301.9792876632996,302.84233664584644
2019-07-14 21:00:00,301.53017262134057,302.1592417571504
2019-07-15 05:00:00,304.22063882178264,302.3353663181487
2019-07-15 06:00:00,305.700517439879,303.3896560551389
2019-07-15 08:00:00,310.1227307194738,306.44326194445784
2019-07-15 09:00:00,310.14830844685184,306.62856270388943
2019-07-15 17:00:00,303.51238357708525,304.598929312637
2019-07-15 18:00:00,303.3490211945285,304.3879942107825
2019-07-15 20:00:00,302.7871705747349,303.4437758294386
2019-07-15 21:00:00,302.09373798576087,302.55767960981893
2019-07-16 05:00:00,306.13793503301355,303.0603156185297
2019-07-16 06:00:00,307.71218484135,303.9683897609153
2019-07-16 08:00:00,309.21021467070733,305.15206732845456
2019-07-16 09:00:00,309.79988890473027,305.90908935734967
2019-07-16 17:00:00,302.9069890520422,303.770601152088
2019-07-16 18:00:00,302.4045029274304,303.28445016070395
2019-07-16 20:00:00,302.3561443217179,303.1268075199451
2019-07-16 21:00:00,302.2408820623977,302.89232580246653
2019-07-17 05:00:00,308.57294787390765,304.3092441411893
2019-07-17 06:00:00,311.5386936087822,305.7500785510235
2019-07-17 08:00:00,313.2154266169332,307.1741028772481
2019-07-17 09:00:00,312.24099550408835,306.8907103222581
2019-07-17 17:00:00,301.9994998690895,302.4696897204007
2019-07-17 18:00:00,301.36734161612065,301.92582909535554
2019-07-17 20:00:00,300.7217481757165,301.4686998035213
2019-07-17 21:00:00,300.4651740357762,301.22282745878573
2019-07-18 05:00:00,307.8933225611142,304.3501144667803
2019-07-18 06:00:00,311.7215708069882,305.95151384585813
2019-07-18 08:00:00,316.3770276320917,308.46298278902634
2019-07-18 09:00:00,317.0473641511656,308.69073526297217
2019-07-18 17:00:00,300.15793801235674,300.6981419591213
2019-07-18 18:00:00,300.1505009867194,300.7600701189555
2019-07-18 20:00:00,299.7389610067171,299.8921892257244
2019-07-18 21:00:00,299.7233537812079,300.06406478999395
2019-07-19 05:00:00,306.01086510421686,303.5939085832546
2019-07-19 06:00:00,306.36043004298983,303.8597326058269
2019-07-19 08:00:00,312.46046231450583,306.0397253991643
2019-07-19 09:00:00,314.3333053706423,306.72100646690524
2019-07-19 17:00:00,301.22882423342105,301.71959487609394
2019-07-19 18:00:00,300.84291709112273,301.43533602627843
2019-07-19 20:00:00,299.30109364372925,299.81999806079364
2019-07-19 21:00:00,298.71811928771126,299.24414057797753
2019-07-20 05:00:00,305.6104950045217,302.18316509323233
2019-07-20 06:00:00,307.81148574899635,303.3540114533552
2019-07-20 08:00:00,315.4157344776971,308.6350248598354
2019-07-20 09:00:00,315.1405234079699,308.7975929154453
2019-07-20 17:00:00,301.44725034269976,301.9944496566232
2019-07-20 18:00:00,301.1151915140255,301.7187820693194
2019-07-20 20:00:00,300.3242508428306,300.34784965338804
2019-07-20 21:00:00,300.1097756078688,300.14347061133714
2019-07-21 05:00:00,304.3200843940348,302.17830193612167
2019-07-21 06:00:00,307.17871201901664,303.13875174265246
2019-07-21 08:00:00,314.83521542306676,307.68511288118293
2019-07-21 09:00:00,314.91975720233654,308.1372921654182
2019-07-21 17:00:00,301.8053458614967,302.597779284273
2019-07-21 18:00:00,301.4976159141317,302.27897970849085
2019-07-21 20:00:00,300.34892559786243,300.65851349676336
2019-07-21 21:00:00,299.43283365540583,299.90551997627057
2019-07-22 05:00:00,310.660465563758,305.0647815298777
2019-07-22 06:00:00,313.3467681602631,306.31810204457435
2019-07-22 08:00:00,315.5583301185643,307.88521856886945
2019-07-22 09:00:00,315.7437618825763,308.3691313145525
2019-07-22 17:00:00,302.864763891752,303.5591408093281
2019-07-22 18:00:00,302.35561296789234,303.05184219430885
2019-07-22 20:00:00,301.4227914913042,301.6849982404194
2019-07-22 21:00:00,301.0077548739723,301.37810120193177
2019-07-23 05:00:00,310.3265914799436,305.40751476317234
2019-07-23 06:00:00,312.71183565254387,306.6003645557468
2019-07-23 08:00:00,315.5215848149798,308.8423630724703
2019-07-23 09:00:00,315.9020912393768,309.1112893314685
2019-07-23 17:00:00,302.3285036248676,303.17588067899686
2019-07-23 18:00:00,302.20060593615335,302.95609507979526
2019-07-23 20:00:00,301.99582793201984,302.8614013389741
2019-07-23 21:00:00,301.4817877300715,301.78843000085766
2019-07-24 05:00:00,309.2128313061636,306.2936304500915
2019-07-24 06:00:00,311.2459277371963,307.6470837468175
2019-07-24 08:00:00,313.75855782954096,309.82205773869356
2019-07-24 09:00:00,313.37293533771907,309.59115396038226
2019-07-24 17:00:00,302.18858955747726,303.1888602422823
2019-07-24 18:00:00,302.1261011485143,303.0891368378109
2019-07-24 20:00:00,299.1054721591285,300.3444458854217
2019-07-24 21:00:00,298.9915002667114,299.79246600934283
2019-07-25 05:00:00,305.3065373871837,303.3966291101394
2019-07-25 06:00:00,306.91167439371117,304.5308192507328
2019-07-25 08:00:00,306.0835735162344,304.59006757692123
2019-07-25 09:00:00,305.95884831550495,305.0414132704537
2019-07-25 17:00:00,300.88088302729864,300.98881413205567
2019-07-25 18:00:00,299.1009102514235,299.895446495209
2019-07-25 20:00:00,298.60075947389765,299.8180555628702
2019-07-25 21:00:00,298.0002576595829,298.956925402437
2019-07-26 05:00:00,300.21283057731546,301.02778935836534
2019-07-26 06:00:00,302.05503008215015,302.3889635318233
2019-07-26 08:00:00,301.840273464773,301.45447760113217
2019-07-26 09:00:00,302.64969619727464,301.64269556359994
2019-07-26 17:00:00,299.3873601834102,299.69953250738064
2019-07-26 18:00:00,298.5000886138304,298.8485854843916
2019-07-26 20:00:00,298.51754511523137,298.6426672795888
2019-07-26 21:00:00,298.0830363551347,298.2862066847885
2019-07-27 05:00:00,297.81168455996755,297.8107217515378
2019-07-27 06:00:00,297.954568189906,298.1469602893424
2019-07-27 08:00:00,297.7084639068745,298.0436952470447
2019-07-27 09:00:00,297.7073668258032,298.06654461359574
2019-07-27 17:00:00,298.333876082269,298.5873630564827
2019-07-27 18:00:00,297.950105217462,298.3264973174626
2019-07-27 20:00:00,297.5050887473743,297.69298853234994
2019-07-27 21:00:00,297.3555859299764,297.4835320048046
2019-07-28 05:00:00,298.28694489042635,298.53698373098035
2019-07-28 06:00:00,300.618895873083,300.29928913322186
2019-07-28 08:00:00,301.12002415355806,300.0825115609426
2019-07-28 09:00:00,301.40288060545373,300.4613220026754
2019-07-28 17:00:00,297.9709641231778,298.29803840625453
2019-07-28 18:00:00,297.77633815112944,298.20803797740973
2019-07-28 20:00:00,297.2162900668998,297.48358791451244
2019-07-28 21:00:00,297.31744756243074,297.5825985289869
2019-07-29 05:00:00,301.0466635870088,300.2979143845098
2019-07-29 06:00:00,301.8994136157866,300.98088273575934
2019-07-29 08:00:00,303.7642645226054,302.516454429215
2019-07-29 09:00:00,305.49891728429105,303.2551190298401
2019-07-29 17:00:00,298.70710213636215,299.6893315484234
2019-07-29 18:00:00,298.5657661332188,299.40336796976567
2019-07-29 20:00:00,298.556516673789,299.51257643971496
2019-07-29 21:00:00,298.50326500467975,299.3825895194831
2019-07-30 05:00:00,305.01522681378805,302.0469095379986
2019-07-30 06:00:00,306.571821168685,302.9337818163385
2019-07-30 08:00:00,308.3597991191,304.0614157325498
2019-07-30 09:00:00,308.9234645473204,304.22478067783067
2019-07-30 17:00:00,299.17224295076863,299.95421486312324
2019-07-30 18:00:00,298.92556240745984,299.6443342258824
2019-07-30 20:00:00,298.9675453550459,300.2744840789466
2019-07-30 21:00:00,299.1118796984845,300.0781095060986
2019-07-31 05:00:00,304.36775268648734,301.98157953811904
2019-07-31 06:00:00,305.9571215331279,302.764902640932
2019-07-31 08:00:00,308.52408325947675,303.5311619739503
2019-07-31 09:00:00,309.0472548944741,303.6696867156653
2019-07-31 17:00:00,299.31879155845235,299.3582710771605
2019-07-31 18:00:00,298.92597491201155,298.7472427203586
2019-07-31 20:00:00,298.6867624291654,298.7890844124675
2019-07-31 21:00:00,298.3752961474685,298.44416947798294
2019-08-01 05:00:00,301.5826498775159,300.9550559774202
2019-08-01 06:00:00,302.00717391144883,300.72199419724006
2019-08-01 08:00:00,305.9962294333154,303.05366518464405
2019-08-01 09:00:00,307.3357615184343,303.5834019782914
2019-08-01 17:00:00,298.9645563722208,299.15575941464937
2019-08-01 18:00:00,298.6590272171655,298.94743532906693
2019-08-01 20:00:00,298.05511277115033,298.7266204786962
2019-08-01 21:00:00,297.79924521424186,298.29075321614835
2019-08-02 05:00:00,301.6661204850913,300.7898454945334
2019-08-02 06:00:00,301.8511991574327,300.97676902265505
2019-08-02 08:00:00,304.3129242836786,302.8667886319624
2019-08-02 09:00:00,304.8653992827758,303.3375663345878
2019-08-02 17:00:00,298.73900231595036,299.0249886299686
2019-08-02 18:00:00,298.2266075945415,298.36186568579063
2019-08-02 20:00:00,297.7752635938178,297.925561514033
2019-08-02 21:00:00,297.50477111064043,297.74290534491166
2019-08-03 05:00:00,299.87995393397443,299.49637445058954
2019-08-03 06:00:00,301.5481608527467,300.7374229725043
2019-08-03 08:00:00,307.53814676105515,304.93140191546945
2019-08-03 09:00:00,308.27958331233,305.24103885879873
2019-08-03 17:00:00,298.66377853134935,298.73720330707096
2019-08-03 18:00:00,298.13079904518077,298.07933223118954
2019-08-03 20:00:00,297.79893479545603,298.0613850503931
2019-08-03 21:00:00,297.58014296897574,297.60685353800767
2019-08-04 05:00:00,303.7488412019468,301.56009983244957
2019-08-04 06:00:00,305.5469392091724,302.57374558647166
2019-08-04 08:00:00,306.79349399090546,303.9259369648844
2019-08-04 09:00:00,307.7529673289812,304.1824168953212
2019-08-04 17:00:00,299.23829622665426,299.7733336508917
2019-08-04 18:00:00,299.09448837021654,299.71409689222907
2019-08-04 20:00:00,298.61620698761317,299.086502851066
2019-08-04 21:00:00,298.29640230669634,298.698928033626
2019-08-05 05:00:00,301.4587628286682,300.9145727172288
2019-08-05 06:00:00,302.9918740247541,301.8179290959574
2019-08-05 08:00:00,305.7067799619607,303.8573400559154
2019-08-05 09:00:00,306.68860399337325,304.1503865810682
2019-08-05 17:00:00,298.8842744048461,300.0460687998814
2019-08-05 18:00:00,298.79539367487695,299.91814778802575
2019-08-05 20:00:00,298.40766318957503,298.9698819952496
2019-08-05 21:00:00,298.235548422039,298.64723534723646
2019-08-06 05:00:00,301.02287675713535,299.9052269087734
2019-08-06 06:00:00,301.9680366692448,300.69347754244814
2019-08-06 08:00:00,305.07305085310037,303.63233204799
2019-08-06 09:00:00,305.1446190174262,303.50861388031615
2019-08-06 17:00:00,299.7165735888371,300.4808477040248
2019-08-06 18:00:00,299.3831757485224,300.0879856573966
2019-08-06 20:00:00,298.0652053433317,298.61032172674754
2019-08-06 21:00:00,297.6871251134182,298.2399558139325
2019-08-07 05:00:00,300.3349942058922,299.75839299229887
2019-08-07 06:00:00,302.7110998450516,301.06358476118606
2019-08-07 08:00:00,304.31227361035457,302.58864427751683
2019-08-07 09:00:00,305.1650663355282,303.19694366219966
2019-08-07 17:00:00,298.49398434584606,298.56382970119296
2019-08-07 18:00:00,298.38820371936396,298.1677984581523
2019-08-07 20:00:00,297.92297833505876,298.050984716195
2019-08-07 21:00:00,297.63136876933567,297.8229697393526
2019-08-08 05:00:00,302.46585092412306,300.8694890144242
2019-08-08 06:00:00,304.86144702129627,301.9207494233165
2019-08-08 08:00:00,307.0483587467799,303.7529531987313
2019-08-08 09:00:00,306.76188756064016,303.8150661803541
2019-08-08 17:00:00,298.8446616950131,299.5177036749747
2019-08-08 18:00:00,298.6853506972867,299.3999056353224
2019-08-08 20:00:00,298.6308835210345,299.52959758364733
2019-08-08 21:00:00,298.40770621512814,299.471960435112
2019-08-09 05:00:00,301.7910251470487,300.93538855036894
2019-08-09 06:00:00,302.25256770858414,301.3429725070947
2019-08-09 08:00:00,305.20655112714724,302.9202361261165
2019-08-09 09:00:00,304.96427752901855,302.8446952925625
2019-08-09 17:00:00,298.9168222483207,299.3760696434644
2019-08-09 18:00:00,298.59856206720525,298.9397221875301
2019-08-09 20:00:00,298.29917209431284,298.54413403715307
2019-08-09 21:00:00,298.1843042829188,298.3559479324035
2019-08-10 05:00:00,298.81882061833414,298.23810997068057
2019-08-10 06:00:00,298.58429063229795,298.29659968348244
2019-08-10 08:00:00,302.2428119818125,301.4304530491998
2019-08-10 09:00:00,302.40116604891693,301.6850357643445
2019-08-10 17:00:00,298.2349073177861,298.8021501209042
2019-08-10 18:00:00,297.9714845677921,298.4864445055946
2019-08-10 20:00:00,297.3978129946763,297.7809344322546
2019-08-10 21:00:00,297.047407106185,297.3780778317679
2019-08-11 05:00:00,299.60530454756116,299.0370297424599
2019-08-11 06:00:00,300.1153165702643,299.5257463734396
2019-08-11 08:00:00,302.29782471267396,301.31412091130284
2019-08-11 09:00:00,302.6950520425806,301.6138567814291
2019-08-11 17:00:00,297.53905749210776,297.99059073473165
2019-08-11 18:00:00,297.3567229331183,297.8270264377212
2019-08-11 20:00:00,297.4533086932495,297.8866786163283
2019-08-11 21:00:00,297.3523008467053,297.7945379601054
2019-08-12 05:00:00,300.5500642514927,299.681048518153
2019-08-12 06:00:00,301.4374148188093,300.53699868412343
2019-08-12 08:00:00,302.59502595451835,301.2476364394366
2019-08-12 09:00:00,303.3506613615298,301.872468498712
2019-08-12 17:00:00,298.4152171600765,299.19961308037006
2019-08-12 18:00:00,297.9857811832281,298.8046505168333
2019-08-12 20:00:00,297.4505726912723,298.3510628393141
2019-08-12 21:00:00,297.2845950369108,298.13694908953227
2019-08-13 05:00:00,301.67968912227497,301.0347696313138
2019-08-13 06:00:00,303.5584636388465,302.24740309046666
2019-08-13 08:00:00,306.35250621731,303.21771068602385
2019-08-13 09:00:00,307.14103256719324,303.71228408225693
2019-08-13 17:00:00,299.196774498891,299.95707338212634
2019-08-13 18:00:00,298.8789927713309,299.5718712240963
2019-08-13 20:00:00,298.58601297105224,299.17200341834496
2019-08-13 21:00:00,298.4721151155023,299.0348365442778
2019-08-14 05:00:00,298.22242602802385,298.4953547684915
2019-08-14 06:00:00,298.4220695084159,298.79657257503277
2019-08-14 08:00:00,298.2999695247421,298.2568120030666
2019-08-14 09:00:00,298.92622272038864,298.6191155385163
2019-08-14 17:00:00,296.7532790408847,297.255237479423
2019-08-14 18:00:00,296.6701762665218,297.1145432858695
2019-08-14 20:00:00,296.6325130139367,296.9877483914557
2019-08-14 21:00:00,296.58601703849524,296.8422584710026
2019-08-15 05:00:00,298.0707292130622,297.7236430633968
2019-08-15 06:00:00,298.71380354259713,298.34905634381926
2019-08-15 08:00:00,301.45544219641545,300.6509499101684
2019-08-15 09:00:00,301.76798369373853,301.23926879224496
2019-08-15 17:00:00,297.5999058046032,297.56781052881837
2019-08-15 18:00:00,297.5565570190618,297.5766320133062
2019-08-15 20:00:00,297.20000364894304,297.3556093236515
2019-08-15 21:00:00,297.1357577754463,297.2468706786357
2019-08-16 05:00:00,297.8110799216343,298.07781592135444
2019-08-16 06:00:00,298.17575000357374,298.4779140431267
2019-08-16 08:00:00,298.74459606106,298.3160815128744
2019-08-16 09:00:00,298.8757133542665,297.9496766077168
2019-08-16 17:00:00,296.9100631220131,296.7136265265372
2019-08-16 18:00:00,296.8998814892879,296.75310957193005
2019-08-16 20:00:00,296.93463583830146,296.9994708562302
2019-08-16 21:00:00,296.8154955894811,296.79038286723414
2019-08-17 05:00:00,297.0275880081811,296.99969136806783
2019-08-17 06:00:00,297.2928170555362,297.2467471506269
2019-08-17 08:00:00,297.2958680845005,297.3031076628181
2019-08-17 09:00:00,297.48776604839026,297.7333746206227
2019-08-17 17:00:00,297.03992524462967,297.86499296167784
2019-08-17 18:00:00,296.9016248000606,297.65690396489646
2019-08-17 20:00:00,296.6949893381269,297.5496559789625
2019-08-17 21:00:00,296.60436240550365,297.3396593043911
2019-08-18 05:00:00,299.0275359543152,298.5983602703077
2019-08-18 06:00:00,300.6072976651655,299.5502709387264
2019-08-18 08:00:00,302.9405451511565,301.6101457451819
2019-08-18 09:00:00,302.8566245386157,301.73466752673886
2019-08-18 17:00:00,297.71766751940334,298.5093212627299
2019-08-18 18:00:00,297.4958902367826,298.2718485639716
2019-08-18 20:00:00,296.9575951668808,297.76896284247397
2019-08-18 21:00:00,296.86809867776594,297.65015617100227
2019-08-19 05:00:00,301.50731636599875,300.62519062906273
2019-08-19 06:00:00,303.23263124251406,301.38851430272837
2019-08-19 08:00:00,306.2069946665242,303.3154451814014
2019-08-19 09:00:00,306.5916850555843,303.6972577017151
2019-08-19 17:00:00,298.2109845224624,298.98753215866213
2019-08-19 18:00:00,297.94285139133825,298.6609977639879
2019-08-19 20:00:00,297.27703587042714,297.79694666223276
2019-08-19 21:00:00,296.9381935342986,297.4604835216363
2019-08-20 05:00:00,302.0151586077062,300.88150515798793
2019-08-20 06:00:00,303.01625665273804,301.3320573474667
2019-08-20 08:00:00,306.5745432285021,303.9058488748841
2019-08-20 09:00:00,307.0543601531277,304.2370576314824
2019-08-20 17:00:00,298.00837397171284,298.9898724195954
2019-08-20 18:00:00,297.8267745619011,298.83284826528495
2019-08-20 20:00:00,297.205131707096,298.49432758631065
2019-08-20 21:00:00,296.9643328509456,298.0439216602014
2019-08-21 05:00:00,302.082419984697,301.034509032827
2019-08-21 06:00:00,303.3867571438406,301.9776439696137
2019-08-21 08:00:00,306.2443587386921,303.8796701063912
2019-08-21 09:00:00,306.33758354480904,304.0129138964167
2019-08-21 17:00:00,297.88017063699266,298.7679633800348
2019-08-21 18:00:00,297.5604561451587,298.4113499152091
2019-08-21 20:00:00,296.8486422169925,297.8006219614085
2019-08-21 21:00:00,296.50665988540067,297.3878275631756
2019-08-22 05:00:00,302.1456696638158,300.5726628707627
2019-08-22 06:00:00,304.01711899767673,301.8170173304107
2019-08-22 08:00:00,306.61260064687866,303.67191026684685
2019-08-22 09:00:00,306.80622708595405,304.0239205382454
2019-08-22 17:00:00,297.713594574774,298.59210581257827
2019-08-22 18:00:00,297.30704353696945,298.1646367853338
2019-08-22 20:00:00,296.7777743346886,297.7339075261896
2019-08-22 21:00:00,296.4622491915899,297.39144530685735
2019-08-23 05:00:00,302.16627547112745,300.70174820581093
2019-08-23 06:00:00,303.62167031592327,301.7316146638985
2019-08-23 08:00:00,305.6005707962671,303.5482128125677
2019-08-23 09:00:00,305.81188449947786,303.8161679401603
2019-08-23 17:00:00,298.2507454706083,299.24752739434615
2019-08-23 18:00:00,297.91757312651225,298.89648366966304
2019-08-23 20:00:00,297.3484429122854,298.41652116349377
2019-08-23 21:00:00,297.1680213681355,298.09553215132655
2019-08-24 05:00:00,302.8708632694004,301.11506885593224
2019-08-24 06:00:00,304.55623152957673,302.25989575966486
2019-08-24 08:00:00,306.30618570618714,303.8080702489257
2019-08-24 09:00:00,306.67157137596007,304.2542279541768
2019-08-24 17:00:00,298.5797934510124,299.4952271260172
2019-08-24 18:00:00,298.3417034648784,299.2257227728657
2019-08-24 20:00:00,297.8942882379141,298.8279128111383
2019-08-24 21:00:00,297.6616786257328,298.5553198815862
2019-08-25 05:00:00,301.45315869159435,300.49828283371653
2019-08-25 06:00:00,302.4564916672435,301.2529388803914
2019-08-25 08:00:00,305.836938161512,304.16179778065265
2019-08-25 09:00:00,305.6502310307625,303.6987105312259
2019-08-25 17:00:00,298.32557882770374,299.25612241865497
2019-08-25 18:00:00,298.20987806041,299.17944173710003
2019-08-25 20:00:00,297.9625022664827,298.4621416747295
2019-08-25 21:00:00,297.4940111721609,298.22572091547846
2019-08-26 05:00:00,298.6869684580846,298.3558654079819
2019-08-26 06:00:00,299.3509307061947,299.00120678447615
2019-08-26 08:00:00,305.403687793044,302.76173311536235
2019-08-26 09:00:00,305.78235199491854,303.1547859086094
2019-08-26 17:00:00,297.6228611127621,297.98013296259575
2019-08-26 18:00:00,297.6410640487318,297.8685824918821
2019-08-26 20:00:00,297.2629597433175,297.5599107551281
2019-08-26 21:00:00,297.03503347435054,297.28492054990704
2019-08-27 05:00:00,303.6506330022827,300.23461342739586
2019-08-27 06:00:00,305.32261756462015,301.1224238508839
2019-08-27 08:00:00,303.91713316084247,301.387132195001
2019-08-27 09:00:00,304.0172570321153,302.0197799988263
2019-08-27 17:00:00,298.68966935779355,299.36777283561247
2019-08-27 18:00:00,298.4894293974654,299.0954808263088
2019-08-27 20:00:00,297.80105541446727,297.8474564045346
2019-08-27 21:00:00,297.2829434199399,297.23568191880986
2019-08-28 05:00:00,301.83679789350657,300.4569357238676
2019-08-28 06:00:00,303.83139005170216,301.4357416890619
2019-08-28 08:00:00,303.42150060715403,302.2169408812912
2019-08-28 09:00:00,302.62776637848793,301.4913293635717
2019-08-28 17:00:00,297.1724543402485,297.54300159519005
2019-08-28 18:00:00,297.1113617225495,297.4158982334225
2019-08-28 20:00:00,297.26771881620766,297.51456116380973
2019-08-28 21:00:00,297.13141583882054,297.3047981438541
2019-08-29 05:00:00,302.7634099598842,301.1726583001794
2019-08-29 06:00:00,305.0370557458816,302.1898588583172
2019-08-29 08:00:00,305.1727360283098,303.0146098790808
2019-08-29 09:00:00,305.7793679964745,303.5958536203911
2019-08-29 17:00:00,298.1230036848682,298.7088656432823
2019-08-29 18:00:00,297.8686301021253,298.4855272149084
2019-08-29 20:00:00,297.57540787754147,298.22237862938175
2019-08-29 21:00:00,297.36741776899856,297.90019952571265
2019-08-30 05:00:00,299.64289717240763,299.0679951860284
2019-08-30 06:00:00,302.3791408920876,300.5534435207561
2019-08-30 08:00:00,306.62661195352376,302.818327752394
2019-08-30 09:00:00,306.39406793767756,302.80246023404396
2019-08-30 17:00:00,297.23799149758645,297.5458501689423
2019-08-30 18:00:00,297.07499523192234,297.3739061634787
2019-08-30 20:00:00,297.1156928204976,297.4694181891913
2019-08-30 21:00:00,297.0000256037309,297.23563031165736
2019-08-31 05:00:00,303.2598829225326,300.82551064513314
2019-08-31 06:00:00,306.057920200248,301.80996050489335
2019-08-31 08:00:00,308.30981123208636,303.47556139177465
2019-08-31 09:00:00,307.7280598362716,302.82072618011335
2019-08-31 17:00:00,298.63862285408294,298.9556417127236
2019-08-31 18:00:00,298.2024017710164,298.4708225855658
2019-08-31 20:00:00,297.68241235765356,298.1775434873137
2019-08-31 21:00:00,297.62387903151784,297.98224815051253
2019-09-01 05:00:00,305.1620013173813,301.4655339221925
2019-09-01 06:00:00,305.5147932666843,302.48784137837515
2019-09-01 08:00:00,306.35781535896575,302.6337818915745
2019-09-01 09:00:00,305.62607942413666,301.8078698156795
2019-09-01 17:00:00,298.42633023724903,298.87073315824676
2019-09-01 18:00:00,298.3096056028581,298.7006249567393
2019-09-01 20:00:00,298.07152071866125,298.3593708855345
2019-09-01 21:00:00,297.8062176109279,298.018902136475
2019-09-02 05:00:00,302.09112661682036,300.19112496162967
2019-09-02 06:00:00,304.4907692084878,301.3647101450775
2019-09-02 08:00:00,306.6381393221016,303.64075595755793
2019-09-02 09:00:00,306.0355171944217,303.0548626586726
2019-09-02 17:00:00,298.4436610476078,298.9325380016732
2019-09-02 18:00:00,298.3418233016239,298.78172038920303
2019-09-02 20:00:00,298.08709980122666,298.5326057281259
2019-09-02 21:00:00,297.88263240396884,298.1769092248291
2019-09-03 05:00:00,302.4078752843919,300.53279515811585
2019-09-03 06:00:00,304.22646236566624,301.96916452651766
2019-09-03 08:00:00,308.24572890271395,303.6366620879328
2019-09-03 09:00:00,308.05529808667484,303.55240869742516
2019-09-03 17:00:00,298.2697491050685,298.686755375796
2019-09-03 18:00:00,297.9745082767058,298.4526931927274
2019-09-03 20:00:00,297.59843719905626,298.06399098823914
2019-09-03 21:00:00,297.4386457258086,297.80263576889627
2019-09-04 05:00:00,302.9031140249573,301.29598580523526
2019-09-04 06:00:00,304.19476010362246,302.1245795016297
2019-09-04 08:00:00,307.7302380577993,304.61241464952843
2019-09-04 09:00:00,308.1377133456143,304.4956639176708
2019-09-04 17:00:00,298.800637666911,299.34447814283095
2019-09-04 18:00:00,298.5602712763477,299.06210592825346
2019-09-04 20:00:00,297.9459179612264,298.24458383521977
2019-09-04 21:00:00,297.75283122246367,297.9363533572533
2019-09-05 05:00:00,303.86252700970243,301.63102273103453
2019-09-05 06:00:00,304.79679282824685,302.6014330941834
2019-09-05 08:00:00,307.5582420219809,303.75029010508206
2019-09-05 09:00:00,307.87679092101587,303.7545170012535
2019-09-05 17:00:00,299.0023920796869,299.54702603614936
2019-09-05 18:00:00,298.6781481021358,299.3197717887044
2019-09-05 20:00:00,298.61185675152285,299.238280638708
2019-09-05 21:00:00,298.5060873163867,298.9823541861653
2019-09-06 05:00:00,304.2883554702547,301.4766574853742
2019-09-06 06:00:00,306.60793648882895,302.544897164696
2019-09-06 08:00:00,306.1502418694401,303.40011185233135
2019-09-06 09:00:00,306.53584005064886,303.8950358480445
2019-09-06 17:00:00,298.3046766143,298.4746861156587
2019-09-06 18:00:00,297.97500847814996,298.1358679255646
2019-09-06 20:00:00,297.8794832861479,298.15147124820936
2019-09-06 21:00:00,297.6519279068534,297.97188369445325
2019-09-07 05:00:00,305.14526769229553,301.9444939799963
2019-09-07 06:00:00,306.0130807086022,302.8800674932213
2019-09-07 08:00:00,303.5886516835547,300.04433811464
2019-09-07 09:00:00,303.60115288732965,301.0163193101692
2019-09-07 17:00:00,299.0646819363023,299.56332467994633
2019-09-07 18:00:00,298.7950928251622,299.2219128718912
2019-09-07 20:00:00,298.33764305173526,298.5522441893403
2019-09-07 21:00:00,298.10153579124136,298.3107379977986
2019-09-08 05:00:00,301.67415798757406,300.467012543524
2019-09-08 06:00:00,302.96835851448895,300.93802559357397
2019-09-08 08:00:00,307.7080484163963,304.14577095019985
2019-09-08 09:00:00,306.75364054957595,303.5571629975353
2019-09-08 17:00:00,298.557636302131,299.0030823459243
2019-09-08 18:00:00,298.2168595089199,298.67646806008645
2019-09-08 20:00:00,298.0290632203841,298.6865140565187
2019-09-08 21:00:00,297.84498194149353,298.4270067729274
2019-09-09 05:00:00,305.50418253047815,303.0772718949751
2019-09-09 06:00:00,307.4637878370946,304.1228708699231
2019-09-09 08:00:00,308.8222550919684,304.9802285592619
2019-09-09 09:00:00,308.68503038027256,305.31561660178824
2019-09-09 17:00:00,299.3750403452728,300.26437763513877
2019-09-09 18:00:00,299.11762400951886,299.9221359511554
2019-09-09 20:00:00,298.5883522445138,299.6357660278885
2019-09-09 21:00:00,298.45287498156716,299.42746298485804
2019-09-10 05:00:00,304.6832472649855,302.7740802970616
2019-09-10 06:00:00,306.4036118987896,303.89342673937966
2019-09-10 08:00:00,308.1048654753181,305.9328448937744
2019-09-10 09:00:00,308.42636167176516,306.4762656471947
2019-09-10 17:00:00,299.2867469258595,299.9737735037076
2019-09-10 18:00:00,299.0666558452307,299.81880926240945
2019-09-10 20:00:00,298.9506578254406,300.1139005358304
2019-09-10 21:00:00,298.9311459251839,299.95419299767826
2019-09-11 05:00:00,304.0423610316954,302.57369985712694
2019-09-11 06:00:00,305.6106977653797,303.77534550694725
2019-09-11 08:00:00,306.9409230001535,305.3473021473466
2019-09-11 09:00:00,307.02558489830363,305.5360430466192
2019-09-11 17:00:00,300.4068672403533,301.19871579774167
2019-09-11 18:00:00,300.02645131068533,300.71660295436493
2019-09-11 20:00:00,299.28616107299996,299.96827568442137
2019-09-11 21:00:00,299.0172227997626,299.6460142209093
2019-09-12 05:00:00,302.76858750917876,301.87138418423933
2019-09-12 06:00:00,303.6863040542015,302.58065078805885
2019-09-12 08:00:00,307.1179989666344,304.81226686263125
2019-09-12 09:00:00,307.00827007558206,305.0131203015156
2019-09-12 17:00:00,299.6469974370877,300.17977214043236
2019-09-12 18:00:00,299.1910974064667,299.6380496267545
2019-09-12 20:00:00,298.810049142235,299.34043454021815
2019-09-12 21:00:00,298.5711139273387,299.00740653157055
2019-09-13 05:00:00,301.4392923081785,301.3724397679874
2019-09-13 06:00:00,302.83418125805025,302.4532044679615
2019-09-13 08:00:00,305.78054007837324,304.0957725301546
2019-09-13 09:00:00,306.2789424196782,304.5519236842362
2019-09-13 17:00:00,299.8753143216502,300.53174390043426
2019-09-13 18:00:00,299.46477991700726,300.1140119555551
2019-09-13 20:00:00,299.12451465765395,299.6327652659365
2019-09-13 21:00:00,298.9244769879593,299.2785230263356
2019-09-14 05:00:00,303.0555450016251,302.12997363638624
2019-09-14 06:00:00,304.7923548717528,303.263082518967
2019-09-14 08:00:00,307.4810610684481,304.5957224747433
2019-09-14 09:00:00,307.5482124834105,304.4928695373065
2019-09-14 17:00:00,297.8256454350217,298.6542232848463
2019-09-14 18:00:00,297.7533261103696,298.4765246939402
2019-09-14 20:00:00,297.2997143808609,297.7834839431457
2019-09-14 21:00:00,297.1695846534106,297.6757249641125
2019-09-15 05:00:00,301.0451802634312,300.7411851221682
2019-09-15 06:00:00,302.14790111477095,301.5145126601397
2019-09-15 08:00:00,304.2130556738432,303.23801303387427
2019-09-15 09:00:00,303.9657604293941,303.2248958828637
2019-09-15 17:00:00,298.9665804776279,299.501036045915
2019-09-15 18:00:00,298.60750712672444,299.1026574650604
2019-09-15 20:00:00,297.8861171446155,298.3810354976331
2019-09-15 21:00:00,297.66779408506324,298.15913515722804
2019-09-16 05:00:00,303.49654918606,301.790878554522
2019-09-16 06:00:00,305.241794086568,302.89036068673863
2019-09-16 08:00:00,307.1587861330006,304.45531036894204
2019-09-16 09:00:00,307.4576857321435,304.775033818555
2019-09-16 17:00:00,298.79824358876937,299.4661820798148
2019-09-16 18:00:00,298.39751346159056,299.0287909603266
2019-09-16 20:00:00,297.677035409607,298.2859374106573
2019-09-16 21:00:00,297.36343830502454,297.9487855320535
2019-09-17 05:00:00,303.0589677666662,301.1809881648224
2019-09-17 06:00:00,305.1812196799163,302.46005552318326
2019-09-17 08:00:00,307.6431992682176,304.4471643621272
2019-09-17 09:00:00,307.7903488699938,304.8145509082106
2019-09-17 17:00:00,298.96632789647083,299.83994360219896
2019-09-17 18:00:00,298.6248325765225,299.44316677099386
2019-09-17 20:00:00,297.54203175690213,298.4533994936245
2019-09-17 21:00:00,297.19814823662006,298.10257635131273
2019-09-18 05:00:00,304.6919257071426,302.1958456406792
2019-09-18 06:00:00,306.6295154965347,303.3607766220492
2019-09-18 08:00:00,308.991054446745,305.32817855858474
2019-09-18 09:00:00,308.3213990715509,305.45404943810036
2019-09-18 17:00:00,299.5981285436128,300.05913958674404
2019-09-18 18:00:00,299.3794847908667,299.7628859650741
2019-09-18 20:00:00,297.99581008699533,298.17806322659106
2019-09-18 21:00:00,297.7049038597542,297.9981519937148
2019-09-19 05:00:00,303.4686940902922,301.10137389290315
2019-09-19 06:00:00,304.834466754931,301.996576129931
2019-09-19 08:00:00,306.32818415425777,303.3086819171171
2019-09-19 09:00:00,306.54582639908756,303.4823421249037
2019-09-19 17:00:00,297.69681009489506,298.50334423752884
2019-09-19 18:00:00,297.23489337562603,297.9355802844596
2019-09-19 20:00:00,296.25954149243273,296.71144045225833
2019-09-19 21:00:00,295.8675602470598,296.2665746656515
2019-09-20 05:00:00,301.63071708502866,300.14665106962934
2019-09-20 06:00:00,303.66347220351776,301.22019420088895
2019-09-20 08:00:00,306.1454864407908,302.284374101871
2019-09-20 09:00:00,306.6287109657135,302.64024277791407
2019-09-20 17:00:00,297.32155078952593,298.1121842629737
2019-09-20 18:00:00,296.888844329881,297.5191925472031
2019-09-20 20:00:00,296.209183773752,296.78136271284245
2019-09-20 21:00:00,295.79217529296875,296.3500469895467
2019-09-21 05:00:00,304.32370669889525,301.0867017795933
2019-09-21 06:00:00,306.2417589842998,301.9405373924502
2019-09-21 08:00:00,308.1314179313201,303.1044870150291
2019-09-21 09:00:00,306.9719275664108,301.6470621870185
2019-09-21 17:00:00,296.81532111263425,297.22866043067313
2019-09-21 18:00:00,296.5980748674719,297.08677680393214
2019-09-21 20:00:00,296.7080992711895,297.2588694003771
2019-09-21 21:00:00,296.53026304553583,297.0204437679062
2019-09-22 05:00:00,303.81789531031814,300.7945016822756
2019-09-22 06:00:00,305.0356488808278,301.4103134931144
2019-09-22 08:00:00,306.2355843472003,302.4089244730851
2019-09-22 09:00:00,306.6939800244818,302.7919906827812
2019-09-22 17:00:00,296.42609449013355,296.87027727547337
2019-09-22 18:00:00,296.1877972524963,296.6230927924346
2019-09-22 20:00:00,295.5595752498586,296.14973879962565
2019-09-22 21:00:00,295.33529881740395,295.8578718799656
2019-09-23 05:00:00,302.2230709410963,300.27177356314405
2019-09-23 06:00:00,303.4358935010819,300.70051492417724
2019-09-23 08:00:00,306.13533607800315,301.8257417370248
2019-09-23 09:00:00,305.9085678782412,301.9822077582173
2019-09-23 17:00:00,296.3189788959427,296.88818893079946
2019-09-23 18:00:00,295.9474752511376,296.5527091239377
2019-09-23 20:00:00,295.35081058731436,295.96375327558474
2019-09-23 21:00:00,295.13861561262365,295.67768213304424
2019-09-24 05:00:00,301.8991503370194,299.82575626696575
2019-09-24 06:00:00,303.1478488963264,300.37661383442224
2019-09-24 08:00:00,305.3843803699652,301.4339553762474
2019-09-24 09:00:00,305.0246990891561,301.4241425877176
2019-09-24 17:00:00,296.4451471219996,297.1792228240261
2019-09-24 18:00:00,296.2009980094452,296.8428093156389
2019-09-24 20:00:00,295.9024580145837,296.42194795535045
2019-09-24 21:00:00,295.6618360334258,296.089808976889
2019-09-25 05:00:00,301.46504340737556,299.283965946897
2019-09-25 06:00:00,302.89366747087615,300.03040079783955
2019-09-25 08:00:00,305.8415651483051,301.9001415235052
2019-09-25 09:00:00,306.1844677800206,302.18863232440685
2019-09-25 17:00:00,296.7125994619126,297.1049770831327
2019-09-25 18:00:00,296.45842464311835,296.7783741297083
2019-09-25 20:00:00,296.1925664117046,296.6055861650887
2019-09-25 21:00:00,295.9363742352267,296.2578299453336
2019-09-26 05:00:00,300.25986601795734,299.0039076841851
2019-09-26 06:00:00,302.26429454644773,300.0465727866339
2019-09-26 08:00:00,304.6781274122524,301.2407921789607
2019-09-26 09:00:00,304.94423436898114,301.29365673564797
2019-09-26 17:00:00,295.9482407533149,296.34307252387237
2019-09-26 18:00:00,295.81050493096353,296.18671439572
2019-09-26 20:00:00,295.9541894004599,297.0851214721868
2019-09-26 21:00:00,296.00796163173965,296.9221188820015
2019-09-27 05:00:00,302.4934962291747,300.01376636663827
2019-09-27 06:00:00,305.0367445982476,301.0978569183585
2019-09-27 08:00:00,305.52238471408845,301.47856076656393
2019-09-27 09:00:00,306.08477160155496,301.83656997563105
2019-09-27 17:00:00,296.924456321587,297.32867262359764
2019-09-27 18:00:00,296.79854114691176,297.18832082410444
2019-09-27 20:00:00,296.474598183654,296.71044461054873
2019-09-27 21:00:00,296.37209645698914,296.51727353699954
2019-09-28 05:00:00,300.7452811313153,299.3906365440145
2019-09-28 06:00:00,301.7018470235157,300.01682139251193
2019-09-28 08:00:00,302.91489515025376,300.996076163599
2019-09-28 09:00:00,303.0446985183034,301.21604409239876
2019-09-28 17:00:00,296.0426094748757,296.31020344644554
2019-09-28 18:00:00,295.7578931670343,296.25876392899386
2019-09-28 20:00:00,295.51611323422753,296.05829174823504
2019-09-28 21:00:00,295.2471602429594,295.76928170179184
2019-09-29 05:00:00,301.37088908473226,299.47712519429683
2019-09-29 06:00:00,302.2164300762817,299.6912820871879
2019-09-29 08:00:00,304.74187635236603,301.5458148785842
2019-09-29 09:00:00,305.27790559789247,301.67616770410757
2019-09-29 17:00:00,295.93930566255784,296.48974331942475
2019-09-29 18:00:00,295.79383586771866,296.1829693622325
2019-09-29 20:00:00,295.172810582424,295.7357006102387
2019-09-29 21:00:00,294.9754601994354,295.5223971045072
2019-09-30 05:00:00,303.1916297007416,300.13205224082725
2019-09-30 06:00:00,304.76621581372945,300.9284356209824
2019-09-30 08:00:00,305.63989847944407,301.7864134190446
2019-09-30 09:00:00,305.3612923879286,301.85185773053047
2019-09-30 17:00:00,296.8433414453351,297.55478330826725
2019-09-30 18:00:00,296.52777548673896,297.17755900472633
2019-09-30 20:00:00,295.7708704262191,296.5304505476048
2019-09-30 21:00:00,295.6459188828667,296.317042887119
2019-10-01 05:00:00,300.30687279840834,298.60487476225444
2019-10-01 06:00:00,301.4910911242657,299.5115091473737
2019-10-01 08:00:00,304.0361711358069,301.2941724309936
2019-10-01 09:00:00,304.5525454152347,301.76007606729706
2019-10-01 17:00:00,295.6971870504653,296.91315226268324
2019-10-01 18:00:00,295.44779756660637,296.8153034792108
2019-10-01 20:00:00,295.7022193943958,296.6528553073689
2019-10-01 21:00:00,295.676078667075,296.29843377111877
2019-10-02 05:00:00,301.7717173713014,299.8115342526664
2019-10-02 06:00:00,303.8019650875145,301.12746882034565
2019-10-02 08:00:00,305.5713618767831,302.46518332271256
2019-10-02 09:00:00,305.0896887404526,302.63205308723155
2019-10-02 17:00:00,296.2144109787669,296.46546308285286
2019-10-02 18:00:00,295.7302989283769,295.9978480640288
2019-10-02 20:00:00,295.4289830800014,296.13460208087565
2019-10-02 21:00:00,295.36807288594537,296.0353241907246
2019-10-03 05:00:00,303.2332878876908,300.64655013591374
2019-10-03 06:00:00,304.7322536521406,301.6029336750048
2019-10-03 08:00:00,306.3962642628534,302.92425459522315
2019-10-03 09:00:00,306.2750572827638,303.16375784146584
2019-10-03 17:00:00,294.82656345455604,295.16656021564876
2019-10-03 18:00:00,294.2621001256817,294.7819052345029
2019-10-03 20:00:00,294.38243951782795,295.99229701531505
2019-10-03 21:00:00,294.1021668326873,295.2851729194629
2019-10-04 05:00:00,302.8843485122469,300.04280997865555
2019-10-04 06:00:00,304.4163846102628,300.93106147284135
2019-10-04 08:00:00,306.42901352704587,302.6417208584872
2019-10-04 09:00:00,306.3447658027449,302.94499796674876
2019-10-04 17:00:00,294.94108057242516,295.6306488789469
2019-10-04 18:00:00,294.43871118107637,295.09067045191216
2019-10-04 20:00:00,293.5021228760894,294.57009337532503
2019-10-04 21:00:00,293.06376817230085,294.2385515586254
2019-10-05 05:00:00,303.37275354887936,300.1894916363968
2019-10-05 06:00:00,304.770222080507,300.9063696486557
2019-10-05 08:00:00,305.98154500012043,302.4791465253786
2019-10-05 09:00:00,305.65821346994176,302.6415432781578
2019-10-05 17:00:00,293.85276693335305,295.10654880893986
2019-10-05 18:00:00,293.3233076427677,294.5970797546105
2019-10-05 20:00:00,292.3904621377013,293.90020667312695
2019-10-05 21:00:00,292.0582540597313,293.66919352056806
2019-10-06 05:00:00,303.9600430622306,301.2882184703104
2019-10-06 06:00:00,305.4650760409645,302.0058877060336
2019-10-06 08:00:00,305.4802198601063,302.2551938190666
2019-10-06 09:00:00,305.5015868435288,302.425826297519
2019-10-06 17:00:00,294.85445720278796,295.6737955384335
2019-10-06 18:00:00,294.42600846253856,295.11773415963717
2019-10-06 20:00:00,293.87106255059615,294.79843196075393
2019-10-06 21:00:00,293.5975252689309,294.48789286797154
2019-10-07 05:00:00,303.0223002852571,300.28500025298086
2019-10-07 06:00:00,305.19931486391323,301.14326107924455
2019-10-07 08:00:00,306.97172807361386,301.96421715217673
2019-10-07 09:00:00,307.09358544489265,302.2055569312238
2019-10-07 17:00:00,294.7736838977032,296.5052683026471
2019-10-07 18:00:00,294.3717622448373,295.94809385514225
2019-10-07 20:00:00,293.4534606463369,294.7312453259672
2019-10-07 21:00:00,293.35532232205196,294.68602064982036
2019-10-08 05:00:00,303.1333647788214,300.1981140042674
2019-10-08 06:00:00,305.01527247259907,300.88931624731407
2019-10-08 08:00:00,305.8584693003509,301.95006938634555
2019-10-08 09:00:00,305.6712296402142,302.3028613121374
2019-10-08 17:00:00,292.8981380609592,294.648682251917
2019-10-08 18:00:00,291.96656578310836,294.0182558597512
2019-10-08 20:00:00,290.50096887432744,294.06318380064886
2019-10-08 21:00:00,290.0216404425529,293.97708635374283
2019-10-09 05:00:00,303.1260349643984,301.10779466908224
2019-10-09 06:00:00,304.8737448764325,301.93420501850045
2019-10-09 08:00:00,306.58624352218555,302.77420333133455
2019-10-09 09:00:00,306.0606113192848,302.9235074788286
2019-10-09 17:00:00,292.1083601141931,293.981128051946
2019-10-09 18:00:00,291.38269830595,293.28571421853934
2019-10-09 20:00:00,290.19019443412043,293.9010412748128
2019-10-09 21:00:00,289.77005087172125,293.66102722356055
2019-10-10 05:00:00,303.64882661087677,301.0575863642759
2019-10-10 06:00:00,305.3751492022733,302.041797773129
2019-10-10 08:00:00,306.54653472195054,303.15897121341277
2019-10-10 09:00:00,305.87380696959417,303.2778858014358
2019-10-10 17:00:00,292.8596576285105,294.7333867053956
2019-10-10 18:00:00,292.15442637486154,293.9595651729449
2019-10-10 20:00:00,290.4204024680774,292.82059256578634
2019-10-10 21:00:00,289.71427724688374,292.36671551203324
2019-10-11 05:00:00,303.37167377207425,300.8144112985197
2019-10-11 06:00:00,305.3813251324905,301.8572408385196
2019-10-11 08:00:00,306.83462108265275,303.24847569634625
2019-10-11 09:00:00,305.8038465737929,303.39977211504026
2019-10-11 17:00:00,292.60226181806144,294.44437456645295
2019-10-11 18:00:00,291.6752491673262,293.4973543751956
2019-10-11 20:00:00,290.05783624164127,293.90842309607933
2019-10-11 21:00:00,289.54159214390074,293.44831587169864
2019-10-12 05:00:00,303.6287569066593,301.7153530032682
2019-10-12 06:00:00,305.5702394976271,302.79234104714885
2019-10-12 08:00:00,306.47063080445275,303.5988204791476
2019-10-12 09:00:00,305.96560673647565,303.64854210146774
2019-10-12 17:00:00,292.8744918987821,295.0027297715009
2019-10-12 18:00:00,292.51011091094176,294.71085859630807
2019-10-12 20:00:00,291.69541780680464,293.8634382344909
2019-10-12 21:00:00,291.30300600025436,293.49609866384736
2019-10-13 05:00:00,302.7138841155865,301.5579517758315
2019-10-13 06:00:00,304.888841179376,303.11796054928254
2019-10-13 08:00:00,306.2144907758857,304.9684449182637
2019-10-13 09:00:00,305.988255011466,305.15640404558695
2019-10-13 17:00:00,294.4554736779541,296.6522448617615
2019-10-13 18:00:00,294.09100769701286,296.3075010890403
2019-10-13 20:00:00,293.202211988358,295.48557891610596
2019-10-13 21:00:00,292.8624596735362,295.14692008513697
2019-10-14 05:00:00,303.2457042629436,301.93955523427724
2019-10-14 06:00:00,305.4652252667491,303.33202158688397
2019-10-14 08:00:00,307.59160885568394,304.8712117763807
2019-10-14 09:00:00,307.08703192430215,304.9613195104849
2019-10-14 17:00:00,295.1518886195861,297.2862828846889
2019-10-14 18:00:00,294.6774795367648,296.7747466288656
2019-10-14 20:00:00,293.6917252503852,295.86985682412546
2019-10-14 21:00:00,293.2703303027043,295.47183152303126
2019-10-15 05:00:00,304.32552954816305,302.182611286181
2019-10-15 06:00:00,306.55338605930706,303.6918093265481
2019-10-15 08:00:00,307.4714285405281,305.1172197103868
2019-10-15 09:00:00,307.1405874995862,305.18447354027234
2019-10-15 17:00:00,294.1255259462424,296.17306737209134
2019-10-15 18:00:00,293.4947425595417,295.6100983230285
2019-10-15 20:00:00,292.39671241043163,294.53519781785684
2019-10-15 21:00:00,291.8907853936194,293.960112537919
2019-10-16 05:00:00,304.44117767381005,302.08207878970956
2019-10-16 06:00:00,306.61741913265,303.495202697848
2019-10-16 08:00:00,307.48659288497475,305.3556286733948
2019-10-16 09:00:00,306.86028415580006,305.37885668832456
2019-10-16 17:00:00,293.88916236630575,296.025734006532
2019-10-16 18:00:00,293.380096247457,295.5978351939808
2019-10-16 20:00:00,292.24542530218514,294.43143713529383
2019-10-16 21:00:00,291.68992647661815,293.75503229690815
2019-10-17 05:00:00,303.63211388727547,302.1681642223764
2019-10-17 06:00:00,305.75783189676577,303.3766019377393
2019-10-17 08:00:00,306.6118686952283,304.4182478753371
2019-10-17 09:00:00,306.3649723658393,304.57697657039984
2019-10-17 17:00:00,294.08528859001825,295.7718760250897
2019-10-17 18:00:00,293.5174360231185,295.09706654129855
2019-10-17 20:00:00,292.49344370508413,294.5571387104335
2019-10-17 21:00:00,292.2800846658246,294.2092227318621
2019-10-18 05:00:00,303.85798903643075,302.2199416432432
2019-10-18 06:00:00,306.0523877959406,303.4376537399409
2019-10-18 08:00:00,307.9165893930867,304.43006777065375
2019-10-18 09:00:00,307.4584224565738,304.38051432417063
2019-10-18 17:00:00,293.9774719614461,295.4873474074072
2019-10-18 18:00:00,293.54752273442017,295.15036605576336
2019-10-18 20:00:00,293.01265397975556,294.46549007374625
2019-10-18 21:00:00,292.44365368859246,293.97264512918764
2019-10-19 05:00:00,303.8586632680085,301.5821674740737
2019-10-19 06:00:00,306.7245868512405,302.8478595751276
2019-10-19 08:00:00,308.66158269990945,304.1021552181391
2019-10-19 09:00:00,307.73180665661266,304.21589218633386
2019-10-19 17:00:00,293.62434286108737,294.9330750217056
2019-10-19 18:00:00,293.2625192604006,294.584287082102
2019-10-19 20:00:00,291.87310419538176,294.79160164243814
2019-10-19 21:00:00,291.4002078251773,294.79651793493144
2019-10-20 05:00:00,303.7647948889593,300.85872644268676
2019-10-20 06:00:00,305.7304904508664,302.1000334941
2019-10-20 08:00:00,307.60270728535943,303.61244495550545
2019-10-20 09:00:00,307.1630122062789,303.77473198136863
2019-10-20 17:00:00,290.95935876784597,295.5339247317087
2019-10-20 18:00:00,290.23632492747254,295.03415224989317
2019-10-20 20:00:00,289.4653504875665,292.9296008376017
2019-10-20 21:00:00,289.1250345850211,292.1418261888031
2019-10-21 05:00:00,303.61407837478333,300.77005700815255
2019-10-21 06:00:00,305.67771584814983,301.91775696082914
2019-10-21 08:00:00,307.6150293335525,303.08599270437094
2019-10-21 09:00:00,307.1270025926305,303.2318189529866
2019-10-21 17:00:00,290.01288801055114,292.30274471994176
2019-10-21 18:00:00,289.3224038240171,291.7987556633854
2019-10-21 20:00:00,288.3712708601048,292.33641188611233
2019-10-21 21:00:00,287.98584433439515,292.4957764659347
2019-10-22 05:00:00,302.8450792544796,300.198404673619
2019-10-22 06:00:00,305.0252229193877,301.3057179267307
2019-10-22 08:00:00,307.54569868607956,302.7186704615048
2019-10-22 09:00:00,307.08822937481943,302.94478389698844
2019-10-22 17:00:00,289.72550110897777,292.1890463101662
2019-10-22 18:00:00,289.1367043376153,291.6581683048666
2019-10-22 20:00:00,288.2323222344021,290.5155317074345
2019-10-22 21:00:00,287.7701483492859,290.1869923454955
2019-10-23 05:00:00,303.94168763241527,301.02014077866943
2019-10-23 06:00:00,305.91473943536937,302.1210105202415
2019-10-23 08:00:00,307.4879519752068,303.0352282649012
2019-10-23 09:00:00,307.0459215960628,303.12979224723733
2019-10-23 17:00:00,289.68039231968953,292.3160801022005
2019-10-23 18:00:00,289.10445271214286,291.75144572911904
2019-10-23 20:00:00,288.2056292517711,290.5405477985212
2019-10-23 21:00:00,287.7049517991547,289.9857234631555
2019-10-24 05:00:00,303.9049213333013,301.00421676283077
2019-10-24 06:00:00,306.341671089913,302.13092809832887
2019-10-24 08:00:00,308.46601049484934,303.6541394437957
2019-10-24 09:00:00,307.76648988415167,303.8779182140192
2019-10-24 17:00:00,290.2253173216833,292.5406624392846
2019-10-24 18:00:00,289.8055352444641,292.1389486727252
2019-10-24 20:00:00,288.65153844330825,290.5541169059295
2019-10-24 21:00:00,288.1665451684608,290.2075163337226
2019-10-25 05:00:00,304.0213813252736,300.6520506589916
2019-10-25 06:00:00,306.0864810796658,301.68353856914035
2019-10-25 08:00:00,307.82813400480154,303.31193220376605
2019-10-25 09:00:00,307.09354585197934,303.4466773269724
2019-10-25 17:00:00,292.63817209675796,294.3385347151793
2019-10-25 18:00:00,292.04928593569434,293.72964703246885
2019-10-25 20:00:00,291.2075676352291,292.9240417715581
2019-10-25 21:00:00,290.9277903552415,292.55127195290686
2019-10-26 05:00:00,301.50932497750443,298.81540902112783
2019-10-26 06:00:00,303.86770477059815,300.15499701595456
2019-10-26 08:00:00,306.3005848606856,301.9341648848288
2019-10-26 09:00:00,306.03752836865164,302.10334194753494
2019-10-26 17:00:00,292.33874824418126,293.97696778660384
2019-10-26 18:00:00,291.6551039450341,293.2589137425592
2019-10-26 20:00:00,290.3400442772911,292.0108226664445
2019-10-26 21:00:00,289.8533170256299,291.44546332454826
2019-10-27 05:00:00,302.05994566930644,298.9891446059217
2019-10-27 06:00:00,304.54565215735295,300.2512684309244
2019-10-27 08:00:00,306.7474015152142,301.98067776484555
2019-10-27 09:00:00,306.5828402479551,302.2408574461386
2019-10-27 17:00:00,291.7898587078453,293.637319085778
2019-10-27 18:00:00,291.0979181651158,292.96447991369683
2019-10-27 20:00:00,289.8783937051594,291.5648583880926
2019-10-27 21:00:00,289.22832024666855,291.39861468063845
2019-10-28 05:00:00,301.8181441767006,299.3179124264945
2019-10-28 06:00:00,303.4411830813932,300.19338662451696
2019-10-28 08:00:00,303.2070921911113,300.61739002574575
2019-10-28 09:00:00,302.3505553023657,300.4861926767969
2019-10-28 17:00:00,292.35957503355525,293.9740595178354
2019-10-28 18:00:00,291.8626291895133,293.4932569083521
2019-10-28 20:00:00,290.7724773718506,292.41880391595544
2019-10-28 21:00:00,290.4946456462466,292.12553118924694
2019-10-29 05:00:00,302.5831094515526,299.38910196595276
2019-10-29 06:00:00,305.17895277402437,300.89540716091915
2019-10-29 08:00:00,307.4523429224046,302.8452815451129
2019-10-29 09:00:00,306.98862745287977,303.01801980698974
2019-10-29 17:00:00,295.3281352508969,296.6577462077325
2019-10-29 18:00:00,294.6281145327998,295.9794978301955
2019-10-29 20:00:00,293.863494379311,295.0348250002633
2019-10-29 21:00:00,293.6890558087036,294.76835267900134
2019-10-30 05:00:00,302.80541166943283,300.2152923442917
2019-10-30 06:00:00,304.9690530362592,301.3182342247162
2019-10-30 08:00:00,308.4994596178616,302.9915638645919
2019-10-30 09:00:00,308.4739178391561,303.16483000063204
2019-10-30 17:00:00,294.2559113818435,295.4412179955716
2019-10-30 18:00:00,293.9587442077731,295.13767154264525
2019-10-30 20:00:00,292.98304250097056,294.3110484165844
2019-10-30 21:00:00,292.62552564059644,293.9509009315714
2019-10-31 05:00:00,305.7218545640378,301.56066852211035
2019-10-31 06:00:00,308.28177559357397,302.63900060903495
2019-10-31 08:00:00,310.38966061631777,304.2679617342487
2019-10-31 09:00:00,310.05849526145244,304.5125582655332
2019-10-31 17:00:00,294.89460585113665,296.5490471556301
2019-10-31 18:00:00,294.4116329669218,296.21987903283446
2019-10-31 20:00:00,293.4067723255128,295.0593435701861
2019-10-31 21:00:00,292.88182646247384,294.53314190175394
2019-11-01 05:00:00,304.86356150387616,302.3703015860865
2019-11-01 06:00:00,307.47695807646534,303.42755007045844
2019-11-01 08:00:00,309.8999563960706,304.6381270727502
2019-11-01 09:00:00,309.47790901172334,304.6935852238871
2019-11-01 17:00:00,294.8951726834102,296.02579976744573
2019-11-01 18:00:00,293.8520207338965,295.22619786431505
2019-11-01 20:00:00,292.3126425250837,294.4675655747048
2019-11-01 21:00:00,291.9517040987412,294.0599878484553
2019-11-02 05:00:00,304.4879099841478,301.5564021270705
2019-11-02 06:00:00,307.29138202402737,302.9476394535764
2019-11-02 08:00:00,307.5568666854882,302.54211806663193
2019-11-02 09:00:00,306.8147067876737,302.6605466775057
2019-11-02 17:00:00,294.6991978250042,295.5628079265953
2019-11-02 18:00:00,294.30942872786557,295.0440067943697
2019-11-02 20:00:00,293.79704162409564,294.79073182092793
2019-11-02 21:00:00,293.36478582773077,294.3018046233614
2019-11-03 05:00:00,300.55020082823484,297.8567712957209
2019-11-03 06:00:00,303.54378038121297,299.03453047506986
2019-11-03 08:00:00,306.86301740696325,301.00504938957323
2019-11-03 09:00:00,307.08495280261405,299.94559566926887
2019-11-03 17:00:00,293.02206395036086,293.5473685947883
2019-11-03 18:00:00,292.46022696708127,292.8532884124615
2019-11-03 20:00:00,291.56061009670077,293.2819608855872
2019-11-03 21:00:00,291.237446836404,292.82742878542103
2019-11-04 05:00:00,303.2964231846696,298.76239512109976
2019-11-04 06:00:00,305.59037319941586,299.6994045357491
2019-11-04 08:00:00,306.1138622125235,301.13336901084307
2019-11-04 09:00:00,305.3401062528966,301.36893382021015
2019-11-04 17:00:00,292.1786399335817,293.77544803942664
2019-11-04 18:00:00,291.3207732495983,293.01138503158404
2019-11-04 20:00:00,289.877432354426,291.5383778294356
2019-11-04 21:00:00,289.11319129602936,290.8158421450293
2019-11-05 05:00:00,303.2564488015667,298.90252962979406
2019-11-05 06:00:00,305.1190072692965,300.0448962947804
2019-11-05 08:00:00,306.61943957030496,301.44074060002174
2019-11-05 09:00:00,306.1731739720138,301.65939173529443
2019-11-05 17:00:00,289.7073059082031,293.43725362580807
2019-11-05 18:00:00,289.08330640513657,291.8835322022989
2019-11-05 20:00:00,288.58939256947286,290.7774041033306
2019-11-05 21:00:00,288.38575180359356,290.47624744950167
2019-11-06 05:00:00,301.50683210516934,299.9013937081689
2019-11-06 06:00:00,303.6336151969451,301.0625831827361
2019-11-06 08:00:00,302.18787853082273,300.9561981530329
2019-11-06 09:00:00,302.96598677201706,301.36062205921525
2019-11-06 17:00:00,294.20710575709177,295.61265213647505
2019-11-06 18:00:00,294.13766963823554,295.37180259011006
2019-11-06 20:00:00,292.50820276292706,293.27973061019355
2019-11-06 21:00:00,291.26086834876673,292.1058158227953
2019-11-07 05:00:00,299.37056919092026,297.25438630231906
2019-11-07 06:00:00,302.2064606559295,298.9007289045948
2019-11-07 08:00:00,305.0961954266706,300.5816672726295
2019-11-07 09:00:00,304.72162384832586,300.729972945156
2019-11-07 17:00:00,291.6368071757406,292.3570453896545
2019-11-07 18:00:00,291.1957324811233,291.9166231552148
2019-11-07 20:00:00,290.86215019519966,291.7661020663927
2019-11-07 21:00:00,290.542067635041,291.29637924217843
2019-11-08 05:00:00,300.2820475244743,296.70020539881824
2019-11-08 06:00:00,302.5362268104024,297.84815059714765
2019-11-08 08:00:00,302.40218697711026,298.88946500287403
2019-11-08 09:00:00,302.5473251930554,299.0927450124215
2019-11-08 17:00:00,292.6342841149846,293.28763534475365
2019-11-08 18:00:00,291.903665010661,292.5835128572579
2019-11-08 20:00:00,291.57273389819227,292.59299651206186
2019-11-08 21:00:00,291.3595717184716,292.33408747174894
2019-11-09 05:00:00,299.98673517494615,297.12072318948475
2019-11-09 06:00:00,302.63573677991684,298.53208439008483
2019-11-09 08:00:00,304.5790470869773,299.60929440349935
2019-11-09 09:00:00,303.8882504596916,299.5854632549551
2019-11-09 17:00:00,292.3372597481326,293.37027405443473
2019-11-09 18:00:00,291.8222239866095,292.8925681092155
2019-11-09 20:00:00,291.26372747906186,292.39570147451155
2019-11-09 21:00:00,290.89128754649585,291.97844055363873
2019-11-10 05:00:00,300.16822751461086,297.47594363737187
2019-11-10 06:00:00,302.3564941923497,298.7500027743253
2019-11-10 08:00:00,305.1539549511644,300.4626864299569
2019-11-10 09:00:00,305.3433924411956,300.88333776441675
2019-11-10 17:00:00,292.1317235067923,293.4812138914511
2019-11-10 18:00:00,291.5240161819341,292.8111789509402
2019-11-10 20:00:00,291.278788562181,292.4613030056006
2019-11-10 21:00:00,290.6978676535866,291.80023734117697
2019-11-11 05:00:00,301.03783354443283,297.88534378968694
2019-11-11 06:00:00,303.89947008976407,299.4464436723565
2019-11-11 08:00:00,305.36334604695327,301.24690618059486
2019-11-11 09:00:00,304.87839304684496,301.40691012483904
2019-11-11 17:00:00,293.041504305941,294.4792508682228
2019-11-11 18:00:00,292.75947711868173,294.057964636475
2019-11-11 20:00:00,291.6683282602366,292.97782963780674
2019-11-11 21:00:00,291.33140060824496,292.58603956225477
2019-11-12 05:00:00,301.58628353830113,298.96967274529175
2019-11-12 06:00:00,303.8189524222963,299.9260395443862
2019-11-12 08:00:00,305.3471148568787,301.1118003480791
2019-11-12 09:00:00,304.6792157236344,301.2160341706592
2019-11-12 17:00:00,292.7774727091033,293.81911354476387
2019-11-12 18:00:00,292.2242307736437,293.44723564818014
2019-11-12 20:00:00,291.2226435774464,292.8513971219996
2019-11-12 21:00:00,290.97845564784916,292.4884773806909
2019-11-13 05:00:00,301.4960542041091,299.3213413044558
2019-11-13 06:00:00,304.3322307192857,300.7482357172092
2019-11-13 08:00:00,305.490794341994,301.7684499449649
2019-11-13 09:00:00,305.0962457642166,301.8316692475729
2019-11-13 17:00:00,293.18414501783843,294.5047234533748
2019-11-13 18:00:00,292.6340952022418,293.97265279384897
2019-11-13 20:00:00,292.1332620582522,293.3993271649894
2019-11-13 21:00:00,291.64232300463004,293.0707365250551
2019-11-14 05:00:00,301.3604885859556,299.1744562510533
2019-11-14 06:00:00,303.84827109220765,300.38542591441757
2019-11-14 08:00:00,305.15844940514705,300.95667792321717
2019-11-14 09:00:00,303.46260809053445,298.68915248688637
2019-11-14 17:00:00,291.28489713272074,292.01320736360475
2019-11-14 18:00:00,291.0383233774241,291.86213371382655
2019-11-14 20:00:00,290.6006426701009,291.2905392874555
2019-11-14 21:00:00,290.37231854407923,291.0935642612734
2019-11-15 05:00:00,299.37805690677214,296.9193532558729
2019-11-15 06:00:00,301.7124135586073,298.4119148195617
2019-11-15 08:00:00,304.1041908675607,299.9402836592429
2019-11-15 09:00:00,303.8970163166064,300.14269965455424
2019-11-15 17:00:00,291.18502170462824,292.4251528888344
2019-11-15 18:00:00,290.73041284029216,292.0993482592661
2019-11-15 20:00:00,290.018896235156,291.8892184641034
2019-11-15 21:00:00,289.64290928069175,291.4257415630417
2019-11-16 05:00:00,299.5422270882111,296.99022572286697
2019-11-16 06:00:00,302.1790388016194,298.48068380723197
2019-11-16 08:00:00,303.67380219211196,299.6915102871982
2019-11-16 09:00:00,303.8460789285199,299.8792328445129
2019-11-16 17:00:00,291.5255248976415,292.8545475564495
2019-11-16 18:00:00,291.1504551633297,292.38905583691707
2019-11-16 20:00:00,290.1613746725356,291.3207273321637
2019-11-16 21:00:00,289.71948799403674,290.85914609465283
2019-11-17 05:00:00,299.9704523542078,296.8640657492522
2019-11-17 06:00:00,302.60102954741075,298.0959340523131
2019-11-17 08:00:00,304.9808717560144,299.9464446128058
2019-11-17 09:00:00,304.28546104960157,300.05868281054387
2019-11-17 17:00:00,290.9570059519152,291.9957112222681
2019-11-17 18:00:00,290.445290328909,291.43155908805016
2019-11-17 20:00:00,289.3678930955602,290.4727164622631
2019-11-17 21:00:00,288.8817634758854,289.97633460563577
2019-11-18 05:00:00,298.94724300719554,295.5881805419922
2019-11-18 06:00:00,301.64266530464545,297.0492214443871
2019-11-18 08:00:00,303.8402002037766,298.5825509422549
2019-11-18 09:00:00,303.00695570371187,298.7468146043493
2019-11-18 17:00:00,289.4932553095884,290.90239895437094
2019-11-18 18:00:00,288.9794879319671,290.33759555904817
2019-11-18 20:00:00,288.1338413514782,289.43223830400893
2019-11-18 21:00:00,287.60186038729955,288.831853904783
2019-11-19 05:00:00,299.5987988958374,295.92272152188013
2019-11-19 06:00:00,302.59217794503564,297.26617610325985
2019-11-19 08:00:00,304.7598195362532,298.87863264980234
2019-11-19 09:00:00,304.1941085368716,299.15193637089664
2019-11-19 17:00:00,288.2671438020257,290.11457735364354
2019-11-19 18:00:00,287.7091162965184,289.5699530367859
2019-11-19 20:00:00,286.87872109905413,288.5657230136207
2019-11-19 21:00:00,286.3461812258869,288.0173945963291
2019-11-20 05:00:00,299.1708157955223,296.32108380945147
2019-11-20 06:00:00,301.859802575251,297.6216479567424
2019-11-20 08:00:00,304.3118330098815,299.09583840862445
2019-11-20 09:00:00,303.9884115492435,299.34502894044476
2019-11-20 17:00:00,289.5914465341436,291.3557561512904
2019-11-20 18:00:00,289.04261634015523,290.8713358686592
2019-11-20 20:00:00,288.6149417542162,290.44614371606855
2019-11-20 21:00:00,288.4529646534031,290.19346526958543
2019-11-21 05:00:00,299.10978277879434,296.96371758553573
2019-11-21 06:00:00,301.67606065747185,298.40536818776184
2019-11-21 08:00:00,304.08794479487676,299.82859571836025
2019-11-21 09:00:00,304.2814814445602,300.1383068396241
2019-11-21 17:00:00,291.48865275096455,292.8918546844153
2019-11-21 18:00:00,291.0822675378738,292.503185724808
2019-11-21 20:00:00,290.25988691944184,291.4635600132641
2019-11-21 21:00:00,289.8399376303463,291.00670582634643
2019-11-22 05:00:00,298.288987146504,296.5249892882831
2019-11-22 06:00:00,300.49915364269856,297.9262407299918
2019-11-22 08:00:00,303.61871232090084,299.82108131726096
2019-11-22 09:00:00,303.7661763853946,300.1536488819563
2019-11-22 17:00:00,292.19546297187986,293.51261643231925
2019-11-22 18:00:00,291.67669249829964,293.0305666225533
2019-11-22 20:00:00,291.10779234147043,292.32601761781194
2019-11-22 21:00:00,290.8605763533817,292.0002551909037
2019-11-23 05:00:00,299.89333434024104,297.6603268945162
2019-11-23 06:00:00,302.5761400643042,299.0762141011712
2019-11-23 08:00:00,305.25770973240833,300.3971576661285
2019-11-23 09:00:00,304.531759841049,300.5206125785463
2019-11-23 17:00:00,292.05357501907235,293.1734943125391
2019-11-23 18:00:00,291.2890038159669,292.39552596317054
2019-11-23 20:00:00,290.54185142575864,291.56448216137056
2019-11-23 21:00:00,290.3128252778839,291.33104596483327
2019-11-24 05:00:00,300.1859647166013,296.9932637030979
2019-11-24 06:00:00,302.3319232158925,298.15344522767145
2019-11-24 08:00:00,304.44709897739307,299.3894320636391
2019-11-24 09:00:00,303.9039590186074,299.54839885694037
2019-11-24 17:00:00,292.19889140312773,293.2832122238465
2019-11-24 18:00:00,291.7246117966568,292.85492947288947
2019-11-24 20:00:00,290.5807235553195,291.55372128244176
2019-11-24 21:00:00,290.1306759168628,291.1164455090539
2019-11-25 05:00:00,299.53307592923915,296.7750700728735
2019-11-25 06:00:00,302.108365897956,298.34010582969444
2019-11-25 08:00:00,304.19004772403764,299.3263044078104
2019-11-25 09:00:00,303.9145362277979,299.4697101516606
2019-11-25 17:00:00,290.113497529816,290.6670814126225
2019-11-25 18:00:00,289.9318904788542,290.5479459836046
2019-11-25 20:00:00,289.89845325252486,291.334934299275
2019-11-25 21:00:00,289.6076546126779,290.95639296709487
2019-11-26 05:00:00,295.1718962306418,294.4093726911971
2019-11-26 06:00:00,297.0777202306433,295.5211139085297
2019-11-26 08:00:00,301.9205704558245,299.08899396005876
2019-11-26 09:00:00,302.30408848085096,299.4945815546304
2019-11-26 17:00:00,290.51831129923437,291.66728031763864
2019-11-26 18:00:00,290.37581804977907,291.5071065047489
2019-11-26 20:00:00,289.39193391726457,290.63947699360193
2019-11-26 21:00:00,288.99745838888254,290.1566059600407
2019-11-27 05:00:00,294.3277497607497,293.4189715980565
2019-11-27 06:00:00,296.3871340523883,294.49617465214664
2019-11-27 08:00:00,302.1742426280064,298.5135930888642
2019-11-27 09:00:00,302.53076658557495,298.91004565316837
2019-11-27 17:00:00,289.6418461733497,290.515673198024
2019-11-27 18:00:00,289.167720847578,290.0117836880206
2019-11-27 20:00:00,288.6939631199066,289.74851505414733
2019-11-27 21:00:00,288.6977923471131,289.6479965938809
2019-11-28 05:00:00,296.7606512225464,294.5137372362228
2019-11-28 06:00:00,299.4146202804495,295.8110891850593
2019-11-28 08:00:00,303.053834982756,297.4999584321432
2019-11-28 09:00:00,302.29575168039474,297.4808611054266
2019-11-28 17:00:00,289.80664441030825,290.46600670954115
2019-11-28 18:00:00,289.2112644236701,289.8562133271816
2019-11-28 20:00:00,288.3917824344018,289.0367426233042
2019-11-28 21:00:00,288.2289311389894,288.7999761313981
2019-11-29 05:00:00,294.94964599609375,292.66510562279564
2019-11-29 06:00:00,298.0590170932294,294.3096308068979
2019-11-29 08:00:00,300.47176872453264,295.6997156598719
2019-11-29 09:00:00,300.5145663833031,296.0185644211498
2019-11-29 17:00:00,287.49896663436544,288.029937273916
2019-11-29 18:00:00,286.90914792382665,287.51997065140034
2019-11-29 20:00:00,286.4741353180449,287.2416500332543
2019-11-29 21:00:00,286.2319845660993,286.9802322270139
2019-11-30 05:00:00,295.9806605311131,292.8447021813532
2019-11-30 06:00:00,298.92556464102677,294.43320179426433
2019-11-30 08:00:00,298.73974872700785,294.67273351260803
2019-11-30 09:00:00,298.32220106315907,294.86130442567895
2019-11-30 17:00:00,288.05331070581093,288.6559360780408
2019-11-30 18:00:00,287.45253823020244,288.04332706116384
2019-11-30 20:00:00,286.53532301516304,287.30247003822734
2019-11-30 21:00:00,286.29985227423197,287.0361247481477
2019-12-01 05:00:00,294.2143493793411,292.0110120259007
2019-12-01 06:00:00,295.89556701378024,292.9251148711735
2019-12-01 08:00:00,300.266673248244,295.11467421991614
2019-12-01 09:00:00,300.39584209518557,295.48523365367544
2019-12-01 17:00:00,287.2133487178291,288.024754904819
2019-12-01 18:00:00,286.44842496381153,287.2996554852267
2019-12-01 20:00:00,285.6997332697841,286.7380703777672
2019-12-01 21:00:00,285.0398915530354,286.09931969312015
2019-12-02 05:00:00,295.7166916857515,292.6953924616974
2019-12-02 06:00:00,298.7268957246801,294.06850871834075
2019-12-02 08:00:00,301.41834984354693,296.0442949950419
2019-12-02 09:00:00,300.99673116298965,296.3721500861076
2019-12-02 17:00:00,284.9860021417791,286.51614403394046
2019-12-02 18:00:00,284.23775913608824,285.84268216690043
2019-12-02 20:00:00,283.04636102097425,284.8679398123767
2019-12-02 21:00:00,282.503232088956,284.50038121110305
2019-12-03 05:00:00,295.70071571009186,292.715021894599
2019-12-03 06:00:00,298.32655687141124,293.99239437532356
2019-12-03 08:00:00,301.1593790157183,295.7291244953549
2019-12-03 09:00:00,300.8017359000325,296.0458156779661
2019-12-03 17:00:00,283.97412913459107,285.6135640430891
2019-12-03 18:00:00,282.7807541246223,284.70182457029
2019-12-03 20:00:00,281.07940694988235,285.0625154939014
2019-12-03 21:00:00,280.50046608664775,283.2191622459282
2019-12-04 05:00:00,295.16185061038914,293.0592263431872
2019-12-04 06:00:00,297.98809207863354,294.560569445782
2019-12-04 08:00:00,300.9306606533715,296.3810423864238
2019-12-04 09:00:00,300.97216096240305,296.7499891613224
2019-12-04 17:00:00,285.37562645675587,287.5793901393521
2019-12-04 18:00:00,284.70564897769407,287.01119715333533
2019-12-04 20:00:00,283.19906265893593,285.5925312953297
2019-12-04 21:00:00,282.7781412744743,285.13600814654757
2019-12-05 05:00:00,294.1931013627486,292.25797646732656
2019-12-05 06:00:00,297.3670713545178,294.09893121704664
2019-12-05 08:00:00,300.71292260027445,295.9895272512098
2019-12-05 09:00:00,300.91214358384144,296.38438236841995
2019-12-05 17:00:00,285.74354496795706,287.54385237260294
2019-12-05 18:00:00,284.84712372061284,286.71066505185263
2019-12-05 20:00:00,283.01878011318496,285.0029268661523
2019-12-05 21:00:00,282.3691616910632,284.32771526977353
2019-12-06 05:00:00,293.9809861616655,291.66411185007433
2019-12-06 06:00:00,296.83195848273937,293.22917125919383
2019-12-06 08:00:00,298.73629302273184,294.46780578895414
2019-12-06 09:00:00,298.13000596432914,294.63224018960966
2019-12-06 17:00:00,285.7030663629893,287.0139260549208
2019-12-06 18:00:00,285.24035653935744,286.5291871715951
2019-12-06 20:00:00,284.41245148692553,285.7628988492287
2019-12-06 21:00:00,284.09323931254664,285.4584536559777
2019-12-07 05:00:00,294.86797091773553,291.8898395132762
2019-12-07 06:00:00,297.7881128108373,293.33835572417604
2019-12-07 08:00:00,300.85505330654433,295.1620538649831
2019-12-07 09:00:00,300.81550835607965,295.62710228025094
2019-12-07 17:00:00,284.77615633877843,286.22377016511285
2019-12-07 18:00:00,283.9834776938605,285.43972811236034
2019-12-07 20:00:00,282.83685876408424,284.2208671158378
2019-12-07 21:00:00,282.3538026265996,283.6718318333795
2019-12-08 05:00:00,294.8247118275412,291.91934770722236
2019-12-08 06:00:00,297.4472235163849,292.984002229429
2019-12-08 08:00:00,300.1614857160806,294.4762273709102
2019-12-08 09:00:00,300.1703512606158,294.8921335276176
2019-12-08 17:00:00,283.8148288814974,286.507454165325
2019-12-08 18:00:00,282.77652823943384,286.06782430639987
2019-12-08 20:00:00,281.4292319698951,285.22315868501124
2019-12-08 21:00:00,281.2359083554778,284.811698431594
2019-12-09 05:00:00,294.6673183117883,292.0849660394372
2019-12-09 06:00:00,297.53927828608016,293.4878223813003
2019-12-09 08:00:00,300.5089710629409,295.22149961498013
2019-12-09 09:00:00,301.04885328201743,295.69976160081774
2019-12-09 17:00:00,285.5011225202234,287.1950662433642
2019-12-09 18:00:00,284.4783987741808,286.35890806694795
2019-12-09 20:00:00,282.8922434426236,286.33981208037153
2019-12-09 21:00:00,282.265643503339,286.6932206352246
2019-12-10 05:00:00,295.4741894644104,292.91696630163443
2019-12-10 06:00:00,298.5088018526098,294.51787897471473
2019-12-10 08:00:00,301.87989637848045,296.3094381323581
2019-12-10 09:00:00,301.96740181897934,296.7773431857305
2019-12-10 17:00:00,284.6806987180548,286.7833258771382
2019-12-10 18:00:00,284.2439824884588,286.29020582766304
2019-12-10 20:00:00,283.43123101232965,285.5985887524527
2019-12-10 21:00:00,283.09468443037366,285.41567017447966
2019-12-11 05:00:00,295.37945676547906,293.1398460964209
2019-12-11 06:00:00,298.6072465517488,294.99833286561665
2019-12-11 08:00:00,301.50679622703046,296.7906750648158
2019-12-11 09:00:00,300.8835714190326,296.89429639631135
2019-12-11 17:00:00,289.1027215566768,290.2120935707504
2019-12-11 18:00:00,288.57031522730284,289.6057538942123
2019-12-11 20:00:00,287.84625331132185,288.7038159480631
2019-12-11 21:00:00,287.43611871516583,288.12118266947647
2019-12-12 05:00:00,292.10264016079424,290.8462953964257
2019-12-12 06:00:00,294.61170597399695,292.2367980910009
2019-12-12 08:00:00,300.1154721205702,296.15244355517655
2019-12-12 09:00:00,300.31166262398887,296.9042742571956
2019-12-12 17:00:00,287.31020189470433,288.0282012751363
2019-12-12 18:00:00,286.7550772503822,287.8636989505339
2019-12-12 20:00:00,285.23340130587025,286.17899598766735
2019-12-12 21:00:00,285.06843740877645,286.095638657204
2019-12-13 05:00:00,290.78437776962306,287.9425216228091
2019-12-13 06:00:00,294.36427615126036,290.3490352542448
2019-12-13 08:00:00,296.2727119669158,291.63938833274904
2019-12-13 09:00:00,296.75586671050416,292.15352389625116
2019-12-13 17:00:00,283.22457695301216,284.2654758682604
2019-12-13 18:00:00,282.48670566835096,283.56420950162214
2019-12-13 20:00:00,281.449164956303,282.6361882896012
2019-12-13 21:00:00,281.0336750894555,282.2102869677434
2019-12-14 05:00:00,291.2847780483346,288.4527546981083
2019-12-14 06:00:00,294.7581064139015,290.00495957666993
2019-12-14 08:00:00,298.1006120584779,291.4868825433435
2019-12-14 09:00:00,298.24591052697514,291.9155021161989
2019-12-14 17:00:00,283.0107247891889,284.25888301337994
2019-12-14 18:00:00,282.32086635407387,283.66233983208843
2019-12-14 20:00:00,281.3914793981426,282.8342593153379
2019-12-14 21:00:00,280.9016559289306,282.25293627064474
2019-12-15 05:00:00,291.26473881467285,288.33596423226993
2019-12-15 06:00:00,294.34665398972425,289.65954594545997
2019-12-15 08:00:00,297.6458501595379,291.2403328635476
2019-12-15 09:00:00,297.6085569502209,291.6685104252561
2019-12-15 17:00:00,283.39613542130627,284.3923873313587
2019-12-15 18:00:00,282.856807197371,283.8271692684509
2019-12-15 20:00:00,281.71741985209366,282.7254439766859
2019-12-15 21:00:00,281.3082579155733,282.3159806732037
2019-12-16 05:00:00,290.3706808457573,287.4131343236139
2019-12-16 06:00:00,293.75608952644245,288.7134193925902
2019-12-16 08:00:00,296.96216057775933,289.90571220409703
2019-12-16 09:00:00,296.7615050564194,290.3164214147441
2019-12-16 17:00:00,281.4937594609194,282.6270080942586
2019-12-16 18:00:00,280.80885100989207,282.0352380690847
2019-12-16 20:00:00,279.8411353865096,281.26564536072624
2019-12-16 21:00:00,279.41479238266203,280.8725932963273
2019-12-17 05:00:00,290.22672268201836,286.9119764424987
2019-12-17 06:00:00,293.42739743554534,288.2950869708656
2019-12-17 08:00:00,296.7786988903451,289.764844074455
2019-12-17 09:00:00,296.8684321140472,290.38703253089193
2019-12-17 17:00:00,281.17627369273794,282.4327419851154
2019-12-17 18:00:00,280.3859843531816,281.74076876177446
2019-12-17 20:00:00,279.0286126746602,280.2999496342405
2019-12-17 21:00:00,278.4526278079934,279.73279224742544
2019-12-18 05:00:00,291.10991049180234,287.6246667753199
2019-12-18 06:00:00,294.62189665854623,289.3339346487459
2019-12-18 08:00:00,298.0098575304029,291.34562807714997
2019-12-18 09:00:00,298.25857619181255,292.02541982594914
2019-12-18 17:00:00,282.4876326926868,284.00321586620646
2019-12-18 18:00:00,281.8027066317471,283.41557664680187
2019-12-18 20:00:00,280.7040046256937,282.3029232172091
2019-12-18 21:00:00,280.24440211691365,281.76027821686307
2019-12-19 05:00:00,291.7512123096155,289.25339297631126
2019-12-19 06:00:00,295.41247988849284,291.40775902135346
2019-12-19 08:00:00,299.3093191420169,293.7474300813601
2019-12-19 09:00:00,299.8809643526474,294.4562016562064
2019-12-19 17:00:00,285.24040386746583,286.3983077180037
2019-12-19 18:00:00,284.7729923853705,285.9672201006732
2019-12-19 20:00:00,283.8300150208554,284.9601577265054
2019-12-19 21:00:00,283.26766852568403,284.42468776614714
2019-12-20 05:00:00,293.09307285302964,290.7461517286962
2019-12-20 06:00:00,296.80357059896085,292.8156378794525
2019-12-20 08:00:00,301.2398958838041,295.25710105014326
2019-12-20 09:00:00,301.3905724523982,295.73525196892456
2019-12-20 17:00:00,286.24327757472435,287.4401807035614
2019-12-20 18:00:00,285.64774793909953,286.91260774256824
2019-12-20 20:00:00,284.89745663494466,286.23244305861937
2019-12-20 21:00:00,284.46230213888254,285.7955904873935
2019-12-21 05:00:00,294.35697278697245,291.65592509829577
2019-12-21 06:00:00,297.06646806102685,293.09184584889465
2019-12-21 08:00:00,300.26512966538064,294.9214753560917
2019-12-21 09:00:00,300.14123276532706,295.13928300243316
2019-12-21 17:00:00,286.4711067893288,287.245935731015
2019-12-21 18:00:00,285.6933285517759,286.511327781736
2019-12-21 20:00:00,284.20568194044023,285.2937282568134
2019-12-21 21:00:00,283.5680051783017,284.6774797483659
2019-12-22 05:00:00,292.6865731167316,290.0094891094096
2019-12-22 06:00:00,296.1309374087764,291.74171304335397
2019-12-22 08:00:00,299.8521407822431,293.7517727938565
2019-12-22 09:00:00,299.9826447379607,294.2089592179826
2019-12-22 17:00:00,283.3959082557901,284.5385352841511
2019-12-22 18:00:00,282.53180082112505,283.69550978274117
2019-12-22 20:00:00,281.3198907320231,282.67603597067904
2019-12-22 21:00:00,280.68621379458483,282.0488398806157
2019-12-23 05:00:00,291.4811783659807,288.7786027764319
2019-12-23 06:00:00,295.2797385334785,290.8729269206983
2019-12-23 08:00:00,299.8887580201512,293.59151368222
2019-12-23 09:00:00,300.3051507653,294.21371991314766
2019-12-23 17:00:00,286.4394962916205,287.4203206254815
2019-12-23 18:00:00,286.52110375167774,287.51699384739294
2019-12-23 20:00:00,285.9460113243256,286.578113808654
2019-12-23 21:00:00,285.8329999597488,286.4429856404686
2019-12-24 05:00:00,291.45697762088156,289.6081634192327
2019-12-24 06:00:00,295.18080378974713,291.64399006847975
2019-12-24 08:00:00,297.4177219055834,292.9238642852736
2019-12-24 09:00:00,297.92544325254,293.40328885447263
2019-12-24 17:00:00,285.90235211999834,286.80708524589363
2019-12-24 18:00:00,284.95721536645175,285.8821369988158
2019-12-24 20:00:00,283.77924331641526,284.6158054628063
2019-12-24 21:00:00,283.34720586885476,284.15720796511613
2019-12-25 05:00:00,291.9985285260828,288.75924329948714
2019-12-25 06:00:00,295.57372807060443,290.66733272417304
2019-12-25 08:00:00,299.3460261928282,292.8611517202322
2019-12-25 09:00:00,299.458825956324,293.33044048009555
2019-12-25 17:00:00,282.3713426869162,283.29572546537196
2019-12-25 18:00:00,281.41643614688167,282.3749550700371
2019-12-25 20:00:00,280.0307979495573,281.10034525302603
2019-12-25 21:00:00,279.31478707852824,280.3713096301251
2019-12-26 05:00:00,291.33800227983704,288.4201651221983
2019-12-26 06:00:00,295.31125644395826,290.41810751328666
2019-12-26 08:00:00,298.9942221854611,292.5161692379803
2019-12-26 09:00:00,298.8729066069945,293.01155059767433
2019-12-26 17:00:00,280.71133044320743,282.25165267497624
2019-12-26 18:00:00,279.63870340356107,281.23100703963877
2019-12-26 20:00:00,277.815508591192,279.4918610465545
2019-12-26 21:00:00,277.0027100690892,278.7350607755923
2019-12-27 05:00:00,290.7039199852613,288.0272700422901
2019-12-27 06:00:00,294.7996538629517,290.18008124258927
2019-12-27 08:00:00,298.9367185336967,292.3670581882283
2019-12-27 09:00:00,298.9713991514891,292.8478450451867
2019-12-27 17:00:00,280.38501867638166,282.0681774921153
2019-12-27 18:00:00,278.9412169845887,280.8470557261321
2019-12-27 20:00:00,276.99056757616887,279.2019355433013
2019-12-27 21:00:00,276.321800220178,278.7527379534094
2019-12-28 05:00:00,290.8177004022113,288.0274757420521
2019-12-28 06:00:00,294.70033003185495,290.06747683391364
2019-12-28 08:00:00,298.75540288093464,292.4742862366381
2019-12-28 09:00:00,298.86169591119,293.12901277938875
2019-12-28 17:00:00,281.5784934680157,283.2248052235561
2019-12-28 18:00:00,280.768987552778,282.39920904456375
2019-12-28 20:00:00,279.24531157835975,280.65607025663735
2019-12-28 21:00:00,278.5855866654078,279.96386723452247
2019-12-29 05:00:00,287.4400111875843,284.61638416825167
2019-12-29 06:00:00,292.34137219163046,287.7890825785915
2019-12-29 08:00:00,296.80241925396797,290.7379527040549
2019-12-29 09:00:00,297.2801221897496,291.4979487391209
2019-12-29 17:00:00,280.24181785642276,281.76734077912084
2019-12-29 18:00:00,279.36779251451304,280.9873549780236
2019-12-29 20:00:00,277.98497634676096,279.67866873483996
2019-12-29 21:00:00,277.31590506108404,278.9863634388693
2019-12-30 05:00:00,288.0938310197028,285.62153378620354
2019-12-30 06:00:00,292.2624532643746,288.15408553254264
2019-12-30 08:00:00,296.50735017514927,290.6848649082272
2019-12-30 09:00:00,297.07356652493473,291.42941060822994
2019-12-30 17:00:00,280.88072768859394,281.73817509679105
2019-12-30 18:00:00,280.04168578913476,280.8203323199679
2019-12-30 20:00:00,278.63033599148184,279.34017208434403
2019-12-30 21:00:00,278.05374914325074,278.7636273917505
2019-12-31 05:00:00,288.6429614521138,285.85953017412606
2019-12-31 06:00:00,292.76700619078935,288.42904065900666
2019-12-31 08:00:00,295.848921083706,289.7380973216382
2019-12-31 09:00:00,296.4970423106236,290.50654054239095
2019-12-31 17:00:00,282.4401092529297,282.95188708665376
2019-12-31 18:00:00,281.50285652054845,282.01218185072133
2019-12-31 20:00:00,281.66731454999126,282.20811351899556
2019-12-31 21:00:00,281.6644427001201,282.12987148008654
