datetime_utc,skt,t2m
2005-01-01 05:00:00,293.4950942875608,289.29480956184847
2005-01-01 06:00:00,297.00828265409075,291.12170193852927
2005-01-01 08:00:00,300.95518782840486,293.32817122308063
2005-01-01 09:00:00,301.32008460563577,293.91216608408973
2005-01-01 17:00:00,281.8158555229199,283.7946089640237
2005-01-01 18:00:00,281.1810082199026,283.08622595929586
2005-01-01 20:00:00,279.9284873927136,281.8350190572636
2005-01-01 21:00:00,279.4524690836714,281.4045342443904
2005-01-02 05:00:00,295.03565511130404,290.85147790659005
2005-01-02 06:00:00,299.2422441150448,292.4479591592986
2005-01-02 08:00:00,303.1706347120194,293.80651248878985
2005-01-02 09:00:00,303.0508632571745,294.14422969494836
2005-01-02 17:00:00,283.9441619073665,285.07720855571824
2005-01-02 18:00:00,283.1666521680741,284.3838294547952
2005-01-02 20:00:00,281.82034894240843,283.16659120345156
2005-01-02 21:00:00,281.2851123075089,282.64770630070905
2005-01-03 05:00:00,292.4327201666928,289.28415286118525
2005-01-03 06:00:00,296.3374439586293,291.0882804647249
2005-01-03 08:00:00,299.8138957912639,292.0424817618677
2005-01-03 09:00:00,299.8019963809632,292.3543614885657
2005-01-03 17:00:00,282.90507610773636,283.81491479153624
2005-01-03 18:00:00,282.1378581747987,283.14270496809246
2005-01-03 20:00:00,281.0063706267229,282.30057110661534
2005-01-03 21:00:00,280.55201570719527,281.87864017339626
2005-01-04 05:00:00,291.75507221897874,288.0873660894315
2005-01-04 06:00:00,295.84911596830165,289.8531585834427
2005-01-04 08:00:00,300.74273930859675,292.09870814248484
2005-01-04 09:00:00,301.3586854155883,292.77270679444484
2005-01-04 17:00:00,282.8950174387504,284.07650782698295
2005-01-04 18:00:00,281.98093699968103,283.21809272002
2005-01-04 20:00:00,280.42762493021866,281.75065492885693
2005-01-04 21:00:00,279.70710646242867,281.07918744902764
2005-01-05 05:00:00,292.6787857267265,288.9939545336049
2005-01-05 06:00:00,297.1405609789174,291.00894334319923
2005-01-05 08:00:00,302.08946662985124,293.50686657263435
2005-01-05 09:00:00,302.7541586665784,294.10767955809416
2005-01-05 17:00:00,284.1511406567872,285.0498632304658
2005-01-05 18:00:00,283.2972481467507,284.2937325828799
2005-01-05 20:00:00,281.80693740727173,283.0629809692571
2005-01-05 21:00:00,281.0650658276856,282.3660411158769
2005-01-06 05:00:00,292.70689528454983,289.23655084689335
2005-01-06 06:00:00,296.8415810418974,291.19890736725375
2005-01-06 08:00:00,301.6437041719081,293.4134026337846
2005-01-06 09:00:00,301.9041426883457,293.9672190896902
2005-01-06 17:00:00,283.70858334392904,284.8961082658342
2005-01-06 18:00:00,282.92147737805766,284.1316052688105
2005-01-06 20:00:00,281.51077707816717,282.78465717709486
2005-01-06 21:00:00,280.92478747727876,282.2373309965678
2005-01-07 05:00:00,293.341579278555,289.359354968431
2005-01-07 06:00:00,297.9701103598385,291.5106666224029
2005-01-07 08:00:00,302.74300169393723,293.79960498310203
2005-01-07 09:00:00,302.7725359383276,294.37781974898286
2005-01-07 17:00:00,283.9013270538283,285.25732922664224
2005-01-07 18:00:00,282.9782122595836,284.4626041406476
2005-01-07 20:00:00,281.3579163867263,282.8767389611948
2005-01-07 21:00:00,280.5434180261174,282.07578622027427
2005-01-08 05:00:00,295.9857892946029,290.22718023408913
2005-01-08 06:00:00,300.27413016438305,292.21451807242516
2005-01-08 08:00:00,304.1697685817724,294.8463985401971
2005-01-08 09:00:00,304.1585606838044,295.45908831815325
2005-01-08 17:00:00,284.5026836659765,286.36833268505035
2005-01-08 18:00:00,283.2304419707076,286.114002080838
2005-01-08 20:00:00,281.74165332482664,283.9014407776537
2005-01-08 21:00:00,281.3062053380651,283.45357909591985
2005-01-09 05:00:00,296.5103471047705,293.35971513698206
2005-01-09 06:00:00,300.667614177122,295.03183839207253
2005-01-09 08:00:00,304.54253108843085,296.8020563346028
2005-01-09 09:00:00,304.47495480200917,297.1859635880622
2005-01-09 17:00:00,286.2193734002958,288.05827291573877
2005-01-09 18:00:00,285.5359369404327,287.3414430074589
2005-01-09 20:00:00,284.77098979274007,286.43892045454544
2005-01-09 21:00:00,284.3398719634775,285.89820069487916
2005-01-10 05:00:00,293.90390839892655,291.01575990744476
2005-01-10 06:00:00,297.8521841369535,292.880623369261
2005-01-10 08:00:00,301.1446973333374,294.55373985631445
2005-01-10 09:00:00,300.81076682256804,294.64084993194916
2005-01-10 17:00:00,284.2831498250389,285.62541605474775
2005-01-10 18:00:00,283.4137337189426,284.8868268311299
2005-01-10 20:00:00,281.82620935190255,283.5477478074366
2005-01-10 21:00:00,281.1724673184481,282.9675110756708
2005-01-11 05:00:00,293.59983656402727,289.6371014187994
2005-01-11 06:00:00,297.3451957056078,291.0174784844021
2005-01-11 08:00:00,301.8765196014075,292.92605557904585
2005-01-11 09:00:00,302.0305772261186,293.43812568088526
2005-01-11 17:00:00,282.4425405728615,284.4271616884299
2005-01-11 18:00:00,281.1540499365385,284.0982038971088
2005-01-11 20:00:00,279.37881196996284,283.5595157429324
2005-01-11 21:00:00,278.70667430248767,283.2481654891615
2005-01-12 05:00:00,293.6897540452484,289.82627283222683
2005-01-12 06:00:00,297.7805573591283,291.54777994728965
2005-01-12 08:00:00,302.53461974721483,293.4859817105192
2005-01-12 09:00:00,303.05017658815547,294.0444989314616
2005-01-12 17:00:00,283.64322127473,285.1440229842035
2005-01-12 18:00:00,282.5663610614136,284.1944620517443
2005-01-12 20:00:00,280.29591165081195,283.27724107645327
2005-01-12 21:00:00,279.4191826818904,283.22009785186344
2005-01-13 05:00:00,294.74483368907397,290.5683920321002
2005-01-13 06:00:00,298.91345052616253,292.43264965651036
2005-01-13 08:00:00,304.08081635414914,294.7398537516778
2005-01-13 09:00:00,304.6478009099035,295.40593690093385
2005-01-13 17:00:00,284.44177452992585,285.95796031981297
2005-01-13 18:00:00,283.38388038012204,284.98050100740926
2005-01-13 20:00:00,281.4538038632903,284.17410090230464
2005-01-13 21:00:00,280.73498316501804,283.76658900750255
2005-01-14 05:00:00,296.25868098137005,292.01094821641925
2005-01-14 06:00:00,300.5319225387691,293.6640325937139
2005-01-14 08:00:00,305.2083716723144,295.71869505425263
2005-01-14 09:00:00,305.4286905062401,296.210861135521
2005-01-14 17:00:00,285.5871293078219,286.9283465839498
2005-01-14 18:00:00,284.7594460603452,286.2305329826837
2005-01-14 20:00:00,283.4682672203781,285.09931969312015
2005-01-14 21:00:00,283.02796214240357,284.6039454573292
2005-01-15 05:00:00,293.972256018311,291.1972869026643
2005-01-15 06:00:00,297.67160302207725,293.05173350188693
2005-01-15 08:00:00,300.6607738195105,294.28127882476946
2005-01-15 09:00:00,301.2800832316395,294.72864514837283
2005-01-15 17:00:00,288.63563906723994,289.26812067017164
2005-01-15 18:00:00,287.71581090800754,288.3514509392079
2005-01-15 20:00:00,286.52136808845034,287.38814230802797
2005-01-15 21:00:00,285.8143931948716,286.65950771619805
2005-01-16 05:00:00,293.4649369485206,290.5513079250906
2005-01-16 06:00:00,296.78433709519305,292.416060672519
2005-01-16 08:00:00,301.37145201414137,294.6162662594271
2005-01-16 09:00:00,302.3198487409642,295.1621577376026
2005-01-16 17:00:00,286.4632569770049,287.30330588600856
2005-01-16 18:00:00,285.56079167393955,286.5633042016639
2005-01-16 20:00:00,284.245869029652,285.4888527610085
2005-01-16 21:00:00,283.71023665370853,284.9881730278027
2005-01-17 05:00:00,292.29978011826336,288.5991208586377
2005-01-17 06:00:00,297.20609014243666,290.2979298313887
2005-01-17 08:00:00,300.9990086254243,292.51152795635863
2005-01-17 09:00:00,300.00832713734025,292.7054979885672
2005-01-17 17:00:00,284.0943672638645,284.7998835441695
2005-01-17 18:00:00,283.1871203876608,284.0374631484962
2005-01-17 20:00:00,282.3557644272438,283.6144342407791
2005-01-17 21:00:00,281.7621668270446,283.0334850011511
2005-01-18 05:00:00,294.3683261254168,289.3375325019261
2005-01-18 06:00:00,297.5648883649124,290.5886043554462
2005-01-18 08:00:00,300.9732517424644,292.166415950734
2005-01-18 09:00:00,300.9562532868701,292.4630825706917
2005-01-18 17:00:00,282.5767560350509,283.81296752083284
2005-01-18 18:00:00,281.76532132893755,283.1656839755724
2005-01-18 20:00:00,280.50155954698937,282.1406289028644
2005-01-18 21:00:00,279.87808408575546,281.59363651128695
2005-01-19 05:00:00,293.95732043814405,289.29805432335803
2005-01-19 06:00:00,298.1344989841267,290.6405650463604
2005-01-19 08:00:00,302.71270180630205,292.26263742784874
2005-01-19 09:00:00,302.7035263837395,292.7603040086837
2005-01-19 17:00:00,282.7413013146728,283.9965989593365
2005-01-19 18:00:00,282.10946170942077,283.5031649408796
2005-01-19 20:00:00,280.0831971014226,281.7615035281894
2005-01-19 21:00:00,279.2319631238564,281.02515776976594
2005-01-20 05:00:00,293.3371996769369,288.9120700877326
2005-01-20 06:00:00,297.443138110803,290.55834659993747
2005-01-20 08:00:00,302.17689918553333,292.36386945398266
2005-01-20 09:00:00,302.76772713918353,292.9655209675042
2005-01-20 17:00:00,283.81839720457106,284.9454896806385
2005-01-20 18:00:00,282.7657482458741,284.1331561401555
2005-01-20 20:00:00,281.8277045721634,283.2942483957817
2005-01-20 21:00:00,281.75051390849205,283.16790679790574
2005-01-21 05:00:00,291.3871102590223,288.7369428731628
2005-01-21 06:00:00,291.2165828992847,289.7721371173124
2005-01-21 08:00:00,296.99111877347366,292.28097851581316
2005-01-21 09:00:00,295.591443524706,291.6875396164246
2005-01-21 17:00:00,283.7939973428547,284.75342977138814
2005-01-21 18:00:00,283.1769889749254,284.21289010775297
2005-01-21 20:00:00,282.2019808729551,283.14890114147966
2005-01-21 21:00:00,282.12197788985003,283.0899797389614
2005-01-22 05:00:00,291.2998686615602,288.50148341762264
2005-01-22 06:00:00,296.09954808122023,290.78981436566323
2005-01-22 08:00:00,302.1157640595282,293.7858968772947
2005-01-22 09:00:00,301.6608426603955,294.2082581836013
2005-01-22 17:00:00,284.7517354109989,285.52222091134047
2005-01-22 18:00:00,283.8648629915917,284.8452582689941
2005-01-22 20:00:00,282.365649536321,283.3010953600491
2005-01-22 21:00:00,281.6656407619294,282.45482563788795
2005-01-23 05:00:00,290.84190131188905,287.1749709824385
2005-01-23 06:00:00,294.69386202161223,288.78286352877626
2005-01-23 08:00:00,297.0118713849131,289.68083386061187
2005-01-23 09:00:00,297.260272409589,290.068075476883
2005-01-23 17:00:00,282.28323042153943,283.0026126855695
2005-01-23 18:00:00,281.5792807651044,282.3907750957002
2005-01-23 20:00:00,280.3704075747168,281.3574118592155
2005-01-23 21:00:00,279.9005622099654,280.9040031256771
2005-01-24 05:00:00,290.3907317174785,286.88429960888595
2005-01-24 06:00:00,293.2781645270819,288.3796341106961
2005-01-24 08:00:00,298.5482345134341,290.922181774545
2005-01-24 09:00:00,299.0121495698009,291.5742632802719
2005-01-24 17:00:00,285.00782592491305,285.57327004830904
2005-01-24 18:00:00,284.5444567288016,285.163338518657
2005-01-24 20:00:00,283.55453230236276,284.2941733244204
2005-01-24 21:00:00,283.2827635355099,284.02077045646394
2005-01-25 05:00:00,289.7923213917596,287.31243245223277
2005-01-25 06:00:00,293.0451316422049,288.9803884826566
2005-01-25 08:00:00,294.46041536257707,289.47991957466115
2005-01-25 09:00:00,293.3755632820777,289.16446813927223
2005-01-25 17:00:00,282.1662406274828,282.9618628315272
2005-01-25 18:00:00,281.4321258733012,282.35743882659773
2005-01-25 20:00:00,279.96181296420576,282.5059346814736
2005-01-25 21:00:00,279.6215450951058,282.4067331087792
2005-01-26 05:00:00,289.0059373147315,287.77778214041734
2005-01-26 06:00:00,295.8383759438349,289.67144662536714
2005-01-26 08:00:00,300.6561019732883,292.18255699874805
2005-01-26 09:00:00,301.5855602152726,292.9391377923669
2005-01-26 17:00:00,284.18393167692636,285.3200423324421
2005-01-26 18:00:00,283.2912536762161,284.62370796379946
2005-01-26 20:00:00,282.1775442866956,283.7991610440341
2005-01-26 21:00:00,281.9406598624537,283.5519451029679
2005-01-27 05:00:00,293.44060663302616,290.56859843719906
2005-01-27 06:00:00,297.55432371071936,292.4588276491327
2005-01-27 08:00:00,300.75731349762856,294.3734865115126
2005-01-27 09:00:00,300.38253523205026,294.9814101161869
2005-01-27 17:00:00,285.24425655888115,286.4170580659699
2005-01-27 18:00:00,284.3767306852414,285.67086408759116
2005-01-27 20:00:00,283.9147295841634,285.2971101593347
2005-01-27 21:00:00,282.9883396754096,284.3003704382569
2005-01-28 05:00:00,293.656790335116,289.24903944864843
2005-01-28 06:00:00,297.2596690878846,290.6663791556571
2005-01-28 08:00:00,301.5193051660006,292.21595197539483
2005-01-28 09:00:00,301.82442988085637,292.7074730495459
2005-01-28 17:00:00,282.25949395272323,283.65087265226254
2005-01-28 18:00:00,281.44023564930876,282.9833416108541
2005-01-28 20:00:00,280.39618806295294,282.0198341451918
2005-01-28 21:00:00,279.9660744218871,281.491117386311
2005-01-29 05:00:00,290.72745192987713,287.23407266907776
2005-01-29 06:00:00,295.1751477868972,289.4456067430588
2005-01-29 08:00:00,300.36565527306135,291.26686984915943
2005-01-29 09:00:00,300.7734807841767,291.6626549531205
2005-01-29 17:00:00,282.3925216510226,283.41073121715954
2005-01-29 18:00:00,281.6364256589916,282.73287058684787
2005-01-29 20:00:00,280.6796006260006,281.9316480780603
2005-01-29 21:00:00,280.21190837278203,281.3911030538644
2005-01-30 05:00:00,291.02787752548244,287.6853440671195
2005-01-30 06:00:00,295.01386809973576,289.74562039838185
2005-01-30 08:00:00,300.10557041256385,291.70145462106666
2005-01-30 09:00:00,301.3689814304534,292.26098578736674
2005-01-30 17:00:00,284.08091390224746,285.2277894571125
2005-01-30 18:00:00,283.17986806625584,284.4276644055759
2005-01-30 20:00:00,282.2167584576482,283.565861118593
2005-01-30 21:00:00,281.73683881245336,283.0256042950694
2005-01-31 05:00:00,292.3812061186381,289.00096922699584
2005-01-31 06:00:00,296.4501137285277,290.8379509077969
2005-01-31 08:00:00,301.2757918206496,292.54012711206093
2005-01-31 09:00:00,302.2454222222139,293.1041960400315
2005-01-31 17:00:00,283.9273232340997,285.1014253589883
2005-01-31 18:00:00,283.1252933966544,284.4262664983012
2005-01-31 20:00:00,282.07986520729,283.5729428895266
2005-01-31 21:00:00,281.56808624502685,283.0108317888022
2005-02-01 05:00:00,293.5256612157602,289.05483411603785
2005-02-01 06:00:00,298.1387454651537,290.78824962269175
2005-02-01 08:00:00,303.269275823984,293.0895403375611
2005-02-01 09:00:00,303.2205996990939,293.78833416907923
2005-02-01 17:00:00,282.86157854312376,284.3405743615102
2005-02-01 18:00:00,281.90446594426373,283.5827294160111
2005-02-01 20:00:00,279.9715427345781,281.6621398925781
2005-02-01 21:00:00,278.8288167709562,280.74967521585194
2005-02-02 05:00:00,294.6970939224784,289.2241012032484
2005-02-02 06:00:00,299.28729076414885,290.94363741882046
2005-02-02 08:00:00,303.65018518386165,293.5715696220222
2005-02-02 09:00:00,303.6394895721107,294.2118213812265
2005-02-02 17:00:00,283.3105511305329,284.87306650687805
2005-02-02 18:00:00,282.29992174992026,283.9857514885431
2005-02-02 20:00:00,279.69455402768085,281.9452886831228
2005-02-02 21:00:00,278.9027638957019,281.41437061468514
2005-02-03 05:00:00,294.1962629650333,290.66868081114876
2005-02-03 06:00:00,298.3910893468166,292.87707227991984
2005-02-03 08:00:00,302.8761411646298,295.2237757372746
2005-02-03 09:00:00,303.58395458627007,295.85234598826924
2005-02-03 17:00:00,285.1798467650803,286.51996446794647
2005-02-03 18:00:00,284.25955183737454,285.80060940641107
2005-02-03 20:00:00,283.09030847299636,285.01296047216573
2005-02-03 21:00:00,282.66561257196315,284.66555330014927
2005-02-04 05:00:00,295.2632433122773,291.4590785609923
2005-02-04 06:00:00,300.25723111427436,293.8117655091367
2005-02-04 08:00:00,305.6326118316415,296.28504955603273
2005-02-04 09:00:00,305.44339870928985,296.67206687515795
2005-02-04 17:00:00,284.5266247060156,289.46257280017636
2005-02-04 18:00:00,283.4664481799298,288.5631272326265
2005-02-04 20:00:00,281.900741835772,285.708619433669
2005-02-04 21:00:00,281.3372331334189,284.18495213489507
2005-02-05 05:00:00,296.05789527834287,292.7594274159389
2005-02-05 06:00:00,300.1238394386045,294.8571250927283
2005-02-05 08:00:00,303.7711339636098,296.39620966977446
2005-02-05 09:00:00,304.7874114472988,296.98975669731533
2005-02-05 17:00:00,288.08528341754743,289.1477026094458
2005-02-05 18:00:00,287.6114398033483,288.68672972504277
2005-02-05 20:00:00,286.5852101800622,287.6372122037209
2005-02-05 21:00:00,285.93772077046117,286.99302109070294
2005-02-06 05:00:00,296.51890592178324,292.99608519191185
2005-02-06 06:00:00,301.12817387514747,295.32448680154715
2005-02-06 08:00:00,303.90165964370516,297.49017524425346
2005-02-06 09:00:00,303.9663317052903,298.3801502292439
2005-02-06 17:00:00,288.66484102739946,290.1960954475109
2005-02-06 18:00:00,287.9349175733851,289.5323062655739
2005-02-06 20:00:00,286.68497557559255,288.36532938388535
2005-02-06 21:00:00,285.82095666071297,287.5580362281741
2005-02-07 05:00:00,298.25694984941526,294.67797134469953
2005-02-07 06:00:00,301.5201802305154,296.25889159497933
2005-02-07 08:00:00,303.4634554588189,297.7236365507858
2005-02-07 09:00:00,303.75085522103564,298.1043016524822
2005-02-07 17:00:00,290.6754878298344,291.8335780303908
2005-02-07 18:00:00,290.52138170145327,291.75732713414266
2005-02-07 20:00:00,289.44485050430654,290.6834161931818
2005-02-07 21:00:00,289.14039790501766,290.36764418215523
2005-02-08 05:00:00,301.15573087201466,294.84512364368413
2005-02-08 06:00:00,305.37805547258705,296.51594146117225
2005-02-08 08:00:00,309.9068201003347,298.5060119628906
2005-02-08 09:00:00,310.12236145207623,299.12719526717035
2005-02-08 17:00:00,290.3780880826648,291.27400426173983
2005-02-08 18:00:00,289.8921888495447,290.79891880781884
2005-02-08 20:00:00,288.3282331281524,288.8343284383577
2005-02-08 21:00:00,287.9144094787504,288.5808707826494
2005-02-09 05:00:00,295.658526780609,292.9689465068705
2005-02-09 06:00:00,299.8780970874663,295.3393401864497
2005-02-09 08:00:00,303.76392600789825,297.8402649066849
2005-02-09 09:00:00,303.0008811539238,298.26288438982147
2005-02-09 17:00:00,288.3132186678048,290.05690094135207
2005-02-09 18:00:00,287.6223048840539,289.3020864995125
2005-02-09 20:00:00,288.03459435508506,289.8444840676612
2005-02-09 21:00:00,288.39580083297477,289.83746824573115
2005-02-10 05:00:00,296.2605944664342,294.45808448262505
2005-02-10 06:00:00,300.47915421355117,296.81417738528023
2005-02-10 08:00:00,305.237000452168,299.3067074674304
2005-02-10 09:00:00,305.7221355467622,299.881837771376
2005-02-10 17:00:00,288.8006296495811,289.6764833188755
2005-02-10 18:00:00,288.27543569603023,289.17620266530844
2005-02-10 20:00:00,287.8515716928914,288.97881772080996
2005-02-10 21:00:00,287.6497316051889,288.7594572516913
2005-02-11 05:00:00,296.2562658136541,294.38069063489354
2005-02-11 06:00:00,299.80951019428176,296.7094372953582
2005-02-11 08:00:00,301.038142881702,298.12895844493335
2005-02-11 09:00:00,301.65994058147606,298.721657822055
2005-02-11 17:00:00,288.55576544292904,290.4669796278003
2005-02-11 18:00:00,287.94480627968056,289.84037515084805
2005-02-11 20:00:00,287.0627562724203,288.89980300879813
2005-02-11 21:00:00,286.63214670895434,288.34198527049585
2005-02-12 05:00:00,299.17695279114054,294.7950105593642
2005-02-12 06:00:00,303.0943279295746,296.73115064623914
2005-02-12 08:00:00,306.9072060136839,299.740938324774
2005-02-12 09:00:00,306.6575511350471,300.2377497315958
2005-02-12 17:00:00,290.722419632969,292.1052992810454
2005-02-12 18:00:00,289.9175406339907,291.398672588801
2005-02-12 20:00:00,288.6600526830265,290.3059275763796
2005-02-12 21:00:00,287.9613350514087,289.3953790414866
2005-02-13 05:00:00,298.10423890100606,294.2202824150285
2005-02-13 06:00:00,301.74857606579235,295.82467768923345
2005-02-13 08:00:00,306.21771531773646,298.1325964552963
2005-02-13 09:00:00,306.5975985534386,298.75476525634394
2005-02-13 17:00:00,288.37799845785133,290.25219164644074
2005-02-13 18:00:00,287.86215092404785,289.713111889197
2005-02-13 20:00:00,286.9110161262594,288.3672033935923
2005-02-13 21:00:00,286.28656626555875,287.665360884233
2005-02-14 05:00:00,298.4669682953869,294.8330555402994
2005-02-14 06:00:00,302.33254706290177,296.50998623088253
2005-02-14 08:00:00,307.10204977026706,299.86384375620696
2005-02-14 09:00:00,307.1285374763383,300.6323432393361
2005-02-14 17:00:00,288.15543263204665,291.3249078876983
2005-02-14 18:00:00,286.9042301736371,290.03647078644883
2005-02-14 20:00:00,285.7431287251195,287.78233365615824
2005-02-14 21:00:00,285.5047472937632,287.88185658036105
2005-02-15 05:00:00,296.48316231420483,294.03925924198285
2005-02-15 06:00:00,299.0309087815013,295.74372586337
2005-02-15 08:00:00,300.1433246301025,296.821786795265
2005-02-15 09:00:00,299.42576180621177,296.7191470576729
2005-02-15 17:00:00,291.83793047653694,292.73824102228343
2005-02-15 18:00:00,290.417534050846,291.17681282878107
2005-02-15 20:00:00,287.3695955203017,288.47379706196136
2005-02-15 21:00:00,286.0774131269411,287.35462034722144
2005-02-16 05:00:00,296.1105374658053,291.2612027960309
2005-02-16 06:00:00,300.09718176984273,293.29494921856195
2005-02-16 08:00:00,304.03343647396986,296.0052520328751
2005-02-16 09:00:00,304.03168509884495,296.61896593655206
2005-02-16 17:00:00,285.68308334468145,287.2604049659106
2005-02-16 18:00:00,284.16714315311566,286.2405048011815
2005-02-16 20:00:00,282.1266659823331,284.92204867746506
2005-02-16 21:00:00,281.5440490205409,284.11622527935106
2005-02-17 05:00:00,296.24896903251096,292.86020040879447
2005-02-17 06:00:00,300.353555782183,295.1301956999651
2005-02-17 08:00:00,303.69954858906283,297.2543803304663
2005-02-17 09:00:00,303.3482982947022,297.2924487050766
2005-02-17 17:00:00,285.2924697241173,286.9650372944554
2005-02-17 18:00:00,284.0680761822199,285.7075497666934
2005-02-17 20:00:00,282.02990837861284,284.21298064950435
2005-02-17 21:00:00,281.1204931791097,283.59180820741346
2005-02-18 05:00:00,295.69817242967696,292.0804847987664
2005-02-18 06:00:00,299.03130546299445,293.2752037107118
2005-02-18 08:00:00,301.87541819426974,294.72384899827114
2005-02-18 09:00:00,301.8914823605577,295.08300825921344
2005-02-18 17:00:00,284.6487667042596,286.06772645265556
2005-02-18 18:00:00,283.6473927314183,285.1710635803881
2005-02-18 20:00:00,281.8780822048569,283.50813530920465
2005-02-18 21:00:00,281.0223715477989,282.5899351851782
2005-02-19 05:00:00,292.389070272813,287.48666071487685
2005-02-19 06:00:00,295.49350958355404,288.88993936547513
2005-02-19 08:00:00,298.77403313353176,290.6147543697034
2005-02-19 09:00:00,298.7360630828905,290.8887055430831
2005-02-19 17:00:00,281.2118964290766,282.7273199848475
2005-02-19 18:00:00,280.20141032590703,281.87071298561034
2005-02-19 20:00:00,278.64446010501433,280.6127837288362
2005-02-19 21:00:00,277.9798522384949,279.98801352761006
2005-02-20 05:00:00,291.74118846076294,287.5119743876171
2005-02-20 06:00:00,295.5127753917535,289.1085599596585
2005-02-20 08:00:00,300.1682055786321,291.19650635329896
2005-02-20 09:00:00,300.5240119734237,291.7770863725518
2005-02-20 17:00:00,282.56280719774713,283.7667515171327
2005-02-20 18:00:00,281.8028969316527,282.9777894571125
2005-02-20 20:00:00,280.6272956836389,281.9632670163007
2005-02-20 21:00:00,280.09884229757023,281.4538667793451
2005-02-21 05:00:00,291.32542882604855,287.32852678343033
2005-02-21 06:00:00,294.9054026552268,289.1983687954802
2005-02-21 08:00:00,299.5706948161309,291.7811806888904
2005-02-21 09:00:00,300.0852920226581,292.4670165169221
2005-02-21 17:00:00,282.63674717507854,284.0602812921321
2005-02-21 18:00:00,281.6629662183106,283.1519796080509
2005-02-21 20:00:00,279.99912674585,281.7606167785927
2005-02-21 21:00:00,279.191659536494,280.95174002390246
2005-02-22 05:00:00,293.70152252150245,288.8744654956694
2005-02-22 06:00:00,297.6038024620209,290.64556351060673
2005-02-22 08:00:00,302.52661233910794,292.92497121755076
2005-02-22 09:00:00,302.8238269353317,293.58237710021126
2005-02-22 17:00:00,283.50327107057734,285.0466127087046
2005-02-22 18:00:00,282.62398936972596,284.2374984200453
2005-02-22 20:00:00,280.9357698555169,282.6769359100765
2005-02-22 21:00:00,280.14766727206523,281.88865903786774
2005-02-23 05:00:00,295.2830983824649,289.9892826638714
2005-02-23 06:00:00,299.5318200768234,291.9247297101836
2005-02-23 08:00:00,305.30040678662033,294.46742605905877
2005-02-23 09:00:00,305.8335607731471,295.24185942427954
2005-02-23 17:00:00,284.3374880421878,286.1620260747078
2005-02-23 18:00:00,283.2157595359673,285.188884717474
2005-02-23 20:00:00,281.39702068969535,285.18351049673026
2005-02-23 21:00:00,280.7720118964949,286.2562813075555
2005-02-24 05:00:00,298.8500383139024,293.2587398299818
2005-02-24 06:00:00,302.854749847083,294.8656270360726
2005-02-24 08:00:00,308.3391924183615,297.59429259219417
2005-02-24 09:00:00,309.0594270820794,298.1965402564944
2005-02-24 17:00:00,288.1000423343229,289.4172829744078
2005-02-24 18:00:00,287.14632574472296,288.6635871264159
2005-02-24 20:00:00,285.7441978513368,287.4956378907379
2005-02-24 21:00:00,285.0947549875786,286.80021963721987
2005-02-25 05:00:00,299.58892716465084,294.933059809939
2005-02-25 06:00:00,303.9066319634625,296.7791856433651
2005-02-25 08:00:00,309.7876140670894,299.00889909506213
2005-02-25 09:00:00,310.2824512593368,299.5406476507202
2005-02-25 17:00:00,289.3198974797465,290.670396120045
2005-02-25 18:00:00,288.4346590203754,289.9455174944251
2005-02-25 20:00:00,286.99695005255234,288.639956128983
2005-02-25 21:00:00,286.3007647921382,287.9644451876083
2005-02-26 05:00:00,300.47493622813647,295.96202665778634
2005-02-26 06:00:00,304.94117729763036,297.88915611231823
2005-02-26 08:00:00,311.0613361470321,300.2879497134263
2005-02-26 09:00:00,311.64732081056195,300.8871205804528
2005-02-26 17:00:00,291.0678448787272,292.30092003679795
2005-02-26 18:00:00,289.8071468923419,291.2873580062702
2005-02-26 20:00:00,287.9732360134507,289.58448412973087
2005-02-26 21:00:00,287.31039478084523,288.89703898143324
2005-02-27 05:00:00,301.7200455158628,297.2950403245829
2005-02-27 06:00:00,305.7896102176426,299.2983556668086
2005-02-27 08:00:00,311.01265534340695,302.2329956665979
2005-02-27 09:00:00,312.3427983358939,302.7794993537233
2005-02-27 17:00:00,292.4113694765535,293.71243333155275
2005-02-27 18:00:00,291.3436996389428,292.79538638639525
2005-02-27 20:00:00,289.3603545954488,291.1924319744845
2005-02-27 21:00:00,288.3480413404562,290.34190521475347
2005-02-28 05:00:00,300.59867508569374,297.3180867857852
2005-02-28 06:00:00,304.67547581559523,299.5604279551925
2005-02-28 08:00:00,310.62225880204073,302.2220812123069
2005-02-28 09:00:00,311.9849580785343,302.8491239856315
2005-02-28 17:00:00,293.2879464923876,294.54871534162385
2005-02-28 18:00:00,292.4870333443805,293.8525382866294
2005-02-28 20:00:00,291.41903028208964,292.96806542348054
2005-02-28 21:00:00,291.3356995193176,292.8172061020862
2005-03-01 05:00:00,300.8445895390444,298.10724763326544
2005-03-01 06:00:00,304.60273103170294,299.701375952487
2005-03-01 08:00:00,311.1755871647863,303.6658396904568
2005-03-01 09:00:00,312.3351619350157,304.39103089789586
2005-03-01 17:00:00,293.03931550435914,294.1228291609989
2005-03-01 18:00:00,292.1220180940555,293.17351361526
2005-03-01 20:00:00,291.34678769809625,292.3632980840416
2005-03-01 21:00:00,290.660314057384,291.5962777394911
2005-03-02 05:00:00,301.9950230720414,297.9575548451193
2005-03-02 06:00:00,306.4524872578532,300.47379602746713
2005-03-02 08:00:00,312.16543170006145,303.71297759304423
2005-03-02 09:00:00,313.01324183106976,304.34939648080126
2005-03-02 17:00:00,295.59477753484936,296.93503959667515
2005-03-02 18:00:00,294.6026854669368,296.07658870561835
2005-03-02 20:00:00,293.28024703438734,294.713119812482
2005-03-02 21:00:00,292.60882885761,293.89611832864114
2005-03-03 05:00:00,303.7399048415832,299.9620645578911
2005-03-03 06:00:00,308.0000884492519,302.24860098769744
2005-03-03 08:00:00,313.950250328781,304.82015885410397
2005-03-03 09:00:00,314.82622171881013,305.44437263853195
2005-03-03 17:00:00,293.6911803305792,295.50179230817844
2005-03-03 18:00:00,292.9870999046761,294.9974097206339
2005-03-03 20:00:00,291.7146623608511,293.4737394124224
2005-03-03 21:00:00,291.25687696459846,292.98095503279535
2005-03-04 05:00:00,302.319181680312,298.59875168528504
2005-03-04 06:00:00,306.3563855469502,300.2935482078047
2005-03-04 08:00:00,311.55017230911136,303.0736195897836
2005-03-04 09:00:00,311.33133066233205,303.6856665941894
2005-03-04 17:00:00,292.0738247958096,293.686405081962
2005-03-04 18:00:00,290.73352015514405,292.51755748213895
2005-03-04 20:00:00,289.99880863889155,291.2392311272526
2005-03-04 21:00:00,289.6068073149271,290.69296118878805
2005-03-05 05:00:00,303.7607423520786,298.3943786385982
2005-03-05 06:00:00,308.57790514647684,300.61776566468694
2005-03-05 08:00:00,312.87508386456176,302.8085523467218
2005-03-05 09:00:00,312.9886114417313,303.2738871522971
2005-03-05 17:00:00,292.68037228812057,294.11898074862773
2005-03-05 18:00:00,291.55248470923567,293.09187660158506
2005-03-05 20:00:00,289.62743369456615,291.5717586758324
2005-03-05 21:00:00,288.87222569822717,290.77593697899107
2005-03-06 05:00:00,303.99594104455326,298.53414848809615
2005-03-06 06:00:00,308.672832541914,300.74838976279614
2005-03-06 08:00:00,313.67293568568533,302.4989439695385
2005-03-06 09:00:00,313.4514622151944,302.8930101203625
2005-03-06 17:00:00,292.6642295237866,294.0916246317201
2005-03-06 18:00:00,291.80810767880575,293.37880717367165
2005-03-06 20:00:00,291.03595476194596,292.51053488897435
2005-03-06 21:00:00,290.96583444274995,292.22232311936483
2005-03-07 05:00:00,304.325371529178,298.61791268041577
2005-03-07 06:00:00,310.16296410229984,301.01342521867326
2005-03-07 08:00:00,314.77002583226,303.15839659892174
2005-03-07 09:00:00,314.62487769457516,303.7058571461353
2005-03-07 17:00:00,294.6850692208265,295.7305257412245
2005-03-07 18:00:00,294.14485756237815,294.9164243677548
2005-03-07 20:00:00,293.0405951266296,293.95450743688457
2005-03-07 21:00:00,292.48999383159344,293.37402484817386
2005-03-08 05:00:00,304.34228428633446,299.73598594254076
2005-03-08 06:00:00,308.7607688962587,301.7287386995618
2005-03-08 08:00:00,312.50917290686095,303.26398090662326
2005-03-08 09:00:00,311.76189332089183,303.4666266066635
2005-03-08 17:00:00,293.52317650182226,294.00284542324727
2005-03-08 18:00:00,292.0184295372162,292.76464672118016
2005-03-08 20:00:00,290.90961805440617,292.0567198578492
2005-03-08 21:00:00,290.45737197476285,291.6166895556339
2005-03-09 05:00:00,303.22177464936294,298.96802251548354
2005-03-09 06:00:00,305.9453974695897,299.8010542624169
2005-03-09 08:00:00,303.50413506130224,297.79327865153874
2005-03-09 09:00:00,305.8029722616375,299.1053939137511
2005-03-09 17:00:00,290.76912777376106,292.22519235948937
2005-03-09 18:00:00,290.3442006867913,291.8421181089522
2005-03-09 20:00:00,289.45973562937115,291.04764602731666
2005-03-09 21:00:00,289.18414137359764,290.5483092791494
2005-03-10 05:00:00,302.9680682683395,296.6099858217871
2005-03-10 06:00:00,304.181879169952,297.30940056141065
2005-03-10 08:00:00,307.339928954702,298.6795596694359
2005-03-10 09:00:00,308.2717260939682,299.2164626158258
2005-03-10 17:00:00,290.9772603368539,291.9628424034648
2005-03-10 18:00:00,290.62416890148756,291.5076319337442
2005-03-10 20:00:00,288.97875090189086,290.008502719215
2005-03-10 21:00:00,288.21646630708904,289.2337628850952
2005-03-11 05:00:00,301.0339719422609,294.8482132075564
2005-03-11 06:00:00,304.49065113508465,296.42891358080186
2005-03-11 08:00:00,308.29014784896685,298.9839702776658
2005-03-11 09:00:00,308.05436017663897,299.4262623838357
2005-03-11 17:00:00,290.54961067282,291.58841179846246
2005-03-11 18:00:00,289.56019126762783,290.6856855442417
2005-03-11 20:00:00,288.09399573938873,289.46306460811104
2005-03-11 21:00:00,287.3173730083166,288.63019816864437
2005-03-12 05:00:00,303.035873319041,296.14684000588346
2005-03-12 06:00:00,306.84930325876957,297.7092953110329
2005-03-12 08:00:00,312.4073190791949,300.34046501077376
2005-03-12 09:00:00,313.2040669774789,301.11907996602343
2005-03-12 17:00:00,290.52510959525324,293.2819802588417
2005-03-12 18:00:00,289.00498727290034,292.95074103168787
2005-03-12 20:00:00,286.97620884405995,290.15338887125023
2005-03-12 21:00:00,286.2903426395175,288.6704132597325
2005-03-13 05:00:00,305.1107019503789,298.77781475049505
2005-03-13 06:00:00,309.2027926922579,300.2432177386409
2005-03-13 08:00:00,314.8413056313349,302.79248223209237
2005-03-13 09:00:00,315.2720172570556,303.4693743877676
2005-03-13 17:00:00,290.1728531377525,294.3647262737821
2005-03-13 18:00:00,288.94662713049377,292.5238996132497
2005-03-13 20:00:00,287.0320508395579,289.85290184079776
2005-03-13 21:00:00,286.398146689581,289.0758855082037
2005-03-14 05:00:00,306.03554996907803,301.5738871240836
2005-03-14 06:00:00,310.5052217739205,303.20175241432133
2005-03-14 08:00:00,316.53648167214885,305.4398463033197
2005-03-14 09:00:00,316.99949993962315,306.07242044645756
2005-03-14 17:00:00,294.2559667743042,296.42761496145664
2005-03-14 18:00:00,293.03055764126304,295.4414660155498
2005-03-14 20:00:00,290.6434155715449,293.2867231089823
2005-03-14 21:00:00,289.6247611258908,292.4672429300787
2005-03-15 05:00:00,307.73181335731357,303.6054495883465
2005-03-15 06:00:00,311.36821959602815,305.3413737198605
2005-03-15 08:00:00,315.102803940031,306.8893920240123
2005-03-15 09:00:00,315.3650801883457,307.2113046984092
2005-03-15 17:00:00,296.2148127151748,298.1301901278033
2005-03-15 18:00:00,295.3677631960077,297.4497340926772
2005-03-15 20:00:00,294.201598227667,296.5876167191563
2005-03-15 21:00:00,293.6645957112129,296.0140558839396
2005-03-16 05:00:00,308.289622466994,303.0187065230312
2005-03-16 06:00:00,312.4543778429781,305.1613500797877
2005-03-16 08:00:00,317.7458659967031,307.76913842434874
2005-03-16 09:00:00,317.6836637899578,308.1262303427298
2005-03-16 17:00:00,297.5065338181788,299.11573784450536
2005-03-16 18:00:00,296.41896082991263,298.1795427883718
2005-03-16 20:00:00,294.74044520021044,296.747579330656
2005-03-16 21:00:00,294.2079150606928,296.17509084269517
2005-03-17 05:00:00,309.0221894533131,303.9472579603386
2005-03-17 06:00:00,312.93025788246945,305.68810823555174
2005-03-17 08:00:00,318.45093262471113,307.7898119204952
2005-03-17 09:00:00,318.72159904397694,308.2954769751691
2005-03-17 17:00:00,298.31856987105317,299.7224912246681
2005-03-17 18:00:00,297.28029452707443,298.8154680578293
2005-03-17 20:00:00,295.55490808237136,297.27254186315787
2005-03-17 21:00:00,294.78408188077816,296.43814632374625
2005-03-18 05:00:00,306.7140297911751,302.7811169029201
2005-03-18 06:00:00,310.2930299027125,304.4378723238576
2005-03-18 08:00:00,315.5299921726409,306.5677207864488
2005-03-18 09:00:00,315.9283631123453,307.1534233622265
2005-03-18 17:00:00,295.57821490694823,297.36279066464937
2005-03-18 18:00:00,294.68770111507183,296.6424177313806
2005-03-18 20:00:00,293.5357444304715,295.7826148034612
2005-03-18 21:00:00,293.1850960001189,295.3799293412266
2005-03-19 05:00:00,307.3021398229849,303.09894783948715
2005-03-19 06:00:00,311.1612684723042,304.87133622132757
2005-03-19 08:00:00,315.7597515652837,307.12063836096246
2005-03-19 09:00:00,316.3880633573135,307.57923329592853
2005-03-19 17:00:00,297.1036142075925,298.7796136888407
2005-03-19 18:00:00,296.08811562748286,298.0226417153569
2005-03-19 20:00:00,295.5045047754132,297.69040467155
2005-03-19 21:00:00,295.0201415310288,296.9659192242498
2005-03-20 05:00:00,308.6473965167265,304.17123659953864
2005-03-20 06:00:00,312.57663551647966,305.8166320048422
2005-03-20 08:00:00,318.07805359639076,307.5534533484508
2005-03-20 09:00:00,318.3098583721049,308.0027996468801
2005-03-20 17:00:00,298.46418456561025,299.81671528162315
2005-03-20 18:00:00,297.8681788275532,299.4157385451401
2005-03-20 20:00:00,297.1308228620579,298.73373410734814
2005-03-20 21:00:00,296.98982057733053,298.55790005112283
2005-03-21 05:00:00,307.32674905221523,303.11574762517756
2005-03-21 06:00:00,310.1455072952529,304.5123132785039
2005-03-21 08:00:00,313.11113124194975,305.8386458762805
2005-03-21 09:00:00,313.1819450484218,306.0284393498637
2005-03-21 17:00:00,297.702634179537,298.0727616649563
2005-03-21 18:00:00,296.48188346780506,296.90925348925487
2005-03-21 20:00:00,295.3495150949628,296.19038287663864
2005-03-21 21:00:00,294.69820889559657,295.42955136997125
2005-03-22 05:00:00,309.12467427540264,300.2394095304751
2005-03-22 06:00:00,313.08803780530747,301.99569807948984
2005-03-22 08:00:00,314.75537976939427,303.6086866616836
2005-03-22 09:00:00,314.25638828365754,303.91753390977857
2005-03-22 17:00:00,294.87431076825675,296.0650888216698
2005-03-22 18:00:00,293.7054066474339,295.0691926365457
2005-03-22 20:00:00,291.77369264388125,293.83187946149127
2005-03-22 21:00:00,290.74485282721616,294.4148275319527
2005-03-23 05:00:00,305.6170238383195,300.50637742146876
2005-03-23 06:00:00,309.68353457223105,302.24198046009786
2005-03-23 08:00:00,314.6397359227914,304.04608001473866
2005-03-23 09:00:00,315.2836137486533,304.6820236464679
2005-03-23 17:00:00,293.9942912849697,295.1458347361701
2005-03-23 18:00:00,293.0009343833512,294.3239076728997
2005-03-23 20:00:00,292.12883167237453,293.75757757577765
2005-03-23 21:00:00,291.3916970651212,292.89800745606976
2005-03-24 05:00:00,307.4517963568125,299.88235962666425
2005-03-24 06:00:00,311.2462944653809,301.0191215432847
2005-03-24 08:00:00,315.2943991733075,302.68799672178204
2005-03-24 09:00:00,315.1588114310854,303.16519200305913
2005-03-24 17:00:00,293.24572412993405,294.7239796266718
2005-03-24 18:00:00,292.2025256281825,293.9239813476939
2005-03-24 20:00:00,290.32804642546523,292.3196609567604
2005-03-24 21:00:00,289.59476448611593,291.6385032289385
2005-03-25 05:00:00,306.2049925206071,300.9256340461813
2005-03-25 06:00:00,310.29112633938786,302.6774318089654
2005-03-25 08:00:00,315.87401288095714,305.1048516977366
2005-03-25 09:00:00,316.15379375816315,305.765286602849
2005-03-25 17:00:00,295.808283918995,297.743236359536
2005-03-25 18:00:00,295.2019120320701,297.37581823786894
2005-03-25 20:00:00,294.44851353061955,296.5555805035843
2005-03-25 21:00:00,294.23783413691586,296.36415071884176
2005-03-26 05:00:00,307.8598975841364,303.30276251794373
2005-03-26 06:00:00,311.5802583856098,304.9762406782671
2005-03-26 08:00:00,315.7471654624528,307.12806774544975
2005-03-26 09:00:00,315.6379970321303,307.50387791896634
2005-03-26 17:00:00,297.51457120310545,298.90268612054905
2005-03-26 18:00:00,296.94115091802894,298.57658266323193
2005-03-26 20:00:00,296.9901452439224,298.5424812211094
2005-03-26 21:00:00,296.8843466783709,298.2397479746485
2005-03-27 05:00:00,307.7294497732389,302.3892106818859
2005-03-27 06:00:00,311.4143990867862,303.86907911961913
2005-03-27 08:00:00,315.45055736194956,305.8722612001863
2005-03-27 09:00:00,315.6260438281326,306.21049541831934
2005-03-27 17:00:00,297.72221898812177,298.8196601573785
2005-03-27 18:00:00,296.64138657580173,297.9524833079663
2005-03-27 20:00:00,294.2521372884741,295.81534786841536
2005-03-27 21:00:00,293.31366904895003,294.9885243091084
2005-03-28 05:00:00,308.30661295228083,302.8359389106739
2005-03-28 06:00:00,312.3084181211028,304.3579836523588
2005-03-28 08:00:00,316.2715075805852,305.65292894454507
2005-03-28 09:00:00,316.8546303394947,306.16407750016555
2005-03-28 17:00:00,295.8536469352264,297.298216198185
2005-03-28 18:00:00,294.8006346339621,296.5249586531488
2005-03-28 20:00:00,293.6123922198139,295.6234533606766
2005-03-28 21:00:00,292.74327411857337,294.77060815843487
2005-03-29 05:00:00,307.2721119367838,302.01798066078976
2005-03-29 06:00:00,311.24113553698146,303.89225223582406
2005-03-29 08:00:00,317.6209215302313,306.0828457495832
2005-03-29 09:00:00,318.76289807335803,306.72586579168524
2005-03-29 17:00:00,295.8295343102219,297.2472696642295
2005-03-29 18:00:00,294.9186290864401,296.564390585125
2005-03-29 20:00:00,293.4908833555154,295.14620792994333
2005-03-29 21:00:00,292.78686909021695,294.39558655161335
2005-03-30 05:00:00,307.4844998446378,301.8096748904565
2005-03-30 06:00:00,311.2024359328354,303.16051411445045
2005-03-30 08:00:00,315.84587508614516,304.942729038891
2005-03-30 09:00:00,316.09876207724926,305.25232173408307
2005-03-30 17:00:00,294.62976093027737,296.17924052798327
2005-03-30 18:00:00,293.69357412658604,295.39646474312195
2005-03-30 20:00:00,292.2741793028563,294.09424702742797
2005-03-30 21:00:00,291.7116794909461,293.3633970193025
2005-03-31 05:00:00,307.4477335455238,300.4716507921969
2005-03-31 06:00:00,311.5968518132238,302.0927709688207
2005-03-31 08:00:00,315.522004278856,304.01727111534274
2005-03-31 09:00:00,315.25640949078814,304.3726134689637
2005-03-31 17:00:00,292.9289140510266,294.67637949327843
2005-03-31 18:00:00,291.70756566028564,293.73826622632333
2005-03-31 20:00:00,289.5639207366802,291.915413455346
2005-03-31 21:00:00,288.4463904664403,290.8697407021545
2005-04-01 05:00:00,309.5793795357867,301.39192270240727
2005-04-01 06:00:00,313.8999232452346,302.7564348358954
2005-04-01 08:00:00,317.8396122584174,304.90729672001396
2005-04-01 09:00:00,317.6017807312482,305.4053630152909
2005-04-01 17:00:00,293.62257484001077,295.3467398527407
2005-04-01 18:00:00,291.60826040306154,294.5358000345333
2005-04-01 20:00:00,288.900816672021,291.51879546601896
2005-04-01 21:00:00,288.0513355978098,291.0196928662034
2005-04-02 05:00:00,310.54653907152834,303.84386113758995
2005-04-02 06:00:00,315.19806921537196,305.07193874835235
2005-04-02 08:00:00,320.34839965162,307.0680316754593
2005-04-02 09:00:00,320.11258536457836,307.4961365169296
2005-04-02 17:00:00,295.62454298868755,297.7449826797462
2005-04-02 18:00:00,294.2998358633927,296.74011799440547
2005-04-02 20:00:00,291.68345905415634,294.18737922280525
2005-04-02 21:00:00,290.77759731862875,293.1803579462695
2005-04-03 05:00:00,314.4421826613886,306.1277349909943
2005-04-03 06:00:00,318.0705179881609,307.6803309788873
2005-04-03 08:00:00,319.49139446617096,309.0578155987803
2005-04-03 09:00:00,319.0786568240502,309.2148836250482
2005-04-03 17:00:00,296.21377826802353,298.15091252731065
2005-04-03 18:00:00,294.451179398594,296.6168052073803
2005-04-03 20:00:00,291.53360006511673,294.3044707264482
2005-04-03 21:00:00,290.4995945723288,293.5820970579362
2005-04-04 05:00:00,312.5654754168448,306.3035653089338
2005-04-04 06:00:00,316.87743757391934,307.5215552378509
2005-04-04 08:00:00,322.0174980692577,309.5399368121554
2005-04-04 09:00:00,321.69907145213637,309.9317979386481
2005-04-04 17:00:00,296.15251944943094,300.2766418927256
2005-04-04 18:00:00,293.9672097322203,301.0926341099438
2005-04-04 20:00:00,291.2625253733207,296.790659735493
2005-04-04 21:00:00,290.45537431949094,294.0971464324622
2005-04-05 05:00:00,313.13465093721413,307.95687353666096
2005-04-05 06:00:00,316.78959338360096,309.2713194672242
2005-04-05 08:00:00,321.7691861991706,311.1120659544582
2005-04-05 09:00:00,321.91716381948794,311.4482179239094
2005-04-05 17:00:00,297.9346944988233,299.58026416937264
2005-04-05 18:00:00,295.2591151397658,300.9062768263148
2005-04-05 20:00:00,292.1009785515502,295.2929984917075
2005-04-05 21:00:00,291.2569826240716,294.3492180540676
2005-04-06 05:00:00,313.37839365813693,308.1114240978458
2005-04-06 06:00:00,316.8927127267988,309.61899320958025
2005-04-06 08:00:00,318.65915617626877,311.02042587585925
2005-04-06 09:00:00,318.19319223365727,311.15517673580604
2005-04-06 17:00:00,300.0085381741516,302.0591155582658
2005-04-06 18:00:00,299.04067866203417,301.14518956447426
2005-04-06 20:00:00,298.1481779595186,300.41450916637075
2005-04-06 21:00:00,297.51622065704305,299.5859734486726
2005-04-07 05:00:00,309.079858788724,304.87930293149316
2005-04-07 06:00:00,312.593127798777,306.72596728967045
2005-04-07 08:00:00,315.7650217488294,308.517967165343
2005-04-07 09:00:00,315.54480728125907,308.4761613983954
2005-04-07 17:00:00,296.6983029875439,298.5272774953504
2005-04-07 18:00:00,295.8414447002676,297.8635716842393
2005-04-07 20:00:00,294.70855936247324,297.05214671177566
2005-04-07 21:00:00,293.9881481764313,296.24117654056874
2005-04-08 05:00:00,310.0753613488149,303.4545581976328
2005-04-08 06:00:00,313.73835613327145,304.9217135483752
2005-04-08 08:00:00,316.0745764968943,306.2117379868894
2005-04-08 09:00:00,315.37615675257604,306.29066636566023
2005-04-08 17:00:00,293.4623021623937,295.01377205635623
2005-04-08 18:00:00,292.23452471952044,294.00958230793015
2005-04-08 20:00:00,290.58566023205026,292.9030688833933
2005-04-08 21:00:00,289.7919743659868,292.1848450412368
2005-04-09 05:00:00,307.68785102268214,300.0225712757081
2005-04-09 06:00:00,311.65484423997407,301.5771454045512
2005-04-09 08:00:00,315.23669247855025,303.91675620527224
2005-04-09 09:00:00,314.4819506629039,304.25100689198825
2005-04-09 17:00:00,292.36711609639076,293.71500350881615
2005-04-09 18:00:00,291.22899259734777,292.76807806782074
2005-04-09 20:00:00,289.587017982142,291.46659900447804
2005-04-09 21:00:00,288.8252466140066,290.727258620534
2005-04-10 05:00:00,306.91617973339396,299.142564700087
2005-04-10 06:00:00,310.13052885411145,300.2624223471056
2005-04-10 08:00:00,314.73972178313693,302.05237860304925
2005-04-10 09:00:00,315.0086366862105,302.554368523126
2005-04-10 17:00:00,291.9317574523079,293.45250181130524
2005-04-10 18:00:00,290.7537232620874,292.59848652561936
2005-04-10 20:00:00,288.3235242282298,290.534749623256
2005-04-10 21:00:00,287.2479219598285,289.605347338002
2005-04-11 05:00:00,306.14019013626734,300.1374814543408
2005-04-11 06:00:00,310.20057678222656,301.4363158803508
2005-04-11 08:00:00,315.5367877178457,303.0599442116101
2005-04-11 09:00:00,315.84710730977343,303.5189399190236
2005-04-11 17:00:00,292.6304385944949,294.1587738601379
2005-04-11 18:00:00,291.5512477833612,293.36098582498465
2005-04-11 20:00:00,289.49565921542455,291.6378063090226
2005-04-11 21:00:00,288.2694524168417,290.65232169646515
2005-04-12 05:00:00,309.1473153324451,301.68001574029904
2005-04-12 06:00:00,314.0314208796285,303.0277592169669
2005-04-12 08:00:00,319.03464156563734,305.30919528485083
2005-04-12 09:00:00,318.60854620558825,305.8221520892644
2005-04-12 17:00:00,294.28847601233724,295.99893242552395
2005-04-12 18:00:00,293.06583222328976,295.04764988315856
2005-04-12 20:00:00,291.04327568912356,293.31875107211215
2005-04-12 21:00:00,289.97485393882715,292.36254816981057
2005-04-13 05:00:00,312.09838469847693,304.7052373195466
2005-04-13 06:00:00,316.74592404593307,306.0936813472049
2005-04-13 08:00:00,322.0439512373303,308.0163791462527
2005-04-13 09:00:00,322.2233751058946,308.4577335539878
2005-04-13 17:00:00,295.4826478649545,297.2245511376803
2005-04-13 18:00:00,293.72913013805044,296.42874230148243
2005-04-13 20:00:00,291.2173991622102,294.58992126652936
2005-04-13 21:00:00,290.40092052112925,293.922873827636
2005-04-14 05:00:00,313.2795440250626,306.75471237958493
2005-04-14 06:00:00,317.47281417494014,308.21991359434435
2005-04-14 08:00:00,322.2803615340834,310.18935056900943
2005-04-14 09:00:00,321.9711036388239,310.54872042004973
2005-04-14 17:00:00,297.51953543499917,299.38624979498206
2005-04-14 18:00:00,296.4519024394877,298.55802607132216
2005-04-14 20:00:00,295.2416343512631,297.6442631984529
2005-04-14 21:00:00,294.58747308904475,296.79474321315394
2005-04-15 05:00:00,312.07857079645515,306.08947330704086
2005-04-15 06:00:00,315.9931139835775,307.8635219109628
2005-04-15 08:00:00,320.4155622109059,309.52700793908446
2005-04-15 09:00:00,320.39806889091693,309.7288560911394
2005-04-15 17:00:00,298.0902581119391,299.7689271054025
2005-04-15 18:00:00,296.95776207311127,298.9085198447958
2005-04-15 20:00:00,295.14106468353515,297.41856431299806
2005-04-15 21:00:00,294.2666933503467,296.5978491596522
2005-04-16 05:00:00,314.0607342595128,306.0115300018358
2005-04-16 06:00:00,318.07943572762935,307.58063428317456
2005-04-16 08:00:00,322.32162887032484,309.99125238780067
2005-04-16 09:00:00,321.42570867082924,310.2974449122447
2005-04-16 17:00:00,297.7754794504316,299.330295721445
2005-04-16 18:00:00,296.0707662197401,298.06339730613956
2005-04-16 20:00:00,293.7677766773477,296.1882612231333
2005-04-16 21:00:00,292.96954131750925,295.6016257922345
2005-04-17 05:00:00,313.71792670721635,306.41676941858424
2005-04-17 06:00:00,318.0476142401321,307.57512346217743
2005-04-17 08:00:00,322.1152442262059,309.29699848098636
2005-04-17 09:00:00,321.72081153528717,309.66568087208987
2005-04-17 17:00:00,298.21217889300846,300.17096483321694
2005-04-17 18:00:00,296.84330333362925,299.0927811256726
2005-04-17 20:00:00,293.889546963026,298.0367008673575
2005-04-17 21:00:00,292.6371333235401,296.9956803990439
2005-04-18 05:00:00,314.0275864564399,307.0700265564059
2005-04-18 06:00:00,318.35579652007453,308.56755084726956
2005-04-18 08:00:00,322.1232510700432,310.6261594798789
2005-04-18 09:00:00,321.5814507577012,310.92163412743616
2005-04-18 17:00:00,297.2502836865159,299.89505061309774
2005-04-18 18:00:00,295.3129512980833,297.94176230408567
2005-04-18 20:00:00,292.97541637450047,299.1279482143502
2005-04-18 21:00:00,292.1414293427313,299.39311608548155
2005-04-19 05:00:00,315.55155385256916,308.540127629308
2005-04-19 06:00:00,319.53793104550874,310.0072985209743
2005-04-19 08:00:00,323.4119677433431,311.77716417121593
2005-04-19 09:00:00,323.09124499586954,312.05977471914423
2005-04-19 17:00:00,298.09279448005196,300.5829378900983
2005-04-19 18:00:00,296.06619866933954,298.81590745922966
2005-04-19 20:00:00,293.57717197224247,300.13745415780136
2005-04-19 21:00:00,292.66757982721316,298.1057660495188
2005-04-20 05:00:00,314.0934512427849,308.66871936956795
2005-04-20 06:00:00,317.7277935245556,310.3172748489263
2005-04-20 08:00:00,324.04934814641217,312.5346748105183
2005-04-20 09:00:00,324.3135994792168,312.90385721497614
2005-04-20 17:00:00,300.73781833736854,302.6744261331661
2005-04-20 18:00:00,299.63321790415995,301.71747373983567
2005-04-20 20:00:00,298.3730195314381,300.6522487646259
2005-04-20 21:00:00,297.534811034592,299.4982849262161
2005-04-21 05:00:00,316.9402637452301,309.8344143483966
2005-04-21 06:00:00,320.4414308662591,311.11785246815265
2005-04-21 08:00:00,323.80357833415593,312.5341419049514
2005-04-21 09:00:00,323.75559104131804,312.82708968293315
2005-04-21 17:00:00,303.29617389508496,304.33320883352695
2005-04-21 18:00:00,302.60840751283524,303.6997907547444
2005-04-21 20:00:00,301.4430860569371,302.63635474911825
2005-04-21 21:00:00,300.3533162732705,301.5829260874603
2005-04-22 05:00:00,315.8406394876207,308.69288632902783
2005-04-22 06:00:00,320.46467954756116,310.23204783482254
2005-04-22 08:00:00,323.27179484080824,311.9644364179191
2005-04-22 09:00:00,320.9286241575456,311.897538924254
2005-04-22 17:00:00,301.8859030983665,303.0010529740015
2005-04-22 18:00:00,301.08124945453943,302.3090989593365
2005-04-22 20:00:00,299.8989712049487,301.23124593725925
2005-04-22 21:00:00,299.34251530769245,300.66957926933867
2005-04-23 05:00:00,310.8089368023748,306.21435831360895
2005-04-23 06:00:00,314.29897615171177,307.72734888015066
2005-04-23 08:00:00,320.06278060654466,309.903193210784
2005-04-23 09:00:00,319.7110561376727,310.2340072608325
2005-04-23 17:00:00,299.179398617502,300.650382184468
2005-04-23 18:00:00,298.46822299575217,299.9262524150737
2005-04-23 20:00:00,296.5518144275448,298.2854997961106
2005-04-23 21:00:00,295.50745837383533,297.48456193779947
2005-04-24 05:00:00,312.3804444487914,307.2578887704341
2005-04-24 06:00:00,315.2850048376709,308.3613646379421
2005-04-24 08:00:00,317.5641885296038,309.2779637881898
2005-04-24 09:00:00,317.2140836554059,309.3002350370763
2005-04-24 17:00:00,298.9776817991848,300.40209297920785
2005-04-24 18:00:00,298.1862894537269,299.8216640901492
2005-04-24 20:00:00,295.9363204180184,297.8353864437626
2005-04-24 21:00:00,294.93111101100556,296.87383106860614
2005-04-25 05:00:00,315.36439441275337,307.0480337980532
2005-04-25 06:00:00,318.1020319017313,308.25977117365056
2005-04-25 08:00:00,320.45855997376526,309.6660015652838
2005-04-25 09:00:00,319.7558163024244,309.98937518056624
2005-04-25 17:00:00,299.7703629362932,300.8634949670918
2005-04-25 18:00:00,298.7954603057062,300.0666273966409
2005-04-25 20:00:00,296.786153549406,298.43280955639386
2005-04-25 21:00:00,296.1115042006106,297.8600742240165
2005-04-26 05:00:00,312.5503354300336,306.4218126952373
2005-04-26 06:00:00,316.116847363018,307.9195045976683
2005-04-26 08:00:00,319.31917627272884,309.5471229729557
2005-04-26 09:00:00,318.1649366475768,309.6661642159813
2005-04-26 17:00:00,299.4365798644549,300.8920592086157
2005-04-26 18:00:00,298.66763404411233,300.26866168711325
2005-04-26 20:00:00,297.52817146289516,299.18376453558363
2005-04-26 21:00:00,297.0348791231176,298.6383348885229
2005-04-27 05:00:00,313.67949506057244,307.2153228148474
2005-04-27 06:00:00,316.7041464924629,308.4246968179712
2005-04-27 08:00:00,317.97917015416596,309.27600810046556
2005-04-27 09:00:00,317.0589497570632,308.776620473994
2005-04-27 17:00:00,296.1717137599763,296.9854750905089
2005-04-27 18:00:00,295.5866756351042,296.52751641648206
2005-04-27 20:00:00,294.13072909926785,294.71454494576244
2005-04-27 21:00:00,293.53827983462395,294.25316179037463
2005-04-28 05:00:00,312.3402995857509,305.0863553886237
2005-04-28 06:00:00,315.67598965355353,306.58600509478975
2005-04-28 08:00:00,317.7989185962178,307.66408974951696
2005-04-28 09:00:00,316.9636931103441,307.96366289841194
2005-04-28 17:00:00,298.29254223275444,298.9722182827848
2005-04-28 18:00:00,296.93284621040334,297.20338216584713
2005-04-28 20:00:00,296.3673084417734,296.38704628496214
2005-04-28 21:00:00,295.86474294324506,295.772043425056
2005-04-29 05:00:00,297.242892978004,295.57361650981227
2005-04-29 06:00:00,298.1072613403133,296.65692733506023
2005-04-29 08:00:00,309.4804711481456,301.62944935944114
2005-04-29 09:00:00,310.9987337791314,302.5879874442502
2005-04-29 17:00:00,295.18924371046353,296.271280297513
2005-04-29 18:00:00,294.54488188239566,295.5879150766805
2005-04-29 20:00:00,292.3840985408366,293.819838560601
2005-04-29 21:00:00,291.72234430298414,293.7459020394206
2005-04-30 05:00:00,310.8752842742967,303.0428168439351
2005-04-30 06:00:00,313.809643220828,304.4195700999585
2005-04-30 08:00:00,315.94344667220156,306.09487200297633
2005-04-30 09:00:00,316.08701283318237,306.42029535090796
2005-04-30 17:00:00,297.80931230024856,298.9546209491089
2005-04-30 18:00:00,297.02251508386547,298.27521793500665
2005-04-30 20:00:00,295.07023357279684,297.63892426806717
2005-04-30 21:00:00,294.4153278979756,296.85325921151235
2005-05-01 05:00:00,297.6032645485618,295.32346178239965
2005-05-01 06:00:00,297.36085049433774,296.49382557450167
2005-05-01 08:00:00,312.3945543380291,305.6627096167331
2005-05-01 09:00:00,313.3784124200994,306.0154256717817
2005-05-01 17:00:00,295.64194445029614,296.7286992242046
2005-05-01 18:00:00,294.887070572064,296.0324518706288
2005-05-01 20:00:00,293.85876123930893,297.2580864998887
2005-05-01 21:00:00,293.240014333387,296.73475411860346
2005-05-02 05:00:00,309.9603729953384,304.9722195053688
2005-05-02 06:00:00,312.53285363054795,306.05981160826605
2005-05-02 08:00:00,315.36174081764165,307.779912257966
2005-05-02 09:00:00,314.13225826974644,307.7336217706854
2005-05-02 17:00:00,296.17815783578556,296.96004261551724
2005-05-02 18:00:00,295.2325342116628,296.0398886141314
2005-05-02 20:00:00,293.87405811656606,295.1097317124001
2005-05-02 21:00:00,293.33660218601784,294.4469012714498
2005-05-03 05:00:00,311.56837493943505,304.2657872980291
2005-05-03 06:00:00,313.8378675604822,305.4447140451205
2005-05-03 08:00:00,313.75034914178366,305.3158186573093
2005-05-03 09:00:00,313.2394559416455,305.37983590759376
2005-05-03 17:00:00,295.8100280761719,297.04031917530875
2005-05-03 18:00:00,294.5828129984381,296.1509350745814
2005-05-03 20:00:00,293.4341317810153,297.19158888524413
2005-05-03 21:00:00,292.9392118762564,295.57383596364446
2005-05-04 05:00:00,308.5527710290095,303.93323177108414
2005-05-04 06:00:00,312.2626120122078,305.36820384350324
2005-05-04 08:00:00,315.0724171548853,306.6870911867115
2005-05-04 09:00:00,314.23908371183285,307.0226981188006
2005-05-04 17:00:00,297.65945408707955,299.38438401420603
2005-05-04 18:00:00,296.8099804894399,298.5752552896509
2005-05-04 20:00:00,294.8573289115917,295.99084869996057
2005-05-04 21:00:00,294.27087712692,295.4556825987547
2005-05-05 05:00:00,309.7319046044019,304.62384834936114
2005-05-05 06:00:00,310.8919588156584,305.1786010224941
2005-05-05 08:00:00,313.64680941777164,306.45898362264063
2005-05-05 09:00:00,314.07062411785864,306.86038485440343
2005-05-05 17:00:00,298.3521404765971,299.54620728103333
2005-05-05 18:00:00,297.4143550737613,298.76840762474865
2005-05-05 20:00:00,296.7556117076903,298.63723303467174
2005-05-05 21:00:00,296.4250945574698,298.2197300421622
2005-05-06 05:00:00,310.6590901567315,306.0728117673901
2005-05-06 06:00:00,313.52499777583756,307.46521736697537
2005-05-06 08:00:00,316.9728816991962,309.0398648912991
2005-05-06 09:00:00,316.2068448764701,309.0359550205695
2005-05-06 17:00:00,300.13551424611336,301.8204326659028
2005-05-06 18:00:00,299.47406732356427,301.30533213093764
2005-05-06 20:00:00,298.94435371199086,300.9863372943802
2005-05-06 21:00:00,298.7728500248655,300.74447297976457
2005-05-07 05:00:00,310.46216603236496,305.76077023639886
2005-05-07 06:00:00,313.488133199777,307.4810249316858
2005-05-07 08:00:00,317.3818750837,309.83476847456126
2005-05-07 09:00:00,317.4855959147261,310.07055245562583
2005-05-07 17:00:00,301.28056354258206,302.6289336170732
2005-05-07 18:00:00,300.67842576977654,302.23276798383483
2005-05-07 20:00:00,300.0615652874916,301.7612338308561
2005-05-07 21:00:00,299.70077681578175,301.34245848104655
2005-05-08 05:00:00,311.31990794224436,306.1835210062506
2005-05-08 06:00:00,314.5791913283808,307.9984454373917
2005-05-08 08:00:00,317.20620090384693,309.5189855778346
2005-05-08 09:00:00,316.9259198722193,309.82800422280525
2005-05-08 17:00:00,299.68267906906055,301.3907400169432
2005-05-08 18:00:00,299.0982420088147,300.9654291091237
2005-05-08 20:00:00,298.2115105157273,300.2227444171171
2005-05-08 21:00:00,297.74916511617937,299.6999547220709
2005-05-09 05:00:00,311.4082010325004,306.4213315143791
2005-05-09 06:00:00,314.3711605689191,307.8057201602977
2005-05-09 08:00:00,317.7156704519122,309.05975466406403
2005-05-09 09:00:00,317.9571021598734,309.4159915730105
2005-05-09 17:00:00,299.1719127120149,300.63948397643765
2005-05-09 18:00:00,298.07296583648827,299.714153930476
2005-05-09 20:00:00,297.3927668261418,299.2422302904409
2005-05-09 21:00:00,297.13296706283404,298.74835202727
2005-05-10 05:00:00,314.8104000003386,306.85600259601614
2005-05-10 06:00:00,317.76612821088185,308.3477893705912
2005-05-10 08:00:00,319.4026434711756,309.7710705773305
2005-05-10 09:00:00,319.1128998978296,309.94866101657294
2005-05-10 17:00:00,298.15241832762547,300.12667719719036
2005-05-10 18:00:00,296.92445538113776,299.1034582575958
2005-05-10 20:00:00,295.99977290501766,298.78385530304286
2005-05-10 21:00:00,295.93007806857304,298.58202633615264
2005-05-11 05:00:00,312.06791959742003,307.2145394676456
2005-05-11 06:00:00,315.2069401204678,308.8323024285409
2005-05-11 08:00:00,318.12124664353667,310.1538397696426
2005-05-11 09:00:00,318.5338886889912,310.41382814004726
2005-05-11 17:00:00,299.6015508854518,301.5062713623047
2005-05-11 18:00:00,298.69343936020863,300.7387358396557
2005-05-11 20:00:00,297.74741877245793,299.8957264904616
2005-05-11 21:00:00,297.29184143348544,299.4075631022637
2005-05-12 05:00:00,311.4441105823488,306.3960193228465
2005-05-12 06:00:00,314.9849734783907,308.55347923431634
2005-05-12 08:00:00,319.54399795414673,311.3813361827692
2005-05-12 09:00:00,320.1102074621638,311.7993794398609
2005-05-12 17:00:00,300.64358732108894,302.4126861055019
2005-05-12 18:00:00,299.76525422788364,301.6578277681936
2005-05-12 20:00:00,299.0156805570394,301.1809717304718
2005-05-12 21:00:00,298.91432345115527,301.21083127625735
2005-05-13 05:00:00,312.57120087187167,308.0746812629406
2005-05-13 06:00:00,316.10539642945275,310.1982359335125
2005-05-13 08:00:00,319.20830052732873,312.1699677924346
2005-05-13 09:00:00,319.1618397011779,312.39461965222944
2005-05-13 17:00:00,303.0345059293444,304.29113115919023
2005-05-13 18:00:00,302.19471044790214,303.54683364374426
2005-05-13 20:00:00,300.14891094566315,301.7309082924677
2005-05-13 21:00:00,299.22574943460194,300.88312369465643
2005-05-14 05:00:00,314.80221510594725,308.2404908590214
2005-05-14 06:00:00,319.52407305560234,310.3070571499723
2005-05-14 08:00:00,323.8469436010705,312.9294930856291
2005-05-14 09:00:00,323.34411527048826,313.25989583019856
2005-05-14 17:00:00,301.89781696807444,303.83916265314275
2005-05-14 18:00:00,301.2907627617082,303.3588962407987
2005-05-14 20:00:00,300.69884576782795,302.4615488390342
2005-05-14 21:00:00,300.23604291025407,302.0148172716514
2005-05-15 05:00:00,313.9063529791928,308.72368832251686
2005-05-15 06:00:00,317.71721582162917,310.84052898483395
2005-05-15 08:00:00,321.92275168678975,313.0801327651014
2005-05-15 09:00:00,322.3464376393746,313.5120852900948
2005-05-15 17:00:00,302.37842036689557,304.3358581495946
2005-05-15 18:00:00,301.5578138824604,303.6623861021915
2005-05-15 20:00:00,300.4573329931415,302.5811712561844
2005-05-15 21:00:00,299.94154790516814,301.9206758801853
2005-05-16 05:00:00,314.299456721278,309.55869578874353
2005-05-16 06:00:00,317.8680287083419,311.65091461981024
2005-05-16 08:00:00,321.94047593409175,314.0898125741074
2005-05-16 09:00:00,322.12501572901374,314.24576007860657
2005-05-16 17:00:00,303.91392096238803,305.49867758728874
2005-05-16 18:00:00,302.97523884119346,304.70113559717026
2005-05-16 20:00:00,302.5316704748592,304.47028525988753
2005-05-16 21:00:00,302.2386744988534,303.920353212048
2005-05-17 05:00:00,313.68718939312436,308.8244148806908
2005-05-17 06:00:00,316.9850995691238,310.7476458439291
2005-05-17 08:00:00,320.63663467383714,312.9904037969321
2005-05-17 09:00:00,321.01281324483585,313.3994226911219
2005-05-17 17:00:00,303.2339322364937,304.53155557547217
2005-05-17 18:00:00,302.5714892606339,303.8694683950745
2005-05-17 20:00:00,301.1607372125235,302.64285337098386
2005-05-17 21:00:00,300.6783659336931,302.25135546950236
2005-05-18 05:00:00,312.80789915769606,307.11973552968357
2005-05-18 06:00:00,316.57283436168325,309.14187231783876
2005-05-18 08:00:00,321.78424446094203,311.6372828314595
2005-05-18 09:00:00,321.9887773369788,312.1084853350106
2005-05-18 17:00:00,303.76534683862343,304.89388523189973
2005-05-18 18:00:00,302.8084289832916,304.0459684774578
2005-05-18 20:00:00,301.5791604816455,302.98740164781753
2005-05-18 21:00:00,301.08152956734824,302.5235227752357
2005-05-19 05:00:00,314.8514658688397,309.5319381032042
2005-05-19 06:00:00,318.2462941362237,311.36285205247407
2005-05-19 08:00:00,322.3987909678502,313.8231180717104
2005-05-19 09:00:00,322.47137465278615,314.0496248500924
2005-05-19 17:00:00,304.70453078353717,306.2355532653527
2005-05-19 18:00:00,303.95611022102815,305.55648295868343
2005-05-19 20:00:00,302.5428096730096,304.10835259059917
2005-05-19 21:00:00,301.397477207272,302.9105108699005
2005-05-20 05:00:00,315.3314092368668,309.89185696500476
2005-05-20 06:00:00,318.838390191641,312.00930334717174
2005-05-20 08:00:00,323.23001818076494,314.6470234169982
2005-05-20 09:00:00,323.2112496586169,314.99551819505973
2005-05-20 17:00:00,303.93614749291277,305.5538238854548
2005-05-20 18:00:00,302.6768318023446,304.50945396011895
2005-05-20 20:00:00,300.87578412307244,302.721236453769
2005-05-20 21:00:00,299.8111177982277,301.6320459633285
2005-05-21 05:00:00,317.9480541446727,310.7290418768884
2005-05-21 06:00:00,321.8233427920584,312.6414223598956
2005-05-21 08:00:00,324.35198509086996,314.49820863227086
2005-05-21 09:00:00,324.16240556949094,314.85411944044023
2005-05-21 17:00:00,304.37680354654697,306.2319254118416
2005-05-21 18:00:00,303.77816671362643,305.7933829708717
2005-05-21 20:00:00,303.5414493601936,305.4997663453841
2005-05-21 21:00:00,303.18055769768995,304.8136574108906
2005-05-22 05:00:00,314.97036091902964,310.06822507884726
2005-05-22 06:00:00,317.8955820139457,311.6254003022228
2005-05-22 08:00:00,321.9451199900388,313.54391404256245
2005-05-22 09:00:00,322.17850848228795,313.8050318219813
2005-05-22 17:00:00,304.6401516954043,305.84945695168807
2005-05-22 18:00:00,303.98471859313304,305.28101930779934
2005-05-22 20:00:00,302.6722183345096,304.01751351613666
2005-05-22 21:00:00,302.10622889161664,303.32006429193206
2005-05-23 05:00:00,315.4909855588375,309.78224819283275
2005-05-23 06:00:00,318.1046911630498,310.93331003997287
2005-05-23 08:00:00,322.2850427612869,312.11384521390335
2005-05-23 09:00:00,321.9935748037094,312.3355699254111
2005-05-23 17:00:00,303.68554080910235,304.87582023632365
2005-05-23 18:00:00,302.85968024631495,304.15730008212006
2005-05-23 20:00:00,301.2566050572094,302.71149934789247
2005-05-23 21:00:00,300.38726080143584,301.92644292658025
2005-05-24 05:00:00,318.53409065046736,310.15750361884875
2005-05-24 06:00:00,322.3346938734246,311.01067673223224
2005-05-24 08:00:00,326.2439045017049,312.61721028238304
2005-05-24 09:00:00,325.39101441652275,312.9179441337409
2005-05-24 17:00:00,303.3364125914493,304.45433058540334
2005-05-24 18:00:00,302.3047924071137,303.5713295488402
2005-05-24 20:00:00,299.8578036033501,301.6785834125819
2005-05-24 21:00:00,299.2491087127356,301.4139238542695
2005-05-25 05:00:00,317.90534227838504,310.2292905316698
2005-05-25 06:00:00,320.4689714052644,311.4263920482759
2005-05-25 08:00:00,323.11921579040626,313.10131445651064
2005-05-25 09:00:00,322.90978404369855,313.3869642307652
2005-05-25 17:00:00,303.03985214821176,304.4221768136752
2005-05-25 18:00:00,301.6238282237472,303.22434795362005
2005-05-25 20:00:00,300.6773485086732,302.64163071642673
2005-05-25 21:00:00,300.2275129415221,301.9201202392578
2005-05-26 05:00:00,316.71239503175707,309.93803704354355
2005-05-26 06:00:00,320.3594089502179,311.29885504535974
2005-05-26 08:00:00,323.1317165004454,312.509063908793
2005-05-26 09:00:00,322.7793012716003,312.7967688703023
2005-05-26 17:00:00,303.29386055451147,304.51230349783174
2005-05-26 18:00:00,302.25968893136377,303.7960726557234
2005-05-26 20:00:00,300.4755766270525,302.03011276174584
2005-05-26 21:00:00,299.53886937874677,301.1777466948851
2005-05-27 05:00:00,319.8791786041025,309.9011593952385
2005-05-27 06:00:00,323.1380144304414,311.439133231188
2005-05-27 08:00:00,325.00952519914955,312.2493461056373
2005-05-27 09:00:00,324.774152429519,312.5710119826401
2005-05-27 17:00:00,302.7683616602917,304.05100060978725
2005-05-27 18:00:00,301.67939386823326,303.23864952992585
2005-05-27 20:00:00,299.5317704446144,301.8904425058233
2005-05-27 21:00:00,297.9202252874389,300.47280185505497
2005-05-28 05:00:00,318.97284807813554,310.19480004920433
2005-05-28 06:00:00,320.94286740248674,311.1043755012595
2005-05-28 08:00:00,322.8194261971167,312.2773816265935
2005-05-28 09:00:00,322.8548800757927,312.6122874537675
2005-05-28 17:00:00,303.3483045957122,304.082797434003
2005-05-28 18:00:00,302.9029360684482,303.70190116988124
2005-05-28 20:00:00,301.6538265798419,302.9382578845384
2005-05-28 21:00:00,300.9236370022014,302.16631499350717
2005-05-29 05:00:00,318.1720028540754,308.59563146276724
2005-05-29 06:00:00,320.95497916622776,309.63172371839346
2005-05-29 08:00:00,324.12168070788744,311.09395478282397
2005-05-29 09:00:00,323.1439255066388,311.602102741071
2005-05-29 17:00:00,302.20514263981846,303.309356266251
2005-05-29 18:00:00,301.02067398988225,302.35667652194786
2005-05-29 20:00:00,299.2493612468702,300.22687771507697
2005-05-29 21:00:00,298.4359098413876,299.5630675140992
2005-05-30 05:00:00,316.46220353277874,307.6829910160764
2005-05-30 06:00:00,319.41552057251545,308.66366523072605
2005-05-30 08:00:00,321.3325629564941,309.3972005976367
2005-05-30 09:00:00,320.9575825648609,309.7524843847807
2005-05-30 17:00:00,301.2185520354331,302.2909343701849
2005-05-30 18:00:00,300.2437918829073,301.56939379863996
2005-05-30 20:00:00,298.658175264191,300.39504066784684
2005-05-30 21:00:00,297.9859107771346,299.79720937673045
2005-05-31 05:00:00,316.8797101695292,308.65376077190575
2005-05-31 06:00:00,320.3768491583355,310.0206114029848
2005-05-31 08:00:00,321.92884175399047,311.35013428674824
2005-05-31 09:00:00,321.31689194501456,311.5075996528238
2005-05-31 17:00:00,301.4176583782367,302.8978795784831
2005-05-31 18:00:00,300.14024668077843,301.88368876358766
2005-05-31 20:00:00,298.0186753706499,300.22766350744683
2005-05-31 21:00:00,297.1860213316461,299.4620043456279
2005-06-01 05:00:00,320.46816976632476,310.6586013582344
2005-06-01 06:00:00,322.9351407419919,312.0706603251547
2005-06-01 08:00:00,323.1412820213565,312.9411883479091
2005-06-01 09:00:00,322.54880329713984,313.08650212221784
2005-06-01 17:00:00,302.7399751636758,304.09764099121094
2005-06-01 18:00:00,301.8790359849739,303.43732107953036
2005-06-01 20:00:00,300.570465228958,302.4423655787675
2005-06-01 21:00:00,300.27004214905446,302.25504555724257
2005-06-02 05:00:00,314.72068913581745,309.4525481754532
2005-06-02 06:00:00,317.81006524742844,311.02407575939395
2005-06-02 08:00:00,320.9224128899479,312.9216066428068
2005-06-02 09:00:00,321.58124940751696,313.3298766337484
2005-06-02 17:00:00,303.711677751115,305.1634899544973
2005-06-02 18:00:00,302.9204844752519,304.42622775179217
2005-06-02 20:00:00,302.03856634248757,303.68037360474955
2005-06-02 21:00:00,301.651077999356,303.2809550986268
2005-06-03 05:00:00,312.52712109864035,307.46764657089636
2005-06-03 06:00:00,315.9030767596558,309.3979830279005
2005-06-03 08:00:00,320.49909432386215,312.05327833084556
2005-06-03 09:00:00,320.97476384378905,312.43579000464206
2005-06-03 17:00:00,303.72257095125315,304.8630322660614
2005-06-03 18:00:00,303.03992547974195,304.3359443652795
2005-06-03 20:00:00,302.5118542217143,304.02802308351494
2005-06-03 21:00:00,302.4284177289355,303.8122828972909
2005-06-04 05:00:00,312.87096283946454,307.87926881669665
2005-06-04 06:00:00,316.4125809632759,310.065678812506
2005-06-04 08:00:00,320.8757026096338,313.14660014430257
2005-06-04 09:00:00,321.26799149946737,313.70889115296825
2005-06-04 17:00:00,304.6493369456616,305.93341927315316
2005-06-04 18:00:00,304.03507172712375,305.3335248950083
2005-06-04 20:00:00,303.01833231827516,304.4571455145838
2005-06-04 21:00:00,302.7081584019359,304.0839775567429
2005-06-05 05:00:00,313.9022393366222,308.88972397908594
2005-06-05 06:00:00,317.64276739041134,311.1616881242702
2005-06-05 08:00:00,321.8376096892982,314.0241998986948
2005-06-05 09:00:00,322.60881047182716,314.72903383604734
2005-06-05 17:00:00,305.3580583240292,306.50188402549145
2005-06-05 18:00:00,304.45024395723743,305.7531134983057
2005-06-05 20:00:00,303.8300400368054,305.2653830459195
2005-06-05 21:00:00,303.27408269520714,304.6175417907433
2005-06-06 05:00:00,313.65306295856305,308.16422827769134
2005-06-06 06:00:00,317.4862188683085,310.19087129895604
2005-06-06 08:00:00,322.5990031614142,313.0149760665071
2005-06-06 09:00:00,322.62629979490686,313.4645159093919
2005-06-06 17:00:00,304.99591485304165,305.9411744997939
2005-06-06 18:00:00,304.19503283390463,305.30860886772166
2005-06-06 20:00:00,303.32501030262154,304.5059397598996
2005-06-06 21:00:00,302.928816079726,304.0506588505303
2005-06-07 05:00:00,314.8916202539288,308.66933635129766
2005-06-07 06:00:00,318.42324104955645,310.0277752986491
2005-06-07 08:00:00,323.1249275383854,312.2071974744047
2005-06-07 09:00:00,323.1199640823623,312.59221448148895
2005-06-07 17:00:00,304.1791800570965,304.6205477486773
2005-06-07 18:00:00,303.52350784560383,304.2039921882524
2005-06-07 20:00:00,302.2586162784618,302.9174756959701
2005-06-07 21:00:00,301.47436003839294,302.25839666005095
2005-06-08 05:00:00,314.50830992711894,308.041584032526
2005-06-08 06:00:00,318.03678073501,309.5677764845555
2005-06-08 08:00:00,322.38355585459755,311.8307383203727
2005-06-08 09:00:00,323.0228014506618,312.57108855872013
2005-06-08 17:00:00,302.5752375856938,302.86496749901437
2005-06-08 18:00:00,301.5819216641513,302.2280868036538
2005-06-08 20:00:00,300.82087152654475,301.5381846846711
2005-06-08 21:00:00,300.6939403140122,301.73816541016384
2005-06-09 05:00:00,314.12716576057517,308.0953008478338
2005-06-09 06:00:00,317.6850140164556,309.8570447078288
2005-06-09 08:00:00,322.40614158971283,312.61027381085836
2005-06-09 09:00:00,322.85324451699285,313.260457678091
2005-06-09 17:00:00,304.6796016604948,305.9064102995745
2005-06-09 18:00:00,303.8567699320695,305.19339299606065
2005-06-09 20:00:00,301.78039882289613,303.0293921189977
2005-06-09 21:00:00,300.99232776800545,302.35282865033497
2005-06-10 05:00:00,313.6335071393264,308.3610148143327
2005-06-10 06:00:00,317.3302862229076,310.40586284055547
2005-06-10 08:00:00,322.09898294175537,313.08694977606024
2005-06-10 09:00:00,322.4522380388022,313.6923854927804
2005-06-10 17:00:00,303.46808799426253,304.9660599859911
2005-06-10 18:00:00,302.91175651844185,304.5964358995435
2005-06-10 20:00:00,302.6545341503455,304.19497151661363
2005-06-10 21:00:00,302.4586688072546,303.84891203188204
2005-06-11 05:00:00,312.87439315161095,307.8543824840952
2005-06-11 06:00:00,316.33642864962025,309.8010276477032
2005-06-11 08:00:00,321.19846751914,312.75563702928633
2005-06-11 09:00:00,321.4046257971248,313.13159196145364
2005-06-11 17:00:00,304.91381582016203,306.19176331506856
2005-06-11 18:00:00,304.17689848019637,305.35668143579517
2005-06-11 20:00:00,302.01856237567256,303.1259753634272
2005-06-11 21:00:00,300.8142824804838,302.04454861069314
2005-06-12 05:00:00,313.2285842072615,307.89789194539077
2005-06-12 06:00:00,316.37007651307,309.5202981628512
2005-06-12 08:00:00,319.9608951327613,311.77298935242175
2005-06-12 09:00:00,320.05531080625093,312.2585644361969
2005-06-12 17:00:00,303.92769111433455,305.0938976505321
2005-06-12 18:00:00,303.2439188435559,304.4356555909332
2005-06-12 20:00:00,301.3399138604915,302.3841981579233
2005-06-12 21:00:00,300.70619206362403,301.66955667504544
2005-06-13 05:00:00,313.09253042541417,307.285436691966
2005-06-13 06:00:00,316.1889233934494,308.59989966817193
2005-06-13 08:00:00,319.67128420978185,310.0578866026986
2005-06-13 09:00:00,320.50512201576646,310.7813813337376
2005-06-13 17:00:00,304.014191379165,304.7158135647767
2005-06-13 18:00:00,303.35426537465247,304.1594210537997
2005-06-13 20:00:00,302.7849808562151,303.69379068853675
2005-06-13 21:00:00,302.3257728423837,303.06731975537787
2005-06-14 05:00:00,314.4745418037215,307.7990644128738
2005-06-14 06:00:00,318.10114023828726,309.14615500616185
2005-06-14 08:00:00,321.64445688397564,310.6370397018174
2005-06-14 09:00:00,320.84408731563434,310.79219297341467
2005-06-14 17:00:00,303.9702103060824,304.50014633390316
2005-06-14 18:00:00,303.1405490117007,303.86291597951174
2005-06-14 20:00:00,301.72693183793126,302.7397308114497
2005-06-14 21:00:00,301.20938434806556,302.3250242682928
2005-06-15 05:00:00,314.54259059535707,308.84556826457765
2005-06-15 06:00:00,316.6280743521058,309.7837254270016
2005-06-15 08:00:00,319.21678149865477,311.18072079510097
2005-06-15 09:00:00,320.3065922859086,311.82727927750176
2005-06-15 17:00:00,304.63758673763425,305.64205622268935
2005-06-15 18:00:00,303.6381678647363,304.8527279047092
2005-06-15 20:00:00,302.7183414923575,303.9814329455924
2005-06-15 21:00:00,302.321041254123,303.4705308817201
2005-06-16 05:00:00,313.503515987073,308.4905178028924
2005-06-16 06:00:00,316.1215945157138,309.82928034190223
2005-06-16 08:00:00,321.3360284414424,312.1461468947871
2005-06-16 09:00:00,321.35485322596656,312.3492265416221
2005-06-16 17:00:00,303.99428740561655,305.20528229653195
2005-06-16 18:00:00,303.2930299497349,304.7267533876863
2005-06-16 20:00:00,302.38054916781533,303.8455358661011
2005-06-16 21:00:00,301.94813610482475,303.34738704640256
2005-06-17 05:00:00,313.09120500326526,307.9356608339378
2005-06-17 06:00:00,316.3226438266654,309.60922189486234
2005-06-17 08:00:00,320.4496518268791,312.03610111936035
2005-06-17 09:00:00,321.23801235204854,312.63707097175495
2005-06-17 17:00:00,303.56090880689345,304.95764374108455
2005-06-17 18:00:00,302.76793622456273,304.33859647918376
2005-06-17 20:00:00,301.7787211554811,303.41487100421926
2005-06-17 21:00:00,301.34460940603486,302.9037382951687
2005-06-18 05:00:00,314.64632842500333,308.7034644551564
2005-06-18 06:00:00,318.3575569000009,310.39932949260134
2005-06-18 08:00:00,321.7498041984664,312.21765900833765
2005-06-18 09:00:00,321.72827324771737,312.59174296374687
2005-06-18 17:00:00,304.4978014177461,305.65377309179087
2005-06-18 18:00:00,303.5366617446688,304.8578214953971
2005-06-18 20:00:00,302.62826237142184,304.3018819047784
2005-06-18 21:00:00,302.17189169297416,303.8127966882268
2005-06-19 05:00:00,317.82718184695955,311.2226633268806
2005-06-19 06:00:00,321.6378237778674,312.38206902784634
2005-06-19 08:00:00,326.2142696527561,313.89680137693057
2005-06-19 09:00:00,326.3042710455614,314.2205397924767
2005-06-19 17:00:00,307.34966098215256,307.97736472672057
2005-06-19 18:00:00,306.5598528234543,307.26621971659375
2005-06-19 20:00:00,305.7176574565964,306.3620473570743
2005-06-19 21:00:00,305.15394030366735,305.6844388141838
2005-06-20 05:00:00,311.9968697616977,308.9024986419913
2005-06-20 06:00:00,315.0635667045605,310.3877179773269
2005-06-20 08:00:00,324.1671290933994,313.57179069812935
2005-06-20 09:00:00,325.7676104294317,314.4346251877137
2005-06-20 17:00:00,306.850222218753,307.2008041123213
2005-06-20 18:00:00,306.06566207250944,306.47913385282493
2005-06-20 20:00:00,304.52869653922204,305.1987744817748
2005-06-20 21:00:00,304.0146792842354,304.5588212446733
2005-06-21 05:00:00,317.09662255520817,309.5851331807799
2005-06-21 06:00:00,321.03911088611386,310.9193577935406
2005-06-21 08:00:00,327.2092295501192,313.4406314138639
2005-06-21 09:00:00,327.85592785381203,313.98698067922254
2005-06-21 17:00:00,306.0553450150923,306.2434639247431
2005-06-21 18:00:00,305.5185213955966,305.8072259371013
2005-06-21 20:00:00,304.19871704383695,304.1211829516112
2005-06-21 21:00:00,303.06707246424793,302.99195436263125
2005-06-22 05:00:00,315.22529460983395,308.5753328532026
2005-06-22 06:00:00,317.98199996595577,309.8044343310622
2005-06-22 08:00:00,321.4546007294501,310.8756375775683
2005-06-22 09:00:00,320.8080376623592,310.8342644878087
2005-06-22 17:00:00,304.23955156182285,303.8959618849086
2005-06-22 18:00:00,302.81187413102487,302.6112538059981
2005-06-22 20:00:00,304.0582770772267,305.34552617947384
2005-06-22 21:00:00,303.37098498704444,304.9905570901597
2005-06-23 05:00:00,312.94839508103667,307.4815081109986
2005-06-23 06:00:00,316.0555628231384,309.11230727373544
2005-06-23 08:00:00,319.1593642271539,309.7476758207489
2005-06-23 09:00:00,320.46187926587777,310.69205711141393
2005-06-23 17:00:00,305.1423951135762,305.01871407013647
2005-06-23 18:00:00,303.91699825339765,303.94092718515265
2005-06-23 20:00:00,303.2675079909972,303.6754834097229
2005-06-23 21:00:00,302.8243416196944,302.9960093681912
2005-06-24 05:00:00,312.63350857351156,306.9821985888371
2005-06-24 06:00:00,315.77979413754036,308.5457022362755
2005-06-24 08:00:00,320.5421074395555,310.59926735711946
2005-06-24 09:00:00,320.7331881060255,311.1652435867004
2005-06-24 17:00:00,301.745454362067,301.0486828255911
2005-06-24 18:00:00,300.5368623424936,300.1499836690988
2005-06-24 20:00:00,302.36897150871386,302.8225162077024
2005-06-24 21:00:00,301.99435062731726,302.03622260189206
2005-06-25 05:00:00,311.0957697793405,306.3996600840235
2005-06-25 06:00:00,314.7688137107344,308.2789175447955
2005-06-25 08:00:00,316.0010078559487,307.9991031405739
2005-06-25 09:00:00,313.7079088302166,306.8586951727492
2005-06-25 17:00:00,304.61466173545244,304.6185009079097
2005-06-25 18:00:00,302.3759663116032,302.4112429391071
2005-06-25 20:00:00,303.2710334530965,304.1729123860552
2005-06-25 21:00:00,302.8550134079849,303.05025490406666
2005-06-26 05:00:00,309.25872762765283,305.9044703173527
2005-06-26 06:00:00,309.7093679137149,306.40423304200726
2005-06-26 08:00:00,315.4191355418718,309.1357889748502
2005-06-26 09:00:00,315.6288181769279,309.4247556900941
2005-06-26 17:00:00,303.9470822373965,304.2161430276597
2005-06-26 18:00:00,303.5146439703661,303.8983330631109
2005-06-26 20:00:00,301.9623831820966,301.8630552365343
2005-06-26 21:00:00,301.34004150296585,301.1402378405555
2005-06-27 05:00:00,307.10614462736396,304.47898728380954
2005-06-27 06:00:00,309.61042682195114,306.0905118921689
2005-06-27 08:00:00,308.4800756657252,303.9023661797146
2005-06-27 09:00:00,307.10369995305285,303.0088269390935
2005-06-27 17:00:00,301.04943050625513,300.9041120297002
2005-06-27 18:00:00,300.4614389710507,300.59631589821936
2005-06-27 20:00:00,300.04755917682854,300.5600240792626
2005-06-27 21:00:00,300.0047085472542,300.4257980370191
2005-06-28 05:00:00,310.18819494497245,304.4897653729596
2005-06-28 06:00:00,311.94685629446445,305.23313355996913
2005-06-28 08:00:00,313.0224919723252,304.902744075734
2005-06-28 09:00:00,310.73335282571145,303.9203013462719
2005-06-28 17:00:00,301.97588878566944,302.1392946169813
2005-06-28 18:00:00,301.4345635412654,301.6482426154044
2005-06-28 20:00:00,300.5339321377465,300.63854355070004
2005-06-28 21:00:00,300.27496573002935,300.3967199105144
2005-06-29 05:00:00,308.89711315936773,303.4532572271644
2005-06-29 06:00:00,310.9749317845137,304.60012149663845
2005-06-29 08:00:00,315.39091056741444,307.3416665522454
2005-06-29 09:00:00,315.2925558927797,307.7805929316211
2005-06-29 17:00:00,300.01271252272124,300.0349635754602
2005-06-29 18:00:00,299.1880103347849,299.349979089111
2005-06-29 20:00:00,298.69476254879055,299.48680128852834
2005-06-29 21:00:00,298.3885282919109,299.23926112758363
2005-06-30 05:00:00,309.2344897348084,303.4254904160698
2005-06-30 06:00:00,311.9007529330731,304.7529504479172
2005-06-30 08:00:00,315.5510541918833,307.18707642165833
2005-06-30 09:00:00,314.76191104836016,307.50583710986405
2005-06-30 17:00:00,299.92299721457744,299.4365793001854
2005-06-30 18:00:00,299.11473076442724,299.12646007097004
2005-06-30 20:00:00,299.21508530438956,300.5411722097999
2005-06-30 21:00:00,299.2140344228877,300.29056609025906
2005-07-01 05:00:00,310.39565071376336,304.2895744100374
2005-07-01 06:00:00,313.3511852858063,305.36056229366545
2005-07-01 08:00:00,314.5821039937494,307.1821137885283
2005-07-01 09:00:00,313.96537115393875,307.32025365138827
2005-07-01 17:00:00,299.8631418989326,300.32480309814076
2005-07-01 18:00:00,299.3027410521897,299.9066793385934
2005-07-01 20:00:00,299.0594994496491,299.451265214588
2005-07-01 21:00:00,299.0027211193679,299.24566429385055
2005-07-02 05:00:00,305.9335059590627,302.39588780101906
2005-07-02 06:00:00,307.4150108020001,303.5193603468603
2005-07-02 08:00:00,313.12249146918487,306.27241255138614
2005-07-02 09:00:00,312.9088441822305,306.4070345227634
2005-07-02 17:00:00,299.02307342858455,299.19292321814964
2005-07-02 18:00:00,298.76147442128513,299.134921504463
2005-07-02 20:00:00,297.9593899437386,297.68112246097513
2005-07-02 21:00:00,297.6604528676931,297.6455011823328
2005-07-03 05:00:00,300.93976749367266,299.6083667208491
2005-07-03 06:00:00,302.41977739848414,300.85463309030865
2005-07-03 08:00:00,309.81020043700795,304.66914757962223
2005-07-03 09:00:00,310.698719794651,305.5352350361359
2005-07-03 17:00:00,300.0665360790188,300.69338286272
2005-07-03 18:00:00,299.74159475834966,300.336023927286
2005-07-03 20:00:00,299.42355659379064,300.1417044711591
2005-07-03 21:00:00,299.19992634401484,299.7014226928147
2005-07-04 05:00:00,304.22230901262617,301.8497480912642
2005-07-04 06:00:00,306.56922806797115,303.00506163892464
2005-07-04 08:00:00,307.76064750777186,304.50946689129614
2005-07-04 09:00:00,307.28915351197605,304.58833670358996
2005-07-04 17:00:00,298.61442594131444,298.93174677820895
2005-07-04 18:00:00,298.16924877196135,298.47106004900115
2005-07-04 20:00:00,298.1619683546351,298.22366688027404
2005-07-04 21:00:00,298.14846705361765,298.30321280504415
2005-07-05 05:00:00,303.57720187852857,301.850503883303
2005-07-05 06:00:00,305.18344993179863,303.1409954664703
2005-07-05 08:00:00,308.11942198390403,304.08363135386327
2005-07-05 09:00:00,309.16474296205405,305.10166827702926
2005-07-05 17:00:00,298.13975388537204,298.17995592772684
2005-07-05 18:00:00,297.56810571232637,297.8587050709776
2005-07-05 20:00:00,297.2684543885876,297.3757335269029
2005-07-05 21:00:00,297.2088731433651,297.4339348039201
2005-07-06 05:00:00,304.0513450258134,301.63099846744393
2005-07-06 06:00:00,305.79876250515366,302.62746275444795
2005-07-06 08:00:00,307.33350493397296,304.1641259333018
2005-07-06 09:00:00,307.7679392340003,304.7045522963137
2005-07-06 17:00:00,298.66816685563424,299.1756808805539
2005-07-06 18:00:00,298.2489391497361,298.71840640686696
2005-07-06 20:00:00,297.92857358488726,298.45734851055414
2005-07-06 21:00:00,297.6510806796364,298.0164186216099
2005-07-07 05:00:00,303.814570163909,302.01130814985794
2005-07-07 06:00:00,305.560474672009,302.9497270393078
2005-07-07 08:00:00,309.4935714180922,305.8755671614308
2005-07-07 09:00:00,309.59698893072425,306.4906814410617
2005-07-07 17:00:00,299.5792748637853,300.1960690914207
2005-07-07 18:00:00,299.09250999415417,299.2284956874759
2005-07-07 20:00:00,297.9149136771039,299.5260270270067
2005-07-07 21:00:00,297.1772479981597,299.0507973316822
2005-07-08 05:00:00,306.573458772962,303.4889453247258
2005-07-08 06:00:00,308.5034754301991,304.70604855106865
2005-07-08 08:00:00,309.9757481649954,305.5796486688505
2005-07-08 09:00:00,309.8955060726689,305.7496965875611
2005-07-08 17:00:00,300.28890130699875,301.0614343064224
2005-07-08 18:00:00,300.00147370748414,300.85652992942124
2005-07-08 20:00:00,299.65913866040154,300.80927134368375
2005-07-08 21:00:00,299.5857051620131,300.5521315235203
2005-07-09 05:00:00,306.8075163478293,303.6202761939568
2005-07-09 06:00:00,309.0638640511017,304.9832959755543
2005-07-09 08:00:00,311.7326858826154,306.5862963048997
2005-07-09 09:00:00,311.3532551910918,306.7035822229136
2005-07-09 17:00:00,301.8786356827511,302.7032777054468
2005-07-09 18:00:00,301.2947535816069,301.9324092071486
2005-07-09 20:00:00,300.32361987191837,301.0264928550309
2005-07-09 21:00:00,299.8388739587346,300.6072741774455
2005-07-10 05:00:00,307.5598849633074,304.3406501382084
2005-07-10 06:00:00,309.819968507176,305.7697350688635
2005-07-10 08:00:00,311.67685787630006,306.806412142855
2005-07-10 09:00:00,311.26815226926647,307.0946835604581
2005-07-10 17:00:00,302.3960921371296,303.33634908761377
2005-07-10 18:00:00,301.95168707660974,302.68407081639276
2005-07-10 20:00:00,301.1397090729654,301.7243422168797
2005-07-10 21:00:00,300.70903708718043,301.305878108749
2005-07-11 05:00:00,306.1713456916515,303.297060879794
2005-07-11 06:00:00,308.34371174722685,304.6002145776029
2005-07-11 08:00:00,310.6082601209267,306.2298906088243
2005-07-11 09:00:00,311.76988340122125,307.08310420854804
2005-07-11 17:00:00,301.7923496287483,302.8139478921523
2005-07-11 18:00:00,301.2591964886258,302.25770669945956
2005-07-11 20:00:00,300.06028493637297,300.7880055761117
2005-07-11 21:00:00,299.6022285261581,300.28054384017025
2005-07-12 05:00:00,305.534895839603,302.877104325728
2005-07-12 06:00:00,308.38207394169365,304.42133266642946
2005-07-12 08:00:00,310.22605324673174,305.89736270757595
2005-07-12 09:00:00,310.20762610766116,306.16292869438564
2005-07-12 17:00:00,301.84868959212343,302.7482553961097
2005-07-12 18:00:00,301.6350158785452,302.4693697090325
2005-07-12 20:00:00,299.2670774298199,300.63474505267266
2005-07-12 21:00:00,298.49779871395447,300.17069722838323
2005-07-13 05:00:00,299.92508903233045,299.96252476673095
2005-07-13 06:00:00,301.05650646991467,300.9732262327785
2005-07-13 08:00:00,305.1200301018996,303.69851726890533
2005-07-13 09:00:00,306.9285473698644,304.99800923351887
2005-07-13 17:00:00,301.086989204395,301.8676729128798
2005-07-13 18:00:00,300.3009974122599,301.28752733415746
2005-07-13 20:00:00,299.68044975762746,300.1927820332062
2005-07-13 21:00:00,298.452068922516,299.55132943786714
2005-07-14 05:00:00,300.7613379150767,300.2439329267834
2005-07-14 06:00:00,301.4858793896409,300.54252584542627
2005-07-14 08:00:00,302.9960250031599,301.8164955691674
2005-07-14 09:00:00,303.0300224080843,302.56566376531805
2005-07-14 17:00:00,301.0692967677888,302.25351340083756
2005-07-14 18:00:00,300.89169617169443,301.9194121279959
2005-07-14 20:00:00,300.3638093592757,301.2101772643385
2005-07-14 21:00:00,300.1173370784531,300.8060147560249
2005-07-15 05:00:00,303.5594417060653,302.4259040021382
2005-07-15 06:00:00,304.0930046234366,303.0528497681228
2005-07-15 08:00:00,307.323279194178,305.1382951780534
2005-07-15 09:00:00,307.36697900240154,305.4652688565717
2005-07-15 17:00:00,299.7626233681325,299.6703265973342
2005-07-15 18:00:00,298.87715934200907,298.8117421859953
2005-07-15 20:00:00,297.66488734452497,298.2431191090259
2005-07-15 21:00:00,297.23477777090204,298.05345200831056
2005-07-16 05:00:00,298.2176583735344,299.1270170285265
2005-07-16 06:00:00,299.52174784185706,299.96920503636903
2005-07-16 08:00:00,302.1926940541789,302.42192599586053
2005-07-16 09:00:00,303.10615076379526,302.7799753856218
2005-07-16 17:00:00,298.08306282878107,299.4334907002736
2005-07-16 18:00:00,297.60772836741023,299.05552910803283
2005-07-16 20:00:00,296.8060429930136,298.3026526264491
2005-07-16 21:00:00,296.51841855747125,298.2364108375114
2005-07-17 05:00:00,302.8464336424653,301.8065944254307
2005-07-17 06:00:00,304.67836130198054,302.92022810878666
2005-07-17 08:00:00,305.9095081158889,303.05355726809273
2005-07-17 09:00:00,306.2401291857515,303.6392011833485
2005-07-17 17:00:00,299.6869964364497,300.5384243816734
2005-07-17 18:00:00,299.3402514347494,300.10002660530927
2005-07-17 20:00:00,298.4993380647962,299.0020681184319
2005-07-17 21:00:00,298.04379491115384,298.73970038791657
2005-07-18 05:00:00,304.4189062368337,302.7516865311492
2005-07-18 06:00:00,306.2506020050754,303.65043795310845
2005-07-18 08:00:00,310.0147637130667,306.1683719676155
2005-07-18 09:00:00,309.9667095777985,306.59156531288374
2005-07-18 17:00:00,300.16310615715884,301.6525149587858
2005-07-18 18:00:00,299.8281886213917,301.2472495386156
2005-07-18 20:00:00,299.3737858565085,300.4116905224158
2005-07-18 21:00:00,299.08581531213133,300.04926357651345
2005-07-19 05:00:00,306.17165293642114,303.92418069942346
2005-07-19 06:00:00,308.4609901651579,305.28259606500995
2005-07-19 08:00:00,311.694570720655,307.31938935501734
2005-07-19 09:00:00,312.03559844923683,307.7988112204248
2005-07-19 17:00:00,301.39975466970674,302.72262500357374
2005-07-19 18:00:00,300.79100549165935,301.88625085298753
2005-07-19 20:00:00,300.0439411510121,301.20653431661697
2005-07-19 21:00:00,299.7776824998195,300.9916336224149
2005-07-20 05:00:00,306.23623880583256,303.2547084296981
2005-07-20 06:00:00,308.368638001899,304.49159706245035
2005-07-20 08:00:00,311.07001510643636,306.4413685850076
2005-07-20 09:00:00,311.54650213538406,307.1969370320325
2005-07-20 17:00:00,301.4110972635184,302.1537368374723
2005-07-20 18:00:00,300.73329070903856,301.512707514829
2005-07-20 20:00:00,299.71068202696154,300.8119974004102
2005-07-20 21:00:00,299.4461415530353,300.5336026513521
2005-07-21 05:00:00,306.2858220880682,303.01596055229203
2005-07-21 06:00:00,308.8352081580963,304.58366203602
2005-07-21 08:00:00,312.09081916044966,306.7523412013826
2005-07-21 09:00:00,312.4659184718904,307.6137209570464
2005-07-21 17:00:00,300.9092871808491,301.5668477674111
2005-07-21 18:00:00,300.3423500707594,301.1492257140267
2005-07-21 20:00:00,299.77144591062574,300.87523311385763
2005-07-21 21:00:00,299.6020709773976,300.6367354194629
2005-07-22 05:00:00,306.735087695952,303.1735025649813
2005-07-22 06:00:00,309.05688676407965,304.5113766145633
2005-07-22 08:00:00,312.878467177757,307.22275969941734
2005-07-22 09:00:00,313.4258751538575,307.9080050898994
2005-07-22 17:00:00,301.3664441924249,302.268432358564
2005-07-22 18:00:00,300.90838592482277,301.89080124018926
2005-07-22 20:00:00,300.4484404577129,301.40341163012204
2005-07-22 21:00:00,300.2298635709084,301.160201391564
2005-07-23 05:00:00,307.055725779482,303.51160152300116
2005-07-23 06:00:00,309.99304921013544,305.2082747590193
2005-07-23 08:00:00,314.08573871254004,307.46830998730775
2005-07-23 09:00:00,314.8579794438485,308.1140009287877
2005-07-23 17:00:00,302.4615340034473,303.53018237850154
2005-07-23 18:00:00,301.954720307572,302.9604755278177
2005-07-23 20:00:00,301.17623609827916,302.0730457511632
2005-07-23 21:00:00,300.8793077277844,301.75665532422175
2005-07-24 05:00:00,308.1127534933928,304.353760988209
2005-07-24 06:00:00,310.88977774927173,305.99286104975204
2005-07-24 08:00:00,315.02261303165477,308.5535581144971
2005-07-24 09:00:00,315.5305385736545,309.05181050116914
2005-07-24 17:00:00,303.40787690666684,304.475016824637
2005-07-24 18:00:00,303.0114870468163,303.9351883757464
2005-07-24 20:00:00,302.484448613665,303.18015478572056
2005-07-24 21:00:00,302.01511372476585,302.68180033679374
2005-07-25 05:00:00,309.4906847561453,305.6765286720405
2005-07-25 06:00:00,312.30810424616595,307.2499786282908
2005-07-25 08:00:00,315.9916365142964,309.20946882391934
2005-07-25 09:00:00,316.1151449147652,309.4283360744294
2005-07-25 17:00:00,303.8367094442547,304.5737978519387
2005-07-25 18:00:00,303.27010306665454,304.18198962571626
2005-07-25 20:00:00,302.6006333126309,303.2987695585231
2005-07-25 21:00:00,302.18304812485707,302.7939660494059
2005-07-26 05:00:00,308.9318179937284,305.1566270966376
2005-07-26 06:00:00,311.71118681309594,306.55721241814337
2005-07-26 08:00:00,316.95950242146876,309.1321500005267
2005-07-26 09:00:00,317.58295820380215,309.64104883696524
2005-07-26 17:00:00,300.6667607194286,300.6734865068104
2005-07-26 18:00:00,299.49821869507775,299.6580674887071
2005-07-26 20:00:00,299.1820772285638,299.5979111352577
2005-07-26 21:00:00,298.7307979072371,298.7478831427858
2005-07-27 05:00:00,308.28854283125634,303.4369880429402
2005-07-27 06:00:00,310.6863838748315,304.9961526456342
2005-07-27 08:00:00,310.2570343722915,304.67053396639363
2005-07-27 09:00:00,309.40453048259343,304.5228067171776
2005-07-27 17:00:00,299.54214886634486,299.56402138826104
2005-07-27 18:00:00,299.15624047795137,298.93234125969036
2005-07-27 20:00:00,298.1578349391191,297.9567424145245
2005-07-27 21:00:00,297.9839792824674,297.93066763620715
2005-07-28 05:00:00,301.43318677058755,300.59099575330737
2005-07-28 06:00:00,303.29833805689645,301.8272932431731
2005-07-28 08:00:00,304.53180190264175,303.01904543742927
2005-07-28 09:00:00,304.9164207235139,302.963575765789
2005-07-28 17:00:00,299.4410042314574,299.9598847846221
2005-07-28 18:00:00,298.4904078643752,299.0607556782445
2005-07-28 20:00:00,297.8322839957357,297.91739796783963
2005-07-28 21:00:00,297.8089986604241,297.8426257869679
2005-07-29 05:00:00,304.02013692282753,301.79299574089345
2005-07-29 06:00:00,305.0883215858683,302.6013092605286
2005-07-29 08:00:00,307.1360782805503,303.4741181313349
2005-07-29 09:00:00,306.064953914225,302.8308201394574
2005-07-29 17:00:00,298.5426587544163,298.78985057295927
2005-07-29 18:00:00,298.44255103535943,298.5296724198963
2005-07-29 20:00:00,297.80446670602765,298.2008783372782
2005-07-29 21:00:00,297.543502078769,297.83425426042317
2005-07-30 05:00:00,300.85765722242456,299.8972773147842
2005-07-30 06:00:00,305.1079575313809,301.31570352281005
2005-07-30 08:00:00,308.8852116800787,304.5001620158944
2005-07-30 09:00:00,309.8861506246088,304.77419345661747
2005-07-30 17:00:00,298.3645828317604,298.78014238589714
2005-07-30 18:00:00,298.15301370253366,298.57719701170373
2005-07-30 20:00:00,297.85926990479646,297.9004964960742
2005-07-30 21:00:00,297.6673124339805,297.72369521130764
2005-07-31 05:00:00,303.2217009181418,300.77096625799766
2005-07-31 06:00:00,303.9803056761003,301.29603764750004
2005-07-31 08:00:00,307.91735588273576,304.2962532219791
2005-07-31 09:00:00,308.2252976427828,303.51087006508664
2005-07-31 17:00:00,298.80800187826526,299.2578897579058
2005-07-31 18:00:00,298.62441113770285,299.02580171887786
2005-07-31 20:00:00,298.78787262009917,299.14319670549344
2005-07-31 21:00:00,298.61189556856556,298.5631763710998
2005-08-01 05:00:00,306.2226431072218,302.85422773317123
2005-08-01 06:00:00,307.0421115775322,303.6365829726397
2005-08-01 08:00:00,309.55466596371224,305.40138002463226
2005-08-01 09:00:00,309.32357014566435,305.8620215417424
2005-08-01 17:00:00,300.8185029816003,301.6592773296433
2005-08-01 18:00:00,300.40377774701466,301.2091400898844
2005-08-01 20:00:00,299.66336941241485,300.27046939514815
2005-08-01 21:00:00,298.9873429637844,299.81048701540533
2005-08-02 05:00:00,304.54017319407416,302.1519755170967
2005-08-02 06:00:00,305.72043067685263,302.7640629608201
2005-08-02 08:00:00,307.6418665575871,304.46370319666227
2005-08-02 09:00:00,308.1256843414072,304.8507882751559
2005-08-02 17:00:00,299.43143523088406,300.1603121059518
2005-08-02 18:00:00,299.06928411874645,299.6628716091162
2005-08-02 20:00:00,298.60737153745396,299.55366873484
2005-08-02 21:00:00,298.4812579985209,299.1968440686242
2005-08-03 05:00:00,303.57010891624884,301.7450905022526
2005-08-03 06:00:00,305.43503240223845,302.39978596315547
2005-08-03 08:00:00,308.53169889993774,304.6984157003864
2005-08-03 09:00:00,308.0889156676588,304.48043731548387
2005-08-03 17:00:00,300.0407037485179,300.56292943263827
2005-08-03 18:00:00,299.7209912786498,300.2041135767392
2005-08-03 20:00:00,299.2274006518818,299.7580245007719
2005-08-03 21:00:00,299.0158931455921,299.4614957741853
2005-08-04 05:00:00,305.5751463856279,302.5902583940738
2005-08-04 06:00:00,307.896723531244,303.4589436300363
2005-08-04 08:00:00,310.6157569826476,304.65157937636184
2005-08-04 09:00:00,310.75051797593505,304.5402865887423
2005-08-04 17:00:00,299.3330948745892,299.5795205091291
2005-08-04 18:00:00,298.9849989880766,299.22593418585683
2005-08-04 20:00:00,297.9704581144594,297.9483908960375
2005-08-04 21:00:00,297.98722745310545,298.049512043205
2005-08-05 05:00:00,302.9084727753109,300.94912075518835
2005-08-05 06:00:00,303.7850603006654,301.6917188083079
2005-08-05 08:00:00,305.57664569684283,303.5972871236699
2005-08-05 09:00:00,305.62503362106065,303.9045006703523
2005-08-05 17:00:00,299.7468995034052,300.12458770704933
2005-08-05 18:00:00,299.29215457957406,299.64204900474135
2005-08-05 20:00:00,298.23708821959417,298.4613098238576
2005-08-05 21:00:00,298.03804512200264,298.1989192404255
2005-08-06 05:00:00,302.3214435077779,300.5021578372902
2005-08-06 06:00:00,304.04452013859213,301.8101784069843
2005-08-06 08:00:00,306.0365852861448,303.3213095172712
2005-08-06 09:00:00,305.86100858385646,303.4033376872999
2005-08-06 17:00:00,299.20503702736784,299.6051147178803
2005-08-06 18:00:00,298.8314157965003,299.2179040894119
2005-08-06 20:00:00,298.3736942332405,298.7212236166368
2005-08-06 21:00:00,298.0355500866342,298.2647389087178
2005-08-07 05:00:00,301.50323752005045,300.03675198077417
2005-08-07 06:00:00,302.5181541736761,301.04173864238254
2005-08-07 08:00:00,303.62998395781665,302.0166263198265
2005-08-07 09:00:00,303.45632156348563,302.1439698488209
2005-08-07 17:00:00,298.56423188431427,299.03774906857905
2005-08-07 18:00:00,298.31422687642197,298.8174289180244
2005-08-07 20:00:00,297.7194825864537,298.31699466558376
2005-08-07 21:00:00,297.68976159235365,298.2323940847247
2005-08-08 05:00:00,301.2742252438021,299.9400067674728
2005-08-08 06:00:00,303.02506767472795,301.01507615381837
2005-08-08 08:00:00,305.21819948452094,302.3881532877729
2005-08-08 09:00:00,305.0137317345947,302.46338541886104
2005-08-08 17:00:00,297.9309101780684,298.5444850363239
2005-08-08 18:00:00,297.6043672253061,298.24498474873457
2005-08-08 20:00:00,296.7401483003825,297.5542528243572
2005-08-08 21:00:00,296.7057109297883,297.51100995691235
2005-08-09 05:00:00,303.74575058006917,301.17687995334614
2005-08-09 06:00:00,305.3101303030052,302.057367145556
2005-08-09 08:00:00,307.49271151832147,303.66080130413974
2005-08-09 09:00:00,307.83716283483756,304.083502700406
2005-08-09 17:00:00,297.50612728547975,298.2276738758998
2005-08-09 18:00:00,297.08858335991675,297.733759405433
2005-08-09 20:00:00,296.38622066456657,297.17817403502386
2005-08-09 21:00:00,296.22056880533603,296.93922605352884
2005-08-10 05:00:00,303.9898143468542,301.4041544674725
2005-08-10 06:00:00,305.99653289277677,302.53352003288563
2005-08-10 08:00:00,307.98671688320826,304.2536080335432
2005-08-10 09:00:00,308.1566442833476,304.6137502990629
2005-08-10 17:00:00,297.86778113507717,298.5063124599369
2005-08-10 18:00:00,297.4478745893999,298.0094493519176
2005-08-10 20:00:00,296.82740797798147,297.46221902668015
2005-08-10 21:00:00,296.4875730917156,297.0798166565976
2005-08-11 05:00:00,302.2861465900815,300.1915968085291
2005-08-11 06:00:00,304.1120351782565,301.2631685935845
2005-08-11 08:00:00,306.55078289578626,303.0400095559048
2005-08-11 09:00:00,306.77214092613184,303.5096249808148
2005-08-11 17:00:00,297.57736499945077,298.29281613859814
2005-08-11 18:00:00,296.97123494905026,297.74506003169694
2005-08-11 20:00:00,296.25501207724926,297.14921960110655
2005-08-11 21:00:00,295.90460348496634,296.72415071790135
2005-08-12 05:00:00,303.1276809856962,300.79270114516623
2005-08-12 06:00:00,305.3229085396178,301.97874758680723
2005-08-12 08:00:00,309.49324404770863,304.3156826448368
2005-08-12 09:00:00,310.0612819771554,304.95692725982434
2005-08-12 17:00:00,298.528624242186,299.25175847551674
2005-08-12 18:00:00,297.9852190767121,298.56287782548577
2005-08-12 20:00:00,297.3894206842032,298.0328810211323
2005-08-12 21:00:00,297.09966587248863,297.68257000045895
2005-08-13 05:00:00,304.94101250741073,302.07568030217766
2005-08-13 06:00:00,306.3982038218729,302.9188998182676
2005-08-13 08:00:00,309.8280836907668,304.78871476889026
2005-08-13 09:00:00,309.95755096576613,305.18564780871566
2005-08-13 17:00:00,299.29299136780446,299.92928555199103
2005-08-13 18:00:00,298.53847309694453,299.20857006008345
2005-08-13 20:00:00,297.91108506118945,298.6790035112613
2005-08-13 21:00:00,297.57142020814774,298.26718073816994
2005-08-14 05:00:00,305.9595967250172,302.81416649958015
2005-08-14 06:00:00,308.28516208078537,304.11429157462806
2005-08-14 08:00:00,311.917689319017,306.32491113224825
2005-08-14 09:00:00,312.0140800534852,306.80452183986483
2005-08-14 17:00:00,300.79897130839817,301.13702853398263
2005-08-14 18:00:00,300.09238700690366,300.3539576126357
2005-08-14 20:00:00,299.06065852983704,299.48549554528
2005-08-14 21:00:00,298.68865355504863,299.0462084330837
2005-08-15 05:00:00,305.8190814519333,302.5363928467173
2005-08-15 06:00:00,307.334481708074,303.49625277996796
2005-08-15 08:00:00,309.9761011861322,305.191545154354
2005-08-15 09:00:00,310.0968740313373,305.51566844875526
2005-08-15 17:00:00,300.1412643879331,300.5732658868211
2005-08-15 18:00:00,299.5063160101328,299.93923230751636
2005-08-15 20:00:00,299.04842344968824,299.47305601146445
2005-08-15 21:00:00,298.8101875058308,299.1049428742913
2005-08-16 05:00:00,306.3653513198641,302.8561669160111
2005-08-16 06:00:00,308.47669778362445,303.8767717123399
2005-08-16 08:00:00,312.49360466297304,305.3831176287588
2005-08-16 09:00:00,312.29000400725425,305.7511477477745
2005-08-16 17:00:00,298.8241378243422,299.0956232808588
2005-08-16 18:00:00,298.4688618194157,299.0960100641236
2005-08-16 20:00:00,298.1379173290564,298.4775618919055
2005-08-16 21:00:00,297.60635509990584,298.1634954326142
2005-08-17 05:00:00,298.9424575076816,298.737886519939
2005-08-17 06:00:00,300.4131641358551,299.87732135790344
2005-08-17 08:00:00,304.59346090590094,302.11478721489345
2005-08-17 09:00:00,306.2588733737752,303.10031102067336
2005-08-17 17:00:00,298.4045967842655,298.4705998636725
2005-08-17 18:00:00,297.30940176048335,297.84754464218537
2005-08-17 20:00:00,296.60612370236817,297.16801116426115
2005-08-17 21:00:00,296.2921723775761,296.921280965232
2005-08-18 05:00:00,301.07157298412824,300.1952498190576
2005-08-18 06:00:00,304.02093251938084,301.8097429319596
2005-08-18 08:00:00,307.01235997180913,303.7245830659323
2005-08-18 09:00:00,307.2090355824616,304.17351780025916
2005-08-18 17:00:00,299.20924579637995,299.9090834560306
2005-08-18 18:00:00,298.85795275860096,299.54918577784935
2005-08-18 20:00:00,298.01446803582286,298.7654494181253
2005-08-18 21:00:00,297.685477422823,298.37714895004484
2005-08-19 05:00:00,303.2240095094466,301.83203992564427
2005-08-19 06:00:00,305.5326253835152,303.1540873899298
2005-08-19 08:00:00,307.7587970798299,304.74230094169064
2005-08-19 09:00:00,308.7208025304856,305.36122965996367
2005-08-19 17:00:00,299.5442272591848,300.27872724489
2005-08-19 18:00:00,299.0298931198237,299.7798863485892
2005-08-19 20:00:00,298.3521436271021,298.9622700930744
2005-08-19 21:00:00,297.8943935917412,298.36498233460134
2005-08-20 05:00:00,304.34545987780183,301.8843204163256
2005-08-20 06:00:00,306.42505665736496,303.02976333782743
2005-08-20 08:00:00,310.23530689116063,305.37776821236395
2005-08-20 09:00:00,310.8401900234134,306.0058069214432
2005-08-20 17:00:00,298.8478477724895,299.3830405119204
2005-08-20 18:00:00,298.2750500177933,298.8501427743027
2005-08-20 20:00:00,297.37934283005256,298.01937287834653
2005-08-20 21:00:00,296.9973353781208,297.6421963731387
2005-08-21 05:00:00,304.6306446939477,301.690006485338
2005-08-21 06:00:00,306.9414906553201,303.04809535045655
2005-08-21 08:00:00,310.95271860836834,305.0512548602417
2005-08-21 09:00:00,311.4224845756919,305.7247126128163
2005-08-21 17:00:00,298.58224800004064,299.48537161758026
2005-08-21 18:00:00,297.9705013045912,298.69953565788563
2005-08-21 20:00:00,297.1884487252023,297.883086429355
2005-08-21 21:00:00,296.75817099925365,297.4069725471579
2005-08-22 05:00:00,305.7143098334502,301.92561147539936
2005-08-22 06:00:00,308.4807943100187,303.4418799307754
2005-08-22 08:00:00,311.6478258553198,305.85420452758603
2005-08-22 09:00:00,312.31386426270285,306.57144263786233
2005-08-22 17:00:00,299.5130093755267,300.1808764629629
2005-08-22 18:00:00,298.83028676366587,299.4115270488251
2005-08-22 20:00:00,297.43594945781217,298.0102830836879
2005-08-22 21:00:00,296.9740605053072,297.59995489605404
2005-08-23 05:00:00,305.8470729833759,302.1812097346654
2005-08-23 06:00:00,308.6499799543243,303.70957791603223
2005-08-23 08:00:00,311.7790403674674,305.67920349779416
2005-08-23 09:00:00,312.40659244108275,306.3203784725148
2005-08-23 17:00:00,298.89163518356065,299.523838742672
2005-08-23 18:00:00,298.12543559258086,298.6820346732353
2005-08-23 20:00:00,297.54828997642863,298.24739276903625
2005-08-23 21:00:00,297.433611853648,298.149557128342
2005-08-24 05:00:00,305.3053341529036,301.70377729559897
2005-08-24 06:00:00,307.97233894242345,303.2287124610278
2005-08-24 08:00:00,311.50276390980866,305.4035440453763
2005-08-24 09:00:00,311.88521229137075,305.8789488288398
2005-08-24 17:00:00,298.48583255526836,299.0151331215316
2005-08-24 18:00:00,297.78199243765954,298.3581684506362
2005-08-24 20:00:00,297.2107006713679,298.15281902953916
2005-08-24 21:00:00,297.00812167269055,297.9319721568715
2005-08-25 05:00:00,304.9157396736791,301.0515117204428
2005-08-25 06:00:00,307.9145037117651,302.7775265968452
2005-08-25 08:00:00,311.9612439218765,305.2655323422378
2005-08-25 09:00:00,312.3811524660084,305.85641604101716
2005-08-25 17:00:00,298.4097042230686,298.9374867396656
2005-08-25 18:00:00,297.6317119157553,298.25854214754975
2005-08-25 20:00:00,296.813684401784,297.7597940265673
2005-08-25 21:00:00,296.5541097114928,297.5124542753575
2005-08-26 05:00:00,306.1608340317736,301.7867028187897
2005-08-26 06:00:00,309.2309824704022,303.38297258797337
2005-08-26 08:00:00,313.69384704495803,305.9597902694726
2005-08-26 09:00:00,314.0669774553626,306.5365815478591
2005-08-26 17:00:00,299.1411146449014,299.44211988640126
2005-08-26 18:00:00,298.3445228611927,298.71808000044393
2005-08-26 20:00:00,297.34474925083816,298.03149832562417
2005-08-26 21:00:00,296.8467256754683,297.5522171044019
2005-08-27 05:00:00,307.2227867843557,302.5236482076542
2005-08-27 06:00:00,310.5400083803433,304.06365581212685
2005-08-27 08:00:00,315.22308556508204,306.9056999547456
2005-08-27 09:00:00,315.80601379206445,307.7018383243602
2005-08-27 17:00:00,300.2699802439826,300.8139367008062
2005-08-27 18:00:00,299.43294208920423,299.8852005827776
2005-08-27 20:00:00,298.1349440987562,298.61493564129614
2005-08-27 21:00:00,297.5536723790808,298.0762268677698
2005-08-28 05:00:00,307.99629415973493,303.03654576376516
2005-08-28 06:00:00,311.5117161402533,304.76098070894074
2005-08-28 08:00:00,316.1089055512462,307.18959221744393
2005-08-28 09:00:00,316.562484435565,307.79757485881976
2005-08-28 17:00:00,300.38882415724464,301.3760697139981
2005-08-28 18:00:00,299.72799995316564,300.71626345218607
2005-08-28 20:00:00,298.9327425493849,299.65949393861655
2005-08-28 21:00:00,298.40524726949974,298.9984070670623
2005-08-29 05:00:00,309.83409224452885,304.56407134962745
2005-08-29 06:00:00,313.2845751699204,306.1468361500415
2005-08-29 08:00:00,316.91225791895886,308.20698951756464
2005-08-29 09:00:00,317.545337153877,308.82936434753134
2005-08-29 17:00:00,301.9476230897595,302.55631280790305
2005-08-29 18:00:00,301.0846894533131,301.6386809738465
2005-08-29 20:00:00,299.76266220868644,300.3264099967498
2005-08-29 21:00:00,299.17527147948465,299.6591098356321
2005-08-30 05:00:00,309.73548534140565,304.83006547595767
2005-08-30 06:00:00,313.22566799169704,306.48688249632096
2005-08-30 08:00:00,317.42900983578255,308.89393194871616
2005-08-30 09:00:00,316.96173989129915,309.16723813848984
2005-08-30 17:00:00,301.7762834404944,302.4135888427358
2005-08-30 18:00:00,300.8878206743849,301.4229205914749
2005-08-30 20:00:00,299.5124176683705,300.0770252621597
2005-08-30 21:00:00,298.8998334793538,299.4902210676432
2005-08-31 05:00:00,309.42203504095096,304.53485751629614
2005-08-31 06:00:00,312.7963020077839,306.14833247533016
2005-08-31 08:00:00,316.2436658391967,307.8975181638368
2005-08-31 09:00:00,315.01870522991356,307.8645856766194
2005-08-31 17:00:00,301.09015071263485,301.8699681968277
2005-08-31 18:00:00,300.2639342368292,301.06251709266513
2005-08-31 20:00:00,298.78717842748614,299.4845095312651
2005-08-31 21:00:00,298.1668181573665,298.78358111506435
2005-09-01 05:00:00,310.1967547494568,304.8146660662212
2005-09-01 06:00:00,313.9764816683871,306.4661540544272
2005-09-01 08:00:00,319.33909592826853,308.9733390631771
2005-09-01 09:00:00,319.6393223602342,309.65907960018865
2005-09-01 17:00:00,300.8187582665489,301.8727677966854
2005-09-01 18:00:00,299.9315736650135,301.1006405070677
2005-09-01 20:00:00,298.610919358734,299.7785947120796
2005-09-01 21:00:00,298.08000881389034,299.09585101064437
2005-09-02 05:00:00,311.28531137710365,306.1823640655847
2005-09-02 06:00:00,314.9358969807441,307.86676925870785
2005-09-02 08:00:00,319.17310788194277,309.8353700564345
2005-09-02 09:00:00,319.0283960186646,310.174588102038
2005-09-02 17:00:00,302.43538102677496,303.4068371459773
2005-09-02 18:00:00,301.68510676826276,302.71188629573595
2005-09-02 20:00:00,300.53428198486705,301.5054961970113
2005-09-02 21:00:00,300.0903233791169,300.95230506932245
2005-09-03 05:00:00,312.57133004257605,307.2344498597603
2005-09-03 06:00:00,316.1092487917108,309.08116413228134
2005-09-03 08:00:00,320.5758675926455,311.5030832628624
2005-09-03 09:00:00,320.7373637242016,311.99757632121833
2005-09-03 17:00:00,304.15061708517914,304.64476290616125
2005-09-03 18:00:00,303.07715584353787,303.6897972588914
2005-09-03 20:00:00,300.825455111605,301.8256615637264
2005-09-03 21:00:00,300.02138673285674,300.95475033141435
2005-09-04 05:00:00,314.13130225606255,307.8346421722271
2005-09-04 06:00:00,318.25636907498165,309.7345183009543
2005-09-04 08:00:00,322.2273681123378,311.8181031966246
2005-09-04 09:00:00,322.3974959692345,312.23546947132456
2005-09-04 17:00:00,302.8321553187672,303.8263330915125
2005-09-04 18:00:00,302.1768984801964,303.3456385866703
2005-09-04 20:00:00,301.96701296672614,302.87613594513647
2005-09-04 21:00:00,301.5329496033937,302.35589794752593
2005-09-05 05:00:00,316.0219495682209,307.96882803377645
2005-09-05 06:00:00,320.15646552745665,309.66882740367544
2005-09-05 08:00:00,323.07499144661415,311.177226062181
2005-09-05 09:00:00,321.2249672864729,311.14895806217044
2005-09-05 17:00:00,304.0847770091382,304.7896023884025
2005-09-05 18:00:00,303.52648989261576,304.3515696709255
2005-09-05 20:00:00,302.57282707320155,303.2819479308988
2005-09-05 21:00:00,302.0836938702271,302.69491069305843
2005-09-06 05:00:00,313.91911148988225,308.01668427501147
2005-09-06 06:00:00,317.93163691022545,309.98108001850056
2005-09-06 08:00:00,320.78744041313564,311.1552147299557
2005-09-06 09:00:00,320.84447384027555,311.5168476780684
2005-09-06 17:00:00,304.57545346581884,305.14885066286627
2005-09-06 18:00:00,304.1826352206143,304.6975616549123
2005-09-06 20:00:00,302.87914486548567,303.2994740725666
2005-09-06 21:00:00,302.54975874655423,302.90368104532064
2005-09-07 05:00:00,308.7275776679417,304.86137274931684
2005-09-07 06:00:00,308.8802742744998,305.1940690380032
2005-09-07 08:00:00,313.31137009725,307.16111974025546
2005-09-07 09:00:00,314.2104588583548,307.4953932093546
2005-09-07 17:00:00,301.875405310115,301.2391251856447
2005-09-07 18:00:00,301.1384126401646,300.702711860645
2005-09-07 20:00:00,298.8966209987646,299.4480066519856
2005-09-07 21:00:00,297.8942787393767,298.63162993209204
2005-09-08 05:00:00,303.6903596475422,300.9728060870766
2005-09-08 06:00:00,307.6709756954058,302.783058319327
2005-09-08 08:00:00,310.2305419169516,304.48947181172656
2005-09-08 09:00:00,311.66142475145807,305.2835705820328
2005-09-08 17:00:00,299.4385033888148,299.82067699461766
2005-09-08 18:00:00,298.644635169642,299.38334549961183
2005-09-08 20:00:00,298.12367636470475,298.6857569243398
2005-09-08 21:00:00,297.99251117912024,298.4009523788476
2005-09-09 05:00:00,306.0646325156942,302.60354651875787
2005-09-09 06:00:00,306.5651358441322,303.1522296264837
2005-09-09 08:00:00,311.47460493137726,306.2445721501378
2005-09-09 09:00:00,312.343197250954,306.86751715097296
2005-09-09 17:00:00,300.2776737536414,301.23687278618246
2005-09-09 18:00:00,299.8516020694022,300.64297135034224
2005-09-09 20:00:00,299.2390063363709,300.0954964847888
2005-09-09 21:00:00,299.0685215084505,299.7244775475266
2005-09-10 05:00:00,306.35379935853837,302.6221880567459
2005-09-10 06:00:00,309.16439560712394,303.8390554654396
2005-09-10 08:00:00,311.7886327852269,305.8742149835008
2005-09-10 09:00:00,311.97498449669416,306.17849378776845
2005-09-10 17:00:00,300.225574346463,300.85404500388216
2005-09-10 18:00:00,299.9212551734113,300.58242858980765
2005-09-10 20:00:00,298.8343345983003,299.4170412554395
2005-09-10 21:00:00,298.57062061468514,299.13048674549634
2005-09-11 05:00:00,306.7134035460203,302.723605257337
2005-09-11 06:00:00,307.7004020937786,303.3296868275788
2005-09-11 08:00:00,308.87108490977704,303.86335234796326
2005-09-11 09:00:00,310.3424278694235,304.60824655494633
2005-09-11 17:00:00,299.85199802204716,300.2796045194606
2005-09-11 18:00:00,299.46501394780284,299.89612625192603
2005-09-11 20:00:00,298.6399949930482,298.4313403395548
2005-09-11 21:00:00,297.1863538980117,297.58944335373235
2005-09-12 05:00:00,304.9807277027007,302.0337529821646
2005-09-12 06:00:00,307.3100487895666,302.9859304325239
2005-09-12 08:00:00,311.15849496991314,304.31896702277095
2005-09-12 09:00:00,311.3759362642497,305.0778198712412
2005-09-12 17:00:00,297.82239914528213,298.15225320824857
2005-09-12 18:00:00,297.092198117672,297.54360759717474
2005-09-12 20:00:00,296.98106233805464,297.7542847338002
2005-09-12 21:00:00,296.9567471873044,297.4823642254611
2005-09-13 05:00:00,305.297011764832,302.581750808034
2005-09-13 06:00:00,308.10921432424584,303.7704563464149
2005-09-13 08:00:00,311.46710285016314,305.14104857834167
2005-09-13 09:00:00,311.71131233955936,305.4955869418998
2005-09-13 17:00:00,297.2062769861912,298.03755615892686
2005-09-13 18:00:00,297.27694605752384,298.06630938372734
2005-09-13 20:00:00,296.8942043498411,297.4600803510434
2005-09-13 21:00:00,296.8141673224733,297.29102853266596
2005-09-14 05:00:00,302.4025881492486,300.7276716423329
2005-09-14 06:00:00,303.6796622724489,301.5976047133812
2005-09-14 08:00:00,305.27023367154396,301.7842520550697
2005-09-14 09:00:00,305.3904020194831,300.38922885606763
2005-09-14 17:00:00,297.460128313955,297.8250991515643
2005-09-14 18:00:00,297.34034808942096,297.54520723081333
2005-09-14 20:00:00,297.1977219544868,297.44296774842155
2005-09-14 21:00:00,297.27451492568196,297.45190229842035
2005-09-15 05:00:00,299.88449712673946,298.8447336864031
2005-09-15 06:00:00,301.41969541482086,299.5850030226039
2005-09-15 08:00:00,302.1035473651621,299.5188431938183
2005-09-15 09:00:00,302.5843098879963,299.5983478093552
2005-09-15 17:00:00,297.7785842495817,297.8328326538274
2005-09-15 18:00:00,297.5305577823304,297.57370801552423
2005-09-15 20:00:00,297.0637557583708,297.0417146374154
2005-09-15 21:00:00,297.2197818844271,297.0022995629921
2005-09-16 05:00:00,297.36529357628024,297.1872730695963
2005-09-16 06:00:00,298.35683437635424,298.06478578541055
2005-09-16 08:00:00,305.7177973013997,301.90323416734884
2005-09-16 09:00:00,304.4082576945676,301.2421297093937
2005-09-16 17:00:00,297.2444069602273,297.85993590744323
2005-09-16 18:00:00,296.70148027181995,297.31545190561354
2005-09-16 20:00:00,295.9363639843299,296.3348723236696
2005-09-16 21:00:00,296.01772382409985,296.40746268579517
2005-09-17 05:00:00,304.9112688014614,301.1813148063577
2005-09-17 06:00:00,306.93595298449685,302.0209024014936
2005-09-17 08:00:00,308.60485002843916,303.4886398668098
2005-09-17 09:00:00,309.36114612455907,303.94538181110966
2005-09-17 17:00:00,298.5020959792409,298.9710134027185
2005-09-17 18:00:00,297.9961826694765,298.4623814892879
2005-09-17 20:00:00,296.9020302982654,297.3379161581971
2005-09-17 21:00:00,296.4834900607681,296.90927041734125
2005-09-18 05:00:00,306.0330562503385,301.72542413320673
2005-09-18 06:00:00,308.6727600802993,303.30878501386593
2005-09-18 08:00:00,309.7698068016299,304.37584743881814
2005-09-18 09:00:00,309.13186306946085,304.3492492299602
2005-09-18 17:00:00,298.223319219698,298.9197657604247
2005-09-18 18:00:00,297.88595733877685,298.5442587877459
2005-09-18 20:00:00,297.1527815291254,297.7394067561498
2005-09-18 21:00:00,296.8516023515369,297.41551429501664
2005-09-19 05:00:00,305.1553525057706,302.1636214528136
2005-09-19 06:00:00,306.738134728007,302.84414209680307
2005-09-19 08:00:00,310.73992146402367,304.5549905832817
2005-09-19 09:00:00,310.9541684989753,305.17632635789585
2005-09-19 17:00:00,299.12070586170734,299.1735240307354
2005-09-19 18:00:00,298.5622811104373,298.7435395133514
2005-09-19 20:00:00,297.8170013427735,298.3667203553469
2005-09-19 21:00:00,297.29743858772366,297.982144583539
2005-09-20 05:00:00,306.1288993141868,303.1047667751694
2005-09-20 06:00:00,309.29928997962617,304.27324047588235
2005-09-20 08:00:00,311.60514050970096,305.20721586018755
2005-09-20 09:00:00,311.6398187998814,305.42944973091863
2005-09-20 17:00:00,299.7368807564899,300.4874342814065
2005-09-20 18:00:00,299.22493975482115,300.0552091201759
2005-09-20 20:00:00,298.4417915050348,299.4459927504529
2005-09-20 21:00:00,298.15909753925814,299.16837956174317
2005-09-21 05:00:00,307.348112602998,303.6526271073587
2005-09-21 06:00:00,309.4325904787413,304.45094398063577
2005-09-21 08:00:00,311.68265323021745,306.24528867842054
2005-09-21 09:00:00,311.5951017077054,306.5204432506591
2005-09-21 17:00:00,300.77064358986036,301.6032641723821
2005-09-21 18:00:00,300.617738015479,301.3460358559443
2005-09-21 20:00:00,299.74387083362177,300.4812595032397
2005-09-21 21:00:00,299.18769476703943,299.8509721564953
2005-09-22 05:00:00,307.4145066976915,303.60213255331223
2005-09-22 06:00:00,310.01372047271497,304.8942703928896
2005-09-22 08:00:00,312.86272027202307,306.3696190080217
2005-09-22 09:00:00,312.5165298532448,306.424013699148
2005-09-22 17:00:00,300.34587402813975,300.5210206864979
2005-09-22 18:00:00,299.74485901067,299.75365127069745
2005-09-22 20:00:00,298.9713926153668,299.04774000170784
2005-09-22 21:00:00,298.62682717533437,298.7979340163879
2005-09-23 05:00:00,305.2927003692956,301.80464600267686
2005-09-23 06:00:00,307.6896459876297,302.88400661192253
2005-09-23 08:00:00,309.1930277020612,303.7463959163437
2005-09-23 09:00:00,307.5886944975067,302.23725646596483
2005-09-23 17:00:00,297.6526155868554,297.8529843417081
2005-09-23 18:00:00,297.426582207114,297.6193745852619
2005-09-23 20:00:00,296.59956390427885,296.413140436534
2005-09-23 21:00:00,296.4245802257755,296.2117425950907
2005-09-24 05:00:00,296.9769403725082,297.2098874649024
2005-09-24 06:00:00,297.4722831267605,297.64274547794383
2005-09-24 08:00:00,299.14384013735827,299.6719503534961
2005-09-24 09:00:00,299.57749290054863,300.3685084079925
2005-09-24 17:00:00,295.87117610984296,296.3415790199315
2005-09-24 18:00:00,295.64830992805946,296.1177785723529
2005-09-24 20:00:00,295.59395506495866,296.44597666877075
2005-09-24 21:00:00,295.6174029569229,296.6174095635789
2005-09-25 05:00:00,300.78380931507456,298.95083745124714
2005-09-25 06:00:00,302.698090681126,300.16575801243954
2005-09-25 08:00:00,305.2333789702006,302.2136838469189
2005-09-25 09:00:00,305.6400687242693,302.577349764173
2005-09-25 17:00:00,295.7329278366959,296.63258507586045
2005-09-25 18:00:00,295.2486356432523,296.1436039200182
2005-09-25 20:00:00,294.35232861346935,295.27384831174317
2005-09-25 21:00:00,294.14505277613097,295.09636054604744
2005-09-26 05:00:00,301.3951873309073,299.0532746630935
2005-09-26 06:00:00,303.1879125985967,300.11549172893695
2005-09-26 08:00:00,306.31479627141965,301.86698140054716
2005-09-26 09:00:00,306.24783313439696,302.162831122776
2005-09-26 17:00:00,294.77257837609994,296.0836338225425
2005-09-26 18:00:00,294.2828837484351,295.56748473368737
2005-09-26 20:00:00,293.547360130745,294.8236040253485
2005-09-26 21:00:00,293.2319285623465,294.411674581801
2005-09-27 05:00:00,302.09136372758724,299.5822702886879
2005-09-27 06:00:00,303.41935215084504,300.60862353402774
2005-09-27 08:00:00,307.0410404528602,302.3867992994782
2005-09-27 09:00:00,307.54282700078693,302.8723505898874
2005-09-27 17:00:00,295.6245995567099,296.88073516516545
2005-09-27 18:00:00,295.3260098591057,296.5731590988089
2005-09-27 20:00:00,294.29588574143514,295.5917864595246
2005-09-27 21:00:00,293.9726860857524,295.2053056196733
2005-09-28 05:00:00,303.3933487056033,300.51233255771353
2005-09-28 06:00:00,305.6442706985356,301.8564095048949
2005-09-28 08:00:00,308.4543035474875,303.69218898590987
2005-09-28 09:00:00,308.5481419497168,303.9482125398374
2005-09-28 17:00:00,296.5533992961302,297.8547036004912
2005-09-28 18:00:00,296.1335273824966,297.3641153109276
2005-09-28 20:00:00,295.62207604924043,296.7886327382045
2005-09-28 21:00:00,295.4679829460814,296.52569624749464
2005-09-29 05:00:00,303.83171782177664,301.40540688724843
2005-09-29 06:00:00,306.0570447360423,302.83988983201317
2005-09-29 08:00:00,307.993012462081,304.4642866043538
2005-09-29 09:00:00,308.2568625051913,304.875508618465
2005-09-29 17:00:00,297.1120762288663,298.43645492577224
2005-09-29 18:00:00,296.7251132206851,297.96679544081496
2005-09-29 20:00:00,295.7185932506215,296.88378548879285
2005-09-29 21:00:00,295.32662803990814,296.46126374184445
2005-09-30 05:00:00,304.14716596559316,301.8625204265577
2005-09-30 06:00:00,306.5880982291717,303.44799875221196
2005-09-30 08:00:00,309.0923677747165,305.72498346219993
2005-09-30 09:00:00,309.25985793009374,306.1896975947823
2005-09-30 17:00:00,296.93912126397134,298.40270427121953
2005-09-30 18:00:00,296.40142337934265,297.80062635800874
2005-09-30 20:00:00,295.1299179617907,296.51219040880954
2005-09-30 21:00:00,294.67356952496783,296.0206345380363
2005-10-01 05:00:00,304.63754987202367,302.3857083783495
2005-10-01 06:00:00,307.2853611268689,304.1619902671026
2005-10-01 08:00:00,309.9640580986976,305.59944479638153
2005-10-01 09:00:00,310.0265449794305,306.04104275696085
2005-10-01 17:00:00,296.19993650086667,297.66723353028846
2005-10-01 18:00:00,295.59337424350264,296.9849408918243
2005-10-01 20:00:00,294.5667367943998,295.87000289940505
2005-10-01 21:00:00,294.2232787333578,295.4660719296965
2005-10-02 05:00:00,304.95134402423497,302.16917424135835
2005-10-02 06:00:00,307.57106140324805,303.766301088965
2005-10-02 08:00:00,310.3313426060376,305.8581443986467
2005-10-02 09:00:00,310.3244482431279,306.22799558007665
2005-10-02 17:00:00,295.6832828374784,297.30773838789696
2005-10-02 18:00:00,295.15007935980987,296.734129942437
2005-10-02 20:00:00,294.1197157567381,295.74002030523974
2005-10-02 21:00:00,293.83587825169735,295.3670172081522
2005-10-03 05:00:00,305.0973392950919,302.2243661983355
2005-10-03 06:00:00,307.8379481569828,303.8917438994938
2005-10-03 08:00:00,310.85108174234404,306.2784163793908
2005-10-03 09:00:00,310.8566023205021,306.5826896820304
2005-10-03 17:00:00,295.66823952885,297.3267087304537
2005-10-03 18:00:00,294.96106904533866,296.5977771917734
2005-10-03 20:00:00,293.61605623359856,295.27673664298743
2005-10-03 21:00:00,293.1342283933666,294.74935793178656
2005-10-04 05:00:00,305.3375657938294,302.28331094750644
2005-10-04 06:00:00,308.2249113062314,304.0239787285427
2005-10-04 08:00:00,311.5377626345595,305.98243981406944
2005-10-04 09:00:00,311.5887825705788,306.2551140219478
2005-10-04 17:00:00,296.00610596079304,297.7768318634739
2005-10-04 18:00:00,295.2885293828321,297.0968775815332
2005-10-04 20:00:00,293.78286848964603,295.728496604414
2005-10-04 21:00:00,293.13003735182286,295.04773497030436
2005-10-05 05:00:00,306.1398538551272,303.0948139772577
2005-10-05 06:00:00,308.95590722505784,304.6202252216075
2005-10-05 08:00:00,312.058603812807,306.2052784642013
2005-10-05 09:00:00,311.9666986920984,306.4284477292665
2005-10-05 17:00:00,295.8036360542286,297.4814592311489
2005-10-05 18:00:00,295.11752796613933,296.8297701043598
2005-10-05 20:00:00,293.9209562986401,295.86811967329544
2005-10-05 21:00:00,293.4627521673594,295.42567403878564
2005-10-06 05:00:00,306.5489486905937,303.51229214190704
2005-10-06 06:00:00,309.37153590221436,305.0609737449141
2005-10-06 08:00:00,312.5194836162455,306.5574908146322
2005-10-06 09:00:00,312.5445957507117,306.7641750388594
2005-10-06 17:00:00,296.5571139531069,298.19721234855007
2005-10-06 18:00:00,295.84419332777594,297.5002335840822
2005-10-06 20:00:00,294.2761600065305,296.1042268162332
2005-10-06 21:00:00,293.6476139956153,295.52137133300033
2005-10-07 05:00:00,307.5591852220438,304.0213891310023
2005-10-07 06:00:00,310.5264665224519,305.40225856880926
2005-10-07 08:00:00,314.14772320528425,306.59767157932276
2005-10-07 09:00:00,314.05785034838,306.83958606690584
2005-10-07 17:00:00,296.54706960246085,298.2054280426542
2005-10-07 18:00:00,295.7978428398332,297.49982131464276
2005-10-07 20:00:00,293.9726534286523,295.93219537250064
2005-10-07 21:00:00,293.0812469153265,295.1473738283883
2005-10-08 05:00:00,308.4256055505691,304.2972684604545
2005-10-08 06:00:00,311.532596182566,305.4706152400177
2005-10-08 08:00:00,314.63680148602265,306.7727970305503
2005-10-08 09:00:00,314.3557478518258,307.00911521029957
2005-10-08 17:00:00,296.37475806943075,298.1386707699721
2005-10-08 18:00:00,295.5377424854343,297.40050166854513
2005-10-08 20:00:00,293.82559737806514,295.7618975999359
2005-10-08 21:00:00,293.09149202837597,295.0929573423506
2005-10-09 05:00:00,308.53005530029674,304.3302038160421
2005-10-09 06:00:00,311.6079076640595,305.54016806862575
2005-10-09 08:00:00,315.4879590520873,307.16892311789775
2005-10-09 09:00:00,315.3089735739404,307.38297919462934
2005-10-09 17:00:00,297.30272149084533,298.8634531876339
2005-10-09 18:00:00,296.51843776614714,298.21242343332443
2005-10-09 20:00:00,294.5165294770651,296.17832302569605
2005-10-09 21:00:00,293.45631972960956,295.2758930600112
2005-10-10 05:00:00,310.1309929423046,304.85168708601424
2005-10-10 06:00:00,313.29043830671736,305.93545548684426
2005-10-10 08:00:00,316.48253992489197,307.41593023220815
2005-10-10 09:00:00,316.20610328521497,307.6232487424313
2005-10-10 17:00:00,297.91959953602,299.266342468732
2005-10-10 18:00:00,297.0471379966325,298.29195898964156
2005-10-10 20:00:00,294.0760085659879,297.2896593090934
2005-10-10 21:00:00,293.21353661958904,296.96155640965065
2005-10-11 05:00:00,310.23745301985775,305.14063466311603
2005-10-11 06:00:00,313.4658992867257,306.4249987492025
2005-10-11 08:00:00,316.01420560345997,307.41667520908067
2005-10-11 09:00:00,315.71776974623674,307.63527577169504
2005-10-11 17:00:00,298.49606990961155,299.5731186830024
2005-10-11 18:00:00,297.4833575044465,299.00013194502964
2005-10-11 20:00:00,294.1084781170626,296.37256275523794
2005-10-11 21:00:00,293.2333936412088,296.1176460160313
2005-10-12 05:00:00,311.9714531097647,305.85959786296075
2005-10-12 06:00:00,315.5438635874603,306.826484245218
2005-10-12 08:00:00,316.85308090233474,307.4692462280462
2005-10-12 09:00:00,316.3508383540784,307.72502171497314
2005-10-12 17:00:00,297.2603459997427,298.7288241863986
2005-10-12 18:00:00,296.02985846426895,297.6950212428676
2005-10-12 20:00:00,293.910751295751,298.748935176338
2005-10-12 21:00:00,293.15144700812994,297.61799986006116
2005-10-13 05:00:00,310.2878871500401,305.01142523578943
2005-10-13 06:00:00,313.89916919302686,306.12756646248886
2005-10-13 08:00:00,317.0927388759901,307.33138144659154
2005-10-13 09:00:00,316.3692510102306,307.5567312607963
2005-10-13 17:00:00,297.4510395773019,298.8867920345077
2005-10-13 18:00:00,296.1287081208545,297.82479352906967
2005-10-13 20:00:00,295.2164964955099,297.04980080814687
2005-10-13 21:00:00,295.19736733458626,296.9709588801732
2005-10-14 05:00:00,309.55379886950476,305.0334750559003
2005-10-14 06:00:00,313.1542004554408,306.3230515584372
2005-10-14 08:00:00,316.40313170540315,307.4205270540916
2005-10-14 09:00:00,315.3052258366613,307.41291733846094
2005-10-14 17:00:00,297.1153392586025,298.6729561874789
2005-10-14 18:00:00,296.17702798005797,297.898664148269
2005-10-14 20:00:00,295.31644078799866,296.90980097178505
2005-10-14 21:00:00,294.83375878473646,296.444887863653
2005-10-15 05:00:00,309.17373210513165,304.7120807806406
2005-10-15 06:00:00,312.68433423622736,306.05698076198206
2005-10-15 08:00:00,316.40034294422315,307.22645289064
2005-10-15 09:00:00,315.7136770756844,307.43819369887717
2005-10-15 17:00:00,298.3290788271394,299.3858483877314
2005-10-15 18:00:00,297.89547557860203,298.9427249949592
2005-10-15 20:00:00,296.56246776610203,297.7234544092775
2005-10-15 21:00:00,295.6673863297802,296.8331209720559
2005-10-16 05:00:00,309.58830089598484,304.28034448844073
2005-10-16 06:00:00,313.6798083242173,305.8862228981335
2005-10-16 08:00:00,317.0691933418826,307.5255095212963
2005-10-16 09:00:00,316.22932354143853,307.6278857450089
2005-10-16 17:00:00,296.91640311360175,298.42902142681953
2005-10-16 18:00:00,296.1823675922694,297.86390561425634
2005-10-16 20:00:00,294.69257844945497,296.3212205742835
2005-10-16 21:00:00,293.9419636542698,295.6457300406575
2005-10-17 05:00:00,310.61797630180746,304.305900985177
2005-10-17 06:00:00,314.40719679728136,305.78544778926715
2005-10-17 08:00:00,318.2024020061287,307.2088533233972
2005-10-17 09:00:00,317.61591554239095,307.49167450844595
2005-10-17 17:00:00,297.56825465597615,298.7580405119204
2005-10-17 18:00:00,296.8627106794408,298.26168463520344
2005-10-17 20:00:00,295.8409077977914,297.18160521708575
2005-10-17 21:00:00,295.65698954577806,296.8814110190181
2005-10-18 05:00:00,308.83752547206797,304.1580474101156
2005-10-18 06:00:00,311.9191753463863,305.5403688310291
2005-10-18 08:00:00,315.5489201949814,306.6346611175772
2005-10-18 09:00:00,315.7661789951413,306.7638874024566
2005-10-18 17:00:00,296.6926631604211,298.04274078510207
2005-10-18 18:00:00,295.48771161989004,296.95027931812916
2005-10-18 20:00:00,294.2488298695333,297.3253712470433
2005-10-18 21:00:00,293.944078677608,295.7383547461088
2005-10-19 05:00:00,308.81786622692516,304.16330003077144
2005-10-19 06:00:00,312.1682116915522,305.47900912574335
2005-10-19 08:00:00,316.2753258280468,306.43395043888887
2005-10-19 09:00:00,315.9258316110572,306.5597367014834
2005-10-19 17:00:00,295.45405477514987,296.77019116323794
2005-10-19 18:00:00,294.81786853102585,296.3130976790089
2005-10-19 20:00:00,293.64276539195663,295.45603707758784
2005-10-19 21:00:00,293.2513012526032,295.0705665623646
2005-10-20 05:00:00,307.68618405287737,302.5365912109752
2005-10-20 06:00:00,311.4776284286899,304.0249724542415
2005-10-20 08:00:00,314.7756815294639,305.1205007027037
2005-10-20 09:00:00,315.16514100719854,305.3815709189017
2005-10-20 17:00:00,296.25892041974885,297.4295779611738
2005-10-20 18:00:00,295.64193692670216,296.7334295428589
2005-10-20 20:00:00,294.47861705245145,295.6898531685992
2005-10-20 21:00:00,293.74011399749617,295.0399350958355
2005-10-21 05:00:00,306.6799699404207,301.3738128709132
2005-10-21 06:00:00,309.71817378674524,302.4998452725874
2005-10-21 08:00:00,313.44754830053296,303.9067478973436
2005-10-21 09:00:00,312.56451575892,303.92608287558534
2005-10-21 17:00:00,294.90424131796067,296.2076687570345
2005-10-21 18:00:00,293.9594423972954,295.2474430360486
2005-10-21 20:00:00,292.28208102797873,293.57311275817216
2005-10-21 21:00:00,291.520483102196,292.852295838813
2005-10-22 05:00:00,308.10280234126725,300.66484572964566
2005-10-22 06:00:00,312.3326712727363,302.07495357002057
2005-10-22 08:00:00,315.1977976136289,303.8540403486584
2005-10-22 09:00:00,314.3631877928559,304.2119165076681
2005-10-22 17:00:00,293.13460116393765,294.82817188139506
2005-10-22 18:00:00,291.9153100999735,293.78179611887884
2005-10-22 20:00:00,290.38618041333876,292.4692449349284
2005-10-22 21:00:00,289.79059846522443,291.91316056214794
2005-10-23 05:00:00,308.378084650025,301.7745711175246
2005-10-23 06:00:00,312.35412063951304,303.0523683521523
2005-10-23 08:00:00,314.7680760458548,304.5843813856504
2005-10-23 09:00:00,313.91815726305197,304.7801094466623
2005-10-23 17:00:00,292.5095805680991,294.44525922355007
2005-10-23 18:00:00,291.56499931441255,293.5442052761836
2005-10-23 20:00:00,290.1131387484276,291.9973437951416
2005-10-23 21:00:00,289.4072365312621,291.3968043393457
2005-10-24 05:00:00,307.7523592344969,302.2646860319587
2005-10-24 06:00:00,311.525651952335,303.3504305752841
2005-10-24 08:00:00,315.89153511976065,304.6425093781599
2005-10-24 09:00:00,315.24206359581154,304.8830472361325
2005-10-24 17:00:00,291.94703838895026,294.05688062764835
2005-10-24 18:00:00,290.5623941759483,292.7105920024572
2005-10-24 20:00:00,289.30879307821834,291.55641574007336
2005-10-24 21:00:00,288.8373363712352,291.0064418422423
2005-10-25 05:00:00,307.2877773055678,302.02284812045576
2005-10-25 06:00:00,311.14578014309126,303.4701020368626
2005-10-25 08:00:00,315.9406850429823,304.79297272339807
2005-10-25 09:00:00,315.6154559918655,305.0051532386815
2005-10-25 17:00:00,291.803199262575,295.3712793006368
2005-10-25 18:00:00,290.4744038633279,294.03267941232457
2005-10-25 20:00:00,288.8529392236554,291.969052401456
2005-10-25 21:00:00,288.2023396073211,291.45793845436793
2005-10-26 05:00:00,308.4401204207646,302.60362243652344
2005-10-26 06:00:00,312.2842351269833,303.7595020405868
2005-10-26 08:00:00,316.3764586602962,305.04786536359273
2005-10-26 09:00:00,315.6929935402422,305.256858108591
2005-10-26 17:00:00,291.81304275677275,296.7152299925065
2005-10-26 18:00:00,290.4334675417108,296.36390556723387
2005-10-26 20:00:00,288.8008020104172,292.4618400021217
2005-10-26 21:00:00,288.2338341946595,291.2890844124675
2005-10-27 05:00:00,309.6408170162254,302.94549612271584
2005-10-27 06:00:00,313.1243666074309,304.2129188619887
2005-10-27 08:00:00,315.65051563421645,305.56340170273984
2005-10-27 09:00:00,314.9099764125924,305.6559401219725
2005-10-27 17:00:00,293.75317632031556,295.34778911196764
2005-10-27 18:00:00,292.8759917037329,294.59212339897925
2005-10-27 20:00:00,291.69032473336387,293.53768960867535
2005-10-27 21:00:00,291.2360901913401,293.07760429676216
2005-10-28 05:00:00,307.70743656011507,302.46226475602487
2005-10-28 06:00:00,311.4762154977384,303.7873560313268
2005-10-28 08:00:00,315.42138215757114,305.15662740228356
2005-10-28 09:00:00,314.473806889656,305.2959975138284
2005-10-28 17:00:00,293.13902129891846,294.8250746763726
2005-10-28 18:00:00,292.10897815392826,293.95159970887454
2005-10-28 20:00:00,290.57159336836565,292.5390490515758
2005-10-28 21:00:00,289.99004807200384,291.9241691789201
2005-10-29 05:00:00,306.94871774917397,300.9246891533098
2005-10-29 06:00:00,310.961316265935,302.16191021136035
2005-10-29 08:00:00,314.19984311425634,303.7147346108647
2005-10-29 09:00:00,313.40349674077913,303.97594314363596
2005-10-29 17:00:00,291.915256658945,293.67644299711395
2005-10-29 18:00:00,290.59369230343856,292.4807122558218
2005-10-29 20:00:00,288.1442884965376,291.415804023919
2005-10-29 21:00:00,287.28186354908996,291.2560651688069
2005-10-30 05:00:00,307.8875268075059,301.45661891002686
2005-10-30 06:00:00,311.43315023413425,302.61983256053486
2005-10-30 08:00:00,315.06859799048567,304.11148729603536
2005-10-30 09:00:00,314.39688719292457,304.3008463290881
2005-10-30 17:00:00,290.7270877173943,295.19086462176637
2005-10-30 18:00:00,289.4295912215082,293.17295033318237
2005-10-30 20:00:00,287.7646498716851,290.3051341428595
2005-10-30 21:00:00,287.34986755183,290.11696078119735
2005-10-31 05:00:00,307.3554426055109,302.1201809499591
2005-10-31 06:00:00,311.1487936011081,303.60674975943306
2005-10-31 08:00:00,314.63721363790603,304.71542511221435
2005-10-31 09:00:00,314.3068330174051,304.7820497110188
2005-10-31 17:00:00,291.98778612698175,295.3765662476903
2005-10-31 18:00:00,290.3760010847142,292.7903112755351
2005-10-31 20:00:00,288.6678834277419,291.0358485382033
2005-10-31 21:00:00,288.58566871960466,291.04668815624547
2005-11-01 05:00:00,307.14778238305325,301.89094188437446
2005-11-01 06:00:00,310.7763747346052,303.3376016954795
2005-11-01 08:00:00,313.7680381692613,304.4532779875816
2005-11-01 09:00:00,313.4768830521265,304.4588303764355
2005-11-01 17:00:00,292.8013450963472,294.0892888144095
2005-11-01 18:00:00,291.1802905160584,295.0005042218648
2005-11-01 20:00:00,288.88744595238165,294.33537790918575
2005-11-01 21:00:00,288.2494062003443,291.5493238357991
2005-11-02 05:00:00,308.1148554915089,301.16560721140246
2005-11-02 06:00:00,311.10930446630636,302.7991328305567
2005-11-02 08:00:00,313.35636053100023,304.365935268314
2005-11-02 09:00:00,312.62558876825227,304.3913847419257
2005-11-02 17:00:00,290.8394116370814,294.4010522310466
2005-11-02 18:00:00,290.39995326907683,293.37307407749455
2005-11-02 20:00:00,289.27188500638005,291.55972974215894
2005-11-02 21:00:00,289.32328739959763,291.59077606436284
2005-11-03 05:00:00,305.19400203099417,300.3873566567255
2005-11-03 06:00:00,308.73984648670734,301.9727070812819
2005-11-03 08:00:00,311.17461523399885,303.0152317511466
2005-11-03 09:00:00,310.0445069252802,302.95544685163924
2005-11-03 17:00:00,293.78359374059556,294.9714297396009
2005-11-03 18:00:00,293.0825221880192,294.31675369897494
2005-11-03 20:00:00,291.4279522065572,292.572008059462
2005-11-03 21:00:00,290.99746826359967,292.1217798312383
2005-11-04 05:00:00,304.68561268293615,299.6008982136731
2005-11-04 06:00:00,308.3063578554221,301.2680166329735
2005-11-04 08:00:00,313.5204233836687,302.946222361137
2005-11-04 09:00:00,313.3585144889373,303.1118124093407
2005-11-04 17:00:00,294.0792311564065,295.2833207987122
2005-11-04 18:00:00,293.27060484335124,294.5709579538307
2005-11-04 20:00:00,292.6965525528683,293.78346934267114
2005-11-04 21:00:00,292.2675213923991,293.25738892165833
2005-11-05 05:00:00,302.7273538410205,298.73568880760064
2005-11-05 06:00:00,307.6291911355887,300.7136160405281
2005-11-05 08:00:00,312.8735926176991,302.25456980747873
2005-11-05 09:00:00,313.18344276087316,302.5634429884618
2005-11-05 17:00:00,292.70853968357267,293.90641704729785
2005-11-05 18:00:00,291.94844358470664,293.27491195984356
2005-11-05 20:00:00,290.7810014157523,291.96740485192817
2005-11-05 21:00:00,290.29978956977834,291.47007866669884
2005-11-06 05:00:00,303.9893075857765,299.21737151300226
2005-11-06 06:00:00,307.76635083873026,300.6730646212774
2005-11-06 08:00:00,312.61022196859346,302.03859570801535
2005-11-06 09:00:00,312.68098360364354,302.2823827946315
2005-11-06 17:00:00,292.2125935605935,293.35630248177034
2005-11-06 18:00:00,291.2925426559566,292.5450095718924
2005-11-06 20:00:00,289.9183068885274,291.3339098914195
2005-11-06 21:00:00,289.35767161129803,290.82897389651447
2005-11-07 05:00:00,304.6033864542957,298.8143647933043
2005-11-07 06:00:00,308.6567016507518,300.20324145112824
2005-11-07 08:00:00,313.19279190792327,301.79315883830435
2005-11-07 09:00:00,312.22145887001636,302.001089533966
2005-11-07 17:00:00,290.7876111046743,292.22759734684223
2005-11-07 18:00:00,289.8007513202027,291.4150057470854
2005-11-07 20:00:00,288.07736285992877,289.86702564868426
2005-11-07 21:00:00,287.3209788553153,289.1642176506149
2005-11-08 05:00:00,303.8520562593669,298.7217795161878
2005-11-08 06:00:00,307.4726270020284,299.93116163068635
2005-11-08 08:00:00,312.02269884764877,301.4590603397881
2005-11-08 09:00:00,311.3859156298527,301.7489723711058
2005-11-08 17:00:00,289.85913798327806,291.67857494853865
2005-11-08 18:00:00,288.9418819762525,290.8829292567743
2005-11-08 20:00:00,287.7662473422904,289.78005943827344
2005-11-08 21:00:00,287.34509825155436,289.3411899560773
2005-11-09 05:00:00,305.0706502623477,298.7971362097789
2005-11-09 06:00:00,309.07218190150564,300.1845549831773
2005-11-09 08:00:00,312.25622793706066,302.12030233844587
2005-11-09 09:00:00,311.4838284344078,302.4696967267476
2005-11-09 17:00:00,291.21154985001715,292.75439667077205
2005-11-09 18:00:00,290.39812952638226,292.0457652933976
2005-11-09 20:00:00,288.9511026344241,290.6520963648251
2005-11-09 21:00:00,288.28843825329983,290.0535050731594
2005-11-10 05:00:00,305.61122794364377,299.9398135051522
2005-11-10 06:00:00,309.4710148604148,301.22579318900324
2005-11-10 08:00:00,313.89889277148137,302.75604335038435
2005-11-10 09:00:00,313.40261941918607,303.0068412040158
2005-11-10 17:00:00,289.8132637858575,294.2333570577331
2005-11-10 18:00:00,288.740328937172,293.70556795799126
2005-11-10 20:00:00,287.27030359394564,291.19936498985817
2005-11-10 21:00:00,286.73227145014266,290.17460550034906
2005-11-11 05:00:00,306.0128703301052,300.7915094784118
2005-11-11 06:00:00,309.373363618307,301.86307275240154
2005-11-11 08:00:00,312.8024745523838,302.8893130497866
2005-11-11 09:00:00,312.4669686010329,303.02217386536677
2005-11-11 17:00:00,289.6634440135515,294.62540761421576
2005-11-11 18:00:00,288.6986416668297,293.87105185298594
2005-11-11 20:00:00,287.2533871690371,292.44016897145696
2005-11-11 21:00:00,286.7206492137468,290.7744212099143
2005-11-12 05:00:00,306.46143241141726,300.85549813903907
2005-11-12 06:00:00,310.07823505607337,301.8902886483262
2005-11-12 08:00:00,312.9912079045512,303.05826974172254
2005-11-12 09:00:00,312.21950471052224,303.1880694185089
2005-11-12 17:00:00,291.5879916762718,293.4166366506615
2005-11-12 18:00:00,290.57972954748595,292.6264821715274
2005-11-12 20:00:00,288.6076624184066,290.89224403040436
2005-11-12 21:00:00,287.8488021403873,290.22132165847097
2005-11-13 05:00:00,306.32750150565926,300.64649222775125
2005-11-13 06:00:00,309.30957099432567,301.8391155366354
2005-11-13 08:00:00,311.14760522592604,303.04889447369453
2005-11-13 09:00:00,310.41047501527294,303.0762917822792
2005-11-13 17:00:00,291.0188318143824,292.8675163986136
2005-11-13 18:00:00,290.0504760271963,292.1179286445418
2005-11-13 20:00:00,288.7292427803592,290.87325939301905
2005-11-13 21:00:00,288.12331694851304,290.2929186475663
2005-11-14 05:00:00,305.82007799897985,299.54690535299954
2005-11-14 06:00:00,309.0719589209887,300.999180539547
2005-11-14 08:00:00,310.97706039734356,302.6092676712295
2005-11-14 09:00:00,310.1919431994986,302.6688856645064
2005-11-14 17:00:00,290.9447325249483,293.1897688338128
2005-11-14 18:00:00,289.7802341972551,292.4923339514593
2005-11-14 20:00:00,288.2227565489124,291.6479471262504
2005-11-14 21:00:00,287.63697608042577,291.27986323704886
2005-11-15 05:00:00,306.28793151573336,300.34694969047933
2005-11-15 06:00:00,309.00364713272074,301.5636554124359
2005-11-15 08:00:00,310.8211193114106,302.99839284276743
2005-11-15 09:00:00,310.19031166111927,303.09365884695654
2005-11-15 17:00:00,292.19628276149007,293.6940905037573
2005-11-15 18:00:00,291.50443000969796,293.0970407965003
2005-11-15 20:00:00,290.41777052680953,292.0236433878518
2005-11-15 21:00:00,289.79878676874426,291.3707421160259
2005-11-16 05:00:00,305.99911191026314,300.20938912084546
2005-11-16 06:00:00,309.3587951189932,301.65624163000166
2005-11-16 08:00:00,311.39780751655945,303.0690575174999
2005-11-16 09:00:00,310.6212876236126,303.1849924331454
2005-11-16 17:00:00,290.419903066015,292.59710517025144
2005-11-16 18:00:00,289.06951203662186,291.5986830560011
2005-11-16 20:00:00,287.3586907996603,289.6809702492642
2005-11-16 21:00:00,286.706075024715,288.8826753354771
2005-11-17 05:00:00,304.1108719130694,298.39812327239474
2005-11-17 06:00:00,307.64963629065755,299.75205090821066
2005-11-17 08:00:00,310.6682259628696,301.6645722940266
2005-11-17 09:00:00,309.91144475951586,301.91986076931005
2005-11-17 17:00:00,289.4903366253446,291.2884168815907
2005-11-17 18:00:00,288.41169214469073,290.3837735450874
2005-11-17 20:00:00,286.6913477070343,288.75956020737283
2005-11-17 21:00:00,285.8805032033583,288.07751135686516
2005-11-18 05:00:00,305.25763882253506,298.36113411032005
2005-11-18 06:00:00,308.8084591482013,299.98273229378583
2005-11-18 08:00:00,311.04010545821694,302.111753466684
2005-11-18 09:00:00,310.3251009854404,302.4323428819653
2005-11-18 17:00:00,288.491471347897,294.3866204965648
2005-11-18 18:00:00,287.33871372969384,294.28257777327195
2005-11-18 20:00:00,286.017485490749,291.76266397202875
2005-11-18 21:00:00,285.55697471959564,290.453235526298
2005-11-19 05:00:00,305.6238768684846,300.31181368364946
2005-11-19 06:00:00,309.83073298332323,301.8756836360703
2005-11-19 08:00:00,313.28604288204065,303.51574972708164
2005-11-19 09:00:00,312.61790139502483,303.7510492827382
2005-11-19 17:00:00,290.06570697896103,294.6412379613092
2005-11-19 18:00:00,288.6780442295163,294.6562585110657
2005-11-19 20:00:00,287.0613212409115,289.9134243581622
2005-11-19 21:00:00,286.47831787203427,289.1058708860988
2005-11-20 05:00:00,306.5482000694804,301.14217272084005
2005-11-20 06:00:00,310.258233162949,302.5887026088814
2005-11-20 08:00:00,313.1112487745946,303.8637377440654
2005-11-20 09:00:00,312.56030778928977,304.0439296305088
2005-11-20 17:00:00,290.9509100304179,292.73113012093427
2005-11-20 18:00:00,289.3543634870203,292.12697416755196
2005-11-20 20:00:00,287.26605939350804,291.88491245263896
2005-11-20 21:00:00,286.55690790067655,290.62958553649247
2005-11-21 05:00:00,305.88764351725763,300.59120624936054
2005-11-21 06:00:00,310.1037015518165,302.01927514215834
2005-11-21 08:00:00,313.89520487028574,303.3468784514488
2005-11-21 09:00:00,313.3215079990851,303.56973995449727
2005-11-21 17:00:00,291.2254368998053,292.97142837594953
2005-11-21 18:00:00,289.8319779970613,292.15186452057407
2005-11-21 20:00:00,287.3684703433091,293.194739413739
2005-11-21 21:00:00,286.58889168620294,292.78547421589104
2005-11-22 05:00:00,305.37600886693167,300.22541776166304
2005-11-22 06:00:00,309.19867827381665,301.7405352012035
2005-11-22 08:00:00,312.1750865636511,303.442344583238
2005-11-22 09:00:00,311.4071333639794,303.6074116241032
2005-11-22 17:00:00,290.90455199537,292.8690972467784
2005-11-22 18:00:00,289.7994523011664,291.88381990923534
2005-11-22 20:00:00,288.48893281675083,290.4424525938343
2005-11-22 21:00:00,287.79465916050236,289.98200654910045
2005-11-23 05:00:00,306.0668965061935,299.962551005265
2005-11-23 06:00:00,310.04381254457735,301.32525634765625
2005-11-23 08:00:00,312.2542296940079,302.58868687986774
2005-11-23 09:00:00,311.3411475888386,302.74280786734704
2005-11-23 17:00:00,291.412368163122,292.90246697236284
2005-11-23 18:00:00,290.6819704170403,292.253032384558
2005-11-23 20:00:00,289.65728623400486,291.2973796215557
2005-11-23 21:00:00,289.1926863424951,290.80840692975676
2005-11-24 05:00:00,302.42027839931023,298.2604408910719
2005-11-24 06:00:00,305.9703436617859,299.71798837717586
2005-11-24 08:00:00,310.0341621716327,301.2591420366143
2005-11-24 09:00:00,310.2132962642723,301.4674449620886
2005-11-24 17:00:00,290.80295030214756,292.0646400863107
2005-11-24 18:00:00,289.9999713398092,291.27715784669476
2005-11-24 20:00:00,288.9508775614076,290.3267658157231
2005-11-24 21:00:00,288.45091031255265,289.777790745528
2005-11-25 05:00:00,300.6098856404309,297.2564139108996
2005-11-25 06:00:00,304.24035628073386,299.32770845151646
2005-11-25 08:00:00,307.8366545925523,301.1150140512522
2005-11-25 09:00:00,308.10021523591735,301.40059634827315
2005-11-25 17:00:00,292.2470818565145,293.5692550353534
2005-11-25 18:00:00,291.7113530375006,293.08769007419767
2005-11-25 20:00:00,290.6603821694208,291.88667831068227
2005-11-25 21:00:00,290.0698869937374,291.2237973440961
2005-11-26 05:00:00,299.7641272405263,296.38995467128666
2005-11-26 06:00:00,303.3998032909329,298.4303827976409
2005-11-26 08:00:00,308.02554939634445,300.8100344006931
2005-11-26 09:00:00,308.14115835228023,301.0911772835236
2005-11-26 17:00:00,291.94762917916836,293.13437872417904
2005-11-26 18:00:00,291.1575958298975,292.41697878609824
2005-11-26 20:00:00,289.8603437567712,291.0726102526272
2005-11-26 21:00:00,289.3650708778981,290.57670456896574
2005-11-27 05:00:00,300.3984957843422,296.6350248833467
2005-11-27 06:00:00,304.5851245286468,298.8632769474447
2005-11-27 08:00:00,309.56659154201327,301.1658850201106
2005-11-27 09:00:00,309.5949539631284,301.42588361790075
2005-11-27 17:00:00,289.6352761008523,293.59064722281573
2005-11-27 18:00:00,288.46071129844444,290.5448773917505
2005-11-27 20:00:00,286.8510387403021,288.71040969637033
2005-11-27 21:00:00,286.3535837840593,288.2375403640818
2005-11-28 05:00:00,300.94508620439956,297.1873237127883
2005-11-28 06:00:00,305.1516131149786,299.34870075995826
2005-11-28 08:00:00,309.8022722617504,301.0543267436681
2005-11-28 09:00:00,309.50624241997906,301.28504130359056
2005-11-28 17:00:00,289.55994444672245,290.97268958892585
2005-11-28 18:00:00,288.5320999074974,289.93261243823133
2005-11-28 20:00:00,287.140318930792,288.52879046659075
2005-11-28 21:00:00,286.7338596573228,288.03509265211954
2005-11-29 05:00:00,299.97574856468634,295.51049769420655
2005-11-29 06:00:00,304.50736327090505,297.4063133157457
2005-11-29 08:00:00,308.0846902762062,298.7123697571835
2005-11-29 09:00:00,307.3870668102671,298.88510416321833
2005-11-29 17:00:00,288.5345879835414,289.508732118298
2005-11-29 18:00:00,287.82151733304397,288.77349639563425
2005-11-29 20:00:00,286.732700177444,287.72040601357105
2005-11-29 21:00:00,286.29471330686783,287.3016821768692
2005-11-30 05:00:00,297.3716747595459,293.420730050062
2005-11-30 06:00:00,301.0404487692153,294.977614415996
2005-11-30 08:00:00,304.80315755365075,296.2661815578654
2005-11-30 09:00:00,304.76702076775274,296.61229763413064
2005-11-30 17:00:00,286.89306539526706,287.8963668188439
2005-11-30 18:00:00,286.1877748933154,287.16835908346076
2005-11-30 20:00:00,285.00990300112403,286.10392265143486
2005-11-30 21:00:00,284.523721492162,285.6771050968964
2005-12-01 05:00:00,295.9787660901462,292.17345446100217
2005-12-01 06:00:00,299.7733301006958,293.87056973167853
2005-12-01 08:00:00,303.8397368444316,295.505690070624
2005-12-01 09:00:00,303.7751218446047,295.86544301366587
2005-12-01 17:00:00,285.30386056297556,286.4475530733129
2005-12-01 18:00:00,284.5285379794787,285.71222194207286
2005-12-01 20:00:00,283.18750630100993,284.4505122909193
2005-12-01 21:00:00,282.7030949291353,284.04908945233507
2005-12-02 05:00:00,294.8747821449315,291.25174688447976
2005-12-02 06:00:00,298.7673124951097,293.12800541717576
2005-12-02 08:00:00,303.58333856850084,295.3648234457007
2005-12-02 09:00:00,303.6690284011911,295.8587724071438
2005-12-02 17:00:00,284.6831790353925,286.015333578289
2005-12-02 18:00:00,283.9004654377377,285.253862119419
2005-12-02 20:00:00,282.91501084902256,284.33267371790436
2005-12-02 21:00:00,282.5058414829531,283.90917846491595
2005-12-03 05:00:00,296.5130626989991,292.0608869179371
2005-12-03 06:00:00,300.85542372599224,293.93345381115176
2005-12-03 08:00:00,305.9003723802846,295.9640595799051
2005-12-03 09:00:00,305.4970749207013,296.4138238845144
2005-12-03 17:00:00,284.68007386006263,286.1702382891497
2005-12-03 18:00:00,283.793121478958,285.41372600725873
2005-12-03 20:00:00,282.2657493273907,284.0053083187626
2005-12-03 21:00:00,281.4568394453757,283.31000489409786
2005-12-04 05:00:00,296.51883440061783,292.31685329255043
2005-12-04 06:00:00,300.60914550687204,294.35044228387727
2005-12-04 08:00:00,305.2544361226181,296.9068829693669
2005-12-04 09:00:00,305.41911826111686,297.37871317576924
2005-12-04 17:00:00,284.9018838703173,286.59687128052326
2005-12-04 18:00:00,283.9661936003181,285.7615138261087
2005-12-04 20:00:00,282.2455487126379,284.19362507542405
2005-12-04 21:00:00,281.39040674524057,283.35244753327686
2005-12-05 05:00:00,298.9527419785322,293.64713836340763
2005-12-05 06:00:00,303.1543008719093,295.431262470357
2005-12-05 08:00:00,307.2623480751261,297.510898372609
2005-12-05 09:00:00,307.1021176942141,297.9651317625825
2005-12-05 17:00:00,285.84822966541833,287.62033233877696
2005-12-05 18:00:00,284.603774718768,286.50988929407623
2005-12-05 20:00:00,282.0708326154571,285.82733290662014
2005-12-05 21:00:00,281.25692866579595,285.7074714507821
2005-12-06 05:00:00,299.23362910618954,295.0229967349483
2005-12-06 06:00:00,303.00217375439377,296.68702554335397
2005-12-06 08:00:00,307.0981031985055,298.4962176776998
2005-12-06 09:00:00,307.27071478186843,298.85943013383724
2005-12-06 17:00:00,284.79784396837226,287.8573129474658
2005-12-06 18:00:00,283.54149579487523,287.9187496050114
2005-12-06 20:00:00,281.9036133094635,286.0873971242567
2005-12-06 21:00:00,281.3161522581691,285.76736866344106
2005-12-07 05:00:00,299.57991328775796,295.4529133754078
2005-12-07 06:00:00,303.74572137911997,297.18293496530123
2005-12-07 08:00:00,308.1708827555087,299.00527594379724
2005-12-07 09:00:00,308.4181133205608,299.3041849709439
2005-12-07 17:00:00,285.33864138563536,288.30928735483224
2005-12-07 18:00:00,284.02830985000213,287.91553618397296
2005-12-07 20:00:00,282.2519581564035,287.68533423942483
2005-12-07 21:00:00,281.61003340851914,287.260880268961
2005-12-08 05:00:00,299.8387927744532,295.2046040680449
2005-12-08 06:00:00,304.1739032433838,296.939221797996
2005-12-08 08:00:00,308.54031136958,298.59216875214423
2005-12-08 09:00:00,308.20905105285175,298.94539580029226
2005-12-08 17:00:00,285.43244332194513,287.8966548784488
2005-12-08 18:00:00,284.1483565508309,287.3111801970354
2005-12-08 20:00:00,282.32358357057734,287.04087347609607
2005-12-08 21:00:00,281.66990682781204,286.8137688071041
2005-12-09 05:00:00,298.58636883704804,294.76103739451924
2005-12-09 06:00:00,302.7437160591866,296.599129628327
2005-12-09 08:00:00,307.4007404250981,298.25532797415195
2005-12-09 09:00:00,307.7346699719069,298.502806441626
2005-12-09 17:00:00,285.17155341337934,287.16361543393833
2005-12-09 18:00:00,284.1883501190985,286.40808248887265
2005-12-09 20:00:00,282.6841156287994,285.06991621819776
2005-12-09 21:00:00,282.02310542737024,284.56029951333636
2005-12-10 05:00:00,298.60300343282785,294.79407796286654
2005-12-10 06:00:00,302.86103063739137,296.4984674674153
2005-12-10 08:00:00,307.58394405323844,298.0734527070644
2005-12-10 09:00:00,307.2982523349474,298.319600720986
2005-12-10 17:00:00,286.62530190772014,287.9896403637432
2005-12-10 18:00:00,285.8225658634227,287.25510210175366
2005-12-10 20:00:00,284.4700772795361,286.0647954720378
2005-12-10 21:00:00,283.9026137059569,285.5504139340347
2005-12-11 05:00:00,296.86562715362874,292.94479344254836
2005-12-11 06:00:00,300.9448584981251,294.5373269479337
2005-12-11 08:00:00,306.11420124447767,296.228071168685
2005-12-11 09:00:00,305.8132085814866,296.52291258825176
2005-12-11 17:00:00,285.138435869261,286.6370634011385
2005-12-11 18:00:00,284.3386713859664,285.9773727205391
2005-12-11 20:00:00,283.1706953004622,284.8042555751712
2005-12-11 21:00:00,282.66942595259985,284.2995423256708
2005-12-12 05:00:00,295.8962805561365,292.07230947344624
2005-12-12 06:00:00,299.98422636199626,293.9477528717558
2005-12-12 08:00:00,304.59442702941425,295.8012119052223
2005-12-12 09:00:00,305.09994887717886,296.1087698679308
2005-12-12 17:00:00,285.0532588635461,286.3652192337671
2005-12-12 18:00:00,284.23360220934103,285.6521620316939
2005-12-12 20:00:00,283.03377096825653,284.6270154062515
2005-12-12 21:00:00,282.4721138458957,284.09196766058363
2005-12-13 05:00:00,297.4645221633794,292.7574091648284
2005-12-13 06:00:00,301.74678608522584,294.39623273429225
2005-12-13 08:00:00,306.3280867002044,296.2255793778665
2005-12-13 09:00:00,306.07650789751665,296.63335067208266
2005-12-13 17:00:00,285.05072552838203,286.3515364495558
2005-12-13 18:00:00,284.0861486073452,285.47017614426346
2005-12-13 20:00:00,282.4276588804366,283.916369986277
2005-12-13 21:00:00,281.67530738113476,283.25579081624977
2005-12-14 05:00:00,295.4042579168899,291.41219168782055
2005-12-14 06:00:00,299.8006991487806,293.4653528857121
2005-12-14 08:00:00,305.0778241267741,295.531606195153
2005-12-14 09:00:00,305.2881515808576,295.99577101132905
2005-12-14 17:00:00,283.9612276285933,285.529581384409
2005-12-14 18:00:00,282.8399035155498,284.54859708013083
2005-12-14 20:00:00,281.3085935619102,283.05132854444037
2005-12-14 21:00:00,280.7095455410668,282.4730130799562
2005-12-15 05:00:00,294.9473242855219,291.4982610388052
2005-12-15 06:00:00,299.07834372498405,293.59389729786363
2005-12-15 08:00:00,303.6001826493509,295.59619427462025
2005-12-15 09:00:00,303.9488327426058,296.0025125042132
2005-12-15 17:00:00,284.7535005166828,286.2929702076963
2005-12-15 18:00:00,283.87862000075995,285.5780615666982
2005-12-15 20:00:00,282.26824866531445,284.1952127888684
2005-12-15 21:00:00,281.44407851302935,283.43514624362
2005-12-16 05:00:00,294.8978302284088,291.4149925572847
2005-12-16 06:00:00,299.08599959316166,293.43748431800884
2005-12-16 08:00:00,303.92428812223886,295.29481146625824
2005-12-16 09:00:00,304.1447110874076,295.76839892559315
2005-12-16 17:00:00,283.0857535716382,284.8090831127667
2005-12-16 18:00:00,282.04877936270645,283.98350209851844
2005-12-16 20:00:00,281.0371938273426,282.9138558362776
2005-12-16 21:00:00,280.55120207752765,282.3623161609808
2005-12-17 05:00:00,295.44284168119975,291.1638010315976
2005-12-17 06:00:00,299.84328555913845,292.96760340427585
2005-12-17 08:00:00,304.34966852925777,295.16963440317585
2005-12-17 09:00:00,304.2300327107058,295.7104795717495
2005-12-17 17:00:00,283.4996820576202,285.01884023140315
2005-12-17 18:00:00,282.5639781511068,284.16995030007854
2005-12-17 20:00:00,281.09919774036376,282.7029443632105
2005-12-17 21:00:00,280.4468476658426,282.0936933379328
2005-12-18 05:00:00,295.1623561488829,290.87931435795156
2005-12-18 06:00:00,299.7251959331965,292.8927501096564
2005-12-18 08:00:00,305.0564387105463,295.3686040516811
2005-12-18 09:00:00,305.0191854233,295.95975789450716
2005-12-18 17:00:00,283.7261029729858,285.1117083721426
2005-12-18 18:00:00,282.62917766365325,284.1412726873977
2005-12-18 20:00:00,280.59935383142783,282.2339992199914
2005-12-18 21:00:00,279.6309741098084,281.8906782059163
2005-12-19 05:00:00,295.12672332622606,290.9920139636024
2005-12-19 06:00:00,299.25141516451845,292.8664238316987
2005-12-19 08:00:00,302.84368562624894,294.74277847830797
2005-12-19 09:00:00,302.86415426903767,295.18440084354535
2005-12-19 17:00:00,284.5701303349805,286.04998346690223
2005-12-19 18:00:00,283.81931924452584,285.4280436652467
2005-12-19 20:00:00,282.6099855866748,284.34217792152447
2005-12-19 21:00:00,281.9783114769793,283.69751834722445
2005-12-20 05:00:00,293.7970713658032,290.57747065892386
2005-12-20 06:00:00,297.99986866626244,292.84450781400477
2005-12-20 08:00:00,302.50465715170276,294.8973573940377
2005-12-20 09:00:00,303.0353415655245,295.2946404690735
2005-12-20 17:00:00,285.3718008032565,286.6140684060213
2005-12-20 18:00:00,284.6818058149106,286.0602641759558
2005-12-20 20:00:00,283.41351633409874,284.9192065928126
2005-12-20 21:00:00,282.8666390770206,284.3392013996518
2005-12-21 05:00:00,295.4110916208229,291.66697667008737
2005-12-21 06:00:00,299.5507209907144,293.57086971617997
2005-12-21 08:00:00,304.2211641802443,295.2886813594307
2005-12-21 09:00:00,304.4678587362469,295.66942708113896
2005-12-21 17:00:00,285.35781658154974,286.5500933113745
2005-12-21 18:00:00,284.65110571909764,285.90128826029684
2005-12-21 20:00:00,283.3806415434428,284.4779681189586
2005-12-21 21:00:00,282.81589170670475,283.9563131464648
2005-12-22 05:00:00,295.2686318983833,291.3954084070145
2005-12-22 06:00:00,299.3205238424574,293.169305481051
2005-12-22 08:00:00,303.4982897225073,294.89270111225056
2005-12-22 09:00:00,303.5359906871073,295.2502369932107
2005-12-22 17:00:00,285.48236135709084,286.4476257935511
2005-12-22 18:00:00,284.6348017617624,285.62899700335254
2005-12-22 20:00:00,283.2513829776429,284.3673416396319
2005-12-22 21:00:00,282.64857645137647,283.7905197261111
2005-12-23 05:00:00,293.708236600291,289.7335626634501
2005-12-23 06:00:00,297.9210760883631,291.3912746623411
2005-12-23 08:00:00,302.07307927817885,293.19424304462547
2005-12-23 09:00:00,301.60102418685,293.52027918928763
2005-12-23 17:00:00,282.66378088247245,283.8109950225783
2005-12-23 18:00:00,281.8296759889012,283.0957718013064
2005-12-23 20:00:00,280.4573573272658,281.8808029010226
2005-12-23 21:00:00,279.86724218712385,281.3300665104518
2005-12-24 05:00:00,293.1030422498706,288.9023953806638
2005-12-24 06:00:00,297.1734721649593,290.6771153242819
2005-12-24 08:00:00,302.77804767626276,293.31617259538416
2005-12-24 09:00:00,302.7291229201025,293.98219823616864
2005-12-24 17:00:00,283.26855092570304,284.64848518077696
2005-12-24 18:00:00,282.5332413072395,283.9926937673419
2005-12-24 20:00:00,281.20558335784773,282.69834178107544
2005-12-24 21:00:00,280.6949243295726,282.28221565328874
2005-12-25 05:00:00,294.51090561406824,290.5830735263913
2005-12-25 06:00:00,299.34507086097,292.60802766538364
2005-12-25 08:00:00,304.51688266278046,294.91743243530465
2005-12-25 09:00:00,304.5453311350019,295.4553213016645
2005-12-25 17:00:00,283.8734451082344,285.3784514722545
2005-12-25 18:00:00,282.4999937695237,284.16361221289964
2005-12-25 20:00:00,280.3492466202135,282.45102072129447
2005-12-25 21:00:00,279.7421077263925,282.19993019985674
2005-12-26 05:00:00,296.0683719770199,292.12903132975015
2005-12-26 06:00:00,300.1945327735278,294.0201404260009
2005-12-26 08:00:00,305.088377072374,296.47037206335324
2005-12-26 09:00:00,305.33494636053666,297.05580938542016
2005-12-26 17:00:00,282.9566056261812,287.4309295043005
2005-12-26 18:00:00,282.0283539570719,285.5564860151435
2005-12-26 20:00:00,281.6193569518385,283.9560489272484
2005-12-26 21:00:00,281.5636732104379,283.8629753218594
2005-12-27 05:00:00,297.1858364393237,294.32752313599195
2005-12-27 06:00:00,301.740254712215,296.38294181177173
2005-12-27 08:00:00,305.96199616371945,298.39457850757475
2005-12-27 09:00:00,306.08656539094096,298.8740646291771
2005-12-27 17:00:00,283.8402882298262,289.9726274487418
2005-12-27 18:00:00,282.7298725992212,289.24346281971515
2005-12-27 20:00:00,281.4364879590521,287.072367099474
2005-12-27 21:00:00,281.0266529900267,286.8299573713165
2005-12-28 05:00:00,299.3702877849937,294.27562331565537
2005-12-28 06:00:00,303.47125300567586,295.9632150564796
2005-12-28 08:00:00,306.08046413239424,297.50845640208945
2005-12-28 09:00:00,306.027576299588,297.85100911615075
2005-12-28 17:00:00,285.7614758554703,287.59031174105746
2005-12-28 18:00:00,284.38324924463114,286.4189750306963
2005-12-28 20:00:00,282.57912011286146,284.8043218298208
2005-12-28 21:00:00,281.9167144493256,284.1107464571396
2005-12-29 05:00:00,296.82858828881126,293.43477582417205
2005-12-29 06:00:00,301.1843024020203,295.42344576184666
2005-12-29 08:00:00,305.6143260891154,297.31113846459994
2005-12-29 09:00:00,305.8010982284193,297.6107232045319
2005-12-29 17:00:00,286.4639640302614,288.00159502543727
2005-12-29 18:00:00,285.8129894568115,287.48766248141675
2005-12-29 20:00:00,284.61751007409237,286.4777548720914
2005-12-29 21:00:00,284.19371401841175,286.00286402063125
2005-12-30 05:00:00,293.93055158476983,291.8383297207543
2005-12-30 06:00:00,298.1260143450486,294.18579021624316
2005-12-30 08:00:00,303.0457314607359,296.77432105206924
2005-12-30 09:00:00,303.7145247261036,297.2196238889533
2005-12-30 17:00:00,287.75167414073036,288.94915301259755
2005-12-30 18:00:00,287.0398658552597,288.1872920196486
2005-12-30 20:00:00,285.9896727387086,287.1260738284636
2005-12-30 21:00:00,285.5118651779481,286.6042815033571
2005-12-31 05:00:00,294.3294290034172,291.5105353356878
2005-12-31 06:00:00,298.23555286566176,293.6719656593076
2005-12-31 08:00:00,303.56340682818825,296.6992054426432
2005-12-31 09:00:00,304.35552188538253,297.3517150643794
2005-12-31 17:00:00,287.65655268359075,288.9127422738332
2005-12-31 18:00:00,286.89852091784843,288.20401875594365
2005-12-31 20:00:00,285.5763060771078,286.73592314404226
2005-12-31 21:00:00,284.93351691529637,286.05785878891203
