datetime_utc,skt,t2m
2021-01-01 05:00:00,291.8334973633565,289.3170098068167
2021-01-01 06:00:00,295.44252479682535,291.58330699291724
2021-01-01 08:00:00,299.8966134751706,294.4451692225569
2021-01-01 09:00:00,300.6645327011132,295.3001686883818
2021-01-01 17:00:00,287.5170953453781,288.21859682432864
2021-01-01 18:00:00,287.25181064693885,287.9182878914526
2021-01-01 20:00:00,286.6138211619138,287.2962359882466
2021-01-01 21:00:00,286.08809465546454,286.83358461353555
2021-01-02 05:00:00,292.60926621353315,292.46824135802376
2021-01-02 06:00:00,297.41032287409564,294.43838773706847
2021-01-02 08:00:00,303.089927544028,297.9106224306927
2021-01-02 09:00:00,303.2577337138642,298.6478550092465
2021-01-02 17:00:00,288.34463482167575,289.53793715842886
2021-01-02 18:00:00,288.19172376917766,289.30358174328444
2021-01-02 20:00:00,287.9175139722545,288.5737567778177
2021-01-02 21:00:00,287.54745121325476,288.1565361551952
2021-01-03 05:00:00,294.55087118045947,292.23550325696385
2021-01-03 06:00:00,300.16938798196145,294.4593471062753
2021-01-03 08:00:00,304.9114924167815,296.94336414777996
2021-01-03 09:00:00,305.0395042525234,297.570516883133
2021-01-03 17:00:00,287.4824058168291,288.2388471653355
2021-01-03 18:00:00,287.69754308103967,288.45329618527455
2021-01-03 20:00:00,288.7500461995694,289.2755364181448
2021-01-03 21:00:00,289.07323835516934,289.50406403387274
2021-01-04 05:00:00,293.09046703273964,291.59217070357647
2021-01-04 06:00:00,295.1108569834376,292.79581029389414
2021-01-04 08:00:00,301.43244334545636,297.1158307608912
2021-01-04 09:00:00,300.80392441947953,297.2213697624501
2021-01-04 17:00:00,289.86294621495506,289.970271270705
2021-01-04 18:00:00,289.68645767658626,289.7869696947753
2021-01-04 20:00:00,288.5964337600214,289.1047886641257
2021-01-04 21:00:00,288.38889433826984,289.05649431460813
2021-01-05 05:00:00,291.5707220891591,291.59261967404785
2021-01-05 06:00:00,294.1582787136084,292.68264140406814
2021-01-05 08:00:00,298.01829298398536,295.39204738246644
2021-01-05 09:00:00,296.7480477214043,295.3688916410614
2021-01-05 17:00:00,286.7638986173139,287.7046011996747
2021-01-05 18:00:00,286.0209080677003,286.90251042111817
2021-01-05 20:00:00,284.83852441726003,285.76280297042774
2021-01-05 21:00:00,284.6484928689495,285.4332339341174
2021-01-06 05:00:00,289.8943933801401,286.99586265810836
2021-01-06 06:00:00,293.39652627201406,289.0727945101463
2021-01-06 08:00:00,297.4775154337126,291.3848400145356
2021-01-06 09:00:00,297.87151655247106,292.01682844588134
2021-01-06 17:00:00,282.67717828735914,283.8945045882638
2021-01-06 18:00:00,282.0043627205542,283.31571492575716
2021-01-06 20:00:00,281.2707145937786,282.692018176815
2021-01-06 21:00:00,281.0493794398609,282.4572910961275
2021-01-07 05:00:00,290.3486996079079,288.53839511019055
2021-01-07 06:00:00,294.93706685258724,290.44671482738613
2021-01-07 08:00:00,299.86073599464174,292.77299555938674
2021-01-07 09:00:00,300.3383688199319,293.5408771908706
2021-01-07 17:00:00,284.5546279225401,285.26692227920506
2021-01-07 18:00:00,283.895628707251,284.7047832236268
2021-01-07 20:00:00,283.1589968876773,284.05948466108464
2021-01-07 21:00:00,282.8356429748065,283.770366368933
2021-01-08 05:00:00,291.37840738869596,289.610315872451
2021-01-08 06:00:00,293.6895975074709,291.1481181939688
2021-01-08 08:00:00,294.498221163757,291.7651257860275
2021-01-08 09:00:00,296.16355030782785,292.4921171779074
2021-01-08 17:00:00,288.6315401662112,288.7522827289505
2021-01-08 18:00:00,287.75475860266545,287.98953374030964
2021-01-08 20:00:00,286.775120551487,286.98487670616305
2021-01-08 21:00:00,286.32587537486313,286.59398866250814
2021-01-09 05:00:00,290.5065724001093,289.0468801959821
2021-01-09 06:00:00,292.39250397057674,290.1825314890622
2021-01-09 08:00:00,292.92909123166504,290.41706923380474
2021-01-09 09:00:00,293.5296183675757,290.9119283620309
2021-01-09 17:00:00,287.66649955667225,287.84594956972563
2021-01-09 18:00:00,287.36047090550966,287.56710897719
2021-01-09 20:00:00,286.5562904722334,286.8138023106086
2021-01-09 21:00:00,285.4708449447467,285.8529150541097
2021-01-10 05:00:00,290.7484314482091,288.39949583456223
2021-01-10 06:00:00,294.07889315894647,290.1630218458837
2021-01-10 08:00:00,299.14271639455086,292.4281633374136
2021-01-10 09:00:00,299.7892365301335,293.206476361432
2021-01-10 17:00:00,283.2308265909393,283.81383889408437
2021-01-10 18:00:00,282.28327419945197,282.98248119383635
2021-01-10 20:00:00,281.15213927282207,282.17747020280603
2021-01-10 21:00:00,280.5904441328004,281.63472022481255
2021-01-11 05:00:00,290.8771580959138,288.347539516737
2021-01-11 06:00:00,294.80164300715796,290.67411947617734
2021-01-11 08:00:00,299.49790952238726,293.4213096959565
2021-01-11 09:00:00,299.80770286242654,293.99756538849584
2021-01-11 17:00:00,282.0007845227634,283.50832100090884
2021-01-11 18:00:00,280.9873147032845,282.54000772202875
2021-01-11 20:00:00,278.89180770897536,280.6009118736984
2021-01-11 21:00:00,277.95680676476434,279.88611006773493
2021-01-12 05:00:00,293.22800235131126,290.07228984156814
2021-01-12 06:00:00,296.7732155539773,292.1718521470833
2021-01-12 08:00:00,300.0618020220788,294.4187473714444
2021-01-12 09:00:00,300.078848675697,294.80170975554347
2021-01-12 17:00:00,281.6320709792785,283.40446396932026
2021-01-12 18:00:00,280.2705332751634,282.15739969920674
2021-01-12 20:00:00,277.92894224099274,281.09396103681144
2021-01-12 21:00:00,277.0472106228257,281.6471665063514
2021-01-13 05:00:00,294.1268740802406,290.73047436918426
2021-01-13 06:00:00,297.31893610550185,292.83638188578135
2021-01-13 08:00:00,300.75814438454,294.753387874374
2021-01-13 09:00:00,301.06417877244286,295.2545314371494
2021-01-13 17:00:00,280.26393851587335,283.5639249451906
2021-01-13 18:00:00,279.18806638556015,282.44179538438794
2021-01-13 20:00:00,277.9709288328197,280.7415063090978
2021-01-13 21:00:00,277.4903039682444,280.2626734000325
2021-01-14 05:00:00,292.44161406577274,290.8651995078441
2021-01-14 06:00:00,296.27849220311145,293.1107976646012
2021-01-14 08:00:00,300.4703856998673,295.7127866583355
2021-01-14 09:00:00,301.03200807262823,296.3210668578537
2021-01-14 17:00:00,283.60190534077367,285.4554627217203
2021-01-14 18:00:00,282.77762736598226,284.7088165283203
2021-01-14 20:00:00,281.40319466848035,283.5095517903521
2021-01-14 21:00:00,280.72700500488287,282.87915723239325
2021-01-15 05:00:00,293.31750761011534,291.03401379225255
2021-01-15 06:00:00,296.86261002785983,293.4063270933272
2021-01-15 08:00:00,300.89325799927326,296.3381482610717
2021-01-15 09:00:00,301.683714550706,297.05346388148234
2021-01-15 17:00:00,284.57807517970105,286.26477271786825
2021-01-15 18:00:00,283.76599786461594,285.51971369715426
2021-01-15 20:00:00,282.450963824115,284.4679616919284
2021-01-15 21:00:00,281.7843452535903,283.85499100178157
2021-01-16 05:00:00,294.13658830968916,291.91833754717294
2021-01-16 06:00:00,298.4620179351195,294.3733239548599
2021-01-16 08:00:00,303.2982508067174,296.96336294212404
2021-01-16 09:00:00,303.9743050221119,297.6494318134796
2021-01-16 17:00:00,285.4428963683236,287.08127755046075
2021-01-16 18:00:00,284.4861956627233,286.2839312913421
2021-01-16 20:00:00,283.07516227922014,284.98435294646515
2021-01-16 21:00:00,282.6461743323939,284.6537040393048
2021-01-17 05:00:00,294.4870234931746,292.78985266545885
2021-01-17 06:00:00,298.157053190681,295.10492430041865
2021-01-17 08:00:00,302.38658459491467,297.69625294924884
2021-01-17 09:00:00,303.06424439228925,298.4037692829715
2021-01-17 17:00:00,289.79770837910183,290.33527730462737
2021-01-17 18:00:00,289.3652996421779,289.93685104299584
2021-01-17 20:00:00,288.0473392997942,288.4862526304366
2021-01-17 21:00:00,287.4123471440813,287.9819033112842
2021-01-18 05:00:00,295.201623243617,293.08471564482466
2021-01-18 06:00:00,299.2043979921032,295.44285019226544
2021-01-18 08:00:00,304.396039613039,297.34223030454757
2021-01-18 09:00:00,305.5988595313027,298.1274320722912
2021-01-18 17:00:00,288.19052991587876,289.05203315252885
2021-01-18 18:00:00,287.1518978359887,288.09896276911894
2021-01-18 20:00:00,285.46098226538425,286.2233361712957
2021-01-18 21:00:00,284.95209424411206,285.63639817436234
2021-01-19 05:00:00,293.37539289618496,289.67080827192825
2021-01-19 06:00:00,298.4823965063815,292.6720173840162
2021-01-19 08:00:00,303.30049937384894,295.29202952333515
2021-01-19 09:00:00,303.48310142011604,296.06539982823637
2021-01-19 17:00:00,285.9247813173361,286.73124344506874
2021-01-19 18:00:00,285.1147218301594,286.0286398066211
2021-01-19 20:00:00,284.07304913678047,284.92064308201776
2021-01-19 21:00:00,283.6769861300664,284.50728457881416
2021-01-20 05:00:00,292.3301456962785,289.2157357426013
2021-01-20 06:00:00,297.95667047015695,292.3247827609258
2021-01-20 08:00:00,304.05902948364826,296.8336970207321
2021-01-20 09:00:00,304.55499589681995,297.7989465275605
2021-01-20 17:00:00,284.9265542522601,286.0347388080897
2021-01-20 18:00:00,283.8452933947735,285.06968204633483
2021-01-20 20:00:00,282.3718181075227,283.76041817922254
2021-01-20 21:00:00,281.61249223659144,283.0654571721293
2021-01-21 05:00:00,297.4292650031749,294.0291395378407
2021-01-21 06:00:00,301.59213736465057,296.3964832699722
2021-01-21 08:00:00,305.11194846883575,299.25782272738564
2021-01-21 09:00:00,305.1923261034103,299.7998281046863
2021-01-21 17:00:00,284.12060709102497,286.4472069644781
2021-01-21 18:00:00,282.9074088450757,285.59720455222583
2021-01-21 20:00:00,281.52823941035336,284.4210169811278
2021-01-21 21:00:00,281.1158526733587,284.52909011723267
2021-01-22 05:00:00,296.35449359817386,294.7202206980466
2021-01-22 06:00:00,300.96584389426494,297.25591782392087
2021-01-22 08:00:00,305.4450794566762,299.9382404627161
2021-01-22 09:00:00,305.8200383825552,300.71345599957715
2021-01-22 17:00:00,285.9056090133032,289.85461975944065
2021-01-22 18:00:00,284.86606954095544,287.9844462625419
2021-01-22 20:00:00,283.5460098337135,286.33458118409334
2021-01-22 21:00:00,282.9312272505327,285.9494773500322
2021-01-23 05:00:00,296.45437013129424,294.3138842942719
2021-01-23 06:00:00,300.17014238683765,296.27259036682784
2021-01-23 08:00:00,304.0661925564195,298.62264788940615
2021-01-23 09:00:00,304.41067356762056,299.2833995848481
2021-01-23 17:00:00,286.5693418153078,287.9290025943233
2021-01-23 18:00:00,285.6760051944774,286.99283246009486
2021-01-23 20:00:00,284.1894720045187,285.5994127270621
2021-01-23 21:00:00,283.42112750742575,284.7977538263118
2021-01-24 05:00:00,291.4989424413085,288.63776177875064
2021-01-24 06:00:00,295.456009028689,290.89969626780834
2021-01-24 08:00:00,300.3122116347491,293.29642631166337
2021-01-24 09:00:00,300.8052631724965,293.9319193741574
2021-01-24 17:00:00,283.0975330746596,284.4919708440043
2021-01-24 18:00:00,282.1846194509733,283.69141516075666
2021-01-24 20:00:00,280.4668354569305,282.16118065785554
2021-01-24 21:00:00,279.41524939397453,281.20712089832466
2021-01-25 05:00:00,292.26193350158593,288.4466234862529
2021-01-25 06:00:00,295.9201723871687,290.1994756807348
2021-01-25 08:00:00,300.499713962361,292.37389918064304
2021-01-25 09:00:00,301.08062864047906,293.16845587919966
2021-01-25 17:00:00,282.3583865173058,283.8083315997719
2021-01-25 18:00:00,281.34696179876346,282.9010793630074
2021-01-25 20:00:00,279.770148772488,281.49450488450526
2021-01-25 21:00:00,279.1007022005384,280.82733960732105
2021-01-26 05:00:00,292.21658536796394,288.45594688850485
2021-01-26 06:00:00,296.0575874457925,290.15258859596196
2021-01-26 08:00:00,300.9766656907938,292.6067108483454
2021-01-26 09:00:00,301.4734794957612,293.43965868369463
2021-01-26 17:00:00,281.9604117183362,283.5268247160596
2021-01-26 18:00:00,280.5311560020976,282.2914129177852
2021-01-26 20:00:00,278.68596069618076,280.5666775696083
2021-01-26 21:00:00,278.0692840717239,279.9188008830066
2021-01-27 05:00:00,293.03873849172254,288.98816392895617
2021-01-27 06:00:00,296.86600613116485,290.7931472942899
2021-01-27 08:00:00,301.3905780010488,293.28510537169564
2021-01-27 09:00:00,301.9893609092489,294.10555360203347
2021-01-27 17:00:00,283.1166470943504,284.65233742547883
2021-01-27 18:00:00,281.63299946131065,283.5374253659476
2021-01-27 20:00:00,279.31019361875093,281.64415276619985
2021-01-27 21:00:00,278.55174579826087,280.6963867516657
2021-01-28 05:00:00,293.6359155122966,289.6857577002104
2021-01-28 06:00:00,297.5444450907421,291.37544683094933
2021-01-28 08:00:00,302.4271881855875,293.5769740311868
2021-01-28 09:00:00,302.77160964283996,294.2866893938767
2021-01-28 17:00:00,282.603535350923,284.127984186534
2021-01-28 18:00:00,281.23887060603306,282.95805495251864
2021-01-28 20:00:00,279.5621834447829,281.42885010047763
2021-01-28 21:00:00,278.90058645004484,280.73751346723327
2021-01-29 05:00:00,294.40496882598836,290.05620900581727
2021-01-29 06:00:00,298.6867875861828,291.90584657078347
2021-01-29 08:00:00,303.0220329860693,294.2491573339618
2021-01-29 09:00:00,303.21447253117026,294.89605811637796
2021-01-29 17:00:00,283.01721327771395,284.65234175154535
2021-01-29 18:00:00,281.79028901039914,283.57333033110586
2021-01-29 20:00:00,279.68258648183206,281.5077288705506
2021-01-29 21:00:00,278.70131327154456,280.7772591565901
2021-01-30 05:00:00,294.94995100729636,290.7658329333289
2021-01-30 06:00:00,299.2080318880008,292.66466826687247
2021-01-30 08:00:00,304.49461103771426,295.2193452808633
2021-01-30 09:00:00,305.0158698929844,295.8975964092143
2021-01-30 17:00:00,282.8667929110064,284.7706286837397
2021-01-30 18:00:00,281.470341334174,283.7743335130219
2021-01-30 20:00:00,279.45973934414576,283.5046013595511
2021-01-30 21:00:00,278.75822317067576,283.4605521744315
2021-01-31 05:00:00,294.85925669148446,292.36264038085943
2021-01-31 06:00:00,299.1793199018999,294.5926701761725
2021-01-31 08:00:00,304.03602687089216,297.030531919976
2021-01-31 09:00:00,304.78969471700754,297.73256294238735
2021-01-31 17:00:00,285.84646575880714,287.6199903208963
2021-01-31 18:00:00,284.95803463881487,286.7976502593383
2021-01-31 20:00:00,283.50759727818945,285.419395152887
2021-01-31 21:00:00,282.69676622293764,284.5842517447215
2021-02-01 05:00:00,295.87732048798784,293.644753219534
2021-02-01 06:00:00,300.42153100717604,296.2102213949195
2021-02-01 08:00:00,305.81638285632494,298.85632759176525
2021-02-01 09:00:00,306.83936002992886,299.47405730777973
2021-02-01 17:00:00,286.6558934756897,288.70897501753
2021-02-01 18:00:00,285.7551984978016,287.898602125641
2021-02-01 20:00:00,284.2329487146692,286.4175286902853
2021-02-01 21:00:00,283.4204404152046,285.6327748585188
2021-02-02 05:00:00,298.54431490905483,296.45003122761733
2021-02-02 06:00:00,303.1894705703336,298.6409691103802
2021-02-02 08:00:00,307.70825903000565,300.92001817700304
2021-02-02 09:00:00,307.9029182939574,301.4950727277618
2021-02-02 17:00:00,288.6678026666627,290.8973352699692
2021-02-02 18:00:00,287.4671041197696,289.77949425178616
2021-02-02 20:00:00,285.2739213141161,287.8600723666293
2021-02-02 21:00:00,284.43591665964465,286.89643349669564
2021-02-03 05:00:00,298.7547889791762,296.00164491627
2021-02-03 06:00:00,303.3236202245868,298.05345461805723
2021-02-03 08:00:00,307.2139400723168,299.7702950358575
2021-02-03 09:00:00,307.30399492966194,300.24050473064784
2021-02-03 17:00:00,287.67098505287584,289.2805496709556
2021-02-03 18:00:00,286.285518440517,288.13057618221995
2021-02-03 20:00:00,285.05325056408145,289.3383793764746
2021-02-03 21:00:00,284.1824305788578,288.0577899245158
2021-02-04 05:00:00,299.00414232627276,294.92876569515755
2021-02-04 06:00:00,303.26455968260217,296.82888344880797
2021-02-04 08:00:00,306.8409085266395,298.5670457084667
2021-02-04 09:00:00,306.1219077088249,298.70774356977233
2021-02-04 17:00:00,287.6803634949201,288.8389967814065
2021-02-04 18:00:00,286.7615269923982,287.9515144101277
2021-02-04 20:00:00,284.77488743762945,285.92570034785336
2021-02-04 21:00:00,283.78064754821116,285.0192217716634
2021-02-05 05:00:00,295.28216094265366,290.9157757399078
2021-02-05 06:00:00,298.7941947666632,292.5641676281193
2021-02-05 08:00:00,303.4796183957892,295.0501519248739
2021-02-05 09:00:00,303.95144603946727,295.601921751613
2021-02-05 17:00:00,285.429401768007,286.7337587941409
2021-02-05 18:00:00,284.44118503282544,285.88578335566586
2021-02-05 20:00:00,282.93297411150115,284.7710979679149
2021-02-05 21:00:00,282.1404226858553,283.9724269214507
2021-02-06 05:00:00,296.08051573954674,291.2001839095529
2021-02-06 06:00:00,300.03594603927917,292.943941912776
2021-02-06 08:00:00,304.6520926735618,295.22396206378204
2021-02-06 09:00:00,305.0342064432811,295.8907382300896
2021-02-06 17:00:00,285.4373745440702,287.00622236489886
2021-02-06 18:00:00,284.5402915496121,286.24166395190315
2021-02-06 20:00:00,282.58517460756934,284.40786827804493
2021-02-06 21:00:00,281.60075303182026,283.54730560819985
2021-02-07 05:00:00,297.6964635158356,292.8804431791849
2021-02-07 06:00:00,301.9976568706965,294.5944258538527
2021-02-07 08:00:00,306.774713924743,296.84908933007665
2021-02-07 09:00:00,307.220300260053,297.5389111111822
2021-02-07 17:00:00,285.9035476425947,287.5158986707314
2021-02-07 18:00:00,284.5611467170421,286.2424549872776
2021-02-07 20:00:00,282.18502027044315,286.06291299828763
2021-02-07 21:00:00,281.36832137614806,286.204277779178
2021-02-08 05:00:00,298.47592536914516,294.52801835775745
2021-02-08 06:00:00,302.93837748617165,296.25168283988586
2021-02-08 08:00:00,308.5128754555537,298.8247288026501
2021-02-08 09:00:00,309.2168966566653,299.6532356955788
2021-02-08 17:00:00,285.64543676155927,289.6763808099074
2021-02-08 18:00:00,284.3804201381783,289.42108777344504
2021-02-08 20:00:00,282.63397315544046,289.4744295846149
2021-02-08 21:00:00,281.97685102982956,289.1467788766823
2021-02-09 05:00:00,301.4859546726033,297.363944525344
2021-02-09 06:00:00,305.97596011874487,299.11160957794897
2021-02-09 08:00:00,310.0332980398404,301.33832779283335
2021-02-09 09:00:00,310.0727013821595,301.9438662536339
2021-02-09 17:00:00,289.5162988318868,291.2970927375123
2021-02-09 18:00:00,288.30972508693515,290.32837920343195
2021-02-09 20:00:00,286.8081145911077,288.88641298643796
2021-02-09 21:00:00,285.94094423079525,288.1274579346456
2021-02-10 05:00:00,299.6517578736292,296.94447498292146
2021-02-10 06:00:00,304.38219377843916,299.32087559398775
2021-02-10 08:00:00,309.2896282507569,301.4915022416548
2021-02-10 09:00:00,309.47314968020964,301.9793657440985
2021-02-10 17:00:00,288.98010759397727,290.922817400681
2021-02-10 18:00:00,287.8455303879842,289.9089402491212
2021-02-10 20:00:00,286.05526648758007,288.2725675844448
2021-02-10 21:00:00,285.16747496712196,287.35301342510115
2021-02-11 05:00:00,300.01305508136016,296.6211577945939
2021-02-11 06:00:00,304.62297996203597,298.5248386283134
2021-02-11 08:00:00,310.6805075247225,300.5146793782803
2021-02-11 09:00:00,311.0617612065814,301.0735130368837
2021-02-11 17:00:00,288.6829545971792,290.25327814745793
2021-02-11 18:00:00,287.37251173586617,289.1015919595727
2021-02-11 20:00:00,285.56059008864304,287.53009395276086
2021-02-11 21:00:00,284.787983640133,286.8123811507262
2021-02-12 05:00:00,298.6387569386346,295.8960858596308
2021-02-12 06:00:00,302.68571260566887,298.1719614507972
2021-02-12 08:00:00,307.0908618333344,300.2538469546749
2021-02-12 09:00:00,308.4548172208672,300.8794320081526
2021-02-12 17:00:00,289.72658784510725,291.08860799968704
2021-02-12 18:00:00,288.7615776591015,290.29039819655696
2021-02-12 20:00:00,287.2469481716538,289.1323853009288
2021-02-12 21:00:00,286.5187339136156,288.45129561460993
2021-02-13 05:00:00,298.976862667889,296.1433493168953
2021-02-13 06:00:00,303.2162539771599,298.5444490641402
2021-02-13 08:00:00,308.30478067500934,301.12399364877007
2021-02-13 09:00:00,309.05619332382605,301.69906522166013
2021-02-13 17:00:00,288.45182393548674,290.6241418165492
2021-02-13 18:00:00,287.7512167062157,290.0728695109739
2021-02-13 20:00:00,287.11813243989405,289.46596728120636
2021-02-13 21:00:00,286.7939044734914,288.9762650123913
2021-02-14 05:00:00,300.4449725981303,297.24073648085397
2021-02-14 06:00:00,305.2527324988037,299.6613502208551
2021-02-14 08:00:00,311.21245315152066,301.6969284034106
2021-02-14 09:00:00,312.10835374264946,302.0553816455906
2021-02-14 17:00:00,289.4897604120898,291.70080131448475
2021-02-14 18:00:00,287.8477102317869,291.44663345501493
2021-02-14 20:00:00,286.04578922783094,288.571071160409
2021-02-14 21:00:00,285.49090145916347,288.0349230656088
2021-02-15 05:00:00,302.2014319092173,297.77661386733797
2021-02-15 06:00:00,307.0297563079693,300.12218683416194
2021-02-15 08:00:00,311.81483040972745,302.1734721649593
2021-02-15 09:00:00,311.71031153698,302.51571004012334
2021-02-15 17:00:00,290.20780737925384,291.7810632973129
2021-02-15 18:00:00,288.54144651533454,291.1010646731901
2021-02-15 20:00:00,286.79151857725833,288.9575301348153
2021-02-15 21:00:00,286.0411579384826,288.27503120880834
2021-02-16 05:00:00,301.6715086950176,297.84800085411604
2021-02-16 06:00:00,306.7923059213694,300.2352744221504
2021-02-16 08:00:00,310.48893157065555,301.6764899255315
2021-02-16 09:00:00,310.57016247483364,301.8997805555723
2021-02-16 17:00:00,290.3532985693134,292.04878248970016
2021-02-16 18:00:00,289.2538526914153,290.90678871284103
2021-02-16 20:00:00,287.3653600660421,288.89871300460743
2021-02-16 21:00:00,286.36110429807877,288.010907824124
2021-02-17 05:00:00,301.61391175068763,297.2743131287844
2021-02-17 06:00:00,306.23527465726266,299.32976279236686
2021-02-17 08:00:00,311.53549666911687,301.1500248607759
2021-02-17 09:00:00,311.4958315057269,301.446633972262
2021-02-17 17:00:00,289.26691628384117,290.8001760709084
2021-02-17 18:00:00,287.67210491633017,289.4100523773805
2021-02-17 20:00:00,285.62958055211146,287.75162827031824
2021-02-17 21:00:00,285.02206627797267,287.08422080394115
2021-02-18 05:00:00,301.0022032139665,297.3883828279234
2021-02-18 06:00:00,305.3365691762492,299.28444795064826
2021-02-18 08:00:00,310.71137819451803,300.7175418283613
2021-02-18 09:00:00,311.33096287614205,301.06681656800725
2021-02-18 17:00:00,289.231998978484,290.6269796221576
2021-02-18 18:00:00,287.59762831865737,289.64741558433496
2021-02-18 20:00:00,285.4249014597277,287.47011800098863
2021-02-18 21:00:00,284.99662294079235,286.9702454318618
2021-02-19 05:00:00,300.3858533956237,296.1544384361232
2021-02-19 06:00:00,304.57833822335596,298.16834323689085
2021-02-19 08:00:00,309.2212263204284,299.80517378279535
2021-02-19 09:00:00,309.83977408622184,300.23780547672504
2021-02-19 17:00:00,289.27652746356324,290.819799908137
2021-02-19 18:00:00,287.9149276662865,289.4916705585592
2021-02-19 20:00:00,285.2580476123122,287.2114200209984
2021-02-19 21:00:00,284.33775849188055,286.1488111404866
2021-02-20 05:00:00,300.2687028082567,296.30085606273775
2021-02-20 06:00:00,304.2168990077884,298.08398893617886
2021-02-20 08:00:00,309.71986577250004,300.1086962307546
2021-02-20 09:00:00,310.58589548542983,300.64167590501313
2021-02-20 17:00:00,289.2535759172014,290.7440733358562
2021-02-20 18:00:00,287.74011848814126,289.4113536534948
2021-02-20 20:00:00,285.3248281140908,288.17641668804623
2021-02-20 21:00:00,284.41142729067104,288.594290241071
2021-02-21 05:00:00,302.37658044847393,297.55629310549136
2021-02-21 06:00:00,306.8884884168628,299.1468099350187
2021-02-21 08:00:00,312.25084078513976,301.20687050371214
2021-02-21 09:00:00,312.46550890624246,301.7411697223117
2021-02-21 17:00:00,289.3803981316659,291.4139957281033
2021-02-21 18:00:00,287.72905038795415,291.2762834875169
2021-02-21 20:00:00,285.68195238392605,290.9817022432348
2021-02-21 21:00:00,284.7898443895055,290.6971380530594
2021-02-22 05:00:00,303.48402889116517,299.8466573283191
2021-02-22 06:00:00,307.7581421744842,301.32276766032027
2021-02-22 08:00:00,312.7089586772243,303.0811096567586
2021-02-22 09:00:00,313.07980955620576,303.575011877874
2021-02-22 17:00:00,290.23088026708,292.1460553655639
2021-02-22 18:00:00,288.4227567652157,290.73917698088707
2021-02-22 20:00:00,286.3881924574842,289.1886817920373
2021-02-22 21:00:00,285.65545261659315,288.53502364665593
2021-02-23 05:00:00,302.80677830677,299.9106442020928
2021-02-23 06:00:00,307.10459420273224,301.82752386484015
2021-02-23 08:00:00,312.13875975998235,303.5825641555669
2021-02-23 09:00:00,312.5517861200224,304.057469842614
2021-02-23 17:00:00,291.864301637435,293.78594357059995
2021-02-23 18:00:00,290.8282379479548,292.97083422362533
2021-02-23 20:00:00,288.79868905606736,291.07271273808414
2021-02-23 21:00:00,287.8813960893864,290.2817546215557
2021-02-24 05:00:00,303.9420210451852,300.1739992162296
2021-02-24 06:00:00,308.0951152031521,301.8936903002817
2021-02-24 08:00:00,313.7186552497382,304.10153381629794
2021-02-24 09:00:00,314.0397856584499,304.6140535469232
2021-02-24 17:00:00,292.99162487623687,294.55694213302917
2021-02-24 18:00:00,291.8706522325889,293.6026381858508
2021-02-24 20:00:00,290.4042809343852,292.44704344386497
2021-02-24 21:00:00,289.96380222596815,292.06847255806707
2021-02-25 05:00:00,302.7440437822386,299.48233620007346
2021-02-25 06:00:00,306.7371603050291,301.41814950434565
2021-02-25 08:00:00,311.38556051621634,303.64029403239806
2021-02-25 09:00:00,312.0689553847115,304.2276558192742
2021-02-25 17:00:00,293.87356162989636,295.4505624168643
2021-02-25 18:00:00,293.0194459982756,294.7176221427271
2021-02-25 20:00:00,291.52983549379604,293.3737774159765
2021-02-25 21:00:00,290.9061048416584,292.7856217488669
2021-02-26 05:00:00,303.52497471131966,300.39268425469777
2021-02-26 06:00:00,307.5114825796824,302.474075129293
2021-02-26 08:00:00,312.32728104084407,305.17349699281954
2021-02-26 09:00:00,312.6743233420632,305.7246541874067
2021-02-26 17:00:00,295.87964208100357,297.4508862840744
2021-02-26 18:00:00,295.2202453848393,296.7483917142283
2021-02-26 20:00:00,294.29531220846076,296.03334884761114
2021-02-26 21:00:00,293.8368487482997,295.4801153526835
2021-02-27 05:00:00,303.8498742760422,300.6729900436519
2021-02-27 06:00:00,307.8579279542521,302.62230561290204
2021-02-27 08:00:00,311.9234011375298,304.8870871945045
2021-02-27 09:00:00,311.4891056478116,305.11740970464626
2021-02-27 17:00:00,294.46567016977747,295.7505406877844
2021-02-27 18:00:00,293.36591488407646,294.7003838255519
2021-02-27 20:00:00,292.3827102966779,293.96418581170553
2021-02-27 21:00:00,291.6333716205897,293.1785776523302
2021-02-28 05:00:00,305.0185017637185,299.8350619652606
2021-02-28 06:00:00,309.17704598966105,301.27420493009834
2021-02-28 08:00:00,312.6270212135256,303.06238291406856
2021-02-28 09:00:00,312.1795944895693,303.4744612072208
2021-02-28 17:00:00,292.2575513607548,294.0003771201488
2021-02-28 18:00:00,290.9842159935433,292.96420549060605
2021-02-28 20:00:00,288.5420500016176,291.591842839457
2021-02-28 21:00:00,287.5622813690609,290.7583895126366
2021-03-01 05:00:00,305.14749603976827,299.7111828867203
2021-03-01 06:00:00,309.5528056845643,301.4732946269501
2021-03-01 08:00:00,314.1368277245568,303.13614458222236
2021-03-01 09:00:00,313.8590797224471,303.5844266447705
2021-03-01 17:00:00,291.99228554183424,293.50513290146654
2021-03-01 18:00:00,290.8920556584198,292.5490504942249
2021-03-01 20:00:00,289.0782749076103,290.93048718750754
2021-03-01 21:00:00,288.2030203515098,290.07879817357235
2021-03-02 05:00:00,303.17662203513976,297.8534470192273
2021-03-02 06:00:00,307.7783836752682,299.7454498479106
2021-03-02 08:00:00,313.29799027876425,302.0928919811278
2021-03-02 09:00:00,313.2341153184512,302.76842504657105
2021-03-02 17:00:00,291.05788476882253,292.8215594416591
2021-03-02 18:00:00,289.42628518973004,291.51375096678186
2021-03-02 20:00:00,286.78913265751396,291.85526399068726
2021-03-02 21:00:00,285.9910787103356,292.2703875995748
2021-03-03 05:00:00,306.03880935457346,300.6249691062422
2021-03-03 06:00:00,310.2394276811456,302.27843274320776
2021-03-03 08:00:00,314.4771139559283,304.59077100944813
2021-03-03 09:00:00,314.74687462852256,305.2586916789803
2021-03-03 17:00:00,292.6114889653328,294.324830371169
2021-03-03 18:00:00,290.71254334060364,293.23462699337625
2021-03-03 20:00:00,287.93838371664793,293.7126985852634
2021-03-03 21:00:00,287.0493533423943,291.81887189632937
2021-03-04 05:00:00,305.78198390308256,301.7718499981567
2021-03-04 06:00:00,309.7848025000151,303.4680429232323
2021-03-04 08:00:00,314.2998869532981,305.27455943244263
2021-03-04 09:00:00,314.4679889884678,305.7187426880071
2021-03-04 17:00:00,293.6552732258989,295.4380721928342
2021-03-04 18:00:00,292.6313352188087,294.5344288360173
2021-03-04 20:00:00,291.0842784769913,293.3021954740692
2021-03-04 21:00:00,290.41774236035457,292.63981000668093
2021-03-05 05:00:00,305.15587563066526,300.92619636429845
2021-03-05 06:00:00,309.43841343484416,303.3075253526309
2021-03-05 08:00:00,313.3232987320111,305.1272167564357
2021-03-05 09:00:00,313.3579000464205,305.5077692158233
2021-03-05 17:00:00,292.04530748270327,294.97538794942193
2021-03-05 18:00:00,290.2788413684063,294.08102057270355
2021-03-05 20:00:00,288.07269557488536,293.7844815011752
2021-03-05 21:00:00,287.3215171919765,293.2942246964606
2021-03-06 05:00:00,308.27125010909214,303.91791862405506
2021-03-06 06:00:00,311.68215709621626,305.62123159634865
2021-03-06 08:00:00,314.23389323136104,307.1369508998971
2021-03-06 09:00:00,314.19310239724274,307.3864653459499
2021-03-06 17:00:00,296.042512091356,297.89835238934296
2021-03-06 18:00:00,295.2729649947862,297.21433233369845
2021-03-06 20:00:00,294.2701424479668,296.5828600914342
2021-03-06 21:00:00,293.831334917865,296.14496721876054
2021-03-07 05:00:00,306.31786975360984,303.0888444051169
2021-03-07 06:00:00,310.1904389979476,305.094101116727
2021-03-07 08:00:00,313.852984835444,307.3080581876641
2021-03-07 09:00:00,314.07661134693404,307.7259938573617
2021-03-07 17:00:00,296.37015638072245,298.22932878444306
2021-03-07 18:00:00,295.6771905131994,297.5239488222566
2021-03-07 20:00:00,294.9157090150337,296.9495067860937
2021-03-07 21:00:00,294.61386423448937,296.61199934714017
2021-03-08 05:00:00,305.7204474403605,301.76987881653116
2021-03-08 06:00:00,309.8620070353128,303.8412538125813
2021-03-08 08:00:00,315.08008781162727,306.48444859015376
2021-03-08 09:00:00,315.11572242113766,307.0825287006302
2021-03-08 17:00:00,295.7580271340298,297.3137915659759
2021-03-08 18:00:00,294.7912198670656,296.50257826512694
2021-03-08 20:00:00,293.5110772695674,295.4212607455731
2021-03-08 21:00:00,292.79888300021366,294.70665650448564
2021-03-09 05:00:00,307.8104242639292,302.6416261552479
2021-03-09 06:00:00,312.44461167721977,304.4418695858337
2021-03-09 08:00:00,316.1146618530085,306.43465528208964
2021-03-09 09:00:00,315.4815503371699,306.61625140032896
2021-03-09 17:00:00,295.22660432648036,296.6772564151805
2021-03-09 18:00:00,294.05382353278634,295.7396815554203
2021-03-09 20:00:00,293.02388632940404,295.04115970182494
2021-03-09 21:00:00,292.80182072855473,294.5379702857536
2021-03-10 05:00:00,305.96496553817775,302.2820329475109
2021-03-10 06:00:00,311.7085355926185,303.99153692072093
2021-03-10 08:00:00,315.7661446452325,305.41082490941596
2021-03-10 09:00:00,316.0511198117296,305.7944813450607
2021-03-10 17:00:00,295.0702016915673,296.59092084652474
2021-03-10 18:00:00,293.82469889636405,295.35012248411016
2021-03-10 20:00:00,290.8850398835122,295.79882558578703
2021-03-10 21:00:00,289.8692268171736,295.09713223167853
2021-03-11 05:00:00,307.289346398117,302.31963770415274
2021-03-11 06:00:00,311.65595665036807,304.44644962069805
2021-03-11 08:00:00,314.6462447720426,306.0728426376366
2021-03-11 09:00:00,314.83492070978343,306.47095507135384
2021-03-11 17:00:00,295.5453022396987,297.06837816047374
2021-03-11 18:00:00,294.23435456874006,295.7399457041031
2021-03-11 20:00:00,293.0072688498005,294.48486480948003
2021-03-11 21:00:00,292.58323723509426,293.9286540873429
2021-03-12 05:00:00,302.2912553220023,296.97837911879157
2021-03-12 06:00:00,301.6524521132647,295.52167918906196
2021-03-12 08:00:00,310.83373872965626,303.8309098818269
2021-03-12 09:00:00,311.517346797996,304.5764130767211
2021-03-12 17:00:00,292.7292975850392,293.81433916606227
2021-03-12 18:00:00,291.88085631853994,293.075617809325
2021-03-12 20:00:00,290.71847980893085,292.05167820347106
2021-03-12 21:00:00,290.08087212278963,291.3992126417821
2021-03-13 05:00:00,305.53347145868196,300.91796809168557
2021-03-13 06:00:00,309.9930740379956,302.9023816030823
2021-03-13 08:00:00,314.55332293165117,304.0707378887065
2021-03-13 09:00:00,314.9521746290116,304.44329001686793
2021-03-13 17:00:00,294.2449913553905,295.64987297822216
2021-03-13 18:00:00,293.1173094292451,294.630723527106
2021-03-13 20:00:00,291.3005699075426,294.91611615902474
2021-03-13 21:00:00,290.05669738111214,294.0691654575624
2021-03-14 05:00:00,307.7020793850139,301.43288956511367
2021-03-14 06:00:00,311.8590288206315,303.13682518534375
2021-03-14 08:00:00,315.72417886084514,305.35628788129577
2021-03-14 09:00:00,315.7164833527317,305.81566658666577
2021-03-14 17:00:00,294.1780434771569,296.02090131997693
2021-03-14 18:00:00,293.00961249635105,295.02917000839636
2021-03-14 20:00:00,290.8734697009823,293.0858802266407
2021-03-14 21:00:00,290.0611281431695,292.22505731097726
2021-03-15 05:00:00,306.64728152329457,301.9082293165116
2021-03-15 06:00:00,311.2015383680723,303.9011462994827
2021-03-15 08:00:00,316.66183163682564,306.0410972559948
2021-03-15 09:00:00,316.918097473991,306.5572143930867
2021-03-15 17:00:00,295.0139980463108,296.7182875340819
2021-03-15 18:00:00,294.0239030223782,295.8441024803785
2021-03-15 20:00:00,291.6426947642181,293.6454532664436
2021-03-15 21:00:00,290.6515811397041,292.68943694927293
2021-03-16 05:00:00,308.5508930694157,303.47150170747966
2021-03-16 06:00:00,313.1724862685005,305.13864605966813
2021-03-16 08:00:00,317.71030829243006,306.6187708873778
2021-03-16 09:00:00,316.65198155948303,306.88685753679795
2021-03-16 17:00:00,295.78944648542836,297.2649608312293
2021-03-16 18:00:00,294.40912455366276,296.1622031613014
2021-03-16 20:00:00,292.0123185450197,294.204690706932
2021-03-16 21:00:00,291.4388539412723,293.7833856661992
2021-03-17 05:00:00,307.5320519210745,304.0703918033829
2021-03-17 06:00:00,311.4914737695538,305.9383021091644
2021-03-17 08:00:00,314.50262561674657,307.14094914934486
2021-03-17 09:00:00,314.94047367701364,307.4885715196607
2021-03-17 17:00:00,296.0779690970258,297.6750151130194
2021-03-17 18:00:00,295.0994695537079,296.8187390343618
2021-03-17 20:00:00,292.7445990234751,295.38371203970655
2021-03-17 21:00:00,292.0583258865427,294.28454618057225
2021-03-18 05:00:00,309.0322913829645,304.0288811494096
2021-03-18 06:00:00,312.80439052963845,305.49893672807923
2021-03-18 08:00:00,316.88118585195673,307.25869595802436
2021-03-18 09:00:00,316.26250099217395,307.3420909299689
2021-03-18 17:00:00,296.8089297254941,297.5985075916825
2021-03-18 18:00:00,295.98532292582036,296.9027418421671
2021-03-18 20:00:00,293.966504841997,295.2357364178439
2021-03-18 21:00:00,292.7939800150773,294.448229068233
2021-03-19 05:00:00,308.15067957803177,302.4169376179323
2021-03-19 06:00:00,311.9455537487436,304.1124077607376
2021-03-19 08:00:00,315.1749976676859,305.17118868364946
2021-03-19 09:00:00,315.9359103351235,305.64761249089645
2021-03-19 17:00:00,295.0620661472503,295.8277274485913
2021-03-19 18:00:00,293.90150355264103,294.8204753858099
2021-03-19 20:00:00,291.25693002944735,293.20780234785036
2021-03-19 21:00:00,290.4064544536667,292.9824876359137
2021-03-20 05:00:00,309.1229204315986,302.9573230478907
2021-03-20 06:00:00,312.97347867286817,304.2343880957558
2021-03-20 08:00:00,317.8060965751095,306.01173711227153
2021-03-20 09:00:00,317.78722580261706,306.3987308731432
2021-03-20 17:00:00,295.0668140523055,296.68380250622204
2021-03-20 18:00:00,293.7787048857091,295.5069656959851
2021-03-20 20:00:00,291.4019467158384,293.44449576684985
2021-03-20 21:00:00,290.5810814667924,292.78042691881745
2021-03-21 05:00:00,309.67960836119573,304.8769595200549
2021-03-21 06:00:00,313.70587195821093,306.28285360703666
2021-03-21 08:00:00,317.665397185574,307.7435386904583
2021-03-21 09:00:00,317.54066328568894,308.0636668388943
2021-03-21 17:00:00,297.5892954680879,299.1503547938836
2021-03-21 18:00:00,296.25448356828264,297.9229981785379
2021-03-21 20:00:00,294.0467128430383,296.31760015032137
2021-03-21 21:00:00,293.2869550943007,295.7540688066527
2021-03-22 05:00:00,311.2045100701424,304.7030885340804
2021-03-22 06:00:00,315.1353594011445,306.6061292039962
2021-03-22 08:00:00,317.299786583852,306.99700118948016
2021-03-22 09:00:00,314.35567771782314,305.0908207357022
2021-03-22 17:00:00,294.7309059648558,296.424863348022
2021-03-22 18:00:00,293.68321888692947,295.44882985072445
2021-03-22 20:00:00,292.26182984056754,294.69121620871806
2021-03-22 21:00:00,292.16127679528,294.3628096147017
2021-03-23 05:00:00,306.37618736419915,302.0182077322609
2021-03-23 06:00:00,310.5547272104695,304.1323189522342
2021-03-23 08:00:00,314.8488817023937,306.5522302236689
2021-03-23 09:00:00,314.82859527164686,307.0214338728754
2021-03-23 17:00:00,293.6010812015857,295.724553441781
2021-03-23 18:00:00,291.9719358188529,296.015378931454
2021-03-23 20:00:00,289.30666258448997,291.45752134161484
2021-03-23 21:00:00,288.4528337663789,291.92728009099034
2021-03-24 05:00:00,309.289357283817,302.0294045799502
2021-03-24 06:00:00,312.4980893127724,303.3636475314712
2021-03-24 08:00:00,315.8782879281301,305.05914941443876
2021-03-24 09:00:00,315.25918461545405,305.4374418097027
2021-03-24 17:00:00,293.813516931284,295.5159143292114
2021-03-24 18:00:00,292.97887882649985,294.79465436421117
2021-03-24 20:00:00,291.7311029184398,293.76218006386785
2021-03-24 21:00:00,291.2327163766823,293.1173232303379
2021-03-25 05:00:00,307.36950246284846,300.8186061488829
2021-03-25 06:00:00,311.57189203153587,302.5378766405197
2021-03-25 08:00:00,315.5786734935132,304.8758245859014
2021-03-25 09:00:00,315.10805813593936,305.3490541337635
2021-03-25 17:00:00,293.15634174082425,295.02405215411784
2021-03-25 18:00:00,291.5871546529291,293.72345925259117
2021-03-25 20:00:00,289.34466717312995,293.3118131428911
2021-03-25 21:00:00,288.61878703959366,292.11518761116116
2021-03-26 05:00:00,310.1450134418412,302.1079081342842
2021-03-26 06:00:00,313.8722328926639,303.7827838492136
2021-03-26 08:00:00,316.43491644484607,306.01346175512657
2021-03-26 09:00:00,316.1628538111142,306.58033531435836
2021-03-26 17:00:00,294.2319146436976,296.9654232783384
2021-03-26 18:00:00,292.79518374309333,295.0833050885076
2021-03-26 20:00:00,291.0434997276459,293.4984199041946
2021-03-26 21:00:00,290.41171859482586,292.935190773892
2021-03-27 05:00:00,311.5456143748044,305.3073217453685
2021-03-27 06:00:00,315.56473685853837,307.0487051377495
2021-03-27 08:00:00,319.02945454131657,309.4227450331113
2021-03-27 09:00:00,318.635923388559,309.8893253696718
2021-03-27 17:00:00,296.7400166845102,298.6603137047155
2021-03-27 18:00:00,295.7323389508875,297.9233616151501
2021-03-27 20:00:00,294.50247194733936,296.9558012599387
2021-03-27 21:00:00,293.89490018824034,296.30730051472665
2021-03-28 05:00:00,311.64375276962306,305.96569690204734
2021-03-28 06:00:00,316.22670723513943,308.195789190213
2021-03-28 08:00:00,320.1399482056981,310.91987264248183
2021-03-28 09:00:00,319.81310461482207,311.37496901219725
2021-03-28 17:00:00,298.6548429938788,300.90359000983335
2021-03-28 18:00:00,297.7891190445111,300.14680031892516
2021-03-28 20:00:00,296.93022548399284,299.7087260571026
2021-03-28 21:00:00,296.64478171514617,299.4276775718654
2021-03-29 05:00:00,309.79389471633044,306.3871825325471
2021-03-29 06:00:00,313.5336388116258,308.6386903078053
2021-03-29 08:00:00,317.251638215569,311.18459633943297
2021-03-29 09:00:00,317.6010014044669,311.6331481933594
2021-03-29 17:00:00,300.17363190026424,302.2284204280248
2021-03-29 18:00:00,299.66512182203394,301.8196877360528
2021-03-29 20:00:00,299.26652303498776,301.5480864632111
2021-03-29 21:00:00,299.01939951657147,301.05781755021246
2021-03-30 05:00:00,308.6425985327487,305.22586703778046
2021-03-30 06:00:00,312.1650603636754,307.37895595274284
2021-03-30 08:00:00,315.9790011319248,310.1369987217414
2021-03-30 09:00:00,316.29808970776105,310.8792705095054
2021-03-30 17:00:00,297.5695105554143,299.60587493003055
2021-03-30 18:00:00,296.3096014648814,298.4199642187274
2021-03-30 20:00:00,294.0664605844554,296.351298633452
2021-03-30 21:00:00,292.6430213822423,294.9164549323554
2021-03-31 05:00:00,309.1061652937361,304.39963389251193
2021-03-31 06:00:00,313.3053550778993,306.8458509871332
2021-03-31 08:00:00,317.6032589528888,309.63396292805487
2021-03-31 09:00:00,317.234781626744,309.9102665646969
2021-03-31 17:00:00,296.21622959601314,298.2551438812115
2021-03-31 18:00:00,295.1033177309668,297.2951051920698
2021-03-31 20:00:00,293.435006328283,295.9551703595601
2021-03-31 21:00:00,292.32869385423936,294.7876625237369
2021-04-01 05:00:00,311.4818562888217,305.10125838222416
2021-04-01 06:00:00,314.866654476877,306.67379831275883
2021-04-01 08:00:00,318.8483190786306,309.11706112713216
2021-04-01 09:00:00,318.68639880446335,309.59693687685836
2021-04-01 17:00:00,295.763472476248,297.82708639136087
2021-04-01 18:00:00,294.3774600976788,296.6670459106633
2021-04-01 20:00:00,291.3958378631639,293.9192988743951
2021-04-01 21:00:00,290.13362189764604,292.8594200710303
2021-04-02 05:00:00,311.2236561591526,304.6035776006055
2021-04-02 06:00:00,315.27963924554905,306.117973198325
2021-04-02 08:00:00,321.0254706572311,307.9293780686859
2021-04-02 09:00:00,321.1616319089164,308.5161727176425
2021-04-02 17:00:00,295.75798794080737,297.4642291429047
2021-04-02 18:00:00,294.22185374114474,296.19442716107716
2021-04-02 20:00:00,292.91049175526956,295.5435576358084
2021-04-02 21:00:00,292.5973459957928,294.9671653195045
2021-04-03 05:00:00,307.4036856770332,303.1231503714398
2021-04-03 06:00:00,311.2017062382632,305.23329599906555
2021-04-03 08:00:00,316.4343518461395,307.8802540078185
2021-04-03 09:00:00,317.6630173552386,308.3922969306746
2021-04-03 17:00:00,296.7636877685923,298.3544488563009
2021-04-03 18:00:00,295.6422978241014,297.46792677775
2021-04-03 20:00:00,293.4009934764798,295.6322373212395
2021-04-03 21:00:00,292.32722668287755,294.57610862978805
2021-04-04 05:00:00,309.9847726924761,305.7049547380586
2021-04-04 06:00:00,314.09008267113165,307.89531699534746
2021-04-04 08:00:00,319.38022066889266,310.2586164900628
2021-04-04 09:00:00,320.51223698455857,310.7666560380228
2021-04-04 17:00:00,298.2559504339986,300.33098401273895
2021-04-04 18:00:00,297.1431408663193,299.4158718538211
2021-04-04 20:00:00,295.63987703720113,298.3369200108415
2021-04-04 21:00:00,295.1724049196405,297.87625150283793
2021-04-05 05:00:00,311.7641649055187,307.5710638954386
2021-04-05 06:00:00,315.6315314670557,309.66940063100384
2021-04-05 08:00:00,319.1627426265017,311.8755403116047
2021-04-05 09:00:00,318.9914772021936,312.053852780758
2021-04-05 17:00:00,300.61934300967835,302.65124528176614
2021-04-05 18:00:00,299.8949589898296,302.02489865248674
2021-04-05 20:00:00,299.15928560559666,301.39384601516605
2021-04-05 21:00:00,298.6854527595414,300.76477742011446
2021-04-06 05:00:00,311.9742953119734,307.34182892080815
2021-04-06 06:00:00,315.8287538784127,309.5548450722717
2021-04-06 08:00:00,319.19297143968487,311.6355885180928
2021-04-06 09:00:00,318.97214991212445,311.85351856390395
2021-04-06 17:00:00,300.7926415677063,302.7777802124964
2021-04-06 18:00:00,300.28973238199995,302.2905271086377
2021-04-06 20:00:00,299.45447325155436,301.3198864059566
2021-04-06 21:00:00,298.4303132984414,299.6929561338733
2021-04-07 05:00:00,313.2082929802235,305.6937114321763
2021-04-07 06:00:00,316.45461081576826,307.1387319461958
2021-04-07 08:00:00,320.4508413776227,308.56203993222755
2021-04-07 09:00:00,320.8043727081252,309.2194204227583
2021-04-07 17:00:00,298.28392738847776,299.6027237667325
2021-04-07 18:00:00,297.2875075141895,298.7355392761701
2021-04-07 20:00:00,296.0223631072669,297.708667937339
2021-04-07 21:00:00,295.4062616615707,296.9161409163512
2021-04-08 05:00:00,310.79025797557387,304.1326216828474
2021-04-08 06:00:00,315.47961999455293,305.6605666855635
2021-04-08 08:00:00,320.9658676170972,307.57435104769814
2021-04-08 09:00:00,320.59786502973327,308.05579704202376
2021-04-08 17:00:00,297.60640207534584,298.850724324607
2021-04-08 18:00:00,296.4015442270711,297.8819130778496
2021-04-08 20:00:00,294.5766382437825,296.6590806581941
2021-04-08 21:00:00,293.6949449254111,295.7830427313806
2021-04-09 05:00:00,310.83209912692456,304.6813839528888
2021-04-09 06:00:00,314.3839066186561,306.0680327804871
2021-04-09 08:00:00,319.14356070637524,307.71967072332586
2021-04-09 09:00:00,319.8643745927855,308.0328590146199
2021-04-09 17:00:00,297.1316174006058,298.6550737566132
2021-04-09 18:00:00,295.9148556748965,297.6518916760461
2021-04-09 20:00:00,294.173043531703,296.29434326359967
2021-04-09 21:00:00,293.5628076209493,295.8169068511352
2021-04-10 05:00:00,310.77602305360864,305.808226880748
2021-04-10 06:00:00,314.1876376347476,307.39959911940093
2021-04-10 08:00:00,319.3291411083909,309.12749273126775
2021-04-10 09:00:00,320.5841082086548,309.37824339785817
2021-04-10 17:00:00,297.8842999615544,299.3280064798834
2021-04-10 18:00:00,296.5310170272098,298.208514597089
2021-04-10 20:00:00,294.8754378966815,297.10209162025865
2021-04-10 21:00:00,294.34820608365334,296.5273232482064
2021-04-11 05:00:00,312.1084420273228,306.89265573557424
2021-04-11 06:00:00,315.42487529172735,308.30447813248594
2021-04-11 08:00:00,320.4859210985651,309.779243081303
2021-04-11 09:00:00,321.33710739535434,309.99958312235924
2021-04-11 17:00:00,297.8386761822576,299.4733447999175
2021-04-11 18:00:00,296.40238125041384,298.1394889373074
2021-04-11 20:00:00,292.93399713219407,298.4182924761427
2021-04-11 21:00:00,291.7597278894739,296.04455646344434
2021-04-12 05:00:00,314.43443274828616,308.72906517651853
2021-04-12 06:00:00,317.96092193556495,309.789302173491
2021-04-12 08:00:00,323.33531572197916,311.12617549102737
2021-04-12 09:00:00,323.6195453473343,311.3063086464152
2021-04-12 17:00:00,296.95985034066837,299.22369589313337
2021-04-12 18:00:00,295.3303169050643,298.5539622255393
2021-04-12 20:00:00,292.7845092209168,296.0006567862442
2021-04-12 21:00:00,292.0684389370064,295.4352635176413
2021-04-13 05:00:00,317.2068286302093,309.03624002371436
2021-04-13 06:00:00,321.42094510729396,310.6358242887195
2021-04-13 08:00:00,325.0290960890854,311.90765359699265
2021-04-13 09:00:00,324.6599427915317,312.05518960585397
2021-04-13 17:00:00,300.49868073779373,301.84105471947527
2021-04-13 18:00:00,299.5140717775318,301.1522774953504
2021-04-13 20:00:00,297.9718255041561,299.9913478198881
2021-04-13 21:00:00,297.0831157760738,298.98646959207827
2021-04-14 05:00:00,311.0959788647198,306.9787477748971
2021-04-14 06:00:00,315.68064751059325,309.02366783953227
2021-04-14 08:00:00,319.2854402656732,310.36921452079974
2021-04-14 09:00:00,319.523314160081,310.62209144909684
2021-04-14 17:00:00,297.4714182426088,299.8999834810089
2021-04-14 18:00:00,296.0843330935815,299.2996256259631
2021-04-14 20:00:00,295.00781565050505,298.33327445337335
2021-04-14 21:00:00,295.0840672991125,298.0072842731682
2021-04-15 05:00:00,312.8777773347217,306.6518152175222
2021-04-15 06:00:00,316.5894134004237,308.3298071110377
2021-04-15 08:00:00,320.40240871153185,309.8967094245052
2021-04-15 09:00:00,320.3737849160593,310.14633039994675
2021-04-15 17:00:00,299.42042393383156,301.07943403482074
2021-04-15 18:00:00,298.7901618146382,300.52325575818264
2021-04-15 20:00:00,297.5046222375244,299.30858980011317
2021-04-15 21:00:00,296.6985303881723,298.56950267915187
2021-04-16 05:00:00,312.0239235006606,305.9557500524771
2021-04-16 06:00:00,315.42543873838366,307.39890259917604
2021-04-16 08:00:00,317.93920813797064,309.05720745727353
2021-04-16 09:00:00,317.5367978276751,309.0835767137619
2021-04-16 17:00:00,298.1492827287624,299.553942875796
2021-04-16 18:00:00,297.5428486076085,298.85586228098816
2021-04-16 20:00:00,295.64420242192017,296.95849853891804
2021-04-16 21:00:00,294.49540150881916,295.80281633515204
2021-04-17 05:00:00,312.11095288574967,304.15692888680155
2021-04-17 06:00:00,315.4008568056927,305.4509771784942
2021-04-17 08:00:00,317.5216267119938,307.23289249931537
2021-04-17 09:00:00,317.0160240091051,307.52585539501877
2021-04-17 17:00:00,297.03852237648516,298.6635949791672
2021-04-17 18:00:00,295.4498390703245,297.36778943454175
2021-04-17 20:00:00,294.5382834318423,296.9208370966977
2021-04-17 21:00:00,294.1353693463953,296.4578910087033
2021-04-18 05:00:00,312.35913351614414,306.01170257427293
2021-04-18 06:00:00,316.4973412089061,307.31041730460475
2021-04-18 08:00:00,321.2165657595971,309.3318230345363
2021-04-18 09:00:00,320.7008973578643,309.69303207515014
2021-04-18 17:00:00,296.4136255202565,298.85095245408354
2021-04-18 18:00:00,294.9234846964456,297.5445682660824
2021-04-18 20:00:00,293.7092228494183,296.51768818107337
2021-04-18 21:00:00,293.301828581306,296.2949739993996
2021-04-19 05:00:00,313.8285944017314,308.2681222219129
2021-04-19 06:00:00,317.3109010246759,309.9284848770118
2021-04-19 08:00:00,319.68372275612575,310.9862875916374
2021-04-19 09:00:00,319.4810539210339,311.05299076497647
2021-04-19 17:00:00,299.0590026808446,300.5514921590985
2021-04-19 18:00:00,297.1571517967847,299.0325063226403
2021-04-19 20:00:00,296.00185242639674,298.78654012106966
2021-04-19 21:00:00,295.9911757176757,298.62016011900823
2021-04-20 05:00:00,313.17144469744625,306.1969477766651
2021-04-20 06:00:00,316.3479953759992,307.73624254411834
2021-04-20 08:00:00,314.9083878292325,308.74788934975084
2021-04-20 09:00:00,311.4014817342185,307.1982511452791
2021-04-20 17:00:00,297.0296590420057,297.75029342016563
2021-04-20 18:00:00,295.63433896668704,296.61098662436655
2021-04-20 20:00:00,293.58109282271704,294.949122353952
2021-04-20 21:00:00,292.93831508736395,294.3267105408185
2021-04-21 05:00:00,308.4261996088484,301.7772136858689
2021-04-21 06:00:00,312.1106540344897,303.66061316726757
2021-04-21 08:00:00,314.9907731113522,305.8895396040107
2021-04-21 09:00:00,314.4735600217282,306.1450839520236
2021-04-21 17:00:00,296.46179758786053,297.61184353821085
2021-04-21 18:00:00,295.5248155637955,296.7582130138239
2021-04-21 20:00:00,293.534036316012,294.9835329217426
2021-04-21 21:00:00,292.43397312722703,293.9446994211347
2021-04-22 05:00:00,311.814495116059,304.02639269718594
2021-04-22 06:00:00,315.9525129321176,305.7370040728976
2021-04-22 08:00:00,320.22333976851405,308.0147425764698
2021-04-22 09:00:00,320.2910311189014,308.7269770030064
2021-04-22 17:00:00,297.06901797160896,300.80833733651235
2021-04-22 18:00:00,295.0203357808212,297.8154548210062
2021-04-22 20:00:00,292.7746803742161,295.9142261146581
2021-04-22 21:00:00,292.1625290974998,294.8289161294194
2021-04-23 05:00:00,311.5723177023772,306.6317148546592
2021-04-23 06:00:00,314.5689252903355,308.27527264564173
2021-04-23 08:00:00,318.43165263923913,310.27238217487536
2021-04-23 09:00:00,318.63075479704355,310.56649241866245
2021-04-23 17:00:00,300.02178270901294,300.8274779238943
2021-04-23 18:00:00,298.70209344473017,299.1699335365707
2021-04-23 20:00:00,296.5919844005802,297.20043545621576
2021-04-23 21:00:00,295.6861925169206,296.2642770776029
2021-04-24 05:00:00,309.22853530390057,302.39311575632433
2021-04-24 06:00:00,313.2961451878717,304.4455749323629
2021-04-24 08:00:00,318.42374865703846,307.8513691201232
2021-04-24 09:00:00,318.91957644799095,308.5265011780067
2021-04-24 17:00:00,296.9778365971311,298.55871567924515
2021-04-24 18:00:00,295.9067572313024,297.70201435294837
2021-04-24 20:00:00,294.45290996627926,296.7416060907632
2021-04-24 21:00:00,293.76423195955016,296.0169016363441
2021-04-25 05:00:00,313.280677736632,305.0513704649657
2021-04-25 06:00:00,317.2258997889256,306.7415525556897
2021-04-25 08:00:00,320.724086626285,309.61427575156944
2021-04-25 09:00:00,320.1251775333069,310.0206526181731
2021-04-25 17:00:00,296.4258422616451,298.4203111034329
2021-04-25 18:00:00,294.39969960640315,297.46910647728777
2021-04-25 20:00:00,291.6981305796854,297.511311206318
2021-04-25 21:00:00,290.7769476327764,297.84620396124745
2021-04-26 05:00:00,317.6050910890929,307.97716100190195
2021-04-26 06:00:00,320.6879663687825,309.1410768153304
2021-04-26 08:00:00,324.15011455612296,311.02506720450333
2021-04-26 09:00:00,323.9406710773109,311.35638251400144
2021-04-26 17:00:00,297.2067009642238,300.624104574759
2021-04-26 18:00:00,295.4205663883815,298.38486745214243
2021-04-26 20:00:00,293.36619892326087,299.59081384691143
2021-04-26 21:00:00,292.5461843810941,298.43365605476276
2021-04-27 05:00:00,317.8857887397378,310.69859948768084
2021-04-27 06:00:00,321.6130096717682,311.6721499403379
2021-04-27 08:00:00,325.0594631247969,312.69001770019537
2021-04-27 09:00:00,325.009922727047,312.8972099315955
2021-04-27 17:00:00,299.6282539073785,301.5036516938996
2021-04-27 18:00:00,298.2205039143379,300.36328543499917
2021-04-27 20:00:00,296.58377030523974,299.3757002349995
2021-04-27 21:00:00,295.9992180399608,298.71545001060827
2021-04-28 05:00:00,315.5894580012294,309.302169117979
2021-04-28 06:00:00,319.9241298446302,311.3697537979103
2021-04-28 08:00:00,323.6098303655263,313.26512390512903
2021-04-28 09:00:00,323.7832962294756,313.4857651955909
2021-04-28 17:00:00,300.4469718991884,302.1632610256389
2021-04-28 18:00:00,299.5710654706911,301.5262787852706
2021-04-28 20:00:00,298.51084554287246,300.6257247807249
2021-04-28 21:00:00,297.9523072558669,300.0491076970505
2021-04-29 05:00:00,317.4249392187651,310.0960733328468
2021-04-29 06:00:00,320.9556087734886,311.645136875805
2021-04-29 08:00:00,323.11985038204807,312.78601354002404
2021-04-29 09:00:00,324.6604330712364,313.15118732658124
2021-04-29 17:00:00,301.3720489878133,302.93765289353667
2021-04-29 18:00:00,300.5276734244842,302.2461265716788
2021-04-29 20:00:00,299.31389449814617,300.8873197205813
2021-04-29 21:00:00,298.66701938999455,300.2577367703242
2021-04-30 05:00:00,318.85214950490996,310.1340316984062
2021-04-30 06:00:00,321.9830839982937,311.1850333426877
2021-04-30 08:00:00,324.2332962812004,312.755657319479
2021-04-30 09:00:00,322.0237743454097,312.46849574954564
2021-04-30 17:00:00,302.5903574233797,303.23232994608594
2021-04-30 18:00:00,300.6756783413409,302.88429349596584
2021-04-30 20:00:00,298.6347226229581,300.30422792596335
2021-04-30 21:00:00,298.16460466899196,299.88921853463717
2021-05-01 05:00:00,316.4863047783474,309.3901759354837
2021-05-01 06:00:00,319.7248181547332,310.6119395345679
2021-05-01 08:00:00,322.77625447465755,312.4415189628425
2021-05-01 09:00:00,321.92021433120516,312.55488438305025
2021-05-01 17:00:00,301.47208603210925,302.8270876139449
2021-05-01 18:00:00,301.269007678392,302.8238066921616
2021-05-01 20:00:00,298.76255598494373,300.27207154448854
2021-05-01 21:00:00,298.0281459767205,299.66419649050675
2021-05-02 05:00:00,313.6072639265487,306.73450348887866
2021-05-02 06:00:00,317.45440765521937,307.6726034719881
2021-05-02 08:00:00,320.0830928056009,309.9077527908772
2021-05-02 09:00:00,319.3668957491318,310.00684031058904
2021-05-02 17:00:00,299.46518510956616,301.2809619639063
2021-05-02 18:00:00,298.68329273570663,300.1562756507533
2021-05-02 20:00:00,297.52930402241435,298.8383375264831
2021-05-02 21:00:00,296.7782830236873,298.1894343865487
2021-05-03 05:00:00,314.07642170534297,307.1976862174153
2021-05-03 06:00:00,317.5250291633312,308.6718612929522
2021-05-03 08:00:00,319.6785861633959,310.155491339591
2021-05-03 09:00:00,318.85308489924404,310.29085751197005
2021-05-03 17:00:00,300.2820969450823,301.95384545465834
2021-05-03 18:00:00,299.4897504903502,301.2783365117383
2021-05-03 20:00:00,298.3531618985263,300.276686775666
2021-05-03 21:00:00,297.9072138194127,299.8920399999398
2021-05-04 05:00:00,313.58254739205904,307.84538758076576
2021-05-04 06:00:00,316.34292875269347,308.9124941598102
2021-05-04 08:00:00,319.76382888300213,310.37956186068266
2021-05-04 09:00:00,319.79012391453347,310.8163630363571
2021-05-04 17:00:00,301.11606229949626,302.53953206631
2021-05-04 18:00:00,300.2161400887559,301.79013244911044
2021-05-04 20:00:00,298.8561949178875,300.83468583258355
2021-05-04 21:00:00,298.43868703504194,300.43432297434754
2021-05-05 05:00:00,313.80284908629716,308.270110331625
2021-05-05 06:00:00,316.8203399611181,309.65329294542687
2021-05-05 08:00:00,320.6012621675324,311.1504891840812
2021-05-05 09:00:00,320.38223137289793,311.362294013401
2021-05-05 17:00:00,301.17723116411815,302.76296153017114
2021-05-05 18:00:00,300.45793678507044,302.25640015682933
2021-05-05 20:00:00,299.8166871857019,301.6691974234324
2021-05-05 21:00:00,299.1077077715716,300.7719477813674
2021-05-06 05:00:00,318.30887964657165,309.93385190331884
2021-05-06 06:00:00,321.44572495752936,310.91169877485794
2021-05-06 08:00:00,324.53667526362676,312.2705654150165
2021-05-06 09:00:00,324.28399293779046,312.5094296730171
2021-05-06 17:00:00,302.14606641584254,303.2513964495784
2021-05-06 18:00:00,301.19237825132114,302.361990083715
2021-05-06 20:00:00,299.4630586362583,299.9055223038825
2021-05-06 21:00:00,298.6393876979458,299.1250346320436
2021-05-07 05:00:00,316.1201550640935,307.56078382118824
2021-05-07 06:00:00,320.54105843895206,308.9884379523561
2021-05-07 08:00:00,323.5054974195954,310.68020862644005
2021-05-07 09:00:00,323.0343201906178,311.0003824807095
2021-05-07 17:00:00,301.76131536780593,302.67718630468903
2021-05-07 18:00:00,300.8576585860759,301.7780881626029
2021-05-07 20:00:00,298.80678430213396,299.9920155153436
2021-05-07 21:00:00,298.12131849385923,299.41248071138597
2021-05-08 05:00:00,315.7884914592162,307.9840811566322
2021-05-08 06:00:00,319.5175006319819,309.0108017414487
2021-05-08 08:00:00,324.19378450508293,311.28700484406596
2021-05-08 09:00:00,324.4643916995573,311.8307036413066
2021-05-08 17:00:00,302.5357137012923,303.8409534095799
2021-05-08 18:00:00,301.6664459275538,303.1607043438222
2021-05-08 20:00:00,299.82397355136965,301.3188414727962
2021-05-08 21:00:00,299.19250086239197,300.7586550014596
2021-05-09 05:00:00,315.42350597410984,309.411732536986
2021-05-09 06:00:00,319.0947980601542,310.5647135824195
2021-05-09 08:00:00,324.08212024001017,311.91911024378703
2021-05-09 09:00:00,324.2910075371364,312.2688373395218
2021-05-09 17:00:00,301.74948275291314,303.23578329923896
2021-05-09 18:00:00,300.8292689624663,302.46273016084695
2021-05-09 20:00:00,299.96557951046987,301.7884478458822
2021-05-09 21:00:00,299.6016659964398,301.430541733564
2021-05-10 05:00:00,316.1219872002976,309.63482988119495
2021-05-10 06:00:00,319.27235342063966,311.017190001595
2021-05-10 08:00:00,322.61560549978486,312.32672798615215
2021-05-10 09:00:00,320.8365767233544,312.0934497615773
2021-05-10 17:00:00,300.71987860963236,302.3247566164367
2021-05-10 18:00:00,299.58836903153286,301.41488125511603
2021-05-10 20:00:00,297.85687013693695,299.7138364583208
2021-05-10 21:00:00,297.2810153344012,299.3318196959415
2021-05-11 05:00:00,313.08753179658913,308.06148123483996
2021-05-11 06:00:00,315.97731532962376,309.4690958502113
2021-05-11 08:00:00,319.56617600451267,311.25528692354226
2021-05-11 09:00:00,318.5136440377022,311.03147168739923
2021-05-11 17:00:00,300.9818146034088,302.00778421598886
2021-05-11 18:00:00,300.2275244620254,301.2284991671382
2021-05-11 20:00:00,299.5075474814017,301.6512597176621
2021-05-11 21:00:00,299.5628335068149,301.37268764689816
2021-05-12 05:00:00,310.86377423349626,306.38480895619915
2021-05-12 06:00:00,313.66035268633686,307.7939367309006
2021-05-12 08:00:00,318.5528595017726,309.6582833688322
2021-05-12 09:00:00,318.4728363460312,309.1306105086175
2021-05-12 17:00:00,298.92022575766356,299.4580925234661
2021-05-12 18:00:00,298.25576758715334,298.4045268383526
2021-05-12 20:00:00,295.88460429093135,296.3774659284642
2021-05-12 21:00:00,295.04584922849307,295.31210536398396
2021-05-13 05:00:00,310.0374622785806,305.28576540248974
2021-05-13 06:00:00,313.09370925503623,306.8992259961615
2021-05-13 08:00:00,317.5346493008324,308.8807268186784
2021-05-13 09:00:00,316.96610477488656,309.1261039933732
2021-05-13 17:00:00,299.1409598704663,300.18433769237834
2021-05-13 18:00:00,298.2278644814514,299.4562765629891
2021-05-13 20:00:00,296.8963105564676,298.39761872137274
2021-05-13 21:00:00,296.48490623626947,297.9836896476099
2021-05-14 05:00:00,311.93271577009256,306.7438528710411
2021-05-14 06:00:00,314.988111334332,308.08694874156606
2021-05-14 08:00:00,318.78735330402395,309.4119383072817
2021-05-14 09:00:00,319.17185153579123,309.75576674074904
2021-05-14 17:00:00,300.7463767782014,301.7100678430684
2021-05-14 18:00:00,299.8597254584126,300.9625384502676
2021-05-14 20:00:00,298.88698793008626,300.08251318321754
2021-05-14 21:00:00,298.24736669508076,299.4607786346106
2021-05-15 05:00:00,313.2504984616131,307.8444006968353
2021-05-15 06:00:00,316.5666398340822,309.1280925733099
2021-05-15 08:00:00,319.8649630083693,310.3847383284605
2021-05-15 09:00:00,320.04452963712953,310.6656037787627
2021-05-15 17:00:00,301.58188501014183,302.87852623796977
2021-05-15 18:00:00,300.81255047861345,302.1754407838608
2021-05-15 20:00:00,299.69622050374977,301.0386411552253
2021-05-15 21:00:00,299.2189999949216,300.50530218233126
2021-05-16 05:00:00,313.4082646303809,308.54185410603907
2021-05-16 06:00:00,316.18333023612047,309.92999046572555
2021-05-16 08:00:00,316.79644575545166,310.3542033285132
2021-05-16 09:00:00,318.3068837546421,310.8436387448539
2021-05-16 17:00:00,303.5395715886896,304.5487434140339
2021-05-16 18:00:00,302.83805795443266,303.7616500736936
2021-05-16 20:00:00,300.56516727864835,300.14180787355394
2021-05-16 21:00:00,299.43183442807896,298.8857041228167
2021-05-17 05:00:00,297.947568637748,297.43925925138734
2021-05-17 06:00:00,300.702364717316,298.6886899504346
2021-05-17 08:00:00,306.64967477854304,302.65955974655265
2021-05-17 09:00:00,305.2700813422769,301.8966955763901
2021-05-17 17:00:00,297.3047986140788,297.2465926113041
2021-05-17 18:00:00,297.3999307218061,297.3545571490319
2021-05-17 20:00:00,295.35825259733275,296.47557121946926
2021-05-17 21:00:00,294.7769359476945,295.78991492319915
2021-05-18 05:00:00,293.30588962925236,293.6584875638753
2021-05-18 06:00:00,293.92090502064474,294.19920433761524
2021-05-18 08:00:00,296.7844351840497,296.0071846795927
2021-05-18 09:00:00,296.3629321317276,295.02668726940186
2021-05-18 17:00:00,293.7911605012068,294.2089905584538
2021-05-18 18:00:00,293.4384325024527,294.1628930278479
2021-05-18 20:00:00,293.01392328059546,293.644903103633
2021-05-18 21:00:00,293.24336423712265,293.8790257575883
2021-05-19 05:00:00,295.1935797692815,294.96707122755714
2021-05-19 06:00:00,295.4019576015384,295.2787266571092
2021-05-19 08:00:00,295.7026878791891,295.2389828721621
2021-05-19 09:00:00,296.2337162623237,296.2112073148895
2021-05-19 17:00:00,294.5441299226876,294.37979165945654
2021-05-19 18:00:00,294.3924995739765,294.2618935324929
2021-05-19 20:00:00,293.42294758236835,293.5004808987234
2021-05-19 21:00:00,292.6847857459117,292.80153431473605
2021-05-20 05:00:00,303.8000311711904,299.7815729032496
2021-05-20 06:00:00,306.25776477220063,301.66917055009515
2021-05-20 08:00:00,308.8362258417397,304.59476951751947
2021-05-20 09:00:00,309.02277542372883,305.14294170267965
2021-05-20 17:00:00,295.88959447922434,297.704917872448
2021-05-20 18:00:00,294.99929659098433,297.01143993030894
2021-05-20 20:00:00,294.24335466805155,297.0586348476322
2021-05-20 21:00:00,294.37564719366185,297.1127567614539
2021-05-21 05:00:00,305.7044790588285,303.13323052969105
2021-05-21 06:00:00,307.8366737306945,304.73380962542285
2021-05-21 08:00:00,310.64673545143813,307.49434014130816
2021-05-21 09:00:00,310.88585927343144,308.2241431237736
2021-05-21 17:00:00,297.52554514081163,299.27282902933604
2021-05-21 18:00:00,296.91422214126,298.6895544819178
2021-05-21 20:00:00,296.29588900949625,298.1590406655898
2021-05-21 21:00:00,295.893304951202,297.41136674925065
2021-05-22 05:00:00,306.4955560246308,303.53866391409707
2021-05-22 06:00:00,308.6400067016414,304.915813381389
2021-05-22 08:00:00,311.46948961631176,307.3298751055184
2021-05-22 09:00:00,311.74553051494485,307.7285152958428
2021-05-22 17:00:00,296.2619647950347,298.0646673123164
2021-05-22 18:00:00,295.72527939806736,297.598716089281
2021-05-22 20:00:00,294.5844611357468,296.5976099328745
2021-05-22 21:00:00,294.75734427383026,296.9055247490505
2021-05-23 05:00:00,307.7615047742847,303.5408413362429
2021-05-23 06:00:00,309.23129867295086,304.39525892260633
2021-05-23 08:00:00,311.6966318562512,305.17970376977206
2021-05-23 09:00:00,311.99939585540255,305.9398431293035
2021-05-23 17:00:00,296.72127038047563,298.6020375914493
2021-05-23 18:00:00,295.6000953756606,299.06962952224427
2021-05-23 20:00:00,293.80375433923285,296.9119789582004
2021-05-23 21:00:00,293.28048052442455,296.037705126088
2021-05-24 05:00:00,307.841534231036,305.1623561723942
2021-05-24 06:00:00,309.786755625015,306.2605213935276
2021-05-24 08:00:00,311.69441223144526,307.7354003012823
2021-05-24 09:00:00,311.78336163772093,308.05697681209523
2021-05-24 17:00:00,297.37430009415783,299.74267488782317
2021-05-24 18:00:00,296.90255664419874,299.305485000963
2021-05-24 20:00:00,296.1699398140695,298.6477259325871
2021-05-24 21:00:00,295.6563709417734,297.97844948790663
2021-05-25 05:00:00,309.3496377295449,305.8454131609853
2021-05-25 06:00:00,312.04856529294625,307.37339547602534
2021-05-25 08:00:00,314.4220534972674,309.8847566437097
2021-05-25 09:00:00,313.8515344981236,310.06015094586627
2021-05-25 17:00:00,300.07388479647176,301.9466204297928
2021-05-25 18:00:00,299.49738907777294,301.35313055805506
2021-05-25 20:00:00,298.38014543295276,300.5273074016365
2021-05-25 21:00:00,297.8889697622996,300.0455563020633
2021-05-26 05:00:00,308.88936677295004,306.0546078909711
2021-05-26 06:00:00,311.5345075281082,307.8698832742606
2021-05-26 08:00:00,315.04954011561506,310.878330013234
2021-05-26 09:00:00,314.70578329735804,311.14360084004693
2021-05-26 17:00:00,301.1568463388687,302.86760120362453
2021-05-26 18:00:00,300.42072941525873,302.4043070788744
2021-05-26 20:00:00,299.2088080877883,300.89164849091753
2021-05-26 21:00:00,298.863744209654,300.5475131183266
2021-05-27 05:00:00,310.51670181438993,307.35983346900883
2021-05-27 06:00:00,313.3169369690224,309.2901146511084
2021-05-27 08:00:00,315.26219814400457,311.6414612709833
2021-05-27 09:00:00,314.51789820690186,311.7638673003539
2021-05-27 17:00:00,302.6387043910328,304.26005554199224
2021-05-27 18:00:00,302.0945981911775,303.6904868903256
2021-05-27 20:00:00,301.1094603222581,302.76830798415085
2021-05-27 21:00:00,300.4322452868446,302.10507825196066
2021-05-28 05:00:00,310.77187052346164,307.6193669911342
2021-05-28 06:00:00,313.5860132296758,309.53388868899117
2021-05-28 08:00:00,316.8958438115054,312.58445979560656
2021-05-28 09:00:00,317.16572954033853,313.22042557491545
2021-05-28 17:00:00,303.2225733258875,304.7852101612532
2021-05-28 18:00:00,302.71432756091855,304.15439385882877
2021-05-28 20:00:00,302.3264377635139,303.5835244953173
2021-05-28 21:00:00,302.0415393611867,303.21607451593195
2021-05-29 05:00:00,310.83615025313134,307.61867646627326
2021-05-29 06:00:00,313.4525440374765,309.3381630496362
2021-05-29 08:00:00,316.85461348194195,311.61509824497125
2021-05-29 09:00:00,317.33253565995466,312.3474614359381
2021-05-29 17:00:00,303.17502073220373,304.63283685763554
2021-05-29 18:00:00,302.43351860810503,303.9347159645774
2021-05-29 20:00:00,301.1286543506687,302.71393769768247
2021-05-29 21:00:00,300.74743680557225,302.37740327103296
2021-05-30 05:00:00,311.10679153889095,307.42751781304923
2021-05-30 06:00:00,314.0058029245339,309.0550531936904
2021-05-30 08:00:00,317.72911201089113,311.31409942203754
2021-05-30 09:00:00,318.02126264057836,311.94111612140676
2021-05-30 17:00:00,302.8525620799954,304.2231741789126
2021-05-30 18:00:00,302.21409287180853,303.6163816995724
2021-05-30 20:00:00,300.71986114078754,302.11566446595276
2021-05-30 21:00:00,300.5767476180302,302.04947240326914
2021-05-31 05:00:00,310.90527896263933,306.79527094624996
2021-05-31 06:00:00,314.3319962887992,308.831642303702
2021-05-31 08:00:00,318.5444302081327,311.483155307858
2021-05-31 09:00:00,318.84923169058163,312.05008047424224
2021-05-31 17:00:00,303.42519469180354,304.5983881546279
2021-05-31 18:00:00,302.8283513896455,304.0036172499458
2021-05-31 20:00:00,302.19664913700615,303.6105627874013
2021-05-31 21:00:00,301.90723582592506,303.3143731633026
2021-06-01 05:00:00,311.88069754719555,306.8922588189688
2021-06-01 06:00:00,315.3104617408318,308.63267813331356
2021-06-01 08:00:00,318.500027649208,310.027301852986
2021-06-01 09:00:00,319.7137181733165,310.84389153761197
2021-06-01 17:00:00,301.85215557080755,303.4177820002904
2021-06-01 18:00:00,301.22419296758386,302.7055614453803
2021-06-01 20:00:00,299.5022074459882,301.55592017034166
2021-06-01 21:00:00,298.7274319453306,301.28265237440866
2021-06-02 05:00:00,312.51921749261936,306.8578297948617
2021-06-02 06:00:00,315.95439512373304,308.4670144244225
2021-06-02 08:00:00,319.7572513339332,309.738644968747
2021-06-02 09:00:00,319.95781081189364,310.3818316349447
2021-06-02 17:00:00,301.0008160513245,302.6744463293138
2021-06-02 18:00:00,300.1256591843898,301.4639322665881
2021-06-02 20:00:00,298.70529769638836,299.5320950406726
2021-06-02 21:00:00,298.56452168375023,299.48673877216453
2021-06-03 05:00:00,312.6489985720219,306.327689901155
2021-06-03 06:00:00,314.3212589916353,307.2130998279354
2021-06-03 08:00:00,318.8852564924855,309.34028870005085
2021-06-03 09:00:00,318.38478560954655,309.53957445705987
2021-06-03 17:00:00,300.74438991458464,301.599512062014
2021-06-03 18:00:00,299.1345615004906,300.61419306256926
2021-06-03 20:00:00,299.7599599218148,301.5670128632767
2021-06-03 21:00:00,299.46398700073433,300.9419530507045
2021-06-04 05:00:00,313.6208272972166,307.6800205365903
2021-06-04 06:00:00,316.09976344409824,308.56851066977293
2021-06-04 08:00:00,318.65969554742423,309.9638624617425
2021-06-04 09:00:00,317.50712545480127,309.973595805822
2021-06-04 17:00:00,301.6296640640047,301.9111742157782
2021-06-04 18:00:00,301.0180600111951,301.5217555065185
2021-06-04 20:00:00,300.1151561061113,301.03156667277335
2021-06-04 21:00:00,299.77915907567376,300.790454129776
2021-06-05 05:00:00,312.0794804459912,307.77597208125934
2021-06-05 06:00:00,314.4050988195857,309.00887264492695
2021-06-05 08:00:00,316.6770567342937,310.0640187079807
2021-06-05 09:00:00,318.1055298556899,310.8359320453943
2021-06-05 17:00:00,301.80260602718874,302.46748789359685
2021-06-05 18:00:00,301.20132251145844,301.6662343029616
2021-06-05 20:00:00,298.8534866356519,298.4071486462797
2021-06-05 21:00:00,298.37057836030044,298.2640394260777
2021-06-06 05:00:00,312.4319305655034,306.2245405811375
2021-06-06 06:00:00,314.8342236958226,307.532741481975
2021-06-06 08:00:00,318.54612322838176,309.62848478766915
2021-06-06 09:00:00,318.60424416752187,310.10985512285276
2021-06-06 17:00:00,303.30314727924275,304.1615269547802
2021-06-06 18:00:00,302.91943455771053,303.848960535552
2021-06-06 20:00:00,302.0501318227712,302.8541691666943
2021-06-06 21:00:00,301.6500652060487,302.32088410505344
2021-06-07 05:00:00,311.4753936156286,307.30053868462755
2021-06-07 06:00:00,313.82304309439405,308.61378754085314
2021-06-07 08:00:00,318.2849752135196,310.74706483438314
2021-06-07 09:00:00,318.3337838006865,311.0905616184229
2021-06-07 17:00:00,304.0682644131372,304.8887765470014
2021-06-07 18:00:00,303.4671818243888,304.19091418344175
2021-06-07 20:00:00,302.24723891153906,303.0477150092691
2021-06-07 21:00:00,301.84488225387315,302.70731451331375
2021-06-08 05:00:00,311.5011723875449,306.9167575219012
2021-06-08 06:00:00,314.4059769875831,308.47370278192415
2021-06-08 08:00:00,317.81282760549584,310.6593481219605
2021-06-08 09:00:00,317.94091206743104,311.1432754210956
2021-06-08 17:00:00,303.61776510041744,304.5522732492221
2021-06-08 18:00:00,302.85085831511367,303.89914598744167
2021-06-08 20:00:00,302.033447876917,303.2205846283947
2021-06-08 21:00:00,301.69250170879627,302.91224675112403
2021-06-09 05:00:00,311.1124757787296,306.21540865435253
2021-06-09 06:00:00,314.1574695980971,307.99810339599986
2021-06-09 08:00:00,318.0874921096309,310.4598196585116
2021-06-09 09:00:00,318.7126663748767,311.1507274468985
2021-06-09 17:00:00,303.25984817293283,304.33108424111765
2021-06-09 18:00:00,302.51856609044717,303.71353833590894
2021-06-09 20:00:00,301.6337206448172,302.98351455947096
2021-06-09 21:00:00,301.30132330143584,302.68436418953587
2021-06-10 05:00:00,311.2026756298377,305.99046038846575
2021-06-10 06:00:00,314.3834549443932,307.82034821356024
2021-06-10 08:00:00,318.28599839879115,310.38743546637255
2021-06-10 09:00:00,318.96087075161455,311.200307367028
2021-06-10 17:00:00,303.4103297628864,304.46283182341074
2021-06-10 18:00:00,302.6623899345222,303.85449931140306
2021-06-10 20:00:00,301.98400316987824,303.35633457460096
2021-06-10 21:00:00,301.81992291889867,303.0805107786769
2021-06-11 05:00:00,310.58050229112246,305.32454320499085
2021-06-11 06:00:00,313.8883221924581,307.249845742812
2021-06-11 08:00:00,318.5473462591186,310.4730221317803
2021-06-11 09:00:00,319.51304189155945,311.388280083843
2021-06-11 17:00:00,303.9552299370201,304.9563411953637
2021-06-11 18:00:00,303.2598392151537,304.38034106990773
2021-06-11 20:00:00,302.3769337752567,303.55897559590625
2021-06-11 21:00:00,301.95866394042974,303.12231633402354
2021-06-12 05:00:00,310.62926825242715,305.22414213630196
2021-06-12 06:00:00,313.92325734283963,306.8146652668393
2021-06-12 08:00:00,318.9779946866499,310.0275405390053
2021-06-12 09:00:00,319.58419543532267,310.7906541633312
2021-06-12 17:00:00,304.6859256174237,305.5080129802687
2021-06-12 18:00:00,303.9882797923037,304.98160373117594
2021-06-12 20:00:00,303.32306907430456,304.2969953304814
2021-06-12 21:00:00,303.1901760483376,304.1792295247271
2021-06-13 05:00:00,312.0671315244607,306.53997586431046
2021-06-13 06:00:00,315.09024045500445,307.99585640412084
2021-06-13 08:00:00,319.77390570265857,309.76400049147884
2021-06-13 09:00:00,319.94937006828417,310.2448228268851
2021-06-13 17:00:00,304.4173654047844,304.76253992677283
2021-06-13 18:00:00,303.64180324184144,304.14250509911585
2021-06-13 20:00:00,302.2220889945243,302.80954146421936
2021-06-13 21:00:00,301.8153644438334,302.4769806942698
2021-06-14 05:00:00,312.1916273731296,306.37150775927057
2021-06-14 06:00:00,314.80018634531643,307.6395057008153
2021-06-14 08:00:00,317.2516334427891,309.16493361462796
2021-06-14 09:00:00,317.9563184600031,309.73486979386104
2021-06-14 17:00:00,304.154219899229,304.6683530175631
2021-06-14 18:00:00,303.45116350500166,304.10471599091
2021-06-14 20:00:00,302.22051052099386,302.79132381021884
2021-06-14 21:00:00,301.8750884022294,302.35741531536644
2021-06-15 05:00:00,312.4265286250181,307.0300897442505
2021-06-15 06:00:00,314.432792792886,307.60789764827496
2021-06-15 08:00:00,316.0022293114332,308.6751376770678
2021-06-15 09:00:00,317.59470994005954,309.5890851366134
2021-06-15 17:00:00,304.1216385992723,304.8083616236142
2021-06-15 18:00:00,303.54781112318227,304.30886297710873
2021-06-15 20:00:00,302.63650343414446,303.11966868725324
2021-06-15 21:00:00,301.9435171353615,302.5402172306102
2021-06-16 05:00:00,310.14890955850046,305.2081096866649
2021-06-16 06:00:00,312.95676714833974,306.5147965582567
2021-06-16 08:00:00,316.1295320484415,308.0898319238507
2021-06-16 09:00:00,316.0723966295804,308.3731557555118
2021-06-16 17:00:00,301.68286889874145,302.4922097886472
2021-06-16 18:00:00,301.00653680410517,301.8379065185923
2021-06-16 20:00:00,300.3520833913277,301.4124888227607
2021-06-16 21:00:00,299.90707087112685,300.89960443293916
2021-06-17 05:00:00,312.2891048672387,306.23490877548244
2021-06-17 06:00:00,313.5242050946769,306.79271823783137
2021-06-17 08:00:00,320.2007659065705,309.5393338666308
2021-06-17 09:00:00,320.23416723124967,309.78969476403
2021-06-17 17:00:00,301.93663100138286,301.7602600897038
2021-06-17 18:00:00,301.3257754991529,301.22178167922107
2021-06-17 20:00:00,300.9652555492149,301.5575156424924
2021-06-17 21:00:00,300.619800444193,301.18823357392534
2021-06-18 05:00:00,310.9196514488185,305.75353698260244
2021-06-18 06:00:00,314.5533716704335,307.302790096618
2021-06-18 08:00:00,317.56130356046566,308.7559024005531
2021-06-18 09:00:00,316.9395547170301,308.98291636321505
2021-06-18 17:00:00,303.98493861123484,304.203793259725
2021-06-18 18:00:00,303.24176838879225,303.3440506851361
2021-06-18 20:00:00,301.6621018278948,301.03187342380704
2021-06-18 21:00:00,300.9620108817502,300.336826106984
2021-06-19 05:00:00,308.08074022478246,303.99308934380724
2021-06-19 06:00:00,311.55033404287093,305.74741832574455
2021-06-19 08:00:00,311.29044232713795,306.14270456840154
2021-06-19 09:00:00,310.35771936260863,306.1103268992185
2021-06-19 17:00:00,300.35424908136923,300.16303414225763
2021-06-19 18:00:00,300.0580391200555,299.77467360298147
2021-06-19 20:00:00,299.49889099873457,299.30911986082106
2021-06-19 21:00:00,299.16560116901604,298.9965584965076
2021-06-20 05:00:00,305.0500737030076,302.3123659389596
2021-06-20 06:00:00,307.93813557911363,304.0111966360883
2021-06-20 08:00:00,312.42678762474117,305.7945677723466
2021-06-20 09:00:00,311.7157311579112,306.06271839582683
2021-06-20 17:00:00,300.60392420317623,300.46193037929453
2021-06-20 18:00:00,300.0886593247048,299.88483025737463
2021-06-20 20:00:00,298.84612042584297,298.6472671814435
2021-06-20 21:00:00,298.39692349426554,298.30312999848775
2021-06-21 05:00:00,308.0642015783372,303.97262187658
2021-06-21 06:00:00,311.5583288959803,305.65311216757
2021-06-21 08:00:00,316.05928300525454,307.79969230381477
2021-06-21 09:00:00,316.55158089048507,308.34675913195025
2021-06-21 17:00:00,301.5713719866125,302.24504801745775
2021-06-21 18:00:00,301.3401668648507,301.79922828615537
2021-06-21 20:00:00,300.2805671633117,300.3128392435553
2021-06-21 21:00:00,299.83740220268265,299.83795474012754
2021-06-22 05:00:00,304.92107373723996,302.63887179099913
2021-06-22 06:00:00,306.59126561521936,303.58603716410914
2021-06-22 08:00:00,313.3586249682129,307.2869411756518
2021-06-22 09:00:00,313.73286927021894,307.7526610011496
2021-06-22 17:00:00,302.6123876821463,303.01387052139256
2021-06-22 18:00:00,301.91623644248364,302.30863209681814
2021-06-22 20:00:00,301.1449326807619,301.4604340540059
2021-06-22 21:00:00,300.5935951785424,300.8958725657412
2021-06-23 05:00:00,310.5169055392085,306.04876607886075
2021-06-23 06:00:00,313.6406196394393,307.8391377782602
2021-06-23 08:00:00,317.09199533330275,309.649805030764
2021-06-23 09:00:00,318.674757406414,310.58013876046533
2021-06-23 17:00:00,303.3645794461431,303.7811495835315
2021-06-23 18:00:00,302.6378329707588,303.1460198400936
2021-06-23 20:00:00,301.2305800051461,301.5638036037263
2021-06-23 21:00:00,300.7131550323063,301.1348731653716
2021-06-24 05:00:00,310.374638115129,306.0030667814893
2021-06-24 06:00:00,313.6100403913548,307.83677156092756
2021-06-24 08:00:00,317.5634770797471,309.7761216126899
2021-06-24 09:00:00,318.19664220119296,310.33777614881524
2021-06-24 17:00:00,303.4376956839775,303.81532118316795
2021-06-24 18:00:00,302.8206488046514,303.1844451622162
2021-06-24 20:00:00,301.31093245919203,301.4168687535361
2021-06-24 21:00:00,300.7401674150135,300.7913313573241
2021-06-25 05:00:00,309.9151002152124,305.36559536644415
2021-06-25 06:00:00,312.8132892955433,306.89264870571617
2021-06-25 08:00:00,317.9100445246293,309.29179904273553
2021-06-25 09:00:00,318.4629598420647,309.7865059122283
2021-06-25 17:00:00,302.28293008907184,302.8185038280046
2021-06-25 18:00:00,301.44778355391253,301.87892397746833
2021-06-25 20:00:00,299.98461641332216,300.5720426679943
2021-06-25 21:00:00,299.7468362817044,300.46493520868944
2021-06-26 05:00:00,309.48262783338555,304.8417917730628
2021-06-26 06:00:00,313.6305272083253,306.75915040661266
2021-06-26 08:00:00,318.81051447652345,308.44971584796167
2021-06-26 09:00:00,318.58336026936723,308.7633075214498
2021-06-26 17:00:00,301.24290729634384,301.7488585532355
2021-06-26 18:00:00,300.8663153743891,301.577765348696
2021-06-26 20:00:00,299.81991645331004,300.23428293001854
2021-06-26 21:00:00,299.66770617656977,300.2191296123393
2021-06-27 05:00:00,312.0536861566623,306.31565699408344
2021-06-27 06:00:00,314.44044045564397,307.43969909950107
2021-06-27 08:00:00,319.9783044706324,310.13236028497874
2021-06-27 09:00:00,320.1580650200278,310.6672705134552
2021-06-27 17:00:00,303.87313231481426,304.46047136632984
2021-06-27 18:00:00,303.16547136350846,303.8736799384119
2021-06-27 20:00:00,302.1876839988956,303.1879061330081
2021-06-27 21:00:00,301.69883370656623,302.71213885338176
2021-06-28 05:00:00,313.6462511906087,308.727986974966
2021-06-28 06:00:00,316.23493381494364,309.92357784794365
2021-06-28 08:00:00,321.54414127861224,311.27766051681823
2021-06-28 09:00:00,322.15090262908234,311.9359677260389
2021-06-28 17:00:00,304.73767480130186,305.66315553074446
2021-06-28 18:00:00,304.1900903969223,305.1514525567806
2021-06-28 20:00:00,303.06696172634884,303.7271026000036
2021-06-28 21:00:00,302.80292288805197,303.4577634132515
2021-06-29 05:00:00,312.7274547512249,308.0487556163629
2021-06-29 06:00:00,315.8140815299906,309.65344543927256
2021-06-29 08:00:00,319.2626978282018,311.33701078770525
2021-06-29 09:00:00,319.3659143903406,311.73502534416684
2021-06-29 17:00:00,305.4471019868308,305.836308436695
2021-06-29 18:00:00,304.72186664881065,305.0251937184386
2021-06-29 20:00:00,303.53858740855077,303.9293834762691
2021-06-29 21:00:00,303.04982996207355,303.46262899201895
2021-06-30 05:00:00,311.3749108924337,306.78154880423756
2021-06-30 06:00:00,314.16563450794195,308.2527205550983
2021-06-30 08:00:00,317.8464720127946,310.4242265698355
2021-06-30 09:00:00,317.454886249842,310.5740987956983
2021-06-30 17:00:00,304.35130683887166,304.70516147231467
2021-06-30 18:00:00,303.65787185175213,304.1212305618545
2021-06-30 20:00:00,302.9373509623053,303.54275334009964
2021-06-30 21:00:00,302.4893335186645,303.02064716356745
2021-07-01 05:00:00,310.0300283329145,304.81132060610827
2021-07-01 06:00:00,313.3751185436278,306.63839373713466
2021-07-01 08:00:00,317.54226788019736,309.03580389037523
2021-07-01 09:00:00,318.2558749394351,309.8526270415272
2021-07-01 17:00:00,303.4365524973818,303.88749168172643
2021-07-01 18:00:00,302.7056435936221,303.28783664791536
2021-07-01 20:00:00,301.93177941179795,302.6816192062684
2021-07-01 21:00:00,301.58502719214954,302.28004949302266
2021-07-02 05:00:00,310.09860847837564,304.46147332095956
2021-07-02 06:00:00,313.0952396480989,306.00549259979294
2021-07-02 08:00:00,317.7543926503515,308.8581053229804
2021-07-02 09:00:00,318.6203446586621,309.6056340574667
2021-07-02 17:00:00,303.2107661736581,303.80746434098586
2021-07-02 18:00:00,302.42838248559985,303.2570806659058
2021-07-02 20:00:00,301.65940384357845,302.526186198042
2021-07-02 21:00:00,301.5003451213631,302.2792781365487
2021-07-03 05:00:00,310.2335634158095,304.8946469252576
2021-07-03 06:00:00,313.14414841662204,306.1742037169188
2021-07-03 08:00:00,317.65903704486027,307.9478090871097
2021-07-03 09:00:00,318.0694896774409,308.5272760141429
2021-07-03 17:00:00,303.22552699484334,303.3220678015005
2021-07-03 18:00:00,302.4165003795653,302.68846363132286
2021-07-03 20:00:00,301.58040344990644,302.04915655338897
2021-07-03 21:00:00,301.2821413107756,301.78695474163226
2021-07-04 05:00:00,310.003064007164,305.14197948203065
2021-07-04 06:00:00,313.8635743410084,306.89016469711515
2021-07-04 08:00:00,318.7089661302846,309.1178734871934
2021-07-04 09:00:00,318.6842003162543,309.4069117941364
2021-07-04 17:00:00,303.3910752871004,303.9575432070598
2021-07-04 18:00:00,302.8395334017479,303.4998354448927
2021-07-04 20:00:00,301.8599726084752,302.1961739044895
2021-07-04 21:00:00,301.41780649899334,301.7482597927099
2021-07-05 05:00:00,310.03709564444097,305.53150834140865
2021-07-05 06:00:00,313.1935497924616,306.96048410941717
2021-07-05 08:00:00,317.993794492654,308.6119786337454
2021-07-05 09:00:00,316.5544134060665,308.5434913341363
2021-07-05 17:00:00,302.55944210575615,303.3246595385629
2021-07-05 18:00:00,302.61053546735064,303.3090351263437
2021-07-05 20:00:00,301.756281260533,302.174992800861
2021-07-05 21:00:00,301.46241282975916,301.8358393876321
2021-07-06 05:00:00,309.83883199118685,305.8219808804787
2021-07-06 06:00:00,312.0846138176823,306.96316838668565
2021-07-06 08:00:00,315.9145595039168,308.062956352998
2021-07-06 09:00:00,317.09292708339603,308.8168306277235
2021-07-06 17:00:00,303.8343237361115,304.36124146260175
2021-07-06 18:00:00,303.3205028469279,303.94952002291694
2021-07-06 20:00:00,302.5561352981074,303.20812626208294
2021-07-06 21:00:00,302.2147382080831,302.81701015948516
2021-07-07 05:00:00,312.1574520116962,306.82290658818556
2021-07-07 06:00:00,315.2459033795608,308.21324399880524
2021-07-07 08:00:00,319.16555080795877,309.9465383755959
2021-07-07 09:00:00,319.44294433123525,310.3885968036387
2021-07-07 17:00:00,304.02283500118875,304.3934162063481
2021-07-07 18:00:00,303.19852679095396,303.6648948210965
2021-07-07 20:00:00,302.1827850106685,302.8669851623441
2021-07-07 21:00:00,301.71041691431833,302.4664555859676
2021-07-08 05:00:00,311.3877717710239,305.9207433103964
2021-07-08 06:00:00,314.8264225282361,307.50353935723683
2021-07-08 08:00:00,319.4765641692975,309.720325887295
2021-07-08 09:00:00,320.37810903117173,310.4641504978362
2021-07-08 17:00:00,304.0307304488125,304.22933005404946
2021-07-08 18:00:00,303.1402987346444,303.5353784546463
2021-07-08 20:00:00,302.01802735409495,302.6049080776691
2021-07-08 21:00:00,301.7235682036366,302.35709020206116
2021-07-09 05:00:00,312.91181604887936,306.4672362764003
2021-07-09 06:00:00,316.7926186207447,308.13254750491296
2021-07-09 08:00:00,323.00590841942835,309.8189089500298
2021-07-09 09:00:00,322.15572943782956,310.0767158543568
2021-07-09 17:00:00,304.517734615755,304.46675481340736
2021-07-09 18:00:00,304.135181609214,304.38201697398046
2021-07-09 20:00:00,303.67412845746765,304.1036092467228
2021-07-09 21:00:00,303.4739365776074,303.9174236421041
2021-07-10 05:00:00,313.5443938832805,307.8249922930184
2021-07-10 06:00:00,317.0372441883998,309.2631613521253
2021-07-10 08:00:00,321.27748488792105,311.03571062132096
2021-07-10 09:00:00,321.0542933342086,311.33209019265666
2021-07-10 17:00:00,305.9681826739906,306.19969012667474
2021-07-10 18:00:00,305.15688214647383,305.6495403883453
2021-07-10 20:00:00,304.2522772978561,304.29190481976485
2021-07-10 21:00:00,303.22039162469764,303.40663501992253
2021-07-11 05:00:00,315.57400028363946,307.53131331574565
2021-07-11 06:00:00,318.478679427748,308.6589295515111
2021-07-11 08:00:00,321.18074668096654,310.0375349047739
2021-07-11 09:00:00,321.68741056327644,310.65578466571174
2021-07-11 17:00:00,304.87846745989174,304.587577949136
2021-07-11 18:00:00,304.29457520189567,303.9678967539078
2021-07-11 20:00:00,302.46027065094887,302.24611773145585
2021-07-11 21:00:00,302.2163746603097,301.81856674405947
2021-07-12 05:00:00,302.14357906864683,301.7491311894727
2021-07-12 06:00:00,306.00911502220964,303.4538991543104
2021-07-12 08:00:00,308.44251306472097,304.7088853927165
2021-07-12 09:00:00,310.4366331173936,305.7930330297062
2021-07-12 17:00:00,302.96150959878935,303.2144833228254
2021-07-12 18:00:00,302.4586421925408,302.69655368140747
2021-07-12 20:00:00,301.0671115869367,300.8482491797402
2021-07-12 21:00:00,300.77435716532045,300.65559029836317
2021-07-13 05:00:00,311.8332818358999,305.8994545488402
2021-07-13 06:00:00,314.4425523284772,306.96780581246543
2021-07-13 08:00:00,315.57317085442446,308.02432667125356
2021-07-13 09:00:00,315.15499151432647,307.80326422410684
2021-07-13 17:00:00,302.9487782435719,303.032360882164
2021-07-13 18:00:00,302.34352241128175,302.40536896363244
2021-07-13 20:00:00,301.7715336780519,301.80657613369283
2021-07-13 21:00:00,301.55128464897166,301.62012188974626
2021-07-14 05:00:00,312.58937672290307,305.6584968508117
2021-07-14 06:00:00,316.2747719034392,307.1828156222915
2021-07-14 08:00:00,319.3346947433401,309.42241991980603
2021-07-14 09:00:00,317.93483232166074,309.2937661804293
2021-07-14 17:00:00,302.6165557061947,303.22049552082836
2021-07-14 18:00:00,302.26748276344614,302.89733898474367
2021-07-14 20:00:00,300.7368257402088,300.1415282309698
2021-07-14 21:00:00,300.4599426457621,300.16165071790135
2021-07-15 05:00:00,310.02247509126124,305.78928164818615
2021-07-15 06:00:00,313.1119455299319,307.4369936386132
2021-07-15 08:00:00,316.99202409694306,309.4794636683765
2021-07-15 09:00:00,316.77571792484986,309.7816297769179
2021-07-15 17:00:00,303.8667585140751,304.46960813642835
2021-07-15 18:00:00,303.4173570112749,304.0563723383405
2021-07-15 20:00:00,302.64790348940534,303.36774220047823
2021-07-15 21:00:00,302.4217447242678,303.11570076729373
2021-07-16 05:00:00,312.55141092779456,306.9747208887697
2021-07-16 06:00:00,314.5429987503311,307.98052670518496
2021-07-16 08:00:00,317.36913486474833,309.20042163161173
2021-07-16 09:00:00,317.77889010718866,309.7810192372656
2021-07-16 17:00:00,304.4381844119408,304.8295152661246
2021-07-16 18:00:00,303.83250732892105,304.31548642010097
2021-07-16 20:00:00,303.0953236772393,303.7835025170184
2021-07-16 21:00:00,302.7012168049628,303.28465320369685
2021-07-17 05:00:00,313.699452522172,307.1606678073689
2021-07-17 06:00:00,316.8426910776571,308.1397543085742
2021-07-17 08:00:00,319.7747114090413,309.57087604070114
2021-07-17 09:00:00,319.4421941818919,309.80122589440487
2021-07-17 17:00:00,304.8359652197417,305.08688827067937
2021-07-17 18:00:00,304.31163603278634,304.60568900321414
2021-07-17 20:00:00,303.5497606039414,303.74371617674274
2021-07-17 21:00:00,303.2002366452445,303.2807208562301
2021-07-18 05:00:00,304.79087549806195,303.077123727196
2021-07-18 06:00:00,304.81768827041606,303.4771828203245
2021-07-18 08:00:00,307.5398236525996,304.5432920294293
2021-07-18 09:00:00,308.83412577154456,305.4394989954121
2021-07-18 17:00:00,302.82171518005464,303.13309411752755
2021-07-18 18:00:00,302.4292395640228,302.80058582464613
2021-07-18 20:00:00,301.7240609520206,301.91298514485175
2021-07-18 21:00:00,301.4886485189429,301.60180372523234
2021-07-19 05:00:00,303.5091698739121,301.5897665391167
2021-07-19 06:00:00,304.43652409581443,302.0958047170301
2021-07-19 08:00:00,304.05010201053005,302.44888597203334
2021-07-19 09:00:00,305.0719057620949,303.0154903276676
2021-07-19 17:00:00,297.9545155717706,299.01124676203324
2021-07-19 18:00:00,297.7338504644315,298.7552761318871
2021-07-19 20:00:00,298.30557758819157,300.3287882518328
2021-07-19 21:00:00,299.0305849613137,300.46288817983196
2021-07-20 05:00:00,305.96436452057407,302.59675431214794
2021-07-20 06:00:00,306.72275800660873,303.40101259111077
2021-07-20 08:00:00,308.58645178467174,304.5914439714194
2021-07-20 09:00:00,307.7753176461383,304.4916003775339
2021-07-20 17:00:00,301.29420466489165,301.2167091075739
2021-07-20 18:00:00,301.0046199099125,300.89861705527284
2021-07-20 20:00:00,300.20307668441984,300.04821055548956
2021-07-20 21:00:00,299.8543184395013,299.83536939812006
2021-07-21 05:00:00,303.61424883120964,301.56763913194277
2021-07-21 06:00:00,305.97951353569795,302.7602366254951
2021-07-21 08:00:00,308.0202142747782,304.3290990703095
2021-07-21 09:00:00,308.90304969822864,305.0731656584424
2021-07-21 17:00:00,300.8615274297071,301.2433130531723
2021-07-21 18:00:00,300.4380992542614,300.89081501777076
2021-07-21 20:00:00,300.0798802779893,300.6905209580996
2021-07-21 21:00:00,299.69594382358076,300.309575696572
2021-07-22 05:00:00,306.34224123727006,303.4274436116035
2021-07-22 06:00:00,309.8426217430362,304.5809982605451
2021-07-22 08:00:00,314.0729048483545,306.73048196331195
2021-07-22 09:00:00,315.4662170410156,307.56937538934596
2021-07-22 17:00:00,301.5952901737349,302.19843307518624
2021-07-22 18:00:00,300.7679497905432,301.41797900089676
2021-07-22 20:00:00,299.1753385805386,299.83949225709324
2021-07-22 21:00:00,298.6103110761598,299.4191412315897
2021-07-23 05:00:00,299.58608550320054,300.34137640014086
2021-07-23 06:00:00,301.57024307133423,301.5823406813141
2021-07-23 08:00:00,310.6596690032442,305.5942083514527
2021-07-23 09:00:00,311.83505310152634,306.4095939083716
2021-07-23 17:00:00,300.5373546441641,300.47764627371436
2021-07-23 18:00:00,299.3842560425745,299.52575406161225
2021-07-23 20:00:00,298.39189423030626,299.17730031064923
2021-07-23 21:00:00,298.31074408720747,299.0059171891176
2021-07-24 05:00:00,305.021025576834,302.30607261716494
2021-07-24 06:00:00,308.2448290338502,303.7248641427015
2021-07-24 08:00:00,312.73425436387265,306.20473845824256
2021-07-24 09:00:00,311.7406146926763,306.3385218310246
2021-07-24 17:00:00,300.14386437743764,301.07914320089054
2021-07-24 18:00:00,299.8196103841021,300.7526770358093
2021-07-24 20:00:00,298.730353639012,299.7481815943549
2021-07-24 21:00:00,298.592847051165,299.51275176296616
2021-07-25 05:00:00,306.9439014969695,303.9809457223478
2021-07-25 06:00:00,309.8655029437943,305.5160628966815
2021-07-25 08:00:00,313.9628250991986,307.31492414900634
2021-07-25 09:00:00,313.96717002175075,307.7775637681018
2021-07-25 17:00:00,299.9526852929537,301.43747938065025
2021-07-25 18:00:00,300.0149650162284,301.21517271914723
2021-07-25 20:00:00,298.8582992671267,299.2950047991125
2021-07-25 21:00:00,298.2745830377188,298.5856724578905
2021-07-26 05:00:00,301.61775992794657,300.67843037797786
2021-07-26 06:00:00,303.0220469047182,301.5773516920939
2021-07-26 08:00:00,307.4401194097816,304.3704288288698
2021-07-26 09:00:00,308.15349373134154,304.8531323919311
2021-07-26 17:00:00,300.9039195667614,300.9644087452
2021-07-26 18:00:00,300.18320506232544,300.2204805911965
2021-07-26 20:00:00,298.5032924422865,299.30085448748525
2021-07-26 21:00:00,297.61679023072605,298.53297346729346
2021-07-27 05:00:00,298.0988610595327,298.3131734557071
2021-07-27 06:00:00,299.06697769047486,299.3061127038141
2021-07-27 08:00:00,299.9109150279652,299.5921154051606
2021-07-27 09:00:00,300.340093885989,299.80364623459167
2021-07-27 17:00:00,298.7105232321059,299.029357369398
2021-07-27 18:00:00,298.35387271357985,298.6435899543468
2021-07-27 20:00:00,297.48151278973364,297.78996662439664
2021-07-27 21:00:00,296.98836123520863,297.58821341069347
2021-07-28 05:00:00,298.405731013082,298.9686713784428
2021-07-28 06:00:00,299.80075362430335,300.10353351704697
2021-07-28 08:00:00,300.58040796406283,300.1684715847021
2021-07-28 09:00:00,301.0891669556981,300.21148401856976
2021-07-28 17:00:00,297.9966800260617,298.6402785855192
2021-07-28 18:00:00,298.0478333412958,298.6290717455566
2021-07-28 20:00:00,297.5953723925104,298.06766609932504
2021-07-28 21:00:00,297.4937151892711,297.91229795858567
2021-07-29 05:00:00,301.30941941741804,300.50692833663874
2021-07-29 06:00:00,304.3194626865475,301.9459223813379
2021-07-29 08:00:00,303.47641764730446,301.7108471933609
2021-07-29 09:00:00,304.7243680557227,302.4810586938138
2021-07-29 17:00:00,297.8755007422026,298.5930478370796
2021-07-29 18:00:00,297.2485226952975,298.1577100004364
2021-07-29 20:00:00,297.3287899211302,297.6697536991631
2021-07-29 21:00:00,297.3496180271331,297.4607176229656
2021-07-30 05:00:00,299.49200439453125,299.33861411260716
2021-07-30 06:00:00,300.44945068829594,300.6152869226018
2021-07-30 08:00:00,302.6602239388347,301.6055211095119
2021-07-30 09:00:00,302.1998200732497,302.24806718870377
2021-07-30 17:00:00,298.3982173173196,299.5585981466002
2021-07-30 18:00:00,297.70450811871024,299.06116291628047
2021-07-30 20:00:00,297.0603880801443,297.9763844024235
2021-07-30 21:00:00,296.9158341418062,297.9071102054167
2021-07-31 05:00:00,301.00200668358474,299.92295682228223
2021-07-31 06:00:00,300.87501229637394,300.1574192605511
2021-07-31 08:00:00,300.23184763668866,299.96434192628084
2021-07-31 09:00:00,299.91912000094806,300.1179541072052
2021-07-31 17:00:00,296.8647273552987,298.1277650853702
2021-07-31 18:00:00,296.638829071092,297.5860641079801
2021-07-31 20:00:00,296.60892257337764,297.21449432608165
2021-07-31 21:00:00,296.49936989900334,296.97978186937985
2021-08-01 05:00:00,297.0929986986063,296.73332089745946
2021-08-01 06:00:00,297.2565171252047,296.93209726013276
2021-08-01 08:00:00,300.67284281632203,299.44085996654263
2021-08-01 09:00:00,301.98427622931763,299.8246936533595
2021-08-01 17:00:00,297.40757901936723,297.83138445602907
2021-08-01 18:00:00,297.2430233477811,297.859933438764
2021-08-01 20:00:00,297.21167410687417,297.96435977130534
2021-08-01 21:00:00,296.77664880502755,297.62589481394906
2021-08-02 05:00:00,298.3834984401709,298.4774017804209
2021-08-02 06:00:00,298.93826256327344,298.6675984010858
2021-08-02 08:00:00,298.19914727585706,299.03568769787057
2021-08-02 09:00:00,299.6992665013106,299.88314365569175
2021-08-02 17:00:00,297.7363583839546,298.1097379663877
2021-08-02 18:00:00,297.4437121375133,297.8595511931668
2021-08-02 20:00:00,296.3576029349917,296.9218860032562
2021-08-02 21:00:00,296.097008727181,296.6923720678673
2021-08-03 05:00:00,297.10326428993824,296.94035957700845
2021-08-03 06:00:00,297.27235074035923,297.24416006878823
2021-08-03 08:00:00,301.9709127511376,301.29333333866253
2021-08-03 09:00:00,302.6350375794116,301.7201971868153
2021-08-03 17:00:00,297.55853635908454,299.01642844930456
2021-08-03 18:00:00,297.1155433125782,298.47373210042946
2021-08-03 20:00:00,296.73749284788346,297.4272235935017
2021-08-03 21:00:00,296.62103433711866,297.23734571459846
2021-08-04 05:00:00,298.1317448785015,298.10686103809047
2021-08-04 06:00:00,299.54313965313975,298.9822885192965
2021-08-04 08:00:00,301.58161808713373,301.68436249672726
2021-08-04 09:00:00,302.77352425644324,302.31426360096515
2021-08-04 17:00:00,298.4281409312103,299.27221033128643
2021-08-04 18:00:00,297.6966050769589,298.87918525778093
2021-08-04 20:00:00,296.99322168852774,298.1323878401417
2021-08-04 21:00:00,296.67552888044406,297.83891371622667
2021-08-05 05:00:00,303.6263070833885,301.3999493897237
2021-08-05 06:00:00,305.63609020074455,302.7610390403054
2021-08-05 08:00:00,306.37718981256467,303.59138996612126
2021-08-05 09:00:00,306.864721994738,303.94275762854807
2021-08-05 17:00:00,299.1390286344226,300.1311521368512
2021-08-05 18:00:00,298.61214302427413,299.6538337272562
2021-08-05 20:00:00,297.867403873861,299.1395331384221
2021-08-05 21:00:00,297.6244559030871,298.7124742646063
2021-08-06 05:00:00,303.90598479331186,301.7508488259807
2021-08-06 06:00:00,305.94388369896745,303.0492743916798
2021-08-06 08:00:00,308.0983391101996,304.392504299734
2021-08-06 09:00:00,308.4563563130854,304.8627016041055
2021-08-06 17:00:00,299.32565044291397,300.3386873971148
2021-08-06 18:00:00,298.73048022348087,299.9376979645669
2021-08-06 20:00:00,297.8205000961139,299.02687575894254
2021-08-06 21:00:00,297.22392961828297,298.3130050917804
2021-08-07 05:00:00,300.10878279910804,299.38003624679493
2021-08-07 06:00:00,301.93215244099247,300.5601903506898
2021-08-07 08:00:00,303.0562514435896,301.58397203160365
2021-08-07 09:00:00,303.459557860952,302.0966338405991
2021-08-07 17:00:00,299.0537222464022,299.4991389246678
2021-08-07 18:00:00,298.6191527332841,299.1074440931135
2021-08-07 20:00:00,297.9495618493972,298.6171444039132
2021-08-07 21:00:00,297.92606982685203,298.61887250291915
2021-08-08 05:00:00,303.5139553028924,301.8006627769059
2021-08-08 06:00:00,304.4977200453748,302.47191132015
2021-08-08 08:00:00,306.9998377019709,304.29516025537333
2021-08-08 09:00:00,307.01891391560184,304.5793951002218
2021-08-08 17:00:00,299.95363528776244,300.9095012976319
2021-08-08 18:00:00,299.7660345891592,300.7794952392578
2021-08-08 20:00:00,299.08481885912977,299.91824439567483
2021-08-08 21:00:00,298.8857295149464,299.6936594723553
2021-08-09 05:00:00,302.5669556839624,301.1995871239708
2021-08-09 06:00:00,304.44320112090264,302.27694817353466
2021-08-09 08:00:00,306.971140457412,303.84307724962986
2021-08-09 09:00:00,307.3748230074514,304.2866357882695
2021-08-09 17:00:00,299.7028326378398,300.59281813235054
2021-08-09 18:00:00,299.32632657890144,300.1651475903434
2021-08-09 20:00:00,298.8371869573608,299.6007609551052
2021-08-09 21:00:00,298.47378942081116,299.2145131585778
2021-08-10 05:00:00,303.59772137611054,301.5499864528286
2021-08-10 06:00:00,305.4045268383525,302.6260474723734
2021-08-10 08:00:00,307.64321370411363,304.31118271273715
2021-08-10 09:00:00,307.6848389283167,304.72004250642516
2021-08-10 17:00:00,298.48329665738004,299.3256008342161
2021-08-10 18:00:00,297.945590496798,298.7748859329106
2021-08-10 20:00:00,297.23419013118894,298.1921373787573
2021-08-10 21:00:00,296.928701485985,297.9001099714329
2021-08-11 05:00:00,303.5804888426982,301.03190624548586
2021-08-11 06:00:00,305.5817503142981,302.1545836649985
2021-08-11 08:00:00,307.9244482572347,303.74058292900287
2021-08-11 09:00:00,308.0826789138864,304.1577227200125
2021-08-11 17:00:00,297.6320239333049,298.90371508958344
2021-08-11 18:00:00,297.13859219543735,298.4513092746352
2021-08-11 20:00:00,296.7482611093389,297.9594016993542
2021-08-11 21:00:00,296.584484858579,297.7113504747764
2021-08-12 05:00:00,304.0133758450877,301.4385408892286
2021-08-12 06:00:00,305.750559567303,302.45493063904655
2021-08-12 08:00:00,308.2874769025665,304.1335876417821
2021-08-12 09:00:00,308.1949883976776,304.49882149953504
2021-08-12 17:00:00,298.1613418978793,299.2914197830647
2021-08-12 18:00:00,297.6228363789469,298.7904575153933
2021-08-12 20:00:00,297.15284569127533,298.34546820077765
2021-08-12 21:00:00,296.89055336127853,298.0158762410168
2021-08-13 05:00:00,304.36977056141814,301.58564953444005
2021-08-13 06:00:00,306.39177568667844,302.75804885840745
2021-08-13 08:00:00,308.4811448154538,304.19859020074455
2021-08-13 09:00:00,308.007209625009,304.3003260960748
2021-08-13 17:00:00,297.9948164788527,299.2669682436621
2021-08-13 18:00:00,297.54653298211946,298.80309165166966
2021-08-13 20:00:00,297.06666066503306,298.1362263307733
2021-08-13 21:00:00,296.82286034159375,297.83671111355216
2021-08-14 05:00:00,304.15113386204143,301.1013193468467
2021-08-14 06:00:00,306.26750745023895,302.3178324412859
2021-08-14 08:00:00,308.66607195791005,304.072301009403
2021-08-14 09:00:00,308.77267199782267,304.4950977907343
2021-08-14 17:00:00,298.0623298021972,299.2703552246094
2021-08-14 18:00:00,297.5334962630309,298.74132172242156
2021-08-14 20:00:00,296.87991984268916,298.13923005514044
2021-08-14 21:00:00,296.67814083716536,297.8966753567312
2021-08-15 05:00:00,304.57478640516666,301.3155354880405
2021-08-15 06:00:00,306.9306128550384,302.60316862273845
2021-08-15 08:00:00,309.0450503168562,304.2612553906551
2021-08-15 09:00:00,309.43854549742997,304.8006864056933
2021-08-15 17:00:00,297.9011788155155,299.0565199888726
2021-08-15 18:00:00,297.37717107411345,298.61238591880385
2021-08-15 20:00:00,296.3383942120616,297.7301743893851
2021-08-15 21:00:00,295.9919977173416,297.3911412125927
2021-08-16 05:00:00,305.808285141579,302.3854746061775
2021-08-16 06:00:00,308.199995396501,303.6584456668613
2021-08-16 08:00:00,310.9027534802265,305.2869626649172
2021-08-16 09:00:00,310.66855836465663,305.6459038827012
2021-08-16 17:00:00,298.88892135267446,299.8971447349513
2021-08-16 18:00:00,298.28306805297666,299.37542376643154
2021-08-16 20:00:00,297.35009422361026,298.6777090063815
2021-08-16 21:00:00,296.9949178357705,298.41303075664035
2021-08-17 05:00:00,307.16795546615435,304.1333453585444
2021-08-17 06:00:00,309.49121587485854,305.3602944772306
2021-08-17 08:00:00,312.1857219631389,306.81231774093555
2021-08-17 09:00:00,313.0906844175836,307.3373292708434
2021-08-17 17:00:00,300.23409474612384,301.37039055258543
2021-08-17 18:00:00,299.58953570584856,300.7303376278635
2021-08-17 20:00:00,298.9299822367946,300.3423316144429
2021-08-17 21:00:00,298.70879999992474,300.1623208350136
2021-08-18 05:00:00,306.92763670934556,304.78349755614863
2021-08-18 06:00:00,309.1609623795849,306.056148276307
2021-08-18 08:00:00,313.1420501332805,307.98166368481554
2021-08-18 09:00:00,313.02586035588865,308.13988488995244
2021-08-18 17:00:00,301.2352677919832,302.2970179247746
2021-08-18 18:00:00,300.706405898272,301.77352357461746
2021-08-18 20:00:00,299.97216077431324,301.1422400570063
2021-08-18 21:00:00,299.80182096366707,300.92754541523465
2021-08-19 05:00:00,307.5466505147643,304.6422756765216
2021-08-19 06:00:00,310.01505203129517,306.0758683685162
2021-08-19 08:00:00,313.02407463085484,307.9436129201175
2021-08-19 09:00:00,312.17617325275813,307.8952359991558
2021-08-19 17:00:00,302.1554260959243,303.07501340610406
2021-08-19 18:00:00,301.82970427291235,302.7732656328998
2021-08-19 20:00:00,301.1194506911174,301.7747184859219
2021-08-19 21:00:00,300.6835973472184,301.299122697216
2021-08-20 05:00:00,306.1552813372737,303.4004468873763
2021-08-20 06:00:00,307.0559242142735,303.8726049108755
2021-08-20 08:00:00,311.76845749207007,306.3154627678024
2021-08-20 09:00:00,312.58809065855525,307.0730194891179
2021-08-20 17:00:00,301.21738430311206,301.4548842043649
2021-08-20 18:00:00,300.79656690882604,301.12279130791666
2021-08-20 20:00:00,300.22309506361955,300.5455406435833
2021-08-20 21:00:00,299.91909916999714,300.21295908970535
2021-08-21 05:00:00,299.1454889094701,300.13939841906716
2021-08-21 06:00:00,304.8887888433753,302.43732162028874
2021-08-21 08:00:00,303.88030114783714,302.1004876605535
2021-08-21 09:00:00,303.86124158015787,302.45338446994776
2021-08-21 17:00:00,299.76979398800887,300.2436136207522
2021-08-21 18:00:00,299.32694682869226,299.83552621803227
2021-08-21 20:00:00,298.248397780126,298.63548311724315
2021-08-21 21:00:00,297.86250361602737,298.4541684754641
2021-08-22 05:00:00,304.71379801745775,301.7488235215009
2021-08-22 06:00:00,307.85775907307817,303.11492915219634
2021-08-22 08:00:00,310.0923248196971,304.4011222239819
2021-08-22 09:00:00,310.5381614555747,304.91111769477834
2021-08-22 17:00:00,299.63300884229193,300.05889257774885
2021-08-22 18:00:00,299.03269001588984,299.4663644799466
2021-08-22 20:00:00,298.21926183950364,298.65074632641716
2021-08-22 21:00:00,297.9466140582491,298.3438516390526
2021-08-23 05:00:00,305.1380991178962,302.2401062623011
2021-08-23 06:00:00,306.91934979972194,303.31056462597957
2021-08-23 08:00:00,309.62590772161496,304.8380781976027
2021-08-23 09:00:00,310.2739969967693,305.5532410185216
2021-08-23 17:00:00,300.2746026931081,301.3242230760666
2021-08-23 18:00:00,299.92756210820886,301.0197418165868
2021-08-23 20:00:00,300.09819390483557,301.15594694022957
2021-08-23 21:00:00,300.117430112395,300.99493894885615
2021-08-24 05:00:00,305.5431960565835,302.6997301192791
2021-08-24 06:00:00,308.1548475550577,304.1896176095736
2021-08-24 08:00:00,311.6229892489724,306.75855505521565
2021-08-24 09:00:00,312.3633454826837,307.4805838139656
2021-08-24 17:00:00,301.30396201393825,302.14172128168934
2021-08-24 18:00:00,300.8854698098863,301.64317813162074
2021-08-24 20:00:00,300.0895156977908,300.74580119974996
2021-08-24 21:00:00,299.71017959195035,300.30700674189256
2021-08-25 05:00:00,304.7586442568269,301.7271640818733
2021-08-25 06:00:00,307.30556724324987,303.0777110377519
2021-08-25 08:00:00,310.93872714520234,305.4804531385425
2021-08-25 09:00:00,311.5702422014187,306.06152623533654
2021-08-25 17:00:00,299.5512657459418,300.40292478305713
2021-08-25 18:00:00,298.96056557583336,299.89275749218297
2021-08-25 20:00:00,298.4513407326627,299.46356502115634
2021-08-25 21:00:00,298.2720296474745,299.1917249917617
2021-08-26 05:00:00,305.68144362439364,301.75334691780927
2021-08-26 06:00:00,307.91822579829096,302.93557939103283
2021-08-26 08:00:00,311.76141199896625,305.0428187248336
2021-08-26 09:00:00,312.01976121335264,305.64527864852926
2021-08-26 17:00:00,299.36256601483507,300.1536169537044
2021-08-26 18:00:00,298.65452789635805,299.49236773709856
2021-08-26 20:00:00,297.85427814125103,298.828146254153
2021-08-26 21:00:00,297.55743617453084,298.5050408314851
2021-08-27 05:00:00,306.9459346542005,302.25544806952104
2021-08-27 06:00:00,309.90091259784435,303.6626949222135
2021-08-27 08:00:00,314.1144238253036,306.1363863717242
2021-08-27 09:00:00,313.8293605857344,306.54670468464104
2021-08-27 17:00:00,299.3311487089137,299.9170178382533
2021-08-27 18:00:00,298.5667001168791,299.2136784393358
2021-08-27 20:00:00,297.4710625647029,298.3670174902871
2021-08-27 21:00:00,297.0524893879707,297.98172022932664
2021-08-28 05:00:00,308.26264955964405,303.3184171420951
2021-08-28 06:00:00,311.7903554061161,304.7090387799891
2021-08-28 08:00:00,314.18657271704063,305.975111175208
2021-08-28 09:00:00,313.39809999627585,306.18589474717714
2021-08-28 17:00:00,300.2923216974056,300.8953918551076
2021-08-28 18:00:00,299.6301241552885,300.2868634945439
2021-08-28 20:00:00,298.84218861913456,299.64729513629743
2021-08-28 21:00:00,298.38444196939105,299.19616250154235
2021-08-29 05:00:00,308.9314501134934,304.1717429609255
2021-08-29 06:00:00,309.3004914270528,304.2131245617507
2021-08-29 08:00:00,312.2231283320117,305.6454885332904
2021-08-29 09:00:00,312.6287028308274,305.98899902437796
2021-08-29 17:00:00,300.71614018280076,301.15636174888203
2021-08-29 18:00:00,300.2882083839922,300.7883854470745
2021-08-29 20:00:00,299.4396232522691,299.61331661089173
2021-08-29 21:00:00,299.0270308860462,299.21344081132185
2021-08-30 05:00:00,311.24743062211843,304.07108895841105
2021-08-30 06:00:00,314.4560605417966,305.04858290285836
2021-08-30 08:00:00,313.6355341836374,306.2554766356669
2021-08-30 09:00:00,314.02270091663706,306.80327621483474
2021-08-30 17:00:00,300.2235655703787,300.29567308234874
2021-08-30 18:00:00,299.85842667448867,299.9416272320623
2021-08-30 20:00:00,298.8513444568417,298.6173869927969
2021-08-30 21:00:00,298.6245084036664,298.3989625057931
2021-08-31 05:00:00,305.785551991044,302.0758899753377
2021-08-31 06:00:00,307.99001478010047,302.8810327703303
2021-08-31 08:00:00,308.17418163987264,303.1648836767729
2021-08-31 09:00:00,308.58173672480655,303.4898971063882
2021-08-31 17:00:00,298.42874672159394,298.8114274176317
2021-08-31 18:00:00,298.25246806798623,298.4421860705171
2021-08-31 20:00:00,297.0329415860639,296.96812888029365
2021-08-31 21:00:00,296.9845548844301,296.90261396458044
2021-09-01 05:00:00,298.8243647312347,298.6687258116453
2021-09-01 06:00:00,300.2728511769159,299.9556472613742
2021-09-01 08:00:00,304.77763265600925,302.22117530105663
2021-09-01 09:00:00,307.67169892438943,303.42317293751955
2021-09-01 17:00:00,297.49967352304327,298.0087103233867
2021-09-01 18:00:00,297.37665954025573,297.73515731270766
2021-09-01 20:00:00,297.2957730991264,297.68455204427335
2021-09-01 21:00:00,297.20958802586165,297.50584938272675
2021-09-02 05:00:00,303.7432709915796,301.08641846925707
2021-09-02 06:00:00,306.4112191457411,302.30135029232923
2021-09-02 08:00:00,303.26458143049103,300.7368312888594
2021-09-02 09:00:00,303.5829168475464,301.3183289279556
2021-09-02 17:00:00,297.0011730928818,297.5801115344596
2021-09-02 18:00:00,296.9203887140072,297.4626146736792
2021-09-02 20:00:00,296.7488332786619,297.34016150428994
2021-09-02 21:00:00,296.7904657678355,297.38868680463185
2021-09-03 05:00:00,304.15364067653667,301.3113296579323
2021-09-03 06:00:00,301.87305825443593,299.57319330765034
2021-09-03 08:00:00,303.4064282151326,302.3984924692586
2021-09-03 09:00:00,305.73698216043016,302.82248935787635
2021-09-03 17:00:00,298.2072447084683,298.63446656213887
2021-09-03 18:00:00,297.83948675546515,298.1970956152871
2021-09-03 20:00:00,297.1536899090548,298.099016562816
2021-09-03 21:00:00,297.05015834344,297.99704941101544
2021-09-04 05:00:00,304.90220590365135,301.45986494114294
2021-09-04 06:00:00,307.39845633249627,302.5792435233141
2021-09-04 08:00:00,309.0431777648456,303.27707191314465
2021-09-04 09:00:00,309.3701942102935,303.69477047207545
2021-09-04 17:00:00,298.9330186417731,299.5272710297619
2021-09-04 18:00:00,298.4723033464193,299.1213571698346
2021-09-04 20:00:00,298.59697228477256,299.294443962203
2021-09-04 21:00:00,298.17259764120286,298.90091024672125
2021-09-05 05:00:00,304.8108308906732,302.1470225235714
2021-09-05 06:00:00,306.6844378267121,303.1270341917253
2021-09-05 08:00:00,309.41323713822806,304.360660170921
2021-09-05 09:00:00,309.77924646692026,304.6731514717655
2021-09-05 17:00:00,298.85363235826304,299.3825748484748
2021-09-05 18:00:00,298.4278551521948,299.091718888246
2021-09-05 20:00:00,298.00836383837213,298.61858554834214
2021-09-05 21:00:00,297.7682891281434,298.36779394869814
2021-09-06 05:00:00,306.575179042728,303.04781330972685
2021-09-06 06:00:00,308.8482938745907,304.36123523212547
2021-09-06 08:00:00,310.87429920073106,305.75218583916666
2021-09-06 09:00:00,309.8112953080235,305.8493378908131
2021-09-06 17:00:00,299.47920184730566,300.1729980139593
2021-09-06 18:00:00,299.0718737868205,299.7076557083012
2021-09-06 20:00:00,298.25469940138527,299.0241196313514
2021-09-06 21:00:00,297.9515580939953,298.678274710116
2021-09-07 05:00:00,307.0028117551642,303.51937530000333
2021-09-07 06:00:00,307.60171671016553,304.09233636371164
2021-09-07 08:00:00,309.20214495783785,305.3434645971642
2021-09-07 09:00:00,309.6469826955458,305.5389539721567
2021-09-07 17:00:00,299.36957798092317,300.1225332251315
2021-09-07 18:00:00,299.11909736433455,299.7271602495426
2021-09-07 20:00:00,298.62090062874677,299.216355169499
2021-09-07 21:00:00,298.31389816589825,298.8271283824198
2021-09-08 05:00:00,303.68505104664473,301.8368384974028
2021-09-08 06:00:00,305.3717689925607,302.7193223574128
2021-09-08 08:00:00,306.7113803810625,303.5678803336639
2021-09-08 09:00:00,307.101106147002,303.65510570837654
2021-09-08 17:00:00,299.30239428504035,299.6621422672125
2021-09-08 18:00:00,298.86870120008854,299.22649347102515
2021-09-08 20:00:00,298.33127066167,298.75371444537564
2021-09-08 21:00:00,298.0552876947106,298.4348603705596
2021-09-09 05:00:00,305.0649636243635,301.88362408419056
2021-09-09 06:00:00,305.7402844304113,302.43902693691166
2021-09-09 08:00:00,306.49993793034963,303.5562733090346
2021-09-09 09:00:00,305.8627515889831,302.64686187132844
2021-09-09 17:00:00,297.73415107903384,298.3124390823999
2021-09-09 18:00:00,297.68116299433774,298.1101361761108
2021-09-09 20:00:00,297.5656268761963,297.90730487841125
2021-09-09 21:00:00,297.49142564206346,297.58723024153744
2021-09-10 05:00:00,300.3527831796138,299.40301492511765
2021-09-10 06:00:00,302.1376701084602,300.51953940839724
2021-09-10 08:00:00,303.3423823516799,301.4197243101241
2021-09-10 09:00:00,304.51293157686257,301.8586704154228
2021-09-10 17:00:00,297.1361396918862,297.6525076703041
2021-09-10 18:00:00,297.04926900760785,297.3923189136758
2021-09-10 20:00:00,296.84684304353453,297.163723279956
2021-09-10 21:00:00,296.68484015090075,297.0324857973355
2021-09-11 05:00:00,298.6061861481982,298.20893182739826
2021-09-11 06:00:00,299.75677222206343,298.7151161276137
2021-09-11 08:00:00,302.02634308848803,300.52704487522874
2021-09-11 09:00:00,301.91094705026217,301.12827473832937
2021-09-11 17:00:00,296.9525245231546,297.38097982303753
2021-09-11 18:00:00,296.8235551219876,297.2088505020494
2021-09-11 20:00:00,296.67918861518467,296.8251659469722
2021-09-11 21:00:00,296.5516710325455,296.71071052257383
2021-09-12 05:00:00,298.2163963376649,298.0599887889045
2021-09-12 06:00:00,300.00560667628685,299.0833944782087
2021-09-12 08:00:00,304.18363837431684,301.31896152114285
2021-09-12 09:00:00,303.7598325614753,301.66950636101063
2021-09-12 17:00:00,296.62051513859967,297.141496114628
2021-09-12 18:00:00,296.46982117169443,296.98317505729216
2021-09-12 20:00:00,296.78723151584626,297.390942142998
2021-09-12 21:00:00,296.74431771159357,297.2734918814778
2021-09-13 05:00:00,303.6953587230806,301.46933383089373
2021-09-13 06:00:00,305.81296693305205,302.48777279611363
2021-09-13 08:00:00,308.17526884622674,304.2443157836726
2021-09-13 09:00:00,306.30165845403684,302.1515532083614
2021-09-13 17:00:00,298.5762291013368,299.19347342798267
2021-09-13 18:00:00,298.56496905545794,299.06187079243006
2021-09-13 20:00:00,297.6634764355394,297.9408356559295
2021-09-13 21:00:00,297.4655814854132,297.75777396509204
2021-09-14 05:00:00,303.02688260071085,301.36872957814455
2021-09-14 06:00:00,304.7721750409284,302.38422329142946
2021-09-14 08:00:00,307.017251107285,303.6567638144471
2021-09-14 09:00:00,307.27700029793436,304.0229327843994
2021-09-14 17:00:00,299.4685810247812,300.14908224849376
2021-09-14 18:00:00,298.57166712309805,299.0946641872036
2021-09-14 20:00:00,297.663242216654,298.9027928850501
2021-09-14 21:00:00,297.6299170683639,298.62284409063074
2021-09-15 05:00:00,301.38871165600324,300.2972773006774
2021-09-15 06:00:00,301.88651464900175,300.5690738342944
2021-09-15 08:00:00,304.60403110874455,302.404009520732
2021-09-15 09:00:00,304.5847147513979,301.9383192723631
2021-09-15 17:00:00,298.4418871487234,299.1755841553487
2021-09-15 18:00:00,298.01495991429124,298.7416474470189
2021-09-15 20:00:00,297.58850699543774,298.50999189708926
2021-09-15 21:00:00,297.36635426196557,298.2370964485251
2021-09-16 05:00:00,303.93775102941584,301.1581617452331
2021-09-16 06:00:00,306.02330045303324,302.3816134036965
2021-09-16 08:00:00,306.8433544000235,303.2520488862448
2021-09-16 09:00:00,306.9427789767461,303.9037539066262
2021-09-16 17:00:00,297.6149171849796,298.5967182694304
2021-09-16 18:00:00,297.1278382523218,298.05195098077576
2021-09-16 20:00:00,296.0606702384302,296.78444425938494
2021-09-16 21:00:00,295.7392405787675,296.36442998524626
2021-09-17 05:00:00,304.94631038718677,302.1428154003455
2021-09-17 06:00:00,306.81943818784464,303.2441577881988
2021-09-17 08:00:00,307.4586477882138,303.716163388386
2021-09-17 09:00:00,307.1867772882635,303.8661038908643
2021-09-17 17:00:00,297.8053081494818,298.4850316921993
2021-09-17 18:00:00,297.468296491861,298.1440978204525
2021-09-17 20:00:00,296.70593205291794,297.4557030300146
2021-09-17 21:00:00,296.56392334642686,297.34946177149044
2021-09-18 05:00:00,302.31142189249243,300.8736948915549
2021-09-18 06:00:00,304.3021843767681,301.5506032934909
2021-09-18 08:00:00,305.1280206054311,302.4278549876162
2021-09-18 09:00:00,304.67618364472236,302.23308613781575
2021-09-18 17:00:00,298.0145891891973,298.5620688510419
2021-09-18 18:00:00,297.833672616074,298.3500690195704
2021-09-18 20:00:00,297.24571935715403,297.68087681563134
2021-09-18 21:00:00,297.1358194218946,297.5199349378401
2021-09-19 05:00:00,301.47826097485466,300.0585043367877
2021-09-19 06:00:00,303.5319093724796,301.32737339296034
2021-09-19 08:00:00,302.4098258701789,301.11572559515395
2021-09-19 09:00:00,302.67811321146866,301.78631199159315
2021-09-19 17:00:00,298.188723547984,298.4235641879183
2021-09-19 18:00:00,297.94633441566504,298.0127040821893
2021-09-19 20:00:00,297.40396158133154,297.4403864503458
2021-09-19 21:00:00,297.30722398566905,297.420609860648
2021-09-20 05:00:00,302.06628808255186,299.7820935359538
2021-09-20 06:00:00,305.101337474006,300.8445594446685
2021-09-20 08:00:00,305.508552751115,302.15266477235105
2021-09-20 09:00:00,306.8155653708154,302.60784256146025
2021-09-20 17:00:00,297.0432255631787,297.2221327489257
2021-09-20 18:00:00,296.9712967600771,297.1333353427599
2021-09-20 20:00:00,296.59896939928615,296.5138918931018
2021-09-20 21:00:00,296.380200472745,296.3553016556797
2021-09-21 05:00:00,299.90262950550425,298.0176118401056
2021-09-21 06:00:00,301.348507944351,298.86005426298124
2021-09-21 08:00:00,302.1570184645925,300.7217966088529
2021-09-21 09:00:00,302.1894971380248,300.5911633178523
2021-09-21 17:00:00,296.608975285558,296.824443870039
2021-09-21 18:00:00,296.3725294633345,296.5155328124624
2021-09-21 20:00:00,296.7352406600224,296.5919996358581
2021-09-21 21:00:00,296.5479352154607,296.48812577022795
2021-09-22 05:00:00,299.97622755900005,298.62149278261626
2021-09-22 06:00:00,301.39663769173876,299.43581871185535
2021-09-22 08:00:00,303.5894841457185,300.76775415358816
2021-09-22 09:00:00,304.8747106942999,301.84093304885374
2021-09-22 17:00:00,297.1409559440907,297.71978969015584
2021-09-22 18:00:00,296.8943860916584,297.3369182004767
2021-09-22 20:00:00,296.40176709003185,296.3397471423509
2021-09-22 21:00:00,296.21296781237214,296.17013575667045
2021-09-23 05:00:00,301.0012039631284,299.7317880122063
2021-09-23 06:00:00,303.41121204534926,301.04027654944656
2021-09-23 08:00:00,305.11666540959953,302.4283854950375
2021-09-23 09:00:00,304.1646350925252,301.8981435860985
2021-09-23 17:00:00,297.06177836978014,297.87264311662625
2021-09-23 18:00:00,296.9417413320674,297.5858945684919
2021-09-23 20:00:00,296.34394723571876,297.17943637653934
2021-09-23 21:00:00,296.2696288216096,297.0510595994665
2021-09-24 05:00:00,303.5414178081213,300.87661049582744
2021-09-24 06:00:00,305.92750523454055,301.88372135015413
2021-09-24 08:00:00,307.1146466412419,303.4332097645717
2021-09-24 09:00:00,306.6853315356333,303.55131265084805
2021-09-24 17:00:00,297.4907596864391,298.2554252166043
2021-09-24 18:00:00,297.3844632470553,298.2453886246645
2021-09-24 20:00:00,296.78610471657873,297.8245695375698
2021-09-24 21:00:00,296.574736725935,297.4641365791873
2021-09-25 05:00:00,305.26568100375283,301.34780977833987
2021-09-25 06:00:00,306.71111745496376,302.4251564625415
2021-09-25 08:00:00,307.68202242388384,303.1854031273323
2021-09-25 09:00:00,307.4474095137351,303.6458125650791
2021-09-25 17:00:00,297.950966175238,298.3403941714342
2021-09-25 18:00:00,297.360180118602,297.8459297027353
2021-09-25 20:00:00,296.86406960509413,297.7830449884588
2021-09-25 21:00:00,296.5782962793195,297.6864963290504
2021-09-26 05:00:00,302.965215909279,300.7614178297516
2021-09-26 06:00:00,306.03596160371427,302.3000969085928
2021-09-26 08:00:00,306.65494606711644,302.95978378037273
2021-09-26 09:00:00,305.3914097578757,302.761825820147
2021-09-26 17:00:00,297.36935253172703,297.833814459332
2021-09-26 18:00:00,297.0032042986807,297.43387158221935
2021-09-26 20:00:00,297.08955514963674,297.783131744902
2021-09-26 21:00:00,296.93567364755876,297.5124202075835
2021-09-27 05:00:00,299.8142039294603,299.19583755281565
2021-09-27 06:00:00,301.49910165936626,299.8108192291025
2021-09-27 08:00:00,305.92293530950565,303.0107111056524
2021-09-27 09:00:00,306.7193982751785,303.4037016881816
2021-09-27 17:00:00,297.81489125679377,298.6608562969096
2021-09-27 18:00:00,297.4826908669964,298.2500305175781
2021-09-27 20:00:00,297.0888286055696,297.7177186093088
2021-09-27 21:00:00,296.94197682055926,297.5613879892969
2021-09-28 05:00:00,303.5665447781744,302.0492987728266
2021-09-28 06:00:00,305.1141463222416,302.97283387735183
2021-09-28 08:00:00,306.76480126050296,304.0207673294702
2021-09-28 09:00:00,307.13239381199446,304.3456171209162
2021-09-28 17:00:00,298.41828539926206,299.1061428640216
2021-09-28 18:00:00,298.1621735841725,298.72038379545756
2021-09-28 20:00:00,297.94602221002566,298.7745061559927
2021-09-28 21:00:00,297.73055766947647,298.45240198261746
2021-09-29 05:00:00,303.02201403601697,301.68300895514585
2021-09-29 06:00:00,304.4596278303761,302.62527797328676
2021-09-29 08:00:00,305.80265775189747,303.61963259751326
2021-09-29 09:00:00,305.3848744349781,303.6060733177997
2021-09-29 17:00:00,297.64454190058774,298.29971362850154
2021-09-29 18:00:00,297.355178644918,297.88133975647634
2021-09-29 20:00:00,297.29104426167964,298.49835978597633
2021-09-29 21:00:00,297.3026110821035,298.3063626752246
2021-09-30 05:00:00,304.30259410699455,301.9225777742124
2021-09-30 06:00:00,305.9480555318353,302.8120754812091
2021-09-30 08:00:00,307.38908607236044,303.791462620528
2021-09-30 09:00:00,307.39968256076054,303.87871030739905
2021-09-30 17:00:00,297.6331241883923,298.6360651142608
2021-09-30 18:00:00,297.1552353963279,297.95026547001396
2021-09-30 20:00:00,296.70197847480955,297.5297574365084
2021-09-30 21:00:00,296.5317904526721,297.2468696206303
2021-10-01 05:00:00,305.83280909557374,302.1304202087121
2021-10-01 06:00:00,307.90457884519606,302.8759086150418
2021-10-01 08:00:00,309.1056914954046,303.6841721497993
2021-10-01 09:00:00,308.8090378301353,304.0953768126219
2021-10-01 17:00:00,297.56476283844887,298.1565318761512
2021-10-01 18:00:00,297.4585091424833,297.9803721893734
2021-10-01 20:00:00,296.80310881486844,297.1960533153846
2021-10-01 21:00:00,296.60270091381574,297.0006722566343
2021-10-02 05:00:00,303.0795614892052,301.05715977649663
2021-10-02 06:00:00,305.6342736289755,302.3556651393144
2021-10-02 08:00:00,308.18748777415976,304.02674602396866
2021-10-02 09:00:00,307.5547377670124,304.0865223888991
2021-10-02 17:00:00,297.8391935233894,298.7247362651149
2021-10-02 18:00:00,297.49600064552436,298.33441535937953
2021-10-02 20:00:00,296.70519452910577,297.2874180069322
2021-10-02 21:00:00,296.47437151187376,297.1127973183278
2021-10-03 05:00:00,303.34639811699486,301.45263671875
2021-10-03 06:00:00,304.8506801234923,302.26398817159355
2021-10-03 08:00:00,307.14025403979383,303.6405559240027
2021-10-03 09:00:00,307.0509410558386,303.8780028309404
2021-10-03 17:00:00,297.1508850897038,298.32002246545164
2021-10-03 18:00:00,296.68363799813716,297.833954680315
2021-10-03 20:00:00,296.2951612898675,297.48967911025227
2021-10-03 21:00:00,295.96265043426183,296.99898391512033
2021-10-04 05:00:00,303.7580963510945,301.0696519284476
2021-10-04 06:00:00,305.8787471730096,302.2453689927864
2021-10-04 08:00:00,307.8801344061853,303.75711167721977
2021-10-04 09:00:00,307.81338312886714,304.12075053304665
2021-10-04 17:00:00,296.6665585228401,297.8662451698527
2021-10-04 18:00:00,296.09036466483894,297.30612664597425
2021-10-04 20:00:00,295.67683786824233,297.05515036560905
2021-10-04 21:00:00,295.4421223785918,296.7424465467456
2021-10-05 05:00:00,304.78898310257216,301.39211246155446
2021-10-05 06:00:00,306.7064108591417,302.5953758251502
2021-10-05 08:00:00,307.4199503706123,303.905046177939
2021-10-05 09:00:00,307.2516481137974,304.1729804745808
2021-10-05 17:00:00,296.4824463501917,297.73994017896376
2021-10-05 18:00:00,295.99868513439395,297.20658159770295
2021-10-05 20:00:00,295.8843993200176,296.9081097854121
2021-10-05 21:00:00,295.44964279856634,296.4606314307919
2021-10-06 05:00:00,305.6740242086684,302.8353456517765
2021-10-06 06:00:00,307.4327721030025,303.40409251537824
2021-10-06 08:00:00,308.7694003394646,304.3748851946579
2021-10-06 09:00:00,308.70002697208446,304.6245932792111
2021-10-06 17:00:00,296.74970815508686,297.81224053005224
2021-10-06 18:00:00,296.19168382359584,297.3026547189486
2021-10-06 20:00:00,294.8739003326933,296.1736532014397
2021-10-06 21:00:00,294.4501666523092,295.86620414275416
2021-10-07 05:00:00,306.7364844746876,303.16976608958197
2021-10-07 06:00:00,309.0955043140288,304.0074194627477
2021-10-07 08:00:00,310.702173853141,305.14121797676256
2021-10-07 09:00:00,309.6055207568435,305.21771752779216
2021-10-07 17:00:00,295.82502619621386,297.3879462713821
2021-10-07 18:00:00,294.992514917406,296.57502605514645
2021-10-07 20:00:00,293.929777383437,296.79223014467124
2021-10-07 21:00:00,293.42492127969564,295.7441379212084
2021-10-08 05:00:00,306.2625552560956,303.55954028865773
2021-10-08 06:00:00,308.21998478635254,304.66278207834773
2021-10-08 08:00:00,310.5212458065368,306.03936997988194
2021-10-08 09:00:00,310.2648265350765,306.22491638465726
2021-10-08 17:00:00,295.5139109842215,297.6618468721034
2021-10-08 18:00:00,295.1291168165868,297.2313202797724
2021-10-08 20:00:00,293.93585806965643,295.8835542323226
2021-10-08 21:00:00,293.25491064979775,295.2535631976253
2021-10-09 05:00:00,304.87767856403934,302.99906098493625
2021-10-09 06:00:00,307.240157704875,304.5263016852098
2021-10-09 08:00:00,308.8739112654158,305.8536605952517
2021-10-09 09:00:00,308.00785176375615,305.7528588481604
2021-10-09 17:00:00,297.4722511514861,299.1803049519543
2021-10-09 18:00:00,297.12286581500837,298.8294387840894
2021-10-09 20:00:00,296.36077953744194,298.08447731147385
2021-10-09 21:00:00,295.9374561985763,297.58683055060675
2021-10-10 05:00:00,305.4986998524247,302.97773963681357
2021-10-10 06:00:00,307.8259271465942,304.48862926324455
2021-10-10 08:00:00,309.8148769149427,305.9785104055067
2021-10-10 09:00:00,310.20140788073905,306.2833621314567
2021-10-10 17:00:00,296.5717324843208,298.22865175502875
2021-10-10 18:00:00,296.1469761829347,297.77780699178874
2021-10-10 20:00:00,294.9949392309909,296.6157447097849
2021-10-10 21:00:00,294.5341471714672,296.1033194943091
2021-10-11 05:00:00,305.47666606697356,302.45287923710003
2021-10-11 06:00:00,308.00763821124303,303.93631738506963
2021-10-11 08:00:00,310.5903705426467,305.65083644496644
2021-10-11 09:00:00,310.35487563217,305.839536364163
2021-10-11 17:00:00,295.8146711446471,297.4915791704034
2021-10-11 18:00:00,295.17895416118705,296.9347128375837
2021-10-11 20:00:00,293.8458989030224,295.77746739556494
2021-10-11 21:00:00,293.2857485214257,295.2485926882328
2021-10-12 05:00:00,305.68425895326493,302.89540250569536
2021-10-12 06:00:00,308.2295707150123,304.19601729617835
2021-10-12 08:00:00,311.19445666767234,305.5179489911613
2021-10-12 09:00:00,310.3186407809265,305.5786870124711
2021-10-12 17:00:00,295.15410765661113,297.2117789669654
2021-10-12 18:00:00,294.80598588423294,296.8607110962479
2021-10-12 20:00:00,294.0542696348875,296.0464788827764
2021-10-12 21:00:00,293.71237109732374,295.706556487708
2021-10-13 05:00:00,306.0444606551771,303.5209326134257
2021-10-13 06:00:00,308.4478157878106,304.7901438520576
2021-10-13 08:00:00,310.8677739876629,305.81795836744027
2021-10-13 09:00:00,310.6229462704417,306.0266625590978
2021-10-13 17:00:00,294.3855400614453,296.8939510868584
2021-10-13 18:00:00,293.33876131642586,295.96617206403033
2021-10-13 20:00:00,291.3066244257617,294.1217351834102
2021-10-13 21:00:00,290.52495296343085,293.5526153376363
2021-10-14 05:00:00,305.6197274183088,303.1830022309337
2021-10-14 06:00:00,307.9207777543502,304.27414177893127
2021-10-14 08:00:00,309.7304208105996,305.2335239874747
2021-10-14 09:00:00,309.47108468877144,305.47677732211963
2021-10-14 17:00:00,293.20111556560124,295.57285201861794
2021-10-14 18:00:00,291.91195163814973,294.41266649713504
2021-10-14 20:00:00,289.556562120999,292.56309010839243
2021-10-14 21:00:00,288.8581982863887,291.9353948748902
2021-10-15 05:00:00,306.12869044040866,302.5769788980117
2021-10-15 06:00:00,308.7229550542376,303.71398469663364
2021-10-15 08:00:00,310.65200396568645,304.6537819320139
2021-10-15 09:00:00,310.1834222590795,304.8542131797191
2021-10-15 17:00:00,292.80522176921824,295.3022972071667
2021-10-15 18:00:00,291.7945593553259,294.43777089640616
2021-10-15 20:00:00,289.8641854684415,292.71545744015737
2021-10-15 21:00:00,289.14424704623707,292.14029588978536
2021-10-16 05:00:00,306.1537248937669,302.92602155829434
2021-10-16 06:00:00,308.8403133398212,304.09948641126067
2021-10-16 08:00:00,311.450661422659,305.41775239965034
2021-10-16 09:00:00,311.16601381463516,305.65284658470216
2021-10-16 17:00:00,294.30435469852205,296.0884279506783
2021-10-16 18:00:00,293.5720725742804,295.2757969225868
2021-10-16 20:00:00,292.0885765416596,294.4643590894796
2021-10-16 21:00:00,292.0010915324207,294.17785536379586
2021-10-17 05:00:00,303.1830690263416,301.9422108278436
2021-10-17 06:00:00,306.55302276376216,303.148906455018
2021-10-17 08:00:00,309.65888751342965,303.93302454309213
2021-10-17 09:00:00,309.0562326816271,304.2064192526513
2021-10-17 17:00:00,295.7020976767518,296.1435304944431
2021-10-17 18:00:00,295.61301289280686,295.92346365389363
2021-10-17 20:00:00,295.3134399084906,295.40961466878883
2021-10-17 21:00:00,295.0827877473758,295.03147483790417
2021-10-18 05:00:00,298.84913672871875,297.7444036921662
2021-10-18 06:00:00,300.4329228570171,298.3970032208506
2021-10-18 08:00:00,304.1994890586254,300.7098703252149
2021-10-18 09:00:00,304.38772782853283,300.22187957998784
2021-10-18 17:00:00,294.37617062420253,295.0554811451211
2021-10-18 18:00:00,293.9929387073488,294.62303469618223
2021-10-18 20:00:00,292.8904318317243,294.6345192978305
2021-10-18 21:00:00,292.3421485795078,293.8464272238992
2021-10-19 05:00:00,303.07113144320584,299.6064818254421
2021-10-19 06:00:00,305.1948114286402,300.92223324063013
2021-10-19 08:00:00,306.85667198428024,302.3634392924963
2021-10-19 09:00:00,306.2542085809223,302.7801820023218
2021-10-19 17:00:00,291.42137009630954,293.6033904041825
2021-10-19 18:00:00,290.82070316261803,293.10326318491036
2021-10-19 20:00:00,289.98152833065745,292.0501301064514
2021-10-19 21:00:00,289.79768362177543,292.0164664669654
2021-10-20 05:00:00,302.2959990420584,301.42170762354493
2021-10-20 06:00:00,304.8804289548901,303.345165117496
2021-10-20 08:00:00,306.9956795291283,304.65563555748327
2021-10-20 09:00:00,306.63683670584703,304.8002090101433
2021-10-20 17:00:00,292.24829362537173,295.235621424412
2021-10-20 18:00:00,292.08068099999093,294.9637210416867
2021-10-20 20:00:00,291.68388014030756,294.3192588676841
2021-10-20 21:00:00,291.5332609156063,294.015709499365
2021-10-21 05:00:00,301.58922357074283,300.28039966930044
2021-10-21 06:00:00,304.1186883629563,301.9456485460279
2021-10-21 08:00:00,306.5169974446113,303.79998692305327
2021-10-21 09:00:00,306.3956187149777,304.0570648381449
2021-10-21 17:00:00,293.3829573291843,295.6513846563448
2021-10-21 18:00:00,292.94966633330876,295.2052562931102
2021-10-21 20:00:00,292.22833369509283,294.3594563958825
2021-10-21 21:00:00,291.89645155332124,293.93883680158484
2021-10-22 05:00:00,301.89961863372287,299.786209882316
2021-10-22 06:00:00,304.1476036741848,301.18787183012176
2021-10-22 08:00:00,306.41378450320207,302.9542068693047
2021-10-22 09:00:00,306.30433661838526,303.22117551265774
2021-10-22 17:00:00,292.83214010700055,294.5804470397291
2021-10-22 18:00:00,292.16740292870946,293.9553781518216
2021-10-22 20:00:00,291.33087767144013,293.235962572377
2021-10-22 21:00:00,290.9634902789523,292.84837289583885
2021-10-23 05:00:00,301.7137524762029,298.5947889377964
2021-10-23 06:00:00,304.13821834334976,299.9056176184139
2021-10-23 08:00:00,306.35554462074316,301.69792288146874
2021-10-23 09:00:00,306.2852053884733,302.18631978321514
2021-10-23 17:00:00,293.5714674657225,294.8480210737749
2021-10-23 18:00:00,293.2911157123113,294.5445501389232
2021-10-23 20:00:00,293.2952374192342,294.3861581952253
2021-10-23 21:00:00,292.4350869012724,293.50016126353495
2021-10-24 05:00:00,300.78693454548466,297.0234602118494
2021-10-24 06:00:00,301.5152940088869,297.0460384703932
2021-10-24 08:00:00,305.6587945029989,300.03613817306075
2021-10-24 09:00:00,305.04409837061525,300.1321154390168
2021-10-24 17:00:00,292.22136221534487,292.86120497317086
2021-10-24 18:00:00,291.88741971384763,292.4994958251577
2021-10-24 20:00:00,291.8219672204533,293.7738571049436
2021-10-24 21:00:00,291.7296009739669,293.5470929256022
2021-10-25 05:00:00,303.81611104298076,298.64967028789783
2021-10-25 06:00:00,305.8850194992748,299.6770987723752
2021-10-25 08:00:00,306.1660693246521,300.4231479921033
2021-10-25 09:00:00,305.3559352833612,300.58941210730603
2021-10-25 17:00:00,292.6207002895455,293.7894043297907
2021-10-25 18:00:00,292.1019294868081,293.28187024979087
2021-10-25 20:00:00,291.5391713099781,292.89648094236026
2021-10-25 21:00:00,290.84566903371467,292.1450360831568
2021-10-26 05:00:00,302.00444461017247,298.2924378193766
2021-10-26 06:00:00,304.64559207675273,299.4519321106616
2021-10-26 08:00:00,306.6320686281554,300.66472786784357
2021-10-26 09:00:00,306.07746318235235,300.855571141412
2021-10-26 17:00:00,291.2665833883183,292.8495281672074
2021-10-26 18:00:00,290.35864735090496,292.01757732561816
2021-10-26 20:00:00,288.7979209206321,290.50060442673225
2021-10-26 21:00:00,288.0235941553336,289.7926556979563
2021-10-27 05:00:00,302.56086996633945,298.8687891791157
2021-10-27 06:00:00,305.5613064288359,299.9682645871202
2021-10-27 08:00:00,308.0748509434963,301.15248620455
2021-10-27 09:00:00,307.46486554491133,301.46871028953046
2021-10-27 17:00:00,290.7592844206306,292.73439813505155
2021-10-27 18:00:00,290.0596776412705,292.12059855644804
2021-10-27 20:00:00,289.03861414082064,291.1520514348623
2021-10-27 21:00:00,288.5678504273778,290.606825912311
2021-10-28 05:00:00,302.0426759646377,298.8719962050992
2021-10-28 06:00:00,304.9194162894838,300.02166214341923
2021-10-28 08:00:00,308.2505856412585,301.33773998854156
2021-10-28 09:00:00,307.75768429325615,301.74315971292225
2021-10-28 17:00:00,290.85861711546164,292.9265657962746
2021-10-28 18:00:00,290.0922877189742,292.21769406358345
2021-10-28 20:00:00,288.5766153438433,290.5968828950715
2021-10-28 21:00:00,287.732137059945,289.76283558050545
2021-10-29 05:00:00,302.4210053665796,299.1079812071908
2021-10-29 06:00:00,305.02702862896797,300.11541000389724
2021-10-29 08:00:00,307.1924556267831,301.372018869926
2021-10-29 09:00:00,306.74271307006273,301.5816415513425
2021-10-29 17:00:00,290.1815589940052,292.3088290504021
2021-10-29 18:00:00,289.38069333868515,291.44545126328666
2021-10-29 20:00:00,287.6753220286318,289.6156727889286
2021-10-29 21:00:00,286.7155737031958,288.87066159005894
2021-10-30 05:00:00,303.38515358382637,299.5473725681864
2021-10-30 06:00:00,305.3372651086934,300.67520701168866
2021-10-30 08:00:00,307.1944777572468,302.00746613254165
2021-10-30 09:00:00,306.79992600545313,302.30877234131236
2021-10-30 17:00:00,289.5053537659726,291.78953606321926
2021-10-30 18:00:00,288.4128169219924,290.8916193134796
2021-10-30 20:00:00,286.75758432350096,290.4755751928674
2021-10-30 21:00:00,286.19566248818796,291.36652274344846
2021-10-31 05:00:00,304.8279601627579,301.1161700044465
2021-10-31 06:00:00,307.04411833165057,302.3365748189447
2021-10-31 08:00:00,308.4733574019375,303.1524292368367
2021-10-31 09:00:00,307.9697065544422,303.27105825744536
2021-10-31 17:00:00,288.6526206887925,293.9985157124618
2021-10-31 18:00:00,287.80828570584856,290.91539321217584
2021-10-31 20:00:00,286.90244980916407,289.60658920123507
2021-10-31 21:00:00,286.73821652358043,289.36925075160707
2021-11-01 05:00:00,303.24573708462236,300.876324622767
2021-11-01 06:00:00,306.3140402677798,302.348400568558
2021-11-01 08:00:00,309.155167989628,303.3643862778674
2021-11-01 09:00:00,309.0646468810565,303.4865409956875
2021-11-01 17:00:00,291.3927201328366,293.5067918774527
2021-11-01 18:00:00,290.70817956204405,292.8560098844978
2021-11-01 20:00:00,289.31458598696764,291.34092399702973
2021-11-01 21:00:00,288.46243972660767,290.3769712051368
2021-11-02 05:00:00,303.2188478067219,300.56388509365377
2021-11-02 06:00:00,306.0810567799996,301.8704610862791
2021-11-02 08:00:00,308.9510690368746,303.0384811142743
2021-11-02 09:00:00,308.6888729383472,303.1028199276682
2021-11-02 17:00:00,291.184499543694,293.0311564252998
2021-11-02 18:00:00,290.3136315720475,292.2345299390138
2021-11-02 20:00:00,289.1168691109068,291.1995158849401
2021-11-02 21:00:00,288.6666497699285,290.8511265312395
2021-11-03 05:00:00,303.1506728303084,299.3940189637829
2021-11-03 06:00:00,306.43324126962153,300.95665497625555
2021-11-03 08:00:00,310.12022651472523,302.5494753891955
2021-11-03 09:00:00,309.7295027675541,302.7808267743268
2021-11-03 17:00:00,290.0187708732711,291.9979360195448
2021-11-03 18:00:00,288.83515572805067,290.87933749300305
2021-11-03 20:00:00,287.0854798773955,289.3469932567908
2021-11-03 21:00:00,286.47258437616614,288.7707324152919
2021-11-04 05:00:00,302.79669711402465,298.420175067449
2021-11-04 06:00:00,306.1613508556583,299.804873074148
2021-11-04 08:00:00,309.0061862516477,301.30228495781523
2021-11-04 09:00:00,308.30178936457224,301.52881289630534
2021-11-04 17:00:00,289.3358422089799,291.2396722449727
2021-11-04 18:00:00,287.9076668338159,290.3202672173687
2021-11-04 20:00:00,285.8854575135124,289.7289193598625
2021-11-04 21:00:00,285.2257078197227,289.39660976039613
2021-11-05 05:00:00,302.02863355263355,298.36161486797596
2021-11-05 06:00:00,305.50179480036894,299.6740491540847
2021-11-05 08:00:00,309.0723978991869,301.17269951536775
2021-11-05 09:00:00,308.7204963907439,301.5002668994968
2021-11-05 17:00:00,288.7798662229752,290.8087586577758
2021-11-05 18:00:00,287.40138663128823,290.36752124192714
2021-11-05 20:00:00,285.3998293648883,290.5513004250078
2021-11-05 21:00:00,284.7265084711907,290.4874521029198
2021-11-06 05:00:00,304.0551685868133,299.4529754450582
2021-11-06 06:00:00,306.66828389454326,300.79070986143796
2021-11-06 08:00:00,309.00758241909125,302.01131814213124
2021-11-06 09:00:00,308.5271120233051,302.26582261189844
2021-11-06 17:00:00,288.7007107727333,293.61580043140293
2021-11-06 18:00:00,287.7036787365177,291.610234829237
2021-11-06 20:00:00,286.2720226411276,288.1858172776703
2021-11-06 21:00:00,285.9015472835312,287.8862762686284
2021-11-07 05:00:00,304.4101240866357,300.17909849663545
2021-11-07 06:00:00,307.6161727552605,301.65437448557424
2021-11-07 08:00:00,310.1777385599991,302.9564519332627
2021-11-07 09:00:00,309.6594490791873,303.2031488638997
2021-11-07 17:00:00,290.7695349882857,292.7755165746657
2021-11-07 18:00:00,289.4392286397643,291.75091002571565
2021-11-07 20:00:00,287.1315986856658,293.2602070013437
2021-11-07 21:00:00,286.3644939593064,292.7109016923949
2021-11-08 05:00:00,304.3376196110377,300.27175957396145
2021-11-08 06:00:00,307.618151860171,301.6454794814664
2021-11-08 08:00:00,310.41441916537764,302.99127977838504
2021-11-08 09:00:00,309.9221808105845,303.3212287797032
2021-11-08 17:00:00,290.6537786169302,292.74952432077
2021-11-08 18:00:00,289.46612626415185,291.82300763945733
2021-11-08 20:00:00,287.5467834237544,290.00001906760855
2021-11-08 21:00:00,286.80903947592145,289.3332310986629
2021-11-09 05:00:00,304.37642264109,299.8877872414141
2021-11-09 06:00:00,307.69302859548793,301.44391814292123
2021-11-09 08:00:00,310.35617747255395,303.08901655435193
2021-11-09 09:00:00,309.71135002806307,303.365166451053
2021-11-09 17:00:00,290.8892949461386,293.02564532216786
2021-11-09 18:00:00,289.64322602399875,292.0887309399151
2021-11-09 20:00:00,287.42966793865565,291.7529624151339
2021-11-09 21:00:00,286.6623270184674,291.99624085977376
2021-11-10 05:00:00,305.39600657975916,300.79643331801026
2021-11-10 06:00:00,308.59695004314784,302.1113108912675
2021-11-10 08:00:00,310.5321727923142,302.8007983191539
2021-11-10 09:00:00,309.82318371506796,302.88989281323734
2021-11-10 17:00:00,290.60069872087615,292.61743363907965
2021-11-10 18:00:00,289.23500756967604,291.58521100295525
2021-11-10 20:00:00,286.63873599012754,293.02859656946686
2021-11-10 21:00:00,285.78482589369014,292.6823360872196
2021-11-11 05:00:00,304.6924595296475,300.14353232831917
2021-11-11 06:00:00,307.8204412475022,301.5293335525207
2021-11-11 08:00:00,309.67178899591624,302.330557354426
2021-11-11 09:00:00,308.9953407322865,302.40228247973147
2021-11-11 17:00:00,288.3616116469373,292.7141025584358
2021-11-11 18:00:00,287.2226177621145,291.69511441787694
2021-11-11 20:00:00,285.7411534525397,290.9019120132611
2021-11-11 21:00:00,285.14989018844346,290.56256124675735
2021-11-12 05:00:00,303.77299955629604,299.28266556420937
2021-11-12 06:00:00,306.82862106346755,300.55983020565
2021-11-12 08:00:00,309.2875628361166,301.5551605694834
2021-11-12 09:00:00,308.7585303684229,301.72640396376784
2021-11-12 17:00:00,288.0507891967962,291.1123854015568
2021-11-12 18:00:00,287.0546135336666,289.7258490516886
2021-11-12 20:00:00,285.78243120425657,288.4934150919158
2021-11-12 21:00:00,285.2893115074499,288.1407449778129
2021-11-13 05:00:00,302.9538661445418,298.250836647163
2021-11-13 06:00:00,305.59477692355733,299.3998580015679
2021-11-13 08:00:00,308.22147624481624,300.4596975881991
2021-11-13 09:00:00,307.9686787374582,300.7004841244643
2021-11-13 17:00:00,288.2638409207525,289.98031943017054
2021-11-13 18:00:00,287.00264202758603,288.996537289377
2021-11-13 20:00:00,285.0633536457832,287.518138609241
2021-11-13 21:00:00,284.4013734414875,287.0081945104849
2021-11-14 05:00:00,301.8628134470324,296.9204584012965
2021-11-14 06:00:00,304.8962492156653,298.0687703513217
2021-11-14 08:00:00,308.0301909836121,299.39195500683894
2021-11-14 09:00:00,307.87078714003366,299.66711573902006
2021-11-14 17:00:00,287.02030498110827,291.2703699191289
2021-11-14 18:00:00,286.0958125932926,290.531671579887
2021-11-14 20:00:00,284.88614651014336,286.9199319613182
2021-11-14 21:00:00,284.4025478980207,286.6395190316834
2021-11-15 05:00:00,302.30205741611945,296.8884368097103
2021-11-15 06:00:00,305.2940177741146,298.1853024052178
2021-11-15 08:00:00,307.55533506984153,299.49714945130427
2021-11-15 09:00:00,307.01805199386524,299.7302618981877
2021-11-15 17:00:00,286.388500948349,290.0423990493563
2021-11-15 18:00:00,285.30659593014946,288.6414097813869
2021-11-15 20:00:00,283.7105555365376,286.98975239476
2021-11-15 21:00:00,283.12148695183095,286.3767452622048
2021-11-16 05:00:00,300.49535375750855,296.15616077487755
2021-11-16 06:00:00,303.37029636659315,297.47458908480746
2021-11-16 08:00:00,306.09969916439206,298.73179050439677
2021-11-16 09:00:00,305.8788656696149,299.06504527886955
2021-11-16 17:00:00,287.3191364682143,289.08677607508395
2021-11-16 18:00:00,286.23368407544814,288.05367219099094
2021-11-16 20:00:00,284.3133081985733,286.2625524347479
2021-11-16 21:00:00,283.60456488422693,285.6155708207188
2021-11-17 05:00:00,298.8518067111587,295.13724770568
2021-11-17 06:00:00,301.8048212083719,296.6518692463315
2021-11-17 08:00:00,304.69932090629965,298.2080008766868
2021-11-17 09:00:00,304.62685233235175,298.55733935528065
2021-11-17 17:00:00,288.3577626938078,289.769668014832
2021-11-17 18:00:00,288.3406551696119,289.6779962901158
2021-11-17 20:00:00,287.12659258026923,288.5384375479629
2021-11-17 21:00:00,286.52411824418874,288.0381731876791
2021-11-18 05:00:00,297.8214028098366,294.62826472254494
2021-11-18 06:00:00,301.3868709381997,296.30423349812514
2021-11-18 08:00:00,303.22037554301545,297.5553925783131
2021-11-18 09:00:00,302.3183775256705,297.29963444267474
2021-11-18 17:00:00,290.57982366294453,290.39986119909537
2021-11-18 18:00:00,289.7705566923497,289.8661960548907
2021-11-18 20:00:00,288.89836367473396,289.09364807881263
2021-11-18 21:00:00,288.4915680260798,288.78125822893094
2021-11-19 05:00:00,296.9202327875217,293.7079090888401
2021-11-19 06:00:00,298.82054448531846,294.8761380141248
2021-11-19 08:00:00,296.42327133202224,293.4357239145711
2021-11-19 09:00:00,295.4944672665353,293.491981894283
2021-11-19 17:00:00,289.0655439050613,289.77290497061284
2021-11-19 18:00:00,289.0151523537188,289.6406067552846
2021-11-19 20:00:00,288.847444648919,289.4289698431782
2021-11-19 21:00:00,288.7787753018466,289.3312157159226
2021-11-20 05:00:00,294.82436042867937,292.99462055976295
2021-11-20 06:00:00,297.4557560713523,294.34490776355904
2021-11-20 08:00:00,302.0726879572465,296.9567227826464
2021-11-20 09:00:00,302.4270245944407,297.2983776968323
2021-11-20 17:00:00,290.5229142105267,291.1304416509549
2021-11-20 18:00:00,289.9019379226379,290.5805448699622
2021-11-20 20:00:00,288.8635085800947,289.53492696847314
2021-11-20 21:00:00,288.42931585796805,289.1632511038993
2021-11-21 05:00:00,299.5301154655374,295.667026654965
2021-11-21 06:00:00,302.7598390270639,297.3608689976767
2021-11-21 08:00:00,306.0237177773874,299.0182327952333
2021-11-21 09:00:00,306.17633091907476,299.49095010390084
2021-11-21 17:00:00,290.29029542896524,291.6235000539818
2021-11-21 18:00:00,289.25191151012075,290.8520010314848
2021-11-21 20:00:00,288.0252818855556,289.80130759593334
2021-11-21 21:00:00,287.524461343586,288.84732572911145
2021-11-22 05:00:00,300.83985343662727,297.10930573591287
2021-11-22 06:00:00,304.5557008810881,298.555690700725
2021-11-22 08:00:00,307.6525987998363,300.20270306744453
2021-11-22 09:00:00,307.15860683635134,300.57942070395256
2021-11-22 17:00:00,287.6432935952773,289.7995989642268
2021-11-22 18:00:00,286.30609074432425,288.5793944419073
2021-11-22 20:00:00,284.2623402223749,286.7629068430473
2021-11-22 21:00:00,283.4683025342474,286.4796058878142
2021-11-23 05:00:00,300.89004434312255,297.3365497089498
2021-11-23 06:00:00,304.3564315584297,298.8287980560162
2021-11-23 08:00:00,307.72807431919,300.274816621801
2021-11-23 09:00:00,307.53455238753736,300.63106695566046
2021-11-23 17:00:00,285.59604222748794,290.3873350734153
2021-11-23 18:00:00,284.8100291341773,288.94092431678246
2021-11-23 20:00:00,284.029628971141,286.32406070750375
2021-11-23 21:00:00,283.7508495313177,285.9887027593533
2021-11-24 05:00:00,300.08987614847666,297.1683724848625
2021-11-24 06:00:00,303.92616822135466,298.80130352849034
2021-11-24 08:00:00,307.2732375369785,300.3422312214856
2021-11-24 09:00:00,307.33244852733174,300.7257254531461
2021-11-24 17:00:00,289.9075303511187,291.1118622061284
2021-11-24 18:00:00,289.1783911142217,290.4621593316641
2021-11-24 20:00:00,287.8992876896322,289.2655108529724
2021-11-24 21:00:00,287.35616853828606,288.7372061754412
2021-11-25 05:00:00,300.81738770283613,297.1140161640655
2021-11-25 06:00:00,304.87848544598364,298.91855121724234
2021-11-25 08:00:00,309.27944666505414,300.8379684236641
2021-11-25 09:00:00,308.95496889181976,301.2355568155486
2021-11-25 17:00:00,289.73514753203546,291.1708726691906
2021-11-25 18:00:00,289.1028168006744,290.6131605668502
2021-11-25 20:00:00,288.06477240752,289.6961481596913
2021-11-25 21:00:00,287.6601477154231,289.3229991048804
2021-11-26 05:00:00,302.0365147524512,298.3772835048211
2021-11-26 06:00:00,305.8343817618301,300.10455035428606
2021-11-26 08:00:00,309.14648138907364,301.6689752658085
2021-11-26 09:00:00,308.83676838691144,301.9017618705385
2021-11-26 17:00:00,288.1797681905456,289.9876603418947
2021-11-26 18:00:00,287.49939105911136,289.3693598437199
2021-11-26 20:00:00,286.5581575461272,288.4215051213105
2021-11-26 21:00:00,286.1106818952986,287.96461665501766
2021-11-27 05:00:00,301.46059926742765,297.88381555965753
2021-11-27 06:00:00,305.1174613823325,299.37664665610106
2021-11-27 08:00:00,308.64742209694606,300.8574016788524
2021-11-27 09:00:00,308.4421224491255,301.0094654100885
2021-11-27 17:00:00,289.9959058247288,291.2937706005409
2021-11-27 18:00:00,289.28689307167275,290.67652060768825
2021-11-27 20:00:00,288.3190537792141,289.8165813146277
2021-11-27 21:00:00,287.7997825869427,289.2634364335306
2021-11-28 05:00:00,300.2369242052452,296.9333002122782
2021-11-28 06:00:00,304.07243502342095,298.97635054625056
2021-11-28 08:00:00,307.64759351733284,300.54214616255325
2021-11-28 09:00:00,307.34190500315236,300.60440007049607
2021-11-28 17:00:00,290.4576565782168,291.75374792536894
2021-11-28 18:00:00,289.7503157793466,291.1462540119565
2021-11-28 20:00:00,287.8980200580897,289.3732414304384
2021-11-28 21:00:00,286.8854044016411,288.58025996086235
2021-11-29 05:00:00,300.6452633897402,296.6489226072338
2021-11-29 06:00:00,304.2564799539481,298.28445857772476
2021-11-29 08:00:00,308.053465574291,299.61693541257887
2021-11-29 09:00:00,307.7823685938478,299.8913952749573
2021-11-29 17:00:00,288.2305228023206,289.8874212420777
2021-11-29 18:00:00,287.3856295687025,289.04564851311216
2021-11-29 20:00:00,285.93878082134324,287.4848632342276
2021-11-29 21:00:00,285.34892145988573,286.9372496994324
2021-11-30 05:00:00,298.49520269784796,295.02086840425324
2021-11-30 06:00:00,302.0771945665357,296.58623672743977
2021-11-30 08:00:00,306.1331331461714,298.26479220867895
2021-11-30 09:00:00,306.0692907254024,298.59390992339473
2021-11-30 17:00:00,288.88876027722944,290.1337008953829
2021-11-30 18:00:00,288.1852549125307,289.3489390933091
2021-11-30 20:00:00,287.2184070416702,288.4098605727562
2021-11-30 21:00:00,286.47143206721285,287.8475564683347
2021-12-01 05:00:00,295.6561202415149,293.89529898574426
2021-12-01 06:00:00,298.4661630592288,295.3511965241748
2021-12-01 08:00:00,299.680501270735,295.7276998793216
2021-12-01 09:00:00,299.5711719060348,295.86493446573456
2021-12-01 17:00:00,289.7121986189315,290.3993994620254
2021-12-01 18:00:00,289.4235159663831,290.136096854423
2021-12-01 20:00:00,288.77093846772226,289.42440793547314
2021-12-01 21:00:00,288.59354564037824,289.21936512434246
2021-12-02 05:00:00,294.86789365982975,292.3419600194335
2021-12-02 06:00:00,296.3596356925318,292.8725421123769
2021-12-02 08:00:00,295.758207841353,291.82558656289876
2021-12-02 09:00:00,294.3323151951395,290.952659289532
2021-12-02 17:00:00,288.27130068175046,288.5786663696101
2021-12-02 18:00:00,288.0023799243804,288.3487745852243
2021-12-02 20:00:00,287.1019226215287,287.7137247799725
2021-12-02 21:00:00,286.587746736265,287.731922919651
2021-12-03 05:00:00,296.8252693728783,292.6735433334562
2021-12-03 06:00:00,300.53177446503486,294.36877956302214
2021-12-03 08:00:00,303.8628756577502,295.6100571313514
2021-12-03 09:00:00,303.6433060092074,295.9809388805795
2021-12-03 17:00:00,287.14926394328864,288.1622591180316
2021-12-03 18:00:00,286.39830303926857,287.51651842678643
2021-12-03 20:00:00,285.1631171133926,286.27280991470496
2021-12-03 21:00:00,284.64258033505575,285.7884983950293
2021-12-04 05:00:00,297.65424999360494,293.3816932713489
2021-12-04 06:00:00,300.8787425883194,295.0333357518553
2021-12-04 08:00:00,304.5095661792256,297.025427326032
2021-12-04 09:00:00,304.6664379807577,297.4163893830427
2021-12-04 17:00:00,288.5933672136445,289.7236630479434
2021-12-04 18:00:00,287.75903449624275,288.9816869609345
2021-12-04 20:00:00,286.6659716825089,288.0102243761436
2021-12-04 21:00:00,286.31741859659394,287.65201637961655
2021-12-05 05:00:00,295.84627893856384,293.71282020886247
2021-12-05 06:00:00,298.44471924110263,294.82412249501937
2021-12-05 08:00:00,300.0088062962325,295.8921448130086
2021-12-05 09:00:00,299.90030109423157,296.0614656468937
2021-12-05 17:00:00,289.98829425171084,290.74024225126243
2021-12-05 18:00:00,289.01527402434033,289.8528325296881
2021-12-05 20:00:00,287.9480275769814,290.24247692325633
2021-12-05 21:00:00,287.50409029591805,289.5642611322859
2021-12-06 05:00:00,299.673172067604,294.5863504982876
2021-12-06 06:00:00,303.7419645900168,296.1598605727562
2021-12-06 08:00:00,306.3170941886255,298.0906664314916
2021-12-06 09:00:00,305.28767197525184,298.3188625388594
2021-12-06 17:00:00,289.3393990820839,290.5136096877934
2021-12-06 18:00:00,288.63551217712495,289.81258868436413
2021-12-06 20:00:00,287.47856525720914,288.6793950908173
2021-12-06 21:00:00,286.8917587821032,288.074368939745
2021-12-07 05:00:00,298.35704205105964,294.23154706910873
2021-12-07 06:00:00,302.0478717351364,295.7259896253401
2021-12-07 08:00:00,305.6500177838953,297.1113072940492
2021-12-07 09:00:00,305.351377537144,297.34267958066494
2021-12-07 17:00:00,286.7172425068766,288.1130127752507
2021-12-07 18:00:00,285.99283283627454,287.43695517423896
2021-12-07 20:00:00,284.7381803162844,286.15862407008376
2021-12-07 21:00:00,284.0484206283405,285.48221633981666
2021-12-08 05:00:00,297.41197717134685,293.1175967835131
2021-12-08 06:00:00,301.1870103550986,294.59881836313684
2021-12-08 08:00:00,305.3674748072455,295.98880195323784
2021-12-08 09:00:00,305.1777042571128,296.2873461801209
2021-12-08 17:00:00,284.86197658826836,286.6767461509294
2021-12-08 18:00:00,283.90635173309755,285.66369864018566
2021-12-08 20:00:00,282.65565636492295,284.49794577670576
2021-12-08 21:00:00,282.14239746469934,283.88313190007614
2021-12-09 05:00:00,297.6405444505218,293.07207201001086
2021-12-09 06:00:00,300.9577955531045,294.3797834070144
2021-12-09 08:00:00,304.17069941492775,295.8643222567848
2021-12-09 09:00:00,304.32880038362805,296.214050927772
2021-12-09 17:00:00,285.07422622657157,286.62536402439304
2021-12-09 18:00:00,284.1057300538238,285.86255035635503
2021-12-09 20:00:00,282.92841735275573,284.57012102453297
2021-12-09 21:00:00,282.274080438129,283.9456481228257
2021-12-10 05:00:00,297.02996325382657,292.60642904272805
2021-12-10 06:00:00,300.985265229259,294.0671016651971
2021-12-10 08:00:00,305.05132955542337,295.7658107857491
2021-12-10 09:00:00,304.8645016239678,296.2980918002606
2021-12-10 17:00:00,285.38573447581615,286.8606437835929
2021-12-10 18:00:00,284.4864078515851,286.0920648560135
2021-12-10 20:00:00,282.9376165686844,284.6211365169296
2021-12-10 21:00:00,282.22347568694175,283.91423911636895
2021-12-11 05:00:00,296.38893357851475,291.9104167309307
2021-12-11 06:00:00,300.2780114219442,293.3843587396325
2021-12-11 08:00:00,304.5716839571396,295.17667921445405
2021-12-11 09:00:00,304.53014050499866,295.64193685616846
2021-12-11 17:00:00,283.9475248363242,285.58667822133964
2021-12-11 18:00:00,283.0401260540555,284.80317403502386
2021-12-11 20:00:00,281.7974514483671,283.63979874480117
2021-12-11 21:00:00,281.2156576382912,283.1000162368563
2021-12-12 05:00:00,294.83059563071043,291.54488326955834
2021-12-12 06:00:00,298.17484571459846,293.17029737287385
2021-12-12 08:00:00,301.94022946585494,294.95654924624876
2021-12-12 09:00:00,302.37192632972,295.432346808341
2021-12-12 17:00:00,285.5008046013549,286.781197734533
2021-12-12 18:00:00,284.82609379420114,286.13773013263346
2021-12-12 20:00:00,283.7980197383369,285.2021273479256
2021-12-12 21:00:00,283.2668055459421,284.67006416497134
2021-12-13 05:00:00,294.50597631986415,291.4328358654616
2021-12-13 06:00:00,298.0500287025111,293.3543602189592
2021-12-13 08:00:00,301.9958161058705,295.4038052316439
2021-12-13 09:00:00,302.61618002023096,295.93208964249385
2021-12-13 17:00:00,288.0673372242227,288.90097692457294
2021-12-13 18:00:00,287.45862601681375,288.3724054415898
2021-12-13 20:00:00,286.204845575412,287.2189615540585
2021-12-13 21:00:00,285.7252370308287,286.7765623072079
2021-12-14 05:00:00,296.5010576527365,292.48960714237353
2021-12-14 06:00:00,301.4279981475031,294.53755474825306
2021-12-14 08:00:00,305.814334769462,296.45141100773276
2021-12-14 09:00:00,305.2730530208358,296.76603534151855
2021-12-14 17:00:00,287.8836066153457,288.62215523506717
2021-12-14 18:00:00,287.3000821435396,288.0766901800923
2021-12-14 20:00:00,285.33423039652354,286.2761533058296
2021-12-14 21:00:00,284.7081670775803,285.6775952590449
2021-12-15 05:00:00,295.41322634657286,291.9985213081348
2021-12-15 06:00:00,299.20384987476973,293.7833687851352
2021-12-15 08:00:00,302.49430031328245,295.01621872912204
2021-12-15 09:00:00,303.0841798708876,295.4000198763949
2021-12-15 17:00:00,286.57547942221805,287.64478343146607
2021-12-15 18:00:00,285.5584649789866,286.8278940491757
2021-12-15 20:00:00,284.1399175940751,285.30827002385735
2021-12-15 21:00:00,283.5840835923958,284.7058692544193
2021-12-16 05:00:00,295.245941021042,291.10796124615547
2021-12-16 06:00:00,298.598637185589,292.59116381158816
2021-12-16 08:00:00,302.2533515260106,294.29053714793343
2021-12-16 09:00:00,302.4481502350747,294.7745504041299
2021-12-16 17:00:00,285.4942657282613,286.25302211014997
2021-12-16 18:00:00,284.7332699956439,285.514289797179
2021-12-16 20:00:00,283.4831763268987,284.3947636350094
2021-12-16 21:00:00,282.8643735347801,283.8090027984008
2021-12-17 05:00:00,291.8712949591168,288.6658170256299
2021-12-17 06:00:00,295.17427291047227,290.21442202904564
2021-12-17 08:00:00,298.91625534551355,292.15715226700934
2021-12-17 09:00:00,298.9899310330948,292.5740583798918
2021-12-17 17:00:00,282.1594566498038,283.4392657875096
2021-12-17 18:00:00,281.345072177599,282.72583755469657
2021-12-17 20:00:00,280.1209200490237,281.5970150752134
2021-12-17 21:00:00,279.51398060097716,280.99619557714243
2021-12-18 05:00:00,291.6321747108307,287.83995926067905
2021-12-18 06:00:00,295.51811615601525,289.8152111035833
2021-12-18 08:00:00,300.0103920112222,292.211453642059
2021-12-18 09:00:00,300.0714234526977,292.6832381426278
2021-12-18 17:00:00,281.09210400221343,282.51493630901507
2021-12-18 18:00:00,280.0876494938126,281.613394009865
2021-12-18 20:00:00,278.1245283882129,279.70991518464405
2021-12-18 21:00:00,277.2229895922363,278.95367478663087
2021-12-19 05:00:00,292.2247484909551,288.14000902925324
2021-12-19 06:00:00,296.62237372493894,290.3534197461991
2021-12-19 08:00:00,301.43043045490657,293.1718925158672
2021-12-19 09:00:00,301.7918348738519,293.83182493894606
2021-12-19 17:00:00,280.3413496208485,282.96442755418497
2021-12-19 18:00:00,279.14863722790926,282.8660333336594
2021-12-19 20:00:00,277.53893878390136,283.04980591008405
2021-12-19 21:00:00,276.9619589924629,282.80329927935253
2021-12-20 05:00:00,294.8900062784392,290.72036461029285
2021-12-20 06:00:00,298.9464165874182,292.82308141770096
2021-12-20 08:00:00,303.1228402583001,295.2136022394354
2021-12-20 09:00:00,303.38284971827903,295.7811528045701
2021-12-20 17:00:00,283.3348459205569,285.07697870992183
2021-12-20 18:00:00,282.50657087187926,284.36705287469
2021-12-20 20:00:00,281.24150948311404,283.0649139921544
2021-12-20 21:00:00,280.69271961088725,282.4629794739428
2021-12-21 05:00:00,296.0816291609237,292.5590162703363
2021-12-21 06:00:00,300.6299584246196,294.739491067425
2021-12-21 08:00:00,305.0343780282466,297.1637931788464
2021-12-21 09:00:00,304.9395963554206,297.65599114134426
2021-12-21 17:00:00,283.476996987553,286.1402609050733
2021-12-21 18:00:00,282.2000144641095,285.88369050341873
2021-12-21 20:00:00,280.51027908677867,286.1233781247367
2021-12-21 21:00:00,279.9570089378416,284.6499323911035
2021-12-22 05:00:00,298.45385753943117,293.5370357848463
2021-12-22 06:00:00,302.84545813797075,295.44786998119855
2021-12-22 08:00:00,305.73614337374505,297.51356447569583
2021-12-22 09:00:00,305.6151091776938,298.0231933123526
2021-12-22 17:00:00,284.1496192685261,288.0644559228365
2021-12-22 18:00:00,283.20716176084454,287.73028120090856
2021-12-22 20:00:00,282.1401199317309,284.1369928204224
2021-12-22 21:00:00,281.8396231911399,283.8316349211753
2021-12-23 05:00:00,299.05159013039895,294.63220402933604
2021-12-23 06:00:00,303.13162704021056,296.35529443773174
2021-12-23 08:00:00,306.4095371522595,298.024688908793
2021-12-23 09:00:00,306.3820663710772,298.3982515026498
2021-12-23 17:00:00,285.9596872667686,289.61842040545406
2021-12-23 18:00:00,285.04722614023837,288.8487804160096
2021-12-23 20:00:00,284.0240796857696,286.4660751977577
2021-12-23 21:00:00,283.7742516234035,286.20177834720937
2021-12-24 05:00:00,298.5993699131101,294.2639826229431
2021-12-24 06:00:00,302.1798035984598,295.6918000161005
2021-12-24 08:00:00,304.94611352764775,297.3161091150598
2021-12-24 09:00:00,304.57955351889774,297.73536411749745
2021-12-24 17:00:00,288.81441294430584,289.9202365963411
2021-12-24 18:00:00,287.73483582013193,288.9969301385395
2021-12-24 20:00:00,286.42171190258904,287.73229404443583
2021-12-24 21:00:00,285.816572709517,287.1054755917683
2021-12-25 05:00:00,296.95843390654346,293.27360790940395
2021-12-25 06:00:00,301.01595171206907,295.18645760605256
2021-12-25 08:00:00,305.05630655391553,296.82994018460647
2021-12-25 09:00:00,305.32857940156583,297.30761770474714
2021-12-25 17:00:00,286.93314915261766,288.5657668385557
2021-12-25 18:00:00,285.9935534555115,287.4241034180064
2021-12-25 20:00:00,285.0952849777527,286.6658674572209
2021-12-25 21:00:00,284.59044575507545,286.27812606270766
2021-12-26 05:00:00,296.2286500387089,293.42005236233325
2021-12-26 06:00:00,299.52571700791185,295.2488815707308
2021-12-26 08:00:00,300.96769998841364,296.3467376897074
2021-12-26 09:00:00,302.4484815318338,297.1915591670479
2021-12-26 17:00:00,289.23282203615537,289.7566409823707
2021-12-26 18:00:00,288.8499389084168,289.3943837405353
2021-12-26 20:00:00,287.72432401918667,288.08222373645003
2021-12-26 21:00:00,287.1195621343534,287.5783911941599
2021-12-27 05:00:00,293.73805507195567,290.99430666131485
2021-12-27 06:00:00,297.80662477843015,292.95673209309393
2021-12-27 08:00:00,301.5958464494655,294.5391603067219
2021-12-27 09:00:00,301.9857887068221,294.99009982022375
2021-12-27 17:00:00,289.00653863798124,289.57265602899446
2021-12-27 18:00:00,288.7006889072883,289.24930895789197
2021-12-27 20:00:00,288.47477839724127,288.9063609730114
2021-12-27 21:00:00,288.1282363209776,288.3883462209364
2021-12-28 05:00:00,287.5349046328035,287.0759460731354
2021-12-28 06:00:00,288.2403434200904,287.5637515498604
2021-12-28 08:00:00,294.6201683244279,291.33361487249016
2021-12-28 09:00:00,296.7570701798967,291.91589865662473
2021-12-28 17:00:00,284.2110723604223,285.01177741052186
2021-12-28 18:00:00,283.7700205892554,284.6211318852171
2021-12-28 20:00:00,283.1932899698454,284.2945497862547
2021-12-28 21:00:00,282.68249784449034,283.73649418482614
2021-12-29 05:00:00,290.7193202884245,289.133943719379
2021-12-29 06:00:00,296.3911828509832,290.63107612504064
2021-12-29 08:00:00,299.45890622366744,292.4070290681577
2021-12-29 09:00:00,299.5144085759191,292.8139155877206
2021-12-29 17:00:00,283.440394303097,284.62852748406505
2021-12-29 18:00:00,282.66939983162194,283.9135037085676
2021-12-29 20:00:00,281.1754392791419,282.4537138152747
2021-12-29 21:00:00,280.33497264609315,281.7300283376168
2021-12-30 05:00:00,291.69951501502464,289.24476327293644
2021-12-30 06:00:00,294.95968921820077,290.8186670429718
2021-12-30 08:00:00,298.00626769455266,292.11942501685286
2021-12-30 09:00:00,297.9618789132093,292.32447937199805
2021-12-30 17:00:00,282.2746909307589,283.91493801122823
2021-12-30 18:00:00,281.40394836801966,283.14997971921196
2021-12-30 20:00:00,279.69518796100823,281.62606971399816
2021-12-30 21:00:00,279.0396159778942,281.0214339198978
2021-12-31 05:00:00,289.47514827593085,287.65661451812883
2021-12-31 06:00:00,293.5004276222735,289.5813541970746
2021-12-31 08:00:00,297.25051456680654,291.3825974897905
2021-12-31 09:00:00,296.4364093374949,291.3893997827186
2021-12-31 17:00:00,282.72616327929387,284.1858602326897
2021-12-31 18:00:00,281.8449675291088,283.39946258968126
2021-12-31 20:00:00,280.18587673757406,281.79098882219637
2021-12-31 21:00:00,279.39313487095535,281.1699186304501
