datetime_utc,skt,t2m
2008-01-01 05:00:00,293.87538149323785,290.4152182651044
2008-01-01 06:00:00,298.0028642322323,292.2603977714739
2008-01-01 08:00:00,303.0451542835207,294.14151212577644
2008-01-01 09:00:00,303.53966678566485,294.6266807473863
2008-01-01 17:00:00,283.32778439279326,284.60166040076683
2008-01-01 18:00:00,282.3988414464636,283.7942402844069
2008-01-01 20:00:00,280.9886017315928,282.564327339913
2008-01-01 21:00:00,280.4006918508944,281.9861970028635
2008-01-02 05:00:00,293.06653753671515,289.83496930749834
2008-01-02 06:00:00,297.3786365996892,291.8673740616198
2008-01-02 08:00:00,302.3594932379819,293.9377868370209
2008-01-02 09:00:00,302.6937511191346,294.45793934779465
2008-01-02 17:00:00,282.63819871147166,284.0748511550974
2008-01-02 18:00:00,281.7892511541193,283.24058184748617
2008-01-02 20:00:00,280.454046851865,282.07461989862713
2008-01-02 21:00:00,279.82494891479683,281.462096580188
2008-01-03 05:00:00,291.9799254994914,288.92967673185615
2008-01-03 06:00:00,296.36780876077376,291.22791093964423
2008-01-03 08:00:00,301.52512468946367,293.97436789114414
2008-01-03 09:00:00,302.0109813672552,294.58689769868306
2008-01-03 17:00:00,282.4671885486009,284.06417780848244
2008-01-03 18:00:00,281.6550498221799,283.2266224536396
2008-01-03 20:00:00,280.4449339691773,282.1124185523928
2008-01-03 21:00:00,279.86186246475194,281.534175620057
2008-01-04 05:00:00,294.4130921209538,290.34773764588255
2008-01-04 06:00:00,298.99114969074265,292.59623617163425
2008-01-04 08:00:00,303.8735848119704,295.11000630006953
2008-01-04 09:00:00,304.0976343140213,295.6120982588899
2008-01-04 17:00:00,283.0562975020916,284.68645099939664
2008-01-04 18:00:00,281.68268198445327,283.4437778749157
2008-01-04 20:00:00,279.7026447360799,281.7742133000967
2008-01-04 21:00:00,279.0886840114976,281.12646477321636
2008-01-05 05:00:00,293.7596634922116,291.08873646505447
2008-01-05 06:00:00,297.8573770155708,293.43150820974574
2008-01-05 08:00:00,302.4180538136346,295.99470820963296
2008-01-05 09:00:00,300.60670431222314,295.75805983815246
2008-01-05 17:00:00,287.23639470880687,288.3218945002152
2008-01-05 18:00:00,287.15657334996297,288.20677991493824
2008-01-05 20:00:00,286.2070338597467,287.49014954647777
2008-01-05 21:00:00,285.9059236641107,287.21074085206203
2008-01-06 05:00:00,296.0640973765604,292.8956917408619
2008-01-06 06:00:00,300.0125319799767,295.07868082901734
2008-01-06 08:00:00,305.73484783437107,298.0248528996307
2008-01-06 09:00:00,306.3697383980538,298.7023157669326
2008-01-06 17:00:00,288.4560065835209,289.52004863815426
2008-01-06 18:00:00,287.9699817063812,288.9931381531232
2008-01-06 20:00:00,287.1561537215081,288.0806736174644
2008-01-06 21:00:00,287.3194208130447,288.15383323352034
2008-01-07 05:00:00,292.94520599412255,291.8931435230884
2008-01-07 06:00:00,298.2504571994024,295.0135494049966
2008-01-07 08:00:00,304.4679417544043,298.7438541171364
2008-01-07 09:00:00,305.3525440939034,299.5937116296706
2008-01-07 17:00:00,291.1988089257286,292.0445965265824
2008-01-07 18:00:00,290.3196380097987,291.2718427802087
2008-01-07 20:00:00,289.1933315377022,290.28401661360033
2008-01-07 21:00:00,288.88855629378736,290.0112631258502
2008-01-08 05:00:00,298.1299308929678,296.36882811371464
2008-01-08 06:00:00,303.0447483856248,299.3145040973493
2008-01-08 08:00:00,307.45355951106427,301.7478689420022
2008-01-08 09:00:00,306.9627026527064,301.9799344337593
2008-01-08 17:00:00,291.98640465405765,293.0183542072314
2008-01-08 18:00:00,291.1803713476713,292.1272182846657
2008-01-08 20:00:00,288.42506683772814,291.1017490616197
2008-01-08 21:00:00,287.8543565512071,291.1526715670969
2008-01-09 05:00:00,301.22616824016364,297.26588818472226
2008-01-09 06:00:00,304.8222513301714,298.7490359219638
2008-01-09 08:00:00,305.9842277726701,299.4702610668306
2008-01-09 09:00:00,305.6475593084914,299.6568089089886
2008-01-09 17:00:00,289.705369241065,290.7497419642374
2008-01-09 18:00:00,289.0448200243464,289.94206705666465
2008-01-09 20:00:00,287.8232553773007,288.8075452666437
2008-01-09 21:00:00,287.1276932115364,288.02095389108996
2008-01-10 05:00:00,295.85927394872823,291.7766866816211
2008-01-10 06:00:00,299.49474091375555,293.54420323070656
2008-01-10 08:00:00,303.50527178230936,295.5412712861283
2008-01-10 09:00:00,303.19289476955987,295.8004177898766
2008-01-10 17:00:00,286.03680521020175,287.3031080154866
2008-01-10 18:00:00,285.3017813707537,286.71498375938194
2008-01-10 20:00:00,284.0764553734261,285.49162184328804
2008-01-10 21:00:00,283.2901828101677,284.61919524159015
2008-01-11 05:00:00,293.5451961805347,289.7506747253136
2008-01-11 06:00:00,297.290130474167,291.3424129397917
2008-01-11 08:00:00,301.0072400955647,292.78817259989825
2008-01-11 09:00:00,301.34824066867446,293.2803424194524
2008-01-11 17:00:00,284.3659598140394,285.4524045923642
2008-01-11 18:00:00,283.6903418495402,284.8170914613227
2008-01-11 20:00:00,282.47821242416217,283.73449500132415
2008-01-11 21:00:00,281.7980386413669,283.1193790053734
2008-01-12 05:00:00,292.0303950846104,288.98851252998156
2008-01-12 06:00:00,295.81210136707466,290.82395521260923
2008-01-12 08:00:00,300.87178168862556,292.81077747315584
2008-01-12 09:00:00,301.15168548254826,293.3195608694491
2008-01-12 17:00:00,284.42495880362065,285.43264808125787
2008-01-12 18:00:00,283.36539051308654,284.532858520884
2008-01-12 20:00:00,281.6021756729103,283.0537016975861
2008-01-12 21:00:00,280.91592186220987,282.48072189542654
2008-01-13 05:00:00,292.9444015103239,289.5564325976262
2008-01-13 06:00:00,297.2725934703104,291.7550489663711
2008-01-13 08:00:00,302.84122736244615,294.49263023999515
2008-01-13 09:00:00,303.47296293050005,295.17536620623525
2008-01-13 17:00:00,285.0820009675342,286.3945897459433
2008-01-13 18:00:00,284.29670936337607,285.70728159759005
2008-01-13 20:00:00,282.96073530341147,284.5810568505333
2008-01-13 21:00:00,282.37666744002945,284.0946268043459
2008-01-14 05:00:00,294.2397487270079,291.0223374565137
2008-01-14 06:00:00,298.76310292671565,293.4430134307438
2008-01-14 08:00:00,304.02080906190565,295.7821722045334
2008-01-14 09:00:00,304.54849532352205,296.39134284491166
2008-01-14 17:00:00,285.6719483315302,286.96711954313736
2008-01-14 18:00:00,284.80788862466443,286.19359114871736
2008-01-14 20:00:00,283.4105975793213,285.0008475328631
2008-01-14 21:00:00,282.6073697741116,284.2686879021361
2008-01-15 05:00:00,295.3366049368319,292.1662504551775
2008-01-15 06:00:00,299.37341379127446,294.03594350006625
2008-01-15 08:00:00,304.15705857475297,296.1973274125156
2008-01-15 09:00:00,303.98890488540815,296.63210248432836
2008-01-15 17:00:00,286.9660957465737,288.33508952042354
2008-01-15 18:00:00,286.3991878139219,287.79135094217963
2008-01-15 20:00:00,285.1292137298819,286.55613362881
2008-01-15 21:00:00,284.3725329429967,285.89222042512824
2008-01-16 05:00:00,299.61841172980974,294.8815272350341
2008-01-16 06:00:00,303.40597952679605,296.62366606678546
2008-01-16 08:00:00,304.84238561974104,297.93913266691845
2008-01-16 09:00:00,305.2559174477412,298.50536876613813
2008-01-16 17:00:00,289.6139304186053,290.91361959542627
2008-01-16 18:00:00,288.8738031372635,290.0475771394092
2008-01-16 20:00:00,287.99129952781925,289.39930226659556
2008-01-16 21:00:00,287.7788888610934,289.1484244042442
2008-01-17 05:00:00,296.8617775186736,295.212559845488
2008-01-17 06:00:00,300.79297476887524,297.4355727138431
2008-01-17 08:00:00,306.184893356817,300.96175207011686
2008-01-17 09:00:00,306.8186347385401,301.6076958513774
2008-01-17 17:00:00,291.044854867991,292.5103240402527
2008-01-17 18:00:00,290.5462104785608,291.80981332458595
2008-01-17 20:00:00,289.0694249980439,290.0820310148877
2008-01-17 21:00:00,287.7455231559295,288.8983858928475
2008-01-18 05:00:00,296.0289359305783,292.28055999238615
2008-01-18 06:00:00,299.77928829340067,293.8868944494309
2008-01-18 08:00:00,303.57431658023313,295.91345656854895
2008-01-18 09:00:00,303.03424671802026,295.99849669187574
2008-01-18 17:00:00,284.827522219054,285.7975277188011
2008-01-18 18:00:00,283.56164115823475,284.7088364658444
2008-01-18 20:00:00,281.54270967974327,283.0252390480923
2008-01-18 21:00:00,280.7309048833392,282.24890077940677
2008-01-19 05:00:00,294.409906819348,289.18338863801887
2008-01-19 06:00:00,299.16438152389645,290.99431232752164
2008-01-19 08:00:00,303.79545746084716,292.7822251283149
2008-01-19 09:00:00,303.6078881497376,293.41687383196205
2008-01-19 17:00:00,283.1714595095219,284.3013153311284
2008-01-19 18:00:00,282.2360454024446,283.5132376695818
2008-01-19 20:00:00,280.9659608626402,282.3632543766628
2008-01-19 21:00:00,280.50374914795293,281.8927821084421
2008-01-20 05:00:00,291.75654251733437,288.1122603688292
2008-01-20 06:00:00,296.10989471576613,289.8573482143126
2008-01-20 08:00:00,301.0287800981378,291.6773167920223
2008-01-20 09:00:00,301.452740638392,292.2904535655065
2008-01-20 17:00:00,282.27360102061317,283.5650227315988
2008-01-20 18:00:00,281.48241101281116,282.91341935027
2008-01-20 20:00:00,280.13905181649653,281.72211010761
2008-01-20 21:00:00,279.5628193530537,281.2017765133333
2008-01-21 05:00:00,291.4589597587409,287.8382891873917
2008-01-21 06:00:00,295.4074741357648,289.4924864217937
2008-01-21 08:00:00,300.5161855547748,291.34593454604897
2008-01-21 09:00:00,301.23617041166096,291.92010197103116
2008-01-21 17:00:00,281.8611514380974,283.08309581503846
2008-01-21 18:00:00,281.1149789254728,282.40947303713193
2008-01-21 20:00:00,280.0290339959237,281.43908319928795
2008-01-21 21:00:00,279.5736772158113,280.97535907762995
2008-01-22 05:00:00,289.19769764387365,286.971700424406
2008-01-22 06:00:00,293.4250001833876,289.1220774128918
2008-01-22 08:00:00,299.56244874551595,291.59236469474524
2008-01-22 09:00:00,300.1625272636237,292.01393656444105
2008-01-22 17:00:00,282.8208733604208,283.77517801293607
2008-01-22 18:00:00,281.5962811015971,282.71252944546603
2008-01-22 20:00:00,279.8460883800348,280.9508664876177
2008-01-22 21:00:00,279.1689704930286,280.33019231905007
2008-01-23 05:00:00,292.1831049750142,288.0235513648928
2008-01-23 06:00:00,296.3729588254391,289.77903324356436
2008-01-23 08:00:00,301.6567083044302,291.8152522012155
2008-01-23 09:00:00,302.1727800648458,292.3298627856332
2008-01-23 17:00:00,282.02550728772934,283.23775553886986
2008-01-23 18:00:00,281.211566919171,282.6069446675399
2008-01-23 20:00:00,279.8014342979584,281.2358437231032
2008-01-23 21:00:00,279.2100734622527,280.62669217384473
2008-01-24 05:00:00,290.5423194638386,287.46996929245114
2008-01-24 06:00:00,294.3795647525641,289.4309321375584
2008-01-24 08:00:00,299.13445539430404,291.4012447410078
2008-01-24 09:00:00,299.9225505011842,291.83996610244725
2008-01-24 17:00:00,283.2731567288768,284.64767599473197
2008-01-24 18:00:00,282.61185442391087,283.97275560846316
2008-01-24 20:00:00,282.487640851084,283.8879262868355
2008-01-24 21:00:00,282.1527034953489,283.5139875132792
2008-01-25 05:00:00,290.7658899950871,287.98395530101146
2008-01-25 06:00:00,294.2350706267982,289.83247521257914
2008-01-25 08:00:00,298.930488151468,291.69295535800273
2008-01-25 09:00:00,300.07038096470535,292.1658862897171
2008-01-25 17:00:00,286.6783099769628,287.20673030624044
2008-01-25 18:00:00,285.7756670935679,286.43621217230987
2008-01-25 20:00:00,282.3150309605297,283.1444540626279
2008-01-25 21:00:00,281.0019972085585,281.956040651295
2008-01-26 05:00:00,292.6143924848325,288.3807440524109
2008-01-26 06:00:00,296.1356447804691,289.9178183486539
2008-01-26 08:00:00,300.11583071386866,291.441423131064
2008-01-26 09:00:00,301.8607706266853,292.1468792696396
2008-01-26 17:00:00,284.75595398419443,285.4415120505405
2008-01-26 18:00:00,284.16569909329405,284.9559352739567
2008-01-26 20:00:00,283.50411286670004,284.22032715690153
2008-01-26 21:00:00,283.27056355762926,283.9115370881209
2008-01-27 05:00:00,291.8611970263747,287.99335259906314
2008-01-27 06:00:00,295.9918939622782,289.65467944975444
2008-01-27 08:00:00,301.78853262738204,291.5476467091424
2008-01-27 09:00:00,302.8123911665107,292.0938396718359
2008-01-27 17:00:00,283.31490851403754,284.1955493521433
2008-01-27 18:00:00,282.47430734972374,283.50039778652103
2008-01-27 20:00:00,281.2164958607067,282.3011679862424
2008-01-27 21:00:00,280.72075181675984,281.80290259785943
2008-01-28 05:00:00,293.34744631821644,288.94260153748405
2008-01-28 06:00:00,297.2816936334219,290.85477693202137
2008-01-28 08:00:00,301.3718046355872,292.3188609165844
2008-01-28 09:00:00,302.8312463040345,293.4396935273393
2008-01-28 17:00:00,285.3975043627441,286.1922369488215
2008-01-28 18:00:00,284.54592039698997,285.44575686227006
2008-01-28 20:00:00,284.45678294788706,285.4123786491312
2008-01-28 21:00:00,283.5844999763007,284.7395259110696
2008-01-29 05:00:00,291.7069296579699,288.61306024442655
2008-01-29 06:00:00,295.24705912115394,289.8509645153451
2008-01-29 08:00:00,296.84244865335194,291.12969420540315
2008-01-29 09:00:00,296.17135121679087,291.2462360399714
2008-01-29 17:00:00,283.54381496623415,284.6911335902515
2008-01-29 18:00:00,282.0557206775448,284.3481293900171
2008-01-29 20:00:00,280.27076631848723,283.233671449917
2008-01-29 21:00:00,279.50726624005387,283.1151507690618
2008-01-30 05:00:00,296.3824904901772,289.91249613475355
2008-01-30 06:00:00,300.47280366541975,291.40735352314863
2008-01-30 08:00:00,303.2664818197994,293.0073898150851
2008-01-30 09:00:00,303.16507404721204,293.34159467841147
2008-01-30 17:00:00,283.07363167455645,284.5438748258288
2008-01-30 18:00:00,282.0444067204127,283.69679438939266
2008-01-30 20:00:00,280.3750922815825,282.3735565984929
2008-01-30 21:00:00,279.73725780610494,281.74338396304563
2008-01-31 05:00:00,294.0983014687184,290.40039767836936
2008-01-31 06:00:00,298.5229629022866,292.0636485471564
2008-01-31 08:00:00,304.3472902036412,293.31537257871935
2008-01-31 09:00:00,304.6551087413253,293.7421687615488
2008-01-31 17:00:00,283.1748088254767,284.56108648126775
2008-01-31 18:00:00,281.82485091998507,283.3440364373299
2008-01-31 20:00:00,279.3713224437461,282.20520104171686
2008-01-31 21:00:00,278.5221824704774,281.1681348333374
2008-02-01 05:00:00,293.97861079846393,290.09574847816504
2008-02-01 06:00:00,298.22003397184824,292.1514322665881
2008-02-01 08:00:00,302.57341918004863,293.7191408977303
2008-02-01 09:00:00,303.21770755903015,294.2776974294512
2008-02-01 17:00:00,281.663538528701,283.6336386141314
2008-02-01 18:00:00,280.74494414483826,282.94323003971704
2008-02-01 20:00:00,280.2195604791627,282.46972317688267
2008-02-01 21:00:00,280.0452037981736,282.2550022025321
2008-02-02 05:00:00,292.895715651784,290.2932059548118
2008-02-02 06:00:00,297.0153095262995,292.7290045410532
2008-02-02 08:00:00,299.94168288314654,294.41161009049375
2008-02-02 09:00:00,301.03896238917747,295.29161525544106
2008-02-02 17:00:00,284.8414015571583,287.07332786242654
2008-02-02 18:00:00,284.86415796030104,286.602599462853
2008-02-02 20:00:00,283.37178048955275,285.05461847102515
2008-02-02 21:00:00,283.28752164443944,285.00799097375625
2008-02-03 05:00:00,290.1645623252645,288.0246389944491
2008-02-03 06:00:00,294.96250823833543,290.07194453211525
2008-02-03 08:00:00,299.39483870637065,292.16261030529245
2008-02-03 09:00:00,299.2489874653162,292.44169588485744
2008-02-03 17:00:00,283.38714888797523,284.22718157422935
2008-02-03 18:00:00,282.53713937533104,283.45156660506103
2008-02-03 20:00:00,281.41721387489923,282.5265422521277
2008-02-03 21:00:00,280.8223189484724,281.9113383711946
2008-02-04 05:00:00,292.5983184908498,288.0590087702535
2008-02-04 06:00:00,296.78269986709574,289.64791096597685
2008-02-04 08:00:00,299.6081488422694,290.62559083724057
2008-02-04 09:00:00,299.6211524105219,291.0600807648411
2008-02-04 17:00:00,281.9515733057618,282.82995598415386
2008-02-04 18:00:00,281.2024303606736,282.20267099812514
2008-02-04 20:00:00,280.0678612660554,281.2495375575931
2008-02-04 21:00:00,279.64280122307304,280.8713899680021
2008-02-05 05:00:00,292.6927547366667,287.334804141099
2008-02-05 06:00:00,296.210099324607,288.71378426338754
2008-02-05 08:00:00,300.9152916671682,290.34762789545516
2008-02-05 09:00:00,301.2970466084767,290.8492024896325
2008-02-05 17:00:00,282.0388449270663,283.0372030672564
2008-02-05 18:00:00,281.25385551276304,282.4090981035277
2008-02-05 20:00:00,279.8770087525731,281.2686273607157
2008-02-05 21:00:00,279.378790222074,280.769616360657
2008-02-06 05:00:00,292.35336456533946,288.79302042768626
2008-02-06 06:00:00,296.37273829009024,290.7177999346576
2008-02-06 08:00:00,297.7011452602863,292.0583538178854
2008-02-06 09:00:00,296.32534964022176,292.1258093036011
2008-02-06 17:00:00,283.39412067336923,284.1166089356221
2008-02-06 18:00:00,282.21536753320913,282.90645487686885
2008-02-06 20:00:00,280.428683782028,281.34493052243084
2008-02-06 21:00:00,279.51247212038203,280.48005521095405
2008-02-07 05:00:00,289.2125668518349,285.0536858275051
2008-02-07 06:00:00,293.0792112423936,286.5423088132509
2008-02-07 08:00:00,297.1639203040736,288.66980163856357
2008-02-07 09:00:00,297.66151049691837,289.3087408597738
2008-02-07 17:00:00,281.65564131773493,282.49563149568297
2008-02-07 18:00:00,280.31974185890704,281.58531809661355
2008-02-07 20:00:00,278.1682801327463,279.7887994093227
2008-02-07 21:00:00,277.43864041227033,279.0714045261566
2008-02-08 05:00:00,291.67578738643135,287.0796856990397
2008-02-08 06:00:00,295.0810245225904,288.46528033005256
2008-02-08 08:00:00,298.96302553244476,290.32768555157725
2008-02-08 09:00:00,299.0595936356414,290.71035964095904
2008-02-08 17:00:00,281.41507367103236,282.5914868088826
2008-02-08 18:00:00,280.6389647308961,281.9532701583416
2008-02-08 20:00:00,279.58153330563397,281.21791469297716
2008-02-08 21:00:00,278.94591652704133,280.55151903243575
2008-02-09 05:00:00,292.04899679457276,286.9997320189865
2008-02-09 06:00:00,295.3034005657367,288.6299047249675
2008-02-09 08:00:00,299.14881513739584,290.65228128065866
2008-02-09 09:00:00,299.47201230088814,291.1833328928896
2008-02-09 17:00:00,281.49016047920026,282.7194398900577
2008-02-09 18:00:00,280.7195589744439,282.0965889576587
2008-02-09 20:00:00,279.61601950905543,281.2119009667442
2008-02-09 21:00:00,278.9945871738146,280.60043779323206
2008-02-10 05:00:00,292.7649586446848,287.05885439550934
2008-02-10 06:00:00,296.55309059366425,288.7298104590371
2008-02-10 08:00:00,301.67932697878047,291.35833206529423
2008-02-10 09:00:00,301.94302436346635,292.048587652127
2008-02-10 17:00:00,281.5622914083566,283.16426022945456
2008-02-10 18:00:00,280.2630448539746,281.9932000111726
2008-02-10 20:00:00,277.6888844588505,280.215102420566
2008-02-10 21:00:00,276.8300323486328,279.54820620591175
2008-02-11 05:00:00,295.4755172376824,289.4294135236226
2008-02-11 06:00:00,299.84289670688537,291.00293175648835
2008-02-11 08:00:00,304.0643508746554,293.21896663248447
2008-02-11 09:00:00,304.1701606315531,293.8418589916729
2008-02-11 17:00:00,282.69281518404216,284.53422280709805
2008-02-11 18:00:00,281.3627101151712,283.4146942232717
2008-02-11 20:00:00,278.71673033821565,282.16887261577307
2008-02-11 21:00:00,277.7835821495585,281.4675903790537
2008-02-12 05:00:00,296.2134049566942,291.1556550718052
2008-02-12 06:00:00,299.7315545927027,292.6193183934193
2008-02-12 08:00:00,303.33998359480336,294.10808905320835
2008-02-12 09:00:00,303.56918012857074,294.5382761903831
2008-02-12 17:00:00,282.61805647510596,284.2432143060011
2008-02-12 18:00:00,281.62702998321487,283.4569269776895
2008-02-12 20:00:00,280.0884896911715,282.2663201800848
2008-02-12 21:00:00,279.2607859419013,281.4977255234917
2008-02-13 05:00:00,294.7073935815843,289.8267319125277
2008-02-13 06:00:00,298.9112065437211,291.70652709866897
2008-02-13 08:00:00,304.59024816668824,294.3679005251093
2008-02-13 09:00:00,305.18312326675203,295.12014765805566
2008-02-13 17:00:00,282.9575063649605,284.9579958452833
2008-02-13 18:00:00,281.49013426417747,283.70774867170945
2008-02-13 20:00:00,278.55853466627593,281.60958617787884
2008-02-13 21:00:00,277.48881366183105,281.0265861240851
2008-02-14 05:00:00,296.95816773589473,292.1835728955379
2008-02-14 06:00:00,301.19227588342045,294.0537648017307
2008-02-14 08:00:00,306.8144554055894,296.835548765303
2008-02-14 09:00:00,307.6132278559939,297.63866181219305
2008-02-14 17:00:00,283.59352614956754,285.7282924799045
2008-02-14 18:00:00,282.04410615283285,284.66578070077765
2008-02-14 20:00:00,280.09582039902136,283.10325450926604
2008-02-14 21:00:00,279.5696543265932,282.63307862362626
2008-02-15 05:00:00,297.7839874361623,294.2561724505549
2008-02-15 06:00:00,302.61430549327696,296.6292603996759
2008-02-15 08:00:00,308.99528456395507,299.2262478491926
2008-02-15 09:00:00,310.2819244902013,299.79403978062703
2008-02-15 17:00:00,286.89077243893104,288.7625434064351
2008-02-15 18:00:00,285.6851687908907,287.72817424192266
2008-02-15 20:00:00,282.7667064696137,286.67510330364775
2008-02-15 21:00:00,281.70326251719143,286.2011470236286
2008-02-16 05:00:00,302.56773771453527,296.68980586400204
2008-02-16 06:00:00,307.4077180412774,298.7154430277726
2008-02-16 08:00:00,311.86180356911774,301.446438029661
2008-02-16 09:00:00,311.7280278609971,302.08222437125323
2008-02-16 17:00:00,288.7116027502874,290.7795525126171
2008-02-16 18:00:00,286.866163350768,290.4012213943552
2008-02-16 20:00:00,283.86187022345825,291.47154532081356
2008-02-16 21:00:00,282.91476137134805,291.1203191019537
2008-02-17 05:00:00,301.391101384567,298.2580301199562
2008-02-17 06:00:00,305.70680304998973,300.37825473027164
2008-02-17 08:00:00,309.4385964932905,302.15768183398137
2008-02-17 09:00:00,309.45117566030825,302.4452214410015
2008-02-17 17:00:00,289.4244986888257,291.2513246462782
2008-02-17 18:00:00,288.36851593158644,290.2805349059024
2008-02-17 20:00:00,286.10151923933455,288.2932756185899
2008-02-17 21:00:00,284.7287877204789,287.4852582229121
2008-02-18 05:00:00,302.55483743112154,297.49984658921625
2008-02-18 06:00:00,307.54297888334065,299.53793591233364
2008-02-18 08:00:00,311.82693173448183,302.07557515995165
2008-02-18 09:00:00,311.0852391223878,302.42498769892387
2008-02-18 17:00:00,289.1292872965244,290.9174339635347
2008-02-18 18:00:00,288.0889957469123,290.01841684115135
2008-02-18 20:00:00,286.3140427599703,288.50583240761785
2008-02-18 21:00:00,285.3560470087319,287.57985704889285
2008-02-19 05:00:00,300.92816829828337,296.33178496985295
2008-02-19 06:00:00,305.3247143902654,297.96278818656555
2008-02-19 08:00:00,311.40942262905224,300.02536614980835
2008-02-19 09:00:00,312.1231736945812,300.655884047686
2008-02-19 17:00:00,287.8885042399214,289.5430653811603
2008-02-19 18:00:00,286.029328097915,288.34073701220785
2008-02-19 20:00:00,283.24553194913,289.3393657196468
2008-02-19 21:00:00,282.3013186697233,289.0748314526856
2008-02-20 05:00:00,300.7947817715732,296.97601666325596
2008-02-20 06:00:00,305.15665359379517,298.9252962603224
2008-02-20 08:00:00,310.6412229611437,300.8863454621819
2008-02-20 09:00:00,311.50435350415154,301.43367474619157
2008-02-20 17:00:00,289.14709632532623,290.7586448916302
2008-02-20 18:00:00,288.1589957826494,289.9633153789032
2008-02-20 20:00:00,286.68295626647665,288.8443044888771
2008-02-20 21:00:00,286.13507613783077,288.32099373792465
2008-02-21 05:00:00,300.402813621956,297.59642334454605
2008-02-21 06:00:00,304.81364617252206,300.08672157604997
2008-02-21 08:00:00,310.0787640822871,302.89042042877713
2008-02-21 09:00:00,311.02416623061174,303.571449315052
2008-02-21 17:00:00,289.92953698109767,291.82212009047873
2008-02-21 18:00:00,288.53111488095414,290.48025573824515
2008-02-21 20:00:00,286.58387742240916,288.5395370742022
2008-02-21 21:00:00,285.5985378506371,288.03279823808714
2008-02-22 05:00:00,302.3679717876511,298.7448325135124
2008-02-22 06:00:00,306.85457671037625,301.2993471354292
2008-02-22 08:00:00,310.8225730578595,303.80427426660003
2008-02-22 09:00:00,310.9505777932095,304.29143139761294
2008-02-22 17:00:00,292.8911984624407,294.31760835574113
2008-02-22 18:00:00,292.30529169161997,293.8893485047233
2008-02-22 20:00:00,291.7293522956743,293.3606618402184
2008-02-22 21:00:00,291.19473701559343,292.57459937332226
2008-02-23 05:00:00,302.2268521583686,297.42538367508007
2008-02-23 06:00:00,306.24613809218215,298.9353465122876
2008-02-23 08:00:00,310.35951736050504,300.7528564970372
2008-02-23 09:00:00,310.17772943764146,301.0228213646746
2008-02-23 17:00:00,290.12780954510845,291.56142640664876
2008-02-23 18:00:00,289.2466450413497,290.87244237773405
2008-02-23 20:00:00,287.69881447437916,289.8144546062076
2008-02-23 21:00:00,286.85342122740667,289.03928352908474
2008-02-24 05:00:00,300.71700588984555,296.4297135974667
2008-02-24 06:00:00,304.9738337865045,297.8786117483177
2008-02-24 08:00:00,310.3145020753834,299.8711347065648
2008-02-24 09:00:00,310.1669807375304,300.14732389053324
2008-02-24 17:00:00,289.0365843221844,290.51651109128227
2008-02-24 18:00:00,287.9247905102276,289.6745143943281
2008-02-24 20:00:00,286.13896597699136,288.1743868929212
2008-02-24 21:00:00,285.30491551192046,287.31716686184126
2008-02-25 05:00:00,302.33309019585425,296.16991496269804
2008-02-25 06:00:00,307.3937695801534,297.87969721484075
2008-02-25 08:00:00,309.98962780874575,299.85366612039104
2008-02-25 09:00:00,309.45894163158164,300.14468774075505
2008-02-25 17:00:00,287.15065639595775,289.5475302109917
2008-02-25 18:00:00,285.4509604855201,288.0128823913668
2008-02-25 20:00:00,283.24859435753024,285.86083798636275
2008-02-25 21:00:00,282.46647230245304,285.0277620383147
2008-02-26 05:00:00,301.47530897519624,295.70785496598586
2008-02-26 06:00:00,305.5287379425002,297.3423032834093
2008-02-26 08:00:00,309.54222673554267,299.35123604655456
2008-02-26 09:00:00,309.9048434641034,299.9690263275005
2008-02-26 17:00:00,287.21250685117286,289.5879090107828
2008-02-26 18:00:00,285.4748322144495,289.0697135748959
2008-02-26 20:00:00,283.0745003675276,288.3943511774801
2008-02-26 21:00:00,282.28924600515967,288.1397412833521
2008-02-27 05:00:00,304.46330171887786,298.0055873970772
2008-02-27 06:00:00,309.1623365640272,299.6447292380781
2008-02-27 08:00:00,314.26671540388156,301.9245111497782
2008-02-27 09:00:00,314.4265990176444,302.50745644591444
2008-02-27 17:00:00,289.4329431707209,291.2855403764957
2008-02-27 18:00:00,287.40517974524363,290.7569141358551
2008-02-27 20:00:00,284.57605253199034,292.89698159051784
2008-02-27 21:00:00,283.62495937259246,292.8480250706842
2008-02-28 05:00:00,307.2879711556692,300.61911937084705
2008-02-28 06:00:00,312.26262397942446,302.3454294777798
2008-02-28 08:00:00,316.1846536127922,304.4282213396211
2008-02-28 09:00:00,315.9804430522243,304.9470157476346
2008-02-28 17:00:00,291.03085566963,293.58616377208926
2008-02-28 18:00:00,289.0802358148278,292.29634895971265
2008-02-28 20:00:00,286.5510537451699,289.96017173919915
2008-02-28 21:00:00,285.8046251952373,289.2459341792737
2008-02-29 05:00:00,305.6800962427548,301.7964821038151
2008-02-29 06:00:00,310.2072113695424,303.67195136447907
2008-02-29 08:00:00,314.7865274014936,305.56990916482846
2008-02-29 09:00:00,314.8888007635696,305.93484158508585
2008-02-29 17:00:00,292.2239138422468,294.592328981185
2008-02-29 18:00:00,290.9228485530624,293.50135499927774
2008-02-29 20:00:00,288.7854662455837,291.69553484571367
2008-02-29 21:00:00,287.88683306160624,290.9056147735549
2008-03-01 05:00:00,304.59740940558345,301.09228419228947
2008-03-01 06:00:00,309.1435280022526,303.29842018162714
2008-03-01 08:00:00,314.5349764125924,305.51810266056856
2008-03-01 09:00:00,314.7814881922835,305.84488455797384
2008-03-01 17:00:00,292.5872248104431,294.5684375028213
2008-03-01 18:00:00,291.36549313961086,293.5815261582197
2008-03-01 20:00:00,289.22136802261895,291.90055045434985
2008-03-01 21:00:00,288.4592848720462,291.23674243991655
2008-03-02 05:00:00,305.5288297303469,301.44743022712976
2008-03-02 06:00:00,309.4522393554312,303.1182101445132
2008-03-02 08:00:00,314.57197770646246,305.2626123648763
2008-03-02 09:00:00,314.70142149374186,305.69865389266994
2008-03-02 17:00:00,293.28858442262435,295.2862553060147
2008-03-02 18:00:00,292.2666840163879,294.4510962863916
2008-03-02 20:00:00,291.1004327148061,293.5281499501186
2008-03-02 21:00:00,290.6058816072202,292.8045740347981
2008-03-03 05:00:00,305.7852406553201,301.38237345126817
2008-03-03 06:00:00,310.8104235821035,303.82831245504656
2008-03-03 08:00:00,316.1587086634937,305.8798904771614
2008-03-03 09:00:00,316.09491749720877,306.19392265707756
2008-03-03 17:00:00,293.6789038001297,295.71521715537426
2008-03-03 18:00:00,292.314970183997,294.4614556875361
2008-03-03 20:00:00,289.1298857749152,293.2360743447702
2008-03-03 21:00:00,288.0259356388509,292.48053241841416
2008-03-04 05:00:00,307.0770740244532,301.80178125319753
2008-03-04 06:00:00,311.5297759868698,303.70415636718
2008-03-04 08:00:00,316.0925511152976,306.15244256770484
2008-03-04 09:00:00,315.9987719848821,306.56063212672444
2008-03-04 17:00:00,294.8772740297949,296.8794253544741
2008-03-04 18:00:00,293.8605452245116,296.03545662949006
2008-03-04 20:00:00,292.55781282445497,294.8427466346964
2008-03-04 21:00:00,291.9793765122424,294.099325171237
2008-03-05 05:00:00,306.65524677576377,302.63625576683484
2008-03-05 06:00:00,311.1478566315215,304.64689189517077
2008-03-05 08:00:00,316.44258277552154,306.93753855841925
2008-03-05 09:00:00,316.46826865456325,307.37096380342507
2008-03-05 17:00:00,294.69010965262066,296.4471855457465
2008-03-05 18:00:00,293.59536790186525,295.5014144121591
2008-03-05 20:00:00,292.16503344331574,294.2564184485672
2008-03-05 21:00:00,291.44863096921955,293.4503275631756
2008-03-06 05:00:00,306.8255796976193,302.14407024177825
2008-03-06 06:00:00,311.2165364175805,303.9707071689318
2008-03-06 08:00:00,317.1862380581755,306.3991605408938
2008-03-06 09:00:00,317.2444909658564,306.98038784785336
2008-03-06 17:00:00,294.3019663336097,295.96371149612685
2008-03-06 18:00:00,293.1108464033835,294.9827178108674
2008-03-06 20:00:00,291.199173396835,293.3986416950432
2008-03-06 21:00:00,290.4256907317598,292.6606531128494
2008-03-07 05:00:00,305.32548906182285,300.97200576476575
2008-03-07 06:00:00,309.5385815777654,302.913876008914
2008-03-07 08:00:00,315.2397247925745,305.3074370679576
2008-03-07 09:00:00,315.43797264628125,305.8065605222352
2008-03-07 17:00:00,293.4524567872975,295.18309460656116
2008-03-07 18:00:00,292.39851699147283,294.37873718073627
2008-03-07 20:00:00,290.89533521655164,293.2595683892813
2008-03-07 21:00:00,290.27361169471214,292.52532944877635
2008-03-08 05:00:00,306.46085424673026,300.9259888071492
2008-03-08 06:00:00,311.66451706614447,303.13438751737954
2008-03-08 08:00:00,316.0373339307695,304.9788578309704
2008-03-08 09:00:00,315.6352739848415,305.27137048659597
2008-03-08 17:00:00,294.4752922822221,295.93250466274736
2008-03-08 18:00:00,293.540714540173,295.1692220632027
2008-03-08 20:00:00,292.02437070778967,293.94259977414174
2008-03-08 21:00:00,291.60571004576605,293.4475737631964
2008-03-09 05:00:00,306.58281979318394,301.38424353459953
2008-03-09 06:00:00,311.14108589066564,302.9886416301522
2008-03-09 08:00:00,315.7330759809638,304.6564128387875
2008-03-09 09:00:00,315.6245743996925,305.00251671272355
2008-03-09 17:00:00,294.3198538664126,295.6313053595451
2008-03-09 18:00:00,293.63159769819407,295.147539135855
2008-03-09 20:00:00,292.61932438878324,294.33290424552644
2008-03-09 21:00:00,292.1619409170283,293.7833084553159
2008-03-10 05:00:00,305.8917938373489,301.45521905132
2008-03-10 06:00:00,309.67290860074695,303.08250768158945
2008-03-10 08:00:00,314.5367990032367,304.65148584868393
2008-03-10 09:00:00,315.0670833969704,304.9947091735934
2008-03-10 17:00:00,294.5209683740084,296.1542015134462
2008-03-10 18:00:00,293.7125439518957,295.4624422187981
2008-03-10 20:00:00,292.7802432020567,294.385080534431
2008-03-10 21:00:00,292.1257888488299,293.7703247070313
2008-03-11 05:00:00,299.92881617377094,299.1588144640342
2008-03-11 06:00:00,304.727352171723,301.30390796161765
2008-03-11 08:00:00,310.27542770221163,303.53161809183604
2008-03-11 09:00:00,310.73434250747846,303.70965312846084
2008-03-11 17:00:00,293.2576122313325,294.6527298044167
2008-03-11 18:00:00,292.2548767230911,293.85298039182123
2008-03-11 20:00:00,291.2007351068576,293.3192546826849
2008-03-11 21:00:00,290.9440414828402,292.8769840657803
2008-03-12 05:00:00,304.8120607866896,300.62996778208964
2008-03-12 06:00:00,308.49898090568274,302.1988522099053
2008-03-12 08:00:00,313.6314989745341,303.83378521136035
2008-03-12 09:00:00,313.73273556184694,304.276066102673
2008-03-12 17:00:00,292.1270618879556,292.39811798236775
2008-03-12 18:00:00,291.46261006547786,291.8831178403599
2008-03-12 20:00:00,290.09934729530556,291.80865191678606
2008-03-12 21:00:00,289.8581796654935,291.2875296382581
2008-03-13 05:00:00,301.60757514471635,297.5851708927948
2008-03-13 06:00:00,305.37828205032235,299.3661260854666
2008-03-13 08:00:00,311.3677241673639,300.7480827531389
2008-03-13 09:00:00,311.63565202192825,301.3951531455771
2008-03-13 17:00:00,293.03821200472186,293.79240008385045
2008-03-13 18:00:00,291.9747469862363,292.9052634922492
2008-03-13 20:00:00,290.3326091560635,291.6246877708494
2008-03-13 21:00:00,289.8188856974221,291.0964479608051
2008-03-14 05:00:00,304.0520718755266,299.12435894276956
2008-03-14 06:00:00,308.0211117454964,300.85558254435915
2008-03-14 08:00:00,313.61120819420955,303.0838220769709
2008-03-14 09:00:00,314.73214394873577,303.5904967274247
2008-03-14 17:00:00,293.3969420916494,294.7752899969304
2008-03-14 18:00:00,292.10601150677275,293.60103681238115
2008-03-14 20:00:00,289.8647835471413,292.57352418120723
2008-03-14 21:00:00,289.0230156614894,292.11179040282826
2008-03-15 05:00:00,307.5120238317363,302.5096300592408
2008-03-15 06:00:00,311.78041657387564,303.97126516098234
2008-03-15 08:00:00,315.9733149406539,305.58411632002964
2008-03-15 09:00:00,315.55423060624366,305.8598013056445
2008-03-15 17:00:00,293.47115216600514,295.7709092667731
2008-03-15 18:00:00,291.81826098049737,295.1123514043164
2008-03-15 20:00:00,289.24129009981556,295.4208099412257
2008-03-15 21:00:00,288.429506910233,294.9768322913783
2008-03-16 05:00:00,309.67566900738217,304.24167406173257
2008-03-16 06:00:00,313.38540675276414,305.6317070489304
2008-03-16 08:00:00,316.8024825462024,307.1353378178343
2008-03-16 09:00:00,316.79398544617175,307.34993512310865
2008-03-16 17:00:00,295.2867881175366,297.4805361096775
2008-03-16 18:00:00,294.13940596617243,296.44764439093495
2008-03-16 20:00:00,291.53703721903145,294.14035182300444
2008-03-16 21:00:00,290.2508729249928,293.13445875641014
2008-03-17 05:00:00,309.1023840764638,304.6124014362165
2008-03-17 06:00:00,313.0114343816584,306.55136280030433
2008-03-17 08:00:00,317.0859916463655,308.1676225000978
2008-03-17 09:00:00,317.3498984690991,308.42127859059764
2008-03-17 17:00:00,295.59975688446474,297.6010616402413
2008-03-17 18:00:00,294.4043138030865,296.6041617606564
2008-03-17 20:00:00,292.7663513324661,295.43082224606366
2008-03-17 21:00:00,292.1658717127537,294.8715790923461
2008-03-18 05:00:00,307.84587595606075,303.8637711770362
2008-03-18 06:00:00,311.9209600134146,305.92940115671496
2008-03-18 08:00:00,316.3769074191665,308.20066492583237
2008-03-18 09:00:00,316.60314033872726,308.43883572006814
2008-03-18 17:00:00,295.7357644902539,297.84296608852867
2008-03-18 18:00:00,294.7874398723773,297.0305190593326
2008-03-18 20:00:00,293.65454496551183,296.03142548782984
2008-03-18 21:00:00,293.09853484119947,295.41884440229563
2008-03-19 05:00:00,306.86676580255687,303.20534173292447
2008-03-19 06:00:00,310.97020997692516,305.48282878387874
2008-03-19 08:00:00,315.8322657510202,307.8343496454883
2008-03-19 09:00:00,316.26756742738985,308.1125450898392
2008-03-19 17:00:00,293.753920991542,298.3072663764189
2008-03-19 18:00:00,291.90590219835656,295.6882274610052
2008-03-19 20:00:00,289.9922658864449,296.1373955678132
2008-03-19 21:00:00,289.2310959826265,292.6238246265288
2008-03-20 05:00:00,309.0621245256374,302.53155649241023
2008-03-20 06:00:00,314.46983163419236,304.89780145066175
2008-03-20 08:00:00,319.64264680130634,307.70466773645904
2008-03-20 09:00:00,318.9373786585357,307.9612486241228
2008-03-20 17:00:00,295.8429494190657,297.66748947355154
2008-03-20 18:00:00,294.70521007002964,296.74624530339645
2008-03-20 20:00:00,293.26832272569277,295.00846517177877
2008-03-20 21:00:00,292.7538952467438,294.36257943974806
2008-03-21 05:00:00,308.15632180330016,303.66530469239035
2008-03-21 06:00:00,311.9562732714167,305.3874273079753
2008-03-21 08:00:00,317.59407711176,307.1739665826407
2008-03-21 09:00:00,318.70763776923184,307.4850912226367
2008-03-21 17:00:00,295.8692987615412,297.3774278402696
2008-03-21 18:00:00,294.5021275783357,296.2511578811152
2008-03-21 20:00:00,292.9658571781106,295.0927035386096
2008-03-21 21:00:00,292.48502978778953,294.4981475265809
2008-03-22 05:00:00,308.27721608401447,303.86941707005667
2008-03-22 06:00:00,312.1005469088562,305.7744698311405
2008-03-22 08:00:00,317.17844152230145,307.5196695900845
2008-03-22 09:00:00,318.5336350968513,307.77268810301604
2008-03-22 17:00:00,294.7236907441738,296.7509492424493
2008-03-22 18:00:00,293.3409221396425,295.6125125032728
2008-03-22 20:00:00,291.51390404840834,293.9133159243638
2008-03-22 21:00:00,291.12463835024136,293.46745749357484
2008-03-23 05:00:00,307.98729803382156,304.21679522921386
2008-03-23 06:00:00,310.9268782135151,305.7876212380149
2008-03-23 08:00:00,316.2504400362036,307.20535793216277
2008-03-23 09:00:00,317.9443582966809,307.42924631174617
2008-03-23 17:00:00,296.6245114366152,297.9453598045973
2008-03-23 18:00:00,295.25302827009256,296.89135105033137
2008-03-23 20:00:00,293.3735459949276,295.4316336656756
2008-03-23 21:00:00,293.1249464649265,295.0165491559656
2008-03-24 05:00:00,307.84879029072675,302.9161655796328
2008-03-24 06:00:00,312.54444650141596,305.21732112843375
2008-03-24 08:00:00,317.5220501492681,306.56834326980663
2008-03-24 09:00:00,319.2784251020576,307.0362337697269
2008-03-24 17:00:00,296.1048705537441,297.59035516630155
2008-03-24 18:00:00,295.1445873948202,296.824452616217
2008-03-24 20:00:00,293.09823634260795,294.9204391691094
2008-03-24 21:00:00,292.4854060145115,294.6172012305591
2008-03-25 05:00:00,309.97730742985,304.362653970351
2008-03-25 06:00:00,313.7636760835104,305.74350316498794
2008-03-25 08:00:00,319.6655555572275,307.382062891415
2008-03-25 09:00:00,320.49942978210925,307.7203063494619
2008-03-25 17:00:00,295.70707516897994,297.08838480756907
2008-03-25 18:00:00,294.96412860887995,296.531745193552
2008-03-25 20:00:00,294.1250160816822,295.9757822562807
2008-03-25 21:00:00,292.8892287385115,294.61424885472087
2008-03-26 05:00:00,311.65677117346246,305.13728388946487
2008-03-26 06:00:00,315.7670908312217,306.7945416278575
2008-03-26 08:00:00,320.7884565450378,308.19929114108095
2008-03-26 09:00:00,320.55047424034274,308.3805613466331
2008-03-26 17:00:00,296.889216183514,298.45427049069633
2008-03-26 18:00:00,295.8127510764382,297.65967431678246
2008-03-26 20:00:00,293.27848841780326,295.6681588147932
2008-03-26 21:00:00,292.1780231399419,294.75548691007504
2008-03-27 05:00:00,311.82986748787954,305.3822090372283
2008-03-27 06:00:00,314.74654540075176,306.9670210075672
2008-03-27 08:00:00,317.8477293934403,308.3440187568841
2008-03-27 09:00:00,318.12757339830205,308.5787541605475
2008-03-27 17:00:00,297.3688671188472,299.0945188642834
2008-03-27 18:00:00,296.6077383831947,298.45301522606144
2008-03-27 20:00:00,294.77349079996117,296.7740160173555
2008-03-27 21:00:00,294.0685822144495,295.9705445887679
2008-03-28 05:00:00,310.93748469418847,305.7798171785469
2008-03-28 06:00:00,315.11024926513295,307.9729461199697
2008-03-28 08:00:00,316.8121383267301,308.7778666397824
2008-03-28 09:00:00,316.33523213955215,308.7629643515189
2008-03-28 17:00:00,297.56659363451286,299.2167494763579
2008-03-28 18:00:00,296.5757300284317,298.3858137321766
2008-03-28 20:00:00,295.4222257170361,297.4300228406909
2008-03-28 21:00:00,294.6422390930458,296.4046788149512
2008-03-29 05:00:00,310.84582371410494,305.5790694461582
2008-03-29 06:00:00,314.67788037974594,307.00213481979495
2008-03-29 08:00:00,318.81248495281204,309.2912518423401
2008-03-29 09:00:00,318.71860531188304,309.5575279858887
2008-03-29 17:00:00,298.96063592143713,300.7646201064664
2008-03-29 18:00:00,298.0525263711374,299.97022753981486
2008-03-29 20:00:00,295.0587773021822,297.471751467289
2008-03-29 21:00:00,294.397194625784,296.37754988707087
2008-03-30 05:00:00,310.6694498400108,304.94643748890275
2008-03-30 06:00:00,314.1439503580102,306.45604389584486
2008-03-30 08:00:00,317.29855200910055,308.2533079832104
2008-03-30 09:00:00,317.5806018376755,308.6074821813081
2008-03-30 17:00:00,296.75458788761557,298.8243900763419
2008-03-30 18:00:00,296.1652933129544,298.1348246617016
2008-03-30 20:00:00,295.1108557373423,296.6947818750226
2008-03-30 21:00:00,294.4806510325757,296.2759509681737
2008-03-31 05:00:00,307.52342132427293,303.22705955093926
2008-03-31 06:00:00,311.0140621849495,305.06042073724456
2008-03-31 08:00:00,315.4290019595201,307.6350353693558
2008-03-31 09:00:00,315.9377477613546,308.01515851366133
2008-03-31 17:00:00,297.61628918287755,299.24460414892354
2008-03-31 18:00:00,296.73898905561595,298.41514173604673
2008-03-31 20:00:00,295.2066934406298,296.84872206113374
2008-03-31 21:00:00,294.6102873768388,296.16052786852066
2008-04-01 05:00:00,307.8926859475064,302.1880127564417
2008-04-01 06:00:00,311.9023209205945,303.8752593053691
2008-04-01 08:00:00,317.8635450225031,306.4427259354085
2008-04-01 09:00:00,318.0906472698382,307.04864647722763
2008-04-01 17:00:00,294.51072843342973,297.13295664735864
2008-04-01 18:00:00,294.6860403287209,297.15679847000195
2008-04-01 20:00:00,293.7338745869547,294.69588229468866
2008-04-01 21:00:00,293.43580286528555,294.91497410096815
2008-04-02 05:00:00,308.15438675843694,301.8638936470397
2008-04-02 06:00:00,311.6878918146683,303.4284580742082
2008-04-02 08:00:00,316.22894454039124,306.4160899910243
2008-04-02 09:00:00,316.647334541121,306.93166350142803
2008-04-02 17:00:00,295.74863058833756,297.5140792776146
2008-04-02 18:00:00,295.27301704865215,297.00472982491846
2008-04-02 20:00:00,295.2855533782066,296.55771979051303
2008-04-02 21:00:00,294.9117743399551,295.5907393633309
2008-04-03 05:00:00,309.0727635458548,302.66562700785914
2008-04-03 06:00:00,311.95104289238554,304.4058084355664
2008-04-03 08:00:00,310.7004315533514,301.24587737613905
2008-04-03 09:00:00,310.15551466273234,302.2467738123631
2008-04-03 17:00:00,293.9623868498486,294.59264990949123
2008-04-03 18:00:00,293.0972385494661,293.99021180421806
2008-04-03 20:00:00,292.23246356041295,293.621053686862
2008-04-03 21:00:00,291.8608240912251,293.2527425145883
2008-04-04 05:00:00,307.02195032058034,301.0353370983906
2008-04-04 06:00:00,310.4690595018478,302.4353529543649
2008-04-04 08:00:00,309.2556939029547,301.2783462218768
2008-04-04 09:00:00,304.24473656417774,296.8174873199228
2008-04-04 17:00:00,291.4313298535457,291.92494509657286
2008-04-04 18:00:00,291.55519033470216,291.938026510512
2008-04-04 20:00:00,290.7878309346862,291.90616075136626
2008-04-04 21:00:00,290.6083293850139,291.5389456256696
2008-04-05 05:00:00,303.52185714557106,297.718435795906
2008-04-05 06:00:00,306.73283891721945,299.25164848997713
2008-04-05 08:00:00,309.53670996620406,301.1960627433883
2008-04-05 09:00:00,310.0035586129352,301.9505988592727
2008-04-05 17:00:00,293.08578072711026,293.95895858317937
2008-04-05 18:00:00,292.1382810948259,293.1520438642458
2008-04-05 20:00:00,292.3417048990635,293.1379798689315
2008-04-05 21:00:00,292.18506945593884,292.8402311210456
2008-04-06 05:00:00,304.5268324982771,300.0113381266778
2008-04-06 06:00:00,307.81062128804683,301.6579465234224
2008-04-06 08:00:00,311.53108586809486,302.40162632829055
2008-04-06 09:00:00,312.1721404653117,302.87727957844555
2008-04-06 17:00:00,293.61843806238863,294.82555296534935
2008-04-06 18:00:00,292.7819768732245,294.04132914726836
2008-04-06 20:00:00,291.7062011859818,293.09676703172397
2008-04-06 21:00:00,291.2822892669537,292.5909277588267
2008-04-07 05:00:00,305.13784178747056,300.3472641296857
2008-04-07 06:00:00,308.6927450970619,301.96518473338637
2008-04-07 08:00:00,313.553457745051,304.22214208288443
2008-04-07 09:00:00,314.454451456643,304.6326291123965
2008-04-07 17:00:00,294.9776547142464,296.29572791054
2008-04-07 18:00:00,293.6186706119767,295.03610716174677
2008-04-07 20:00:00,291.0827169785698,293.1737229357516
2008-04-07 21:00:00,290.28526792834833,292.433701737085
2008-04-08 05:00:00,307.8386222004707,302.7388486935655
2008-04-08 06:00:00,311.4713926859004,304.21420332757276
2008-04-08 08:00:00,316.2013098153936,306.82284212038957
2008-04-08 09:00:00,316.28755420749474,307.25090758054756
2008-04-08 17:00:00,294.1647575625286,296.6025915160569
2008-04-08 18:00:00,293.20714379826387,295.9310997961483
2008-04-08 20:00:00,291.83511006923965,294.5746368502248
2008-04-08 21:00:00,291.5555809502976,294.24312399936207
2008-04-09 05:00:00,309.30029713023794,304.6292225936161
2008-04-09 06:00:00,313.22190701759473,306.3797495978639
2008-04-09 08:00:00,317.5150917182535,308.84993401808066
2008-04-09 09:00:00,317.1782237142554,309.0897405592062
2008-04-09 17:00:00,297.13178348394314,299.65613284353486
2008-04-09 18:00:00,295.870830283143,298.901440801165
2008-04-09 20:00:00,293.6010067180052,297.4176092162522
2008-04-09 21:00:00,292.4729064800339,295.2014802483087
2008-04-10 05:00:00,311.33433424563185,306.1555999614792
2008-04-10 06:00:00,315.12883360029554,307.9938242343615
2008-04-10 08:00:00,316.24962715889535,309.25959027823757
2008-04-10 09:00:00,315.6777565460911,309.322144518648
2008-04-10 17:00:00,298.6213384078721,300.3187661193001
2008-04-10 18:00:00,297.70403547242904,299.6002389352384
2008-04-10 20:00:00,296.81294318670854,298.9323972634432
2008-04-10 21:00:00,296.30417897557993,298.2796337909434
2008-04-11 05:00:00,310.4551799286312,306.34798942765764
2008-04-11 06:00:00,313.60425352499186,307.97272962855266
2008-04-11 08:00:00,317.2989140820614,310.16211997856533
2008-04-11 09:00:00,317.4584147213788,310.49261295924015
2008-04-11 17:00:00,299.05394153565584,301.0795712698773
2008-04-11 18:00:00,298.3554690086235,300.5909848911186
2008-04-11 20:00:00,297.45326724294887,299.69093621346536
2008-04-11 21:00:00,296.94862393936137,299.1162420663702
2008-04-12 05:00:00,310.8293541671682,306.37236631890113
2008-04-12 06:00:00,314.85408509053144,308.34792150371067
2008-04-12 08:00:00,319.70392873143936,309.88983020282853
2008-04-12 09:00:00,319.53885750557504,310.25421323614603
2008-04-12 17:00:00,299.95242405966366,300.65925708647325
2008-04-12 18:00:00,298.8156473074562,299.7140075730617
2008-04-12 20:00:00,296.59998743559805,298.287096255733
2008-04-12 21:00:00,295.4504395706811,297.2744999255164
2008-04-13 05:00:00,313.85216716184453,308.1127755939501
2008-04-13 06:00:00,317.47630712100647,309.6115492481297
2008-04-13 08:00:00,319.7361584914667,310.9088355065862
2008-04-13 09:00:00,319.16946930731024,310.98468407864567
2008-04-13 17:00:00,298.5373342834378,300.4281087913572
2008-04-13 18:00:00,296.8704311564818,299.0461860739028
2008-04-13 20:00:00,294.6897462630309,297.23190505111535
2008-04-13 21:00:00,294.05095513906616,296.4396701336642
2008-04-14 05:00:00,313.1705124301059,307.0543239928541
2008-04-14 06:00:00,317.8871205804528,308.85546872648877
2008-04-14 08:00:00,322.2886119307649,310.65773985970003
2008-04-14 09:00:00,322.1662816310701,311.0818110673196
2008-04-14 17:00:00,299.4628438376499,301.06386177051235
2008-04-14 18:00:00,298.62440352006394,300.5147581879273
2008-04-14 20:00:00,298.0110272846898,300.44745427911926
2008-04-14 21:00:00,298.01351185756033,300.25380703260424
2008-04-15 05:00:00,310.6927056922384,305.308163635536
2008-04-15 06:00:00,314.58663674752773,307.27635103528416
2008-04-15 08:00:00,318.85975259037343,309.2321734788421
2008-04-15 09:00:00,318.81995825627916,309.70666816605626
2008-04-15 17:00:00,299.26202409035983,300.83626646914723
2008-04-15 18:00:00,298.49246396856796,300.1937754767702
2008-04-15 20:00:00,297.69711557632235,299.5121530729744
2008-04-15 21:00:00,297.46096108176494,299.20293378315654
2008-04-16 05:00:00,312.93674858105015,306.3176620083708
2008-04-16 06:00:00,316.7839538386129,307.81711318570035
2008-04-16 08:00:00,319.3968277095095,309.5415364928165
2008-04-16 09:00:00,318.75342542181033,309.67349200843853
2008-04-16 17:00:00,299.6464323681565,300.7161670796493
2008-04-16 18:00:00,298.6247843784985,299.6083828260425
2008-04-16 20:00:00,297.0885192212779,297.9448979969936
2008-04-16 21:00:00,296.19577585934485,297.01675003592516
2008-04-17 05:00:00,311.97846893169486,303.33189199297755
2008-04-17 06:00:00,315.8936445944482,304.94160430861183
2008-04-17 08:00:00,319.0996676828534,306.9814519661785
2008-04-17 09:00:00,318.78776855938975,307.4130906867687
2008-04-17 17:00:00,296.6643070168047,298.2135810087936
2008-04-17 18:00:00,295.7655207041783,297.5311746229927
2008-04-17 20:00:00,294.27933482212717,296.3394060649196
2008-04-17 21:00:00,293.6472538975979,295.67169883034444
2008-04-18 05:00:00,313.2642495929736,305.1692000802015
2008-04-18 06:00:00,316.5307208562302,306.42098888520655
2008-04-18 08:00:00,320.7707450173118,307.99087933509486
2008-04-18 09:00:00,320.7680104024972,308.42727973832183
2008-04-18 17:00:00,297.3388183311615,299.1392156427557
2008-04-18 18:00:00,296.21548320846676,298.38867598946547
2008-04-18 20:00:00,293.6882729082152,296.39709465602886
2008-04-18 21:00:00,292.4216874038861,296.3438512393617
2008-04-19 05:00:00,315.2558552605346,307.4612253480039
2008-04-19 06:00:00,319.3397270637595,308.4476669852282
2008-04-19 08:00:00,323.8605231709767,309.9905339551083
2008-04-19 09:00:00,323.40354331652816,310.32880882416003
2008-04-19 17:00:00,298.35658271213526,300.121907309134
2008-04-19 18:00:00,296.9535024022836,299.0786339476223
2008-04-19 20:00:00,295.0747326114695,297.64189317230085
2008-04-19 21:00:00,294.7507055485377,297.3215192374537
2008-04-20 05:00:00,313.9026354068233,307.4226522813041
2008-04-20 06:00:00,317.8440366489311,309.08717313275685
2008-04-20 08:00:00,322.8426401523302,310.8581773849041
2008-04-20 09:00:00,322.94151712896644,311.2095419438485
2008-04-20 17:00:00,299.9738326109429,301.388607101558
2008-04-20 18:00:00,298.9278193210784,300.54053879371963
2008-04-20 20:00:00,297.5271795945836,299.5949687987153
2008-04-20 21:00:00,296.98010540743275,299.014095077162
2008-04-21 05:00:00,314.773595001738,307.95914641440555
2008-04-21 06:00:00,318.6228834014093,309.24420316487505
2008-04-21 08:00:00,322.67867581172055,310.72566646346695
2008-04-21 09:00:00,322.3790392060126,311.03705931958876
2008-04-21 17:00:00,300.4949696545241,302.1961833324932
2008-04-21 18:00:00,299.28613772634736,301.23707756900643
2008-04-21 20:00:00,298.2029986741547,300.710119356176
2008-04-21 21:00:00,298.0269636439249,300.3920707056078
2008-04-22 05:00:00,313.3840939561465,308.1931262611425
2008-04-22 06:00:00,316.6365128386369,309.7391183438764
2008-04-22 08:00:00,320.4666671635374,311.1514633954582
2008-04-22 09:00:00,321.02909665335494,311.4570157796099
2008-04-22 17:00:00,300.6163023726782,302.3373204071092
2008-04-22 18:00:00,299.62948824701766,301.5361332592134
2008-04-22 20:00:00,297.8434925285069,299.9815939034813
2008-04-22 21:00:00,297.06886441975786,299.2165047244409
2008-04-23 05:00:00,314.6917339260295,308.35272755204073
2008-04-23 06:00:00,318.473664834797,309.7431944390108
2008-04-23 08:00:00,323.02239957318653,311.3969580087529
2008-04-23 09:00:00,322.8840510011271,311.75451166420396
2008-04-23 17:00:00,299.9701334478675,301.7435413707387
2008-04-23 18:00:00,298.85986692549085,300.8297464285499
2008-04-23 20:00:00,297.1934124633601,299.6368495664906
2008-04-23 21:00:00,296.42159404078694,298.8765713261162
2008-04-24 05:00:00,316.87876339575917,308.9689399002146
2008-04-24 06:00:00,321.86792396580677,310.66107323504
2008-04-24 08:00:00,326.36633056264446,312.3011973282589
2008-04-24 09:00:00,326.20564956547486,312.7179330317376
2008-04-24 17:00:00,300.4554665775622,302.1482622943049
2008-04-24 18:00:00,298.87886929034454,300.7549640202927
2008-04-24 20:00:00,296.1102668750451,298.3248962731501
2008-04-24 21:00:00,295.014881081133,297.5449797831625
2008-04-25 05:00:00,318.06574502013314,309.8474886619439
2008-04-25 06:00:00,321.0279507629677,311.2958504980995
2008-04-25 08:00:00,325.3574258013756,312.72130915049604
2008-04-25 09:00:00,326.2778826744421,313.02535451174884
2008-04-25 17:00:00,301.7609351206634,303.2475999735169
2008-04-25 18:00:00,300.5231397302566,302.3898053984796
2008-04-25 20:00:00,297.9563386091283,300.1700303793321
2008-04-25 21:00:00,296.5388469725434,298.80743782031703
2008-04-26 05:00:00,321.5852818893174,310.8737127130682
2008-04-26 06:00:00,324.9283975562991,312.0541470708391
2008-04-26 08:00:00,326.76414193504587,313.6731368242684
2008-04-26 09:00:00,325.6293055882623,313.8556890737478
2008-04-26 17:00:00,302.3423651179474,304.27289093440777
2008-04-26 18:00:00,301.3513236258908,303.43244207584985
2008-04-26 20:00:00,299.696860314885,301.56098369016485
2008-04-26 21:00:00,298.6910971713544,300.21816464087635
2008-04-27 05:00:00,319.80239705936566,310.5775246171996
2008-04-27 06:00:00,322.6856765394402,312.00913300830155
2008-04-27 08:00:00,324.12220613688277,313.5193577841361
2008-04-27 09:00:00,323.294088683988,313.55359951777524
2008-04-27 17:00:00,300.5087343283538,303.02769110493
2008-04-27 18:00:00,298.74503379316286,301.77372203292026
2008-04-27 20:00:00,296.55040072072273,299.8200679596841
2008-04-27 21:00:00,295.83969995530987,298.89387462833446
2008-04-28 05:00:00,318.4673529861521,310.79242869701886
2008-04-28 06:00:00,322.8453979257075,312.3806487143683
2008-04-28 08:00:00,325.28765055652025,314.04996595103495
2008-04-28 09:00:00,324.3776254051456,314.1067701671818
2008-04-28 17:00:00,301.7572514044669,303.8442779211859
2008-04-28 18:00:00,300.7069913279294,302.9957641225383
2008-04-28 20:00:00,299.33026710827653,301.63141273533796
2008-04-28 21:00:00,298.76798879567576,300.8884533851283
2008-04-29 05:00:00,314.2388841720134,308.7110869608969
2008-04-29 06:00:00,317.96972606876415,310.64144765798045
2008-04-29 08:00:00,322.50728399103343,312.9574472577252
2008-04-29 09:00:00,323.1211783669212,313.36622520881735
2008-04-29 17:00:00,302.3953595036534,303.8170618606826
2008-04-29 18:00:00,301.3898590040868,302.9769851378924
2008-04-29 20:00:00,299.97348361022665,301.7143058130296
2008-04-29 21:00:00,299.3447747840353,301.14334959903005
2008-04-30 05:00:00,313.7469741280531,307.84161273503713
2008-04-30 06:00:00,317.3524424548509,309.8286246371747
2008-04-30 08:00:00,322.07203676667535,311.9665057354238
2008-04-30 09:00:00,322.74695473128736,312.3829435045804
2008-04-30 17:00:00,301.7778003616216,303.4048696321038
2008-04-30 18:00:00,300.9195110162344,302.624679494896
2008-04-30 20:00:00,299.4273824588911,301.47976844446686
2008-04-30 21:00:00,299.0579148161761,301.26521860836834
2008-05-01 05:00:00,313.28043712269175,308.35593678807993
2008-05-01 06:00:00,316.72318492354526,310.1137616079651
2008-05-01 08:00:00,320.6275824501261,312.1889777749272
2008-05-01 09:00:00,320.53125456117886,312.2269508820286
2008-05-01 17:00:00,301.81565203321367,303.25066468601784
2008-05-01 18:00:00,300.9000159735305,302.38791627105104
2008-05-01 20:00:00,299.7235240260332,301.4997717999898
2008-05-01 21:00:00,299.17943308496694,300.83622280879086
2008-05-02 05:00:00,312.7840906034449,307.5178635278358
2008-05-02 06:00:00,316.77717167129873,309.6585024229734
2008-05-02 08:00:00,321.24048871949935,311.6025783732786
2008-05-02 09:00:00,321.77656432917377,311.9608347794308
2008-05-02 17:00:00,302.6627067483629,304.33954710879567
2008-05-02 18:00:00,302.06804401885563,303.81457740536825
2008-05-02 20:00:00,301.2321622169624,302.7429278451599
2008-05-02 21:00:00,300.79665549914534,302.2594170239747
2008-05-03 05:00:00,312.8045940428559,308.0659867155901
2008-05-03 06:00:00,316.6926405426167,310.6210389688313
2008-05-03 08:00:00,321.08103914657613,313.69950979553136
2008-05-03 09:00:00,321.1277125612797,313.92640871773875
2008-05-03 17:00:00,303.2577196071254,304.73850585279183
2008-05-03 18:00:00,302.6047327779291,304.19229582094454
2008-05-03 20:00:00,301.5376734799707,303.2130607522691
2008-05-03 21:00:00,300.94910415625907,302.3069660204401
2008-05-04 05:00:00,312.2924983607969,307.0171347031792
2008-05-04 06:00:00,316.4706430538042,309.48311066002987
2008-05-04 08:00:00,321.21762479949626,312.49886219747634
2008-05-04 09:00:00,321.5309396282367,312.8635785495188
2008-05-04 17:00:00,303.19202791046473,304.360602921073
2008-05-04 18:00:00,302.4843372174514,303.76672191649266
2008-05-04 20:00:00,301.5347724761728,303.23678758148054
2008-05-04 21:00:00,301.1949931704576,302.609728444339
2008-05-05 05:00:00,312.6170248257912,307.1617652175974
2008-05-05 06:00:00,316.5426118495101,309.4569591880763
2008-05-05 08:00:00,321.0244590629966,311.76557127683674
2008-05-05 09:00:00,321.42257351867954,312.23221723324355
2008-05-05 17:00:00,302.83709394693005,304.10842735631445
2008-05-05 18:00:00,302.13816781771385,303.47369751540833
2008-05-05 20:00:00,300.9311285268728,302.3417659342197
2008-05-05 21:00:00,300.594908069205,302.00228729012935
2008-05-06 05:00:00,312.67108304768755,306.6333752883417
2008-05-06 06:00:00,316.32528442006634,308.4570197765192
2008-05-06 08:00:00,321.1549888575573,310.4617464979551
2008-05-06 09:00:00,321.3315517619505,310.9488062454482
2008-05-06 17:00:00,300.04536113533294,301.3274322650833
2008-05-06 18:00:00,299.1303377313129,299.98463320034125
2008-05-06 20:00:00,298.50863621598586,299.1407232064128
2008-05-06 21:00:00,297.7085511335423,298.6133450829928
2008-05-07 05:00:00,312.146821149876,306.1245624794982
2008-05-07 06:00:00,315.1509094943618,307.6162545978564
2008-05-07 08:00:00,320.7621483237056,310.2160347349288
2008-05-07 09:00:00,321.7333275746491,310.7083850972274
2008-05-07 17:00:00,299.8201255386893,301.68196543265935
2008-05-07 18:00:00,299.3984233932612,301.2732979373315
2008-05-07 20:00:00,298.0108740384847,300.24630027265505
2008-05-07 21:00:00,297.5382717232491,299.79682992896977
2008-05-08 05:00:00,311.9671396217288,306.71387659199246
2008-05-08 06:00:00,315.4003265333837,308.2524536791127
2008-05-08 08:00:00,320.0349074776625,311.07120493931467
2008-05-08 09:00:00,319.8223877658462,311.5016416246976
2008-05-08 17:00:00,299.5517860965112,300.3479099596961
2008-05-08 18:00:00,298.98305016563194,299.992447604751
2008-05-08 20:00:00,298.41614449005834,300.25928277484445
2008-05-08 21:00:00,297.8036758352318,299.6370786129051
2008-05-09 05:00:00,311.2679182854933,306.2882014952014
2008-05-09 06:00:00,314.1633647336798,307.6004310690199
2008-05-09 08:00:00,317.5825734660145,308.84259569259206
2008-05-09 09:00:00,317.6017147822447,309.24020642014614
2008-05-09 17:00:00,299.98489354020455,300.27460368057984
2008-05-09 18:00:00,298.29128715620936,298.41565498622435
2008-05-09 20:00:00,298.22833606972716,299.75474433134815
2008-05-09 21:00:00,298.2846008441849,299.4818439689366
2008-05-10 05:00:00,310.27527572561297,305.2629453074216
2008-05-10 06:00:00,313.43633819250925,306.7700960603077
2008-05-10 08:00:00,316.5478126984348,308.6331635461934
2008-05-10 09:00:00,316.8613921225714,309.0513221493855
2008-05-10 17:00:00,300.42801606306125,301.7917386188713
2008-05-10 18:00:00,300.0271382853504,301.6143934487929
2008-05-10 20:00:00,297.98034639755275,299.1061201756835
2008-05-10 21:00:00,297.0697047581842,298.22770444050036
2008-05-11 05:00:00,311.35091725777033,306.4443135783191
2008-05-11 06:00:00,314.8940319654938,308.52599432288406
2008-05-11 08:00:00,318.7913468982479,310.8428494257994
2008-05-11 09:00:00,319.0427962480965,311.3649459862378
2008-05-11 17:00:00,302.32223292087735,303.70651144018893
2008-05-11 18:00:00,301.85945277515293,303.1649756527094
2008-05-11 20:00:00,300.2217087238706,301.7764454328775
2008-05-11 21:00:00,299.8307123639734,301.41625755556925
2008-05-12 05:00:00,311.0057791076566,305.38616151030885
2008-05-12 06:00:00,314.8255978012673,307.47140328946574
2008-05-12 08:00:00,320.11572439608113,310.80529108032795
2008-05-12 09:00:00,320.60894573194037,311.4993174689577
2008-05-12 17:00:00,300.6353361015144,301.83844537250064
2008-05-12 18:00:00,300.58239358158437,301.3827267545397
2008-05-12 20:00:00,300.72460758814645,302.51870925033404
2008-05-12 21:00:00,300.42857036384856,301.8941647099053
2008-05-13 05:00:00,311.08087835326586,305.3256001759017
2008-05-13 06:00:00,314.6728305904818,307.1902765823623
2008-05-13 08:00:00,319.4135283483379,310.153974747621
2008-05-13 09:00:00,319.75980467715505,310.7271611194582
2008-05-13 17:00:00,302.1329998610016,303.2520814257888
2008-05-13 18:00:00,301.54268541615255,302.8305425423503
2008-05-13 20:00:00,300.98800339426947,302.4861577626186
2008-05-13 21:00:00,300.7487359186534,302.2636476114094
2008-05-14 05:00:00,311.4141711218882,305.3522852117365
2008-05-14 06:00:00,314.9788237396852,307.1708335700131
2008-05-14 08:00:00,319.6610670986087,308.708906693892
2008-05-14 09:00:00,319.5108639756777,309.30042625391985
2008-05-14 17:00:00,301.9772317942192,302.7788037504364
2008-05-14 18:00:00,301.2108362136159,302.2938658210273
2008-05-14 20:00:00,300.8155238734923,302.31320331497074
2008-05-14 21:00:00,300.7284839083491,301.9190316222298
2008-05-15 05:00:00,309.946909124201,304.9017745195809
2008-05-15 06:00:00,313.2108186272149,306.7724776304742
2008-05-15 08:00:00,318.19995994156426,309.6494147208145
2008-05-15 09:00:00,319.1881091289785,310.35019964797107
2008-05-15 17:00:00,302.0755787101475,303.3190247428436
2008-05-15 18:00:00,301.30812926211604,302.84585961575505
2008-05-15 20:00:00,300.2800094063734,301.52064429519726
2008-05-15 21:00:00,299.57422121867927,300.8888358188153
2008-05-16 05:00:00,310.45876778953806,304.68749694353994
2008-05-16 06:00:00,313.7643156595333,306.4975307094298
2008-05-16 08:00:00,318.4846967041768,309.51166255815735
2008-05-16 09:00:00,318.5650290090976,309.99882509675336
2008-05-16 17:00:00,302.2709537030001,303.24376068350347
2008-05-16 18:00:00,301.5078956592248,302.8100084207826
2008-05-16 20:00:00,301.6727075562088,303.1285246156948
2008-05-16 21:00:00,301.31654038157416,302.3327691735031
2008-05-17 05:00:00,310.23645014829003,305.24467458857225
2008-05-17 06:00:00,313.62825381333363,307.28147208709015
2008-05-17 08:00:00,317.67243825856633,310.44119201566116
2008-05-17 09:00:00,318.0811012162266,311.2417674248318
2008-05-17 17:00:00,304.52711366909125,305.63818023164396
2008-05-17 18:00:00,303.7318110532129,304.8850837789809
2008-05-17 20:00:00,302.1578260753849,302.84442065787056
2008-05-17 21:00:00,301.1558624643758,301.65335296960023
2008-05-18 05:00:00,308.7999628240412,304.21790378376585
2008-05-18 06:00:00,311.9536799120793,306.19016582095196
2008-05-18 08:00:00,316.23861999981943,309.35782864281134
2008-05-18 09:00:00,316.9073922461464,310.16717903125453
2008-05-18 17:00:00,303.52480477214044,304.501825106346
2008-05-18 18:00:00,302.87739899198885,303.79870654842335
2008-05-18 20:00:00,301.4983995434683,302.0931424697852
2008-05-18 21:00:00,300.63394035727293,301.0700062427021
2008-05-19 05:00:00,309.8547894164851,304.29834776703495
2008-05-19 06:00:00,313.63043405682714,306.4164161388239
2008-05-19 08:00:00,318.1251219292451,308.32321740666225
2008-05-19 09:00:00,318.86638814164974,309.1975981913656
2008-05-19 17:00:00,302.33823797993006,303.2354271275972
2008-05-19 18:00:00,301.41714138977335,302.58130263694443
2008-05-19 20:00:00,300.5569329166265,301.9842155468299
2008-05-19 21:00:00,300.5046031934271,301.64228884281107
2008-05-20 05:00:00,309.61926198997554,303.5007126019071
2008-05-20 06:00:00,312.7180688326091,305.16497830947856
2008-05-20 08:00:00,317.18090573444573,307.8862376396756
2008-05-20 09:00:00,317.9303585340503,308.66311048322547
2008-05-20 17:00:00,302.43249391811474,303.1961202518599
2008-05-20 18:00:00,301.74997378497727,302.73300140333833
2008-05-20 20:00:00,300.4599698482566,301.8012269524103
2008-05-20 21:00:00,300.18178660623465,301.34010919180054
2008-05-21 05:00:00,307.9346048034762,302.4458866442664
2008-05-21 06:00:00,311.05289984704535,304.2078156787185
2008-05-21 08:00:00,314.78245224680853,306.0933910540329
2008-05-21 09:00:00,316.41870333490823,307.20321239124644
2008-05-21 17:00:00,301.66116683325157,302.47227374577926
2008-05-21 18:00:00,301.02841254706004,302.12529095148636
2008-05-21 20:00:00,301.2458774936952,302.569603260199
2008-05-21 21:00:00,300.91748291391815,301.8307950059512
2008-05-22 05:00:00,309.3307612673344,303.1507329015041
2008-05-22 06:00:00,312.8896774268481,304.9299190386051
2008-05-22 08:00:00,317.4447398134299,307.5658622471321
2008-05-22 09:00:00,318.273496278078,308.2592740992001
2008-05-22 17:00:00,302.13468895487506,302.79245385403624
2008-05-22 18:00:00,301.3710051126583,302.2419443468467
2008-05-22 20:00:00,300.2371081100958,301.49933068226966
2008-05-22 21:00:00,299.92766501686793,301.25163854472635
2008-05-23 05:00:00,313.77833989735564,305.3472245132611
2008-05-23 06:00:00,317.93071132007475,306.74177798137464
2008-05-23 08:00:00,321.98186809145983,309.7330881832928
2008-05-23 09:00:00,321.7484500455931,309.98217286755016
2008-05-23 17:00:00,298.70698676675056,299.2588928880971
2008-05-23 18:00:00,298.24468389901983,298.76991758655146
2008-05-23 20:00:00,298.41622158338555,299.52530400962416
2008-05-23 21:00:00,298.1980520756843,299.2284699661889
2008-05-24 05:00:00,311.3741364089661,306.2013950436068
2008-05-24 06:00:00,314.6643892590915,307.98772492724686
2008-05-24 08:00:00,318.0043997742546,308.9833067907207
2008-05-24 09:00:00,317.9473239563647,309.51661352971666
2008-05-24 17:00:00,302.15216151444685,303.36662642797813
2008-05-24 18:00:00,301.20984979991005,302.4232267077054
2008-05-24 20:00:00,299.833742162296,301.7663149841026
2008-05-24 21:00:00,299.3179402167698,301.3311065297649
2008-05-25 05:00:00,311.31949562578245,306.23858764836524
2008-05-25 06:00:00,314.44616649845165,307.8400383054384
2008-05-25 08:00:00,318.3035635926139,310.6045353541205
2008-05-25 09:00:00,318.28876426003194,310.9910071421478
2008-05-25 17:00:00,301.1178170837497,302.7443637936068
2008-05-25 18:00:00,300.37175102998003,302.11488836021016
2008-05-25 20:00:00,299.7874763853194,302.17711396063055
2008-05-25 21:00:00,299.6348155158326,301.7979215319241
2008-05-26 05:00:00,312.05491080967414,306.92859876541587
2008-05-26 06:00:00,315.41978739075745,308.60321007303907
2008-05-26 08:00:00,320.86111457248677,310.51290524428356
2008-05-26 09:00:00,321.727435236903,311.0096892134985
2008-05-26 17:00:00,302.0953465536673,303.3022052782526
2008-05-26 18:00:00,301.4560177043333,302.7641644588053
2008-05-26 20:00:00,299.9155697109887,301.73653105043667
2008-05-26 21:00:00,299.2944818858189,301.17519325761833
2008-05-27 05:00:00,313.46277292777654,307.74853872995715
2008-05-27 06:00:00,316.89541494313664,309.4944108160692
2008-05-27 08:00:00,321.0309828418796,311.91763538425255
2008-05-27 09:00:00,321.303408230398,312.44260685102233
2008-05-27 17:00:00,303.1201705344837,304.50854247670696
2008-05-27 18:00:00,302.26265407380043,303.7876927591803
2008-05-27 20:00:00,301.03098587482845,303.08311676354555
2008-05-27 21:00:00,300.7554329282881,302.82704811507637
2008-05-28 05:00:00,312.65377819372804,307.5489570841032
2008-05-28 06:00:00,316.2556588006865,309.53908008640093
2008-05-28 08:00:00,320.63794939837584,312.11138876046533
2008-05-28 09:00:00,320.83162532859296,312.5837154535373
2008-05-28 17:00:00,300.51415644147545,300.98833751237635
2008-05-28 18:00:00,298.3388099141407,298.8045524514879
2008-05-28 20:00:00,300.7237019590311,303.12685146243626
2008-05-28 21:00:00,300.7982357595294,302.6457509186308
2008-05-29 05:00:00,311.9380063613868,306.3307348642217
2008-05-29 06:00:00,315.46878317434727,308.1199938475811
2008-05-29 08:00:00,319.6517873802244,310.67100191042863
2008-05-29 09:00:00,320.060026665498,311.32141348393566
2008-05-29 17:00:00,301.7287288248447,303.1495662506997
2008-05-29 18:00:00,300.9396205249663,302.6197323086449
2008-05-29 20:00:00,299.31864002856713,300.31920039525204
2008-05-29 21:00:00,299.11289079898313,300.4251366190624
2008-05-30 05:00:00,312.36736247058275,306.2951885158733
2008-05-30 06:00:00,315.6401947209574,307.79387179288005
2008-05-30 08:00:00,320.0092428527738,310.7282766568458
2008-05-30 09:00:00,320.3575916966231,311.16711651489067
2008-05-30 17:00:00,302.7265083301233,303.8918518395564
2008-05-30 18:00:00,302.2363659780823,303.50367647473735
2008-05-30 20:00:00,301.4274248966634,302.64470419861686
2008-05-30 21:00:00,301.0892383122848,302.33366093099204
2008-05-31 05:00:00,312.0815880632916,306.2916967218572
2008-05-31 06:00:00,315.49781018743533,308.0709422013058
2008-05-31 08:00:00,319.723016912287,311.16462658145946
2008-05-31 09:00:00,320.6786951144414,312.0362020765872
2008-05-31 17:00:00,303.2744561005814,303.94876032801363
2008-05-31 18:00:00,302.5271031360597,303.488564536825
2008-05-31 20:00:00,301.1527680336786,301.641087348362
2008-05-31 21:00:00,300.8132420614798,301.42948238801887
2008-06-01 05:00:00,312.2483940653515,305.2458005649467
2008-06-01 06:00:00,315.8484125592859,306.90476881594435
2008-06-01 08:00:00,320.2903542070433,309.46500680038855
2008-06-01 09:00:00,321.1999548631384,310.20385664600434
2008-06-01 17:00:00,301.0433137773182,301.1017663423747
2008-06-01 18:00:00,300.5266489225837,300.6955359037191
2008-06-01 20:00:00,299.0266255053974,298.941966828286
2008-06-01 21:00:00,298.74028396018673,298.9606574342137
2008-06-02 05:00:00,312.777239924403,306.5568633704046
2008-06-02 06:00:00,314.7696363452036,307.4996769086606
2008-06-02 08:00:00,316.2582587431686,306.1290310476153
2008-06-02 09:00:00,315.1020257888112,304.45884408348326
2008-06-02 17:00:00,301.36220050923447,300.83994414295734
2008-06-02 18:00:00,299.2237833549135,299.24993870622023
2008-06-02 20:00:00,298.77856560517534,298.696446869884
2008-06-02 21:00:00,297.65006419506574,297.98258097550166
2008-06-03 05:00:00,299.337305853657,299.1329259416907
2008-06-03 06:00:00,303.6268411174945,301.71333722083705
2008-06-03 08:00:00,311.6845686196914,306.07210685365555
2008-06-03 09:00:00,312.3777072947639,306.6000674678291
2008-06-03 17:00:00,300.850951889814,301.5044795948846
2008-06-03 18:00:00,300.3565994756431,301.300239175053
2008-06-03 20:00:00,299.1501163194654,299.35206785040384
2008-06-03 21:00:00,298.8556730625993,299.2562242222861
2008-06-04 05:00:00,310.57083886944463,306.397557027902
2008-06-04 06:00:00,312.7754875382951,307.3675744948659
2008-06-04 08:00:00,314.4693316678604,308.36135452811266
2008-06-04 09:00:00,313.61833038094966,308.3151220430395
2008-06-04 17:00:00,301.9259489791235,302.71826430498544
2008-06-04 18:00:00,301.2741379466006,302.17125620790557
2008-06-04 20:00:00,300.4410374763383,301.56981742400416
2008-06-04 21:00:00,300.37043327249256,301.73259456499335
2008-06-05 05:00:00,308.6198097546406,305.33632903253357
2008-06-05 06:00:00,310.71095527449086,306.61968639121034
2008-06-05 08:00:00,313.2435540197811,308.23578572089576
2008-06-05 09:00:00,313.09707582823484,308.4239121541404
2008-06-05 17:00:00,301.91044576730127,303.41435338095266
2008-06-05 18:00:00,301.54336345654974,303.0727518372617
2008-06-05 20:00:00,300.9558726635479,302.4483140848451
2008-06-05 21:00:00,300.78483402857614,302.0044093668369
2008-06-06 05:00:00,309.0246059141468,305.37848260112463
2008-06-06 06:00:00,311.4230697937482,306.6705656830446
2008-06-06 08:00:00,314.1366948625891,308.1594614696062
2008-06-06 09:00:00,314.82906892891106,308.7163953501932
2008-06-06 17:00:00,301.9276820389993,303.16752201309555
2008-06-06 18:00:00,301.3806635499552,302.82115377887555
2008-06-06 20:00:00,300.69078795164137,302.0197180702433
2008-06-06 21:00:00,300.3563471295984,301.63077861392077
2008-06-07 05:00:00,310.29482514979475,305.563972978636
2008-06-07 06:00:00,313.4408414632036,307.0823697882184
2008-06-07 08:00:00,316.52331907392835,308.58443367462866
2008-06-07 09:00:00,317.22648343172943,309.1856041483593
2008-06-07 17:00:00,302.85329177456754,303.0780954698936
2008-06-07 18:00:00,300.8498401142232,301.4013494600316
2008-06-07 20:00:00,300.109327107622,300.95252057326775
2008-06-07 21:00:00,300.1020124814544,300.6025755049084
2008-06-08 05:00:00,313.6395569552993,305.76325337508433
2008-06-08 06:00:00,315.48657426407965,306.5929890590015
2008-06-08 08:00:00,316.3467236535024,306.5927604828116
2008-06-08 09:00:00,315.2644026275776,306.8085171268974
2008-06-08 17:00:00,302.68931337424164,303.2544950887859
2008-06-08 18:00:00,302.13763883852266,302.8766255665266
2008-06-08 20:00:00,301.5106181187328,302.202641185884
2008-06-08 21:00:00,301.17741697337857,301.7681645421291
2008-06-09 05:00:00,312.77291950055377,306.49796221105635
2008-06-09 06:00:00,315.4266835640318,307.8342411646674
2008-06-09 08:00:00,319.1115209641185,310.2669851717486
2008-06-09 09:00:00,319.30438653272915,310.6764405519459
2008-06-09 17:00:00,303.52626719423364,303.7430634579416
2008-06-09 18:00:00,303.00843714639115,303.2660908985579
2008-06-09 20:00:00,301.65570773696317,302.0357721737243
2008-06-09 21:00:00,301.29523172951633,301.66756028937994
2008-06-10 05:00:00,313.3886764126676,306.29107541406097
2008-06-10 06:00:00,318.1028739799888,308.01901007653754
2008-06-10 08:00:00,319.33585593953893,309.35049217470987
2008-06-10 09:00:00,318.9973468751129,309.4984378667752
2008-06-10 17:00:00,301.34184027673285,302.8852666493373
2008-06-10 18:00:00,301.94709427514687,302.75915061821377
2008-06-10 20:00:00,300.65675031900037,300.6380458414463
2008-06-10 21:00:00,300.4401719808946,300.4330746690371
2008-06-11 05:00:00,305.46603819107975,302.98264266897235
2008-06-11 06:00:00,308.8788478716129,304.2984779957447
2008-06-11 08:00:00,313.18273410885286,306.6858490178324
2008-06-11 09:00:00,314.95527395004484,307.28174486439474
2008-06-11 17:00:00,301.4839166015249,301.81840839591706
2008-06-11 18:00:00,300.9085071487309,300.9281295282631
2008-06-11 20:00:00,299.8743986767503,300.43171506155807
2008-06-11 21:00:00,299.6417426063761,299.80950861902926
2008-06-12 05:00:00,305.5121332294952,302.9651151166308
2008-06-12 06:00:00,305.78163944003404,303.507946419973
2008-06-12 08:00:00,309.5110937274292,304.5556752773573
2008-06-12 09:00:00,307.63738345952913,302.56928604666734
2008-06-12 17:00:00,298.55481885724885,299.09797515634034
2008-06-12 18:00:00,298.33253518973,298.8038667464293
2008-06-12 20:00:00,297.5612376584845,297.52881903273664
2008-06-12 21:00:00,297.3122048870257,297.1149786903605
2008-06-13 05:00:00,297.7317709195412,297.8150135387074
2008-06-13 06:00:00,298.939427803404,298.95570648616564
2008-06-13 08:00:00,304.46701929124737,302.14505893607355
2008-06-13 09:00:00,304.31037590132655,301.8652661386734
2008-06-13 17:00:00,298.66432864713744,299.6116556599622
2008-06-13 18:00:00,297.900976924573,299.2384032497788
2008-06-13 20:00:00,298.24299856694347,300.13391117983497
2008-06-13 21:00:00,298.76447245593437,299.82198424258473
2008-06-14 05:00:00,302.59172565948063,301.59695721407337
2008-06-14 06:00:00,304.1167853639012,302.50733141318676
2008-06-14 08:00:00,308.7879136236864,305.9946053244851
2008-06-14 09:00:00,308.10731600392586,305.9438133063412
2008-06-14 17:00:00,300.2771467964161,300.780062753357
2008-06-14 18:00:00,299.83905948586016,300.3753594632142
2008-06-14 20:00:00,299.74060907349195,300.34193742514026
2008-06-14 21:00:00,299.53559760283247,299.7857471577743
2008-06-15 05:00:00,305.56792361784056,302.5489248972277
2008-06-15 06:00:00,307.5145109673311,303.96603527568703
2008-06-15 08:00:00,310.67959169173275,306.1866602728657
2008-06-15 09:00:00,310.8490281773642,306.7650336925348
2008-06-15 17:00:00,300.8649418247499,302.0828355692201
2008-06-15 18:00:00,300.4153283211777,301.6455540590918
2008-06-15 20:00:00,300.25826372754966,301.50284775085925
2008-06-15 21:00:00,300.11943301067146,301.14930779173494
2008-06-16 05:00:00,303.14831521808645,301.31839088004983
2008-06-16 06:00:00,304.6550470008321,302.3998812541756
2008-06-16 08:00:00,307.58153577431324,304.4554003229126
2008-06-16 09:00:00,307.71086715439617,304.84650831413563
2008-06-16 17:00:00,300.3581731763937,301.4933550442313
2008-06-16 18:00:00,299.9125362684253,301.05530314158955
2008-06-16 20:00:00,300.2278390658104,301.617154960456
2008-06-16 21:00:00,300.25823410339825,301.1918402908396
2008-06-17 05:00:00,304.6078455238754,302.6081511228588
2008-06-17 06:00:00,307.4694008379027,304.6203600350073
2008-06-17 08:00:00,308.21124813038693,305.2263656639722
2008-06-17 09:00:00,306.9399213511698,304.9863968248177
2008-06-17 17:00:00,301.6904058236004,302.6420077425306
2008-06-17 18:00:00,301.3905556183567,302.3201214477351
2008-06-17 20:00:00,300.9931235526486,302.1686622137649
2008-06-17 21:00:00,300.87235966522263,301.6626362381805
2008-06-18 05:00:00,306.3472102184325,303.1104218375702
2008-06-18 06:00:00,308.5245607960941,304.40310591358246
2008-06-18 08:00:00,311.36974775552386,306.84360133848503
2008-06-18 09:00:00,311.52504799582744,307.29987820712006
2008-06-18 17:00:00,300.7905763646671,302.58007029576004
2008-06-18 18:00:00,300.3997031565991,302.2976847268033
2008-06-18 20:00:00,300.70297243562067,301.9190888015441
2008-06-18 21:00:00,300.4442521669832,301.5177788874034
2008-06-19 05:00:00,305.45410454842636,302.7849624704323
2008-06-19 06:00:00,307.94172336948674,304.4902543125241
2008-06-19 08:00:00,309.05839938265154,305.4055784722139
2008-06-19 09:00:00,308.1775934251688,305.3972659353483
2008-06-19 17:00:00,301.0875375098183,301.6286861848758
2008-06-19 18:00:00,299.68515374370276,300.3279377330433
2008-06-19 20:00:00,299.5760668268189,301.7539324180004
2008-06-19 21:00:00,300.20696379627765,301.51165973680963
2008-06-20 05:00:00,305.64890466816433,302.6428488568275
2008-06-20 06:00:00,305.78821294517104,302.65804035674626
2008-06-20 08:00:00,309.7348565570379,305.95602419343317
2008-06-20 09:00:00,309.61414900252186,306.0435565072693
2008-06-20 17:00:00,301.20362073431033,302.0435917035824
2008-06-20 18:00:00,300.3936583955409,301.6393845239296
2008-06-20 20:00:00,298.2256749275102,299.93834659241384
2008-06-20 21:00:00,298.8155228860206,300.07200519109176
2008-06-21 05:00:00,305.4494407900677,303.09029199162325
2008-06-21 06:00:00,307.9153240656449,304.60985131403334
2008-06-21 08:00:00,308.623871319834,305.6449942566765
2008-06-21 09:00:00,308.4469503864118,305.99735968873387
2008-06-21 17:00:00,301.36058733312666,302.5656417588056
2008-06-21 18:00:00,300.9103101074971,302.0837376246284
2008-06-21 20:00:00,300.5955456467733,302.04225196309375
2008-06-21 21:00:00,300.6646030702282,302.04992431264446
2008-06-22 05:00:00,307.39603991868506,303.7527080471233
2008-06-22 06:00:00,309.8532334902254,305.27783043248627
2008-06-22 08:00:00,313.1819289197172,307.5450989851048
2008-06-22 09:00:00,313.84736729696834,308.1749158015787
2008-06-22 17:00:00,302.24810443049404,303.25624977899446
2008-06-22 18:00:00,301.82606840207137,302.81519582128306
2008-06-22 20:00:00,301.5036363410656,302.60984837512945
2008-06-22 21:00:00,300.99730765837916,302.01164776959297
2008-06-23 05:00:00,307.1828199953805,303.7832711429919
2008-06-23 06:00:00,309.4204953844632,305.1751396049888
2008-06-23 08:00:00,313.8974883751069,307.94519492033265
2008-06-23 09:00:00,314.78663856259476,308.6175184911132
2008-06-23 17:00:00,302.49999007826045,303.4639108713676
2008-06-23 18:00:00,301.7531260768144,302.83757686761936
2008-06-23 20:00:00,301.36344241949007,302.79313840704447
2008-06-23 21:00:00,301.0730043713962,302.1945834402311
2008-06-24 05:00:00,308.63839155059014,304.55919093527297
2008-06-24 06:00:00,310.9011652495351,305.8300775842417
2008-06-24 08:00:00,314.5492559823858,308.1928556938936
2008-06-24 09:00:00,315.25499618365694,308.71655590839123
2008-06-24 17:00:00,302.812334669022,303.84446380097984
2008-06-24 18:00:00,302.2015153505769,303.2653789079428
2008-06-24 20:00:00,301.5997792201344,302.7190887498195
2008-06-24 21:00:00,301.4261507525099,302.47022471846714
2008-06-25 05:00:00,308.7507311052461,304.9912228106718
2008-06-25 06:00:00,311.32359551428283,306.38816953403375
2008-06-25 08:00:00,316.34173214858043,308.4420259825437
2008-06-25 09:00:00,316.5031761322257,308.78715679715344
2008-06-25 17:00:00,302.92884702050634,303.15981818200623
2008-06-25 18:00:00,302.37457548120904,302.71952685810203
2008-06-25 20:00:00,301.89511888971316,302.6180798922922
2008-06-25 21:00:00,301.6415183562527,302.45697404717447
2008-06-26 05:00:00,305.3778269199084,303.46155300052214
2008-06-26 06:00:00,307.35056821003167,304.5183440033571
2008-06-26 08:00:00,313.75997833110887,308.7241001922655
2008-06-26 09:00:00,315.2692549930332,309.5722787677783
2008-06-26 17:00:00,301.5829457663608,301.8397712883854
2008-06-26 18:00:00,300.2656212852255,300.7347049801302
2008-06-26 20:00:00,298.55535051672047,298.8612995353428
2008-06-26 21:00:00,298.12162964149326,298.8580756282953
2008-06-27 05:00:00,305.18087676860887,302.29383292881477
2008-06-27 06:00:00,306.27211362959235,303.07547841123517
2008-06-27 08:00:00,309.3249790561952,305.31244256206213
2008-06-27 09:00:00,309.92245502207425,305.8118255568212
2008-06-27 17:00:00,300.10187360061155,300.51890794374907
2008-06-27 18:00:00,299.4799942698428,300.32495700266037
2008-06-27 20:00:00,298.9742856488573,299.14823038956416
2008-06-27 21:00:00,298.7773028874801,299.2054695164661
2008-06-28 05:00:00,307.0328570396764,303.9490654567725
2008-06-28 06:00:00,309.27002700782157,305.15694482741634
2008-06-28 08:00:00,309.6602898878383,304.64547400334953
2008-06-28 09:00:00,309.53592464405875,304.942736562485
2008-06-28 17:00:00,300.14240108542884,300.84967816886257
2008-06-28 18:00:00,300.0780026005303,300.8321672624726
2008-06-28 20:00:00,298.7284039701629,298.9717991010434
2008-06-28 21:00:00,297.7173836683088,298.6047552076437
2008-06-29 05:00:00,308.09209511496806,304.476138686546
2008-06-29 06:00:00,310.8190304325615,306.19373193396996
2008-06-29 08:00:00,311.52617430135905,307.5614860781536
2008-06-29 09:00:00,312.2568096284323,308.3027047038262
2008-06-29 17:00:00,300.328669002868,301.00514738438494
2008-06-29 18:00:00,299.681576556895,300.3939723175002
2008-06-29 20:00:00,298.2192698098111,298.377783165507
2008-06-29 21:00:00,297.8710664534605,298.176202218595
2008-06-30 05:00:00,308.3970201019146,304.9855538296222
2008-06-30 06:00:00,310.54515639953144,306.33525934204664
2008-06-30 08:00:00,313.9312139431758,308.2996828758111
2008-06-30 09:00:00,314.1138904730234,308.76205004675916
2008-06-30 17:00:00,300.68002726080243,300.2754552338634
2008-06-30 18:00:00,299.0032196985371,299.37761132191804
2008-06-30 20:00:00,298.90998259604623,299.835915328909
2008-06-30 21:00:00,298.76974825866415,299.7407402896734
2008-07-01 05:00:00,309.81169544566757,305.79266606640925
2008-07-01 06:00:00,311.783091376118,306.8529880094602
2008-07-01 08:00:00,312.17569096687214,306.6200541538891
2008-07-01 09:00:00,312.50813911802413,306.97702574178874
2008-07-01 17:00:00,299.7155712110052,300.2539262345466
2008-07-01 18:00:00,299.42736689445604,300.128167221469
2008-07-01 20:00:00,299.4222166417009,299.95910073208336
2008-07-01 21:00:00,299.1500248607759,299.17160466786345
2008-07-02 05:00:00,308.9285592665474,305.39094983117053
2008-07-02 06:00:00,311.45213411916023,306.9894423756651
2008-07-02 08:00:00,314.73511000811044,308.7080590669841
2008-07-02 09:00:00,315.11508016483447,308.982768101391
2008-07-02 17:00:00,301.1646318714865,301.3538786619213
2008-07-02 18:00:00,300.0774474768499,301.12629330580705
2008-07-02 20:00:00,299.42405366824113,300.5779299273146
2008-07-02 21:00:00,299.24612236316835,300.61817205631866
2008-07-03 05:00:00,307.61667890504623,304.30797404096745
2008-07-03 06:00:00,310.30070507361086,306.096714860302
2008-07-03 08:00:00,313.3554455209035,308.30831135660185
2008-07-03 09:00:00,313.7287413093085,308.9476133561098
2008-07-03 17:00:00,302.4624547737956,303.30183906731514
2008-07-03 18:00:00,302.0657131389036,303.097086925536
2008-07-03 20:00:00,301.8181655484098,302.33326128708376
2008-07-03 21:00:00,301.1248162832393,301.3732263127167
2008-07-04 05:00:00,306.6790492641173,302.9841376541209
2008-07-04 06:00:00,309.16021300611226,304.50532416533247
2008-07-04 08:00:00,313.62260136067954,307.68209248735286
2008-07-04 09:00:00,314.35478344463235,308.4751489577565
2008-07-04 17:00:00,302.26996552595193,303.36541221395294
2008-07-04 18:00:00,301.64915739038884,302.65618901186616
2008-07-04 20:00:00,301.0593210699378,301.7963251898579
2008-07-04 21:00:00,300.6924860738275,301.1549666159326
2008-07-05 05:00:00,307.5068176222509,303.40429033887773
2008-07-05 06:00:00,309.72130616456957,304.7747802499263
2008-07-05 08:00:00,312.67608026583866,307.2201151796409
2008-07-05 09:00:00,312.64062563480326,307.4687661522159
2008-07-05 17:00:00,303.13213467120397,303.49393346754175
2008-07-05 18:00:00,302.45882240612815,302.69855183041517
2008-07-05 20:00:00,300.9463685069503,301.3277178560089
2008-07-05 21:00:00,300.36558709049075,300.7874227326897
2008-07-06 05:00:00,306.15689601810027,302.7876785819079
2008-07-06 06:00:00,306.7470001784973,303.18285749579434
2008-07-06 08:00:00,308.6445310148877,304.8471751161643
2008-07-06 09:00:00,309.11196875902834,305.19977330941083
2008-07-06 17:00:00,301.4624302750927,302.01771143368103
2008-07-06 18:00:00,301.0293825499266,301.5695654541392
2008-07-06 20:00:00,299.61336224619157,299.5819800895609
2008-07-06 21:00:00,297.34711010761,298.7585282524121
2008-07-07 05:00:00,297.7462007731245,298.1483183685914
2008-07-07 06:00:00,298.14213606683063,298.5925791406852
2008-07-07 08:00:00,303.0741782871711,302.85385376352747
2008-07-07 09:00:00,304.33382101896547,303.1003397043754
2008-07-07 17:00:00,299.8658757613877,300.70559210402575
2008-07-07 18:00:00,299.7940685583741,300.54154309947245
2008-07-07 20:00:00,298.4684497145549,299.1278380642319
2008-07-07 21:00:00,298.06164698902006,298.87486321165676
2008-07-08 05:00:00,299.8714113867338,299.15980880102506
2008-07-08 06:00:00,301.6929659145455,300.23387496313444
2008-07-08 08:00:00,302.00766454382193,300.40611556277986
2008-07-08 09:00:00,301.97334219017085,300.62860594104365
2008-07-08 17:00:00,298.9934789249085,299.5550424255465
2008-07-08 18:00:00,297.8505238913608,299.00732687551914
2008-07-08 20:00:00,297.0748705048407,298.59209647861945
2008-07-08 21:00:00,296.89443997940043,297.9910310295587
2008-07-09 05:00:00,302.81104110459154,301.15387416657387
2008-07-09 06:00:00,304.527339376911,302.2411150351878
2008-07-09 08:00:00,306.74784197461986,304.3647631393926
2008-07-09 09:00:00,306.2507024450552,304.2873991274136
2008-07-09 17:00:00,298.0118597233424,297.69812354982724
2008-07-09 18:00:00,297.8111364896566,297.4797451213255
2008-07-09 20:00:00,297.1872142209845,297.0236750104578
2008-07-09 21:00:00,297.27776090977557,297.14329060935097
2008-07-10 05:00:00,300.04771543247125,299.53936814600587
2008-07-10 06:00:00,300.9753631215617,299.69716563173364
2008-07-10 08:00:00,305.12150197550767,302.03106661239644
2008-07-10 09:00:00,306.15623981963694,302.6560870201452
2008-07-10 17:00:00,297.8440390235654,298.1642150878906
2008-07-10 18:00:00,297.7725793635717,297.97107662441925
2008-07-10 20:00:00,297.6865710007208,297.91379308480145
2008-07-10 21:00:00,297.43506277874917,297.61074032070826
2008-07-11 05:00:00,301.6206615430364,300.1450075405221
2008-07-11 06:00:00,303.2017090360997,301.1649675883571
2008-07-11 08:00:00,306.45284239500074,303.06355332666993
2008-07-11 09:00:00,307.89270999949593,303.90529492676535
2008-07-11 17:00:00,298.04249144849496,298.0998775441033
2008-07-11 18:00:00,297.84575630740505,297.8565265908263
2008-07-11 20:00:00,297.30471869940385,297.09876266503005
2008-07-11 21:00:00,297.159715861128,296.7820448912164
2008-07-12 05:00:00,297.42844211008224,296.9621734854253
2008-07-12 06:00:00,297.71368603346343,297.08566074929735
2008-07-12 08:00:00,299.66670647901816,299.61076173943985
2008-07-12 09:00:00,300.0145723081333,299.4301291584785
2008-07-12 17:00:00,296.96306724136895,297.63424666159324
2008-07-12 18:00:00,296.6951860565985,297.37378505712667
2008-07-12 20:00:00,296.7343689811248,297.2513091993993
2008-07-12 21:00:00,296.6639418873838,297.2862720460113
2008-07-13 05:00:00,300.3005867650953,299.4171499478615
2008-07-13 06:00:00,301.7484791054747,300.6116727526272
2008-07-13 08:00:00,303.04219859259894,301.5243381212232
2008-07-13 09:00:00,303.4363414135479,301.98756984716573
2008-07-13 17:00:00,298.69621145192576,299.8644583397911
2008-07-13 18:00:00,298.4470952155961,299.4454944769297
2008-07-13 20:00:00,298.4128263264849,299.48437591693806
2008-07-13 21:00:00,298.1970532480484,299.1628504725193
2008-07-14 05:00:00,303.3417178302406,301.3989104989497
2008-07-14 06:00:00,304.6743469943619,302.31251852685017
2008-07-14 08:00:00,306.404436790337,303.862244287147
2008-07-14 09:00:00,306.5460539407833,304.2491223257385
2008-07-14 17:00:00,298.7778182301573,299.69055968109745
2008-07-14 18:00:00,298.2332065153196,299.1732194427349
2008-07-14 20:00:00,298.22438545403384,299.6046885062807
2008-07-14 21:00:00,298.2138858789288,299.4486620745784
2008-07-15 05:00:00,303.5185276025617,301.5306083549887
2008-07-15 06:00:00,305.3399203025688,302.6605603845535
2008-07-15 08:00:00,307.5747030108295,304.4407422928303
2008-07-15 09:00:00,307.40349805740806,304.67622801041574
2008-07-15 17:00:00,298.89510607609213,300.0495900064478
2008-07-15 18:00:00,298.2965680843877,299.50754346098114
2008-07-15 20:00:00,298.066940895398,299.5523456638142
2008-07-15 21:00:00,297.9862666666416,299.3344180866823
2008-07-16 05:00:00,303.07658186385004,300.8536174286312
2008-07-16 06:00:00,304.98092138822346,302.07026552456
2008-07-16 08:00:00,307.65295617055085,304.479327256213
2008-07-16 09:00:00,308.07674519637334,305.0415283579305
2008-07-16 17:00:00,298.67354027699616,300.0565855381853
2008-07-16 18:00:00,298.382426210471,299.8425745559951
2008-07-16 20:00:00,298.9703113808654,300.2752894796833
2008-07-16 21:00:00,298.765468509245,299.8271844802175
2008-07-17 05:00:00,303.51401890077284,301.4159065563984
2008-07-17 06:00:00,305.6794883363603,302.68018403369217
2008-07-17 08:00:00,307.933292053881,304.60426664425887
2008-07-17 09:00:00,308.4162640681804,305.11663627918404
2008-07-17 17:00:00,299.5944390201422,300.8639276677912
2008-07-17 18:00:00,299.35802914659126,300.5057622265926
2008-07-17 20:00:00,298.5831830417063,299.7694042658402
2008-07-17 21:00:00,298.3587203062554,299.48649804066804
2008-07-18 05:00:00,304.6120000524771,302.59406594392516
2008-07-18 06:00:00,306.64785510329136,303.63092052771236
2008-07-18 08:00:00,307.9702701421658,304.5764382102273
2008-07-18 09:00:00,308.90899648798637,305.26043738789843
2008-07-18 17:00:00,300.0903823217736,301.1076994015733
2008-07-18 18:00:00,299.7446372292258,300.75386162568316
2008-07-18 20:00:00,298.9687591928914,300.0041295126517
2008-07-18 21:00:00,298.50774760900185,299.4432110661535
2008-07-19 05:00:00,305.010830143016,302.41351200803217
2008-07-19 06:00:00,306.9205902052587,303.6374921754623
2008-07-19 08:00:00,308.6532349667307,305.2048641492847
2008-07-19 09:00:00,308.61977011470475,305.28781675741374
2008-07-19 17:00:00,300.99043426748784,301.8698301859005
2008-07-19 18:00:00,300.3785614342829,301.3020738504701
2008-07-19 20:00:00,299.94723049922055,300.91149171144457
2008-07-19 21:00:00,299.58235086167724,300.4204053129364
2008-07-20 05:00:00,305.55116422444536,302.94766475166125
2008-07-20 06:00:00,307.5536592363025,304.2259067952725
2008-07-20 08:00:00,309.9114698224883,305.9319246641844
2008-07-20 09:00:00,309.6557833961052,306.1669927752808
2008-07-20 17:00:00,300.35736845748266,301.36739240038014
2008-07-20 18:00:00,300.1438248785692,301.1658665873053
2008-07-20 20:00:00,300.1632989962773,301.2371141054598
2008-07-20 21:00:00,299.91949907252894,300.783137740266
2008-07-21 05:00:00,306.02243401714026,303.35250910919143
2008-07-21 06:00:00,308.30365288827016,304.3614296464964
2008-07-21 08:00:00,309.3799671707976,305.4258068537308
2008-07-21 09:00:00,309.216709836422,305.5442873068693
2008-07-21 17:00:00,300.8934586676317,301.74541801370344
2008-07-21 18:00:00,300.52332095482683,301.36371743036165
2008-07-21 20:00:00,300.43584031867687,301.4946444471738
2008-07-21 21:00:00,300.2463366445298,301.18830102764775
2008-07-22 05:00:00,304.7457927592179,303.25154165494246
2008-07-22 06:00:00,306.4829802432303,304.2091861483863
2008-07-22 08:00:00,310.3354472673178,305.47629701117705
2008-07-22 09:00:00,310.4178518756696,305.76574128654966
2008-07-22 17:00:00,299.33193106864377,300.4919586416753
2008-07-22 18:00:00,299.2722939372247,300.45624186041175
2008-07-22 20:00:00,299.244946260849,300.8391049565813
2008-07-22 21:00:00,299.0592504421993,300.43714754313277
2008-07-23 05:00:00,306.3571858927723,303.9021325721212
2008-07-23 06:00:00,308.78067627893574,305.32043464084626
2008-07-23 08:00:00,312.10838371946926,307.2434333836536
2008-07-23 09:00:00,311.7777015674279,307.4582109495378
2008-07-23 17:00:00,301.2627818103196,302.28776251700333
2008-07-23 18:00:00,300.7593713181412,301.77758325891244
2008-07-23 20:00:00,300.4011627573446,301.6371948054098
2008-07-23 21:00:00,300.14655396824446,301.3301464251267
2008-07-24 05:00:00,307.2362378888946,304.63739911800906
2008-07-24 06:00:00,309.38129616665367,305.8875327088249
2008-07-24 08:00:00,311.9750495757821,307.55674750705714
2008-07-24 09:00:00,311.91519926802954,307.7879878251322
2008-07-24 17:00:00,301.92215203283746,302.9258411331059
2008-07-24 18:00:00,301.54865146160864,302.55172461464156
2008-07-24 20:00:00,300.9378002384227,301.975126528042
2008-07-24 21:00:00,300.5006679775902,301.4956170362758
2008-07-25 05:00:00,307.3614583066873,304.60179070001027
2008-07-25 06:00:00,309.5884759606125,305.8284046896066
2008-07-25 08:00:00,313.1542959345507,307.8648617454964
2008-07-25 09:00:00,312.56226408830594,308.0275157581676
2008-07-25 17:00:00,301.4850672882033,302.495920989473
2008-07-25 18:00:00,301.1526326089868,302.30837272091526
2008-07-25 20:00:00,301.3452675794416,302.564141460119
2008-07-25 21:00:00,301.19096522632475,302.23656789253596
2008-07-26 05:00:00,305.8811967376568,303.7744579579687
2008-07-26 06:00:00,305.9912859853501,303.9744348746419
2008-07-26 08:00:00,309.35231083897855,304.8417470782123
2008-07-26 09:00:00,311.3185821909383,306.0798641257735
2008-07-26 17:00:00,301.34314256383016,301.1131090302313
2008-07-26 18:00:00,300.09933869019494,300.0782439198075
2008-07-26 20:00:00,297.90755475577663,298.25383096703763
2008-07-26 21:00:00,297.54657125840384,297.96387541643094
2008-07-27 05:00:00,307.10774818737815,304.37669048103606
2008-07-27 06:00:00,308.77612680867196,305.4971719280414
2008-07-27 08:00:00,310.3186123323367,306.95589894910444
2008-07-27 09:00:00,308.5278711539388,306.3701977369781
2008-07-27 17:00:00,299.2790697565064,299.8076084648332
2008-07-27 18:00:00,299.08253890450453,299.472182099
2008-07-27 20:00:00,298.08889391976993,297.73903915804965
2008-07-27 21:00:00,297.68614676406463,297.4188450370989
2008-07-28 05:00:00,300.23051770038336,300.0035041844349
2008-07-28 06:00:00,303.94022845487194,301.84447682620197
2008-07-28 08:00:00,307.84400815331884,304.3071293059409
2008-07-28 09:00:00,307.9305248995224,304.75438425684194
2008-07-28 17:00:00,299.3706748739046,299.88319578009134
2008-07-28 18:00:00,299.1588208590891,299.6402970418357
2008-07-28 20:00:00,299.0937479780341,299.9800525541849
2008-07-28 21:00:00,298.97684771474593,299.7428170132159
2008-07-29 05:00:00,305.58290739603143,303.31059540218126
2008-07-29 06:00:00,307.9506588129123,304.5456862016158
2008-07-29 08:00:00,310.00714781398216,306.0853913105875
2008-07-29 09:00:00,310.41643525345484,306.59061552967603
2008-07-29 17:00:00,298.95529174804693,299.5937067158233
2008-07-29 18:00:00,298.78298164920193,299.4568238574294
2008-07-29 20:00:00,298.8924170025324,299.77776509477474
2008-07-29 21:00:00,298.7564994917812,299.5002762099444
2008-07-30 05:00:00,303.79086259039593,301.83018550079305
2008-07-30 06:00:00,305.16727309969065,303.1313850626189
2008-07-30 08:00:00,308.83110587145035,305.32285265342114
2008-07-30 09:00:00,309.4665804776279,305.2926086754939
2008-07-30 17:00:00,299.127718086419,299.876986581482
2008-07-30 18:00:00,299.0138520180537,299.8029313050727
2008-07-30 20:00:00,298.7715971818874,299.66836792368366
2008-07-30 21:00:00,298.5751301863896,299.418623185121
2008-07-31 05:00:00,304.0380967526664,302.0989076352817
2008-07-31 06:00:00,305.0720436789773,302.8259871002339
2008-07-31 08:00:00,304.4303490825353,301.3982657739672
2008-07-31 09:00:00,303.49837854793884,301.9049827446372
2008-07-31 17:00:00,299.78546683336447,300.2323415841454
2008-07-31 18:00:00,298.85919925354665,299.2786294146569
2008-07-31 20:00:00,298.4183497024795,298.8936027209454
2008-07-31 21:00:00,298.0441502128801,298.1929660556129
2008-08-01 05:00:00,298.9443775288681,298.26800537109375
2008-08-01 06:00:00,300.6454967387101,298.94722892396805
2008-08-01 08:00:00,300.23652413813466,299.32075201895645
2008-08-01 09:00:00,300.5800683913503,299.5772552255122
2008-08-01 17:00:00,297.84511224073697,298.18784027804946
2008-08-01 18:00:00,297.86894581093816,297.89744589031204
2008-08-01 20:00:00,297.36330553710184,297.2226704037612
2008-08-01 21:00:00,297.3157024883159,297.08761490879147
2008-08-02 05:00:00,298.8576366500972,298.0443389140219
2008-08-02 06:00:00,300.26465638429613,298.82456027414474
2008-08-02 08:00:00,303.5774529079443,301.2617360072437
2008-08-02 09:00:00,303.0943720131332,300.15186181678246
2008-08-02 17:00:00,297.4088048009182,297.4774626509985
2008-08-02 18:00:00,297.392144037138,297.42873480139974
2008-08-02 20:00:00,297.2403332162161,296.896938894122
2008-08-02 21:00:00,297.18060742394397,296.68993900810443
2008-08-03 05:00:00,297.6462883853766,297.8387941381046
2008-08-03 06:00:00,298.8127780203092,299.0231353571676
2008-08-03 08:00:00,304.1328159796622,302.577470165188
2008-08-03 09:00:00,304.1891495714937,302.32033046258067
2008-08-03 17:00:00,297.6152311774726,297.87283666108164
2008-08-03 18:00:00,297.4389570380213,297.5362579157613
2008-08-03 20:00:00,297.19238676238683,297.3307912911767
2008-08-03 21:00:00,297.1851403893234,297.2812582759534
2008-08-04 05:00:00,298.2530119297868,298.1957533120742
2008-08-04 06:00:00,297.87544457387116,297.8223841686278
2008-08-04 08:00:00,300.1946669286131,299.68307041350425
2008-08-04 09:00:00,300.8685517862141,300.3090982069771
2008-08-04 17:00:00,297.2826120761584,297.2824695745859
2008-08-04 18:00:00,297.0192453534284,297.0158527297856
2008-08-04 20:00:00,297.0602700772749,297.0272851835231
2008-08-04 21:00:00,297.04109911338213,296.9461765142362
2008-08-05 05:00:00,296.9892230158778,296.54079041091614
2008-08-05 06:00:00,297.1063046212924,296.60547161837025
2008-08-05 08:00:00,298.009192538739,297.1846635345318
2008-08-05 09:00:00,298.8920600079976,298.1795495596064
2008-08-05 17:00:00,296.92230842954757,297.18340116950515
2008-08-05 18:00:00,296.6976305898423,296.875058260831
2008-08-05 20:00:00,296.28432776123424,296.31732156574265
2008-08-05 21:00:00,296.2284173245423,296.2198190086611
2008-08-06 05:00:00,297.5205086118819,297.55897639528814
2008-08-06 06:00:00,298.4886661993888,298.2171853980959
2008-08-06 08:00:00,301.3091735839844,300.62137964657165
2008-08-06 09:00:00,300.6991842590238,300.25488499904446
2008-08-06 17:00:00,296.9758005715299,297.93278783201623
2008-08-06 18:00:00,296.8487553765484,297.86071664489845
2008-08-06 20:00:00,297.37629182459943,298.5530699978257
2008-08-06 21:00:00,297.5006237999868,298.3195726250647
2008-08-07 05:00:00,298.17214942309084,297.7151472094614
2008-08-07 06:00:00,299.67659151756163,298.9904587661908
2008-08-07 08:00:00,301.71492105492825,300.6303897381564
2008-08-07 09:00:00,302.76423398151604,301.36734697668135
2008-08-07 17:00:00,297.7334638457453,298.4567635746326
2008-08-07 18:00:00,297.63342762434246,298.2298015953029
2008-08-07 20:00:00,297.55408114534686,297.99065656617904
2008-08-07 21:00:00,297.47275657242363,297.804261758625
2008-08-08 05:00:00,300.28052077565246,299.3677276705373
2008-08-08 06:00:00,300.673938651298,299.9357766032403
2008-08-08 08:00:00,301.5837906894772,300.9686315504171
2008-08-08 09:00:00,302.23865759427815,301.5048694110982
2008-08-08 17:00:00,298.5580090962132,299.18563875689165
2008-08-08 18:00:00,298.3562566818919,298.9680419122493
2008-08-08 20:00:00,298.04630062062125,298.7105560067622
2008-08-08 21:00:00,297.94188740734694,298.4782497364861
2008-08-09 05:00:00,299.2537686857861,298.5136668435965
2008-08-09 06:00:00,299.7338289986774,299.10594313611233
2008-08-09 08:00:00,304.19279127312,302.0519264115391
2008-08-09 09:00:00,305.30023802300263,302.6341995685971
2008-08-09 17:00:00,298.0529194554122,298.76449006584653
2008-08-09 18:00:00,297.7555688937383,298.40324347779637
2008-08-09 20:00:00,297.3208666126975,298.01037915057873
2008-08-09 21:00:00,297.1133843467489,297.7262346829031
2008-08-10 05:00:00,301.59286964545817,300.66044576730127
2008-08-10 06:00:00,302.9477064135629,301.38859722684083
2008-08-10 08:00:00,305.11714814219897,302.3253776185869
2008-08-10 09:00:00,305.34569933969175,302.63854507893
2008-08-10 17:00:00,298.1306040665402,298.7565044996735
2008-08-10 18:00:00,297.712147529026,298.518191580045
2008-08-10 20:00:00,297.9351491825239,298.13607477737685
2008-08-10 21:00:00,297.4092071486181,297.70512460670415
2008-08-11 05:00:00,300.7423053382909,299.7150582899849
2008-08-11 06:00:00,302.24867848071557,300.8014250110221
2008-08-11 08:00:00,304.76556960753925,302.5159794788331
2008-08-11 09:00:00,305.8269167578276,303.1053064519709
2008-08-11 17:00:00,298.1436022977432,298.2501547744351
2008-08-11 18:00:00,297.8895562029399,297.8053723821655
2008-08-11 20:00:00,297.49191145463425,297.8853305528638
2008-08-11 21:00:00,297.3097573208331,297.713605248873
2008-08-12 05:00:00,298.3815801117931,298.74755302158826
2008-08-12 06:00:00,299.42747206019334,299.64614456717516
2008-08-12 08:00:00,303.04882734912934,300.84369625332545
2008-08-12 09:00:00,302.59659264892207,300.68849391378865
2008-08-12 17:00:00,297.3494380486581,297.5416883283477
2008-08-12 18:00:00,297.2423010592468,297.4401336810989
2008-08-12 20:00:00,297.1091611653521,297.43701073127835
2008-08-12 21:00:00,297.11703615820466,297.40653192317353
2008-08-13 05:00:00,300.0783415149283,299.335194803717
2008-08-13 06:00:00,302.40405623754845,300.3120404729858
2008-08-13 08:00:00,302.07274431366767,301.0325913392524
2008-08-13 09:00:00,301.59638038952653,300.78927692242877
2008-08-13 17:00:00,297.62173443105075,297.6825720694473
2008-08-13 18:00:00,297.4257546587975,297.50045543606
2008-08-13 20:00:00,297.1762059568808,297.3085694628981
2008-08-13 21:00:00,297.1570915610103,297.0800260476229
2008-08-14 05:00:00,297.7432979354506,297.317773475118
2008-08-14 06:00:00,298.22483512984223,298.02074706278887
2008-08-14 08:00:00,300.0710625552984,300.2825237209514
2008-08-14 09:00:00,299.9685130067893,299.85476115598516
2008-08-14 17:00:00,297.41300030959593,297.8741329293038
2008-08-14 18:00:00,297.33809192816176,297.58026113642387
2008-08-14 20:00:00,297.2870749780687,297.60142832140343
2008-08-14 21:00:00,297.11344641639937,297.2850438192923
2008-08-15 05:00:00,297.46565230124173,297.1499659181192
2008-08-15 06:00:00,298.03311719144995,297.56927248068695
2008-08-15 08:00:00,303.43883122942304,302.03748917542913
2008-08-15 09:00:00,303.4347821486934,302.55378151821617
2008-08-15 17:00:00,298.264163306755,298.9050435211699
2008-08-15 18:00:00,297.77735790376124,298.36156194419453
2008-08-15 20:00:00,297.6639517621009,298.33801648062075
2008-08-15 21:00:00,297.40628973398077,298.00836165182767
2008-08-16 05:00:00,300.5720978723652,299.4252442299677
2008-08-16 06:00:00,301.9415294488516,300.3022024804161
2008-08-16 08:00:00,304.0867828228073,302.28727870288725
2008-08-16 09:00:00,304.21840008234574,302.7073785814188
2008-08-16 17:00:00,297.7496642831294,298.60405610118335
2008-08-16 18:00:00,297.2946225770266,298.0853583008189
2008-08-16 20:00:00,296.98046722176997,297.81938340667585
2008-08-16 21:00:00,296.6343330418568,297.4088672702596
2008-08-17 05:00:00,301.1906458497599,299.78702395869703
2008-08-17 06:00:00,302.8113714373901,300.79366155545034
2008-08-17 08:00:00,305.3199836954314,302.54372235549437
2008-08-17 09:00:00,305.5511465675108,302.9100274319642
2008-08-17 17:00:00,296.5316626691304,297.6345411632755
2008-08-17 18:00:00,296.22691486282235,297.29529542144166
2008-08-17 20:00:00,296.0728202549445,297.23429346305016
2008-08-17 21:00:00,295.8286612911842,296.8422280474694
2008-08-18 05:00:00,300.55913483747537,299.13899837546796
2008-08-18 06:00:00,301.6972842694064,299.8672496872066
2008-08-18 08:00:00,304.455272633416,302.0183256175742
2008-08-18 09:00:00,304.74240441461933,302.37805756508664
2008-08-18 17:00:00,295.886286895705,297.1770515383117
2008-08-18 18:00:00,295.5398244990039,296.8245002499714
2008-08-18 20:00:00,295.2685309411565,296.5391463175393
2008-08-18 21:00:00,294.99222892678944,296.13596559121913
2008-08-19 05:00:00,300.95205342861465,299.4395124203252
2008-08-19 06:00:00,302.48289997588694,300.3675089690645
2008-08-19 08:00:00,304.1675267388531,301.7033585135485
2008-08-19 09:00:00,304.6116436222118,302.1930167928499
2008-08-19 17:00:00,295.9071714991965,297.03208236811895
2008-08-19 18:00:00,295.4857708147751,296.56483708691707
2008-08-19 20:00:00,295.15713705524274,296.4085385127134
2008-08-19 21:00:00,294.93650223036946,296.09784008431694
2008-08-20 05:00:00,300.70857925297486,299.00746009015523
2008-08-20 06:00:00,302.49805493935236,300.0270770150818
2008-08-20 08:00:00,304.804778606021,301.8199558816449
2008-08-20 09:00:00,305.10491270938167,302.2235105540977
2008-08-20 17:00:00,295.68914606832027,296.77218811317294
2008-08-20 18:00:00,295.34923225485124,296.3570599431066
2008-08-20 20:00:00,294.6729538833783,295.8074273343079
2008-08-20 21:00:00,294.2633248492272,295.4119747967125
2008-08-21 05:00:00,300.7918673663734,299.39505127141217
2008-08-21 06:00:00,302.76650488431727,300.5771753343485
2008-08-21 08:00:00,304.6272332142976,301.90122372196714
2008-08-21 09:00:00,305.00892267682707,302.3258616913265
2008-08-21 17:00:00,296.4936258701037,297.4043541013368
2008-08-21 18:00:00,295.89196189562966,296.6752085634299
2008-08-21 20:00:00,296.0083877022718,296.89887772429336
2008-08-21 21:00:00,295.9048916386162,296.63878787941485
2008-08-22 05:00:00,300.42230953457545,299.005308859521
2008-08-22 06:00:00,302.8737514830885,300.294562834988
2008-08-22 08:00:00,306.00398520071445,302.1591998131139
2008-08-22 09:00:00,306.1578770712454,302.4425271949709
2008-08-22 17:00:00,296.98772361061793,298.0970954366017
2008-08-22 18:00:00,296.5432522014036,297.6579873859423
2008-08-22 20:00:00,296.35095393529105,297.55124136479503
2008-08-22 21:00:00,296.14727131942027,297.15508240874635
2008-08-23 05:00:00,301.56891238266957,300.1570229787489
2008-08-23 06:00:00,302.8909296820454,301.06155917457147
2008-08-23 08:00:00,304.4238365185095,302.44224745834185
2008-08-23 09:00:00,304.71605570694703,302.6824780715449
2008-08-23 17:00:00,297.8742315589188,298.9625682389975
2008-08-23 18:00:00,297.6758904361578,298.82135797391874
2008-08-23 20:00:00,297.38227435142863,298.5686076065792
2008-08-23 21:00:00,297.15263474850883,298.2145628378094
2008-08-24 05:00:00,300.41965979530556,299.76066758636335
2008-08-24 06:00:00,303.4504914834797,301.2116169275598
2008-08-24 08:00:00,305.7963121411246,303.8219511857937
2008-08-24 09:00:00,305.91894632348294,304.13340867429014
2008-08-24 17:00:00,298.7767392057116,300.0007841700949
2008-08-24 18:00:00,298.4767465929405,299.67650697117415
2008-08-24 20:00:00,298.24263364912366,299.31119867686317
2008-08-24 21:00:00,297.94765059790006,298.8249096980631
2008-08-25 05:00:00,301.4322631788915,300.75956961186534
2008-08-25 06:00:00,304.09917056138056,302.24423434076766
2008-08-25 08:00:00,306.941517998882,304.716773786971
2008-08-25 09:00:00,307.3721874689652,305.2553078955605
2008-08-25 17:00:00,298.3614119895618,299.80611604240903
2008-08-25 18:00:00,298.1810474131251,299.682981000292
2008-08-25 20:00:00,298.04101376761275,299.40010284752987
2008-08-25 21:00:00,297.8087672393752,298.96244931919
2008-08-26 05:00:00,302.46525087047985,301.58263711091735
2008-08-26 06:00:00,303.9909777531088,302.5857222781894
2008-08-26 08:00:00,307.9067159926028,305.5137280198202
2008-08-26 09:00:00,308.4365277870778,306.011239214928
2008-08-26 17:00:00,298.859390047188,300.11314904634685
2008-08-26 18:00:00,298.70215457393135,299.85337530997214
2008-08-26 20:00:00,298.25559261657054,298.8879067254911
2008-08-26 21:00:00,297.8814352355863,298.3205517502889
2008-08-27 05:00:00,301.55729717613184,300.7151787380225
2008-08-27 06:00:00,303.6103525499717,301.64872595929586
2008-08-27 08:00:00,306.79221486237094,304.18400105856966
2008-08-27 09:00:00,307.10907723025656,304.6578505035542
2008-08-27 17:00:00,298.916452863367,299.6040479662973
2008-08-27 18:00:00,298.4440098837454,299.14177589827955
2008-08-27 20:00:00,297.6362196535837,298.3874720498483
2008-08-27 21:00:00,297.2708952775905,297.97919648674497
2008-08-28 05:00:00,303.040961525657,301.3919674442803
2008-08-28 06:00:00,304.84309450687357,302.66898605746377
2008-08-28 08:00:00,305.5945122811387,303.5553978918513
2008-08-28 09:00:00,305.3072812355171,303.4771184230623
2008-08-28 17:00:00,297.9944539591785,299.06307233390163
2008-08-28 18:00:00,297.53697639547624,298.4900391612472
2008-08-28 20:00:00,296.6126639861355,297.56366658027076
2008-08-28 21:00:00,296.26090678962976,297.2053000475115
2008-08-29 05:00:00,302.6260308264217,301.0255166216881
2008-08-29 06:00:00,303.79288321614086,301.8443707670379
2008-08-29 08:00:00,304.7700652370835,302.67467229575703
2008-08-29 09:00:00,305.3516047731938,303.24486669884254
2008-08-29 17:00:00,297.2133161547739,298.4128370005838
2008-08-29 18:00:00,296.717568443075,297.8713693251412
2008-08-29 20:00:00,296.35866098741906,297.5426579080121
2008-08-29 21:00:00,296.10676381914936,297.19355254327576
2008-08-30 05:00:00,302.6589358290098,300.84162138717016
2008-08-30 06:00:00,304.5722870907541,301.93912138152746
2008-08-30 08:00:00,305.5829819031232,302.94749525919536
2008-08-30 09:00:00,306.22003735746557,303.52695414538744
2008-08-30 17:00:00,297.4470927234056,298.505359502713
2008-08-30 18:00:00,296.71452284520507,297.86303931943075
2008-08-30 20:00:00,295.97549156341785,297.16319907354466
2008-08-30 21:00:00,295.4770635243373,296.62744867122046
2008-08-31 05:00:00,301.20815800224506,300.02342094809325
2008-08-31 06:00:00,302.6877128001538,300.82541612998364
2008-08-31 08:00:00,305.255474707746,302.33698635953607
2008-08-31 09:00:00,306.0661779324336,302.79840774418574
2008-08-31 17:00:00,297.5335868988272,298.7322665833178
2008-08-31 18:00:00,296.9955351466574,298.27301084168704
2008-08-31 20:00:00,296.32532843309116,297.7794137963529
2008-08-31 21:00:00,296.05410418635347,297.34966845872407
2008-09-01 05:00:00,304.11280105661353,301.6068045641131
2008-09-01 06:00:00,305.3469470572214,302.1500942659305
2008-09-01 08:00:00,308.3629490833253,304.1872966513612
2008-09-01 09:00:00,308.87735316859926,304.5795314653629
2008-09-01 17:00:00,297.51848206130677,299.0402710948409
2008-09-01 18:00:00,297.0913570268863,298.65613521816925
2008-09-01 20:00:00,296.4625588580162,298.2771641006823
2008-09-01 21:00:00,296.16466133105916,297.8479991848186
2008-09-02 05:00:00,305.2628976736671,303.1580450589925
2008-09-02 06:00:00,307.19335116958035,304.29607072780243
2008-09-02 08:00:00,309.64235345167447,305.9443674895723
2008-09-02 09:00:00,310.02804746466165,306.266092121142
2008-09-02 17:00:00,298.97597239160757,300.63212996895766
2008-09-02 18:00:00,298.4616471394919,300.1370430639235
2008-09-02 20:00:00,297.49181569338947,299.2399268245844
2008-09-02 21:00:00,297.12904682365144,298.801435990767
2008-09-03 05:00:00,305.80041741369683,304.2213161803541
2008-09-03 06:00:00,307.7083435999043,305.416821049248
2008-09-03 08:00:00,309.82276519164105,306.73405268453115
2008-09-03 09:00:00,309.9710884270573,307.04965684887804
2008-09-03 17:00:00,298.8580755577616,300.73414026386746
2008-09-03 18:00:00,298.3253676733361,300.2268574013732
2008-09-03 20:00:00,297.3451716065958,299.26550041398576
2008-09-03 21:00:00,297.18043861330386,299.0513605197148
2008-09-04 05:00:00,306.32340215791726,304.3955053908432
2008-09-04 06:00:00,308.2793108641826,305.41970521900436
2008-09-04 08:00:00,311.172390436722,307.04839255593043
2008-09-04 09:00:00,310.85519489117877,307.16730980072253
2008-09-04 17:00:00,300.1159027993036,301.55106373744314
2008-09-04 18:00:00,299.9278943924397,301.3274708940362
2008-09-04 20:00:00,299.13892748910587,300.3688071652076
2008-09-04 21:00:00,298.75390608542136,299.8829634421045
2008-09-05 05:00:00,305.8321286570309,303.86022084005447
2008-09-05 06:00:00,308.08955296309233,305.23825313056744
2008-09-05 08:00:00,310.84731693591107,307.1431912038654
2008-09-05 09:00:00,310.8469719085929,307.4764689017885
2008-09-05 17:00:00,300.3507143323337,301.46450683405664
2008-09-05 18:00:00,299.6206139563045,300.6877229570057
2008-09-05 20:00:00,298.4728975222548,299.58970566853907
2008-09-05 21:00:00,298.015315780287,299.1707984207224
2008-09-06 05:00:00,305.3222654604214,302.5229982631784
2008-09-06 06:00:00,307.54359048099843,303.7949395319347
2008-09-06 08:00:00,310.6643883186423,305.55334844133705
2008-09-06 09:00:00,309.6530885152714,305.37918525778093
2008-09-06 17:00:00,295.62378077808256,295.92417658495793
2008-09-06 18:00:00,295.46343232376734,296.0118843396015
2008-09-06 20:00:00,295.54953270957725,296.19045557336557
2008-09-06 21:00:00,295.5122317650653,296.1062524028478
2008-09-07 05:00:00,304.6807694163271,301.9351040174488
2008-09-07 06:00:00,306.3672307841767,302.8810244238432
2008-09-07 08:00:00,308.3736774697326,303.405036514823
2008-09-07 09:00:00,308.5927346439685,303.2355541352683
2008-09-07 17:00:00,297.1890973060267,297.40837680246506
2008-09-07 18:00:00,296.7025039508273,296.8758887950739
2008-09-07 20:00:00,295.51086684404794,296.81272993984135
2008-09-07 21:00:00,295.1373041561462,296.2974721617618
2008-09-08 05:00:00,305.48659133323355,302.9781961543902
2008-09-08 06:00:00,306.9903655676702,304.064488415358
2008-09-08 08:00:00,308.87738406235707,305.3572407209635
2008-09-08 09:00:00,307.9182742784497,305.0943902813599
2008-09-08 17:00:00,296.6554831341713,297.56674591675744
2008-09-08 18:00:00,296.1075380910159,296.9646767497247
2008-09-08 20:00:00,295.28698105070004,296.2529618508643
2008-09-08 21:00:00,294.8844890153647,296.0355373435469
2008-09-09 05:00:00,305.749219685747,302.25536970658743
2008-09-09 06:00:00,306.62505231248946,302.92916265878546
2008-09-09 08:00:00,309.0997155046977,304.28772198364067
2008-09-09 09:00:00,308.40674110259783,304.3121498237222
2008-09-09 17:00:00,297.39254194121514,298.3282960677183
2008-09-09 18:00:00,296.6963711402082,297.6107442470839
2008-09-09 20:00:00,295.3823623069446,296.3356509921363
2008-09-09 21:00:00,294.96374457642924,295.86548223039955
2008-09-10 05:00:00,306.04507679050255,303.3144636110091
2008-09-10 06:00:00,307.1855418671077,304.08631457312634
2008-09-10 08:00:00,308.979001155436,304.8739474962232
2008-09-10 09:00:00,309.1348497716966,305.2795562038804
2008-09-10 17:00:00,298.38902510773784,299.6376564954573
2008-09-10 18:00:00,298.1762967337445,299.4844200004965
2008-09-10 20:00:00,297.5449928789183,298.8564877032499
2008-09-10 21:00:00,297.08945731940366,298.2937883750316
2008-09-11 05:00:00,305.52421536908497,302.98900008238337
2008-09-11 06:00:00,306.52117433239385,302.6301780430305
2008-09-11 08:00:00,309.1010750651543,304.6822288760052
2008-09-11 09:00:00,307.5768531364359,301.2093765893593
2008-09-11 17:00:00,298.16158211212866,299.3763366134949
2008-09-11 18:00:00,298.04403434953264,299.24754561555034
2008-09-11 20:00:00,297.4842166988802,298.2768630863889
2008-09-11 21:00:00,297.270836852181,297.97893200890496
2008-09-12 05:00:00,302.8611822378103,301.42241028020123
2008-09-12 06:00:00,305.33695934513133,302.6826210433419
2008-09-12 08:00:00,308.0548600724372,304.4057544537796
2008-09-12 09:00:00,308.2921358176115,304.7819949533613
2008-09-12 17:00:00,297.570414891412,298.6013260005252
2008-09-12 18:00:00,297.47011844770196,298.4053855390505
2008-09-12 20:00:00,297.35582045450786,298.56323771190205
2008-09-12 21:00:00,297.3009580544588,298.356123890458
2008-09-13 05:00:00,305.0977603577319,302.70562074070534
2008-09-13 06:00:00,306.68525035135184,303.5892843942981
2008-09-13 08:00:00,309.0612805899927,305.3738375341947
2008-09-13 09:00:00,308.89260368170835,305.5760463485365
2008-09-13 17:00:00,298.9217406803361,300.2295615456321
2008-09-13 18:00:00,298.60842359451743,299.7576870440702
2008-09-13 20:00:00,298.51424907572647,299.37160692964386
2008-09-13 21:00:00,298.32698891379613,299.0881298047552
2008-09-14 05:00:00,305.34764068556495,303.1111127856333
2008-09-14 06:00:00,307.2060234175625,304.097612119419
2008-09-14 08:00:00,309.25457869472416,304.95232545355987
2008-09-14 09:00:00,309.1318009292767,304.2326550829025
2008-09-14 17:00:00,298.2030153436176,299.16021991841416
2008-09-14 18:00:00,297.90380010619555,298.8464589640613
2008-09-14 20:00:00,297.8979728475374,298.68612172460337
2008-09-14 21:00:00,297.79747100971144,298.4858064107793
2008-09-15 05:00:00,305.33778334325194,302.9443209373345
2008-09-15 06:00:00,307.12280854164914,303.7837432250036
2008-09-15 08:00:00,307.7266991472759,303.59567794447145
2008-09-15 09:00:00,308.10105406962487,303.63830742740487
2008-09-15 17:00:00,297.84863304761234,298.325631328283
2008-09-15 18:00:00,297.4228049632398,297.96867913714914
2008-09-15 20:00:00,296.8642435646939,297.1892954351722
2008-09-15 21:00:00,296.5743801310911,296.8925530855388
2008-09-16 05:00:00,306.06615192901194,301.46748166312057
2008-09-16 06:00:00,307.7467780443847,302.3703164216734
2008-09-16 08:00:00,308.8943135595101,303.5133626082645
2008-09-16 09:00:00,308.71546947790773,303.85239432736057
2008-09-16 17:00:00,298.0399378466496,298.5636808986105
2008-09-16 18:00:00,297.9219164738119,298.3474106516787
2008-09-16 20:00:00,297.45728888607175,297.7449648817441
2008-09-16 21:00:00,297.26887554527246,297.54166907264937
2008-09-17 05:00:00,302.9935310022857,300.7569418791079
2008-09-17 06:00:00,303.9218331735197,300.8773847441828
2008-09-17 08:00:00,304.8525338900292,301.9202678192562
2008-09-17 09:00:00,305.8366651490951,302.55598499080617
2008-09-17 17:00:00,297.27317734822657,298.04864102262195
2008-09-17 18:00:00,296.95751887293557,297.7843047202276
2008-09-17 20:00:00,296.4055395611262,296.59658493723816
2008-09-17 21:00:00,296.23989856408446,296.3531084104752
2008-09-18 05:00:00,300.0806071512137,298.80572754282434
2008-09-18 06:00:00,303.0461909877501,300.509862326694
2008-09-18 08:00:00,305.78986785371427,302.0920075356318
2008-09-18 09:00:00,305.63130681724135,302.36831587451996
2008-09-18 17:00:00,296.8196536682787,297.53568544079235
2008-09-18 18:00:00,296.60578276600415,297.2260462874073
2008-09-18 20:00:00,296.4876708984375,296.2923067207513
2008-09-18 21:00:00,296.4415975843997,296.18418740858834
2008-09-19 05:00:00,298.0573684151625,297.4129058179576
2008-09-19 06:00:00,299.57913433715635,297.9356532633213
2008-09-19 08:00:00,303.1722269866426,300.9321889069121
2008-09-19 09:00:00,303.5381994497243,300.7053982774355
2008-09-19 17:00:00,296.34618684507114,296.9981816413774
2008-09-19 18:00:00,296.00126591522263,296.6291578671965
2008-09-19 20:00:00,295.2607570465982,295.89061907516975
2008-09-19 21:00:00,294.8755713464299,295.5283590825203
2008-09-20 05:00:00,304.12954650784866,301.5743212119457
2008-09-20 06:00:00,305.315422163906,302.6193764661604
2008-09-20 08:00:00,307.3041658328017,304.3352111205114
2008-09-20 09:00:00,307.14494643483215,304.83509664432665
2008-09-20 17:00:00,296.16646885100425,297.48423691853907
2008-09-20 18:00:00,295.71394437487214,296.9496752910879
2008-09-20 20:00:00,295.0011371442093,296.02488308805164
2008-09-20 21:00:00,294.81656838345054,295.80521596194416
2008-09-21 05:00:00,304.0501168461169,301.6748755268397
2008-09-21 06:00:00,305.8678711595815,302.85889861543296
2008-09-21 08:00:00,307.4188753900984,304.5506410760395
2008-09-21 09:00:00,307.1062754908769,304.85564198075167
2008-09-21 17:00:00,296.8079103960645,297.7761645677094
2008-09-21 18:00:00,296.33040342639515,297.33258844266874
2008-09-21 20:00:00,295.8074909792108,296.99123386095044
2008-09-21 21:00:00,295.61580659134546,296.69194630298114
2008-09-22 05:00:00,303.10200886072477,300.8254895320475
2008-09-22 06:00:00,305.11739030788056,302.1868368187009
2008-09-22 08:00:00,307.2862603374181,303.6100643492994
2008-09-22 09:00:00,307.2716303327235,303.67417136546464
2008-09-22 17:00:00,295.79369298996653,296.70268548104355
2008-09-22 18:00:00,295.26523642988167,296.3939015486942
2008-09-22 20:00:00,294.8893455893307,296.388515689891
2008-09-22 21:00:00,294.78996519021155,296.02669984791055
2008-09-23 05:00:00,302.8396639125924,300.40753886218437
2008-09-23 06:00:00,305.052456166601,301.59539867806694
2008-09-23 08:00:00,307.52573562880696,303.49385632719213
2008-09-23 09:00:00,307.3978795314607,303.77708028314294
2008-09-23 17:00:00,296.118494324765,297.38000434205424
2008-09-23 18:00:00,295.63366814423784,296.8464018787919
2008-09-23 20:00:00,295.0175754917421,296.3718690093383
2008-09-23 21:00:00,294.79977915430294,296.2768798498968
2008-09-24 05:00:00,303.08686699301506,301.27379900869124
2008-09-24 06:00:00,305.16653136736807,302.71195610058146
2008-09-24 08:00:00,306.755647773919,304.02675756798317
2008-09-24 09:00:00,306.3982132498767,304.2413851087009
2008-09-24 17:00:00,297.4169232525701,299.2398683051299
2008-09-24 18:00:00,296.7950565708437,298.6833580028846
2008-09-24 20:00:00,296.21110341875874,297.3821856905757
2008-09-24 21:00:00,295.79300046665094,296.79427468133815
2008-09-25 05:00:00,302.9940237741808,301.0850942932035
2008-09-25 06:00:00,305.1985910941714,302.74932654429284
2008-09-25 08:00:00,307.763033709651,305.00819251203023
2008-09-25 09:00:00,307.61691937791915,305.43722376654443
2008-09-25 17:00:00,297.1829940725365,298.6162865496196
2008-09-25 18:00:00,296.56361473800587,297.609970045751
2008-09-25 20:00:00,294.9057186931969,295.95658394882605
2008-09-25 21:00:00,294.4707321143481,295.56762779952936
2008-09-26 05:00:00,302.1390930316849,300.0457151674526
2008-09-26 06:00:00,304.35841691732776,301.6346724264795
2008-09-26 08:00:00,306.97796207657217,303.9955616673263
2008-09-26 09:00:00,307.05486924181736,304.48139676180756
2008-09-26 17:00:00,296.1706739757755,297.66778470408207
2008-09-26 18:00:00,295.70327464898673,297.0011361332263
2008-09-26 20:00:00,294.92712759714465,296.1281578404878
2008-09-26 21:00:00,294.72295291471556,295.8625688361828
2008-09-27 05:00:00,302.3937122127492,300.1050746547423
2008-09-27 06:00:00,304.7877248049885,301.66700283808774
2008-09-27 08:00:00,307.40125393389917,304.1242216371792
2008-09-27 09:00:00,307.5423358981892,304.69297320302724
2008-09-27 17:00:00,296.6497861747565,298.08488755894734
2008-09-27 18:00:00,296.19294179202234,297.365807155615
2008-09-27 20:00:00,295.600730531572,296.6898694618825
2008-09-27 21:00:00,295.38082556584953,296.3763113859438
2008-09-28 05:00:00,302.7336283303189,300.24751723749426
2008-09-28 06:00:00,305.2067269676456,301.8555938297501
2008-09-28 08:00:00,307.9788035670488,304.45537265019357
2008-09-28 09:00:00,308.0224832496584,304.89652490836266
2008-09-28 17:00:00,296.8822106830145,298.44139110876705
2008-09-28 18:00:00,296.5317717377321,297.8065272303318
2008-09-28 20:00:00,295.55010186946265,296.71510169171773
2008-09-28 21:00:00,295.28691526627506,296.4633332004165
2008-09-29 05:00:00,303.4140128677909,300.8357289788903
2008-09-29 06:00:00,305.9106167879972,302.4907068331914
2008-09-29 08:00:00,309.10195020020285,304.9494471851226
2008-09-29 09:00:00,309.2054898536812,305.4656061722061
2008-09-29 17:00:00,297.4461356987387,298.81021151079784
2008-09-29 18:00:00,296.9249888274629,298.1366100105556
2008-09-29 20:00:00,295.76018041014123,296.92646359295253
2008-09-29 21:00:00,295.36658605919416,296.5266927945412
2008-09-30 05:00:00,305.03469406621673,302.07786515387255
2008-09-30 06:00:00,307.69466509473705,303.69092699706283
2008-09-30 08:00:00,311.0480639394516,306.00522701692506
2008-09-30 09:00:00,311.2582644328866,306.59875972612616
2008-09-30 17:00:00,297.629278103633,299.2620117469634
2008-09-30 18:00:00,297.1917119665396,298.93359012927044
2008-09-30 20:00:00,296.96086120605474,298.5988217957766
2008-09-30 21:00:00,297.0626976118984,298.2833886286143
2008-10-01 05:00:00,305.51158471247084,303.11759304522735
2008-10-01 06:00:00,308.46366184040653,304.9624702206745
2008-10-01 08:00:00,310.47570379930215,306.8275649389611
2008-10-01 09:00:00,310.4616519828056,307.25931773604526
2008-10-01 17:00:00,297.86285755410216,299.5376440909317
2008-10-01 18:00:00,297.5616056327643,299.0963512120887
2008-10-01 20:00:00,296.4335350894781,298.0257804647249
2008-10-01 21:00:00,295.90512000320507,297.38202336903527
2008-10-02 05:00:00,307.0488862682748,304.3065556789216
2008-10-02 06:00:00,309.53132055720494,306.0011969097591
2008-10-02 08:00:00,312.39756328188946,307.8699714648889
2008-10-02 09:00:00,312.38213685774843,308.30033411340463
2008-10-02 17:00:00,297.59918520887754,299.97808459359806
2008-10-02 18:00:00,297.84801481978735,300.06384286748244
2008-10-02 20:00:00,297.3560801360567,298.9752178926865
2008-10-02 21:00:00,296.76863671818575,298.20588430160734
2008-10-03 05:00:00,308.19092709110777,305.1555521866574
2008-10-03 06:00:00,311.10534966561386,306.84270478470484
2008-10-03 08:00:00,313.56902041677705,308.41550787645053
2008-10-03 09:00:00,313.0369809566551,308.73405240239646
2008-10-03 17:00:00,297.4017621996957,299.2315061595664
2008-10-03 18:00:00,297.22937834611844,299.35752532441734
2008-10-03 20:00:00,297.1349328368765,299.3552538103242
2008-10-03 21:00:00,296.80623893561466,298.76479021022425
2008-10-04 05:00:00,308.75681005163443,306.01172723755457
2008-10-04 06:00:00,311.58473586448355,307.60273799102737
2008-10-04 08:00:00,313.9737567872222,309.66925575479706
2008-10-04 09:00:00,313.34328370175126,309.89246595291587
2008-10-04 17:00:00,297.5924585750915,300.6300174142988
2008-10-04 18:00:00,296.9575344138594,299.80742992054337
2008-10-04 20:00:00,295.3911994264012,298.50780309550754
2008-10-04 21:00:00,295.05219516842317,298.3915018278572
2008-10-05 05:00:00,307.3016987757984,305.8125103919642
2008-10-05 06:00:00,309.88525383571636,307.43936331209676
2008-10-05 08:00:00,311.5947390469638,309.1077125913741
2008-10-05 09:00:00,311.58588351821317,309.25874509649765
2008-10-05 17:00:00,299.0466299894595,301.53734982436174
2008-10-05 18:00:00,298.7932945216198,301.45648162794777
2008-10-05 20:00:00,298.25446447716286,300.3223339956604
2008-10-05 21:00:00,297.93320226448895,299.7947515126186
2008-10-06 05:00:00,307.35444786882914,305.27031344515154
2008-10-06 06:00:00,309.98318660130667,306.9475220619989
2008-10-06 08:00:00,311.47242125524394,308.24202106399423
2008-10-06 09:00:00,310.4876088758096,308.10027643565223
2008-10-06 17:00:00,298.6853711990803,301.0081526604933
2008-10-06 18:00:00,298.33609913971463,300.4874567816547
2008-10-06 20:00:00,297.6433921073361,299.1942623708575
2008-10-06 21:00:00,297.1371431042123,298.6647814029171
2008-10-07 05:00:00,306.5609627416579,304.05284081034375
2008-10-07 06:00:00,309.3280595447323,305.7851021271457
2008-10-07 08:00:00,312.3243843866239,307.80560765905636
2008-10-07 09:00:00,311.6306602583828,307.8678250775682
2008-10-07 17:00:00,297.49030725981675,299.5715937445454
2008-10-07 18:00:00,297.13977662073256,299.17847784715366
2008-10-07 20:00:00,296.4898212121338,298.14950627354887
2008-10-07 21:00:00,296.0007696166428,297.5816162297465
2008-10-08 05:00:00,306.1867792632069,303.21494400188993
2008-10-08 06:00:00,309.08960950760337,304.91653470596293
2008-10-08 08:00:00,312.1400236532391,306.8339412789132
2008-10-08 09:00:00,311.760655148922,307.2462482187891
2008-10-08 17:00:00,297.258456355067,299.30914240809176
2008-10-08 18:00:00,296.8070147592224,298.88818923644556
2008-10-08 20:00:00,295.95137538821746,297.7402891561688
2008-10-08 21:00:00,295.4510640995161,297.07191392049214
2008-10-09 05:00:00,307.16031252915394,304.1466233263765
2008-10-09 06:00:00,310.061449000942,305.6776305494029
2008-10-09 08:00:00,312.4719491026986,307.2636667495516
2008-10-09 09:00:00,312.5665284378686,307.69969496998834
2008-10-09 17:00:00,297.96515586159444,299.9401524665727
2008-10-09 18:00:00,297.1918697504123,299.3208889953895
2008-10-09 20:00:00,296.0223383264292,298.15119355705747
2008-10-09 21:00:00,295.6516065083226,297.7507129780868
2008-10-10 05:00:00,307.63975026464243,304.8887259978543
2008-10-10 06:00:00,310.51596593636395,306.5188498004743
2008-10-10 08:00:00,312.19140340514105,307.6053843917024
2008-10-10 09:00:00,312.57675453033215,307.96715767835434
2008-10-10 17:00:00,297.7497707654956,299.7672043199348
2008-10-10 18:00:00,297.0358089923124,299.15395365804665
2008-10-10 20:00:00,295.7665587250367,297.9000900809313
2008-10-10 21:00:00,295.3138928053375,297.4384511233478
2008-10-11 05:00:00,310.0989250806154,306.20610850470825
2008-10-11 06:00:00,312.91793646907956,307.29103572710267
2008-10-11 08:00:00,314.76569543964877,308.16676772577557
2008-10-11 09:00:00,314.22652405913703,308.3289079239997
2008-10-11 17:00:00,297.61505512537315,299.7214984159073
2008-10-11 18:00:00,296.68731870489603,298.9149476038106
2008-10-11 20:00:00,294.7640218396768,297.04341917816777
2008-10-11 21:00:00,293.87322711209856,296.2443480410818
2008-10-12 05:00:00,310.0449246963477,306.54513780214756
2008-10-12 06:00:00,312.4606925129707,307.65212523661705
2008-10-12 08:00:00,314.38809568525653,308.6377684794516
2008-10-12 09:00:00,313.94689153780007,308.73947014242924
2008-10-12 17:00:00,296.91258333791023,299.14367339570646
2008-10-12 18:00:00,296.14041885352464,298.49367552582396
2008-10-12 20:00:00,294.7936113119493,297.34827932113865
2008-10-12 21:00:00,294.2644879968581,296.9262667334135
2008-10-13 05:00:00,308.07016877584357,305.5857733210724
2008-10-13 06:00:00,311.11266563192174,307.3366745065651
2008-10-13 08:00:00,313.4276978620579,308.4854117747632
2008-10-13 09:00:00,313.1585949866908,308.64681106355783
2008-10-13 17:00:00,297.1978070651438,299.3595104952255
2008-10-13 18:00:00,296.5007805023429,298.75938166308293
2008-10-13 20:00:00,295.28288391301373,297.63696202070946
2008-10-13 21:00:00,294.94989126525786,297.39165274645035
2008-10-14 05:00:00,307.8761540252733,305.295310398096
2008-10-14 06:00:00,310.9231941681614,306.92406274357637
2008-10-14 08:00:00,313.8321335238558,308.28291807483265
2008-10-14 09:00:00,313.83110930409015,308.3962158532282
2008-10-14 17:00:00,297.5725155964103,299.55457093131565
2008-10-14 18:00:00,296.6901380541879,298.87374553474694
2008-10-14 20:00:00,295.1726299221233,297.35324750291915
2008-10-14 21:00:00,294.66797796640265,296.9101005754045
2008-10-15 05:00:00,308.4952518363212,305.4691612819678
2008-10-15 06:00:00,311.49216347152174,306.91012869483706
2008-10-15 08:00:00,315.1313642081568,307.935754102992
2008-10-15 09:00:00,315.1360718619842,308.12642416932
2008-10-15 17:00:00,298.7193702027684,300.04614490573687
2008-10-15 18:00:00,298.5605942971534,299.6566357487707
2008-10-15 20:00:00,297.50708235871446,298.5232368081303
2008-10-15 21:00:00,297.06597573584514,298.11959413313906
2008-10-16 05:00:00,306.8631496106164,303.8776017763582
2008-10-16 06:00:00,309.61123772431597,305.58552523056056
2008-10-16 08:00:00,311.9996711954314,306.2524273230225
2008-10-16 09:00:00,312.61118103873747,306.24740899178573
2008-10-16 17:00:00,294.78026857067516,296.1104108108027
2008-10-16 18:00:00,294.4462199159689,295.8121918618036
2008-10-16 20:00:00,293.2934385043998,294.61444590234976
2008-10-16 21:00:00,292.6253286870125,294.0914562677933
2008-10-17 05:00:00,307.13710007865916,302.02271869112786
2008-10-17 06:00:00,310.3269703399235,303.35643840019804
2008-10-17 08:00:00,312.34914079616175,304.4303120523462
2008-10-17 09:00:00,310.83866341565897,304.33512699732614
2008-10-17 17:00:00,295.3805308995887,296.72406019966115
2008-10-17 18:00:00,294.45623859235064,296.0004636885022
2008-10-17 20:00:00,292.75343172282027,294.56789305323997
2008-10-17 21:00:00,291.989655904667,293.8247774003651
2008-10-18 05:00:00,308.90844505556925,303.177445586547
2008-10-18 06:00:00,312.03340308802154,304.32045269747175
2008-10-18 08:00:00,313.9080858980011,305.82267408562
2008-10-18 09:00:00,313.1180713812265,305.97560535777694
2008-10-18 17:00:00,294.4406053634197,296.3135715478742
2008-10-18 18:00:00,292.96812982074283,295.0572960946152
2008-10-18 20:00:00,291.6986711969362,294.2904323583759
2008-10-18 21:00:00,291.59877623101045,294.09190683702843
2008-10-19 05:00:00,307.58972179724367,303.58717764691323
2008-10-19 06:00:00,311.00812059117396,304.6930274669489
2008-10-19 08:00:00,313.82563781738287,306.47693900885685
2008-10-19 09:00:00,312.94802078223563,306.56194080887667
2008-10-19 17:00:00,293.05008936148766,298.23182612391213
2008-10-19 18:00:00,292.04486504835415,294.63931657647134
2008-10-19 20:00:00,291.0596492867257,293.43138082589496
2008-10-19 21:00:00,290.92982508772513,293.1677329323509
2008-10-20 05:00:00,307.1457227991983,303.39174789640316
2008-10-20 06:00:00,310.69877168393833,304.8134519462409
2008-10-20 08:00:00,314.2684725862806,306.43196905338897
2008-10-20 09:00:00,313.71174085525956,306.60192135192216
2008-10-20 17:00:00,293.2961508540784,295.4890203490647
2008-10-20 18:00:00,292.4516944121139,294.85301645805
2008-10-20 20:00:00,292.08659854177705,294.2887972698006
2008-10-20 21:00:00,291.940089856164,294.13239324772485
2008-10-21 05:00:00,306.73061049921307,303.4744295846149
2008-10-21 06:00:00,310.1134670122379,305.0354444741836
2008-10-21 08:00:00,314.0443142507403,306.0797268672056
2008-10-21 09:00:00,314.20209530211747,306.2781570975329
2008-10-21 17:00:00,293.2077674101608,297.26363138865986
2008-10-21 18:00:00,292.2005411392,298.1248440970258
2008-10-21 20:00:00,290.73346097737505,293.28947688545026
2008-10-21 21:00:00,290.6267872532637,292.8382755038551
2008-10-22 05:00:00,308.0042440123478,303.91174008409126
2008-10-22 06:00:00,311.38188521704063,305.30279138973566
2008-10-22 08:00:00,314.5292423054323,306.89139983613615
2008-10-22 09:00:00,314.0115443907093,306.980746135506
2008-10-22 17:00:00,294.34924346970854,296.30400649718774
2008-10-22 18:00:00,293.1297322935977,295.19269835673424
2008-10-22 20:00:00,291.5477492416218,293.99776890171324
2008-10-22 21:00:00,291.1601391338237,293.5500963678345
2008-10-23 05:00:00,307.9110813934373,304.2682301384642
2008-10-23 06:00:00,311.29182490508987,305.4630268490737
2008-10-23 08:00:00,315.0712017652985,306.6600287956156
2008-10-23 09:00:00,314.2448072389388,306.80051935839543
2008-10-23 17:00:00,293.6698117719042,296.52879152459616
2008-10-23 18:00:00,292.30811581369176,296.7201665751923
2008-10-23 20:00:00,290.5524212289114,293.85619080342207
2008-10-23 21:00:00,289.952149660084,292.4947473088104
2008-10-24 05:00:00,309.97113058269485,304.5816063080069
2008-10-24 06:00:00,312.40796065367243,305.89024844412074
2008-10-24 08:00:00,314.19753419379424,306.7388330350855
2008-10-24 09:00:00,313.55956041427163,306.789800823194
2008-10-24 17:00:00,293.81472867662995,296.14577548786747
2008-10-24 18:00:00,292.7957777778614,295.2631763287796
2008-10-24 20:00:00,291.7173876181957,294.06694717289673
2008-10-24 21:00:00,291.1201277910653,293.11552363367775
2008-10-25 05:00:00,308.49944252519657,303.8401302813749
2008-10-25 06:00:00,311.6180907309698,305.58660317348955
2008-10-25 08:00:00,313.62550038953407,306.9783336010479
2008-10-25 09:00:00,313.00213249218297,306.99584366103346
2008-10-25 17:00:00,294.2853954297552,296.6112635866703
2008-10-25 18:00:00,293.32528848750934,295.90015492490704
2008-10-25 20:00:00,291.74617465214664,294.7204113741318
2008-10-25 21:00:00,290.0953348920966,293.1071157587695
2008-10-26 05:00:00,307.84707505236423,302.8090345385629
2008-10-26 06:00:00,311.09657675532975,304.61668666375255
2008-10-26 08:00:00,313.63981158193343,306.83528722636686
2008-10-26 09:00:00,312.9053212828556,306.8521493638425
2008-10-26 17:00:00,291.95783860216886,296.25521008883857
2008-10-26 18:00:00,290.69867406530636,294.820263385038
2008-10-26 20:00:00,289.2056091261572,291.80208946192766
2008-10-26 21:00:00,288.92114838539914,291.4045642447215
2008-10-27 05:00:00,306.6664598226915,302.72127947932216
2008-10-27 06:00:00,310.6835222758571,304.7254956778834
2008-10-27 08:00:00,313.4630587773257,306.5082026453709
2008-10-27 09:00:00,312.4637891772348,306.5397738793231
2008-10-27 17:00:00,292.44213458092077,294.91820696579475
2008-10-27 18:00:00,291.66716337277455,294.10820983040315
2008-10-27 20:00:00,290.4125258764611,292.8590035930804
2008-10-27 21:00:00,289.9865060109754,292.4701852431099
2008-10-28 05:00:00,305.46815486020404,302.3842907451518
2008-10-28 06:00:00,308.90033958211706,304.25037897753606
2008-10-28 08:00:00,312.10339785724284,305.8257807421574
2008-10-28 09:00:00,311.8867372768503,305.9223945041651
2008-10-28 17:00:00,294.48788125342327,296.400469528692
2008-10-28 18:00:00,293.7412632970119,295.78083947039164
2008-10-28 20:00:00,292.9191272894297,294.97620748040856
2008-10-28 21:00:00,292.4750121459021,294.38631381606467
2008-10-29 05:00:00,305.6475141669275,302.13857044754855
2008-10-29 06:00:00,308.8859990477011,303.71192048106616
2008-10-29 08:00:00,312.750763950436,305.2908793774151
2008-10-29 09:00:00,312.6826243349143,305.5154675217733
2008-10-29 17:00:00,295.3129727638374,296.80558696917285
2008-10-29 18:00:00,294.5135056976177,296.1293044597232
2008-10-29 20:00:00,293.24526276904373,295.1058958785376
2008-10-29 21:00:00,292.76970100108946,294.6456900480532
2008-10-30 05:00:00,305.9542530453627,301.8927303131997
2008-10-30 06:00:00,309.104531028054,303.247557676812
2008-10-30 08:00:00,312.3705152091334,304.62178770750074
2008-10-30 09:00:00,312.035627955832,304.8778463636965
2008-10-30 17:00:00,294.31442897896557,295.96059691630455
2008-10-30 18:00:00,293.48136462195447,295.3001316817038
2008-10-30 20:00:00,291.86750654740763,293.97707671413804
2008-10-30 21:00:00,291.3675979355635,293.51246107010337
2008-10-31 05:00:00,305.2920674469512,301.5564343609685
2008-10-31 06:00:00,308.6180453307823,303.191677640142
2008-10-31 08:00:00,311.59912365647426,304.57183626289543
2008-10-31 09:00:00,311.3607204302067,304.8025670690787
2008-10-31 17:00:00,294.2975711675565,295.77139277524316
2008-10-31 18:00:00,293.5355360739404,295.1219679681105
2008-10-31 20:00:00,292.40877757491245,294.1701724577024
2008-10-31 21:00:00,292.01490992941365,293.84888616952765
2008-11-01 05:00:00,305.97735407613277,301.86482285792
2008-11-01 06:00:00,309.18216934556773,303.4172382795572
2008-11-01 08:00:00,311.6145316242989,305.0394326373131
2008-11-01 09:00:00,311.3351824603206,305.23833450293876
2008-11-01 17:00:00,294.5785003803177,296.2042302394685
2008-11-01 18:00:00,293.9047704617305,295.65490188951304
2008-11-01 20:00:00,292.85412997347186,294.7401758790568
2008-11-01 21:00:00,292.4778186345505,294.43616145858414
2008-11-02 05:00:00,305.7374506452234,302.3095334704007
2008-11-02 06:00:00,309.3563652332465,304.13187936274403
2008-11-02 08:00:00,312.2404812664391,305.5403924363053
2008-11-02 09:00:00,311.85003669162745,305.6789103597632
2008-11-02 17:00:00,294.62546491108617,296.2498108991673
2008-11-02 18:00:00,293.9634438677819,295.7247177382647
2008-11-02 20:00:00,292.82721297582975,294.81311761653296
2008-11-02 21:00:00,292.459302740582,294.4660708246687
2008-11-03 05:00:00,305.4438748352333,302.26707298619726
2008-11-03 06:00:00,309.18080813932494,304.3714573982133
2008-11-03 08:00:00,312.3997678124849,306.1947765614844
2008-11-03 09:00:00,312.08006413581745,306.3182275005041
2008-11-03 17:00:00,293.35095626290297,295.4850111668944
2008-11-03 18:00:00,292.413014651447,294.75271902686825
2008-11-03 20:00:00,291.4548384044865,294.0607210226897
2008-11-03 21:00:00,291.2532615485287,293.7445799793779
2008-11-04 05:00:00,305.2921476437608,302.0860744529219
2008-11-04 06:00:00,309.03735443256306,304.0409526619228
2008-11-04 08:00:00,311.9695544367762,305.2423764832766
2008-11-04 09:00:00,311.6664150808184,305.3940622244484
2008-11-04 17:00:00,293.00845289891606,294.73723022743076
2008-11-04 18:00:00,291.8077200961591,293.6490798738595
2008-11-04 20:00:00,289.6341532984941,292.8573972117185
2008-11-04 21:00:00,288.78200339389326,293.11884095084685
2008-11-05 05:00:00,307.7121179283859,302.139258480219
2008-11-05 06:00:00,310.96755504167317,303.3371029752429
2008-11-05 08:00:00,313.92691383303037,304.80523368941255
2008-11-05 09:00:00,313.17260215535924,305.08039599684616
2008-11-05 17:00:00,292.4326511847404,294.4472627566298
2008-11-05 18:00:00,290.9097481890709,294.39753852456306
2008-11-05 20:00:00,288.9111776954404,295.2430589908077
2008-11-05 21:00:00,288.27214642775994,293.08358769350684
2008-11-06 05:00:00,306.8414782272833,302.24990120580645
2008-11-06 06:00:00,310.2847752269868,303.6564205034488
2008-11-06 08:00:00,313.51098912596154,304.82561449424145
2008-11-06 09:00:00,313.2469825920963,305.0386614454178
2008-11-06 17:00:00,292.03386219183363,296.9814530947175
2008-11-06 18:00:00,290.9799790345649,295.4032120667915
2008-11-06 20:00:00,289.6989446795777,292.01530263750874
2008-11-06 21:00:00,289.400147801004,291.8779159804522
2008-11-07 05:00:00,306.8326059115135,302.1276770593205
2008-11-07 06:00:00,310.6819806209147,303.6711863560375
2008-11-07 08:00:00,314.09582742887955,305.25084358297624
2008-11-07 09:00:00,313.54022609434435,305.5374394256639
2008-11-07 17:00:00,292.95276551327464,295.76728468132313
2008-11-07 18:00:00,291.75031081847675,296.12115038855603
2008-11-07 20:00:00,289.99601108451105,293.0927743309268
2008-11-07 21:00:00,289.3382620554308,292.21376540738004
2008-11-08 05:00:00,306.4404461218506,301.85807762674995
2008-11-08 06:00:00,310.684571629129,303.7238911774199
2008-11-08 08:00:00,314.34032516597046,305.41150306736927
2008-11-08 09:00:00,313.6791779175745,305.7050768318823
2008-11-08 17:00:00,292.11688505152154,295.4676161003407
2008-11-08 18:00:00,290.82638914228767,295.0994040043953
2008-11-08 20:00:00,289.0913768703655,291.4348937800192
2008-11-08 21:00:00,288.607821589442,290.8576868230647
2008-11-09 05:00:00,305.4171410841273,301.4550414945018
2008-11-09 06:00:00,309.38718476611405,303.12848504629267
2008-11-09 08:00:00,313.8492146214278,304.6361321682923
2008-11-09 09:00:00,313.41602453575666,304.98989233360817
2008-11-09 17:00:00,292.4029525968437,294.0790173452698
2008-11-09 18:00:00,291.2136652260238,293.03588980041405
2008-11-09 20:00:00,289.521042669499,291.28180357193907
2008-11-09 21:00:00,288.87517264297094,290.5847275415077
2008-11-10 05:00:00,305.05386806305825,300.2476559302473
2008-11-10 06:00:00,308.8741384074207,301.6218450749049
2008-11-10 08:00:00,312.6160207786619,303.54943866465237
2008-11-10 09:00:00,311.9856910881901,303.8712118469145
2008-11-10 17:00:00,291.5338472622018,293.19069296626725
2008-11-10 18:00:00,290.32401777599557,292.1501624955235
2008-11-10 20:00:00,288.40858454770415,290.2500581902973
2008-11-10 21:00:00,287.70288908830594,289.6059235042343
2008-11-11 05:00:00,304.24280142526965,299.68896103493057
2008-11-11 06:00:00,307.8234037331697,300.9160877574574
2008-11-11 08:00:00,312.00047704288147,302.24414570342594
2008-11-11 09:00:00,311.77978503869383,302.52210441318977
2008-11-11 17:00:00,291.5511026250196,293.00457305202866
2008-11-11 18:00:00,290.55868351588083,292.22969412546496
2008-11-11 20:00:00,288.8029615875385,290.5869699957191
2008-11-11 21:00:00,288.1444870253741,289.9448986082856
2008-11-12 05:00:00,303.71771818610665,299.24331655634575
2008-11-12 06:00:00,307.33510731842557,300.71738037673646
2008-11-12 08:00:00,311.2607147028707,302.07997197179105
2008-11-12 09:00:00,311.03945320964044,302.2653183430112
2008-11-12 17:00:00,291.45541421805035,292.8060941299415
2008-11-12 18:00:00,290.6859916839835,292.23036786330687
2008-11-12 20:00:00,289.2792169603251,291.0292107298488
2008-11-12 21:00:00,288.66034520976535,290.4707339012017
2008-11-13 05:00:00,302.9569680518105,299.2773119628154
2008-11-13 06:00:00,306.43021654972495,301.0099585346521
2008-11-13 08:00:00,310.06592417571505,302.57272750313734
2008-11-13 09:00:00,310.1454627414697,302.71651596280935
2008-11-13 17:00:00,292.58634518474935,293.9624847976379
2008-11-13 18:00:00,291.8033217090672,293.48063828948835
2008-11-13 20:00:00,290.8803360149931,292.4429613533667
2008-11-13 21:00:00,290.93626168696284,292.48680187630913
2008-11-14 05:00:00,301.9197239574556,298.4708271467447
2008-11-14 06:00:00,305.62022912447185,300.33607097325967
2008-11-14 08:00:00,309.6123986148687,302.3217214105309
2008-11-14 09:00:00,309.88560862019546,302.6145192103687
2008-11-14 17:00:00,294.67889484235064,295.49060641672287
2008-11-14 18:00:00,293.7558351584319,294.9141984184277
2008-11-14 20:00:00,292.8945155680088,293.9465846927214
2008-11-14 21:00:00,292.5955495496377,293.6019837507298
2008-11-15 05:00:00,303.0613942903069,299.07470512684023
2008-11-15 06:00:00,306.0388316667318,300.74538728452427
2008-11-15 08:00:00,309.1667959157418,302.199536809936
2008-11-15 09:00:00,308.7619566131263,302.3478766677927
2008-11-15 17:00:00,295.3465904388663,295.9123853498321
2008-11-15 18:00:00,295.29066502552007,295.7375912894086
2008-11-15 20:00:00,293.964286322219,294.48011551726216
2008-11-15 21:00:00,292.9162215598743,293.59558782592217
2008-11-16 05:00:00,302.0938998840991,297.9543703899178
2008-11-16 06:00:00,305.8076079710974,299.9329916743909
2008-11-16 08:00:00,309.67499555167507,301.46856416722846
2008-11-16 09:00:00,308.9725738196234,301.4811016018108
2008-11-16 17:00:00,292.4745572976229,293.4642661495826
2008-11-16 18:00:00,291.89836891773854,292.975129890148
2008-11-16 20:00:00,290.72420698027764,291.8776272390216
2008-11-16 21:00:00,289.94110704607147,291.17638191493523
2008-11-17 05:00:00,303.15451837430936,298.2276827161228
2008-11-17 06:00:00,306.2932237763251,299.86037363954614
2008-11-17 08:00:00,309.61734326190685,300.796389869255
2008-11-17 09:00:00,309.67106689547165,300.94251955382083
2008-11-17 17:00:00,291.24783320493066,292.67121416982405
2008-11-17 18:00:00,290.480150172817,292.1231260373155
2008-11-17 20:00:00,289.0587299740737,290.8449053889247
2008-11-17 21:00:00,288.15172467577077,290.0581544661558
2008-11-18 05:00:00,302.89308126534814,298.21039476673855
2008-11-18 06:00:00,305.3377266341622,299.42720704159495
2008-11-18 08:00:00,305.3374099143665,299.6902203905197
2008-11-18 09:00:00,304.2527768174746,299.5449798536962
2008-11-18 17:00:00,292.1666576697022,292.40475941145183
2008-11-18 18:00:00,291.7360766018484,292.05750353420837
2008-11-18 20:00:00,292.27502970408955,293.20314505508026
2008-11-18 21:00:00,291.82177729672753,292.6466015549764
2008-11-19 05:00:00,301.4887222266528,297.03659678313693
2008-11-19 06:00:00,304.6173958095086,298.5018063443835
2008-11-19 08:00:00,307.5253928115445,300.105796167406
2008-11-19 09:00:00,307.800514538593,300.5284059168929
2008-11-19 17:00:00,292.4976979448175,293.02610727083885
2008-11-19 18:00:00,291.9389133776649,292.4990697311143
2008-11-19 20:00:00,290.4139600615656,291.0495088691888
2008-11-19 21:00:00,289.88881715089775,290.5712008718717
2008-11-20 05:00:00,301.08622059873517,297.4003168232452
2008-11-20 06:00:00,304.0851443015923,298.4860931067327
2008-11-20 08:00:00,306.87269378332957,299.2825194183961
2008-11-20 09:00:00,306.2630110213129,299.2567078012899
2008-11-20 17:00:00,287.71332523010915,289.2789098801341
2008-11-20 18:00:00,287.02226826296015,288.6912710133981
2008-11-20 20:00:00,285.9502112531148,287.69499893070923
2008-11-20 21:00:00,285.53250067994486,287.3097504555536
2008-11-21 05:00:00,299.9951712633318,295.3387346311784
2008-11-21 06:00:00,303.3235772460561,296.51479684039145
2008-11-21 08:00:00,305.8730783800499,297.63554669161243
2008-11-21 09:00:00,305.4300381700137,297.8556194099697
2008-11-21 17:00:00,287.11905165850106,288.4458838464299
2008-11-21 18:00:00,286.3533236322858,287.77995841051285
2008-11-21 20:00:00,285.0737480316397,286.7213511885774
2008-11-21 21:00:00,284.52979900436526,286.25692788992535
2008-11-22 05:00:00,299.4201316657162,294.0949645666936
2008-11-22 06:00:00,303.0593840095038,295.5109894316075
2008-11-22 08:00:00,307.2805553371623,297.4901561061113
2008-11-22 09:00:00,306.91305382115814,297.98636226330774
2008-11-22 17:00:00,286.8941478758637,288.4399639300095
2008-11-22 18:00:00,285.91172611841984,287.53038901871264
2008-11-22 20:00:00,283.77995504840686,285.8248593605171
2008-11-22 21:00:00,282.942258249997,285.19159071912014
2008-11-23 05:00:00,299.98669765102113,295.3869954066578
2008-11-23 06:00:00,303.58390018128097,296.8213101285632
2008-11-23 08:00:00,307.40541777294857,298.699173608436
2008-11-23 09:00:00,307.2483652640932,299.16140450828806
2008-11-23 17:00:00,286.95989388346857,288.72961324682956
2008-11-23 18:00:00,285.7711662210191,287.5922044421932
2008-11-23 20:00:00,283.74207405830936,289.07817152872656
2008-11-23 21:00:00,282.9995487489392,289.0311747640601
2008-11-24 05:00:00,302.39175732440685,296.9283117403051
2008-11-24 06:00:00,305.9517053683477,298.5782127674261
2008-11-24 08:00:00,308.94447451269684,300.4498546347596
2008-11-24 09:00:00,308.6396134998104,300.80873030323096
2008-11-24 17:00:00,286.99649640334593,289.9257259515842
2008-11-24 18:00:00,285.753922519772,290.1638682972301
2008-11-24 20:00:00,284.19789483256994,288.41276272860443
2008-11-24 21:00:00,283.88081157666693,287.80985639716147
2008-11-25 05:00:00,301.7165326792948,297.84711946508
2008-11-25 06:00:00,305.7885916640836,299.635690933016
2008-11-25 08:00:00,309.39743204219684,301.4754724017644
2008-11-25 09:00:00,309.0581987613155,301.7389194858827
2008-11-25 17:00:00,289.33671365276507,291.03970602590977
2008-11-25 18:00:00,288.527488344072,290.3554351759619
2008-11-25 20:00:00,287.143163813281,289.1362241207176
2008-11-25 21:00:00,286.47953523656435,288.5353982275917
2008-11-26 05:00:00,300.2590408677864,296.97085209216107
2008-11-26 06:00:00,304.15986405241836,299.0877217673374
2008-11-26 08:00:00,308.1444425186134,300.9095617214961
2008-11-26 09:00:00,308.19280192370775,301.1484979238643
2008-11-26 17:00:00,289.5568717168917,291.0648962881973
2008-11-26 18:00:00,288.7152226570024,290.30352924270517
2008-11-26 20:00:00,287.2640105072633,288.9671854686297
2008-11-26 21:00:00,286.4972232295479,288.2464631819762
2008-11-27 05:00:00,299.83071779506787,296.4350455685279
2008-11-27 06:00:00,303.05230785775444,298.086994494422
2008-11-27 08:00:00,306.2249121291245,299.8090907068943
2008-11-27 09:00:00,306.26414536768556,300.0855883582164
2008-11-27 17:00:00,288.2466346964079,289.979527477858
2008-11-27 18:00:00,287.39740951843737,289.263071233576
2008-11-27 20:00:00,285.7924924594779,287.84259167217147
2008-11-27 21:00:00,284.6698318975181,287.1333778980884
2008-11-28 05:00:00,299.54166984852,295.9580893024274
2008-11-28 06:00:00,303.2246683646792,297.88030902409963
2008-11-28 08:00:00,306.6439151146746,299.92991687557185
2008-11-28 09:00:00,306.6199589334027,300.2410243288578
2008-11-28 17:00:00,287.404311310896,289.24294966358246
2008-11-28 18:00:00,285.95191647569277,287.9689663973721
2008-11-28 20:00:00,283.9335627621973,287.3374997742922
2008-11-28 21:00:00,283.22366203696043,286.2060392876436
2008-11-29 05:00:00,299.82783482438424,296.0039834373721
2008-11-29 06:00:00,303.47307456182597,297.6497240580837
2008-11-29 08:00:00,307.8400253272387,300.0120435811706
2008-11-29 09:00:00,308.0219549758042,300.5189400130685
2008-11-29 17:00:00,285.73241602070345,291.78241702698415
2008-11-29 18:00:00,284.70652883850005,291.6060405901658
2008-11-29 20:00:00,283.5508099101909,289.38647204665085
2008-11-29 21:00:00,282.9252056480372,287.3302195450558
2008-11-30 05:00:00,299.2187740284783,296.45343038738235
2008-11-30 06:00:00,301.6033900985365,297.66850760390844
2008-11-30 08:00:00,301.9815020686122,298.00058463027557
2008-11-30 09:00:00,301.9121362718485,298.115490811999
2008-11-30 17:00:00,289.08633239463956,290.6790501340328
2008-11-30 18:00:00,288.9595211364088,290.55630488461816
2008-11-30 20:00:00,287.71414868747144,289.6279940377399
2008-11-30 21:00:00,287.9132191051136,289.6226326071059
2008-12-01 05:00:00,299.7401709887206,295.6050499679495
2008-12-01 06:00:00,303.63796240008674,297.214246564727
2008-12-01 08:00:00,307.27409132382905,299.03806510654914
2008-12-01 09:00:00,307.5593998090512,299.5251453088135
2008-12-01 17:00:00,288.2073452895155,289.81756507156445
2008-12-01 18:00:00,286.8618649804537,289.09630943263073
2008-12-01 20:00:00,285.0509425370462,288.885631661202
2008-12-01 21:00:00,284.44324005550163,288.54517248121357
2008-12-02 05:00:00,300.89599230844175,296.5140885410397
2008-12-02 06:00:00,304.73247251819214,298.1620779639951
2008-12-02 08:00:00,308.22273409568663,299.69869071125805
2008-12-02 09:00:00,308.13861511888786,300.0412888960405
2008-12-02 17:00:00,286.90966070377954,290.74085848063277
2008-12-02 18:00:00,285.8656229216072,290.8379575379641
2008-12-02 20:00:00,284.644256403707,288.29739690231065
2008-12-02 21:00:00,284.2251486285993,288.10108658565764
2008-12-03 05:00:00,300.80707758123225,297.0452945045036
2008-12-03 06:00:00,304.7133073380622,298.76182544396727
2008-12-03 08:00:00,308.8146322335595,300.6605124921754
2008-12-03 09:00:00,308.8754420581694,301.0056189726608
2008-12-03 17:00:00,288.1698075398826,291.7519592849426
2008-12-03 18:00:00,287.2301816543556,291.7984814754069
2008-12-03 20:00:00,285.96872385551086,289.7737801997063
2008-12-03 21:00:00,285.57163293776784,289.13003370758196
2008-12-04 05:00:00,303.12665740073373,299.1672001913626
2008-12-04 06:00:00,307.04542898874627,300.6129743814101
2008-12-04 08:00:00,310.79465535168293,302.1764351208515
2008-12-04 09:00:00,310.66882131426655,302.41545815019657
2008-12-04 17:00:00,290.8445983792674,292.6503344096462
2008-12-04 18:00:00,289.6716388296824,292.5068201379526
2008-12-04 20:00:00,288.18158652565694,291.1599949394426
2008-12-04 21:00:00,287.6872316663181,290.48488766239683
2008-12-05 05:00:00,302.82070871126854,299.1772527239172
2008-12-05 06:00:00,306.5713317588959,300.98887568445895
2008-12-05 08:00:00,310.11838316366374,302.4596176735242
2008-12-05 09:00:00,310.26290089470575,302.66005409370035
2008-12-05 17:00:00,292.70551679755215,294.09035394371745
2008-12-05 18:00:00,291.8023820121777,293.3493803050742
2008-12-05 20:00:00,290.7852612041362,292.38628967003024
2008-12-05 21:00:00,289.98497162100347,291.71423979349237
2008-12-06 05:00:00,304.9292187565832,299.8310683945478
2008-12-06 06:00:00,308.915966204392,301.4549709608081
2008-12-06 08:00:00,310.30395347936127,302.0970177084713
2008-12-06 09:00:00,308.92620863716115,302.0771793547691
2008-12-06 17:00:00,293.1700650113757,294.0891634055022
2008-12-06 18:00:00,292.4099167645988,293.53474856525065
2008-12-06 20:00:00,291.48235155290746,292.7400845379234
2008-12-06 21:00:00,290.8639292665549,292.12584706263846
2008-12-07 05:00:00,298.67377456641526,296.5924707539093
2008-12-07 06:00:00,301.53494784644647,297.99003474113573
2008-12-07 08:00:00,306.12619966057304,299.993056686707
2008-12-07 09:00:00,305.48003731890714,300.0538286347236
2008-12-07 17:00:00,291.24221089367506,292.78396989678384
2008-12-07 18:00:00,290.4756716124266,292.2032428618021
2008-12-07 20:00:00,290.1984376833876,291.87233975120984
2008-12-07 21:00:00,290.00571532168635,291.61463756590666
2008-12-08 05:00:00,301.61579246109545,298.3368344534711
2008-12-08 06:00:00,305.1194864281888,300.08436629144
2008-12-08 08:00:00,308.4873124932288,301.68562620189414
2008-12-08 09:00:00,308.62545722291355,301.9775305514343
2008-12-08 17:00:00,292.3526295102065,293.28539086857637
2008-12-08 18:00:00,291.5935086572115,292.4970579691036
2008-12-08 20:00:00,290.1795853437004,291.02049845503
2008-12-08 21:00:00,289.56276302014373,290.4096556018424
2008-12-09 05:00:00,300.02420034540825,296.8042479340211
2008-12-09 06:00:00,304.23593682757877,299.19157952777414
2008-12-09 08:00:00,308.8969702345932,301.2442464020293
2008-12-09 09:00:00,309.32297368923946,301.5762270793709
2008-12-09 17:00:00,291.59230213135896,292.495602623891
2008-12-09 18:00:00,290.7859455220321,291.86482925297486
2008-12-09 20:00:00,289.3964946729193,290.6166981607446
2008-12-09 21:00:00,288.6717466521888,289.87933714033466
2008-12-10 05:00:00,301.430555158477,296.1951178270055
2008-12-10 06:00:00,305.5127402424629,297.98375656057397
2008-12-10 08:00:00,308.8571735493759,299.49170241627746
2008-12-10 09:00:00,308.27964502931195,299.7801588907815
2008-12-10 17:00:00,291.5921976474474,292.1737726149831
2008-12-10 18:00:00,290.7874081087039,291.4283179002477
2008-12-10 20:00:00,289.68244207584985,290.381906095014
2008-12-10 21:00:00,289.1810104769808,289.87361833898603
2008-12-11 05:00:00,298.3264416898895,294.57431446422225
2008-12-11 06:00:00,301.8898480948755,296.0913916354187
2008-12-11 08:00:00,306.19764690663675,297.6729526137718
2008-12-11 09:00:00,306.23817392122953,297.9694991383604
2008-12-11 17:00:00,289.26634394993954,289.8565020686122
2008-12-11 18:00:00,288.4007549080165,289.06564279329984
2008-12-11 20:00:00,287.2904240118888,288.22589424027507
2008-12-11 21:00:00,286.74029021417414,287.6879515802181
2008-12-12 05:00:00,297.4389523592862,293.5528789455608
2008-12-12 06:00:00,301.26900542131375,295.1984107630279
2008-12-12 08:00:00,305.55960513263346,296.42353294149206
2008-12-12 09:00:00,305.90994986841235,296.83969913241674
2008-12-12 17:00:00,287.5222795483511,288.4262374149082
2008-12-12 18:00:00,286.7841983789288,287.7523027605195
2008-12-12 20:00:00,285.73865975731144,286.88967340642756
2008-12-12 21:00:00,285.2850599715082,286.429369228463
2008-12-13 05:00:00,296.62654819106467,293.12059063316315
2008-12-13 06:00:00,300.50680546694434,295.20201099084227
2008-12-13 08:00:00,304.7316948607082,297.09174430388697
2008-12-13 09:00:00,305.2715561312777,297.53998635031957
2008-12-13 17:00:00,288.32410474403986,289.24319460358936
2008-12-13 18:00:00,287.5904033408143,288.5701220825383
2008-12-13 20:00:00,286.33850273990487,287.36216500727534
2008-12-13 21:00:00,285.82075730898345,286.8750399455819
2008-12-14 05:00:00,297.5221933796887,293.83345631274676
2008-12-14 06:00:00,301.44341542577524,295.7584617626502
2008-12-14 08:00:00,306.14299855283673,297.6470694755002
2008-12-14 09:00:00,306.5057735354948,298.1494671508601
2008-12-14 17:00:00,286.98941627819846,288.2472276026369
2008-12-14 18:00:00,286.04854286323155,287.38544451180155
2008-12-14 20:00:00,284.421769552128,285.8427282724249
2008-12-14 21:00:00,283.5922432827472,285.0980043808007
2008-12-15 05:00:00,298.2953879146253,294.3429319737321
2008-12-15 06:00:00,302.33396852843015,296.29401239004267
2008-12-15 08:00:00,306.8982448489714,298.60687867151387
2008-12-15 09:00:00,306.90531827341795,299.0574511276739
2008-12-15 17:00:00,289.75088312886714,290.8829483949165
2008-12-15 18:00:00,289.22081463876975,290.5068282728386
2008-12-15 20:00:00,288.5729886658938,290.0162665509663
2008-12-15 21:00:00,288.29095574189415,289.75386421191865
2008-12-16 05:00:00,299.90511297334695,296.96878945184596
2008-12-16 06:00:00,303.6123422584475,298.8737847749919
2008-12-16 08:00:00,306.97397083347124,299.91946347652487
2008-12-16 09:00:00,307.2979727158745,300.0966404237439
2008-12-16 17:00:00,290.54488103599135,291.25019495512936
2008-12-16 18:00:00,290.0189293154583,290.7852979757018
2008-12-16 20:00:00,288.8458653524955,289.65946137556125
2008-12-16 21:00:00,288.33750273670734,289.1352051204453
2008-12-17 05:00:00,297.23162954650786,294.62114453425943
2008-12-17 06:00:00,301.0285104243157,296.8797761420439
2008-12-17 08:00:00,304.77601715228957,299.15982904419513
2008-12-17 09:00:00,305.5854319850175,299.7915028012222
2008-12-17 17:00:00,290.2093612835477,291.38564529771617
2008-12-17 18:00:00,289.3963251099197,290.6072760818553
2008-12-17 20:00:00,288.1982448677803,289.5173924803183
2008-12-17 21:00:00,287.5875467732434,288.9251136250782
2008-12-18 05:00:00,298.3430043883243,295.4501263775701
2008-12-18 06:00:00,301.7447463213387,297.247047224471
2008-12-18 08:00:00,305.25212771940306,299.00873545689285
2008-12-18 09:00:00,305.207611554209,299.30426164106893
2008-12-18 17:00:00,290.8098833175212,292.63254092176817
2008-12-18 18:00:00,289.69113892730104,291.8421645671451
2008-12-18 20:00:00,289.4863505782258,291.037238004946
2008-12-18 21:00:00,289.6059453696793,291.1181538116032
2008-12-19 05:00:00,297.70766245602465,295.4201181937807
2008-12-19 06:00:00,300.1387880675047,296.7414288631022
2008-12-19 08:00:00,304.01064934164793,298.756466928726
2008-12-19 09:00:00,303.7694418602989,299.02193887061077
2008-12-19 17:00:00,292.7941003220475,293.3352320455072
2008-12-19 18:00:00,292.2967099041344,292.9001052691867
2008-12-19 20:00:00,291.6478708323051,292.4446084326699
2008-12-19 21:00:00,291.3904179836091,292.23518103554
2008-12-20 05:00:00,296.8630578933034,295.66981377035887
2008-12-20 06:00:00,299.62359198289585,297.3040670386081
2008-12-20 08:00:00,305.0557017745149,299.8517556682757
2008-12-20 09:00:00,305.1393252286044,299.9381078123496
2008-12-20 17:00:00,290.93606988233853,291.5687952262044
2008-12-20 18:00:00,290.28257901936723,290.96754319201267
2008-12-20 20:00:00,289.4277915308031,290.00444167126864
2008-12-20 21:00:00,289.20541254875286,289.69875654270544
2008-12-21 05:00:00,296.2448029363835,293.2704709704007
2008-12-21 06:00:00,299.77219904589543,294.8995848245724
2008-12-21 08:00:00,303.16695654447346,296.3408503128311
2008-12-21 09:00:00,302.9858113481378,296.69289401720044
2008-12-21 17:00:00,287.8871954872355,288.3246497343795
2008-12-21 18:00:00,287.11244777685323,287.6691707146737
2008-12-21 20:00:00,286.07490751151863,286.84872046237
2008-12-21 21:00:00,285.561911255259,286.39445552032424
2008-12-22 05:00:00,294.8047680024557,290.8621300225633
2008-12-22 06:00:00,298.54638963414266,292.4861616889942
2008-12-22 08:00:00,303.3217983392795,294.66934697837416
2008-12-22 09:00:00,303.5505943827343,295.2327739321763
2008-12-22 17:00:00,284.19213084263504,285.4668288267632
2008-12-22 18:00:00,283.16719976816046,284.5506827614524
2008-12-22 20:00:00,281.359023483582,283.1477253448063
2008-12-22 21:00:00,280.7339397130652,282.5745545844268
2008-12-23 05:00:00,295.59487628202044,290.5351333970833
2008-12-23 06:00:00,299.44058401522176,292.35900660251804
2008-12-23 08:00:00,303.93129395189567,294.60977457337464
2008-12-23 09:00:00,303.93410384967257,295.27580141323193
2008-12-23 17:00:00,283.81936530302784,285.4174884625686
2008-12-23 18:00:00,282.63563462361714,284.3114675277922
2008-12-23 20:00:00,280.6672285929299,282.9245944735817
2008-12-23 21:00:00,280.0004405299394,282.92812148742206
2008-12-24 05:00:00,296.9080647143818,292.18454858812237
2008-12-24 06:00:00,300.9524086598072,294.13176204170026
2008-12-24 08:00:00,305.4763520509694,296.73523595777607
2008-12-24 09:00:00,305.8429584238673,297.36568057114613
2008-12-24 17:00:00,284.95535196031005,286.6501532556096
2008-12-24 18:00:00,283.7537140456848,285.7256694729046
2008-12-24 20:00:00,282.03759659824465,284.57994058429733
2008-12-24 21:00:00,281.4315492133331,284.0654976819807
2008-12-25 05:00:00,296.1386726038482,293.43405254816605
2008-12-25 06:00:00,300.4721872949821,295.71261758907184
2008-12-25 08:00:00,305.1903903532102,298.15949233985276
2008-12-25 09:00:00,305.7446473625665,298.7587004016471
2008-12-25 17:00:00,284.95749279898007,289.5538231801179
2008-12-25 18:00:00,283.61675251871117,289.3700424688072
2008-12-25 20:00:00,281.755454370531,288.59520943616684
2008-12-25 21:00:00,281.12163124025693,287.8909866497587
2008-12-26 05:00:00,298.55850581799524,294.9187994723328
2008-12-26 06:00:00,302.6821254265878,296.66436598297264
2008-12-26 08:00:00,306.3085699801453,298.3503036381467
2008-12-26 09:00:00,306.3261570629244,298.7058144732506
2008-12-26 17:00:00,285.32728169915856,289.001439522154
2008-12-26 18:00:00,283.9293984764346,289.441173394766
2008-12-26 20:00:00,282.22427887762274,288.44006034956874
2008-12-26 21:00:00,281.64635957738466,287.9516841847283
2008-12-27 05:00:00,297.2120653337617,293.9715327423049
2008-12-27 06:00:00,301.637598916452,296.05485689842095
2008-12-27 08:00:00,305.8861122777907,297.8114173313135
2008-12-27 09:00:00,305.9374188627411,298.1413295375548
2008-12-27 17:00:00,286.4382747891137,288.06620059726055
2008-12-27 18:00:00,285.04071261225204,287.9234568591478
2008-12-27 20:00:00,283.1128659711229,288.1602242679919
2008-12-27 21:00:00,282.47511413762305,287.93971534576184
2008-12-28 05:00:00,298.14835234232055,294.358015298476
2008-12-28 06:00:00,302.38411793760235,296.0298446631762
2008-12-28 08:00:00,306.3528272631723,297.65067386480257
2008-12-28 09:00:00,306.30306259178786,298.013537343735
2008-12-28 17:00:00,286.58495120385027,288.09989731704883
2008-12-28 18:00:00,285.27445718209805,286.95354947176844
2008-12-28 20:00:00,283.5063916927861,285.3723126897827
2008-12-28 21:00:00,282.8853395811766,284.7966575916449
2008-12-29 05:00:00,297.494873046875,294.10026512675
2008-12-29 06:00:00,301.76074221101123,296.0689683629111
2008-12-29 08:00:00,306.43102705239886,297.67583194021455
2008-12-29 09:00:00,306.3967063210228,298.10870460075296
2008-12-29 17:00:00,287.20731037533704,288.6738837055506
2008-12-29 18:00:00,286.2071481243304,287.74656959380866
2008-12-29 20:00:00,284.5074895262167,286.14843209241684
2008-12-29 21:00:00,283.81171434869754,285.44639143040075
2008-12-30 05:00:00,297.46222424617355,293.6521222036682
2008-12-30 06:00:00,302.13414128425495,295.73863532914226
2008-12-30 08:00:00,306.96113353664595,297.40330608820517
2008-12-30 09:00:00,306.70655434818593,297.8131433378199
2008-12-30 17:00:00,287.3658364035866,288.37105857719814
2008-12-30 18:00:00,286.58990208136464,287.5996245397441
2008-12-30 20:00:00,285.283748350452,286.2633616913265
2008-12-30 21:00:00,284.70706273153866,285.6971324808976
2008-12-31 05:00:00,295.7310685450197,291.63628564960965
2008-12-31 06:00:00,299.6376147159994,293.3594093734201
2008-12-31 08:00:00,304.1355448812476,295.39389089810646
2008-12-31 09:00:00,304.1769895391949,295.9768049948388
2008-12-31 17:00:00,285.4187591035487,286.56804592326534
2008-12-31 18:00:00,284.5509084692722,285.8016792849877
2008-12-31 20:00:00,282.9466519583539,284.21909566212145
2008-12-31 21:00:00,282.19245769577145,283.5081343217329
