datetime_utc,skt,t2m
2012-01-01 05:00:00,292.9266873963625,290.3086382802719
2012-01-01 06:00:00,296.51477600944065,292.0734715160494
2012-01-01 08:00:00,298.9469417107675,293.1359311237541
2012-01-01 09:00:00,299.68126493903634,293.5451655454004
2012-01-01 17:00:00,284.9254086910301,285.6808396208636
2012-01-01 18:00:00,283.8439243592908,284.71953677984163
2012-01-01 20:00:00,282.86853662146996,283.99250048151004
2012-01-01 21:00:00,282.51115008385045,283.64137051763083
2012-01-02 05:00:00,293.70971780785794,289.3175625558627
2012-01-02 06:00:00,297.82413006563587,290.7940556271969
2012-01-02 08:00:00,302.1805543355839,292.8110399995636
2012-01-02 09:00:00,302.0604154472175,293.3716645556716
2012-01-02 17:00:00,283.6840624934169,284.84938401984874
2012-01-02 18:00:00,282.96817018952686,284.2288747355457
2012-01-02 20:00:00,281.6441928528491,282.78716018277066
2012-01-02 21:00:00,280.8815939599083,282.0470845320927
2012-01-03 05:00:00,294.12796422549866,289.8571553281717
2012-01-03 06:00:00,297.75478249007637,291.5123079179432
2012-01-03 08:00:00,301.8038965821817,293.2486545462822
2012-01-03 09:00:00,302.1121181258803,293.81357838964243
2012-01-03 17:00:00,284.5295145419787,285.6958635562374
2012-01-03 18:00:00,283.85882384971774,285.15715541751433
2012-01-03 20:00:00,282.8998351486512,284.37418378409694
2012-01-03 21:00:00,282.47542965834606,283.9767197901369
2012-01-04 05:00:00,293.1193181112845,290.4692929213514
2012-01-04 06:00:00,296.8942391699746,292.3902712029926
2012-01-04 08:00:00,301.2844428487111,294.63669733126835
2012-01-04 09:00:00,301.76322887638133,295.2703580224459
2012-01-04 17:00:00,283.92655608613615,285.85780416761963
2012-01-04 18:00:00,282.8817704116986,285.0595245831553
2012-01-04 20:00:00,281.57936975511456,284.454511645395
2012-01-04 21:00:00,281.2345266474414,284.4202193390974
2012-01-05 05:00:00,295.45927539702006,292.1891668052262
2012-01-05 06:00:00,298.9180388134691,293.7361480759913
2012-01-05 08:00:00,303.4090886049902,295.81459487421307
2012-01-05 09:00:00,302.93719522390967,295.8437979629117
2012-01-05 17:00:00,286.7092819801648,288.20231884690395
2012-01-05 18:00:00,286.0188068219436,287.44075651712524
2012-01-05 20:00:00,284.09684189148425,286.4788769220902
2012-01-05 21:00:00,283.497237477354,285.47341444018446
2012-01-06 05:00:00,296.2001495126216,292.4309352175296
2012-01-06 06:00:00,301.11077833836913,294.0819484669549
2012-01-06 08:00:00,302.53214845818997,295.22909919727016
2012-01-06 09:00:00,302.02967912059717,295.5486620651739
2012-01-06 17:00:00,285.7885341321008,287.2353291327854
2012-01-06 18:00:00,284.98757932219183,286.5012366437398
2012-01-06 20:00:00,283.91901591672735,285.5719444145591
2012-01-06 21:00:00,283.2952032103928,284.8555662275646
2012-01-07 05:00:00,293.63267618188144,289.42199535399266
2012-01-07 06:00:00,297.5596103286155,291.0186811544127
2012-01-07 08:00:00,301.12065232663383,292.923410918202
2012-01-07 09:00:00,300.95201997213263,293.2916151143737
2012-01-07 17:00:00,283.12731957104984,284.334879282994
2012-01-07 18:00:00,282.0224711413744,283.3934785816445
2012-01-07 20:00:00,280.91623757102275,282.5991594170569
2012-01-07 21:00:00,280.24107986238596,282.01222492329697
2012-01-08 05:00:00,290.5635705604024,287.96544441493523
2012-01-08 06:00:00,294.77427788544884,289.9911599181283
2012-01-08 08:00:00,298.9990543547691,290.83456557263577
2012-01-08 09:00:00,299.5102577856032,291.3427218303475
2012-01-08 17:00:00,281.3168136291033,282.0460743955545
2012-01-08 18:00:00,280.56144726111086,281.39372178182026
2012-01-08 20:00:00,279.3523140835285,280.39588371006477
2012-01-08 21:00:00,278.8323804858286,279.9801668187687
2012-01-09 05:00:00,290.40837882443094,286.26016651500356
2012-01-09 06:00:00,294.2347882569112,288.0402462199583
2012-01-09 08:00:00,299.4078180345439,290.5690955351608
2012-01-09 09:00:00,299.8322850302298,291.18054883395575
2012-01-09 17:00:00,281.5655872127492,282.6920467194497
2012-01-09 18:00:00,280.72016365979965,281.9254554078465
2012-01-09 20:00:00,279.2799895864055,280.6361676702514
2012-01-09 21:00:00,278.6702477876872,280.0794788002049
2012-01-10 05:00:00,290.54506360070184,286.72226201367494
2012-01-10 06:00:00,294.7690556177924,288.557953045438
2012-01-10 08:00:00,299.73092992280044,290.47713260033464
2012-01-10 09:00:00,299.7691203912344,290.9706950136253
2012-01-10 17:00:00,281.14904470105756,282.3281012771677
2012-01-10 18:00:00,280.30009281763864,281.5769652379863
2012-01-10 20:00:00,278.9246990985606,280.3605727326521
2012-01-10 21:00:00,278.3801553076699,279.8697486959731
2012-01-11 05:00:00,291.16932831045665,287.1084248876351
2012-01-11 06:00:00,295.0372695570183,288.6906813752302
2012-01-11 08:00:00,300.31094957536834,290.81525245983903
2012-01-11 09:00:00,300.7268847919576,291.4401665968226
2012-01-11 17:00:00,282.3723453939053,283.6167718449433
2012-01-11 18:00:00,281.5597034095799,282.96227914489845
2012-01-11 20:00:00,279.9518118036914,281.50867279946164
2012-01-11 21:00:00,279.14464396284245,280.82115029921334
2012-01-12 05:00:00,293.1769156904177,288.925287890324
2012-01-12 06:00:00,297.17330349538656,290.50963986342424
2012-01-12 08:00:00,301.40383955804157,292.7692624460934
2012-01-12 09:00:00,301.34476723693,293.32441015493345
2012-01-12 17:00:00,281.99937911540593,283.5413992342486
2012-01-12 18:00:00,280.4159779129851,282.80431541125466
2012-01-12 20:00:00,278.1955603553995,283.55612076816647
2012-01-12 21:00:00,277.4423914176106,283.3187219181854
2012-01-13 05:00:00,293.9123051059999,290.3517761465581
2012-01-13 06:00:00,298.08225413647205,292.0979954465328
2012-01-13 08:00:00,303.01845351867206,294.1464966478627
2012-01-13 09:00:00,303.41113525766804,294.71359685536345
2012-01-13 17:00:00,281.3825869332477,283.5997070406545
2012-01-13 18:00:00,280.7785007847109,283.0985008674704
2012-01-13 20:00:00,279.89542792133636,282.14852505582513
2012-01-13 21:00:00,279.46174917823544,281.6474445266606
2012-01-14 05:00:00,294.817865803723,292.4497173761917
2012-01-14 06:00:00,299.27371704853925,294.44605364454173
2012-01-14 08:00:00,303.9261883939911,296.6775973515444
2012-01-14 09:00:00,304.12145913804443,297.19584949652113
2012-01-14 17:00:00,285.85489975469324,287.60975691643995
2012-01-14 18:00:00,285.0267516431529,286.90669346884334
2012-01-14 20:00:00,283.1027889163542,285.2290563362957
2012-01-14 21:00:00,282.17906435832776,284.5532397254039
2012-01-15 05:00:00,296.5364501670991,294.0999372861418
2012-01-15 06:00:00,300.3101299503368,295.8639451131247
2012-01-15 08:00:00,303.88806486203237,297.9180192051022
2012-01-15 09:00:00,304.197383886493,298.57118763504855
2012-01-15 17:00:00,288.45837588082475,290.1641561217227
2012-01-15 18:00:00,288.53417235199584,290.26407986539544
2012-01-15 20:00:00,288.9919349893767,290.3125914351782
2012-01-15 21:00:00,288.98910390798045,290.0650903263886
2012-01-16 05:00:00,291.63850010194466,290.6952076869312
2012-01-16 06:00:00,296.890690079088,292.83123995600204
2012-01-16 08:00:00,301.2736340068706,294.99871104377075
2012-01-16 09:00:00,300.84687776962306,295.21467235312446
2012-01-16 17:00:00,284.5088706464723,285.6305638153123
2012-01-16 18:00:00,283.50159777625134,284.71409863206014
2012-01-16 20:00:00,282.0001195546108,283.4060708679293
2012-01-16 21:00:00,281.4745565217522,282.86249035569296
2012-01-17 05:00:00,292.43024151865256,288.4921823275291
2012-01-17 06:00:00,296.86948494698123,290.36308796416813
2012-01-17 08:00:00,301.6862016392783,292.41925251024713
2012-01-17 09:00:00,301.16980476555733,292.90179069530797
2012-01-17 17:00:00,282.55632870149543,283.69636126549113
2012-01-17 18:00:00,281.6863147753229,282.928303088172
2012-01-17 20:00:00,280.1940027833536,281.51728503399164
2012-01-17 21:00:00,279.53488413100985,280.8561804349691
2012-01-18 05:00:00,291.82234561020863,287.38886304482105
2012-01-18 06:00:00,295.7560280915952,289.0038985618274
2012-01-18 08:00:00,300.7630137251045,290.70030273531546
2012-01-18 09:00:00,301.2289900581348,291.3121440399593
2012-01-18 17:00:00,282.1737946920292,283.3118943036613
2012-01-18 18:00:00,281.34876409921515,282.6391002731441
2012-01-18 20:00:00,279.6085478513744,281.00404120446717
2012-01-18 21:00:00,279.06448707521787,280.5259361796093
2012-01-19 05:00:00,290.811785164526,287.30354219739354
2012-01-19 06:00:00,294.7290723944665,289.18059418712085
2012-01-19 08:00:00,299.8068818032099,290.34992143957203
2012-01-19 09:00:00,300.61764977782826,290.83620449354174
2012-01-19 17:00:00,282.0184638636138,283.0895673989882
2012-01-19 18:00:00,281.22928119771103,282.4514004276787
2012-01-19 20:00:00,279.6720616791759,281.0963092210296
2012-01-19 21:00:00,278.8190463261538,280.3233534896686
2012-01-20 05:00:00,291.34771302962343,287.67859951777524
2012-01-20 06:00:00,295.4830454163632,289.47889916371486
2012-01-20 08:00:00,300.9874955751863,290.93034003071136
2012-01-20 09:00:00,301.30631203203245,291.4258493855481
2012-01-20 17:00:00,281.9444201782415,283.14227490065093
2012-01-20 18:00:00,280.9739118673034,282.2906958017217
2012-01-20 20:00:00,279.62056982572346,281.0905564224408
2012-01-20 21:00:00,279.2333478413304,280.73059895519856
2012-01-21 05:00:00,290.87971950348793,287.4081273012793
2012-01-21 06:00:00,294.8291501837262,289.16491330092424
2012-01-21 08:00:00,299.75832424545877,291.16771424092207
2012-01-21 09:00:00,300.3033654869797,291.78811626698825
2012-01-21 17:00:00,281.78013911783603,283.30441721488586
2012-01-21 18:00:00,280.7980722859387,282.4530026005303
2012-01-21 20:00:00,278.5903595158793,280.33123015181866
2012-01-21 21:00:00,277.82987684534953,279.68835611446247
2012-01-22 05:00:00,290.8852592197882,288.2188959577234
2012-01-22 06:00:00,295.1062792996963,290.37891426732983
2012-01-22 08:00:00,299.3637715297047,292.5243741404294
2012-01-22 09:00:00,300.48776082889697,293.2687419779679
2012-01-22 17:00:00,283.6714496112935,284.9789531925242
2012-01-22 18:00:00,283.0123028395172,284.45491742573455
2012-01-22 20:00:00,281.80104645668825,283.3578076472819
2012-01-22 21:00:00,281.3306543382548,282.91012834216855
2012-01-23 05:00:00,292.418735333694,289.586613588965
2012-01-23 06:00:00,296.6846059085041,291.9265008347428
2012-01-23 08:00:00,302.11730416272934,294.32187825395437
2012-01-23 09:00:00,302.8519411013563,294.9342037959165
2012-01-23 17:00:00,283.8880650501222,285.2763408078986
2012-01-23 18:00:00,282.8601188013109,284.3142886169152
2012-01-23 20:00:00,281.5173275187864,283.10888805889016
2012-01-23 21:00:00,281.06995891459366,282.6878658347578
2012-01-24 05:00:00,293.1119389938096,289.83664956114876
2012-01-24 06:00:00,297.40162682202634,292.0943901638037
2012-01-24 08:00:00,302.09879593342225,294.5497859255375
2012-01-24 09:00:00,302.50376774533686,295.13584921062454
2012-01-24 17:00:00,285.7984166784537,287.1679200347289
2012-01-24 18:00:00,285.10641474789946,286.570637072547
2012-01-24 20:00:00,284.22793148846034,285.56197962591943
2012-01-24 21:00:00,284.6018719783366,285.6801800132716
2012-01-25 05:00:00,291.30530509302173,289.37942330899705
2012-01-25 06:00:00,294.8970587073563,291.4437458761301
2012-01-25 08:00:00,298.2810201542036,293.5695403911667
2012-01-25 09:00:00,299.62831710556804,294.24801464110203
2012-01-25 17:00:00,286.40036784261696,287.5583257454754
2012-01-25 18:00:00,285.63432020472453,286.6982464665441
2012-01-25 20:00:00,284.672669350458,285.6391658929905
2012-01-25 21:00:00,284.00492823619874,284.9508127409431
2012-01-26 05:00:00,293.6134460872421,290.6100240040266
2012-01-26 06:00:00,296.83604574570853,292.0368580634494
2012-01-26 08:00:00,301.6241486112951,293.8987884991709
2012-01-26 09:00:00,302.0456686857485,294.383393721147
2012-01-26 17:00:00,285.3457196533956,286.5895817643505
2012-01-26 18:00:00,284.55039211561206,285.8958032076091
2012-01-26 20:00:00,283.3734376081516,284.85643259292397
2012-01-26 21:00:00,282.75966485586304,284.2610258505047
2012-01-27 05:00:00,294.3014356380986,290.6002412628503
2012-01-27 06:00:00,298.1270025691193,292.1057626874127
2012-01-27 08:00:00,302.6972602644393,293.81381051602824
2012-01-27 09:00:00,303.4127009175776,294.3583052389794
2012-01-27 17:00:00,286.4508425296731,287.29006177434934
2012-01-27 18:00:00,285.93849769909684,286.8445749150586
2012-01-27 20:00:00,284.1354202717221,285.22614910202145
2012-01-27 21:00:00,283.65252958277154,284.8205172828239
2012-01-28 05:00:00,291.8497823471281,289.6025641254725
2012-01-28 06:00:00,295.4472153344764,291.0841761561131
2012-01-28 08:00:00,299.2739529367221,292.9512214131642
2012-01-28 09:00:00,300.717397916115,293.3929634975909
2012-01-28 17:00:00,284.4848146365126,285.80406111377783
2012-01-28 18:00:00,283.7636377602035,285.23136431630843
2012-01-28 20:00:00,282.58417617962436,284.016310140789
2012-01-28 21:00:00,281.96181571501984,283.32985831849936
2012-01-29 05:00:00,293.65109363432475,289.66606725566373
2012-01-29 06:00:00,297.53961898733183,291.2488580830109
2012-01-29 08:00:00,302.05329631693746,293.2073359320454
2012-01-29 09:00:00,302.24082561193154,293.7966734852372
2012-01-29 17:00:00,282.90130065071565,284.52264745209726
2012-01-29 18:00:00,282.0135362387071,283.70978255778874
2012-01-29 20:00:00,280.7514694989738,282.64184104790127
2012-01-29 21:00:00,280.1192788710396,282.050083601236
2012-01-30 05:00:00,293.8986151743743,289.9547683410174
2012-01-30 06:00:00,297.7465128847189,291.40448827993333
2012-01-30 08:00:00,303.09314917048613,293.71668366842164
2012-01-30 09:00:00,303.67739400290566,294.29663629046945
2012-01-30 17:00:00,282.91190179433954,284.68973537733086
2012-01-30 18:00:00,281.58102198337735,283.5055080701831
2012-01-30 20:00:00,279.7351032838983,281.8644805579046
2012-01-30 21:00:00,279.0743743943507,281.1975864592613
2012-01-31 05:00:00,295.6402687108021,291.24861843303097
2012-01-31 06:00:00,300.0784334908648,292.85366936494097
2012-01-31 08:00:00,304.71385378609824,294.4624097732991
2012-01-31 09:00:00,304.53546443521884,294.9649062428526
2012-01-31 17:00:00,284.2645171978074,285.89855790101507
2012-01-31 18:00:00,283.3628509709575,285.18271109135753
2012-01-31 20:00:00,281.8655295820193,283.81148668944564
2012-01-31 21:00:00,281.1423679110817,283.13978571957904
2012-02-01 05:00:00,294.78962862693663,291.29695453849524
2012-02-01 06:00:00,298.68153327271824,292.7653332256205
2012-02-01 08:00:00,303.25038805287136,294.2797274596886
2012-02-01 09:00:00,303.67097031133386,294.7927448055226
2012-02-01 17:00:00,284.3024100845878,285.7715544619803
2012-02-01 18:00:00,283.4351907974031,285.0660402976861
2012-02-01 20:00:00,281.9387304837972,283.6272221875301
2012-02-01 21:00:00,281.87998637947356,283.4790322137724
2012-02-02 05:00:00,296.03630820628496,291.8405603723277
2012-02-02 06:00:00,300.41362272242003,293.3854558207037
2012-02-02 08:00:00,305.8188903761571,295.30487159294046
2012-02-02 09:00:00,306.04469614366906,295.91689529771617
2012-02-02 17:00:00,285.54702899856454,287.04985335574867
2012-02-02 18:00:00,284.56252633257895,286.25049599293385
2012-02-02 20:00:00,283.9600421452927,285.7248211171484
2012-02-02 21:00:00,282.9558953048636,284.7606203287886
2012-02-03 05:00:00,294.72064773253925,292.0754533952851
2012-02-03 06:00:00,298.8503921579323,294.3327619085327
2012-02-03 08:00:00,303.7838624739684,296.92611924746006
2012-02-03 09:00:00,304.72624093689063,297.59849411974704
2012-02-03 17:00:00,287.5583614355243,289.0016653710411
2012-02-03 18:00:00,286.83943470159926,288.2808782874344
2012-02-03 20:00:00,285.71194446252196,287.14507055062177
2012-02-03 21:00:00,285.27512316123364,286.67357714260675
2012-02-04 05:00:00,295.9038914473288,292.9957375313358
2012-02-04 06:00:00,300.61069583745876,295.7247600584809
2012-02-04 08:00:00,305.6204288994035,298.79909154483465
2012-02-04 09:00:00,305.6944363774798,299.36018512649423
2012-02-04 17:00:00,288.366719555965,289.5005397708464
2012-02-04 18:00:00,287.2136018162332,288.3195691924249
2012-02-04 20:00:00,285.37384926629915,286.63171729982724
2012-02-04 21:00:00,284.53287829382947,285.89139148964904
2012-02-05 05:00:00,295.6580829826085,291.6094649774819
2012-02-05 06:00:00,299.1401006525213,293.07070499649404
2012-02-05 08:00:00,303.233029734372,294.829090277109
2012-02-05 09:00:00,303.4839655048858,295.23845723156575
2012-02-05 17:00:00,285.48333427535,286.8162009734402
2012-02-05 18:00:00,284.73162837094634,286.1762407299918
2012-02-05 20:00:00,283.7191968309494,285.3385064311682
2012-02-05 21:00:00,283.31026598632064,284.89174563932494
2012-02-06 05:00:00,294.08097695936954,290.5754870163458
2012-02-06 06:00:00,298.2089132065031,292.4310919198858
2012-02-06 08:00:00,303.32804647248776,294.3988606551396
2012-02-06 09:00:00,303.8945908744824,294.93169451274196
2012-02-06 17:00:00,285.9449215552473,286.785330327156
2012-02-06 18:00:00,285.1823783604133,286.1325060781235
2012-02-06 20:00:00,284.01022863167645,285.06235559401784
2012-02-06 21:00:00,283.548523889668,284.5678535778828
2012-02-07 05:00:00,290.60168804997477,288.4748971054477
2012-02-07 06:00:00,294.5045442977929,290.01356007909556
2012-02-07 08:00:00,298.6313020914839,291.7237247179029
2012-02-07 09:00:00,300.34590964765505,292.28019987085753
2012-02-07 17:00:00,283.93382023369037,284.8897348177635
2012-02-07 18:00:00,282.82136622636085,283.95069981649954
2012-02-07 20:00:00,281.74114541169865,282.9845805586946
2012-02-07 21:00:00,281.244783257483,282.4762661644417
2012-02-08 05:00:00,290.9573640985005,286.195720043682
2012-02-08 06:00:00,295.54510709647957,288.2872850509197
2012-02-08 08:00:00,299.985508970193,290.3574143984285
2012-02-08 09:00:00,299.6762362628578,290.66841351196103
2012-02-08 17:00:00,280.71359027221865,282.0746216619694
2012-02-08 18:00:00,279.5529342909991,281.2711067846266
2012-02-08 20:00:00,278.60996499083626,280.704522531095
2012-02-08 21:00:00,278.4095327086368,280.4396837936895
2012-02-09 05:00:00,291.95804108089226,287.1037802203962
2012-02-09 06:00:00,296.0636631946535,288.64709888805044
2012-02-09 08:00:00,301.9322782966132,290.72462559774954
2012-02-09 09:00:00,302.18709901595156,291.5472973087352
2012-02-09 17:00:00,281.35430790646967,282.7967908533035
2012-02-09 18:00:00,280.26576863011155,281.9535322145247
2012-02-09 20:00:00,278.2831562200937,280.1817810575841
2012-02-09 21:00:00,277.3775775833013,279.3491221987779
2012-02-10 05:00:00,293.9151699965467,288.90414341719384
2012-02-10 06:00:00,298.4594181572161,290.64110919029577
2012-02-10 08:00:00,304.12334699586654,293.4214920020434
2012-02-10 09:00:00,304.23655467922407,294.25532618729835
2012-02-10 17:00:00,283.4422057964402,285.06173546178314
2012-02-10 18:00:00,282.308914866396,284.0335494689472
2012-02-10 20:00:00,279.91557152135346,282.31978457881416
2012-02-10 21:00:00,278.9718731143993,282.02056964703814
2012-02-11 05:00:00,295.3014204028208,291.6994623263555
2012-02-11 06:00:00,299.51020742454585,293.8135778959066
2012-02-11 08:00:00,304.51982970156917,296.4116206000142
2012-02-11 09:00:00,305.13725515874034,297.1305723498893
2012-02-11 17:00:00,286.89356035370673,288.15163876573183
2012-02-11 18:00:00,286.2583909233105,287.58994534203015
2012-02-11 20:00:00,285.20820568302196,286.523569680142
2012-02-11 21:00:00,284.5809346391534,285.854127246169
2012-02-12 05:00:00,294.30640471330594,291.85359591585467
2012-02-12 06:00:00,298.73925003028245,294.4470110688996
2012-02-12 08:00:00,303.6863897996618,297.3150621364223
2012-02-12 09:00:00,304.985527779178,298.2725727334045
2012-02-12 17:00:00,286.6639833611957,288.38279615969435
2012-02-12 18:00:00,285.1230028619752,287.16469709164187
2012-02-12 20:00:00,283.2173062928469,285.7084204581191
2012-02-12 21:00:00,282.7128553581532,285.6590486594084
2012-02-13 05:00:00,296.27537919854166,292.832976189894
2012-02-13 06:00:00,300.45314966328164,294.92160118820124
2012-02-13 08:00:00,304.11365486697537,296.93103022641503
2012-02-13 09:00:00,304.3329948343004,297.38291515003556
2012-02-13 17:00:00,286.3596617194648,287.73831858583515
2012-02-13 18:00:00,285.38243860088994,286.91268645817036
2012-02-13 20:00:00,284.0211725220291,285.80036108078684
2012-02-13 21:00:00,283.76522312252473,285.520654028847
2012-02-14 05:00:00,296.97133134509824,292.8959048231504
2012-02-14 06:00:00,301.2371360414385,294.44896179575403
2012-02-14 08:00:00,306.7923968393006,296.30705329413036
2012-02-14 09:00:00,306.5739109644721,296.77736780198956
2012-02-14 17:00:00,286.64278194386344,287.7196226663693
2012-02-14 18:00:00,285.8184245951555,287.07321489096057
2012-02-14 20:00:00,284.9879938016871,286.2783205946348
2012-02-14 21:00:00,285.5299393193931,286.57770680573026
2012-02-15 05:00:00,294.3257795901071,290.6188638978085
2012-02-15 06:00:00,298.2615997596588,292.47928216167156
2012-02-15 08:00:00,303.7498622712075,294.51189412027367
2012-02-15 09:00:00,304.5013715746958,294.9972181511219
2012-02-15 17:00:00,286.0999039707272,286.89503951579655
2012-02-15 18:00:00,285.2340527785761,286.0851406573515
2012-02-15 20:00:00,283.7522194132048,284.84242182703713
2012-02-15 21:00:00,283.15609510800874,284.25671506626026
2012-02-16 05:00:00,294.97712542940917,290.71123639828255
2012-02-16 06:00:00,299.10975012169416,292.44122681228333
2012-02-16 08:00:00,304.9283064973005,294.4271469703992
2012-02-16 09:00:00,305.0988450718955,294.94948593163167
2012-02-16 17:00:00,285.08653771822185,286.2994703577921
2012-02-16 18:00:00,284.2207743640306,285.52788737668834
2012-02-16 20:00:00,282.8868595587638,284.25975864216434
2012-02-16 21:00:00,282.2884588491384,283.65260359612745
2012-02-17 05:00:00,294.25642489064455,290.66863785612935
2012-02-17 06:00:00,298.4873912793646,292.73661122373517
2012-02-17 08:00:00,304.2657245935755,294.9129318684018
2012-02-17 09:00:00,305.5097216119752,295.67042515641555
2012-02-17 17:00:00,285.4585605145235,286.64140049445064
2012-02-17 18:00:00,284.61176940729877,285.8580293581923
2012-02-17 20:00:00,283.27868196225864,284.53052724124103
2012-02-17 21:00:00,282.7059041921089,283.94669794632216
2012-02-18 05:00:00,295.83346538808206,291.1779132954696
2012-02-18 06:00:00,300.64460646242867,293.30118500837375
2012-02-18 08:00:00,307.32321931107197,296.1608927628293
2012-02-18 09:00:00,307.65919024404286,296.99705933275504
2012-02-18 17:00:00,287.16489519727617,288.49033958775976
2012-02-18 18:00:00,286.28721717399515,287.78300266824266
2012-02-18 20:00:00,284.7155634993214,286.302805449452
2012-02-18 21:00:00,284.0212350383929,285.6022830016808
2012-02-19 05:00:00,299.6798569454434,293.8867091809289
2012-02-19 06:00:00,304.31630247142544,295.78789483821265
2012-02-19 08:00:00,309.79752435669513,298.55968634042614
2012-02-19 09:00:00,309.9979865922031,299.46666549424
2012-02-19 17:00:00,288.7201668338159,290.16176510004124
2012-02-19 18:00:00,287.4844010974667,289.0274073949029
2012-02-19 20:00:00,285.1344499867209,286.9990692608897
2012-02-19 21:00:00,284.41623145810263,286.3602362399109
2012-02-20 05:00:00,300.15637199977886,296.4992192390336
2012-02-20 06:00:00,304.98458034709347,299.04703877923674
2012-02-20 08:00:00,310.38264002160776,301.82852055295405
2012-02-20 09:00:00,310.7056360700281,302.6351497044732
2012-02-20 17:00:00,290.6303515088944,292.4960216645651
2012-02-20 18:00:00,289.73429816529637,291.8295062143005
2012-02-20 20:00:00,288.7582795976307,291.092297969871
2012-02-20 21:00:00,288.33273477657184,290.7120095886325
2012-02-21 05:00:00,300.3320725827445,297.9539210432667
2012-02-21 06:00:00,304.20436397135165,300.24292852698557
2012-02-21 08:00:00,308.3124424680172,302.67475858197554
2012-02-21 09:00:00,308.6557049156154,303.160736248563
2012-02-21 17:00:00,292.58951038425255,293.99081451463036
2012-02-21 18:00:00,291.8327923320659,293.35104186729586
2012-02-21 20:00:00,290.9078761543074,292.6755685438912
2012-02-21 21:00:00,290.39954951070314,292.0732958636409
2012-02-22 05:00:00,302.92842887325907,297.85819003394647
2012-02-22 06:00:00,306.61267886874487,299.5486120567851
2012-02-22 08:00:00,309.7441777492341,301.661054614145
2012-02-22 09:00:00,309.6938446938349,302.3078617278159
2012-02-22 17:00:00,290.93982220430775,292.1641356669516
2012-02-22 18:00:00,289.93653740317137,291.241099188618
2012-02-22 20:00:00,288.4116256314176,289.9759081354127
2012-02-22 21:00:00,287.6874060020976,289.2535770927629
2012-02-23 05:00:00,302.3863096545768,296.13522113159365
2012-02-23 06:00:00,306.3491935318534,298.04965026573336
2012-02-23 08:00:00,309.73429884712203,299.9390507773001
2012-02-23 09:00:00,309.4520420256675,300.4000426587779
2012-02-23 17:00:00,289.8210842796761,291.0279536783604
2012-02-23 18:00:00,288.7127937352161,290.0456026427001
2012-02-23 20:00:00,287.06956524253815,288.6373709750653
2012-02-23 21:00:00,286.3486673034762,287.921116339591
2012-02-24 05:00:00,300.4737960509784,294.6332240405913
2012-02-24 06:00:00,304.7801525427491,296.42501558324403
2012-02-24 08:00:00,307.65287674961183,297.8609778076548
2012-02-24 09:00:00,307.45638864102824,298.2626556255417
2012-02-24 17:00:00,287.0683650882292,288.54931525419966
2012-02-24 18:00:00,286.05985580938074,287.7780299487944
2012-02-24 20:00:00,284.7406440111816,286.5058015373712
2012-02-24 21:00:00,284.31118071428244,285.9487171849043
2012-02-25 05:00:00,296.96857545261946,293.0111429834586
2012-02-25 06:00:00,301.522057555306,295.1588571604301
2012-02-25 08:00:00,307.4495841380444,297.4139228432866
2012-02-25 09:00:00,308.40910104243153,298.0567661749747
2012-02-25 17:00:00,288.1787884070069,289.3255040619884
2012-02-25 18:00:00,287.31043138783224,288.5535699876688
2012-02-25 20:00:00,285.78245022484265,287.0932451668432
2012-02-25 21:00:00,285.0312364575308,286.3492507817014
2012-02-26 05:00:00,297.1059507537513,293.23483795965393
2012-02-26 06:00:00,301.50794543250134,295.5033547000268
2012-02-26 08:00:00,307.7187080089411,297.75269156575024
2012-02-26 09:00:00,308.8034000484896,298.50768384654276
2012-02-26 17:00:00,287.43693617716406,288.79458568790477
2012-02-26 18:00:00,286.39393051453106,287.94855700288605
2012-02-26 20:00:00,284.54956917549686,286.38739229975204
2012-02-26 21:00:00,283.64843700626415,285.58897919500555
2012-02-27 05:00:00,300.41426549597037,295.229136297993
2012-02-27 06:00:00,305.25394447926203,297.14668974560476
2012-02-27 08:00:00,311.0804824241321,299.7307097166088
2012-02-27 09:00:00,311.2426731479921,300.5339669813912
2012-02-27 17:00:00,289.2700604878148,290.7529971177112
2012-02-27 18:00:00,288.04288580237625,289.71527861373266
2012-02-27 20:00:00,285.15379871903286,287.25600175901627
2012-02-27 21:00:00,284.029790446277,286.7281824708536
2012-02-28 05:00:00,302.4537563706032,296.46895633456523
2012-02-28 06:00:00,307.18104736610263,298.2499594666374
2012-02-28 08:00:00,309.50742289538744,300.3621620918827
2012-02-28 09:00:00,308.8518373698042,300.66901010945327
2012-02-28 17:00:00,288.88076156827816,290.38573710907406
2012-02-28 18:00:00,287.8758097032921,289.6101369519814
2012-02-28 20:00:00,286.17011424389386,288.1518128428878
2012-02-28 21:00:00,285.2201406187931,287.18849266769337
2012-02-29 05:00:00,302.5929532749076,296.22205149411053
2012-02-29 06:00:00,306.7983057994872,297.9033215115728
2012-02-29 08:00:00,310.668542447553,300.2035982575732
2012-02-29 09:00:00,310.6818753376213,300.83347547440025
2012-02-29 17:00:00,289.13283760999497,291.15170121156194
2012-02-29 18:00:00,287.6963157242362,289.8628321384612
2012-02-29 20:00:00,284.79978860581787,289.17163469170566
2012-02-29 21:00:00,283.9656734378386,287.4114987177915
2012-03-01 05:00:00,301.102495848857,297.1807181148206
2012-03-01 06:00:00,305.4674007609739,299.3275820316262
2012-03-01 08:00:00,309.9381575386036,301.0177541770994
2012-03-01 09:00:00,310.52111835215237,301.5009320792505
2012-03-01 17:00:00,290.913398613364,292.38399356318916
2012-03-01 18:00:00,289.84975965879,291.4241813577379
2012-03-01 20:00:00,287.9865721010464,289.9249000255426
2012-03-01 21:00:00,287.16344871579776,289.1200896088258
2012-03-02 05:00:00,301.62676952579545,297.2597168391952
2012-03-02 06:00:00,305.84041845853596,299.3103612303183
2012-03-02 08:00:00,310.70419454941947,301.4793171228723
2012-03-02 09:00:00,311.1508035292427,302.000719608254
2012-03-02 17:00:00,291.48138265506884,292.98275006827663
2012-03-02 18:00:00,290.619244850288,292.30653317867336
2012-03-02 20:00:00,288.725723007978,290.3456928270807
2012-03-02 21:00:00,287.3918856957293,290.1822305217913
2012-03-03 05:00:00,302.8626504671776,298.5227262147219
2012-03-03 06:00:00,306.83377117515533,300.66667840660807
2012-03-03 08:00:00,311.3537809257331,302.87755978529924
2012-03-03 09:00:00,311.76775057988095,303.4265252158895
2012-03-03 17:00:00,293.2453940322476,294.8133293821926
2012-03-03 18:00:00,292.4554416556571,294.10616954926905
2012-03-03 20:00:00,291.44024009293145,293.1942510619553
2012-03-03 21:00:00,290.87136116674395,292.63704936493343
2012-03-04 05:00:00,302.8758525172441,299.91827216243894
2012-03-04 06:00:00,306.6352449719821,302.2050632423907
2012-03-04 08:00:00,311.2056616972701,304.97946018871437
2012-03-04 09:00:00,311.8510292887872,305.6819435907255
2012-03-04 17:00:00,295.85177659327155,297.4749325838956
2012-03-04 18:00:00,295.31551397526397,297.02131539978126
2012-03-04 20:00:00,294.85540338877723,296.81155005221376
2012-03-04 21:00:00,294.4861682486277,296.29039302408603
2012-03-05 05:00:00,301.82479240053055,298.8076990300959
2012-03-05 06:00:00,305.3641121369114,300.85924505342507
2012-03-05 08:00:00,309.4444358602327,303.30460871386424
2012-03-05 09:00:00,309.83751026030137,303.83415511356117
2012-03-05 17:00:00,293.5205407752462,295.04967676289095
2012-03-05 18:00:00,292.7467897059554,294.40673593012684
2012-03-05 20:00:00,291.7740562450721,293.60193357776234
2012-03-05 21:00:00,291.1485802366848,292.8467032927762
2012-03-06 05:00:00,302.69982352940076,297.68720531022785
2012-03-06 06:00:00,307.0706404816756,299.4989647064444
2012-03-06 08:00:00,311.2835957860726,301.70358154108783
2012-03-06 09:00:00,311.0124313519071,302.0118679052509
2012-03-06 17:00:00,291.6467519093001,292.9914472723962
2012-03-06 18:00:00,290.77094556811414,292.3024981106375
2012-03-06 20:00:00,289.0497417949565,290.57015020197093
2012-03-06 21:00:00,288.0929300928337,289.5611168342673
2012-03-07 05:00:00,303.902375466651,297.8416879239545
2012-03-07 06:00:00,307.9012098973632,299.5904292501911
2012-03-07 08:00:00,311.1135814649115,301.3331564505038
2012-03-07 09:00:00,310.7025990772688,301.7787452309819
2012-03-07 17:00:00,290.1564740855448,291.58875757814
2012-03-07 18:00:00,288.7909141740373,290.24823468271506
2012-03-07 20:00:00,286.5919757954696,288.3890817462939
2012-03-07 21:00:00,285.61053276355904,287.4540947912654
2012-03-08 05:00:00,297.4625507701527,293.27971126045026
2012-03-08 06:00:00,301.351311235472,295.44957329936676
2012-03-08 08:00:00,304.84878246148673,297.47356115026724
2012-03-08 09:00:00,304.7197162645807,297.67022596926466
2012-03-08 17:00:00,286.69372711416753,288.416234444029
2012-03-08 18:00:00,285.76591790291855,287.6389771448262
2012-03-08 20:00:00,284.5076441830957,286.5359451458524
2012-03-08 21:00:00,283.8410648528159,285.7719932285773
2012-03-09 05:00:00,300.8860523241511,294.03444983154674
2012-03-09 06:00:00,304.927215082436,295.36813251042776
2012-03-09 08:00:00,308.6661396467447,297.1737339390077
2012-03-09 09:00:00,308.63623810990015,297.6718840283128
2012-03-09 17:00:00,286.59208919013776,288.2675042292003
2012-03-09 18:00:00,284.99062094666374,286.8741170122003
2012-03-09 20:00:00,282.6502188519447,285.11318678187297
2012-03-09 21:00:00,281.91514994146644,284.50293319067345
2012-03-10 05:00:00,300.15016268361336,295.58946865181707
2012-03-10 06:00:00,303.9061416132241,297.14430093397897
2012-03-10 08:00:00,309.274341765464,298.76890650956403
2012-03-10 09:00:00,310.0533527203811,299.234848022461
2012-03-10 17:00:00,289.04900511754863,290.5153019321718
2012-03-10 18:00:00,288.25756050662375,289.8639717043273
2012-03-10 20:00:00,287.04285241642793,288.7018408870844
2012-03-10 21:00:00,286.4113704640252,288.01085847404966
2012-03-11 05:00:00,298.87222332359283,295.28466145613896
2012-03-11 06:00:00,302.7917905081586,297.44499712034445
2012-03-11 08:00:00,307.4256554414018,299.8007906544925
2012-03-11 09:00:00,307.94168267154544,300.22169301836817
2012-03-11 17:00:00,289.9200303793321,291.59652735823295
2012-03-11 18:00:00,289.259808838643,290.9545214260672
2012-03-11 20:00:00,288.21305158288897,289.8441505608463
2012-03-11 21:00:00,287.7591436824005,289.3333731770332
2012-03-12 05:00:00,300.8428345667012,297.1045823530717
2012-03-12 06:00:00,304.8403640065245,299.282186193716
2012-03-12 08:00:00,309.3814356352772,301.73295123037093
2012-03-12 09:00:00,310.33415527813975,302.30126877889063
2012-03-12 17:00:00,292.3864254238793,293.5651243001177
2012-03-12 18:00:00,291.23979953477857,292.50884788760055
2012-03-12 20:00:00,289.835480441665,291.4556420183696
2012-03-12 21:00:00,289.23643717009037,290.7596803732756
2012-03-13 05:00:00,299.9930077128124,295.3549610014506
2012-03-13 06:00:00,302.99613997308063,296.8365493562813
2012-03-13 08:00:00,306.35797455351235,298.42310268596066
2012-03-13 09:00:00,306.5824723206977,298.8022679356838
2012-03-13 17:00:00,288.6771373307944,290.2500314345162
2012-03-13 18:00:00,287.63343265574593,289.4127704402882
2012-03-13 20:00:00,285.3987462729997,287.596310984372
2012-03-13 21:00:00,284.6248092063587,286.8786959185255
2012-03-14 05:00:00,302.83719283516854,296.7031478999392
2012-03-14 06:00:00,307.73610164130963,298.5048171926537
2012-03-14 08:00:00,313.19545382601086,300.8260496636201
2012-03-14 09:00:00,313.48308145908067,301.60997401914904
2012-03-14 17:00:00,290.52526871926614,292.0586167204729
2012-03-14 18:00:00,289.2834650166046,290.9872360817273
2012-03-14 20:00:00,286.60714869800444,288.67885193435364
2012-03-14 21:00:00,285.623395546559,287.93709774634505
2012-03-15 05:00:00,303.888926689724,299.0167824344018
2012-03-15 06:00:00,308.5145251210923,301.13112458168814
2012-03-15 08:00:00,314.0144570560779,303.8007433498953
2012-03-15 09:00:00,313.90621673160786,304.37609362492026
2012-03-15 17:00:00,291.5282750533799,293.61813260447263
2012-03-15 18:00:00,289.81672120645345,293.3132862861058
2012-03-15 20:00:00,287.59650916054,290.2441431171905
2012-03-15 21:00:00,287.0337103798136,289.3189822580488
2012-03-16 05:00:00,306.51069471832415,300.87358100315095
2012-03-16 06:00:00,311.7330273127152,303.1209990702719
2012-03-16 08:00:00,316.3875637906726,305.9538076485985
2012-03-16 09:00:00,316.3739250665086,306.8530340914734
2012-03-16 17:00:00,294.66530836014243,296.57178686579863
2012-03-16 18:00:00,293.87479307765403,295.94306934045164
2012-03-16 20:00:00,293.0205984718076,295.2628872581917
2012-03-16 21:00:00,292.56462351089266,294.7716927550423
2012-03-17 05:00:00,306.43073979217576,302.1338479816455
2012-03-17 06:00:00,310.533348424409,303.9641989074613
2012-03-17 08:00:00,314.90640583244056,306.21724662134204
2012-03-17 09:00:00,315.32519547707864,306.76961629012334
2012-03-17 17:00:00,295.5584516951409,297.1401595246443
2012-03-17 18:00:00,294.5827526451076,296.27269579118865
2012-03-17 20:00:00,293.3245056105321,295.2780070723664
2012-03-17 21:00:00,292.6721771428325,294.6143811289078
2012-03-18 05:00:00,307.72917100057026,303.3829184180966
2012-03-18 06:00:00,312.1375998098788,305.50597081823605
2012-03-18 08:00:00,317.02411053250495,307.9539292957089
2012-03-18 09:00:00,317.21059230810323,308.499424162925
2012-03-18 17:00:00,296.4077423048681,298.3373347959827
2012-03-18 18:00:00,295.2715438113926,297.39378627312755
2012-03-18 20:00:00,293.93884286748244,296.14734448637176
2012-03-18 21:00:00,293.28180119730473,295.3342959458362
2012-03-19 05:00:00,308.12288570551,304.1553694103459
2012-03-19 06:00:00,312.52719720449585,306.51051796088785
2012-03-19 08:00:00,316.91968880816495,309.19751787699977
2012-03-19 09:00:00,317.2275551441822,309.87959642219255
2012-03-19 17:00:00,296.6660402647704,298.5525109712809
2012-03-19 18:00:00,295.7211647915363,297.669304963804
2012-03-19 20:00:00,294.7526396294404,297.0331422073999
2012-03-19 21:00:00,294.5256885122996,296.91510625759884
2012-03-20 05:00:00,306.5205687301001,301.6827467578953
2012-03-20 06:00:00,310.44590333724057,303.5755046497692
2012-03-20 08:00:00,313.4768958422363,305.4849397632852
2012-03-20 09:00:00,313.29582150875143,305.74998939643467
2012-03-20 17:00:00,291.7590424430389,293.3251021610019
2012-03-20 18:00:00,290.3001326221531,291.96644230212195
2012-03-20 20:00:00,288.25202426998567,290.35194829579314
2012-03-20 21:00:00,287.30384173047935,289.37571894993954
2012-03-21 05:00:00,302.1122238088646,297.0896406129622
2012-03-21 06:00:00,306.10947950742275,299.0133274119514
2012-03-21 08:00:00,311.5279937179871,301.2890024993379
2012-03-21 09:00:00,312.3636385736921,301.9467104542972
2012-03-21 17:00:00,290.220839983877,291.74262889985494
2012-03-21 18:00:00,289.15324766279554,290.8352982531343
2012-03-21 20:00:00,287.47251668733145,289.3813812302882
2012-03-21 21:00:00,286.66576979156633,288.5209644006103
2012-03-22 05:00:00,302.9598752390622,297.3563029519949
2012-03-22 06:00:00,307.02734273901706,299.3578986357468
2012-03-22 08:00:00,312.3831743613597,302.01284105862237
2012-03-22 09:00:00,312.97778743514664,302.79785868640306
2012-03-22 17:00:00,290.8301255471534,292.6319940270188
2012-03-22 18:00:00,289.53202655245605,291.57753808913503
2012-03-22 20:00:00,287.26458227689534,289.67176228715755
2012-03-22 21:00:00,286.4589347427909,288.9213688972368
2012-03-23 05:00:00,307.637886576366,300.4111771076596
2012-03-23 06:00:00,312.08701812320936,302.2940071940606
2012-03-23 08:00:00,316.79406754739114,304.9164323380622
2012-03-23 09:00:00,316.91882415912556,305.62737315314575
2012-03-23 17:00:00,292.97231284495683,294.91401183329674
2012-03-23 18:00:00,291.67968366766934,293.90036779559455
2012-03-23 20:00:00,289.121177426472,291.5454671709857
2012-03-23 21:00:00,287.89510562937875,290.4719317514099
2012-03-24 05:00:00,310.1550476591466,303.55374032653907
2012-03-24 06:00:00,314.8798498967763,305.230288160233
2012-03-24 08:00:00,319.6387460764457,306.955246818084
2012-03-24 09:00:00,319.54248425405825,307.3562239777693
2012-03-24 17:00:00,294.04882408106823,295.82204513667364
2012-03-24 18:00:00,292.2633952418535,294.24939790087967
2012-03-24 20:00:00,289.4643113851915,292.122171387283
2012-03-24 21:00:00,288.8865615068856,291.59160890270647
2012-03-25 05:00:00,309.1981617085556,304.3538010748583
2012-03-25 06:00:00,313.4949733457874,306.08990791215
2012-03-25 08:00:00,318.9580267860636,308.3890837212373
2012-03-25 09:00:00,319.36671513585355,308.84948725766503
2012-03-25 17:00:00,295.9260929148811,297.65481405155316
2012-03-25 18:00:00,294.4665553676329,296.51615633031435
2012-03-25 20:00:00,291.9559508148805,294.6288089605252
2012-03-25 21:00:00,291.10979077261294,293.88422058763786
2012-03-26 05:00:00,309.4368454708341,305.0542585846089
2012-03-26 06:00:00,314.0026818085893,307.01308263652317
2012-03-26 08:00:00,318.3550407045244,308.7755243098607
2012-03-26 09:00:00,318.3932074266149,309.1025288821369
2012-03-26 17:00:00,297.27454050590154,299.04559293256153
2012-03-26 18:00:00,296.3075060734213,298.16890390922185
2012-03-26 20:00:00,294.3262705281262,295.9869366426865
2012-03-26 21:00:00,293.42448627489557,295.15259097059635
2012-03-27 05:00:00,309.1139243291964,303.69082949598686
2012-03-27 06:00:00,313.8713533139927,305.88903274888804
2012-03-27 08:00:00,320.8523359489735,308.25650626301586
2012-03-27 09:00:00,321.05908703914224,308.90997925745137
2012-03-27 17:00:00,297.1718022562506,298.733886413104
2012-03-27 18:00:00,295.7926039262252,297.5825950963472
2012-03-27 20:00:00,294.48641208360664,296.2280008465924
2012-03-27 21:00:00,293.8939832032002,295.53636018961714
2012-03-28 05:00:00,310.0037091788599,304.7484112755727
2012-03-28 06:00:00,313.73977125076743,306.52048216174677
2012-03-28 08:00:00,318.83141104723165,308.1358460366083
2012-03-28 09:00:00,319.31170313384024,308.4004495911679
2012-03-28 17:00:00,297.9788041783408,299.2872896356098
2012-03-28 18:00:00,297.0663920962388,298.5474147943576
2012-03-28 20:00:00,295.5448991161282,296.7400640126186
2012-03-28 21:00:00,294.6941226671216,295.85799580766536
2012-03-29 05:00:00,310.2835237006377,303.5923036125665
2012-03-29 06:00:00,314.7586773136181,305.23519707019966
2012-03-29 08:00:00,319.4545579860317,307.5414154334869
2012-03-29 09:00:00,318.8859026986756,308.0379220407072
2012-03-29 17:00:00,297.22550418894906,298.7273154236687
2012-03-29 18:00:00,296.2285089478103,297.92291690021153
2012-03-29 20:00:00,294.5384491389999,296.40852515833404
2012-03-29 21:00:00,293.56249621469175,295.3545452523489
2012-03-30 05:00:00,313.22226370648355,305.23675424255464
2012-03-30 06:00:00,316.2413324670542,306.65814359456255
2012-03-30 08:00:00,319.05164549934847,308.8379838470318
2012-03-30 09:00:00,318.6700349875334,309.1670410438384
2012-03-30 17:00:00,298.5989665074047,300.2997340597614
2012-03-30 18:00:00,297.75062582195267,299.71019555607637
2012-03-30 20:00:00,296.97530380272536,299.27753851703943
2012-03-30 21:00:00,296.6460633358713,298.8127569542461
2012-03-31 05:00:00,312.6269697239293,306.3241080591234
2012-03-31 06:00:00,317.0145820182719,308.36126125905844
2012-03-31 08:00:00,322.7367489525276,310.62252767648096
2012-03-31 09:00:00,323.3120519464666,311.08022876145844
2012-03-31 17:00:00,298.73371261808285,301.52341215489275
2012-03-31 18:00:00,296.9401400996651,299.7169218607052
2012-03-31 20:00:00,295.1466310615716,297.76756507626664
2012-03-31 21:00:00,295.1207287146241,297.5652565978158
2012-04-01 05:00:00,313.02487025091943,307.4725697051579
2012-04-01 06:00:00,318.2321236585432,309.58314826859527
2012-04-01 08:00:00,322.6320902584881,311.80915703207756
2012-04-01 09:00:00,322.74929757845604,312.25016349710194
2012-04-01 17:00:00,300.7605055469578,302.35968661785864
2012-04-01 18:00:00,299.5368319894941,301.3110301248465
2012-04-01 20:00:00,297.6787194720769,299.82010976265326
2012-04-01 21:00:00,296.8921256513552,298.8348408656422
2012-04-02 05:00:00,314.42660971525453,308.2087536122656
2012-04-02 06:00:00,318.96110861474085,310.2637409980198
2012-04-02 08:00:00,323.62118636073984,312.0082343385106
2012-04-02 09:00:00,323.60574956814577,312.39012456344346
2012-04-02 17:00:00,301.1697606349763,302.73460221253856
2012-04-02 18:00:00,300.41815749816425,302.09662803332503
2012-04-02 20:00:00,298.9525642336242,300.6597989968416
2012-04-02 21:00:00,298.07545323070656,299.7087659791732
2012-04-03 05:00:00,313.1846630172847,308.1705377046794
2012-04-03 06:00:00,317.6868375475491,309.9918421670358
2012-04-03 08:00:00,321.536814191492,311.4777997315206
2012-04-03 09:00:00,320.9936510506323,311.6411443630977
2012-04-03 17:00:00,300.8668578020046,302.25296128659477
2012-04-03 18:00:00,299.8414585483827,301.1684217408919
2012-04-03 20:00:00,298.30850097468164,299.6547436354157
2012-04-03 21:00:00,297.47626383682984,298.7610258740159
2012-04-04 05:00:00,314.5610536831002,306.7382507559331
2012-04-04 06:00:00,318.12011413103994,308.14566214022176
2012-04-04 08:00:00,320.67075050483317,309.9113456831875
2012-04-04 09:00:00,320.2174844374459,310.2044149672122
2012-04-04 17:00:00,300.02042528807846,301.4168970610585
2012-04-04 18:00:00,299.25588053510813,300.91842785381203
2012-04-04 20:00:00,298.9581311759302,300.39634817443755
2012-04-04 21:00:00,298.4028754329829,299.8144522315732
2012-04-05 05:00:00,313.5786303504039,306.61526308221335
2012-04-05 06:00:00,317.51602182256056,307.8382612795602
2012-04-05 08:00:00,320.7152564896641,309.54282239258566
2012-04-05 09:00:00,320.2162523783962,309.8878411996897
2012-04-05 17:00:00,299.3269342736948,300.9386469954151
2012-04-05 18:00:00,298.6286566547694,300.51169354596016
2012-04-05 20:00:00,296.0127969515526,298.0703020845246
2012-04-05 21:00:00,294.91123064273313,297.3773785137065
2012-04-06 05:00:00,313.85321576275703,307.61507849553703
2012-04-06 06:00:00,317.95812061938733,309.54494635019165
2012-04-06 08:00:00,320.6497188621015,310.89386026297217
2012-04-06 09:00:00,320.15369809096325,311.01247851543695
2012-04-06 17:00:00,299.3248191563117,301.16620879327576
2012-04-06 18:00:00,298.4683258573888,300.54983069092174
2012-04-06 20:00:00,297.8891756971738,300.1270814022775
2012-04-06 21:00:00,297.5797796028972,299.5831460820508
2012-04-07 05:00:00,313.24477239529415,308.19264820727807
2012-04-07 06:00:00,317.75181107014095,309.77159769913453
2012-04-07 08:00:00,321.2952487516477,311.1287417889376
2012-04-07 09:00:00,320.3004257836952,311.1818173354138
2012-04-07 17:00:00,299.2128100284994,300.80557556622574
2012-04-07 18:00:00,298.0756934214446,299.82756178845614
2012-04-07 20:00:00,296.78527397073475,298.6651364225085
2012-04-07 21:00:00,296.08628365585724,297.7657419683753
2012-04-08 05:00:00,316.42682086962213,307.68243173090815
2012-04-08 06:00:00,320.6109658874606,309.4272934453697
2012-04-08 08:00:00,322.9000093433633,311.21222466937564
2012-04-08 09:00:00,322.38938431232845,311.55196609849736
2012-04-08 17:00:00,300.8410074619005,302.36655721091347
2012-04-08 18:00:00,299.5669424941617,301.25975572677163
2012-04-08 20:00:00,296.10133919032586,300.11396728421585
2012-04-08 21:00:00,294.83888900592257,298.18071651605686
2012-04-09 05:00:00,313.77419232807836,307.48703797609306
2012-04-09 06:00:00,317.3171808980463,309.07988229995516
2012-04-09 08:00:00,321.55241805489516,310.9703732154035
2012-04-09 09:00:00,321.34294363530284,311.2633685330949
2012-04-09 17:00:00,300.0211866522791,301.8464740112493
2012-04-09 18:00:00,299.2341514317024,301.20813724182784
2012-04-09 20:00:00,298.1299920691915,300.22916432338064
2012-04-09 21:00:00,297.51242646157095,299.5171308473373
2012-04-10 05:00:00,313.7998551426022,308.95896175719554
2012-04-10 06:00:00,317.3341422764289,310.29575130421506
2012-04-10 08:00:00,320.9839625894932,311.5654188018
2012-04-10 09:00:00,320.96075709832286,311.7690910257066
2012-04-10 17:00:00,300.6965708681174,302.2777647421062
2012-04-10 18:00:00,299.8977940916464,301.34897424259987
2012-04-10 20:00:00,297.68734386191346,299.4943416930494
2012-04-10 21:00:00,297.02513352968657,298.8035369073665
2012-04-11 05:00:00,314.4597981457351,307.52153913265755
2012-04-11 06:00:00,318.3705701313695,308.9417209008075
2012-04-11 08:00:00,322.32595230361164,309.7710305847262
2012-04-11 09:00:00,321.1711472098376,310.0510741529186
2012-04-11 17:00:00,301.621248406879,302.63438102827973
2012-04-11 18:00:00,300.95756742362795,302.03225179005113
2012-04-11 20:00:00,299.8667482631783,301.13770344738606
2012-04-11 21:00:00,299.6209628394646,300.83731697446945
2012-04-12 05:00:00,304.58007229421474,302.28419139609315
2012-04-12 06:00:00,308.5326748276345,304.44274166442216
2012-04-12 08:00:00,315.48463912517155,307.56829243852474
2012-04-12 09:00:00,314.95133584232656,307.6704979236761
2012-04-12 17:00:00,298.3828724536396,299.9291930588074
2012-04-12 18:00:00,298.29087077230446,299.8133821884179
2012-04-12 20:00:00,297.1078515662618,298.53929688346403
2012-04-12 21:00:00,296.1110808103588,297.60586867604303
2012-04-13 05:00:00,311.49779800861756,305.315219708694
2012-04-13 06:00:00,314.8205049629388,306.65734186157795
2012-04-13 08:00:00,316.34074987285123,306.93414675766957
2012-04-13 09:00:00,314.4690771352712,306.809265771522
2012-04-13 17:00:00,294.8192872927626,295.5940989772051
2012-04-13 18:00:00,294.7150813074802,295.8084843992636
2012-04-13 20:00:00,293.7708548852953,293.48764910352617
2012-04-13 21:00:00,293.4839086547288,293.4236483111036
2012-04-14 05:00:00,306.30059294854914,299.8406806792978
2012-04-14 06:00:00,310.08048809033886,301.6782245606597
2012-04-14 08:00:00,313.2384949435806,303.9907073739497
2012-04-14 09:00:00,312.07848262933805,304.2370853277127
2012-04-14 17:00:00,295.44079037329817,295.6996476889024
2012-04-14 18:00:00,294.4775015150638,294.8640938921959
2012-04-14 20:00:00,293.1763151665498,293.96441137845784
2012-04-14 21:00:00,292.6234961981399,293.3813426953802
2012-04-15 05:00:00,308.32524172367044,300.0794348577138
2012-04-15 06:00:00,312.0578251678513,301.6567164393162
2012-04-15 08:00:00,315.2697851007635,304.4622014873017
2012-04-15 09:00:00,314.88348409831985,305.0419564034061
2012-04-15 17:00:00,295.42888341589224,296.93757683470363
2012-04-15 18:00:00,294.25808041047975,295.8747665569852
2012-04-15 20:00:00,292.0919391884826,294.18564273028966
2012-04-15 21:00:00,291.2974703043745,293.36315934426614
2012-04-16 05:00:00,309.450437313603,303.5828694724155
2012-04-16 06:00:00,313.37521957138836,304.8820634556845
2012-04-16 08:00:00,317.5624851173906,307.1260321195394
2012-04-16 09:00:00,317.62069777384374,307.6936499032842
2012-04-16 17:00:00,298.5341753614335,300.27261307867724
2012-04-16 18:00:00,297.6360926224014,299.32261972765343
2012-04-16 20:00:00,295.28594937787403,297.88057190317585
2012-04-16 21:00:00,294.40665049031264,297.0515149179703
2012-04-17 05:00:00,309.32742488255667,305.0613921272736
2012-04-17 06:00:00,312.8376516098234,306.6838427104274
2012-04-17 08:00:00,316.43148173609944,308.2403879268511
2012-04-17 09:00:00,316.3544952909825,308.439911311874
2012-04-17 17:00:00,299.0267545350344,300.64763604915015
2012-04-17 18:00:00,298.3110068722388,299.99136079808784
2012-04-17 20:00:00,296.56516678491244,298.07828642811364
2012-04-17 21:00:00,295.88656503357026,297.4366539483445
2012-04-18 05:00:00,311.27479990531555,305.5210765021608
2012-04-18 06:00:00,314.4908026179474,306.9463298779974
2012-04-18 08:00:00,316.6499809888184,307.87826476956735
2012-04-18 09:00:00,316.351587821596,308.2118772674231
2012-04-18 17:00:00,297.7263510164752,299.43451868183627
2012-04-18 18:00:00,297.057802150356,298.85038867827
2012-04-18 20:00:00,295.8046187531599,297.2556080399383
2012-04-18 21:00:00,295.1559547224471,296.50334042870946
2012-04-19 05:00:00,314.37221123882,305.2598551792797
2012-04-19 06:00:00,318.2389601603128,306.86633606427256
2012-04-19 08:00:00,319.97700133713073,308.87421726409025
2012-04-19 09:00:00,318.5890004256473,309.0469916392181
2012-04-19 17:00:00,298.7780466652798,299.7836000651167
2012-04-19 18:00:00,297.97797451401345,298.94898502485046
2012-04-19 20:00:00,296.9198009097154,298.1479902693597
2012-04-19 21:00:00,296.1777381838195,297.3708896490018
2012-04-20 05:00:00,311.4104062214103,303.9165691028942
2012-04-20 06:00:00,313.4704750895684,304.98731987575536
2012-04-20 08:00:00,309.7500357605827,303.0525110183034
2012-04-20 09:00:00,307.13096534011913,301.4708104302593
2012-04-20 17:00:00,295.44943839192206,296.68924733119314
2012-04-20 18:00:00,294.4262740689177,295.73487576571375
2012-04-20 20:00:00,292.5674223348797,293.591114884716
2012-04-20 21:00:00,292.0518532680988,293.1430731774846
2012-04-21 05:00:00,311.78366140591896,303.0511748044994
2012-04-21 06:00:00,314.72733959321437,304.25790386464456
2012-04-21 08:00:00,317.909463279971,305.93516535825097
2012-04-21 09:00:00,316.96196900824737,306.2602115390113
2012-04-21 17:00:00,297.294526228001,297.9207977388967
2012-04-21 18:00:00,296.28946661104226,297.1500925260994
2012-04-21 20:00:00,295.321498430014,296.7128941281734
2012-04-21 21:00:00,294.81814093215075,296.18799246624917
2012-04-22 05:00:00,310.83198084192026,304.1236736138907
2012-04-22 06:00:00,313.366317090709,305.05753844838665
2012-04-22 08:00:00,316.23027929649885,306.58303788336474
2012-04-22 09:00:00,315.6870378397279,306.6996994841448
2012-04-22 17:00:00,296.9341486620793,298.00861599632697
2012-04-22 18:00:00,295.85504599455146,297.02969296871237
2012-04-22 20:00:00,294.29216631167844,295.81637199413615
2012-04-22 21:00:00,293.4493842925791,294.8427912355021
2012-04-23 05:00:00,312.15860923449696,304.32821116866245
2012-04-23 06:00:00,315.8216672406542,305.51634338567
2012-04-23 08:00:00,320.18337721156047,307.33034399000263
2012-04-23 09:00:00,319.4907438633806,307.6857221042063
2012-04-23 17:00:00,297.40806332721917,298.63136719408317
2012-04-23 18:00:00,296.52104887646414,298.0677808811558
2012-04-23 20:00:00,295.57223155722596,296.7238959266886
2012-04-23 21:00:00,294.3270072290453,295.5874426184891
2012-04-24 05:00:00,309.7043867537347,304.17271949991425
2012-04-24 06:00:00,313.8296182923398,305.13397066325
2012-04-24 08:00:00,317.68546145869703,306.28406885555603
2012-04-24 09:00:00,319.03155959589276,307.0242463568877
2012-04-24 17:00:00,298.10413180734787,298.4744322648952
2012-04-24 18:00:00,296.9518620001701,297.58626835004577
2012-04-24 20:00:00,295.06002788808206,296.26831318013296
2012-04-24 21:00:00,294.43711114774686,295.6410578417668
2012-04-25 05:00:00,313.6660248649139,304.36936917767866
2012-04-25 06:00:00,317.17431642976123,305.3861971063129
2012-04-25 08:00:00,320.1709700056878,307.15584452530635
2012-04-25 09:00:00,319.15638777581495,307.42341766592534
2012-04-25 17:00:00,299.19399723470303,299.80521638514637
2012-04-25 18:00:00,298.1757248230451,299.01630694326155
2012-04-25 20:00:00,296.14618512404905,298.398843515452
2012-04-25 21:00:00,294.7778866243289,297.02911903604706
2012-04-26 05:00:00,313.3537277198169,305.54201689780405
2012-04-26 06:00:00,315.779179130754,306.35045387491425
2012-04-26 08:00:00,320.5639623515595,308.09065342978084
2012-04-26 09:00:00,321.1334861673082,308.5743372701166
2012-04-26 17:00:00,298.74418623678855,299.02446658659056
2012-04-26 18:00:00,297.6090750907346,298.1213366445298
2012-04-26 20:00:00,295.7094628050441,296.40098534159375
2012-04-26 21:00:00,294.8398628411198,295.636444303398
2012-04-27 05:00:00,313.15701559622227,303.8146338323232
2012-04-27 06:00:00,316.6862453231459,305.26852188933253
2012-04-27 08:00:00,319.16543797756015,307.06266424946136
2012-04-27 09:00:00,317.9303193408279,307.2062870725094
2012-04-27 17:00:00,297.71100584714924,298.8593877430873
2012-04-27 18:00:00,296.7248677399199,297.98017391916045
2012-04-27 20:00:00,294.81441630641194,298.4331118638049
2012-04-27 21:00:00,294.01250715211654,298.2267652608581
2012-04-28 05:00:00,312.83968606017226,306.292534662138
2012-04-28 06:00:00,315.13934356736473,307.3745903638184
2012-04-28 08:00:00,317.1850050821878,308.6073634966129
2012-04-28 09:00:00,316.97337882066915,308.8405827079973
2012-04-28 17:00:00,298.7093925534852,300.0055705630357
2012-04-28 18:00:00,297.43689138826863,298.83353594528694
2012-04-28 20:00:00,295.170550377233,296.99680717480015
2012-04-28 21:00:00,294.10507258575393,295.91447467539456
2012-04-29 05:00:00,314.4000252134444,306.93817387890925
2012-04-29 06:00:00,317.27169240237384,308.21956038511775
2012-04-29 08:00:00,318.86583920142317,309.52835736620045
2012-04-29 09:00:00,318.0886476396229,309.622944883279
2012-04-29 17:00:00,298.15724377272124,299.6856290702644
2012-04-29 18:00:00,296.813689997457,298.50503622328375
2012-04-29 20:00:00,294.4061627027985,296.27404044552463
2012-04-29 21:00:00,292.9138699900388,295.10266202623933
2012-04-30 05:00:00,315.001339058663,307.30733437089964
2012-04-30 06:00:00,318.65443589691023,308.8560053233189
2012-04-30 08:00:00,319.63224087143533,309.7948348599333
2012-04-30 09:00:00,318.59144977869346,309.84014965462944
2012-04-30 17:00:00,297.48673183635134,299.0592867670515
2012-04-30 18:00:00,296.2261779738134,298.0849569405907
2012-04-30 20:00:00,294.64898249033973,296.9511283321998
2012-04-30 21:00:00,293.92639068462455,296.1443204483009
2012-05-01 05:00:00,313.8641059769688,306.13459970624126
2012-05-01 06:00:00,319.0932634350699,307.57350360887995
2012-05-01 08:00:00,323.22740006410106,308.8660898076368
2012-05-01 09:00:00,323.11341890825884,309.3588578469581
2012-05-01 17:00:00,298.75866445297453,300.74084319833247
2012-05-01 18:00:00,297.6297754131958,299.9445041838706
2012-05-01 20:00:00,295.7233615869366,298.4043390776601
2012-05-01 21:00:00,295.08848501243654,297.6319634624182
2012-05-02 05:00:00,313.90237652465635,306.7544595162931
2012-05-02 06:00:00,318.8803801925965,308.7533190805115
2012-05-02 08:00:00,321.49643391049335,310.0963866200029
2012-05-02 09:00:00,320.707903281566,310.2628725871834
2012-05-02 17:00:00,298.6856030198202,300.3839515015965
2012-05-02 18:00:00,297.3654597066401,299.258871328298
2012-05-02 20:00:00,294.8875254908769,297.27602291254124
2012-05-02 21:00:00,294.276579094227,296.72766686955293
2012-05-03 05:00:00,313.92989456341337,308.0749336089853
2012-05-03 06:00:00,317.77155617830016,309.8069794218419
2012-05-03 08:00:00,320.5379765397411,311.2662005314291
2012-05-03 09:00:00,319.42319835316056,311.1012441579293
2012-05-03 17:00:00,298.5499867584746,301.7359441395717
2012-05-03 18:00:00,296.8092543685749,299.32818368403315
2012-05-03 20:00:00,295.5424265339856,297.7320587440338
2012-05-03 21:00:00,294.94009505214603,296.99689940936025
2012-05-04 05:00:00,316.0350052138506,308.0176216207778
2012-05-04 06:00:00,320.18941198034537,309.8148429412136
2012-05-04 08:00:00,323.24670165639446,311.18081991845173
2012-05-04 09:00:00,322.55574830324144,311.34202989481264
2012-05-04 17:00:00,299.570506209034,301.09195797395637
2012-05-04 18:00:00,298.4206058402275,300.17113178646986
2012-05-04 20:00:00,296.5086537318531,299.08683746290865
2012-05-04 21:00:00,295.88441617757036,299.73096951571375
2012-05-05 05:00:00,315.2278768953814,308.4548838516964
2012-05-05 06:00:00,317.634564486417,309.4096729296198
2012-05-05 08:00:00,321.19210295831476,311.11445140397785
2012-05-05 09:00:00,321.2416106049195,311.41105329751605
2012-05-05 17:00:00,300.8251990037633,302.2399493483439
2012-05-05 18:00:00,299.9290268344027,301.32415957223105
2012-05-05 20:00:00,298.6002422503221,300.26849844863494
2012-05-05 21:00:00,298.04913642777507,299.7293405400586
2012-05-06 05:00:00,312.94950201331375,307.3173386584078
2012-05-06 06:00:00,316.4244770114705,309.229724431442
2012-05-06 08:00:00,319.8574044531777,311.39123643307914
2012-05-06 09:00:00,319.8759647598619,311.78612169168764
2012-05-06 17:00:00,303.31747311913915,304.3991940443983
2012-05-06 18:00:00,302.4868350036339,303.5168335243073
2012-05-06 20:00:00,300.61660475062297,301.767538367508
2012-05-06 21:00:00,299.9503279628666,301.12353217032364
2012-05-07 05:00:00,312.97129746541407,307.806960518812
2012-05-07 06:00:00,316.4430738075856,309.4358769256639
2012-05-07 08:00:00,320.59019002341347,311.5504257836952
2012-05-07 09:00:00,320.5486115630493,311.7547890497099
2012-05-07 17:00:00,300.60743499426707,301.2504430221299
2012-05-07 18:00:00,299.82672892660133,300.60640743590653
2012-05-07 20:00:00,298.6159122273074,300.14464396284245
2012-05-07 21:00:00,298.395808897327,299.9121065771635
2012-05-08 05:00:00,313.11641746015505,307.46906201754956
2012-05-08 06:00:00,316.78292425828647,309.1003430429702
2012-05-08 08:00:00,319.8565290830169,310.0084358532734
2012-05-08 09:00:00,320.2847497878346,310.4767902297856
2012-05-08 17:00:00,300.31999244160943,301.5289257031927
2012-05-08 18:00:00,299.2826365983725,300.7381632471305
2012-05-08 20:00:00,298.5487590019802,300.71672558894693
2012-05-08 21:00:00,298.5428104018577,300.3812699516308
2012-05-09 05:00:00,313.75067498393713,308.28188226403
2012-05-09 06:00:00,317.0590122499157,309.62361916187916
2012-05-09 08:00:00,321.9500097853744,311.1745221060119
2012-05-09 09:00:00,322.16586783340057,311.6111221666145
2012-05-09 17:00:00,302.3105896419296,303.8384764308371
2012-05-09 18:00:00,301.3702121728741,303.10800241432133
2012-05-09 20:00:00,300.43902557326027,302.0956911577833
2012-05-09 21:00:00,300.10102926527594,301.6135973820151
2012-05-10 05:00:00,314.4314010220426,309.0640815535018
2012-05-10 06:00:00,317.48234440549317,310.5025725283865
2012-05-10 08:00:00,320.831726191775,311.788453418044
2012-05-10 09:00:00,321.1423361474083,312.12662911672254
2012-05-10 17:00:00,302.5778013914135,303.7586948765077
2012-05-10 18:00:00,301.55491875647033,302.75640267253107
2012-05-10 20:00:00,300.0728528885334,301.50494227240375
2012-05-10 21:00:00,299.52340329115856,301.0925379725193
2012-05-11 05:00:00,314.07919779396934,308.1931681816677
2012-05-11 06:00:00,317.68904174898734,309.6114416842468
2012-05-11 08:00:00,321.7468514464486,311.58917774735323
2012-05-11 09:00:00,321.23817375665084,311.75676084262744
2012-05-11 17:00:00,302.6481007721465,303.701320324914
2012-05-11 18:00:00,301.726310530135,302.78253759257785
2012-05-11 20:00:00,299.26256005238685,300.4542565485362
2012-05-11 21:00:00,298.5645191915598,299.8493177651992
2012-05-12 05:00:00,313.64652001802654,307.1137389431382
2012-05-12 06:00:00,316.68469090160494,308.33890137283026
2012-05-12 08:00:00,320.86818602198997,310.40733170472606
2012-05-12 09:00:00,319.8594737001486,310.5232990658705
2012-05-12 17:00:00,301.1412724993079,302.1464914753918
2012-05-12 18:00:00,300.32186863786086,301.30403724987815
2012-05-12 20:00:00,299.25194491958035,300.38873196970707
2012-05-12 21:00:00,298.60201694858824,299.6742865234751
2012-05-13 05:00:00,312.2392264250063,305.59730840133415
2012-05-13 06:00:00,315.2249763147857,306.716098309298
2012-05-13 08:00:00,319.7512635170771,308.3863662461103
2012-05-13 09:00:00,319.6910762463586,308.8016851863067
2012-05-13 17:00:00,301.16980467151245,301.83490063119194
2012-05-13 18:00:00,300.24397957306616,300.9854111399599
2012-05-13 20:00:00,298.9136006688851,299.6223895009751
2012-05-13 21:00:00,298.1308291865791,298.529654598383
2012-05-14 05:00:00,312.4076253835152,305.9728224273823
2012-05-14 06:00:00,315.04185791485855,307.21748109885095
2012-05-14 08:00:00,316.72193184545483,308.31482265102113
2012-05-14 09:00:00,317.1349160498574,308.88644996960466
2012-05-14 17:00:00,300.33590919247763,302.2288263494318
2012-05-14 18:00:00,298.6192687141877,301.1737178573256
2012-05-14 20:00:00,296.07497560004424,298.1541167554576
2012-05-14 21:00:00,295.96120961899015,298.2802313759074
2012-05-15 05:00:00,312.71266613976434,307.2383543699291
2012-05-15 06:00:00,316.14055039886335,309.0203612905071
2012-05-15 08:00:00,319.83839211956195,310.94019927743403
2012-05-15 09:00:00,320.1623041185282,311.2460750820824
2012-05-15 17:00:00,301.6460150438023,303.1081004326443
2012-05-15 18:00:00,300.68468304885374,302.46667675611974
2012-05-15 20:00:00,299.44975226685887,301.10523290883964
2012-05-15 21:00:00,299.02942390618233,300.6092266206198
2012-05-16 05:00:00,312.8223516761063,307.76779499259675
2012-05-16 06:00:00,316.4420203398483,309.94629599831325
2012-05-16 08:00:00,320.33447479577205,312.33649403435425
2012-05-16 09:00:00,321.0895026725687,312.80536819716633
2012-05-16 17:00:00,303.27880889939604,304.27767403577616
2012-05-16 18:00:00,302.6140480688063,303.6679475663807
2012-05-16 20:00:00,301.4225139177084,302.82403841885656
2012-05-16 21:00:00,301.02724796524404,302.43091911233626
2012-05-17 05:00:00,312.4826249179928,306.28412083888827
2012-05-17 06:00:00,316.2834470070015,308.1462393879707
2012-05-17 08:00:00,320.5773663631022,310.4987426193543
2012-05-17 09:00:00,320.6563033704949,310.934667014194
2012-05-17 17:00:00,303.67126756383016,304.6270075535003
2012-05-17 18:00:00,302.7714898060944,303.7185574430163
2012-05-17 20:00:00,301.3194832353636,302.36069106467886
2012-05-17 21:00:00,300.7898245225151,301.9098102352101
2012-05-18 05:00:00,314.19589950490996,307.8868775213445
2012-05-18 06:00:00,317.6676232054348,309.45322297130053
2012-05-18 08:00:00,322.13787700729495,311.4356365938583
2012-05-18 09:00:00,321.8166334625385,311.6513460744144
2012-05-18 17:00:00,302.37103377284916,303.05342327758603
2012-05-18 18:00:00,301.28333876129295,301.9753789211091
2012-05-18 20:00:00,299.6282632413374,300.65247303826044
2012-05-18 21:00:00,299.0910380029899,300.2004940932264
2012-05-19 05:00:00,315.47690867936853,308.4240665759071
2012-05-19 06:00:00,319.3877129459234,309.78287074672426
2012-05-19 08:00:00,323.72348330458067,311.63565072881056
2012-05-19 09:00:00,323.5674356657478,311.942148429036
2012-05-19 17:00:00,303.1831684788497,304.2951137971805
2012-05-19 18:00:00,302.3310203140799,303.5820861252137
2012-05-19 20:00:00,300.2911033454037,301.57192116195137
2012-05-19 21:00:00,299.08795652698115,300.34142015454216
2012-05-20 05:00:00,316.34783672221084,309.3020850183049
2012-05-20 06:00:00,319.6804017947157,310.7276806706456
2012-05-20 08:00:00,324.3592536820469,312.6722626061579
2012-05-20 09:00:00,324.28977315047484,312.9954166265409
2012-05-20 17:00:00,302.71687178178263,303.9895366086798
2012-05-20 18:00:00,301.8416580646909,303.39995830048036
2012-05-20 20:00:00,300.64892333608196,302.3755081482404
2012-05-20 21:00:00,300.1293683397384,301.70100214742183
2012-05-21 05:00:00,315.3792472804089,309.26574180379674
2012-05-21 06:00:00,318.31717598419897,310.6628552688105
2012-05-21 08:00:00,322.8934897965018,312.30925683725417
2012-05-21 09:00:00,323.5066999955611,312.81434770063925
2012-05-21 17:00:00,303.3840735013754,304.7207852497307
2012-05-21 18:00:00,302.50840267892613,304.00400755989534
2012-05-21 20:00:00,300.91726496480464,302.49790761797755
2012-05-21 21:00:00,300.35546360104036,301.8907577679227
2012-05-22 05:00:00,314.8347939372246,309.02083388976575
2012-05-22 06:00:00,318.4109855616589,310.711626802277
2012-05-22 08:00:00,322.27628522734796,312.8521095828393
2012-05-22 09:00:00,321.925178680655,313.04287059060965
2012-05-22 17:00:00,303.08339558323655,304.4891845044811
2012-05-22 18:00:00,302.2123372881732,303.7681944013928
2012-05-22 20:00:00,301.38864199222513,303.39658982287204
2012-05-22 21:00:00,300.9615408922381,302.8706690901417
2012-05-23 05:00:00,315.16587782567376,308.4847261872608
2012-05-23 06:00:00,318.99949704774167,310.7567955452048
2012-05-23 08:00:00,322.73363423163795,312.7082530581529
2012-05-23 09:00:00,323.02750379095096,313.055249912162
2012-05-23 17:00:00,303.43234198853855,304.9896401286309
2012-05-23 18:00:00,302.52856703936044,304.363107172844
2012-05-23 20:00:00,302.36047135222316,304.0549197909645
2012-05-23 21:00:00,302.12196286617336,303.6115552199824
2012-05-24 05:00:00,314.87291840963263,309.5809152423876
2012-05-24 06:00:00,318.7515854798774,311.6948138738083
2012-05-24 08:00:00,323.30609340109334,313.74012692867336
2012-05-24 09:00:00,323.65005961037565,314.1044211130481
2012-05-24 17:00:00,304.92889773423207,306.3909568610287
2012-05-24 18:00:00,304.10705700420266,305.5410730629379
2012-05-24 20:00:00,302.80330282954844,304.1321656590066
2012-05-24 21:00:00,302.2354865404784,303.5859289654231
2012-05-25 05:00:00,314.73930601052405,309.42701004098853
2012-05-25 06:00:00,318.2629173995901,311.33138734791055
2012-05-25 08:00:00,321.7938518553559,313.1602115484159
2012-05-25 09:00:00,321.85832524703727,313.570185797975
2012-05-25 17:00:00,304.0520945638648,305.5330659134546
2012-05-25 18:00:00,303.3186512669356,304.93123980553014
2012-05-25 20:00:00,302.8510696810824,304.5547561763064
2012-05-25 21:00:00,302.638049979423,304.0719051978254
2012-05-26 05:00:00,313.2568034214672,308.32751069855067
2012-05-26 06:00:00,316.960741557399,310.5212851878492
2012-05-26 08:00:00,320.98134748226687,312.3611924651958
2012-05-26 09:00:00,321.5124261794362,312.7058211739515
2012-05-26 17:00:00,303.6154414854359,304.8484579594734
2012-05-26 18:00:00,302.8788196581354,304.1820730200534
2012-05-26 20:00:00,301.98899152429516,303.3530790214362
2012-05-26 21:00:00,301.5976074641952,302.844180725756
2012-05-27 05:00:00,315.5789373365499,309.63248915003703
2012-05-27 06:00:00,319.2175059737337,311.4299703401116
2012-05-27 08:00:00,322.0168958760924,312.9000741403166
2012-05-27 09:00:00,321.1452616969316,312.87511421756125
2012-05-27 17:00:00,304.2209729163783,305.60258775425984
2012-05-27 18:00:00,303.4072011938815,305.04340772819813
2012-05-27 20:00:00,302.5207939206727,304.1436773220821
2012-05-27 21:00:00,302.1280907864563,303.5032525202159
2012-05-28 05:00:00,315.44941904217876,310.19371545259685
2012-05-28 06:00:00,318.78024433059574,311.8661496907427
2012-05-28 08:00:00,320.38076359024404,312.79953151050444
2012-05-28 09:00:00,321.6061625429221,313.3559090918496
2012-05-28 17:00:00,304.3235588837846,305.6761754157914
2012-05-28 18:00:00,303.5542618761812,305.07798179309066
2012-05-28 20:00:00,302.85339726946205,304.4078739677629
2012-05-28 21:00:00,302.3938033422814,303.8372839647008
2012-05-29 05:00:00,314.7059335576368,309.4053458756034
2012-05-29 06:00:00,318.35408513755385,311.4856156641603
2012-05-29 08:00:00,322.70444477945335,313.8431487707952
2012-05-29 09:00:00,324.0143678309554,314.30694307347846
2012-05-29 17:00:00,305.6290842535316,306.9041089497289
2012-05-29 18:00:00,304.793259254773,306.0640563964844
2012-05-29 20:00:00,303.35564943381195,304.6206164014725
2012-05-29 21:00:00,302.6607471107518,303.8555314074312
2012-05-30 05:00:00,314.77469177716324,309.4877580780829
2012-05-30 06:00:00,318.31669393342526,311.51251505189026
2012-05-30 08:00:00,322.8598546526282,314.5031048226614
2012-05-30 09:00:00,323.3986373454654,315.0675933790868
2012-05-30 17:00:00,305.84449267277176,306.92057941360355
2012-05-30 18:00:00,304.8045076155699,305.90476016381126
2012-05-30 20:00:00,303.2162019468052,304.2560742206309
2012-05-30 21:00:00,302.6028704533041,303.6404644182908
2012-05-31 05:00:00,313.73259383614516,308.6883812479686
2012-05-31 06:00:00,317.5304748817291,311.09037602076364
2012-05-31 08:00:00,322.8026929246994,314.63221430374404
2012-05-31 09:00:00,323.46572445721034,315.3308208683055
2012-05-31 17:00:00,305.376068279813,306.4597735294759
2012-05-31 18:00:00,304.5130454182442,305.563632042272
2012-05-31 20:00:00,303.3791285486912,304.5123189917331
2012-05-31 21:00:00,302.8210464971275,303.93156296740324
2012-06-01 05:00:00,312.8995910080262,307.6528082849064
2012-06-01 06:00:00,316.6512500780573,309.9841607656611
2012-06-01 08:00:00,321.57216311603185,313.2055522054664
2012-06-01 09:00:00,322.3008390406064,313.95576124382313
2012-06-01 17:00:00,304.6600078235973,305.65922558142336
2012-06-01 18:00:00,303.90198059552256,304.891717684471
2012-06-01 20:00:00,302.6442390289071,303.6421170697557
2012-06-01 21:00:00,302.1047002854076,303.1222550402437
2012-06-02 05:00:00,312.3472326011247,306.64769896520494
2012-06-02 06:00:00,315.99391818524145,308.5373356941118
2012-06-02 08:00:00,321.1209534349721,311.81652726230715
2012-06-02 09:00:00,321.69416675068015,312.48618026286687
2012-06-02 17:00:00,304.70864821141606,305.53405446668256
2012-06-02 18:00:00,303.92923455613055,304.824670118617
2012-06-02 20:00:00,302.61782597099506,303.6107660655064
2012-06-02 21:00:00,302.1023512312738,303.098317997114
2012-06-03 05:00:00,310.94603471800065,305.21985020806505
2012-06-03 06:00:00,314.2704945286543,307.00968230119656
2012-06-03 08:00:00,318.980434070934,310.06084948805704
2012-06-03 09:00:00,319.6741312553042,310.93047007133123
2012-06-03 17:00:00,303.91224964300545,304.74817522281126
2012-06-03 18:00:00,303.1241036813322,304.0580249898055
2012-06-03 20:00:00,302.0780074673551,303.1382593704482
2012-06-03 21:00:00,301.8424759734026,302.77519258989946
2012-06-04 05:00:00,310.25761018585536,304.5176967626727
2012-06-04 06:00:00,313.7459281603986,306.48118574850736
2012-06-04 08:00:00,318.91221830253426,310.1286535983093
2012-06-04 09:00:00,319.93333571423733,311.2153654642208
2012-06-04 17:00:00,304.40012052797573,305.2948947900616
2012-06-04 18:00:00,303.6616850442989,304.5462934026733
2012-06-04 20:00:00,302.673607472095,303.5900008755583
2012-06-04 21:00:00,302.1887401704245,303.1032392269658
2012-06-05 05:00:00,311.2197505909783,305.36936776700486
2012-06-05 06:00:00,314.7056278410972,307.25085677277696
2012-06-05 08:00:00,319.8176095313027,310.57335661666235
2012-06-05 09:00:00,320.56424201765486,311.52031948753796
2012-06-05 17:00:00,303.6696131960453,304.69414293380294
2012-06-05 18:00:00,302.91457798374455,304.04356120951553
2012-06-05 20:00:00,301.6595616274512,302.7639664707272
2012-06-05 21:00:00,301.10566556251655,302.2209484411865
2012-06-06 05:00:00,313.9760770400978,307.4810600809765
2012-06-06 06:00:00,317.35556528711544,309.277326868936
2012-06-06 08:00:00,322.05763867676535,311.4467727120375
2012-06-06 09:00:00,321.2517532795346,311.66950572620743
2012-06-06 17:00:00,303.9731310828257,304.63561379266633
2012-06-06 18:00:00,302.91861556748216,303.68062627995147
2012-06-06 20:00:00,301.51686759208127,302.3517954257677
2012-06-06 21:00:00,301.00896001266227,301.8448133424545
2012-06-07 05:00:00,314.4359605316021,306.98499485009995
2012-06-07 06:00:00,316.88829687086206,308.07948543037213
2012-06-07 08:00:00,316.92677029696375,308.1629466334551
2012-06-07 09:00:00,316.61386148367535,308.6263667313822
2012-06-07 17:00:00,302.5839817182309,303.3990750775682
2012-06-07 18:00:00,301.94354647737805,302.874868219549
2012-06-07 20:00:00,301.25689415130853,302.0828771135657
2012-06-07 21:00:00,300.55166752937214,300.6122029779137
2012-06-08 05:00:00,312.6230521180046,306.7558743281431
2012-06-08 06:00:00,315.73764818658816,308.379561390458
2012-06-08 08:00:00,318.31233925371214,309.62703487355094
2012-06-08 09:00:00,318.0422919086756,309.90258196579475
2012-06-08 17:00:00,302.0226030158703,302.8100031072443
2012-06-08 18:00:00,301.59259063767723,302.5178799386752
2012-06-08 20:00:00,301.24330712834194,302.50860424071135
2012-06-08 21:00:00,301.32679386462195,302.6356842558263
2012-06-09 05:00:00,312.0825005811977,307.04642379596163
2012-06-09 06:00:00,314.7918064722846,308.42340508741665
2012-06-09 08:00:00,318.67625960951045,310.40258824329345
2012-06-09 09:00:00,319.094722189411,310.87958485466675
2012-06-09 17:00:00,303.1049249352219,304.29280541747676
2012-06-09 18:00:00,302.42650297426474,303.65219076241846
2012-06-09 20:00:00,301.5764001455439,302.6648636216927
2012-06-09 21:00:00,301.3292786020711,302.3490372762107
2012-06-10 05:00:00,311.0011964630456,306.1050384709574
2012-06-10 06:00:00,314.1410613919627,307.8464679453516
2012-06-10 08:00:00,318.6936973254376,310.5672318703956
2012-06-10 09:00:00,318.83944798544485,311.03029288128823
2012-06-10 17:00:00,303.2358079860317,304.33935476341304
2012-06-10 18:00:00,302.52199292293136,303.6775078677984
2012-06-10 20:00:00,301.6012680688514,302.6812993594788
2012-06-10 21:00:00,301.13614324208214,302.1692794070957
2012-06-11 05:00:00,312.01903847810485,306.250481462993
2012-06-11 06:00:00,315.6656578310833,307.9289610029553
2012-06-11 08:00:00,320.72350225463305,310.38133756993176
2012-06-11 09:00:00,321.6254971684955,311.14010429676216
2012-06-11 17:00:00,301.77615173057706,301.911711282833
2012-06-11 18:00:00,301.2459893366222,302.11349440282225
2012-06-11 20:00:00,301.99617864905593,302.38444549607567
2012-06-11 21:00:00,301.92218647679124,302.14131272702446
2012-06-12 05:00:00,309.49555550738364,305.7594765073897
2012-06-12 06:00:00,311.7141666970746,306.60598397512103
2012-06-12 08:00:00,317.15125071286053,308.72471581034375
2012-06-12 09:00:00,318.4114463817908,309.4460939427921
2012-06-12 17:00:00,302.6310626766164,303.39307536402913
2012-06-12 18:00:00,302.1088796888919,302.89591834210836
2012-06-12 20:00:00,302.0443778015984,303.3730245393303
2012-06-12 21:00:00,301.8964249856299,303.0319704781695
2012-06-13 05:00:00,314.74685259849895,308.48336444025966
2012-06-13 06:00:00,316.7943009433835,309.3573452754087
2012-06-13 08:00:00,322.3174800079299,310.6139034512231
2012-06-13 09:00:00,322.9109537274518,311.32903732981634
2012-06-13 17:00:00,304.98951779969485,305.1094959887959
2012-06-13 18:00:00,304.14949056804636,304.35031894395826
2012-06-13 20:00:00,303.8392146599863,304.46306467864474
2012-06-13 21:00:00,303.3950894301404,303.83796271043497
2012-06-14 05:00:00,310.89428306544323,306.6030004233903
2012-06-14 06:00:00,313.2359641476295,307.8018781194702
2012-06-14 08:00:00,317.8777323107139,310.32349206486543
2012-06-14 09:00:00,318.48281467714,310.66326977181694
2012-06-14 17:00:00,302.79905663065625,302.95545084854854
2012-06-14 18:00:00,302.5210003492828,302.80883680910836
2012-06-14 20:00:00,302.3994550895985,303.09182363078116
2012-06-14 21:00:00,302.25498449857497,302.85129917421034
2012-06-15 05:00:00,312.3285235153692,307.4215101056915
2012-06-15 06:00:00,315.18798990352497,308.8460846887715
2012-06-15 08:00:00,319.78801413419984,311.35154853432863
2012-06-15 09:00:00,319.5248511362884,311.5809398351355
2012-06-15 17:00:00,303.94907782368006,304.4722003202042
2012-06-15 18:00:00,303.5967026814842,304.3257749348833
2012-06-15 20:00:00,302.6660799282174,303.42209567641623
2012-06-15 21:00:00,302.5935778272538,303.44187574577626
2012-06-16 05:00:00,310.9673089731272,306.67704972794684
2012-06-16 06:00:00,314.194708708071,308.2441626550237
2012-06-16 08:00:00,318.08827084863134,310.3881719792018
2012-06-16 09:00:00,318.88150619248216,311.0812001749988
2012-06-16 17:00:00,303.91296880454604,304.13775705299315
2012-06-16 18:00:00,303.3825141894983,303.6514456209674
2012-06-16 20:00:00,302.1793236872081,302.2289156921105
2012-06-16 21:00:00,301.5621408189206,301.57593596330594
2012-06-17 05:00:00,311.3439770009374,306.28016279364584
2012-06-17 06:00:00,314.9002495341015,308.23842125938194
2012-06-17 08:00:00,318.9468376970806,310.3366428839591
2012-06-17 09:00:00,319.5153309920536,311.00988814202594
2012-06-17 17:00:00,304.3705371921345,305.2999428865171
2012-06-17 18:00:00,303.78245819514996,304.66599350093145
2012-06-17 20:00:00,302.7388141085444,303.4558361035833
2012-06-17 21:00:00,302.38222469570826,303.123940772011
2012-06-18 05:00:00,311.7609265155528,306.57100396531024
2012-06-18 06:00:00,315.4157975113079,308.556133534765
2012-06-18 08:00:00,320.58002849279086,311.2126865004905
2012-06-18 09:00:00,321.4173435158282,311.99396137537315
2012-06-18 17:00:00,304.5705288503497,305.5254442776297
2012-06-18 18:00:00,303.88470990338203,304.84069678449123
2012-06-18 20:00:00,302.64109635316356,303.45402597389165
2012-06-18 21:00:00,302.2638887425968,303.2133359512306
2012-06-19 05:00:00,310.54442752785235,305.6138488816554
2012-06-19 06:00:00,313.8095473185159,307.5580134693022
2012-06-19 08:00:00,317.67234346128214,310.12866121594817
2012-06-19 09:00:00,318.0703563014238,310.8181808777326
2012-06-19 17:00:00,304.6821230284422,305.58521060326433
2012-06-19 18:00:00,304.0750081866108,304.9468705422706
2012-06-19 20:00:00,303.5242988104445,304.460599102849
2012-06-19 21:00:00,303.1506682926408,303.9178965470089
2012-06-20 05:00:00,310.3302550940374,305.61400793513457
2012-06-20 06:00:00,313.4811832328056,307.461568847092
2012-06-20 08:00:00,317.6036017701512,310.138213288435
2012-06-20 09:00:00,318.366477343261,310.93445456670867
2012-06-20 17:00:00,304.2434909861702,304.8499081792376
2012-06-20 18:00:00,303.60611671953245,304.2275927856634
2012-06-20 20:00:00,302.81936577325246,303.4322235859782
2012-06-20 21:00:00,302.24258030214,302.6794719490322
2012-06-21 05:00:00,309.2702052464654,304.575935257969
2012-06-21 06:00:00,312.8347432234989,306.6380996351433
2012-06-21 08:00:00,317.6602074809729,309.60461338789696
2012-06-21 09:00:00,318.4478166342149,310.4441388193374
2012-06-21 17:00:00,303.75991703732905,304.57777108543644
2012-06-21 18:00:00,303.1304978192863,304.0467625692923
2012-06-21 20:00:00,302.49313215775925,303.4128963429315
2012-06-21 21:00:00,302.10294002303726,302.8415049830644
2012-06-22 05:00:00,310.2129202021288,305.04864537219976
2012-06-22 06:00:00,313.81026076682724,307.18789856239175
2012-06-22 08:00:00,319.19185141165195,310.61252287172573
2012-06-22 09:00:00,320.1023917411252,311.5243256132482
2012-06-22 17:00:00,304.122272250465,304.89949653989913
2012-06-22 18:00:00,303.4126355093323,304.23086185778607
2012-06-22 20:00:00,302.9844067636734,303.86423413669013
2012-06-22 21:00:00,302.5287986720105,303.16193475708576
2012-06-23 05:00:00,310.19038858986784,305.0271679565242
2012-06-23 06:00:00,313.4059676066018,306.92555488386586
2012-06-23 08:00:00,318.7666904819765,310.2358167557209
2012-06-23 09:00:00,319.98668493144504,311.19198399148485
2012-06-23 17:00:00,304.6756233720823,305.2110289586895
2012-06-23 18:00:00,303.91195655199704,304.52461014616836
2012-06-23 20:00:00,302.78698594103616,303.3895831938334
2012-06-23 21:00:00,302.2268669939556,302.7365250080503
2012-06-24 05:00:00,310.2941561377104,305.16758819721144
2012-06-24 06:00:00,313.0604895546183,306.80832790850866
2012-06-24 08:00:00,318.7284290566467,310.12962120303024
2012-06-24 09:00:00,319.70324883365487,310.98002168393833
2012-06-24 17:00:00,304.7244211205716,305.2163058429359
2012-06-24 18:00:00,304.05097423018594,304.65099164260374
2012-06-24 20:00:00,303.3624048218338,304.16623862902816
2012-06-24 21:00:00,302.95451119868153,303.56923335799814
2012-06-25 05:00:00,309.7843068362385,304.7018850646879
2012-06-25 06:00:00,313.15782739201387,306.6889299060604
2012-06-25 08:00:00,317.95791990400653,309.8798798971073
2012-06-25 09:00:00,318.7831724428433,310.85819586473184
2012-06-25 17:00:00,304.52272066607134,305.0919617122421
2012-06-25 18:00:00,303.9942134627944,304.66846053442345
2012-06-25 20:00:00,303.209488926022,303.77774741432887
2012-06-25 21:00:00,302.6546560560794,302.9892723424409
2012-06-26 05:00:00,309.174792579216,304.3861795669344
2012-06-26 06:00:00,312.3080385792972,306.1988783073719
2012-06-26 08:00:00,316.38110934641037,308.6711266845327
2012-06-26 09:00:00,316.70485260527016,309.31114161510493
2012-06-26 17:00:00,303.91207779941647,304.54826380842826
2012-06-26 18:00:00,303.37836718449057,304.0957793954341
2012-06-26 20:00:00,302.4012509009504,302.90441436062235
2012-06-26 21:00:00,301.77722210288965,302.11755241781975
2012-06-27 05:00:00,309.5344469396653,304.24735371688115
2012-06-27 06:00:00,312.6948957164042,305.917169932408
2012-06-27 08:00:00,317.3701738730785,308.34358789006075
2012-06-27 09:00:00,318.1335259953339,309.18177186469273
2012-06-27 17:00:00,303.5080687724203,304.19398437405954
2012-06-27 18:00:00,302.7763050238047,303.7180530095505
2012-06-27 20:00:00,302.347890421863,303.1749763429991
2012-06-27 21:00:00,301.8898405712815,302.479418973526
2012-06-28 05:00:00,310.80464226439113,305.02231359261395
2012-06-28 06:00:00,314.30951630720193,306.7684572334466
2012-06-28 08:00:00,319.8649287760166,309.870550452469
2012-06-28 09:00:00,320.70301412103356,310.6082407476722
2012-06-28 17:00:00,303.79195151307,304.3759262954877
2012-06-28 18:00:00,303.0302155763599,303.7686937329214
2012-06-28 20:00:00,302.2417229886048,303.29982406075453
2012-06-28 21:00:00,301.9189143482085,302.9607541123965
2012-06-29 05:00:00,312.2691001715756,306.60528308180704
2012-06-29 06:00:00,315.69586682429855,308.2947289888591
2012-06-29 08:00:00,321.2597814245474,311.07068350722864
2012-06-29 09:00:00,321.77411264851577,311.72310514993774
2012-06-29 17:00:00,305.4298362790712,305.826425373095
2012-06-29 18:00:00,304.50094590385453,304.97670229778083
2012-06-29 20:00:00,303.0406609345658,303.74289836207595
2012-06-29 21:00:00,302.53007514377595,303.1779309053818
2012-06-30 05:00:00,313.15613792196075,307.4543310086055
2012-06-30 06:00:00,316.3579749061808,308.96247085547776
2012-06-30 08:00:00,321.72670413165685,311.83157802399575
2012-06-30 09:00:00,321.81917584952663,312.3752695797772
2012-06-30 17:00:00,305.7008536975079,306.4644232516296
2012-06-30 18:00:00,304.8992211998703,305.68040670856305
2012-06-30 20:00:00,303.87950216566657,304.6745928983292
2012-06-30 21:00:00,303.46709316353594,304.19544665508533
2012-07-01 05:00:00,313.5863155370868,308.1723449189784
2012-07-01 06:00:00,317.3635242150635,310.1000962220649
2012-07-01 08:00:00,323.03024277885453,312.52466048371446
2012-07-01 09:00:00,323.1523872928002,312.8478304682234
2012-07-01 17:00:00,306.668060467313,307.27907704498807
2012-07-01 18:00:00,305.9453722420386,306.54537331415065
2012-07-01 20:00:00,304.8149563829043,305.3690798014449
2012-07-01 21:00:00,304.5730928441593,305.03500356806444
2012-07-02 05:00:00,314.9019682756374,309.29891217765163
2012-07-02 06:00:00,318.24772538242433,310.9419903865397
2012-07-02 08:00:00,322.0262714967889,312.7757119765084
2012-07-02 09:00:00,323.7753760715479,313.8341910152112
2012-07-02 17:00:00,306.6386318823957,307.17509803713193
2012-07-02 18:00:00,306.20822533841124,306.8713121223156
2012-07-02 20:00:00,305.3665908084629,305.91071671072984
2012-07-02 21:00:00,305.2284442213908,305.72875421697444
2012-07-03 05:00:00,315.6009583318913,310.49766180805506
2012-07-03 06:00:00,318.95604516545137,312.23835166613753
2012-07-03 08:00:00,322.5581130628777,313.7973015407568
2012-07-03 09:00:00,323.05203947705,314.36230661542095
2012-07-03 17:00:00,308.22967235406486,308.78468254571334
2012-07-03 18:00:00,307.64077210977376,308.1557613190591
2012-07-03 20:00:00,306.39106682305714,306.9867698775234
2012-07-03 21:00:00,305.7618562907026,306.5061902720682
2012-07-04 05:00:00,314.18359946322914,308.9387724278337
2012-07-04 06:00:00,316.5954952622048,310.1814079108334
2012-07-04 08:00:00,320.6730366899347,311.58165278971103
2012-07-04 09:00:00,321.24719247685744,312.25798006454494
2012-07-04 17:00:00,305.2809967370173,305.7165955013046
2012-07-04 18:00:00,305.16992408505575,305.253242363364
2012-07-04 20:00:00,303.3993736702048,303.0217322068883
2012-07-04 21:00:00,302.9890711568353,302.74959259738546
2012-07-05 05:00:00,309.29583592113624,305.3349523794119
2012-07-05 06:00:00,311.4727756400322,306.49275894047486
2012-07-05 08:00:00,315.13970359484847,308.37825545911977
2012-07-05 09:00:00,315.6547484317068,308.7003830731926
2012-07-05 17:00:00,303.6413285971056,303.20692542594827
2012-07-05 18:00:00,302.90914044725514,302.4011053429179
2012-07-05 20:00:00,302.01998551049843,301.83312992983497
2012-07-05 21:00:00,301.68330002418844,301.5455901582362
2012-07-06 05:00:00,310.2662198106387,305.4187777479551
2012-07-06 06:00:00,313.5970236097903,307.1722608428156
2012-07-06 08:00:00,318.58280740276507,309.8818978190606
2012-07-06 09:00:00,319.5111689163467,310.7396181221185
2012-07-06 17:00:00,304.30140112361113,304.2000263843037
2012-07-06 18:00:00,303.51721673386487,303.54450229356763
2012-07-06 20:00:00,302.6221749139677,302.6153651209568
2012-07-06 21:00:00,302.0387825517698,301.92050619962953
2012-07-07 05:00:00,309.7786999013281,304.5460668954717
2012-07-07 06:00:00,312.5893557508848,306.1108855495835
2012-07-07 08:00:00,317.5114781830822,309.0457237725633
2012-07-07 09:00:00,316.5919226365758,309.1717178509305
2012-07-07 17:00:00,303.2579635596606,303.3637777836922
2012-07-07 18:00:00,302.71151218502473,302.91990859115435
2012-07-07 20:00:00,302.0111761107834,302.1576797885042
2012-07-07 21:00:00,301.5354676327463,301.548790601075
2012-07-08 05:00:00,310.44846368680936,305.0022487552214
2012-07-08 06:00:00,314.1689767940386,306.72294586134615
2012-07-08 08:00:00,319.86796468725925,309.7156899897454
2012-07-08 09:00:00,320.21396666351933,310.2359092959271
2012-07-08 17:00:00,300.5255394040712,300.6882686997048
2012-07-08 18:00:00,299.8668213595962,300.4608661434132
2012-07-08 20:00:00,300.70470805822055,301.5601495116811
2012-07-08 21:00:00,300.9079686239798,301.6248315890508
2012-07-09 05:00:00,310.5383078835227,306.2662746388299
2012-07-09 06:00:00,312.69738847118316,307.2325102537182
2012-07-09 08:00:00,316.57020982645327,309.5522325747921
2012-07-09 09:00:00,317.6069598322841,310.3056137484652
2012-07-09 17:00:00,302.16578542653514,301.80737163620114
2012-07-09 18:00:00,301.6060463739286,301.44832226675356
2012-07-09 20:00:00,300.26716738379065,300.55045792354827
2012-07-09 21:00:00,299.72414777899746,300.01263954385956
2012-07-10 05:00:00,305.2744078790462,302.5557616341095
2012-07-10 06:00:00,307.6596060636782,303.756843155448
2012-07-10 08:00:00,306.71726178608617,301.900472890798
2012-07-10 09:00:00,303.7675016429649,300.9998556175291
2012-07-10 17:00:00,299.40071823049584,299.5520952221793
2012-07-10 18:00:00,298.7686449471167,299.035497703611
2012-07-10 20:00:00,298.65756606467886,298.41811583626253
2012-07-10 21:00:00,298.39266382343783,298.21999447297975
2012-07-11 05:00:00,299.0689583941491,298.2561998176281
2012-07-11 06:00:00,299.9506555448512,298.99029943057684
2012-07-11 08:00:00,305.2776117075022,302.23343375136926
2012-07-11 09:00:00,303.6411915266275,300.1542479011054
2012-07-11 17:00:00,298.5306933010671,298.51988269588435
2012-07-11 18:00:00,298.3762341750605,298.39663056783576
2012-07-11 20:00:00,298.3846076765487,298.53489200727233
2012-07-11 21:00:00,298.34895397591845,298.4085000718503
2012-07-12 05:00:00,299.50710575238946,298.82120818386466
2012-07-12 06:00:00,300.4356540627032,299.31018790552173
2012-07-12 08:00:00,300.6391137215683,300.0857946222479
2012-07-12 09:00:00,300.96523676374113,300.38534741041656
2012-07-12 17:00:00,299.01407850174394,299.3140542569624
2012-07-12 18:00:00,298.7623036624104,299.15704705424963
2012-07-12 20:00:00,298.89581251805663,299.3751957309999
2012-07-12 21:00:00,298.66003631920955,299.0756021273338
2012-07-13 05:00:00,301.148425297671,300.2123841225458
2012-07-13 06:00:00,303.6264745303773,301.79745967729804
2012-07-13 08:00:00,308.68351005001693,305.53721534011913
2012-07-13 09:00:00,309.2156248401236,306.13187821069374
2012-07-13 17:00:00,300.3423178133502,300.87788811964316
2012-07-13 18:00:00,299.79617192014155,300.38883859314063
2012-07-13 20:00:00,299.4499090397487,300.23349067206004
2012-07-13 21:00:00,299.20269133534015,299.8484399028478
2012-07-14 05:00:00,304.7388121571122,301.9490115455193
2012-07-14 06:00:00,306.8595223213748,303.5534284970793
2012-07-14 08:00:00,310.0264389672889,305.68100121355576
2012-07-14 09:00:00,309.62030483063637,305.95765469731833
2012-07-14 17:00:00,300.41575479140084,300.72879094151756
2012-07-14 18:00:00,299.96393099698156,300.33019695076257
2012-07-14 20:00:00,299.9539673603922,300.77535500548476
2012-07-14 21:00:00,299.93329558056564,300.63972047591244
2012-07-15 05:00:00,304.33486585808095,301.8530922582594
2012-07-15 06:00:00,305.81200925007073,302.73149764850075
2012-07-15 08:00:00,310.00457994081944,305.25817643034804
2012-07-15 09:00:00,309.72603716504966,305.6519178675577
2012-07-15 17:00:00,300.19907316845627,300.6506776501108
2012-07-15 18:00:00,299.70743874665953,300.17379502118644
2012-07-15 20:00:00,299.46436546102325,299.95156850947075
2012-07-15 21:00:00,299.27264648813684,299.6726107134474
2012-07-16 05:00:00,305.3092804660415,302.1631801234923
2012-07-16 06:00:00,307.38991218649187,303.4598583579982
2012-07-16 08:00:00,309.61297365256195,305.0701532819422
2012-07-16 09:00:00,310.9058651681674,306.0169641291967
2012-07-16 17:00:00,300.44633333414845,300.9380363382066
2012-07-16 18:00:00,299.65466628346496,300.1486601983821
2012-07-16 20:00:00,299.09584602626336,299.8093472144269
2012-07-16 21:00:00,298.81200795695304,299.47071871294634
2012-07-17 05:00:00,308.2461023315994,304.2268970648203
2012-07-17 06:00:00,310.4420467899834,305.6076877164915
2012-07-17 08:00:00,314.20675301808967,307.9612110061528
2012-07-17 09:00:00,314.3336900378963,308.25900247394577
2012-07-17 17:00:00,301.6568474203853,302.07922203404877
2012-07-17 18:00:00,301.04401744495743,301.5561275394011
2012-07-17 20:00:00,300.43237488075107,300.97713097805973
2012-07-17 21:00:00,299.93982192217294,300.36637812586525
2012-07-18 05:00:00,308.23181474447614,304.8286121527109
2012-07-18 06:00:00,311.1263740198638,306.5564640556535
2012-07-18 08:00:00,314.5830687536113,308.84776668225305
2012-07-18 09:00:00,315.05528365077885,309.4936988489654
2012-07-18 17:00:00,301.81400909188716,301.93159785807046
2012-07-18 18:00:00,300.9661541249609,301.1962610371124
2012-07-18 20:00:00,299.9714599985555,300.41077280852755
2012-07-18 21:00:00,299.6722448786896,300.069242997603
2012-07-19 05:00:00,307.3171300902756,303.69187457021474
2012-07-19 06:00:00,310.1544249876989,305.45268585722323
2012-07-19 08:00:00,314.13784465584075,308.06406587151054
2012-07-19 09:00:00,314.7313827491138,308.7912976187073
2012-07-19 17:00:00,301.25019765892085,301.38858304956847
2012-07-19 18:00:00,300.5577988822949,300.88413185625126
2012-07-19 20:00:00,299.91551112100046,300.5308812263383
2012-07-19 21:00:00,299.71391592628237,300.27011331755136
2012-07-20 05:00:00,308.89335745178136,304.3600907759233
2012-07-20 06:00:00,312.27206070581093,306.1217239450417
2012-07-20 08:00:00,316.71938713085484,308.4689745322582
2012-07-20 09:00:00,317.77483148089914,309.3080344648317
2012-07-20 17:00:00,303.02216384958234,302.80336508728874
2012-07-20 18:00:00,302.20067444788106,302.11411806174164
2012-07-20 20:00:00,301.31344289441694,301.7461430530519
2012-07-20 21:00:00,300.9474802590298,301.439087266731
2012-07-21 05:00:00,311.6219190882608,306.0866936682186
2012-07-21 06:00:00,314.02123844752145,307.2081115440522
2012-07-21 08:00:00,317.0697463495522,308.84625093668745
2012-07-21 09:00:00,316.0249346481817,309.1248508917716
2012-07-21 17:00:00,303.4404927916446,303.8784324986909
2012-07-21 18:00:00,302.82252582379596,303.41735698776364
2012-07-21 20:00:00,299.6004018210483,299.3042254807953
2012-07-21 21:00:00,299.01635436541494,299.0712143438072
2012-07-22 05:00:00,306.09141944920526,303.28292893702155
2012-07-22 06:00:00,308.93047531433575,304.8423188948668
2012-07-22 08:00:00,313.05811616636026,308.1426105940103
2012-07-22 09:00:00,313.56294974634204,308.88582487650024
2012-07-22 17:00:00,302.3600805485377,302.96532833998674
2012-07-22 18:00:00,301.7424916647983,302.13005996962727
2012-07-22 20:00:00,301.24052184682415,302.4737699064893
2012-07-22 21:00:00,301.30447251330173,302.038706916139
2012-07-23 05:00:00,308.79135630274044,305.71101513408547
2012-07-23 06:00:00,310.6425716359002,306.9046363536676
2012-07-23 08:00:00,312.69006359411867,308.2116768811994
2012-07-23 09:00:00,312.44837657769773,307.8769318003133
2012-07-23 17:00:00,301.44343263599654,301.9710485755204
2012-07-23 18:00:00,301.1484696633643,301.38997284546844
2012-07-23 20:00:00,300.97838316272333,301.35443206928176
2012-07-23 21:00:00,300.410903107771,300.79021922906486
2012-07-24 05:00:00,302.830112898111,302.1467583748887
2012-07-24 06:00:00,305.1630591817189,303.749702277279
2012-07-24 08:00:00,309.8940344811955,306.77987127789
2012-07-24 09:00:00,310.5348419753723,307.5596141139238
2012-07-24 17:00:00,301.3115410944347,301.5439209783757
2012-07-24 18:00:00,300.859339004305,301.27284358278814
2012-07-24 20:00:00,300.94921456500083,301.65078606039793
2012-07-24 21:00:00,300.7895750683519,301.29597381450736
2012-07-25 05:00:00,305.53598245817636,302.9004953675351
2012-07-25 06:00:00,307.8099182552109,304.1362659236867
2012-07-25 08:00:00,310.78457171376937,306.0208839451771
2012-07-25 09:00:00,310.964686036661,306.6615778565958
2012-07-25 17:00:00,301.71466320725546,302.05517241914396
2012-07-25 18:00:00,301.0051328309328,301.3708462002465
2012-07-25 20:00:00,300.74886184480783,301.60777019389053
2012-07-25 21:00:00,300.64373826319337,301.3224088083981
2012-07-26 05:00:00,306.71814108262265,304.1296823087202
2012-07-26 06:00:00,308.5745152971594,305.5032905613881
2012-07-26 08:00:00,311.4985816849766,306.93008542758844
2012-07-26 09:00:00,312.8124459476794,307.88160063709796
2012-07-26 17:00:00,302.18887406688634,302.3742540121446
2012-07-26 18:00:00,301.55789024693945,301.85457553481467
2012-07-26 20:00:00,301.16584629711275,301.7681115007915
2012-07-26 21:00:00,300.9358068857061,301.40595585098623
2012-07-27 05:00:00,306.9231084932348,304.2019985063785
2012-07-27 06:00:00,309.7132090140932,305.91439069327663
2012-07-27 08:00:00,314.63170918845253,308.88747597622387
2012-07-27 09:00:00,313.9298084417734,309.0503949134486
2012-07-27 17:00:00,300.19014080500204,300.09090065037714
2012-07-27 18:00:00,299.65519987085753,299.9449610306045
2012-07-27 20:00:00,299.226859517384,300.5370003769321
2012-07-27 21:00:00,298.4787912001412,300.0679431321625
2012-07-28 05:00:00,304.7308373590831,303.1024709034407
2012-07-28 06:00:00,306.84138006789294,304.5541970557167
2012-07-28 08:00:00,310.6344058561399,306.8625663675035
2012-07-28 09:00:00,309.9641399412934,306.6082524797766
2012-07-28 17:00:00,298.76940873297417,299.84013206822846
2012-07-28 18:00:00,298.10861297748494,299.1949979197263
2012-07-28 20:00:00,297.8936807076994,299.5334044751842
2012-07-28 21:00:00,297.49974828875855,298.4849691053017
2012-07-29 05:00:00,302.9227238024696,301.42530947363434
2012-07-29 06:00:00,304.2274238104445,302.6241456488799
2012-07-29 08:00:00,308.0854667346173,304.72791829865963
2012-07-29 09:00:00,309.1506691155338,305.69818503169694
2012-07-29 17:00:00,300.1200521789457,300.1019713603109
2012-07-29 18:00:00,298.21386888030867,299.11783076728625
2012-07-29 20:00:00,296.53657035651304,297.43864570229744
2012-07-29 21:00:00,296.3460479642283,297.19313465465206
2012-07-30 05:00:00,298.3204027596166,298.0016602691039
2012-07-30 06:00:00,299.25613485609625,298.77034793612773
2012-07-30 08:00:00,301.87581616888065,300.5951108065519
2012-07-30 09:00:00,302.2612863314354,300.827192568081
2012-07-30 17:00:00,298.29983315960106,298.7880077156338
2012-07-30 18:00:00,298.16430680520364,298.61176148401387
2012-07-30 20:00:00,297.94016006070035,298.5555667965365
2012-07-30 21:00:00,297.79747641729466,298.3741532900301
2012-07-31 05:00:00,301.729552893499,301.33660075183275
2012-07-31 06:00:00,304.0845986059157,302.2406641603067
2012-07-31 08:00:00,309.9722735812007,305.27308116377964
2012-07-31 09:00:00,309.37112480833645,305.2545155905796
2012-07-31 17:00:00,298.66756856533334,299.75178045851794
2012-07-31 18:00:00,298.51523316182045,299.4105016299867
2012-07-31 20:00:00,298.56310548473766,298.9264093055196
2012-07-31 21:00:00,298.05621142747407,298.4767116787621
2012-08-01 05:00:00,303.40862249483126,301.38736229942094
2012-08-01 06:00:00,305.6521290454365,302.8313454038741
2012-08-01 08:00:00,309.5986700778015,305.3174660422585
2012-08-01 09:00:00,309.89057047745484,305.66656331913134
2012-08-01 17:00:00,300.44824566716215,300.64941055932655
2012-08-01 18:00:00,299.8306821755525,300.00428783728273
2012-08-01 20:00:00,299.6812391942381,300.3667521660428
2012-08-01 21:00:00,299.37115951091374,299.9144213284109
2012-08-02 05:00:00,302.4080051839444,300.8774348466165
2012-08-02 06:00:00,302.505703283936,301.1946349298275
2012-08-02 08:00:00,306.7951115401023,304.01597378911515
2012-08-02 09:00:00,306.0487391349899,303.89035683089674
2012-08-02 17:00:00,299.5018588214516,300.2059443022694
2012-08-02 18:00:00,299.2358418186934,300.0367189004719
2012-08-02 20:00:00,298.9499722614494,299.71273053702663
2012-08-02 21:00:00,298.64018084933105,299.2035086562711
2012-08-03 05:00:00,302.8649601870215,301.335978574121
2012-08-03 06:00:00,304.76193937939377,302.60804619223387
2012-08-03 08:00:00,308.1443269844232,304.7221860018643
2012-08-03 09:00:00,308.48498511645016,305.17833217156505
2012-08-03 17:00:00,299.9318541775132,300.63647298710003
2012-08-03 18:00:00,299.4962948650719,300.40513107699496
2012-08-03 20:00:00,298.9943162774085,299.81591493580123
2012-08-03 21:00:00,298.6113941915597,299.24175961910305
2012-08-04 05:00:00,304.6089830912868,301.9459725072828
2012-08-04 06:00:00,306.88265260011644,303.29603249854046
2012-08-04 08:00:00,311.39863156170253,306.29843978999395
2012-08-04 09:00:00,311.5725872351319,306.8773017025141
2012-08-04 17:00:00,300.4458846928342,300.7272932760888
2012-08-04 18:00:00,299.62442073028524,300.11673512040005
2012-08-04 20:00:00,298.7059627820972,299.7380078849146
2012-08-04 21:00:00,298.2530697909269,299.37266030333626
2012-08-05 05:00:00,306.9765603134555,303.28589295091905
2012-08-05 06:00:00,309.7059196624991,304.58410545784085
2012-08-05 08:00:00,313.17374576515704,306.54722341293547
2012-08-05 09:00:00,313.2125941953967,306.89683579737306
2012-08-05 17:00:00,301.0891203094153,301.7974193320252
2012-08-05 18:00:00,300.6611335413482,301.26548452039344
2012-08-05 20:00:00,300.14484493684694,300.67215153910166
2012-08-05 21:00:00,299.75670660221704,300.1661992947383
2012-08-06 05:00:00,306.383621686045,304.13337157356716
2012-08-06 06:00:00,309.0529241576584,305.2768344261981
2012-08-06 08:00:00,312.76166316944943,307.5853999627206
2012-08-06 09:00:00,313.298013648928,308.2234652479551
2012-08-06 17:00:00,301.78437965052154,301.54486768161206
2012-08-06 18:00:00,300.3250824821014,300.91132687420253
2012-08-06 20:00:00,298.1641658788837,297.94004567856047
2012-08-06 21:00:00,297.70397526016586,297.7581153481694
2012-08-07 05:00:00,301.04992365433,300.1269070194756
2012-08-07 06:00:00,302.0976722846597,300.7539663917294
2012-08-07 08:00:00,305.8471460562825,302.95405957144106
2012-08-07 09:00:00,306.8203953770901,303.8899713642609
2012-08-07 17:00:00,298.52938990894194,298.5006830953119
2012-08-07 18:00:00,298.4166860712695,298.30289063064265
2012-08-07 20:00:00,297.6457340845893,297.3937103318507
2012-08-07 21:00:00,297.33671934248304,297.3790475054772
2012-08-08 05:00:00,298.347877819843,298.2461991038271
2012-08-08 06:00:00,299.0315915946784,298.64979306354724
2012-08-08 08:00:00,301.20342046564275,300.1084032573024
2012-08-08 09:00:00,300.749793782991,299.7670317474977
2012-08-08 17:00:00,297.2858498783435,297.4039735720595
2012-08-08 18:00:00,297.13756717628985,297.15889976278106
2012-08-08 20:00:00,297.1416924098974,297.177648653051
2012-08-08 21:00:00,297.0735597537001,297.02308894599713
2012-08-09 05:00:00,296.9513945733822,296.52360083252324
2012-08-09 06:00:00,296.99495975629577,296.5563638978085
2012-08-09 08:00:00,297.28059838622676,296.8337673193134
2012-08-09 09:00:00,297.1966964651146,296.8995942055537
2012-08-09 17:00:00,296.67735445701476,296.7882328121615
2012-08-09 18:00:00,296.52318456617456,296.66566563681204
2012-08-09 20:00:00,295.96570235665297,296.53920297960656
2012-08-09 21:00:00,295.8581173607308,296.49809956366914
2012-08-10 05:00:00,300.1442993587265,299.63834687925083
2012-08-10 06:00:00,300.6549963106176,300.4019740123778
2012-08-10 08:00:00,306.2829882088354,303.6151629949021
2012-08-10 09:00:00,306.47819307441887,303.7851664773856
2012-08-10 17:00:00,297.8642910103585,298.01885737109075
2012-08-10 18:00:00,297.72709601685887,297.9232214647008
2012-08-10 20:00:00,297.277753127558,297.3817206854445
2012-08-10 21:00:00,296.9390180731775,297.0431323881693
2012-08-11 05:00:00,299.54427075496255,298.46141461341523
2012-08-11 06:00:00,300.1752433130296,298.9261937545518
2012-08-11 08:00:00,299.4969233908161,298.20596663793907
2012-08-11 09:00:00,300.84797814226664,299.01849438119194
2012-08-11 17:00:00,297.21346498086757,297.68055158476983
2012-08-11 18:00:00,297.1465431060556,297.49812862355094
2012-08-11 20:00:00,296.85677811397795,297.1278895538283
2012-08-11 21:00:00,296.7490249892412,296.99847372140283
2012-08-12 05:00:00,300.29905385633094,299.8816917666301
2012-08-12 06:00:00,301.7191610938779,300.7399261192475
2012-08-12 08:00:00,302.01793502549,301.6399087303409
2012-08-12 09:00:00,302.1486040065395,300.5160915803836
2012-08-12 17:00:00,297.76475701236575,298.35506670794615
2012-08-12 18:00:00,297.30646245688985,297.92800607078806
2012-08-12 20:00:00,297.05097883838715,297.1760539802821
2012-08-12 21:00:00,296.9264147601253,296.98938745342895
2012-08-13 05:00:00,298.75761303071437,298.2309188725217
2012-08-13 06:00:00,300.3394178910689,299.06662438720326
2012-08-13 08:00:00,300.13623126813184,299.60230707718154
2012-08-13 09:00:00,300.67566823151157,300.09616704861446
2012-08-13 17:00:00,297.19646057693177,297.21518402804946
2012-08-13 18:00:00,297.2621401417972,297.1929837830813
2012-08-13 20:00:00,297.10817263563536,296.88843739749103
2012-08-13 21:00:00,297.00374703194217,296.80028445768426
2012-08-14 05:00:00,298.5170642400192,298.5289191905817
2012-08-14 06:00:00,299.143563433678,299.45737347948165
2012-08-14 08:00:00,300.4304490287792,300.2049885472091
2012-08-14 09:00:00,300.7390854516639,300.3675864620826
2012-08-14 17:00:00,296.6028165655621,296.38939131867534
2012-08-14 18:00:00,296.53179252166046,296.33894258801854
2012-08-14 20:00:00,296.5186337322594,296.3102357273661
2012-08-14 21:00:00,296.50124061713785,296.3870790361073
2012-08-15 05:00:00,296.21348096850477,295.96496469177345
2012-08-15 06:00:00,296.3431898684274,296.1543892271162
2012-08-15 08:00:00,296.47599924143367,296.17408999309333
2012-08-15 09:00:00,296.6138517030031,296.2419262431987
2012-08-15 17:00:00,296.09239808069356,296.60898574805594
2012-08-15 18:00:00,296.08808155970877,296.5895143811618
2012-08-15 20:00:00,295.85992751393366,296.43326929500915
2012-08-15 21:00:00,295.6696836827165,296.11721489058436
2012-08-16 05:00:00,295.8346608401447,296.04637816066185
2012-08-16 06:00:00,296.352823360308,296.4870143237944
2012-08-16 08:00:00,297.6073489431608,297.0524199828161
2012-08-16 09:00:00,297.72871034501696,297.07107482816116
2012-08-16 17:00:00,296.2321411508992,296.9022653635551
2012-08-16 18:00:00,296.08752904577506,296.78076414040686
2012-08-16 20:00:00,296.40773534554364,296.9147652977237
2012-08-16 21:00:00,296.19873234964854,296.66941377378214
2012-08-17 05:00:00,300.8694704640628,299.66550545479373
2012-08-17 06:00:00,301.9586278271786,300.32564893819523
2012-08-17 08:00:00,303.82283480839664,301.55344892833926
2012-08-17 09:00:00,303.41100834404193,300.9489883634453
2012-08-17 17:00:00,297.66550221024386,298.32575645505557
2012-08-17 18:00:00,297.2343967949114,297.8630971100371
2012-08-17 20:00:00,296.96504839175657,297.82665413737476
2012-08-17 21:00:00,296.86212858837814,297.66579417271316
2012-08-18 05:00:00,300.3405828725759,299.8534644880721
2012-08-18 06:00:00,302.163458190824,301.0242683398889
2012-08-18 08:00:00,305.3754851777675,302.6475812914926
2012-08-18 09:00:00,305.6274387965033,302.9888759195713
2012-08-18 17:00:00,298.0175159848159,298.81135138230997
2012-08-18 18:00:00,297.57108253984495,298.38709366009306
2012-08-18 20:00:00,297.4218602114356,298.49296099599593
2012-08-18 21:00:00,297.2573572990524,298.1698011918501
2012-08-19 05:00:00,301.1876128068874,300.067213202478
2012-08-19 06:00:00,302.90527038103994,301.03849489185586
2012-08-19 08:00:00,306.96079274134934,303.56257765759676
2012-08-19 09:00:00,307.1888925702253,303.6988677038067
2012-08-19 17:00:00,298.6290968320403,299.1144933480144
2012-08-19 18:00:00,298.4140225073957,298.7610225589323
2012-08-19 20:00:00,298.02650388179836,298.7640782431204
2012-08-19 21:00:00,297.9370567192466,298.61249707990504
2012-08-20 05:00:00,301.3064345960808,300.3320462031431
2012-08-20 06:00:00,303.55552358289344,301.4126948046574
2012-08-20 08:00:00,306.32145787314016,303.2829966493674
2012-08-20 09:00:00,305.7006721437804,303.36426138620715
2012-08-20 17:00:00,298.59001406535896,298.8221087580653
2012-08-20 18:00:00,298.4284162007055,298.6560142293733
2012-08-20 20:00:00,298.0126100607756,298.30900851163
2012-08-20 21:00:00,297.6916042851006,297.8226488345577
2012-08-21 05:00:00,298.86807290945654,299.2106398007903
2012-08-21 06:00:00,299.897864719385,299.73905164251346
2012-08-21 08:00:00,299.73587156040094,300.02022640657356
2012-08-21 09:00:00,300.2524021189827,300.47329794203375
2012-08-21 17:00:00,297.0993279220511,297.7665092103838
2012-08-21 18:00:00,296.89571475835726,297.60407157157346
2012-08-21 20:00:00,296.7580129332462,297.77206084687833
2012-08-21 21:00:00,296.5809451016513,297.5119495832681
2012-08-22 05:00:00,297.06825282210013,297.6714818451915
2012-08-22 06:00:00,297.7078032647884,298.22717983439816
2012-08-22 08:00:00,297.6285023270476,297.9187556944202
2012-08-22 09:00:00,297.9890931633478,298.3711085385645
2012-08-22 17:00:00,296.05946756841956,296.71259334899247
2012-08-22 18:00:00,296.06809407426687,296.6944889485928
2012-08-22 20:00:00,296.2562494498372,297.0161377329305
2012-08-22 21:00:00,296.2222053045852,296.91899647293917
2012-08-23 05:00:00,297.33326975112703,297.18854613223317
2012-08-23 06:00:00,297.60941393459893,297.5150563573617
2012-08-23 08:00:00,297.2318843377206,296.8929674474778
2012-08-23 09:00:00,297.31296225431703,297.25535672838777
2012-08-23 17:00:00,296.08061773126775,296.57020242041546
2012-08-23 18:00:00,296.0271041000202,296.55458473240833
2012-08-23 20:00:00,296.02951745737136,296.59801371475953
2012-08-23 21:00:00,295.9663119793673,296.51515357630285
2012-08-24 05:00:00,296.8298337727739,297.00274056315607
2012-08-24 06:00:00,297.65661054473077,297.7195937240436
2012-08-24 08:00:00,300.10324811421117,299.07323882539396
2012-08-24 09:00:00,299.92872873550203,299.05608625367904
2012-08-24 17:00:00,296.7099685551389,297.27655720527076
2012-08-24 18:00:00,296.72644670718626,297.25362540834305
2012-08-24 20:00:00,296.4337580464838,297.14384472204836
2012-08-24 21:00:00,296.2662025063725,297.0298513403659
2012-08-25 05:00:00,297.25189350051767,297.0290745763088
2012-08-25 06:00:00,297.48481738732664,297.1623245732994
2012-08-25 08:00:00,300.1438688210604,299.8517577372641
2012-08-25 09:00:00,301.189670321754,300.3988909140941
2012-08-25 17:00:00,297.1057988476864,297.6525272786709
2012-08-25 18:00:00,296.58349094479036,297.1553371999591
2012-08-25 20:00:00,296.2629245705157,297.08589722526096
2012-08-25 21:00:00,296.06532830707096,296.842671751425
2012-08-26 05:00:00,301.74778423103606,300.316768134871
2012-08-26 06:00:00,303.4727644957086,301.03261818907845
2012-08-26 08:00:00,306.2706961609733,302.8571921232485
2012-08-26 09:00:00,304.6306171858072,301.82149918237343
2012-08-26 17:00:00,296.9474468730815,297.42583114083266
2012-08-26 18:00:00,296.8573468976836,297.33616264355015
2012-08-26 20:00:00,296.8563437439812,297.6157401721172
2012-08-26 21:00:00,296.6514123760864,297.24962943948475
2012-08-27 05:00:00,298.65781608311164,298.2647928905046
2012-08-27 06:00:00,299.65642367746506,299.150423564235
2012-08-27 08:00:00,301.983177784595,301.1723102869348
2012-08-27 09:00:00,302.3094290100004,301.6033849730881
2012-08-27 17:00:00,296.98049400106237,297.282334243939
2012-08-27 18:00:00,296.7173801651354,296.90775039273166
2012-08-27 20:00:00,296.4655944401017,297.10099322255843
2012-08-27 21:00:00,296.2650275796147,296.74005467865976
2012-08-28 05:00:00,300.7241828107319,299.22898610824797
2012-08-28 06:00:00,302.762625249031,300.71802004680427
2012-08-28 08:00:00,306.7466251743593,303.0421505591535
2012-08-28 09:00:00,306.4073047373438,303.0518617791645
2012-08-28 17:00:00,297.60813602864835,297.92761745364714
2012-08-28 18:00:00,297.35848060925315,297.6361731953907
2012-08-28 20:00:00,297.1998220717044,297.4923344216839
2012-08-28 21:00:00,297.1826921413051,297.32567715167266
2012-08-29 05:00:00,301.39942440744176,299.41499208706006
2012-08-29 06:00:00,304.7922644475575,301.2606770143671
2012-08-29 08:00:00,308.02871222121325,303.1920865004529
2012-08-29 09:00:00,307.7363906413638,303.7794834366198
2012-08-29 17:00:00,297.90285149854947,298.391255430154
2012-08-29 18:00:00,297.77036989561765,298.2048728954627
2012-08-29 20:00:00,297.3031438230917,297.74704162879794
2012-08-29 21:00:00,297.1793776454838,297.6493628315272
2012-08-30 05:00:00,302.511541616384,300.6416700507166
2012-08-30 06:00:00,304.68479112998364,301.636275516269
2012-08-30 08:00:00,307.03896678577775,303.443408278361
2012-08-30 09:00:00,306.0415247136896,302.2639597230039
2012-08-30 17:00:00,298.2871470870149,298.74351797706356
2012-08-30 18:00:00,297.9923257930621,298.42516842975823
2012-08-30 20:00:00,297.7392378984872,298.257583806254
2012-08-30 21:00:00,297.45939135441245,297.8607497957344
2012-08-31 05:00:00,303.88976239643773,301.28006804338406
2012-08-31 06:00:00,305.5675215992979,302.17132114592613
2012-08-31 08:00:00,307.0028357131088,303.7972191809139
2012-08-31 09:00:00,305.72291807107086,302.6936004826762
2012-08-31 17:00:00,297.78822524154504,298.27977638656074
2012-08-31 18:00:00,297.6221697885193,298.06019117358284
2012-08-31 20:00:00,297.2843101042996,297.98650250780196
2012-08-31 21:00:00,297.07555597478694,297.9768599640974
2012-09-01 05:00:00,304.99627777240676,302.65305501176687
2012-09-01 06:00:00,305.02022854609555,302.8845018995195
2012-09-01 08:00:00,307.8737429720228,304.8717587416638
2012-09-01 09:00:00,307.81994758218025,304.9649065720098
2012-09-01 17:00:00,298.666410355061,298.9751028992546
2012-09-01 18:00:00,298.4083851489521,298.69570605449945
2012-09-01 20:00:00,298.13073438929484,298.8597141024879
2012-09-01 21:00:00,297.93434963608377,298.6120132187665
2012-09-02 05:00:00,305.4844622501791,302.65557710856245
2012-09-02 06:00:00,306.964491410689,303.75615549895724
2012-09-02 08:00:00,309.5760575633938,305.14586389009685
2012-09-02 09:00:00,309.2840749919874,304.072244065201
2012-09-02 17:00:00,298.5650120104773,298.68219927536506
2012-09-02 18:00:00,298.31541518107036,298.48156171660577
2012-09-02 20:00:00,297.66885975512963,297.6437356299355
2012-09-02 21:00:00,297.53997252571565,297.4622483451855
2012-09-03 05:00:00,302.24155161524044,300.26757967674126
2012-09-03 06:00:00,303.60589430328514,300.8483434127549
2012-09-03 08:00:00,303.0418296073361,300.9361118733975
2012-09-03 09:00:00,303.163107591344,300.81571351508336
2012-09-03 17:00:00,298.1077461889235,298.43607199834935
2012-09-03 18:00:00,297.9049435043923,298.2063906159717
2012-09-03 20:00:00,297.3443480316774,297.4832030591686
2012-09-03 21:00:00,297.18976535415067,297.35296997634583
2012-09-04 05:00:00,299.9362916167602,298.9534304814273
2012-09-04 06:00:00,302.05289702569763,300.0878246995077
2012-09-04 08:00:00,304.5139027082681,302.0165648144456
2012-09-04 09:00:00,304.50648018906037,302.12464128914525
2012-09-04 17:00:00,297.9736566999109,298.45239716281503
2012-09-04 18:00:00,297.66110556298304,298.0404139490818
2012-09-04 20:00:00,297.24231464873844,297.75372462573876
2012-09-04 21:00:00,297.0570164755423,297.54630539340127
2012-09-05 05:00:00,301.7992692192089,300.7516471498369
2012-09-05 06:00:00,303.3389855665492,301.6416923393638
2012-09-05 08:00:00,306.3954152017602,303.27296901520674
2012-09-05 09:00:00,304.78310465996367,302.10352420659945
2012-09-05 17:00:00,298.356509780296,299.16761288400426
2012-09-05 18:00:00,298.1695429209752,298.833613837996
2012-09-05 20:00:00,297.7000486024172,298.36379600489636
2012-09-05 21:00:00,297.4054672640902,298.0321918364115
2012-09-06 05:00:00,299.8472200931496,299.44520479504985
2012-09-06 06:00:00,301.3919156960603,300.37269472377875
2012-09-06 08:00:00,303.48107809057956,301.4424939971124
2012-09-06 09:00:00,304.3100043063171,301.8405833663118
2012-09-06 17:00:00,297.12400636834616,297.87614360979785
2012-09-06 18:00:00,296.98018186595664,297.568930627385
2012-09-06 20:00:00,297.03331442716865,297.5374325603844
2012-09-06 21:00:00,296.9656978660078,297.3972576593949
2012-09-07 05:00:00,300.3153218649937,299.2911817788711
2012-09-07 06:00:00,300.2923260940058,298.966300458864
2012-09-07 08:00:00,299.9335497839976,299.7546642520945
2012-09-07 09:00:00,301.6941428162467,300.1537228247785
2012-09-07 17:00:00,296.8702467814065,297.1527818582826
2012-09-07 18:00:00,296.7263166665664,296.84180505690847
2012-09-07 20:00:00,296.3873569623715,296.15224674265994
2012-09-07 21:00:00,296.24967093680783,296.0173105436775
2012-09-08 05:00:00,298.7430912717282,298.6734647354103
2012-09-08 06:00:00,301.1861383000214,299.98607570842165
2012-09-08 08:00:00,301.8961860880095,300.1437183256693
2012-09-08 09:00:00,301.52999739213425,300.37351662939983
2012-09-08 17:00:00,297.92918894434194,298.54084434568057
2012-09-08 18:00:00,297.1275600909452,298.0639620224023
2012-09-08 20:00:00,296.7378735887619,297.609786611125
2012-09-08 21:00:00,296.52726435257216,297.2226229816078
2012-09-09 05:00:00,302.31202114675375,300.7685911534196
2012-09-09 06:00:00,304.3875107963574,302.0132422072495
2012-09-09 08:00:00,306.2169139609315,303.58784054607753
2012-09-09 09:00:00,306.2433897468085,303.8651144206984
2012-09-09 17:00:00,298.01269674668515,298.77219566027816
2012-09-09 18:00:00,297.7441723886734,298.4390406439595
2012-09-09 20:00:00,297.1235863872228,298.0697149150361
2012-09-09 21:00:00,296.7809524418577,297.59330831801026
2012-09-10 05:00:00,303.57054507309925,301.3115069561269
2012-09-10 06:00:00,304.78306412660106,302.23819218945613
2012-09-10 08:00:00,306.81971016576733,303.5156428685358
2012-09-10 09:00:00,306.44351217449173,303.4925129189514
2012-09-10 17:00:00,298.1725801958693,298.6116439278578
2012-09-10 18:00:00,297.6429910762652,298.1190117129192
2012-09-10 20:00:00,297.5913518309042,298.2049702084487
2012-09-10 21:00:00,297.3331048903737,297.84085701353195
2012-09-11 05:00:00,302.01316584277043,300.3076116153382
2012-09-11 06:00:00,303.52324322669637,301.46574919102557
2012-09-11 08:00:00,303.01286386451665,300.9088653658498
2012-09-11 09:00:00,304.0410604374067,301.7309842102333
2012-09-11 17:00:00,297.4128495555813,297.8330827898164
2012-09-11 18:00:00,297.1463368655353,297.48947011891795
2012-09-11 20:00:00,297.19787686998933,297.94564725291013
2012-09-11 21:00:00,297.1341327731892,297.71778415862144
2012-09-12 05:00:00,302.6468977259561,300.3005407536159
2012-09-12 06:00:00,305.02553096353915,301.4872995855629
2012-09-12 08:00:00,307.4295623026938,303.60231354277016
2012-09-12 09:00:00,307.5205389178589,303.8229502955644
2012-09-12 17:00:00,297.073966168843,297.114484460769
2012-09-12 18:00:00,296.7966930465816,296.7893310217718
2012-09-12 20:00:00,296.59154403521944,296.6919312793044
2012-09-12 21:00:00,296.5454134243111,296.6544222603961
2012-09-13 05:00:00,299.7825374279992,298.932836006529
2012-09-13 06:00:00,301.87700569611303,300.4716628769696
2012-09-13 08:00:00,303.20598053307674,301.7347113046514
2012-09-13 09:00:00,302.68789550593164,301.6999088046364
2012-09-13 17:00:00,297.5152779742272,298.4570256778382
2012-09-13 18:00:00,297.34437586897513,298.1786425198171
2012-09-13 20:00:00,297.2520499677614,298.2320595434157
2012-09-13 21:00:00,297.0501946918035,297.88613329683136
2012-09-14 05:00:00,301.844168217781,300.5626845161426
2012-09-14 06:00:00,302.67453449643085,301.08431172187227
2012-09-14 08:00:00,304.98690342131675,302.34861682486275
2012-09-14 09:00:00,304.7504357571595,302.0403156016016
2012-09-14 17:00:00,297.58893971964835,298.02147875581574
2012-09-14 18:00:00,297.4935187764455,297.87896923658843
2012-09-14 20:00:00,297.28670613387334,297.69575472274806
2012-09-14 21:00:00,297.01774096378745,297.4819549889704
2012-09-15 05:00:00,298.74520707093694,298.46713644771256
2012-09-15 06:00:00,300.3500190346928,299.287785158319
2012-09-15 08:00:00,302.23649989805534,300.08040634178786
2012-09-15 09:00:00,302.0364976597861,300.04881662800796
2012-09-15 17:00:00,297.6707727464579,298.3600779858135
2012-09-15 18:00:00,297.31106555627196,298.0019356091328
2012-09-15 20:00:00,296.75435157623053,297.55623935881675
2012-09-15 21:00:00,296.4273053420527,297.14010305066694
2012-09-16 05:00:00,300.8936293121479,299.4677182096179
2012-09-16 06:00:00,302.5304923505739,300.29807992708885
2012-09-16 08:00:00,303.8009620983905,301.2284111410885
2012-09-16 09:00:00,303.340352768156,301.2775378822362
2012-09-16 17:00:00,296.46953238324136,297.21533318330034
2012-09-16 18:00:00,296.19386456082526,296.98489713742293
2012-09-16 20:00:00,296.0788307601388,297.0537626857199
2012-09-16 21:00:00,295.9031804676967,296.91426780007106
2012-09-17 05:00:00,300.3105861622674,299.4135267025517
2012-09-17 06:00:00,302.39387077249256,300.42105351758113
2012-09-17 08:00:00,304.67930048162293,301.80867690922486
2012-09-17 09:00:00,304.8522148426215,302.1755591629099
2012-09-17 17:00:00,298.00804443829605,298.54084530964104
2012-09-17 18:00:00,297.7708640781867,298.2397953732907
2012-09-17 20:00:00,296.7897965676612,297.4625458798166
2012-09-17 21:00:00,296.50658018232684,297.09221730283673
2012-09-18 05:00:00,301.4113934815206,299.5279448146262
2012-09-18 06:00:00,302.8906468419338,300.236061813284
2012-09-18 08:00:00,303.49985775705113,300.9799445200775
2012-09-18 09:00:00,303.80880963012504,301.2714591474489
2012-09-18 17:00:00,294.5388798647559,295.6147344792018
2012-09-18 18:00:00,293.9738685596155,295.1996333235401
2012-09-18 20:00:00,293.5284851497421,294.5807534145831
2012-09-18 21:00:00,293.32211428320466,294.46074104015196
2012-09-19 05:00:00,302.1289176764584,299.8577050442688
2012-09-19 06:00:00,303.4030116805678,300.618003504302
2012-09-19 08:00:00,305.0452127089302,302.0019388771938
2012-09-19 09:00:00,304.79494145985564,302.2014291113808
2012-09-19 17:00:00,295.54057177997703,296.52263320429114
2012-09-19 18:00:00,295.3370002076512,296.33693914898373
2012-09-19 20:00:00,294.74909531133386,295.8844845012083
2012-09-19 21:00:00,294.4191963419158,295.5977782262676
2012-09-20 05:00:00,303.3952990327668,300.9764730162539
2012-09-20 06:00:00,304.6180548058085,301.7215906504674
2012-09-20 08:00:00,306.36489842301705,303.1590985502411
2012-09-20 09:00:00,306.26181996585046,303.260947887262
2012-09-20 17:00:00,295.98495643274816,296.99069037532956
2012-09-20 18:00:00,295.61764044386945,296.66467144088864
2012-09-20 20:00:00,294.65122141786645,295.93227568686655
2012-09-20 21:00:00,294.2978099241095,295.61034599033826
2012-09-21 05:00:00,303.7754769112186,301.5780075378888
2012-09-21 06:00:00,305.36975755970724,302.7097116949378
2012-09-21 08:00:00,306.8545198837304,303.8574345710649
2012-09-21 09:00:00,306.15147113065325,303.6925120302268
2012-09-21 17:00:00,296.371475055148,297.74354470933343
2012-09-21 18:00:00,295.9115467042144,297.2821008714579
2012-09-21 20:00:00,295.2737654816756,296.8702406919976
2012-09-21 21:00:00,294.97233116020595,296.48394817710846
2012-09-22 05:00:00,303.6901917773513,301.4287839633842
2012-09-22 06:00:00,305.32847012136307,302.4541145406996
2012-09-22 08:00:00,306.3510913819488,303.3721949690479
2012-09-22 09:00:00,305.85411001243654,303.1908065490253
2012-09-22 17:00:00,296.0237247367118,297.20099998438855
2012-09-22 18:00:00,295.5698884279225,296.824564670745
2012-09-22 20:00:00,295.22976096789534,296.6440267695117
2012-09-22 21:00:00,295.0102125264831,296.36380493916425
2012-09-23 05:00:00,302.469679986751,300.243073873417
2012-09-23 06:00:00,304.32422608550416,301.4429164469151
2012-09-23 08:00:00,306.05960435676286,303.0480826779029
2012-09-23 09:00:00,305.9097843023221,303.2064977801636
2012-09-23 17:00:00,296.23783756955567,297.4100040853116
2012-09-23 18:00:00,295.69006505181505,296.7637570326795
2012-09-23 20:00:00,294.3466866468244,295.6650824407216
2012-09-23 21:00:00,293.83024394971386,295.15023613269966
2012-09-24 05:00:00,301.8746523864464,299.67658723851747
2012-09-24 06:00:00,303.60410900145365,300.8331032445875
2012-09-24 08:00:00,305.6620701582663,302.56426858534616
2012-09-24 09:00:00,305.46306336201576,302.88986271886137
2012-09-24 17:00:00,294.3473984023272,295.63716109030423
2012-09-24 18:00:00,293.83299469323293,295.1329639123291
2012-09-24 20:00:00,292.97624274725536,294.42065754142493
2012-09-24 21:00:00,292.53805396222555,293.9548228635627
2012-09-25 05:00:00,301.8585227413795,299.6518995523085
2012-09-25 06:00:00,303.78886589908456,300.9333990064718
2012-09-25 08:00:00,305.53289265919176,302.64666207288553
2012-09-25 09:00:00,305.28047163717923,302.7839438933621
2012-09-25 17:00:00,293.98920919127386,295.39347745310545
2012-09-25 18:00:00,293.5129926825525,294.84036066792964
2012-09-25 20:00:00,292.70761432853425,294.19242755437307
2012-09-25 21:00:00,292.26210736714086,293.7530627140463
2012-09-26 05:00:00,302.1584105175706,299.79575043429946
2012-09-26 06:00:00,303.88969223892383,300.99381668725624
2012-09-26 08:00:00,306.2937800285445,302.578911920909
2012-09-26 09:00:00,306.01345641807706,302.68268266627894
2012-09-26 17:00:00,293.86304684302473,295.5088326053002
2012-09-26 18:00:00,293.3069805738922,294.98134893996325
2012-09-26 20:00:00,292.3732149332808,294.1750467356254
2012-09-26 21:00:00,292.0528105513892,293.81011069463835
2012-09-27 05:00:00,303.0232537832392,300.6550761782701
2012-09-27 06:00:00,304.8933569815566,301.89855728972304
2012-09-27 08:00:00,306.4130676927846,303.103853410859
2012-09-27 09:00:00,305.7778708012703,303.16187445077765
2012-09-27 17:00:00,294.7806186764193,296.5161987680867
2012-09-27 18:00:00,294.1884583177846,295.95250075329983
2012-09-27 20:00:00,293.4183280251243,295.30619849629693
2012-09-27 21:00:00,293.2963909977941,295.08586125307716
2012-09-28 05:00:00,302.43636297334695,300.79256000724524
2012-09-28 06:00:00,304.5626500016552,302.31775379621746
2012-09-28 08:00:00,306.2808358496621,304.19422529364584
2012-09-28 09:00:00,305.71428190210753,304.3474249935297
2012-09-28 17:00:00,295.26695554759726,297.01516354506487
2012-09-28 18:00:00,294.94723346163573,296.7053923996277
2012-09-28 20:00:00,294.1095531210877,296.0451136796243
2012-09-28 21:00:00,293.53656995682206,295.4824384739293
2012-09-29 05:00:00,303.2912066772649,301.79950621241966
2012-09-29 06:00:00,305.3293829449152,303.23395240913004
2012-09-29 08:00:00,307.17149256631296,304.64411660592623
2012-09-29 09:00:00,306.71211694091426,304.8374900406424
2012-09-29 17:00:00,294.7360359744409,296.5169617310511
2012-09-29 18:00:00,294.09272178332503,295.9307277309142
2012-09-29 20:00:00,292.99054397089276,294.6252909044639
2012-09-29 21:00:00,292.28810735623165,294.2311884522989
2012-09-30 05:00:00,305.5980770305052,302.74438264961424
2012-09-30 06:00:00,307.4989458974594,304.02424355905123
2012-09-30 08:00:00,308.6787474504421,305.3267985903795
2012-09-30 09:00:00,307.7634943181818,305.44650092220456
2012-09-30 17:00:00,294.0841720886701,296.12642325238204
2012-09-30 18:00:00,293.6185006963086,295.71377909091666
2012-09-30 20:00:00,292.6728514214326,294.64064268044586
2012-09-30 21:00:00,292.28975535247287,294.265582186048
2012-10-01 05:00:00,305.40088247995715,303.1016718272252
2012-10-01 06:00:00,307.27138654476687,304.21336411768556
2012-10-01 08:00:00,309.32229884636973,305.6850918621422
2012-10-01 09:00:00,308.7330743822001,305.9266090569401
2012-10-01 17:00:00,294.49184964360734,296.3919398891173
2012-10-01 18:00:00,293.98276690231813,295.9062739109222
2012-10-01 20:00:00,292.7841291148417,294.83740368389016
2012-10-01 21:00:00,292.3378064783035,294.434207816337
2012-10-02 05:00:00,304.986017988349,303.13475109505913
2012-10-02 06:00:00,306.8500480005297,304.20984573246704
2012-10-02 08:00:00,308.94417025385366,305.57165489725776
2012-10-02 09:00:00,308.98707060968195,305.7525566583055
2012-10-02 17:00:00,294.5428207467995,296.2290832331442
2012-10-02 18:00:00,293.98535410171297,295.68194032266445
2012-10-02 20:00:00,293.4182004296725,295.30345647544453
2012-10-02 21:00:00,292.9368406980541,294.8668080052169
2012-10-03 05:00:00,304.41043427030917,303.0056327502423
2012-10-03 06:00:00,306.6130498524623,304.48020624710347
2012-10-03 08:00:00,308.5350915235805,306.1301352761009
2012-10-03 09:00:00,308.36161653727345,306.44974970413466
2012-10-03 17:00:00,295.3471959941376,297.60500188748165
2012-10-03 18:00:00,294.74125748973785,296.9980798612574
2012-10-03 20:00:00,293.2255243380742,295.38214468698845
2012-10-03 21:00:00,292.344140051326,294.5312067158233
2012-10-04 05:00:00,304.96182756468033,302.6848458876412
2012-10-04 06:00:00,306.52079434387485,303.8538145467938
2012-10-04 08:00:00,308.12667616269624,305.93712332656463
2012-10-04 09:00:00,307.2295751821462,306.033413809143
2012-10-04 17:00:00,293.8681569150857,296.630331030612
2012-10-04 18:00:00,293.2664989829982,296.03616730347625
2012-10-04 20:00:00,292.741159588971,295.4849137833747
2012-10-04 21:00:00,292.6949135614287,295.3149421586094
2012-10-05 05:00:00,303.41791695475763,302.50647927212236
2012-10-05 06:00:00,305.6855868440931,304.0364477924647
2012-10-05 08:00:00,307.15985523570663,305.63940328589206
2012-10-05 09:00:00,306.98208552332613,305.7723811638925
2012-10-05 17:00:00,293.8647998874471,296.3526016493975
2012-10-05 18:00:00,293.03566477442007,295.5406902060487
2012-10-05 20:00:00,291.765156444673,294.2875956342841
2012-10-05 21:00:00,291.1258799313397,293.6678169850025
2012-10-06 05:00:00,304.4221970333341,302.3268517492732
2012-10-06 06:00:00,306.56748753152385,303.8354089440109
2012-10-06 08:00:00,308.613276571265,305.2834218264728
2012-10-06 09:00:00,308.40507084122055,305.489900444983
2012-10-06 17:00:00,294.19084781123604,296.35813602864835
2012-10-06 18:00:00,293.3368852142193,295.53710133415893
2012-10-06 20:00:00,292.28490604347735,295.51305682119124
2012-10-06 21:00:00,291.77081404628666,295.1667242299978
2012-10-07 05:00:00,304.91779803495007,302.71817366918907
2012-10-07 06:00:00,307.46603877886054,303.80945665920825
2012-10-07 08:00:00,308.31468320590875,304.52702620731117
2012-10-07 09:00:00,307.9989440165609,304.58997952736036
2012-10-07 17:00:00,294.08904681330654,297.36728043989706
2012-10-07 18:00:00,293.537446855213,296.46707741101096
2012-10-07 20:00:00,292.91147156231943,296.09007028071284
2012-10-07 21:00:00,292.56560103735313,296.1729662973084
2012-10-08 05:00:00,305.051002819843,302.4480080861708
2012-10-08 06:00:00,307.4533459820622,303.4890311877423
2012-10-08 08:00:00,308.875695509242,304.52548523419443
2012-10-08 09:00:00,308.4155109093994,304.78857238487393
2012-10-08 17:00:00,293.5197017299376,296.61545246518085
2012-10-08 18:00:00,292.49421835313046,294.8231147331156
2012-10-08 20:00:00,291.2921237798612,293.88797380303384
2012-10-08 21:00:00,290.69007132931375,294.6014819505219
2012-10-09 05:00:00,305.5597319287034,302.7555279841959
2012-10-09 06:00:00,307.81706536385605,304.00697162081536
2012-10-09 08:00:00,309.17231148600763,304.9337404600828
2012-10-09 09:00:00,308.5097901001917,305.0275854689682
2012-10-09 17:00:00,292.3894412565305,294.7640770910701
2012-10-09 18:00:00,291.3688882084216,293.8066329368274
2012-10-09 20:00:00,289.9163450878831,292.61456510429207
2012-10-09 21:00:00,289.2586425640183,292.83873242112264
2012-10-10 05:00:00,304.24424482677676,302.1013548252946
2012-10-10 06:00:00,306.97998439512565,303.52695369867405
2012-10-10 08:00:00,309.355691636472,304.7892133715708
2012-10-10 09:00:00,309.1614940625677,304.87999677143773
2012-10-10 17:00:00,292.5963335316427,294.9663155530744
2012-10-10 18:00:00,291.51566689701406,294.2482485308302
2012-10-10 20:00:00,290.0066541016377,293.88036653257114
2012-10-10 21:00:00,289.5039475122108,292.0421704966776
2012-10-11 05:00:00,304.17670321942114,302.5149393889864
2012-10-11 06:00:00,306.7102789504135,303.9211836052235
2012-10-11 08:00:00,309.10895962707804,305.2355461649608
2012-10-11 09:00:00,308.6340727490159,305.305442492657
2012-10-11 17:00:00,293.2294500788849,295.68944122831704
2012-10-11 18:00:00,292.3057399802656,294.817373149384
2012-10-11 20:00:00,290.3444907448509,292.84579284385836
2012-10-11 21:00:00,289.35270874305576,292.0355222728477
2012-10-12 05:00:00,304.2092331238263,302.3945593694325
2012-10-12 06:00:00,306.6051337619776,303.9193346820002
2012-10-12 08:00:00,308.5458517441948,305.1762766786643
2012-10-12 09:00:00,308.31065004228265,305.25546027185004
2012-10-12 17:00:00,292.58354772441373,294.9640309197143
2012-10-12 18:00:00,291.5501407100166,294.18423558310116
2012-10-12 20:00:00,289.9423211660518,292.8358098575257
2012-10-12 21:00:00,289.3675237341177,292.3096618652344
2012-10-13 05:00:00,304.39945751125526,302.8704838921734
2012-10-13 06:00:00,306.57011712166855,303.8156138039517
2012-10-13 08:00:00,308.50128615839276,304.69883495266157
2012-10-13 09:00:00,308.17811671464216,304.7613530798208
2012-10-13 17:00:00,291.7024537778599,294.83363923012564
2012-10-13 18:00:00,290.97786974796713,295.5083368709899
2012-10-13 20:00:00,289.72977258244356,294.0612715851912
2012-10-13 21:00:00,289.326002264978,293.4013309566927
2012-10-14 05:00:00,305.31670785207416,302.88757526415344
2012-10-14 06:00:00,307.4233802595565,303.84874618365694
2012-10-14 08:00:00,309.13908534351225,304.9448045868719
2012-10-14 09:00:00,308.3270384754716,304.8959377858966
2012-10-14 17:00:00,292.91989627126924,295.14580149128915
2012-10-14 18:00:00,291.87001587760466,294.2266756595559
2012-10-14 20:00:00,290.35757359297503,293.0094655276447
2012-10-14 21:00:00,289.9910451833199,292.7452223532373
2012-10-15 05:00:00,304.6692293281732,302.36102247899413
2012-10-15 06:00:00,307.05245035932677,303.65152706387227
2012-10-15 08:00:00,309.1454040339254,305.19093597835314
2012-10-15 09:00:00,308.3438823212093,305.23565680881495
2012-10-15 17:00:00,292.5150160120889,294.9869639392259
2012-10-15 18:00:00,291.4424720846449,294.15378280192937
2012-10-15 20:00:00,290.2258398117748,292.96710802263397
2012-10-15 21:00:00,289.91171224679346,292.88096752666365
2012-10-16 05:00:00,304.63193141661003,301.6291459470023
2012-10-16 06:00:00,307.1567357420371,303.0399330738697
2012-10-16 08:00:00,309.8411889215831,303.82426713611386
2012-10-16 09:00:00,309.5043822818986,304.285763803726
2012-10-16 17:00:00,292.6187552759203,294.4852939129611
2012-10-16 18:00:00,291.6996598206977,293.6639757200456
2012-10-16 20:00:00,290.73570230304733,293.1254209450838
2012-10-16 21:00:00,290.4006959183374,292.9126328055407
2012-10-17 05:00:00,304.59633658810276,301.4816390685565
2012-10-17 06:00:00,307.3089080011165,302.99737826260656
2012-10-17 08:00:00,308.7352011141315,304.26266387798387
2012-10-17 09:00:00,307.75946957157646,304.3168106196658
2012-10-17 17:00:00,294.9805863766898,296.2290174722304
2012-10-17 18:00:00,293.4117804058527,295.12217540770354
2012-10-17 20:00:00,291.3672116695457,294.18711032485373
2012-10-17 21:00:00,290.6863677461269,293.56166191865196
2012-10-18 05:00:00,306.0157744138744,301.80527389361794
2012-10-18 06:00:00,308.39945647676115,302.91833653619
2012-10-18 08:00:00,309.97037251006657,304.0594252246922
2012-10-18 09:00:00,309.24474881352927,304.2238542177644
2012-10-18 17:00:00,292.86894263692193,294.8750223121585
2012-10-18 18:00:00,291.9800388001147,294.3528016359303
2012-10-18 20:00:00,290.5093496878085,294.84585994491226
2012-10-18 21:00:00,290.03928200085466,292.9297125629725
2012-10-19 05:00:00,304.10136660442146,301.39235025414706
2012-10-19 06:00:00,307.01372282383807,302.97141671437885
2012-10-19 08:00:00,309.4714405782785,304.04918732959067
2012-10-19 09:00:00,309.2456224203478,304.2129836119195
2012-10-19 17:00:00,291.94081527169203,295.9135958961052
2012-10-19 18:00:00,291.0711650642665,293.58503739602395
2012-10-19 20:00:00,290.1208446955277,292.5827094549758
2012-10-19 21:00:00,290.20620711081204,292.65697294684884
2012-10-20 05:00:00,304.2584386511099,301.5928278189778
2012-10-20 06:00:00,307.2081680415408,303.32226541339895
2012-10-20 08:00:00,308.9883616113883,303.7825784786089
2012-10-20 09:00:00,308.7622371491372,303.87508235984296
2012-10-20 17:00:00,294.06883625330283,295.5707550283941
2012-10-20 18:00:00,293.6908894496265,294.97405559145983
2012-10-20 20:00:00,292.7613430405251,294.1943566038723
2012-10-20 21:00:00,292.37305294089765,293.82421221387773
2012-10-21 05:00:00,303.88983431729406,300.7318712419649
2012-10-21 06:00:00,306.646645850136,302.22995310167687
2012-10-21 08:00:00,309.3284714850145,303.5267458593901
2012-10-21 09:00:00,308.8202262608039,303.55222488661946
2012-10-21 17:00:00,293.90533212153315,295.18239211448355
2012-10-21 18:00:00,293.19441486470316,294.59101439771376
2012-10-21 20:00:00,291.81885786012435,293.53262331452686
2012-10-21 21:00:00,291.36233325364594,293.0510042305169
2012-10-22 05:00:00,303.5032114696062,300.5603266217859
2012-10-22 06:00:00,306.2404067123249,301.9638700088477
2012-10-22 08:00:00,307.9702213798723,302.99329182253047
2012-10-22 09:00:00,307.8207380297739,303.03908594069753
2012-10-22 17:00:00,293.3442735951193,294.90385220708396
2012-10-22 18:00:00,292.59720913691586,294.2794562811477
2012-10-22 20:00:00,291.6239413127694,293.2963364282264
2012-10-22 21:00:00,291.0783235523477,292.83955884090005
2012-10-23 05:00:00,303.16066150635896,300.66529622834713
2012-10-23 06:00:00,305.9452538159669,302.4289548665239
2012-10-23 08:00:00,307.89687209871414,303.73684384385683
2012-10-23 09:00:00,306.7867054050252,303.6618390193522
2012-10-23 17:00:00,293.6333117139725,295.38157110699154
2012-10-23 18:00:00,293.02141642754174,294.7507776104614
2012-10-23 20:00:00,292.2470551007334,294.02483914556046
2012-10-23 21:00:00,291.8409170612165,293.56236506904406
2012-10-24 05:00:00,303.37445874794605,299.47019234350176
2012-10-24 06:00:00,305.58644364978574,300.5304540978007
2012-10-24 08:00:00,307.22364875311473,301.6740431116983
2012-10-24 09:00:00,306.7019234820397,301.7849940930383
2012-10-24 17:00:00,289.9436068542198,291.8643121704666
2012-10-24 18:00:00,289.2850907241986,291.1915763302467
2012-10-24 20:00:00,287.9531883157457,289.71463125549224
2012-10-24 21:00:00,287.2758326126357,288.9957705411044
2012-10-25 05:00:00,302.28584228421585,297.8283941330638
2012-10-25 06:00:00,305.23030480618473,299.05038727229845
2012-10-25 08:00:00,307.64054256962334,300.9021201581911
2012-10-25 09:00:00,307.0007549221233,301.1345100814279
2012-10-25 17:00:00,287.93484689862413,292.04995330199256
2012-10-25 18:00:00,287.06790389191764,290.80566408601123
2012-10-25 20:00:00,285.743161217641,288.9730275158522
2012-10-25 21:00:00,285.27697894973636,288.163037739476
2012-10-26 05:00:00,301.298379601242,298.3616396958361
2012-10-26 06:00:00,304.19985023815934,299.8007360614136
2012-10-26 08:00:00,307.1818626650677,301.1353939626544
2012-10-26 09:00:00,307.16929694647416,301.2634952351198
2012-10-26 17:00:00,290.32425874260434,292.14686697326573
2012-10-26 18:00:00,289.2063956473752,291.17790593645424
2012-10-26 20:00:00,287.39684745894374,289.71137661926554
2012-10-26 21:00:00,286.85664268928616,289.24209775763046
2012-10-27 05:00:00,301.4429459535102,298.5280465947461
2012-10-27 06:00:00,304.4334545164887,300.0675927207724
2012-10-27 08:00:00,307.8092636790224,301.63018464968644
2012-10-27 09:00:00,307.9393751852685,301.82580190226554
2012-10-27 17:00:00,289.6479757159076,291.8362015781491
2012-10-27 18:00:00,288.94186697608706,291.30991642133483
2012-10-27 20:00:00,287.72169546353615,290.16037864273613
2012-10-27 21:00:00,287.25365971122943,289.7267992345872
2012-10-28 05:00:00,303.06569966696816,300.04265708511895
2012-10-28 06:00:00,306.2310980751261,301.39087473629803
2012-10-28 08:00:00,309.2351198358051,302.9378252073503
2012-10-28 09:00:00,308.69175266448076,303.12412439472683
2012-10-28 17:00:00,290.4033919512215,292.735956671058
2012-10-28 18:00:00,289.1534703846889,291.6091280380272
2012-10-28 20:00:00,287.70083293709075,290.11011057238
2012-10-28 21:00:00,287.1409852390848,289.50311528515925
2012-10-29 05:00:00,303.3722248988453,299.9185761626586
2012-10-29 06:00:00,306.70026321293574,301.5065061689709
2012-10-29 08:00:00,309.68931099960724,302.8833095979617
2012-10-29 09:00:00,308.90611734963346,303.05695459398174
2012-10-29 17:00:00,289.4038649971937,293.5511069981086
2012-10-29 18:00:00,288.46520544678106,292.58785352427714
2012-10-29 20:00:00,287.09367001479137,290.7227081627986
2012-10-29 21:00:00,286.57397827712714,290.1423160217944
2012-10-30 05:00:00,303.58931465325264,299.5187331847674
2012-10-30 06:00:00,306.80308441021043,300.9312068662952
2012-10-30 08:00:00,309.4950429390318,302.60432965435854
2012-10-30 09:00:00,308.70311862845637,302.8157866585237
2012-10-30 17:00:00,289.4777870824782,292.8600713321351
2012-10-30 18:00:00,288.5471193522261,291.62832573418996
2012-10-30 20:00:00,287.2487660365406,290.1554708613086
2012-10-30 21:00:00,286.76672146977927,289.30377888495826
2012-10-31 05:00:00,303.18335593389617,299.39851024374946
2012-10-31 06:00:00,305.97331945481034,300.6744710161065
2012-10-31 08:00:00,308.4060229520401,302.11658697613217
2012-10-31 09:00:00,308.0679894257767,302.3458224915209
2012-10-31 17:00:00,291.49269642411105,293.2728470154279
2012-10-31 18:00:00,290.67772532317593,292.5244236315711
2012-10-31 20:00:00,288.70997972297374,290.722182921893
2012-10-31 21:00:00,287.88447293368256,289.90800678270807
2012-11-01 05:00:00,302.7828320002152,298.71596582351003
2012-11-01 06:00:00,305.43807755339503,299.87450842717766
2012-11-01 08:00:00,308.03167804547564,301.57727894834454
2012-11-01 09:00:00,307.65210323010456,301.9608550461121
2012-11-01 17:00:00,290.9421182406151,292.64967200421773
2012-11-01 18:00:00,290.0739865295692,291.75546598507924
2012-11-01 20:00:00,288.5018105999163,290.2428396780429
2012-11-01 21:00:00,287.9645774147727,289.6964095105376
2012-11-02 05:00:00,302.48505945896335,298.6495104350368
2012-11-02 06:00:00,305.11961606911774,299.841868255098
2012-11-02 08:00:00,307.4457082880664,301.3721266218988
2012-11-02 09:00:00,307.0806373161234,301.57587043750453
2012-11-02 17:00:00,289.77740092931435,291.51098534065335
2012-11-02 18:00:00,288.88502674073396,290.68964601114095
2012-11-02 20:00:00,287.5278664281813,289.20686718862856
2012-11-02 21:00:00,287.0057596638684,288.651426271224
2012-11-03 05:00:00,302.23834301400444,297.9212711845598
2012-11-03 06:00:00,305.05362091299565,299.1337075960838
2012-11-03 08:00:00,307.8136424342363,300.88376218916267
2012-11-03 09:00:00,307.4403964426191,301.2567646279357
2012-11-03 17:00:00,289.15607223158077,292.28693275863105
2012-11-03 18:00:00,288.2340125273483,290.9328711087972
2012-11-03 20:00:00,286.87649884099034,288.75348027351276
2012-11-03 21:00:00,286.41205765029133,288.48809631065524
2012-11-04 05:00:00,303.11993278891356,298.3137847712301
2012-11-04 06:00:00,305.83361915153426,299.4915695543098
2012-11-04 08:00:00,308.166568985338,300.9319345389015
2012-11-04 09:00:00,307.67567450901026,301.20646730960794
2012-11-04 17:00:00,288.98866067424945,293.0226087055883
2012-11-04 18:00:00,288.03057960075296,292.59267635962635
2012-11-04 20:00:00,286.6645939713818,290.3832534766528
2012-11-04 21:00:00,286.1413473120456,288.9864928681972
2012-11-05 05:00:00,301.3694043504806,297.9808033383315
2012-11-05 06:00:00,304.356429136773,299.25509883369244
2012-11-05 08:00:00,307.99149083870776,300.6016533709087
2012-11-05 09:00:00,307.8084992583618,300.8882647545202
2012-11-05 17:00:00,289.3353241860223,291.0825061533595
2012-11-05 18:00:00,288.4932334441434,290.6338970966075
2012-11-05 20:00:00,288.05286117107,289.9489986378534
2012-11-05 21:00:00,287.85468643729234,289.626065129308
2012-11-06 05:00:00,302.2857563741769,298.392284258121
2012-11-06 06:00:00,305.53059925614224,299.619371552313
2012-11-06 08:00:00,308.6766885249016,300.8175062934864
2012-11-06 09:00:00,308.33260821561413,301.02960348496634
2012-11-06 17:00:00,291.12744389844056,292.66262857351904
2012-11-06 18:00:00,290.5528822371332,292.17979334756296
2012-11-06 20:00:00,289.3142280754948,290.75548947279924
2012-11-06 21:00:00,288.8363881162576,290.296332219716
2012-11-07 05:00:00,301.6036403285704,298.93646980838156
2012-11-07 06:00:00,304.4962337358707,300.38906159716873
2012-11-07 08:00:00,307.10613806773046,301.61627317172906
2012-11-07 09:00:00,306.44537941296403,301.5525291689739
2012-11-07 17:00:00,290.8898744039433,292.6692069925035
2012-11-07 18:00:00,290.052851413909,291.84371188829425
2012-11-07 20:00:00,288.3193979131055,290.0695781031816
2012-11-07 21:00:00,287.5653028444076,289.57735291467793
2012-11-08 05:00:00,303.9655010770025,299.41018422836515
2012-11-08 06:00:00,306.4203418796346,300.5225924828387
2012-11-08 08:00:00,307.7665439129611,301.5090029206592
2012-11-08 09:00:00,307.1227153666398,301.57564291932
2012-11-08 17:00:00,289.28803915014987,291.80142635116226
2012-11-08 18:00:00,288.2277437983015,290.9494078508327
2012-11-08 20:00:00,286.6971981477664,290.4806731096218
2012-11-08 21:00:00,286.13671059160276,289.04703746260776
2012-11-09 05:00:00,302.4762595342745,299.49522000211414
2012-11-09 06:00:00,305.2869654392426,300.7966128262607
2012-11-09 08:00:00,307.47338333482554,301.8208268787167
2012-11-09 09:00:00,307.0673731964064,301.90789531596084
2012-11-09 17:00:00,290.757192438299,292.7290624021933
2012-11-09 18:00:00,289.66192107354914,291.8506485949312
2012-11-09 20:00:00,288.1646278510659,290.22685011289155
2012-11-09 21:00:00,287.6514865305097,289.7938375605273
2012-11-10 05:00:00,302.1038640849579,299.5633653308651
2012-11-10 06:00:00,305.1219248955349,300.9394745907541
2012-11-10 08:00:00,306.0716872016895,301.41270646622814
2012-11-10 09:00:00,305.50308754190644,301.4297239894309
2012-11-10 17:00:00,291.4366710174984,293.266358033167
2012-11-10 18:00:00,290.1993773332546,292.2619943251412
2012-11-10 20:00:00,287.97047791091614,291.8733579756115
2012-11-10 21:00:00,287.159063871175,292.5123981070261
2012-11-11 05:00:00,302.5604883320343,299.2803249506076
2012-11-11 06:00:00,304.3867478569043,299.25522689936895
2012-11-11 08:00:00,306.46577423048683,301.35349171407785
2012-11-11 09:00:00,306.2460471742509,301.4040271541555
2012-11-11 17:00:00,289.42861442389585,291.449095715727
2012-11-11 18:00:00,288.5711384260416,290.6538087818398
2012-11-11 20:00:00,287.5631235413632,289.97700714440487
2012-11-11 21:00:00,287.00484176189025,289.18605723329614
2012-11-12 05:00:00,302.78873520015014,298.95425922881657
2012-11-12 06:00:00,305.72112044935415,300.18340229804414
2012-11-12 08:00:00,308.7326577396716,301.23667319934066
2012-11-12 09:00:00,308.2823165634931,301.3883533683507
2012-11-12 17:00:00,288.9354681829091,291.2675125286649
2012-11-12 18:00:00,287.89966993522944,290.33727606492715
2012-11-12 20:00:00,286.49935346465264,288.7309321798786
2012-11-12 21:00:00,286.2394270698536,288.3672025001655
2012-11-13 05:00:00,301.27903787527686,297.59172906860914
2012-11-13 06:00:00,304.7561008118334,299.39912024264345
2012-11-13 08:00:00,308.0834361401104,300.841424104429
2012-11-13 09:00:00,307.8881332326927,301.0174236091884
2012-11-13 17:00:00,288.34065074950047,292.53884476248766
2012-11-13 18:00:00,287.277380356987,292.1164186357166
2012-11-13 20:00:00,285.9280688457754,287.90210226614414
2012-11-13 21:00:00,285.58308481178227,287.47463025297327
2012-11-14 05:00:00,300.69835200846103,297.078915988352
2012-11-14 06:00:00,304.1572212254505,298.8706338938286
2012-11-14 08:00:00,307.7061623219165,300.63661718148114
2012-11-14 09:00:00,307.1852807043513,300.8715991004039
2012-11-14 17:00:00,288.9127170697934,291.07403209433534
2012-11-14 18:00:00,287.5739264583735,289.99898163453094
2012-11-14 20:00:00,285.6563908087637,288.0356145544302
2012-11-14 21:00:00,285.00109487101554,287.3549772006889
2012-11-15 05:00:00,301.40347548662606,297.4590309037266
2012-11-15 06:00:00,304.7012919703691,298.9558980556776
2012-11-15 08:00:00,308.1335041769113,300.408169974164
2012-11-15 09:00:00,307.4937723685854,300.6042175292969
2012-11-15 17:00:00,287.3342477948346,290.2265637696065
2012-11-15 18:00:00,286.3233449786029,290.37323870313554
2012-11-15 20:00:00,284.8469574021632,290.95640813183894
2012-11-15 21:00:00,284.27955077278597,290.14698354195014
2012-11-16 05:00:00,300.32102806432226,297.4413740396132
2012-11-16 06:00:00,303.55166649487796,298.9954637900707
2012-11-16 08:00:00,306.8775639232759,300.0363983248342
2012-11-16 09:00:00,307.0369986841234,300.25783855044415
2012-11-16 17:00:00,286.9699940497776,290.53405575980025
2012-11-16 18:00:00,286.05884487346066,289.64973097038563
2012-11-16 20:00:00,284.71701068613675,288.64632663814973
2012-11-16 21:00:00,284.17739842301705,288.2227937436802
2012-11-17 05:00:00,300.44516788241674,297.1962375023699
2012-11-17 06:00:00,303.75434717963026,298.7551783251652
2012-11-17 08:00:00,307.7549266139238,300.3071739302578
2012-11-17 09:00:00,307.40927556630095,300.6263830011541
2012-11-17 17:00:00,287.658997875149,291.80542652853103
2012-11-17 18:00:00,286.4641415635684,292.15965212218015
2012-11-17 20:00:00,285.04061899052937,291.5436443922516
2012-11-17 21:00:00,284.49092353620955,290.4617483788536
2012-11-18 05:00:00,301.9280349190687,297.74466396149575
2012-11-18 06:00:00,305.1540454223821,299.2626792543291
2012-11-18 08:00:00,307.9618894697521,300.9082679454645
2012-11-18 09:00:00,307.4211096624013,301.0978087673569
2012-11-18 17:00:00,288.8362836558573,290.4821326633447
2012-11-18 18:00:00,288.6290632344909,290.2105397605014
2012-11-18 20:00:00,289.01735218206795,290.2718886035984
2012-11-18 21:00:00,288.725486790638,290.0797094924057
2012-11-19 05:00:00,299.2509574713802,296.34095846449463
2012-11-19 06:00:00,302.521325345032,297.76795660880026
2012-11-19 08:00:00,304.7205026917539,298.89668501984727
2012-11-19 09:00:00,305.8963112853158,299.3327801062256
2012-11-19 17:00:00,290.0277377982353,291.3606958844813
2012-11-19 18:00:00,289.32095449767974,290.7247776213706
2012-11-19 20:00:00,288.2660149102586,289.62186574127713
2012-11-19 21:00:00,287.77887442519744,289.15440060655214
2012-11-20 05:00:00,299.9955364632864,296.22088858159185
2012-11-20 06:00:00,303.1527396321113,297.32779038815727
2012-11-20 08:00:00,306.6220051863895,298.6118847769104
2012-11-20 09:00:00,306.24513289300245,298.8836571644929
2012-11-20 17:00:00,287.8493755322943,289.34874547832004
2012-11-20 18:00:00,287.02834934887056,288.67429240128297
2012-11-20 20:00:00,285.8777627342471,287.60294251522777
2012-11-20 21:00:00,285.34502651878796,287.0775495155934
2012-11-21 05:00:00,298.98899587387297,295.30265220324685
2012-11-21 06:00:00,302.38297338735526,296.9149359657511
2012-11-21 08:00:00,306.0437045810035,298.3189532216782
2012-11-21 09:00:00,306.08283977773044,298.55949406557716
2012-11-21 17:00:00,288.0504576649247,289.31391951409626
2012-11-21 18:00:00,286.91411130931607,288.4435806156858
2012-11-21 20:00:00,285.46979848335627,287.3725529510545
2012-11-21 21:00:00,284.9329384214522,287.00835154199825
2012-11-22 05:00:00,299.6965177797573,295.9445927271674
2012-11-22 06:00:00,302.95958929546805,297.38253579631976
2012-11-22 08:00:00,306.46178404539137,298.58826066826816
2012-11-22 09:00:00,306.22085430221676,298.80820800122933
2012-11-22 17:00:00,288.6490386586711,289.9643545753232
2012-11-22 18:00:00,287.7288235515953,289.1694383430187
2012-11-22 20:00:00,285.90825924630894,287.58705663460614
2012-11-22 21:00:00,285.2024355801669,287.2697173884176
2012-11-23 05:00:00,300.1057692705575,296.0943857907147
2012-11-23 06:00:00,303.4397942259426,297.54532791396326
2012-11-23 08:00:00,306.44707017613484,299.2311469549758
2012-11-23 09:00:00,305.8623809579341,299.4565842309608
2012-11-23 17:00:00,288.4603913811212,290.3325528936871
2012-11-23 18:00:00,287.64914229617835,289.6869826823795
2012-11-23 20:00:00,286.1476547640902,287.934100840235
2012-11-23 21:00:00,285.4510540602204,287.31153251283524
2012-11-24 05:00:00,299.98305251675504,296.85995358788915
2012-11-24 06:00:00,303.04740282714096,298.235026989953
2012-11-24 08:00:00,305.7428190822043,299.6541831511746
2012-11-24 09:00:00,305.0928215414791,299.7459771813156
2012-11-24 17:00:00,287.87876191455155,289.7941304164234
2012-11-24 18:00:00,287.26744749659935,289.2003741624359
2012-11-24 20:00:00,286.49699289001563,288.4219141462
2012-11-24 21:00:00,286.0212431967902,287.948431923136
2012-11-25 05:00:00,300.5208723071176,296.561413922185
2012-11-25 06:00:00,303.66211276061733,297.8030143232301
2012-11-25 08:00:00,305.82921907163364,299.0401503176462
2012-11-25 09:00:00,305.09501998266563,299.13337467704974
2012-11-25 17:00:00,286.88192958273396,288.7833881113673
2012-11-25 18:00:00,285.7856764830132,287.9772379071393
2012-11-25 20:00:00,284.48387388161774,286.51324418219286
2012-11-25 21:00:00,283.90097537283174,285.91804304549066
2012-11-26 05:00:00,298.6606663966951,295.2356273727535
2012-11-26 06:00:00,302.06267675743635,296.71464209416985
2012-11-26 08:00:00,305.64546133079585,298.26663478386973
2012-11-26 09:00:00,305.5590327281982,298.523826234697
2012-11-26 17:00:00,286.86332098398077,288.664517019122
2012-11-26 18:00:00,285.94994082693324,287.8152974838469
2012-11-26 20:00:00,284.81973111427436,286.7329979942098
2012-11-26 21:00:00,284.39695246010234,286.234571859539
2012-11-27 05:00:00,298.592070804355,295.0210434688809
2012-11-27 06:00:00,301.86132857171344,296.5638730794146
2012-11-27 08:00:00,305.63314591277,298.22223996014
2012-11-27 09:00:00,305.8529696706998,298.54523222325207
2012-11-27 17:00:00,287.65717554312823,289.0723310802677
2012-11-27 18:00:00,286.8313082326175,288.3821628141477
2012-11-27 20:00:00,285.3707078131395,286.8357308362776
2012-11-27 21:00:00,284.4706015094587,286.69915947818606
2012-11-28 05:00:00,298.83250424894976,295.1414740610931
2012-11-28 06:00:00,302.1059881366089,296.74763145505557
2012-11-28 08:00:00,305.5319976336416,298.35780350930514
2012-11-28 09:00:00,305.4499901064739,298.7299368554161
2012-11-28 17:00:00,286.35188693147967,288.51611516214854
2012-11-28 18:00:00,285.5466858991673,287.88224404545156
2012-11-28 20:00:00,284.5623535250295,286.78965700499265
2012-11-28 21:00:00,284.2105426523829,286.37019877147236
2012-11-29 05:00:00,299.0240677185529,296.4799283208392
2012-11-29 06:00:00,302.7763406668312,298.32980036331435
2012-11-29 08:00:00,305.3220784755995,299.6747653061877
2012-11-29 09:00:00,304.6212851549334,299.6224785615189
2012-11-29 17:00:00,289.6109232145759,290.7627982211591
2012-11-29 18:00:00,288.7651177686977,289.93795400187486
2012-11-29 20:00:00,287.1825494986653,288.3488702054017
2012-11-29 21:00:00,286.3232947351018,287.4677013050426
2012-11-30 05:00:00,295.2766517204202,292.19643217536446
2012-11-30 06:00:00,298.48821186835664,293.8187847872177
2012-11-30 08:00:00,302.000502717146,295.52794051207087
2012-11-30 09:00:00,301.8954940349185,295.8371209143123
2012-11-30 17:00:00,285.0832291472307,286.5259777004436
2012-11-30 18:00:00,284.3835939427921,285.92709289456735
2012-11-30 20:00:00,283.14831124468833,284.8490536635389
2012-11-30 21:00:00,282.5409349579657,284.25679258278967
2012-12-01 05:00:00,295.73245307440385,291.4633244777497
2012-12-01 06:00:00,298.9315878187747,292.9083036590247
2012-12-01 08:00:00,302.4124054049123,294.83041727451035
2012-12-01 09:00:00,302.33548554360226,295.26368972002456
2012-12-01 17:00:00,284.2657764358403,285.74117212045724
2012-12-01 18:00:00,283.3396064981658,284.9166610553195
2012-12-01 20:00:00,282.2726278672417,283.9902091944714
2012-12-01 21:00:00,281.61970228480266,283.3547882174123
2012-12-02 05:00:00,294.9632123291768,291.9487814410993
2012-12-02 06:00:00,298.3573203535036,293.7263875764397
2012-12-02 08:00:00,302.18030255380876,295.58262584903764
2012-12-02 09:00:00,302.4574850872963,296.01022707993525
2012-12-02 17:00:00,286.5311971467522,287.95745116058964
2012-12-02 18:00:00,285.7856483635807,287.29511541945544
2012-12-02 20:00:00,284.84022980441665,286.4554803551438
2012-12-02 21:00:00,284.3998616458088,285.94288764565675
2012-12-03 05:00:00,295.93159054607753,293.03406060311386
2012-12-03 06:00:00,299.53813133768756,294.98613655548803
2012-12-03 08:00:00,303.6725584714916,297.1590208221106
2012-12-03 09:00:00,303.9367016056102,297.58081082900975
2012-12-03 17:00:00,287.37591895998355,288.5928418786941
2012-12-03 18:00:00,286.57989365587986,287.88039317079614
2012-12-03 20:00:00,285.5449170787088,287.0409431868967
2012-12-03 21:00:00,284.9911678414132,286.4496561999681
2012-12-04 05:00:00,297.92337440525995,294.0583070305353
2012-12-04 06:00:00,301.5896638890812,295.97374395008995
2012-12-04 08:00:00,305.8222962131118,298.15071207055325
2012-12-04 09:00:00,306.1539041904162,298.5998548087427
2012-12-04 17:00:00,288.0076762759263,289.1608097211606
2012-12-04 18:00:00,286.9886740286288,288.19728953592215
2012-12-04 20:00:00,285.6662051725461,286.93577996534634
2012-12-04 21:00:00,284.7787106929832,286.4760981766947
2012-12-05 05:00:00,298.9090143330109,295.1086884720483
2012-12-05 06:00:00,302.81497615584976,296.7336021623185
2012-12-05 08:00:00,306.1248389715774,298.83062516081685
2012-12-05 09:00:00,305.8574215458428,299.26681584386137
2012-12-05 17:00:00,287.6242504149262,289.20597844057716
2012-12-05 18:00:00,286.61475869577,288.33407677413874
2012-12-05 20:00:00,284.6678021494156,286.63700081424093
2012-12-05 21:00:00,283.86174921115116,286.11067143280076
2012-12-06 05:00:00,299.7426205063454,296.2534502731817
2012-12-06 06:00:00,303.6019431468335,297.77345435755274
2012-12-06 08:00:00,307.02825006094116,299.47454185074395
2012-12-06 09:00:00,306.7421867241294,299.85598792500787
2012-12-06 17:00:00,287.9806032107314,289.51602353888046
2012-12-06 18:00:00,287.03357048798784,288.72425694164406
2012-12-06 20:00:00,285.37468243379993,287.0531246614383
2012-12-06 21:00:00,284.49550954292664,286.55365599175263
2012-12-07 05:00:00,300.23443504768454,296.9994726430838
2012-12-07 06:00:00,303.96651908980317,298.52017287150005
2012-12-07 08:00:00,306.629390158161,299.828061143496
2012-12-07 09:00:00,305.64157729890934,299.8554471666897
2012-12-07 17:00:00,288.3208397393601,289.89451126545345
2012-12-07 18:00:00,286.8323441374651,288.7258437381504
2012-12-07 20:00:00,284.5558254200799,289.73500063386285
2012-12-07 21:00:00,283.8608069280263,290.43512461328726
2012-12-08 05:00:00,300.1758738137173,296.5779053345667
2012-12-08 06:00:00,303.77302367881924,297.9458297000644
2012-12-08 08:00:00,307.2262030367859,299.50092062928087
2012-12-08 09:00:00,306.9394958449071,299.8067813397189
2012-12-08 17:00:00,287.3920759015899,289.1342650003536
2012-12-08 18:00:00,285.94953100266184,289.02220732184884
2012-12-08 20:00:00,284.0625543579666,288.9074027321555
2012-12-08 21:00:00,283.47184132721463,289.1254571523799
2012-12-09 05:00:00,299.5265866648435,296.2599241377209
2012-12-09 06:00:00,303.1043409397496,297.7290053169239
2012-12-09 08:00:00,306.5210525912386,298.9077918430322
2012-12-09 09:00:00,306.30666902656736,299.09691367127306
2012-12-09 17:00:00,286.972737387259,288.78701201499155
2012-12-09 18:00:00,285.9677710393544,287.9815241926808
2012-12-09 20:00:00,284.21136180718986,287.9679038542996
2012-12-09 21:00:00,283.6428844528316,288.03121764854586
2012-12-10 05:00:00,298.29133239181823,295.5224851070457
2012-12-10 06:00:00,301.92777961060887,297.288674070949
2012-12-10 08:00:00,305.48271245030674,298.6764136315862
2012-12-10 09:00:00,305.5022744765083,298.86035316126373
2012-12-10 17:00:00,287.59561709740495,289.32815267271917
2012-12-10 18:00:00,286.90297775386114,289.0099921322016
2012-12-10 20:00:00,286.4689648221197,288.59621933759274
2012-12-10 21:00:00,286.353417606677,287.99639137867604
2012-12-11 05:00:00,298.61621432311733,295.3135020721859
2012-12-11 06:00:00,302.13715145069943,296.9837422422342
2012-12-11 08:00:00,304.55535011702955,298.6101623911336
2012-12-11 09:00:00,303.62888929840227,298.43722875092544
2012-12-11 17:00:00,287.1740221161688,288.65079097424524
2012-12-11 18:00:00,286.2614525793513,287.85687782510956
2012-12-11 20:00:00,284.0368600619041,285.9522352879882
2012-12-11 21:00:00,282.99681831912375,284.73181110023535
2012-12-12 05:00:00,295.76185765435406,292.92248377631
2012-12-12 06:00:00,299.824426283638,295.32255596519434
2012-12-12 08:00:00,303.7513188154929,297.17249849434074
2012-12-12 09:00:00,303.92422539427395,297.48433481930584
2012-12-12 17:00:00,285.1494684204666,286.9551061268764
2012-12-12 18:00:00,284.54259395746317,286.6067507469048
2012-12-12 20:00:00,284.2854205867726,286.1806431845267
2012-12-12 21:00:00,284.3132337385039,285.89454009022296
2012-12-13 05:00:00,294.61055596914423,292.37049494245207
2012-12-13 06:00:00,297.67537229564414,294.2958191576284
2012-12-13 08:00:00,300.4856025919158,296.2506659321131
2012-12-13 09:00:00,301.1353365952502,296.9597939137134
2012-12-13 17:00:00,287.920685002543,289.192303391561
2012-12-13 18:00:00,287.4259487205,288.7170451771129
2012-12-13 20:00:00,286.1250691230198,288.11771125969796
2012-12-13 21:00:00,286.21643186313537,287.96880598024154
2012-12-14 05:00:00,294.83304872204235,292.5196755854485
2012-12-14 06:00:00,299.8890071921797,294.0384118736984
2012-12-14 08:00:00,304.58863647178805,296.13201213066685
2012-12-14 09:00:00,304.08275762948864,296.54915460195673
2012-12-14 17:00:00,289.8913751023209,290.5372230282917
2012-12-14 18:00:00,289.5587928666172,290.1866353274494
2012-12-14 20:00:00,288.2766790169597,288.9766340681878
2012-12-14 21:00:00,287.6098978897824,288.3896742058094
2012-12-15 05:00:00,296.16243820307983,293.3106943609534
2012-12-15 06:00:00,299.6172587390306,295.24692256792304
2012-12-15 08:00:00,302.76615752938716,296.9758298900352
2012-12-15 09:00:00,302.67479022809283,297.37179457278023
2012-12-15 17:00:00,288.7946537058967,289.0783467579329
2012-12-15 18:00:00,287.91848592655316,288.343691833214
2012-12-15 20:00:00,287.4266583364807,288.00654460983395
2012-12-15 21:00:00,287.58330675780496,288.11122949538503
2012-12-16 05:00:00,294.2417458180103,292.5739013013561
2012-12-16 06:00:00,298.7168258643481,294.32966308123525
2012-12-16 08:00:00,303.25604379709773,296.53276240697073
2012-12-16 09:00:00,303.5304102728657,296.98673722042327
2012-12-16 17:00:00,289.24839307787977,289.7276682802268
2012-12-16 18:00:00,288.50106331894324,289.048693593735
2012-12-16 20:00:00,287.0601804759727,287.6214814737141
2012-12-16 21:00:00,286.45140169728523,287.0378870324839
2012-12-17 05:00:00,294.72404414149025,291.4886465675107
2012-12-17 06:00:00,298.62789554919226,293.45975015931214
2012-12-17 08:00:00,303.44747623860934,295.7528839816665
2012-12-17 09:00:00,303.93080094488823,296.3332741477273
2012-12-17 17:00:00,286.32206669647263,287.2647005854108
2012-12-17 18:00:00,285.46134711267035,286.46326356014964
2012-12-17 20:00:00,284.10774127507614,285.2034997690257
2012-12-17 21:00:00,283.40816670610286,284.5165472045334
2012-12-18 05:00:00,297.38032574058496,293.48225689669056
2012-12-18 06:00:00,301.24274939491505,295.17611193546713
2012-12-18 08:00:00,304.1119226064814,296.9093307001381
2012-12-18 09:00:00,303.5336014757906,297.1270559396142
2012-12-18 17:00:00,286.5000522889783,287.62733574677685
2012-12-18 18:00:00,285.6207852591351,286.80863999659186
2012-12-18 20:00:00,284.30319611206994,285.742927139823
2012-12-18 21:00:00,283.7231691475091,285.2361613128145
2012-12-19 05:00:00,293.73655865262214,290.7304934367928
2012-12-19 06:00:00,297.1349472727724,292.52377829529655
2012-12-19 08:00:00,300.35491501348224,294.2626670520001
2012-12-19 09:00:00,300.34745130259745,294.6481448086825
2012-12-19 17:00:00,284.1595293935532,285.6622866731946
2012-12-19 18:00:00,283.1408381998447,284.71545019869814
2012-12-19 20:00:00,280.78028495800334,282.6560565260783
2012-12-19 21:00:00,279.741157449449,282.04331716293547
2012-12-20 05:00:00,293.1911648131666,290.66255023409667
2012-12-20 06:00:00,297.34874380902266,292.86578745320327
2012-12-20 08:00:00,302.0894000460444,295.1647264336585
2012-12-20 09:00:00,302.32367618131707,295.6654187923955
2012-12-20 17:00:00,283.07446540632674,285.01957136016046
2012-12-20 18:00:00,281.7473720321302,283.83230743643315
2012-12-20 20:00:00,279.50534241004794,282.03086521518986
2012-12-20 21:00:00,278.6933320314381,281.5087772363507
2012-12-21 05:00:00,294.24662627938716,291.2096253146744
2012-12-21 06:00:00,298.1881532595595,293.10895845151646
2012-12-21 08:00:00,302.25757912751897,295.32877007765103
2012-12-21 09:00:00,302.52555635566887,295.8147845863378
2012-12-21 17:00:00,283.3757727436365,285.2945557345962
2012-12-21 18:00:00,281.980567685261,284.3937153162317
2012-12-21 20:00:00,279.6737647622319,284.24467110891004
2012-12-21 21:00:00,278.85318456335324,284.2282625971296
2012-12-22 05:00:00,295.7037328358608,292.04561202368126
2012-12-22 06:00:00,299.4577865718142,293.9189157353711
2012-12-22 08:00:00,303.1224128006052,295.8491281000969
2012-12-22 09:00:00,303.18813485026544,296.296668782991
2012-12-22 17:00:00,283.2037331179955,285.3441950440958
2012-12-22 18:00:00,282.03301529377376,284.3715381122701
2012-12-22 20:00:00,279.92801883738656,284.14302415656755
2012-12-22 21:00:00,279.1187942810529,284.0716590352345
2012-12-23 05:00:00,293.34200619549154,291.2526857584761
2012-12-23 06:00:00,297.2007885713974,293.34894960282946
2012-12-23 08:00:00,301.28403220154655,295.5676258480971
2012-12-23 09:00:00,301.7525429747689,296.1521071094578
2012-12-23 17:00:00,284.4650558918393,285.9469671028972
2012-12-23 18:00:00,283.70643688607475,285.1937603590485
2012-12-23 20:00:00,282.5217222616375,284.0764568076112
2012-12-23 21:00:00,281.9280308046033,283.45717125938194
2012-12-24 05:00:00,293.15204729688554,290.3224425940374
2012-12-24 06:00:00,297.4696594614461,292.7430484577761
2012-12-24 08:00:00,302.6474362742185,295.0763207951386
2012-12-24 09:00:00,303.25382546540953,295.6553272311971
2012-12-24 17:00:00,283.85528531537403,285.4073422847801
2012-12-24 18:00:00,282.4909017883207,284.6390303272312
2012-12-24 20:00:00,280.6457237866701,282.96817105944245
2012-12-24 21:00:00,280.03931233034297,282.06529541485855
2012-12-25 05:00:00,294.74250685305367,291.2587074785277
2012-12-25 06:00:00,299.06012449573115,293.0736625212918
2012-12-25 08:00:00,303.4764420754737,295.2613529387534
2012-12-25 09:00:00,303.1640152659365,295.82229059392756
2012-12-25 17:00:00,284.33495515373716,285.73054297495696
2012-12-25 18:00:00,283.4602626101078,284.89435752551253
2012-12-25 20:00:00,281.7250569112863,283.16370367158913
2012-12-25 21:00:00,280.8649815117082,282.371161062655
2012-12-26 05:00:00,294.85078829866717,291.3702607000554
2012-12-26 06:00:00,298.972624016102,293.2488258726241
2012-12-26 08:00:00,303.6397831568549,295.46005700439076
2012-12-26 09:00:00,303.92966497624053,295.93698566830585
2012-12-26 17:00:00,285.2335506962334,286.6299821944744
2012-12-26 18:00:00,284.8732354820969,286.3432530666169
2012-12-26 20:00:00,283.27387405654133,284.85387861489886
2012-12-26 21:00:00,282.5854992036276,284.22512434149746
2012-12-27 05:00:00,293.80831083935476,291.4952454882888
2012-12-27 06:00:00,297.85925782002363,293.91445781784176
2012-12-27 08:00:00,301.9583455043141,296.00034664959315
2012-12-27 09:00:00,302.5194596818122,296.5780601560243
2012-12-27 17:00:00,285.3460431679372,286.6342346943766
2012-12-27 18:00:00,284.6481034524268,286.03783424976973
2012-12-27 20:00:00,283.4684126373432,284.95000195613443
2012-12-27 21:00:00,283.01944543400606,284.5783816486
2012-12-28 05:00:00,294.1287841091538,292.29285208727066
2012-12-28 06:00:00,298.2446460224263,294.7270046522143
2012-12-28 08:00:00,302.35639553922357,296.7707871024157
2012-12-28 09:00:00,302.4420018600206,297.1510343860221
2012-12-28 17:00:00,286.11352729503477,287.3572797496073
2012-12-28 18:00:00,285.17950162020594,286.32640075683594
2012-12-28 20:00:00,283.6800679587436,284.9221956931938
2012-12-28 21:00:00,283.03156756620007,284.2566823151152
2012-12-29 05:00:00,292.44489653929725,289.4601425852724
2012-12-29 06:00:00,296.75337451999474,291.76766495197694
2012-12-29 08:00:00,300.8112884192327,293.067009124991
2012-12-29 09:00:00,300.9445311277416,293.46306166920715
2012-12-29 17:00:00,283.4934010086883,284.1706388029736
2012-12-29 18:00:00,282.7928103078128,283.5219595840054
2012-12-29 20:00:00,281.7620627663352,282.6607996348424
2012-12-29 21:00:00,281.3372479454946,282.24370493837426
2012-12-30 05:00:00,291.4935778366583,288.3369872999853
2012-12-30 06:00:00,295.78004077035587,290.51080042481976
2012-12-30 08:00:00,300.4946072053836,292.69930071015204
2012-12-30 09:00:00,300.6721014366679,293.203539361939
2012-12-30 17:00:00,283.1584198515294,283.8434455765781
2012-12-30 18:00:00,282.3065715490027,283.07317558018195
2012-12-30 20:00:00,281.2579200873941,282.22826913325184
2012-12-30 21:00:00,280.75628760856546,281.7474839455909
2012-12-31 05:00:00,291.0077012683651,287.6970186630273
2012-12-31 06:00:00,294.8792628448439,289.646758610001
2012-12-31 08:00:00,299.74458787915154,291.8971161688054
2012-12-31 09:00:00,300.27457572572587,292.53797698645457
2012-12-31 17:00:00,281.55430727636866,282.89992449132984
2012-12-31 18:00:00,280.56551042506806,282.0239635873098
2012-12-31 20:00:00,278.6791793517596,280.11147756238563
2012-12-31 21:00:00,277.7613894752067,279.41961662868505
