datetime_utc,skt,t2m
2003-01-01 05:00:00,293.8047939823662,288.4688086370107
2003-01-01 06:00:00,296.8329215027702,289.88807849854646
2003-01-01 08:00:00,299.84544882752317,291.22160974158714
2003-01-01 09:00:00,299.874516703131,291.79707023726405
2003-01-01 17:00:00,283.067322506192,284.1023995703652
2003-01-01 18:00:00,282.41658563128976,283.4305972906034
2003-01-01 20:00:00,281.17478070604415,282.1899304500163
2003-01-01 21:00:00,280.70263018262773,281.7385311978992
2003-01-02 05:00:00,288.7133982089709,286.0439000063575
2003-01-02 06:00:00,291.89728307503583,287.4684715094662
2003-01-02 08:00:00,295.0783363424575,288.91594850043487
2003-01-02 09:00:00,295.78201166984667,289.5308396349703
2003-01-02 17:00:00,283.1407150715268,283.9303521154842
2003-01-02 18:00:00,282.38549588384177,283.2000669882
2003-01-02 20:00:00,281.27317781845113,282.2575233588785
2003-01-02 21:00:00,280.7550395853898,281.7939578910087
2003-01-03 05:00:00,291.4139216442138,287.2338445866237
2003-01-03 06:00:00,295.2035335311537,288.5876960460504
2003-01-03 08:00:00,298.4598709365069,289.9511510675604
2003-01-03 09:00:00,298.3365403985022,290.320092246786
2003-01-03 17:00:00,281.44161818023827,282.31818409877127
2003-01-03 18:00:00,280.74272896365505,281.7557275240153
2003-01-03 20:00:00,280.0496255554293,281.340523906408
2003-01-03 21:00:00,279.66861300475796,280.98636127583603
2003-01-04 05:00:00,290.80561247885873,286.59707773264455
2003-01-04 06:00:00,294.23119896181925,288.09927342301705
2003-01-04 08:00:00,297.87961713558724,289.9996809761036
2003-01-04 09:00:00,298.27269532096403,290.623602468905
2003-01-04 17:00:00,281.34073743541,282.50738231500236
2003-01-04 18:00:00,280.4751932294049,281.7884238174039
2003-01-04 20:00:00,278.9307423549,280.10594997788064
2003-01-04 21:00:00,278.2657979721281,279.44039616048434
2003-01-05 05:00:00,289.9860692193218,286.90391542878467
2003-01-05 06:00:00,294.8374861612893,289.13381746406736
2003-01-05 08:00:00,300.33571049906254,292.47123074053985
2003-01-05 09:00:00,301.1588722076181,293.3640972072796
2003-01-05 17:00:00,283.0189253655714,284.39401799982244
2003-01-05 18:00:00,282.2785370390294,283.7081836294871
2003-01-05 20:00:00,281.14929965684894,282.6670217881401
2003-01-05 21:00:00,280.6399871638082,282.1361570196637
2003-01-06 05:00:00,292.7356668716219,290.59128080347466
2003-01-06 06:00:00,297.4630215825579,293.4186685617973
2003-01-06 08:00:00,303.22681009677603,296.1789273583834
2003-01-06 09:00:00,303.46981966697564,296.7148807331667
2003-01-06 17:00:00,284.4877593006669,285.75973169829336
2003-01-06 18:00:00,283.3949590603633,284.81800120490357
2003-01-06 20:00:00,281.68780708019096,283.25569397348835
2003-01-06 21:00:00,281.054508438463,282.57645915873434
2003-01-07 05:00:00,293.5999459382749,289.6233739397375
2003-01-07 06:00:00,297.91288124872096,291.7345573531094
2003-01-07 08:00:00,302.4203746778021,294.1992467518764
2003-01-07 09:00:00,302.6714367036276,294.847093226546
2003-01-07 17:00:00,282.98729370775504,283.9089373337286
2003-01-07 18:00:00,281.9209436025752,282.9151243377356
2003-01-07 20:00:00,280.23536129614973,281.4004880085197
2003-01-07 21:00:00,279.51982217797513,280.7190758186423
2003-01-08 05:00:00,291.4681896568263,287.8774917437961
2003-01-08 06:00:00,296.33588511697684,290.3600544275599
2003-01-08 08:00:00,302.0303768163837,293.30993979149866
2003-01-08 09:00:00,302.457764283167,293.9557831092682
2003-01-08 17:00:00,282.7376150827746,283.91684070463725
2003-01-08 18:00:00,281.7839529216749,283.06268924190016
2003-01-08 20:00:00,280.46298215422314,282.1483906656274
2003-01-08 21:00:00,279.8554737108698,281.5085524924915
2003-01-09 05:00:00,291.43119146643875,288.29264375425083
2003-01-09 06:00:00,295.7640998734531,290.57151900234135
2003-01-09 08:00:00,300.56718160338323,293.0301985542286
2003-01-09 09:00:00,301.2177895426934,293.7278673498215
2003-01-09 17:00:00,283.42360060681546,284.7354281620913
2003-01-09 18:00:00,282.6388889541979,283.9540604413566
2003-01-09 20:00:00,281.1725086747039,282.1790018184527
2003-01-09 21:00:00,280.5199349143288,281.45311531337273
2003-01-10 05:00:00,290.6071516839308,287.4967164919814
2003-01-10 06:00:00,295.2506493096726,289.832246918524
2003-01-10 08:00:00,300.03621789964575,292.40423969568565
2003-01-10 09:00:00,300.54451541283464,292.9983126459577
2003-01-10 17:00:00,281.9286866033757,283.1535335828784
2003-01-10 18:00:00,280.97881962521967,282.2182129329452
2003-01-10 20:00:00,279.43654692522006,280.72203129796287
2003-01-10 21:00:00,278.7095751887294,280.0333754858361
2003-01-11 05:00:00,291.42813526500356,287.9181436030266
2003-01-11 06:00:00,296.12330893118315,290.4377250730165
2003-01-11 08:00:00,301.9971622179028,293.7085728344087
2003-01-11 09:00:00,302.90143099698156,294.4499759056903
2003-01-11 17:00:00,283.51455067780057,285.01576625547716
2003-01-11 18:00:00,282.51461639169185,284.0904198927211
2003-01-11 20:00:00,281.22535491614207,282.8841701795581
2003-01-11 21:00:00,280.6352161001902,282.1780913695349
2003-01-12 05:00:00,292.26641958557036,289.3954835489094
2003-01-12 06:00:00,297.04888417577524,292.06598923129184
2003-01-12 08:00:00,302.89553409805654,295.0314279329979
2003-01-12 09:00:00,304.01128731890714,295.74175879620987
2003-01-12 17:00:00,284.75760769366485,285.81146945571317
2003-01-12 18:00:00,283.75616003662486,284.79371052934505
2003-01-12 20:00:00,282.0517982753289,283.1426838550068
2003-01-12 21:00:00,281.2646116659344,282.3666624471844
2003-01-13 05:00:00,293.6764562104259,289.4500750760635
2003-01-13 06:00:00,298.3749106102989,291.8266769432691
2003-01-13 08:00:00,302.6145107463255,294.0947440313449
2003-01-13 09:00:00,302.56029365903976,294.534099255578
2003-01-13 17:00:00,282.76487988206014,284.2300177810739
2003-01-13 18:00:00,281.69813596375735,283.2447103021325
2003-01-13 20:00:00,279.7488874485386,281.4341666011487
2003-01-13 21:00:00,278.7991948061621,280.52419820588614
2003-01-14 05:00:00,294.2118417889752,289.9434197518418
2003-01-14 06:00:00,298.8879804096898,292.26352746901784
2003-01-14 08:00:00,304.1724383996338,295.1510140723183
2003-01-14 09:00:00,304.57040616874514,295.8270134124991
2003-01-14 17:00:00,283.3441289775361,285.01352302539516
2003-01-14 18:00:00,282.1501980209938,283.9668239599384
2003-01-14 20:00:00,280.0662742109255,282.2165110019396
2003-01-14 21:00:00,279.227538756854,281.4327729494069
2003-01-15 05:00:00,292.8088400536583,289.98963375708723
2003-01-15 06:00:00,297.15539962227797,292.35161829215167
2003-01-15 08:00:00,302.04027746638457,295.22782338381916
2003-01-15 09:00:00,302.8499422940341,295.9629149356131
2003-01-15 17:00:00,284.0618973130989,285.63260905731624
2003-01-15 18:00:00,283.0726534192478,284.65265976445886
2003-01-15 20:00:00,281.60384748602866,283.22899527762814
2003-01-15 21:00:00,280.9654406061158,282.5164815376646
2003-01-16 05:00:00,293.227238894611,289.7256550134973
2003-01-16 06:00:00,298.1880740267103,292.34116491661604
2003-01-16 08:00:00,303.72353930833344,295.27468164382253
2003-01-16 09:00:00,304.23643994441574,296.0524341600886
2003-01-16 17:00:00,284.07918653208964,285.79933349891513
2003-01-16 18:00:00,282.79306509902557,284.6311691589826
2003-01-16 20:00:00,280.96937836116564,282.8065220343497
2003-01-16 21:00:00,280.31611132511557,282.00131171510105
2003-01-17 05:00:00,293.65320228611927,290.3339761460691
2003-01-17 06:00:00,298.26526779386404,292.7625679286493
2003-01-17 08:00:00,303.5970770508189,295.79206580116494
2003-01-17 09:00:00,304.22385431180936,296.552395460602
2003-01-17 17:00:00,285.09383033787714,286.50567391840815
2003-01-17 18:00:00,284.1658441105683,285.52504705537814
2003-01-17 20:00:00,282.64476532781805,284.0148687612478
2003-01-17 21:00:00,281.88084411621094,283.274383450877
2003-01-18 05:00:00,291.527329408149,288.80897750031596
2003-01-18 06:00:00,296.21143093020964,291.53544967016563
2003-01-18 08:00:00,302.60832790380636,295.185236738349
2003-01-18 09:00:00,303.7615950339013,296.1866888860341
2003-01-18 17:00:00,284.822510682563,286.2027036552253
2003-01-18 18:00:00,283.8895504661995,285.2465240055314
2003-01-18 20:00:00,281.82890435029253,282.89824202762367
2003-01-18 21:00:00,280.97373548604673,282.0460597950799
2003-01-19 05:00:00,291.31739668412644,287.97027218764293
2003-01-19 06:00:00,296.8218900330812,291.3803253408941
2003-01-19 08:00:00,303.42717165719193,294.91679664458997
2003-01-19 09:00:00,304.7618561496353,295.94363398618066
2003-01-19 17:00:00,284.9085831370303,286.2416216787094
2003-01-19 18:00:00,284.01187681600754,285.39291826198206
2003-01-19 20:00:00,282.3137957274638,283.740440286363
2003-01-19 21:00:00,281.4165401370573,282.8316037217715
2003-01-20 05:00:00,294.98801131755437,291.16909183449303
2003-01-20 06:00:00,300.1318835712545,293.80427269134753
2003-01-20 08:00:00,306.3160152347136,296.42778696962426
2003-01-20 09:00:00,307.2139868361557,297.1519878369818
2003-01-20 17:00:00,285.3290032620423,286.6661110805988
2003-01-20 18:00:00,284.31125153011095,285.77749676109283
2003-01-20 20:00:00,282.4689542655768,283.8974834847707
2003-01-20 21:00:00,281.5799298396647,283.034586925536
2003-01-21 05:00:00,296.55671771832715,292.5270223984916
2003-01-21 06:00:00,301.35603454777936,294.9685773805404
2003-01-21 08:00:00,306.64745527129327,297.87842711461894
2003-01-21 09:00:00,307.17782555155475,298.7842888266353
2003-01-21 17:00:00,286.6002605420599,287.8821792014758
2003-01-21 18:00:00,285.43840353661585,286.77502161622596
2003-01-21 20:00:00,283.6082719705873,285.15753030409616
2003-01-21 21:00:00,282.7461254431397,284.33562023944586
2003-01-22 05:00:00,299.9771807983587,294.2126951291124
2003-01-22 06:00:00,304.9659171552614,296.26107531813517
2003-01-22 08:00:00,308.04921975157845,298.1575027724444
2003-01-22 09:00:00,308.0397697648576,298.7038988486645
2003-01-22 17:00:00,286.6480864773179,288.23301840195853
2003-01-22 18:00:00,285.60296574432425,287.3413718859845
2003-01-22 20:00:00,283.4627262579826,285.3062306831724
2003-01-22 21:00:00,282.3933725930142,284.80279108408973
2003-01-23 05:00:00,299.67222992554656,294.5487017991547
2003-01-23 06:00:00,304.4759930814911,296.30631727503703
2003-01-23 08:00:00,308.2822248696914,298.5144915940765
2003-01-23 09:00:00,308.08354650182974,299.032649459016
2003-01-23 17:00:00,287.9411634730264,289.62033454883266
2003-01-23 18:00:00,286.35533544131897,288.7845237508577
2003-01-23 20:00:00,284.0488188850862,289.88175555260045
2003-01-23 21:00:00,283.27788255688586,289.8468507787296
2003-01-24 05:00:00,300.062634014018,296.1232372924617
2003-01-24 06:00:00,304.262290308031,297.7849732620874
2003-01-24 08:00:00,307.8804914712539,299.56288008256394
2003-01-24 09:00:00,307.95394074567844,300.04665862613905
2003-01-24 17:00:00,287.83438942649155,289.6087814589679
2003-01-24 18:00:00,286.3459595149765,288.29514915807226
2003-01-24 20:00:00,283.9625493594789,286.0394333661613
2003-01-24 21:00:00,283.1942304190943,285.3382453154342
2003-01-25 05:00:00,298.3922391870907,295.1970249170148
2003-01-25 06:00:00,303.31204541034435,297.52482931786585
2003-01-25 08:00:00,309.02742589824186,299.6414975253019
2003-01-25 09:00:00,309.91583385967147,300.25531459626137
2003-01-25 17:00:00,289.84173468779346,291.2662343170684
2003-01-25 18:00:00,288.94694946947374,290.38338680884505
2003-01-25 20:00:00,287.6912300568332,289.06447616600656
2003-01-25 21:00:00,287.19104965515606,288.49201967683155
2003-01-26 05:00:00,295.4469712878964,293.7361344394772
2003-01-26 06:00:00,299.0403451787305,296.12029730704245
2003-01-26 08:00:00,299.6234276864121,296.9372249891284
2003-01-26 09:00:00,301.0508035386472,297.8418226433094
2003-01-26 17:00:00,288.93231177660647,291.08254931997993
2003-01-26 18:00:00,288.0673475926756,290.3137028816118
2003-01-26 20:00:00,288.01042361031693,289.968464879299
2003-01-26 21:00:00,287.8335725052514,289.55467341677246
2003-01-27 05:00:00,296.15582014415963,295.88030324033673
2003-01-27 06:00:00,300.94227475488134,297.3787465382063
2003-01-27 08:00:00,306.6665195177075,297.87644206136696
2003-01-27 09:00:00,307.4264157946194,298.325614447219
2003-01-27 17:00:00,287.98179294956486,288.33683172616827
2003-01-27 18:00:00,287.4021812168586,287.8364871220523
2003-01-27 20:00:00,286.10482694041013,287.18053578522245
2003-01-27 21:00:00,285.6385111522234,286.5942078342056
2003-01-28 05:00:00,294.1305806493539,292.3940717229858
2003-01-28 06:00:00,301.5610269273191,294.03173564799215
2003-01-28 08:00:00,306.4280387984219,296.24117411891194
2003-01-28 09:00:00,306.239291363027,296.9052840175541
2003-01-28 17:00:00,287.21597186589645,288.024067930154
2003-01-28 18:00:00,286.4056832852827,287.2587546185463
2003-01-28 20:00:00,284.97668609854253,286.0354664101623
2003-01-28 21:00:00,284.38754926073165,285.4535844799917
2003-01-29 05:00:00,295.37139166081084,291.6568820524289
2003-01-29 06:00:00,299.91939898521764,293.35837393879706
2003-01-29 08:00:00,304.80496899997144,295.28158745670174
2003-01-29 09:00:00,305.83786180023054,295.911031126425
2003-01-29 17:00:00,286.9949266524822,288.0086892338122
2003-01-29 18:00:00,286.19129814535887,287.32212963603865
2003-01-29 20:00:00,284.8901863039367,286.13780967112865
2003-01-29 21:00:00,284.24648895028565,285.4743172009296
2003-01-30 05:00:00,296.3530712862412,293.07965626297823
2003-01-30 06:00:00,300.77578175784265,295.4940083978356
2003-01-30 08:00:00,305.672616168053,298.0223987738047
2003-01-30 09:00:00,306.1047309440531,298.8775421518758
2003-01-30 17:00:00,290.6740551729599,292.11150678684606
2003-01-30 18:00:00,290.55706678957716,292.0495679764241
2003-01-30 20:00:00,290.1879177710676,291.42743474786937
2003-01-30 21:00:00,289.35599902230894,291.2861639413702
2003-01-31 05:00:00,296.31667474826054,294.3837541248104
2003-01-31 06:00:00,298.9912687045951,295.62011662323044
2003-01-31 08:00:00,297.94867676909786,294.4274742232265
2003-01-31 09:00:00,296.0807561183747,292.13928055726507
2003-01-31 17:00:00,286.8676388921282,287.38670591286774
2003-01-31 18:00:00,286.00928660717506,286.52377378114016
2003-01-31 20:00:00,284.69280455696565,284.95125653894365
2003-01-31 21:00:00,283.79115805603874,284.1188401279538
2003-02-01 05:00:00,290.66999706391744,286.69626216565155
2003-02-01 06:00:00,295.0527511620191,288.8066501470487
2003-02-01 08:00:00,301.08754769018145,292.32320170115986
2003-02-01 09:00:00,301.6552121907427,293.10419770932896
2003-02-01 17:00:00,283.8659237007882,285.1576556424698
2003-02-01 18:00:00,283.04207257239955,284.37956221335105
2003-02-01 20:00:00,281.932087620528,283.4660686616354
2003-02-01 21:00:00,281.54452618097855,283.0143887559512
2003-02-02 05:00:00,292.0555465768776,289.09909998066433
2003-02-02 06:00:00,295.53350858291606,290.90490732060744
2003-02-02 08:00:00,299.72719464647383,292.75852416145784
2003-02-02 09:00:00,300.2773859761713,293.2803015334213
2003-02-02 17:00:00,284.0796777522436,284.90919934288934
2003-02-02 18:00:00,283.30921345903255,284.1810074675432
2003-02-02 20:00:00,281.9918538991402,283.03297619459624
2003-02-02 21:00:00,281.3976283374663,282.5189253420602
2003-02-03 05:00:00,292.0068388058702,288.4254174136969
2003-02-03 06:00:00,295.91953502120145,290.1859704768529
2003-02-03 08:00:00,300.6528940773892,292.33931187892733
2003-02-03 09:00:00,301.1523718224101,292.9649785633998
2003-02-03 17:00:00,283.42915231384376,284.26633384011006
2003-02-03 18:00:00,282.6071380474167,283.5033619179747
2003-02-03 20:00:00,281.1813495324463,282.26459259832586
2003-02-03 21:00:00,280.5589635816671,281.6915341746091
2003-02-04 05:00:00,292.5593958121419,288.74283789118925
2003-02-04 06:00:00,297.2514620224023,290.7598590116104
2003-02-04 08:00:00,303.4710351741185,293.1900324652486
2003-02-04 09:00:00,303.94207063037186,293.9887716707721
2003-02-04 17:00:00,283.65338254672906,284.7934221640941
2003-02-04 18:00:00,282.84965385824944,284.0940139605929
2003-02-04 20:00:00,281.7071216271728,283.16844438220767
2003-02-04 21:00:00,281.0631979073876,282.4981676286836
2003-02-05 05:00:00,293.9239848273561,289.98265574121694
2003-02-05 06:00:00,298.34158137105464,292.0335245940645
2003-02-05 08:00:00,304.42368543533775,294.76201153536243
2003-02-05 09:00:00,305.2806465372282,295.63060331418075
2003-02-05 17:00:00,285.1037446714146,286.72262629669143
2003-02-05 18:00:00,284.1837999199866,285.98827544272586
2003-02-05 20:00:00,282.71495281860166,284.7529427597446
2003-02-05 21:00:00,281.899206928553,283.8825592370173
2003-02-06 05:00:00,295.07569859391555,292.0297780793694
2003-02-06 06:00:00,299.1454124509462,294.19819862118857
2003-02-06 08:00:00,304.63344020285115,297.119529148096
2003-02-06 09:00:00,305.6665588519974,298.05583056903953
2003-02-06 17:00:00,286.8829295153978,288.445908157043
2003-02-06 18:00:00,285.8213078949962,287.513320052936
2003-02-06 20:00:00,284.0831803379147,286.06525758528744
2003-02-06 21:00:00,283.53230295049025,285.5292328539174
2003-02-07 05:00:00,298.58235885549584,295.1748984738013
2003-02-07 06:00:00,303.2652000109844,297.47297807173294
2003-02-07 08:00:00,307.9975069865975,299.7349561271021
2003-02-07 09:00:00,308.19275095135845,300.32385512529794
2003-02-07 17:00:00,288.4878454693294,290.14264901136215
2003-02-07 18:00:00,287.52370108441323,289.2923919254533
2003-02-07 20:00:00,286.0513774713126,288.15842558826984
2003-02-07 21:00:00,285.4191963419158,287.58202824056247
2003-02-08 05:00:00,297.33610866176326,294.09993263091803
2003-02-08 06:00:00,301.24472476153966,295.8482473928866
2003-02-08 08:00:00,306.6579329104196,297.5010086318194
2003-02-08 09:00:00,307.43500139092447,298.0296436421493
2003-02-08 17:00:00,287.9319861225428,289.1888134549322
2003-02-08 18:00:00,287.1982198048079,288.47099635707576
2003-02-08 20:00:00,286.1836713135518,287.47681926615616
2003-02-08 21:00:00,285.5933847060005,286.84135782626817
2003-02-09 05:00:00,295.8122796057185,292.11036891378865
2003-02-09 06:00:00,298.73162743049704,293.5135147024193
2003-02-09 08:00:00,305.0662940308934,295.82343939970747
2003-02-09 09:00:00,305.94201152313656,296.39952555275846
2003-02-09 17:00:00,287.59477344389506,288.7020734836949
2003-02-09 18:00:00,286.6097960391287,287.74819459606573
2003-02-09 20:00:00,285.2346866883923,286.46601634914595
2003-02-09 21:00:00,284.74223771998993,285.9592418935156
2003-02-10 05:00:00,296.3324004938863,292.2393128758035
2003-02-10 06:00:00,300.57656982609967,294.0643586568729
2003-02-10 08:00:00,306.3225843432504,296.1537246116321
2003-02-10 09:00:00,307.3967799581989,296.76871971283197
2003-02-10 17:00:00,287.17660724657526,288.45721362662056
2003-02-10 18:00:00,286.3437109243337,287.7206920512101
2003-02-10 20:00:00,284.9192344536216,286.4148005410593
2003-02-10 21:00:00,284.21564089829457,285.6651307092793
2003-02-11 05:00:00,297.73122766903265,292.9374358143388
2003-02-11 06:00:00,301.9903331691936,294.63238389025486
2003-02-11 08:00:00,307.53994398308095,296.8460310831643
2003-02-11 09:00:00,307.5850049505248,297.48218130808215
2003-02-11 17:00:00,286.26029935345997,287.8213135612029
2003-02-11 18:00:00,285.3131652267761,287.01395104735957
2003-02-11 20:00:00,283.74876859926474,285.7162166883472
2003-02-11 21:00:00,282.9617320385479,285.01923625458187
2003-02-12 05:00:00,297.89996450744536,293.03496395163984
2003-02-12 06:00:00,302.527932189095,295.06743018763086
2003-02-12 08:00:00,307.1864440635834,297.45194008096894
2003-02-12 09:00:00,307.315535229417,298.06150512225094
2003-02-12 17:00:00,287.1205873886132,288.58421864090786
2003-02-12 18:00:00,286.1483142306147,287.6910790206839
2003-02-12 20:00:00,284.3356920427461,285.92611870670174
2003-02-12 21:00:00,283.38036773164396,285.0311988395609
2003-02-13 05:00:00,301.15897506925467,294.8560019612129
2003-02-13 06:00:00,305.5886217537573,296.844490956452
2003-02-13 08:00:00,309.4907657053144,298.93810278094605
2003-02-13 09:00:00,309.54631355179845,299.56552556630095
2003-02-13 17:00:00,288.4554529880706,290.1229187152786
2003-02-13 18:00:00,286.66950624345446,289.2471726568895
2003-02-13 20:00:00,284.0395635243373,290.75442775261973
2003-02-13 21:00:00,283.19120623995605,288.6352318997376
2003-02-14 05:00:00,300.41555158382937,296.7861246305916
2003-02-14 06:00:00,304.9840375432983,298.51440511976807
2003-02-14 08:00:00,310.5910817573912,300.2600659809789
2003-02-14 09:00:00,310.9367701878717,300.75618338327746
2003-02-14 17:00:00,288.6357615842658,290.42632964946824
2003-02-14 18:00:00,287.2149997470192,289.0889696024232
2003-02-14 20:00:00,285.0549988357239,287.6152093825612
2003-02-14 21:00:00,284.37183183808173,287.06239340007767
2003-02-15 05:00:00,299.2860238144321,296.43090119677817
2003-02-15 06:00:00,304.00454817714603,298.9612900038897
2003-02-15 08:00:00,309.5474987294531,301.36391729933825
2003-02-15 09:00:00,310.762326915018,301.85673172631874
2003-02-15 17:00:00,289.3831625822329,291.36985654199066
2003-02-15 18:00:00,288.71923143948175,290.7362772937181
2003-02-15 20:00:00,288.67061054247375,290.6774922563409
2003-02-15 21:00:00,287.83287598502653,289.8964591239377
2003-02-16 05:00:00,297.5728693699066,295.89209334692345
2003-02-16 06:00:00,300.3127679810135,297.7248881711798
2003-02-16 08:00:00,305.4593413695349,301.27589317756735
2003-02-16 09:00:00,304.39639705428726,301.1944250450664
2003-02-16 17:00:00,291.5389133447492,293.40832253854336
2003-02-16 18:00:00,290.9299778166831,292.7608549943874
2003-02-16 20:00:00,290.9112805805882,292.77812709720183
2003-02-16 21:00:00,290.7650919298545,292.4660219918414
2003-02-17 05:00:00,298.50422974103043,296.8831085064011
2003-02-17 06:00:00,304.2968567552846,300.0033122387432
2003-02-17 08:00:00,304.7621716233358,300.7590017215864
2003-02-17 09:00:00,301.8953074262763,299.22058791996704
2003-02-17 17:00:00,290.5107414586518,291.01585207147116
2003-02-17 18:00:00,289.12008897402256,289.6659207101596
2003-02-17 20:00:00,287.9359965978308,288.80318301631416
2003-02-17 21:00:00,287.50080043986696,288.5696510585321
2003-02-18 05:00:00,291.98202909637126,292.54528300751156
2003-02-18 06:00:00,297.63121604037764,295.3343394181027
2003-02-18 08:00:00,298.33410030888115,295.5715614166025
2003-02-18 09:00:00,299.2370334619367,295.9088162979102
2003-02-18 17:00:00,289.3765150637399,290.3205279099004
2003-02-18 18:00:00,289.55965765672397,290.6662741074761
2003-02-18 20:00:00,288.66820658961507,289.96897899939216
2003-02-18 21:00:00,288.15440838876964,289.034688917257
2003-02-19 05:00:00,293.1039093440781,290.374764605553
2003-02-19 06:00:00,295.47593670155857,291.65618800088333
2003-02-19 08:00:00,298.5928305227694,293.69784722232674
2003-02-19 09:00:00,299.0546693258183,294.2710808517386
2003-02-19 17:00:00,283.8444732524948,285.2895912205677
2003-02-19 18:00:00,282.477533161181,284.2358184015071
2003-02-19 20:00:00,280.42878234110924,282.30259039221994
2003-02-19 21:00:00,279.89502016605326,281.80098955950865
2003-02-20 05:00:00,294.5103681708338,290.89855279907795
2003-02-20 06:00:00,298.3288369671038,292.804947299105
2003-02-20 08:00:00,303.23117025460596,294.9981568135172
2003-02-20 09:00:00,304.17848993192655,295.686981107127
2003-02-20 17:00:00,285.29928838086244,286.76215899780465
2003-02-20 18:00:00,284.43194704687653,286.0209780606356
2003-02-20 20:00:00,283.418571930637,285.15062641913795
2003-02-20 21:00:00,282.95908495604715,284.558968448492
2003-02-21 05:00:00,296.3835741228242,291.95184570688684
2003-02-21 06:00:00,300.3029152233905,293.8036919874476
2003-02-21 08:00:00,305.6827795325516,296.12891494915556
2003-02-21 09:00:00,306.25036040366336,296.9710309185857
2003-02-21 17:00:00,286.5633094446685,287.6095921967541
2003-02-21 18:00:00,285.72143018631425,286.8817652392277
2003-02-21 20:00:00,284.37893128946126,285.8147636848532
2003-02-21 21:00:00,283.68164734921214,285.12105135925015
2003-02-22 05:00:00,299.0391374302939,293.79594202732267
2003-02-22 06:00:00,303.58667093285794,295.8737557151101
2003-02-22 08:00:00,307.8293056870094,298.5215190305548
2003-02-22 09:00:00,308.03103386125144,299.1756278392163
2003-02-22 17:00:00,289.40609814095757,290.40207085513924
2003-02-22 18:00:00,288.20294281146926,289.4109047535572
2003-02-22 20:00:00,286.93832663137846,288.5961076357332
2003-02-22 21:00:00,286.5664017123323,288.27605190188933
2003-02-23 05:00:00,298.72092845664,295.6930634156214
2003-02-23 06:00:00,302.63490605758403,297.9406748155967
2003-02-23 08:00:00,307.441640022172,300.683461663903
2003-02-23 09:00:00,308.4361537469003,301.4240188481077
2003-02-23 17:00:00,289.5316918465684,291.23173059777963
2003-02-23 18:00:00,288.28456529520327,290.3178657331893
2003-02-23 20:00:00,286.66621335445456,288.9321575194184
2003-02-23 21:00:00,286.1949641105758,288.4672672171806
2003-02-24 05:00:00,300.3434013049297,296.7543554555837
2003-02-24 06:00:00,304.55506320947495,299.0943116127802
2003-02-24 08:00:00,309.5882700727607,301.4872246082465
2003-02-24 09:00:00,310.4184392567592,302.0835660396629
2003-02-24 17:00:00,291.35065334419994,292.74010560398665
2003-02-24 18:00:00,290.58593498429826,291.9857092623718
2003-02-24 20:00:00,289.4243933585098,291.05984212584417
2003-02-24 21:00:00,288.9239339255405,290.4789453162618
2003-02-25 05:00:00,300.9939431776802,296.9511921181701
2003-02-25 06:00:00,305.22529265840177,299.08869437995054
2003-02-25 08:00:00,310.9723514739097,301.65513857707776
2003-02-25 09:00:00,310.9343124648272,302.0109045090404
2003-02-25 17:00:00,292.82727123666064,294.1410999738931
2003-02-25 18:00:00,291.9979939512185,293.4392442982443
2003-02-25 20:00:00,290.5180525816461,292.4167467067348
2003-02-25 21:00:00,289.5623639169937,291.8257997627435
2003-02-26 05:00:00,303.2352538498231,299.0747275095324
2003-02-26 06:00:00,307.4591363751099,300.9866340061182
2003-02-26 08:00:00,312.77572697667387,303.6105344328564
2003-02-26 09:00:00,312.6896042787055,304.03394934796773
2003-02-26 17:00:00,293.9623756349913,295.3913826964486
2003-02-26 18:00:00,292.83128004265126,294.33299424651955
2003-02-26 20:00:00,290.6161248628825,292.4434860300026
2003-02-26 21:00:00,289.681641236292,291.6841753003043
2003-02-27 05:00:00,303.9731853467474,299.8518741178586
2003-02-27 06:00:00,308.5966682845529,301.5728788214215
2003-02-27 08:00:00,309.80262624684764,301.67247150344735
2003-02-27 09:00:00,311.227243878992,302.6999790091728
2003-02-27 17:00:00,293.9455185759416,296.2826847728852
2003-02-27 18:00:00,292.50569418508945,295.0274929757846
2003-02-27 20:00:00,290.99050534193987,292.8574479959779
2003-02-27 21:00:00,290.4330072858484,292.2993754429516
2003-02-28 05:00:00,306.380845033149,301.2593662867377
2003-02-28 06:00:00,310.1136905570243,303.17206447701244
2003-02-28 08:00:00,313.8761788296222,304.63448941505567
2003-02-28 09:00:00,314.319143756696,305.15704510281745
2003-02-28 17:00:00,293.91003338030566,295.5599938438192
2003-02-28 18:00:00,292.16290287905366,295.96189795730663
2003-02-28 20:00:00,289.84194772305955,292.3026136918502
2003-02-28 21:00:00,289.3162945716517,291.46147633039715
2003-03-01 05:00:00,305.66671769387557,301.5668195069112
2003-03-01 06:00:00,309.38102743328074,303.7518832025983
2003-03-01 08:00:00,312.71340229992506,305.84401360792447
2003-03-01 09:00:00,312.5116334747644,306.13838917595587
2003-03-01 17:00:00,295.8534193465082,297.88817503566185
2003-03-01 18:00:00,295.45360039709533,297.472267209657
2003-03-01 20:00:00,295.0237434281407,296.8328433749489
2003-03-01 21:00:00,294.3519053642849,295.9675545244261
2003-03-02 05:00:00,302.23254443904835,299.12081311994416
2003-03-02 06:00:00,305.180141102184,300.5226964024807
2003-03-02 08:00:00,308.1526190430064,301.5521835773862
2003-03-02 09:00:00,308.26961433869116,301.7605273888916
2003-03-02 17:00:00,291.71898026899856,292.97855237305436
2003-03-02 18:00:00,290.62810992459856,291.9937671020696
2003-03-02 20:00:00,289.0048367775093,290.5453846230529
2003-03-02 21:00:00,288.1438211637947,289.593657060103
2003-03-03 05:00:00,296.6650732948527,291.70361835967594
2003-03-03 06:00:00,299.90942302874316,293.2677485579151
2003-03-03 08:00:00,302.6683498435469,294.9275982684825
2003-03-03 09:00:00,302.43541972626156,295.1465800892223
2003-03-03 17:00:00,284.58509351733284,286.07701425890343
2003-03-03 18:00:00,283.8104639743987,285.34543890578357
2003-03-03 20:00:00,282.96850964468325,284.6996289739624
2003-03-03 21:00:00,282.29162414268643,283.9037907252143
2003-03-04 05:00:00,296.9484953564378,290.83219926125827
2003-03-04 06:00:00,299.7945748727384,292.3844554178152
2003-03-04 08:00:00,303.1174049083551,294.3085105202415
2003-03-04 09:00:00,303.41552353493057,294.967961245215
2003-03-04 17:00:00,283.8198515388008,285.488544810902
2003-03-04 18:00:00,282.65806403255607,284.534450160704
2003-03-04 20:00:00,280.51682007588295,282.68231654938637
2003-03-04 21:00:00,279.6754734644721,281.93481057377187
2003-03-05 05:00:00,297.079450845351,290.986684014507
2003-03-05 06:00:00,301.9285077534398,293.4413496349552
2003-03-05 08:00:00,307.6590080084896,296.67869097646474
2003-03-05 09:00:00,308.1933720945761,297.5456914211091
2003-03-05 17:00:00,286.1976308719771,287.91758946681796
2003-03-05 18:00:00,284.9151090319241,286.87706379236533
2003-03-05 20:00:00,282.22092547071367,285.44329770504055
2003-03-05 21:00:00,281.25842934066236,285.25429808817955
2003-03-06 05:00:00,303.2807065849128,295.5473826309933
2003-03-06 06:00:00,307.5767090831222,297.3299624262312
2003-03-06 08:00:00,311.8896321207055,299.9221439449739
2003-03-06 09:00:00,312.154237791276,300.69145007493506
2003-03-06 17:00:00,288.45134811518926,290.49590312093727
2003-03-06 18:00:00,286.3657289337487,290.5260067603254
2003-03-06 20:00:00,283.66289763604914,287.5504155798208
2003-03-06 21:00:00,282.85284804710074,286.2640459386887
2003-03-07 05:00:00,302.9254784488532,296.86103851365385
2003-03-07 06:00:00,307.33367139349,298.70095112805006
2003-03-07 08:00:00,311.70110705453556,300.8890770205364
2003-03-07 09:00:00,311.329596450406,301.27171878197527
2003-03-07 17:00:00,289.3503741248179,291.2086878043294
2003-03-07 18:00:00,288.16162433829993,290.2696091191978
2003-03-07 20:00:00,286.02663293494646,288.2725764011565
2003-03-07 21:00:00,284.9361511371536,287.2793141087325
2003-03-08 05:00:00,304.39467622025177,297.40213767405834
2003-03-08 06:00:00,309.34282219979355,299.1743484050357
2003-03-08 08:00:00,313.19548551915057,301.47438693524145
2003-03-08 09:00:00,313.26685381449977,302.0942523879888
2003-03-08 17:00:00,290.1281547840277,291.68679391070395
2003-03-08 18:00:00,288.8948581031364,290.6643216172793
2003-03-08 20:00:00,286.80979738397116,289.00183239482766
2003-03-08 21:00:00,285.96539290182767,288.3194381173109
2003-03-09 05:00:00,300.2316668118093,297.6708969327812
2003-03-09 06:00:00,304.88187999754734,300.2272638870498
2003-03-09 08:00:00,310.77248433117506,303.50776787568316
2003-03-09 09:00:00,311.02196717813314,303.9501597400072
2003-03-09 17:00:00,289.16992808196505,294.0203654284837
2003-03-09 18:00:00,287.83086553964483,291.64031714393843
2003-03-09 20:00:00,286.0933060844433,289.4639760209893
2003-03-09 21:00:00,285.52860557426845,288.5731440516209
2003-03-10 05:00:00,304.6571143904158,298.99655452310947
2003-03-10 06:00:00,310.271136926025,301.5653019509808
2003-03-10 08:00:00,313.831256931111,303.9604180898799
2003-03-10 09:00:00,313.03340854262717,304.11937898186216
2003-03-10 17:00:00,291.8600385339675,293.34237826072564
2003-03-10 18:00:00,290.9703313419007,292.507339171893
2003-03-10 20:00:00,289.4937080888792,290.9888386072474
2003-03-10 21:00:00,288.922245631049,290.29666748987324
2003-03-11 05:00:00,301.0947625111725,295.16009067717613
2003-03-11 06:00:00,305.4144028720944,297.06647031810513
2003-03-11 08:00:00,310.58539316797476,299.21221789814103
2003-03-11 09:00:00,309.3854445823352,299.4250251758264
2003-03-11 17:00:00,290.5207985758965,291.6798421098565
2003-03-11 18:00:00,289.2198453647514,290.6852803516829
2003-03-11 20:00:00,287.4395828129514,289.4695482533224
2003-03-11 21:00:00,286.7354796046653,288.90000144358964
2003-03-12 05:00:00,302.7479986534648,297.09597625497315
2003-03-12 06:00:00,306.3291054653644,298.44565839723373
2003-03-12 08:00:00,311.98082170060314,300.4965548052443
2003-03-12 09:00:00,312.77334916830426,301.229109659768
2003-03-12 17:00:00,290.42350486908197,292.12260573376864
2003-03-12 18:00:00,289.21821326210244,291.21390226625704
2003-03-12 20:00:00,287.17770724303915,289.66023806908464
2003-03-12 21:00:00,286.578384493459,289.1529259586187
2003-03-13 05:00:00,305.31960032129507,298.7418242279664
2003-03-13 06:00:00,309.72338871889747,300.1092669188701
2003-03-13 08:00:00,314.48234198383636,301.8099284590852
2003-03-13 09:00:00,314.56913164841194,302.45775915771867
2003-03-13 17:00:00,292.25367741518653,293.5949281242853
2003-03-13 18:00:00,291.1638279754686,292.76958624276983
2003-03-13 20:00:00,289.9722434633135,291.70547809806556
2003-03-13 21:00:00,289.2292550061994,291.01257846168085
2003-03-14 05:00:00,304.8938015319166,299.55602223259643
2003-03-14 06:00:00,309.0533384255525,301.21668127027607
2003-03-14 08:00:00,315.2262034364768,303.3432356212834
2003-03-14 09:00:00,315.84359118163314,303.9294854915014
2003-03-14 17:00:00,293.33435949669416,294.5815170593732
2003-03-14 18:00:00,291.664964625942,294.36496192685263
2003-03-14 20:00:00,289.56582665112796,294.5539086434434
2003-03-14 21:00:00,289.0597671250166,294.3456398562768
2003-03-15 05:00:00,304.7873324260506,301.05303078109205
2003-03-15 06:00:00,308.97246679649885,302.8220899490803
2003-03-15 08:00:00,315.1810855718533,304.72044139797407
2003-03-15 09:00:00,315.8122922312497,305.14166175125195
2003-03-15 17:00:00,295.3907324228154,296.41801628970956
2003-03-15 18:00:00,293.2381871110302,295.1185057982458
2003-03-15 20:00:00,290.3886991010058,292.81371668270447
2003-03-15 21:00:00,289.4215449493361,291.5714404748291
2003-03-16 05:00:00,308.3835122647748,302.1681070195508
2003-03-16 06:00:00,312.44520249094916,303.8914172579585
2003-03-16 08:00:00,314.9479602643264,304.7495897760376
2003-03-16 09:00:00,314.5856948405826,304.9618200175751
2003-03-16 17:00:00,292.6838365269736,294.3804442607016
2003-03-16 18:00:00,290.9770012665971,293.07281599941166
2003-03-16 20:00:00,289.3367690922483,292.17618289236293
2003-03-16 21:00:00,289.073692639179,291.9028084494851
2003-03-17 05:00:00,306.88971530344156,301.8456478265842
2003-03-17 06:00:00,311.32205141417234,303.0619696806686
2003-03-17 08:00:00,317.5676894694888,304.9231174510139
2003-03-17 09:00:00,317.4834582500722,305.35062033443126
2003-03-17 17:00:00,294.14620299258473,295.52277438923466
2003-03-17 18:00:00,293.14391697206185,294.7268293759856
2003-03-17 20:00:00,292.1870448460748,293.9357449806343
2003-03-17 21:00:00,291.73527432810545,293.2927216704711
2003-03-18 05:00:00,305.3405967912248,301.1137505811976
2003-03-18 06:00:00,309.161233581637,303.1136658467203
2003-03-18 08:00:00,312.8318928628931,305.21998104806676
2003-03-18 09:00:00,314.2359892341132,305.8876737762122
2003-03-18 17:00:00,295.07434039711035,296.1058454234354
2003-03-18 18:00:00,293.4937757071802,295.0540538723186
2003-03-18 20:00:00,292.415058177131,294.3182288641555
2003-03-18 21:00:00,291.96204318618186,293.8370836960333
2003-03-19 05:00:00,306.1865455380574,301.7842423919537
2003-03-19 06:00:00,310.35999503818977,303.4558484469797
2003-03-19 08:00:00,315.8050403330469,304.5444342050421
2003-03-19 09:00:00,316.79058640396283,304.964172433815
2003-03-19 17:00:00,295.08416632841846,296.1965530701154
2003-03-19 18:00:00,294.0697091782957,295.4194696129563
2003-03-19 20:00:00,291.90638942160115,293.49769303097014
2003-03-19 21:00:00,291.0677953875855,292.73944696035517
2003-03-20 05:00:00,307.7651954262944,301.8364381011351
2003-03-20 06:00:00,312.1859593325293,303.23289858872425
2003-03-20 08:00:00,317.9806848182149,305.526225438287
2003-03-20 09:00:00,317.6268143146909,305.90290881893117
2003-03-20 17:00:00,294.97398849040593,296.6855825180266
2003-03-20 18:00:00,293.67958369791415,295.57773908665075
2003-03-20 20:00:00,290.81390552491365,295.88891949528727
2003-03-20 21:00:00,289.7780753960044,294.24265102392354
2003-03-21 05:00:00,309.2881680622306,303.5514346271156
2003-03-21 06:00:00,313.24507362118857,305.0178048673139
2003-03-21 08:00:00,318.8249024566039,307.03216028433917
2003-03-21 09:00:00,319.22487980118154,307.4253484082332
2003-03-21 17:00:00,295.9111396072458,297.30734041328606
2003-03-21 18:00:00,294.75290398972425,296.4135254329453
2003-03-21 20:00:00,292.57384614400763,294.79206088731763
2003-03-21 21:00:00,291.82610268144657,294.22510924728704
2003-03-22 05:00:00,308.89921191293394,304.55666890901114
2003-03-22 06:00:00,312.8279038768703,306.53351413156656
2003-03-22 08:00:00,317.4701562772731,308.58488889908756
2003-03-22 09:00:00,318.62062893295877,309.00362188165843
2003-03-22 17:00:00,295.309097384084,297.3674225417785
2003-03-22 18:00:00,293.5857385479614,296.57897434322786
2003-03-22 20:00:00,291.7585972108533,294.55485840313975
2003-03-22 21:00:00,291.95735262501955,294.6883037784618
2003-03-23 05:00:00,307.48471739406034,303.371817425697
2003-03-23 06:00:00,311.932669147321,305.6241019650123
2003-03-23 08:00:00,316.7268249323629,307.78542587679965
2003-03-23 09:00:00,317.34545077895535,308.20702330320387
2003-03-23 17:00:00,296.77205198314414,298.37692942567895
2003-03-23 18:00:00,295.5142035814941,297.31709289550787
2003-03-23 20:00:00,293.5803664902509,295.50387239382707
2003-03-23 21:00:00,292.90603282675715,294.84259242453084
2003-03-24 05:00:00,308.5810561687076,303.94134338096774
2003-03-24 06:00:00,312.53804088998106,305.73515489105085
2003-03-24 08:00:00,317.7188463725368,307.69638675166567
2003-03-24 09:00:00,319.0990884366498,308.1830165492735
2003-03-24 17:00:00,296.4310202341417,298.01962698773355
2003-03-24 18:00:00,295.4303555246127,297.10915770920104
2003-03-24 20:00:00,294.2847013546983,296.31758684296454
2003-03-24 21:00:00,293.7964004257978,295.6840797506606
2003-03-25 05:00:00,309.4780094046806,303.949144619088
2003-03-25 06:00:00,313.67504236253643,305.2722436937235
2003-03-25 08:00:00,319.84993832063606,307.1975582457838
2003-03-25 09:00:00,319.7061086927981,307.73340170556116
2003-03-25 17:00:00,296.70553447799796,298.47971479183724
2003-03-25 18:00:00,295.5513974323478,297.4339488871476
2003-03-25 20:00:00,294.038289709341,296.16108066458924
2003-03-25 21:00:00,293.5064967879897,295.20093958403555
2003-03-26 05:00:00,310.446140001294,303.21408297358016
2003-03-26 06:00:00,315.92629513498076,304.9574162699225
2003-03-26 08:00:00,320.3070048139717,306.917852322383
2003-03-26 09:00:00,319.5599633732636,307.4478846286956
2003-03-26 17:00:00,296.53820215351595,297.8571278670536
2003-03-26 18:00:00,295.5157696646058,297.00354509397727
2003-03-26 20:00:00,293.79832272757375,295.53265251547606
2003-03-26 21:00:00,292.909246388863,294.6760200535755
2003-03-27 05:00:00,310.06506211291105,303.2342324514051
2003-03-27 06:00:00,315.03344047087916,304.7243482827773
2003-03-27 08:00:00,320.223955950862,306.80963435709384
2003-03-27 09:00:00,320.15687974832827,307.42280830183455
2003-03-27 17:00:00,296.52149490803157,298.6110716644899
2003-03-27 18:00:00,294.84245521298544,299.06387792272824
2003-03-27 20:00:00,292.93294044341803,295.31316061857484
2003-03-27 21:00:00,292.39747067114973,294.68424021481366
2003-03-28 05:00:00,309.92503683739704,304.9750482121308
2003-03-28 06:00:00,314.03386047551373,307.0333976099047
2003-03-28 08:00:00,318.0958682443769,308.8100414775737
2003-03-28 09:00:00,317.7965549886319,308.9840702003985
2003-03-28 17:00:00,297.47059229305603,299.5261899598391
2003-03-28 18:00:00,296.5732579870474,298.88007377071995
2003-03-28 20:00:00,295.7648455791738,298.1758876383213
2003-03-28 21:00:00,295.46225250667345,297.9043228549105
2003-03-29 05:00:00,309.0302053489744,304.0343496266793
2003-03-29 06:00:00,313.2348034451665,306.1134477330283
2003-03-29 08:00:00,318.0465928887366,307.9163668827945
2003-03-29 09:00:00,318.25128702830835,308.4741095497355
2003-03-29 17:00:00,298.5523373173271,299.71315449154804
2003-03-29 18:00:00,297.75794543250134,299.05333367628384
2003-03-29 20:00:00,297.0400974643984,298.42215819278005
2003-03-29 21:00:00,296.71030803380654,297.98741046452926
2003-03-30 05:00:00,310.23880237644005,304.13777755478685
2003-03-30 06:00:00,314.48394796550735,305.7316388099329
2003-03-30 08:00:00,315.93803175351655,306.56175250742575
2003-03-30 09:00:00,314.49793080005145,306.53844027526577
2003-03-30 17:00:00,297.6732931974673,298.8054446556903
2003-03-30 18:00:00,296.75757219170566,298.0719319300953
2003-03-30 20:00:00,295.227566006371,296.8247901434524
2003-03-30 21:00:00,294.62732220430775,296.0757682812049
2003-03-31 05:00:00,310.686076747618,303.03231324840954
2003-03-31 06:00:00,316.0101018120953,304.854551670915
2003-03-31 08:00:00,320.2367115461588,307.15075711807225
2003-03-31 09:00:00,319.2769459869902,307.59202105458974
2003-03-31 17:00:00,297.15770101914603,299.1949150426362
2003-03-31 18:00:00,295.5867293582675,299.43247950573004
2003-03-31 20:00:00,293.443350934468,295.87688416655885
2003-03-31 21:00:00,292.99043165774117,295.320949137119
2003-04-01 05:00:00,311.8036821127306,305.9388698583759
2003-04-01 06:00:00,316.0293184818215,307.9239619509281
2003-04-01 08:00:00,317.7802228178192,308.90738975395595
2003-04-01 09:00:00,317.53530288954914,309.07751015779235
2003-04-01 17:00:00,297.85273874338674,299.4573547410304
2003-04-01 18:00:00,296.7560763131305,298.5098205942586
2003-04-01 20:00:00,294.90336808732184,296.65559373100297
2003-04-01 21:00:00,293.8803319240388,295.575310823179
2003-04-02 05:00:00,312.04593927650865,306.24715902037536
2003-04-02 06:00:00,316.3084184972825,308.0250248842872
2003-04-02 08:00:00,320.3873827777034,310.11409353952746
2003-04-02 09:00:00,320.01779795501193,310.46002556987463
2003-04-02 17:00:00,299.2408388722659,301.23246076257647
2003-04-02 18:00:00,298.52056242909015,300.7087315587307
2003-04-02 20:00:00,298.1661704934801,300.6655052196814
2003-04-02 21:00:00,297.76899841496686,300.12973598486104
2003-04-03 05:00:00,312.0216288280047,307.52948538805197
2003-04-03 06:00:00,315.89247568656555,309.0136543121103
2003-04-03 08:00:00,319.9510094123923,310.6346329511222
2003-04-03 09:00:00,319.56057193797255,310.6967372571008
2003-04-03 17:00:00,297.18542837839465,299.1678690153572
2003-04-03 18:00:00,295.81224513825356,298.09418740294564
2003-04-03 20:00:00,294.86721928718464,297.36925862786956
2003-04-03 21:00:00,294.41288907796104,296.57299362676355
2003-04-04 05:00:00,312.3839216658441,305.6613208553273
2003-04-04 06:00:00,315.50324476150956,307.0527911076009
2003-04-04 08:00:00,318.4293921989359,308.6571112399109
2003-04-04 09:00:00,318.0952522501189,308.84828851402995
2003-04-04 17:00:00,296.50130807086015,298.587033640622
2003-04-04 18:00:00,295.1935847771737,297.60681892947537
2003-04-04 20:00:00,294.02302306752733,296.8393743482687
2003-04-04 21:00:00,294.0890971743638,296.2115214484499
2003-04-05 05:00:00,307.43229964481117,302.0227486679477
2003-04-05 06:00:00,311.74636234230553,304.25725873997106
2003-04-05 08:00:00,315.5502716675745,306.65060156776656
2003-04-05 09:00:00,316.8649716134799,307.3014672371934
2003-04-05 17:00:00,297.2123043489383,299.0291854082528
2003-04-05 18:00:00,295.69438432361386,297.5425641452219
2003-04-05 20:00:00,295.3352073587144,297.3241388353251
2003-04-05 21:00:00,295.4271206848427,296.83693907845003
2003-04-06 05:00:00,309.96781848501905,304.0905473706167
2003-04-06 06:00:00,313.77566674089945,305.6808580536688
2003-04-06 08:00:00,319.9468708949391,307.59932408972037
2003-04-06 09:00:00,321.0217057567532,308.0173641492847
2003-04-06 17:00:00,297.95460122318593,299.36322914911165
2003-04-06 18:00:00,296.9598248544937,298.5162122635334
2003-04-06 20:00:00,295.5288984301645,297.1297110159335
2003-04-06 21:00:00,294.76742257469425,296.2788036799027
2003-04-07 05:00:00,312.94510762313115,305.5402566824562
2003-04-07 06:00:00,317.4429939399332,306.81479836391924
2003-04-07 08:00:00,321.59954624734416,308.56794223873567
2003-04-07 09:00:00,321.0320997899413,309.01137837790566
2003-04-07 17:00:00,297.2623700816385,299.1149815117082
2003-04-07 18:00:00,295.93077164989404,298.09175460180626
2003-04-07 20:00:00,293.62699951265927,296.2125419299298
2003-04-07 21:00:00,292.6894501860961,295.2250796231356
2003-04-08 05:00:00,316.3446892031536,306.35261629689455
2003-04-08 06:00:00,319.5491333242925,307.58006707472134
2003-04-08 08:00:00,321.87967012990237,309.8256782802118
2003-04-08 09:00:00,320.93985166388046,310.1369803594698
2003-04-08 17:00:00,296.75096873326,300.61205410479766
2003-04-08 18:00:00,294.7467075812247,300.3749949450853
2003-04-08 20:00:00,292.55699479818713,297.59815290124834
2003-04-08 21:00:00,291.8639302540266,296.34265961962967
2003-04-09 05:00:00,316.52829195795516,308.37913306284764
2003-04-09 06:00:00,320.0401431232095,309.62341360318464
2003-04-09 08:00:00,322.9961481314778,311.055087214442
2003-04-09 09:00:00,322.6970816731269,311.33639434673387
2003-04-09 17:00:00,298.77216370851494,301.08997404924344
2003-04-09 18:00:00,297.64386762198757,300.22290659759005
2003-04-09 20:00:00,295.7602965321122,298.5773769431562
2003-04-09 21:00:00,294.72749295697554,297.54603745941023
2003-04-10 05:00:00,314.2033371653505,308.6766499899937
2003-04-10 06:00:00,317.94315130060374,310.1619738562633
2003-04-10 08:00:00,323.0498955348975,311.79699777564946
2003-04-10 09:00:00,323.3274379783125,312.10921879137976
2003-04-10 17:00:00,300.0758229448175,301.94454128459347
2003-04-10 18:00:00,298.7728806129773,300.8342281394453
2003-04-10 20:00:00,295.68029858041064,301.7154780359959
2003-04-10 21:00:00,294.53664204225703,298.6961488885394
2003-04-11 05:00:00,315.06891040772615,309.32246829181315
2003-04-11 06:00:00,318.7365540914433,310.95017417590316
2003-04-11 08:00:00,322.4776935312891,312.17738680846884
2003-04-11 09:00:00,322.37058898737695,312.2699546637631
2003-04-11 17:00:00,299.99768903406084,302.0002442581812
2003-04-11 18:00:00,299.0929767626276,301.15550671593616
2003-04-11 20:00:00,298.3914467645537,300.5880094507626
2003-04-11 21:00:00,298.10548972201826,300.2373560595403
2003-04-12 05:00:00,311.6285981118036,307.574184682226
2003-04-12 06:00:00,313.8448620812368,308.7450125860323
2003-04-12 08:00:00,317.7815096345264,310.80122984429175
2003-04-12 09:00:00,318.4866265295467,311.1168412971203
2003-04-12 17:00:00,298.8109194339699,300.6195762175808
2003-04-12 18:00:00,297.34528603575814,299.62833937070405
2003-04-12 20:00:00,296.30039098707294,298.84915591388346
2003-04-12 21:00:00,296.1514122115078,298.67695389616836
2003-04-13 05:00:00,310.49683966732175,305.362205140947
2003-04-13 06:00:00,314.2551692498299,307.2381126744722
2003-04-13 08:00:00,318.91109105655335,309.61595471210217
2003-04-13 09:00:00,319.2284548249561,310.0226529302142
2003-04-13 17:00:00,299.35129846887344,300.41401079880256
2003-04-13 18:00:00,297.9074113372662,299.2219868617359
2003-04-13 20:00:00,295.99722955406907,297.7306054207871
2003-04-13 21:00:00,295.2511221910662,297.00389842076
2003-04-14 05:00:00,311.8907976664821,304.9674105181349
2003-04-14 06:00:00,315.63014808972184,306.2987433905227
2003-04-14 08:00:00,318.90951347644966,308.2835639518656
2003-04-14 09:00:00,318.549215942759,308.5321852532668
2003-04-14 17:00:00,298.877689708363,300.0313937241565
2003-04-14 18:00:00,298.11668299600046,299.311656134889
2003-04-14 20:00:00,296.9078861700919,298.2996282357097
2003-04-14 21:00:00,296.3200672543471,297.778948509087
2003-04-15 05:00:00,311.74251139072135,305.2762122014638
2003-04-15 06:00:00,315.8344897724263,306.58502051495987
2003-04-15 08:00:00,320.4843244038304,308.98549721457744
2003-04-15 09:00:00,320.1504929693895,309.48546657944314
2003-04-15 17:00:00,301.648484169794,302.713658431278
2003-04-15 18:00:00,300.7602217193745,302.0004565645991
2003-04-15 20:00:00,299.02819737227196,300.13123828200236
2003-04-15 21:00:00,298.37381881925467,299.5980810509257
2003-04-16 05:00:00,312.29558080076623,305.88499765734093
2003-04-16 06:00:00,315.836980763863,307.5415333423115
2003-04-16 08:00:00,319.1020570117263,309.0464298383481
2003-04-16 09:00:00,319.99667104477146,309.660275522476
2003-04-16 17:00:00,300.3454882323466,301.8035464294152
2003-04-16 18:00:00,299.20791795257435,300.8439061615978
2003-04-16 20:00:00,298.13901871268297,300.1354348251743
2003-04-16 21:00:00,297.56153980131694,299.4272240637263
2003-04-17 05:00:00,314.6252079098177,307.7229272404511
2003-04-17 06:00:00,318.91664932321515,308.92582387586225
2003-04-17 08:00:00,323.45274700993565,310.38541900211567
2003-04-17 09:00:00,323.3810513912254,310.92209983790417
2003-04-17 17:00:00,300.60368871468427,302.08769461186534
2003-04-17 18:00:00,299.6720807232732,301.3196171083142
2003-04-17 20:00:00,298.41942778647586,300.3448242516657
2003-04-17 21:00:00,297.7250261585959,299.68733316430325
2003-04-18 05:00:00,316.07330566782434,308.65668425244064
2003-04-18 06:00:00,319.342638200898,309.8300455384336
2003-04-18 08:00:00,323.07902926546404,311.53866464294526
2003-04-18 09:00:00,322.56442493503374,311.9413669627326
2003-04-18 17:00:00,301.7626888234002,302.8977485033691
2003-04-18 18:00:00,300.8122595976608,302.10992062514293
2003-04-18 20:00:00,300.4090326717712,301.88236040253486
2003-04-18 21:00:00,300.2016428990063,301.50549654967983
2003-04-19 05:00:00,309.10617145367877,303.34185297279765
2003-04-19 06:00:00,312.5273850122108,305.0385696105487
2003-04-19 08:00:00,316.4894985204853,307.0773932599507
2003-04-19 09:00:00,316.42422396008885,307.49214447444683
2003-04-19 17:00:00,299.06650462099145,300.2876278681821
2003-04-19 18:00:00,298.05308915947916,299.32839117064873
2003-04-19 20:00:00,296.52236585808095,297.91369645364114
2003-04-19 21:00:00,295.4897044318483,296.8367318974805
2003-04-20 05:00:00,312.90093213567746,305.4447339121109
2003-04-20 06:00:00,317.5227197726445,306.8132479392876
2003-04-20 08:00:00,320.96307878538346,308.70689474379157
2003-04-20 09:00:00,320.36637986569633,309.08109973501905
2003-04-20 17:00:00,298.99752628931833,300.3394051950041
2003-04-20 18:00:00,298.0237507166223,299.49216664553796
2003-04-20 20:00:00,296.77744355517655,298.33654145650763
2003-04-20 21:00:00,296.031071855401,297.60144301592294
2003-04-21 05:00:00,313.9162093810565,306.2950649878644
2003-04-21 06:00:00,318.60631602423956,307.5686914241185
2003-04-21 08:00:00,322.30373983280316,309.32785518511054
2003-04-21 09:00:00,321.61463469753653,309.6905952065678
2003-04-21 17:00:00,298.6245123770645,300.15966385428453
2003-04-21 18:00:00,297.5289161811441,299.3005496878837
2003-04-21 20:00:00,296.3702601828083,298.43460141785886
2003-04-21 21:00:00,295.84794746010994,297.78403083789516
2003-04-22 05:00:00,313.89242899326035,306.3896411019959
2003-04-22 06:00:00,318.4234548842044,307.7900415311793
2003-04-22 08:00:00,323.40628975749206,310.22178572315283
2003-04-22 09:00:00,322.77937982262375,310.7815387649419
2003-04-22 17:00:00,299.23732812819753,301.10035580956884
2003-04-22 18:00:00,298.0959896328637,300.25227685114265
2003-04-22 20:00:00,296.24715194349477,298.7179348891248
2003-04-22 21:00:00,295.6893462899654,298.16260858897255
2003-04-23 05:00:00,318.3933514329061,308.7524422291431
2003-04-23 06:00:00,321.4855359845977,309.9796035837136
2003-04-23 08:00:00,324.4689145551073,311.7428393723968
2003-04-23 09:00:00,324.2803800609336,312.1393387005399
2003-04-23 17:00:00,300.3305446818724,302.2260358013982
2003-04-23 18:00:00,299.15352250908853,301.3947956102839
2003-04-23 20:00:00,297.4399763439396,299.97275574953056
2003-04-23 21:00:00,296.8509720389392,299.43439757548424
2003-04-24 05:00:00,314.1857158972412,308.6520805182553
2003-04-24 06:00:00,318.47285296847167,310.447409090533
2003-04-24 08:00:00,323.25496714728644,312.359204778686
2003-04-24 09:00:00,323.6529703243121,312.77005714921995
2003-04-24 17:00:00,300.7422138796014,302.17181822037657
2003-04-24 18:00:00,299.5718053691376,301.1830680388699
2003-04-24 20:00:00,298.04131602800135,299.9753247982548
2003-04-24 21:00:00,297.368315357273,299.33773349944175
2003-04-25 05:00:00,313.1617321608063,307.1149163855977
2003-04-25 06:00:00,317.4966967660584,309.2078368153153
2003-04-25 08:00:00,321.95592859676697,311.6680413526821
2003-04-25 09:00:00,322.17187894988683,312.2625476854792
2003-04-25 17:00:00,300.9241776664746,302.43546352768533
2003-04-25 18:00:00,299.98685113233853,301.65785459450836
2003-04-25 20:00:00,298.96375257024783,300.9766245226279
2003-04-25 21:00:00,298.4576543446498,300.43194711741023
2003-04-26 05:00:00,314.55846533165504,308.4516888869745
2003-04-26 06:00:00,318.56852273103453,310.1589778670912
2003-04-26 08:00:00,321.94868426918066,312.0814733284831
2003-04-26 09:00:00,321.77917955395617,312.4519050492344
2003-04-26 17:00:00,301.1245020791452,302.40601484066536
2003-04-26 18:00:00,299.6695512909736,301.2503490947612
2003-04-26 20:00:00,296.29588331977834,298.5813588522983
2003-04-26 21:00:00,295.3442847394429,297.9356058411679
2003-04-27 05:00:00,316.9462322123429,308.45411146072837
2003-04-27 06:00:00,321.95906948565704,309.715464117347
2003-04-27 08:00:00,323.7254231692463,310.82533099581536
2003-04-27 09:00:00,323.09681859185406,311.176150964111
2003-04-27 17:00:00,299.445256778382,301.1062763607925
2003-04-27 18:00:00,297.37056493538734,299.55643682964785
2003-04-27 20:00:00,296.33892808158885,299.267422551183
2003-04-27 21:00:00,296.2530685683429,298.7273887316876
2003-04-28 05:00:00,318.5194025024979,308.5941303176763
2003-04-28 06:00:00,321.7080312531976,310.020602069026
2003-04-28 08:00:00,323.49057183170174,312.225879804379
2003-04-28 09:00:00,322.3348295097175,312.30278306675984
2003-04-28 17:00:00,300.6601292355953,302.40986221854234
2003-04-28 18:00:00,299.7618727015421,301.5592839221925
2003-04-28 20:00:00,298.527020094391,300.33294148731676
2003-04-28 21:00:00,297.7522121952569,299.4099827371136
2003-04-29 05:00:00,317.0563046495059,308.2862029229915
2003-04-29 06:00:00,322.2894758509561,309.853671904154
2003-04-29 08:00:00,325.4492538522682,311.7757632780149
2003-04-29 09:00:00,324.4849945444539,312.268271706321
2003-04-29 17:00:00,300.9836694514623,302.66541801652477
2003-04-29 18:00:00,299.82575316348317,301.7070605214829
2003-04-29 20:00:00,298.2588088824679,300.3814630023504
2003-04-29 21:00:00,297.6562955882773,299.77577910107345
2003-04-30 05:00:00,315.850243472906,309.2505121451497
2003-04-30 06:00:00,320.0330064770621,310.7042016027889
2003-04-30 08:00:00,326.88396212867303,313.4146206096067
2003-04-30 09:00:00,327.063277163748,314.0510124124254
2003-04-30 17:00:00,302.14425889589756,303.81278773044767
2003-04-30 18:00:00,300.56413325469924,302.36697237223433
2003-04-30 20:00:00,297.9966398923901,300.1690852983707
2003-04-30 21:00:00,297.0219616294826,299.3138992003925
2003-05-01 05:00:00,316.62427585407846,310.17442806108704
2003-05-01 06:00:00,320.75678089770776,312.0732266935986
2003-05-01 08:00:00,324.5672790574366,314.60566093080405
2003-05-01 09:00:00,324.3251756335995,314.98432525023475
2003-05-01 17:00:00,303.62054314047606,305.3213907250638
2003-05-01 18:00:00,302.75697242019726,304.5820168376153
2003-05-01 20:00:00,301.77555423965805,303.7503523863336
2003-05-01 21:00:00,301.2875229845796,303.2323826582663
2003-05-02 05:00:00,312.48223646543056,308.1151194285906
2003-05-02 06:00:00,315.59713660476757,309.93909227462325
2003-05-02 08:00:00,318.57649127507614,311.8301064090112
2003-05-02 09:00:00,318.483706740275,311.8763835184012
2003-05-02 17:00:00,303.1124496577517,304.3231408540934
2003-05-02 18:00:00,302.6006280226039,303.9380107814983
2003-05-02 20:00:00,301.78856646004374,303.0927202080725
2003-05-02 21:00:00,301.01248867228884,302.1276760483376
2003-05-03 05:00:00,311.129301285707,305.10787437215606
2003-05-03 06:00:00,314.32782534935814,306.6506975171011
2003-05-03 08:00:00,316.426518139009,308.15513843601036
2003-05-03 09:00:00,316.2709513283658,308.5535705519384
2003-05-03 17:00:00,297.4131978979831,299.12334713693394
2003-05-03 18:00:00,296.07265974376895,297.97165027494975
2003-05-03 20:00:00,294.0398396402368,296.4321849805365
2003-05-03 21:00:00,293.05000192321876,295.4267373342176
2003-05-04 05:00:00,314.0390635344942,306.03961858764086
2003-05-04 06:00:00,317.4496020300914,307.7863365138073
2003-05-04 08:00:00,319.6433213855526,309.50567815042973
2003-05-04 09:00:00,319.39673622730885,309.8806571078778
2003-05-04 17:00:00,298.39302690738157,300.65791765163056
2003-05-04 18:00:00,297.6448623821805,300.08342885162875
2003-05-04 20:00:00,296.5040607423004,298.9812331236382
2003-05-04 21:00:00,295.78621627737084,298.07985646111206
2003-05-05 05:00:00,313.97250589567636,306.62548480158773
2003-05-05 06:00:00,317.481213985496,308.6136259951834
2003-05-05 08:00:00,321.02964204338554,310.2678785515125
2003-05-05 09:00:00,320.7717712355322,310.6278613168396
2003-05-05 17:00:00,297.95776049785877,299.9725635217041
2003-05-05 18:00:00,296.927561708518,299.20702323267017
2003-05-05 20:00:00,296.5395228734186,298.9816379635286
2003-05-05 21:00:00,296.13214381707286,298.3096006184771
2003-05-06 05:00:00,313.89099694767793,307.9512223771247
2003-05-06 06:00:00,317.46269303661285,309.2754518247349
2003-05-06 08:00:00,319.8635146224811,310.50195813289224
2003-05-06 09:00:00,319.4226338014764,310.57313333049945
2003-05-06 17:00:00,297.7524963049749,299.59087062653487
2003-05-06 18:00:00,295.7881355932203,298.73589394309306
2003-05-06 20:00:00,293.8589195404288,297.44534036080904
2003-05-06 21:00:00,294.13121952003985,297.2667293930642
2003-05-07 05:00:00,313.5788553999091,306.71919581996644
2003-05-07 06:00:00,316.41775294040866,308.3588572356661
2003-05-07 08:00:00,320.9809695627363,310.1175937740755
2003-05-07 09:00:00,321.5678023233987,310.4953456226226
2003-05-07 17:00:00,299.2209759493271,300.9467412069876
2003-05-07 18:00:00,298.0715857977492,300.02524892280945
2003-05-07 20:00:00,296.199893522336,298.62466146178167
2003-05-07 21:00:00,295.37041436946265,297.8556784701825
2003-05-08 05:00:00,317.07954141061373,308.4401550292969
2003-05-08 06:00:00,321.2321691292644,309.6621907708825
2003-05-08 08:00:00,322.59184112313716,310.8823586627037
2003-05-08 09:00:00,321.67292164948026,311.0139206943601
2003-05-08 17:00:00,298.33268422742475,300.3384051447841
2003-05-08 18:00:00,296.27846636426835,299.80455400322916
2003-05-08 20:00:00,293.6968174303992,297.0343508022408
2003-05-08 21:00:00,292.8770618879556,296.6977694236626
2003-05-09 05:00:00,316.09647579810286,309.4812264229373
2003-05-09 06:00:00,319.6559731317411,310.81245937259246
2003-05-09 08:00:00,323.6370842556006,312.34551985495267
2003-05-09 09:00:00,323.000983474802,312.44629350612274
2003-05-09 17:00:00,299.13938017435174,301.19099666084094
2003-05-09 18:00:00,297.24231582429996,299.6937277489708
2003-05-09 20:00:00,294.4442591733301,298.6095964522869
2003-05-09 21:00:00,293.3469008106297,299.4528964473213
2003-05-10 05:00:00,317.7868023418315,311.24782723307794
2003-05-10 06:00:00,321.2679766403692,312.2853820283534
2003-05-10 08:00:00,325.6459972693116,313.7582472696878
2003-05-10 09:00:00,325.3287793175649,313.94590580591984
2003-05-10 17:00:00,301.0541767890354,303.4692521998989
2003-05-10 18:00:00,299.1226408360368,302.23210136989604
2003-05-10 20:00:00,297.25798032316845,300.6664880831914
2003-05-10 21:00:00,296.9848086881711,300.3252733462764
2003-05-11 05:00:00,317.2460615866357,310.6616277944509
2003-05-11 06:00:00,320.2675977803893,312.54581471400564
2003-05-11 08:00:00,322.70404473585415,314.26169904758825
2003-05-11 09:00:00,322.66465611156593,314.42207858375116
2003-05-11 17:00:00,302.69476113811663,304.44544787766944
2003-05-11 18:00:00,301.48562342286664,303.38133086923096
2003-05-11 20:00:00,300.45149689426046,302.7439629976481
2003-05-11 21:00:00,300.02478963090755,302.1405855246428
2003-05-12 05:00:00,319.4905495430545,312.38024439172494
2003-05-12 06:00:00,322.3035918531139,313.50169741684925
2003-05-12 08:00:00,323.15026100758234,314.27766811094597
2003-05-12 09:00:00,322.7371193014418,314.37253019218275
2003-05-12 17:00:00,300.9004117615969,303.19809157455285
2003-05-12 18:00:00,299.0650080370793,301.8763101633598
2003-05-12 20:00:00,296.827575707105,300.1424601221305
2003-05-12 21:00:00,296.7383645032698,300.11457074698757
2003-05-13 05:00:00,317.8396305031328,310.9628257575131
2003-05-13 06:00:00,322.18638916485844,312.99882286318643
2003-05-13 08:00:00,324.91557580039756,314.50567763318264
2003-05-13 09:00:00,324.85769072592905,314.8236921454431
2003-05-13 17:00:00,302.44998500453676,304.2555244104888
2003-05-13 18:00:00,301.32357033375416,303.17851692282005
2003-05-13 20:00:00,300.4250168528506,302.28316367315404
2003-05-13 21:00:00,299.6445891111401,301.41842827701424
2003-05-14 05:00:00,318.9751280092495,310.9617171794498
2003-05-14 06:00:00,321.7975785735943,312.03229909464835
2003-05-14 08:00:00,322.57834123279355,312.456592789049
2003-05-14 09:00:00,321.9126779471046,312.54720095970964
2003-05-14 17:00:00,301.2067959025755,303.12624127545234
2003-05-14 18:00:00,299.9273636499061,302.0459277560053
2003-05-14 20:00:00,298.06642736308567,300.61632785885286
2003-05-14 21:00:00,297.4650274197383,299.9735661111371
2003-05-15 05:00:00,320.5885649741338,311.16474813452487
2003-05-15 06:00:00,325.02584871782915,312.6781144340527
2003-05-15 08:00:00,325.55327558003154,313.8215584776986
2003-05-15 09:00:00,324.4250002539213,313.95544569958895
2003-05-15 17:00:00,301.27229461905034,303.0986868883318
2003-05-15 18:00:00,299.43354783256547,301.7281600881615
2003-05-15 20:00:00,297.28978119131597,299.6975207688812
2003-05-15 21:00:00,296.6220941763997,299.4269663806322
2003-05-16 05:00:00,322.0464340233472,311.5251437805834
2003-05-16 06:00:00,325.66814821122796,313.01540119659006
2003-05-16 08:00:00,326.24211832995775,314.4573114098312
2003-05-16 09:00:00,325.2871424317911,314.60958737695165
2003-05-16 17:00:00,302.0542159117242,304.1565303714323
2003-05-16 18:00:00,301.1983202447877,303.4346571629881
2003-05-16 20:00:00,301.4611120238694,304.0842315485738
2003-05-16 21:00:00,301.44280711968986,303.7214400140089
2003-05-17 05:00:00,315.25967647041125,310.01133048552765
2003-05-17 06:00:00,318.73806031496025,311.9686189013748
2003-05-17 08:00:00,321.1724739721266,313.6737094873273
2003-05-17 09:00:00,321.4741563135743,313.99720604283783
2003-05-17 17:00:00,305.4376141705388,306.6042981963312
2003-05-17 18:00:00,304.4936164420999,305.74314233812237
2003-05-17 20:00:00,303.47439222526845,304.89542921445405
2003-05-17 21:00:00,303.28740839083866,304.55789678306166
2003-05-18 05:00:00,313.325581602029,308.14060285242016
2003-05-18 06:00:00,316.8806615279893,310.1875618345381
2003-05-18 08:00:00,321.93782974501795,313.120021097098
2003-05-18 09:00:00,322.5272739686658,313.6271039965708
2003-05-18 17:00:00,304.1395080754496,305.11058528764966
2003-05-18 18:00:00,303.1896688170352,304.3894241873767
2003-05-18 20:00:00,302.79068790194805,304.3023337671313
2003-05-18 21:00:00,302.5574823035665,303.9171445637895
2003-05-19 05:00:00,312.6547990043652,307.63535126625845
2003-05-19 06:00:00,316.3279341593362,309.72841295145327
2003-05-19 08:00:00,319.90676762326655,312.2648814338014
2003-05-19 09:00:00,320.4450491036767,312.942338681919
2003-05-19 17:00:00,304.27140944470614,305.3320600512583
2003-05-19 18:00:00,303.54358253420224,304.84869791509925
2003-05-19 20:00:00,302.6441764890321,304.0977429594207
2003-05-19 21:00:00,302.3812131955186,303.49038108508284
2003-05-20 05:00:00,311.889953072523,306.650614734056
2003-05-20 06:00:00,315.44170860443353,308.71250116145484
2003-05-20 08:00:00,320.3543649447166,311.8624623773278
2003-05-20 09:00:00,321.08083104866864,312.7206441353209
2003-05-20 17:00:00,304.63886149307984,305.5085694440892
2003-05-20 18:00:00,303.74531722105525,304.90116959911285
2003-05-20 20:00:00,303.36664932791734,304.6388157872463
2003-05-20 21:00:00,303.00039922070613,303.97151762458316
2003-05-21 05:00:00,312.0066640233773,306.77251115748993
2003-05-21 06:00:00,315.51032044303435,308.8263763051555
2003-05-21 08:00:00,319.8700856119164,311.8655948021746
2003-05-21 09:00:00,320.49314186789775,312.63313681392344
2003-05-21 17:00:00,304.8289693118244,305.8508017470914
2003-05-21 18:00:00,304.3001860161592,305.4829033144818
2003-05-21 20:00:00,303.32630224477714,304.3083910831869
2003-05-21 21:00:00,302.70362207445055,303.4044760070707
2003-05-22 05:00:00,310.04649872625555,304.66695774354633
2003-05-22 06:00:00,313.44416552809616,306.73834569428476
2003-05-22 08:00:00,317.75357267265144,309.5963718314384
2003-05-22 09:00:00,318.34716150316143,310.33405862346825
2003-05-22 17:00:00,303.58908419616415,304.400745291923
2003-05-22 18:00:00,303.03235502786737,303.984137160385
2003-05-22 20:00:00,302.27788380298114,303.3554845495474
2003-05-22 21:00:00,302.03195644196455,302.98453360676586
2003-05-23 05:00:00,313.36429014044296,307.17267391163693
2003-05-23 06:00:00,317.1478126655191,309.0686169875605
2003-05-23 08:00:00,323.1718317628458,311.1001467241896
2003-05-23 09:00:00,324.281421631988,311.83959984448734
2003-05-23 17:00:00,304.0521878094078,305.03131747723364
2003-05-23 18:00:00,303.058809112878,304.2801713517341
2003-05-23 20:00:00,301.7426073635672,302.9143252850314
2003-05-23 21:00:00,301.2381928477706,302.51816741049936
2003-05-24 05:00:00,314.65500105988633,307.4397446407559
2003-05-24 06:00:00,317.80139903111154,309.334057071727
2003-05-24 08:00:00,322.233604137262,312.14494142693997
2003-05-24 09:00:00,322.16004866260596,312.6080403614485
2003-05-24 17:00:00,304.3143367444055,305.6616379983253
2003-05-24 18:00:00,303.6265482851096,305.010598816012
2003-05-24 20:00:00,302.7871668834716,304.0138861328501
2003-05-24 21:00:00,302.1949293139536,303.4093492740108
2003-05-25 05:00:00,313.3280811515538,307.28781200814507
2003-05-25 06:00:00,316.5218891443567,308.9405789838183
2003-05-25 08:00:00,320.55478051043076,311.0220958315904
2003-05-25 09:00:00,320.76652745509926,311.62805923438407
2003-05-25 17:00:00,303.0196305614407,304.25255254384
2003-05-25 18:00:00,302.4042783011273,303.7317800418989
2003-05-25 20:00:00,301.71331523783584,302.9399606619484
2003-05-25 21:00:00,301.29020319440514,302.39542799187
2003-05-26 05:00:00,313.2354191102673,306.6695037042415
2003-05-26 06:00:00,316.3738832870507,307.967765302614
2003-05-26 08:00:00,320.7863185277154,310.386688655624
2003-05-26 09:00:00,320.22552995725846,310.6465926207086
2003-05-26 17:00:00,302.82808338512075,303.9066473868301
2003-05-26 18:00:00,302.26796871708433,303.36150579937436
2003-05-26 20:00:00,301.48080133987685,302.7689493940498
2003-05-26 21:00:00,301.30425251871117,302.4634785938704
2003-05-27 05:00:00,312.2742958715407,306.8209616215828
2003-05-27 06:00:00,315.5766867239413,308.6045524702969
2003-05-27 08:00:00,318.4078630585516,310.55385999870595
2003-05-27 09:00:00,318.43257216349224,310.85983810072145
2003-05-27 17:00:00,304.42208015900366,305.48554997378034
2003-05-27 18:00:00,303.6741562947654,304.7603233819383
2003-05-27 20:00:00,302.0666597245838,303.3274748439231
2003-05-27 21:00:00,301.55363010588707,302.8503229173563
2003-05-28 05:00:00,312.1834950498514,306.97300247639095
2003-05-28 06:00:00,315.6104722456499,309.06454486582425
2003-05-28 08:00:00,320.32467681931786,312.32385009389446
2003-05-28 09:00:00,320.84224572791527,312.83905457201286
2003-05-28 17:00:00,303.99897888371686,305.4899591055049
2003-05-28 18:00:00,303.5196176302635,305.069810182545
2003-05-28 20:00:00,302.48858452137154,303.79550001617577
2003-05-28 21:00:00,301.4954613684138,302.7015779139632
2003-05-29 05:00:00,313.80568110814266,308.38311257384413
2003-05-29 06:00:00,317.43373961367854,310.4629383763106
2003-05-29 08:00:00,322.8107258189808,313.48986322670396
2003-05-29 09:00:00,323.4351448564573,313.9485290950546
2003-05-29 17:00:00,304.92937496520335,305.8363033347578
2003-05-29 18:00:00,303.9234192646891,305.0495680939802
2003-05-29 20:00:00,302.34386174888203,304.12002394195696
2003-05-29 21:00:00,301.67817532814155,303.5074185458096
2003-05-30 05:00:00,315.5424640108881,310.2494938031918
2003-05-30 06:00:00,318.92860666518953,312.0314031991826
2003-05-30 08:00:00,321.80218519966115,313.41837650528305
2003-05-30 09:00:00,322.38975494337745,313.8728768652871
2003-05-30 17:00:00,304.4152457967562,306.0320371560213
2003-05-30 18:00:00,303.71294876827477,305.36786760938554
2003-05-30 20:00:00,302.8077154409353,304.4662396117976
2003-05-30 21:00:00,302.25999154442076,303.82646781086737
2003-05-31 05:00:00,314.66815072692964,309.1432204988595
2003-05-31 06:00:00,318.3628868490963,311.0574975153331
2003-05-31 08:00:00,322.85754403935744,313.39701709247703
2003-05-31 09:00:00,323.46372691949455,313.80299941710956
2003-05-31 17:00:00,304.12967121141907,305.49917249870595
2003-05-31 18:00:00,303.42355433671247,304.9345697247192
2003-05-31 20:00:00,302.775955882021,304.40602840664576
2003-05-31 21:00:00,302.42253432545715,303.9155758709313
2003-06-01 05:00:00,314.750897964454,309.3070040851235
2003-06-01 06:00:00,318.35379924098226,311.30684538431274
2003-06-01 08:00:00,322.74354967020327,313.7325923784488
2003-06-01 09:00:00,323.1076448320057,314.0387515169446
2003-06-01 17:00:00,305.1205690028304,306.58811478107845
2003-06-01 18:00:00,304.38195330556624,306.0208121888994
2003-06-01 20:00:00,303.51613213725744,305.31336128693334
2003-06-01 21:00:00,303.1311016347265,304.74192922912505
2003-06-02 05:00:00,315.94439753692586,310.28746117355274
2003-06-02 06:00:00,319.71352303009735,312.4285857166825
2003-06-02 08:00:00,324.0786926081441,314.6502532958985
2003-06-02 09:00:00,324.20019187986026,314.88512518225906
2003-06-02 17:00:00,306.7051994664643,308.03789737742557
2003-06-02 18:00:00,305.8930806305449,307.3194196374832
2003-06-02 20:00:00,304.82568246521095,306.24081261022064
2003-06-02 21:00:00,304.17034465395983,305.5084985577271
2003-06-03 05:00:00,315.3933732278174,310.0024535615566
2003-06-03 06:00:00,318.9856153820255,312.068227288903
2003-06-03 08:00:00,322.79059181154605,314.6162411259209
2003-06-03 09:00:00,323.82381085364955,315.4356961948295
2003-06-03 17:00:00,306.2795262035493,307.41800190083603
2003-06-03 18:00:00,305.3996213140032,306.5618104390996
2003-06-03 20:00:00,304.56584259174275,305.7913879018352
2003-06-03 21:00:00,304.0096513133938,305.05866240279516
2003-06-04 05:00:00,314.43407439009985,309.0800440337147
2003-06-04 06:00:00,318.2543834574601,311.47022137987227
2003-06-04 08:00:00,323.07018796100823,314.74404298285674
2003-06-04 09:00:00,323.41101250552987,315.2025638809557
2003-06-04 17:00:00,305.9487807592736,306.8576874108454
2003-06-04 18:00:00,305.22041031612633,306.27404441892276
2003-06-04 20:00:00,304.23232945235003,305.2601057619821
2003-06-04 21:00:00,303.71926778784524,304.53693748438855
2003-06-05 05:00:00,312.26043193329286,306.7028050826768
2003-06-05 06:00:00,315.66038101737047,308.74227895868944
2003-06-05 08:00:00,320.4282587930124,312.1892707248682
2003-06-05 09:00:00,321.15797800496114,313.02559284509977
2003-06-05 17:00:00,305.7314512373303,306.58089349449875
2003-06-05 18:00:00,304.9668812332976,305.903670606334
2003-06-05 20:00:00,303.9512589606004,304.8750805729894
2003-06-05 21:00:00,303.2922188827915,303.97732835484584
2003-06-06 05:00:00,309.9609280014626,305.10037993209204
2003-06-06 06:00:00,313.36404289633543,307.31808537511137
2003-06-06 08:00:00,318.5869807873742,311.23809950818264
2003-06-06 09:00:00,319.6382698564574,312.32012114208914
2003-06-06 17:00:00,305.70034928755325,306.48829834266513
2003-06-06 18:00:00,304.9917003237779,305.7883766538741
2003-06-06 20:00:00,304.0397884327752,304.6036114802897
2003-06-06 21:00:00,303.1751511019808,303.4523611906314
2003-06-07 05:00:00,310.76577655339645,305.9522288694221
2003-06-07 06:00:00,314.4577797065347,308.21533010332905
2003-06-07 08:00:00,319.59963923426363,311.70807559537957
2003-06-07 09:00:00,320.49023858351035,312.6379228541957
2003-06-07 17:00:00,305.46831102180187,306.2735018502398
2003-06-07 18:00:00,304.74131986503426,305.6606603543086
2003-06-07 20:00:00,303.80636994019505,304.4402151710264
2003-06-07 21:00:00,302.9895096412976,303.31511985649496
2003-06-08 05:00:00,310.1095193119372,305.0058858251351
2003-06-08 06:00:00,313.5402841905967,307.18830730514645
2003-06-08 08:00:00,318.4186759208127,310.5709901642175
2003-06-08 09:00:00,319.3340887883779,311.57775291125466
2003-06-08 17:00:00,305.30077405556324,306.1459432875247
2003-06-08 18:00:00,304.62762002107365,305.54901268816513
2003-06-08 20:00:00,303.50270080566406,304.32687297991504
2003-06-08 21:00:00,302.76481148788855,303.3973396195469
2003-06-09 05:00:00,310.39866499467325,305.7184797619084
2003-06-09 06:00:00,313.90192358078684,307.89437720441305
2003-06-09 08:00:00,319.0428446342104,311.6385358625274
2003-06-09 09:00:00,320.0239342452932,312.6282504042051
2003-06-09 17:00:00,305.5742126841024,306.31423501130797
2003-06-09 18:00:00,304.9019106496097,305.74739074707037
2003-06-09 20:00:00,304.14212478143963,305.080322265625
2003-06-09 21:00:00,303.71875084640436,304.5210923252194
2003-06-10 05:00:00,311.5638816845252,306.4670048083289
2003-06-10 06:00:00,315.03821155800847,308.59662728096555
2003-06-10 08:00:00,320.0233845056849,311.871012095494
2003-06-10 09:00:00,320.9376367413208,312.74475257532623
2003-06-10 17:00:00,305.1714777542373,306.1017379408074
2003-06-10 18:00:00,304.5363926351163,305.58911882820775
2003-06-10 20:00:00,304.04135214125245,304.9892102022568
2003-06-10 21:00:00,303.50123944157633,304.1615462575011
2003-06-11 05:00:00,311.1781078038855,306.19509109473563
2003-06-11 06:00:00,314.90513458016846,308.60619475330884
2003-06-11 08:00:00,320.053682771045,311.820400455516
2003-06-11 09:00:00,320.88979298454956,312.70846216704336
2003-06-11 17:00:00,305.17366817809403,306.29798656398964
2003-06-11 18:00:00,304.699122048306,305.928896300047
2003-06-11 20:00:00,304.4527383342913,305.5420571960544
2003-06-11 21:00:00,303.9604296338944,304.7738479355635
2003-06-12 05:00:00,311.68153113319624,306.38939376384343
2003-06-12 06:00:00,315.4702831203655,308.73571946624617
2003-06-12 08:00:00,320.9458423255956,312.26722921832874
2003-06-12 09:00:00,321.86452788601304,313.1240293858415
2003-06-12 17:00:00,305.41443778627274,306.4130452865812
2003-06-12 18:00:00,304.78380042782914,305.9508994738751
2003-06-12 20:00:00,304.23670519812634,305.28601234095123
2003-06-12 21:00:00,303.83453895792206,304.73916322681686
2003-06-13 05:00:00,313.17441736347683,307.5989947208822
2003-06-13 06:00:00,316.79310389255704,309.6097479351497
2003-06-13 08:00:00,321.26606931524765,312.4070186526823
2003-06-13 09:00:00,321.9668528787528,313.2002012843527
2003-06-13 17:00:00,306.40089468228615,307.2354729509868
2003-06-13 18:00:00,305.73348267824144,306.6937171454055
2003-06-13 20:00:00,304.5786875297182,305.7743626434373
2003-06-13 21:00:00,304.2842268275186,305.41724944739207
2003-06-14 05:00:00,314.57355733204326,308.7989397563258
2003-06-14 06:00:00,317.9561428546171,310.55345252555765
2003-06-14 08:00:00,323.2639950838956,313.36548418183173
2003-06-14 09:00:00,323.7642017005956,313.9744277507388
2003-06-14 17:00:00,306.48367173205173,307.2003789587271
2003-06-14 18:00:00,306.08347173611446,306.68011918971644
2003-06-14 20:00:00,304.5385271492651,305.0670179887251
2003-06-14 21:00:00,304.0845739426341,304.7082698686832
2003-06-15 05:00:00,314.8894369539751,309.21264173510633
2003-06-15 06:00:00,318.38215338614395,310.8879147193097
2003-06-15 08:00:00,323.4048550551404,313.20601145034584
2003-06-15 09:00:00,322.486417702791,313.2796870438821
2003-06-15 17:00:00,304.35657996132124,304.4151530684602
2003-06-15 18:00:00,303.9909551588156,304.1772870973373
2003-06-15 20:00:00,302.8849190357837,302.8276686705132
2003-06-15 21:00:00,302.23879259576785,302.1438040241071
2003-06-16 05:00:00,315.0067117981992,309.17940797497204
2003-06-16 06:00:00,318.53550360493006,310.910996564915
2003-06-16 08:00:00,322.37338078150583,312.8977400628371
2003-06-16 09:00:00,323.6467410471113,313.66559674890453
2003-06-16 17:00:00,304.4358798645678,305.27407773433737
2003-06-16 18:00:00,304.129265595658,304.96383290812486
2003-06-16 20:00:00,301.66275052627543,301.5962864856691
2003-06-16 21:00:00,301.3860874264193,301.40758249902944
2003-06-17 05:00:00,312.0455806361876,307.23286931724135
2003-06-17 06:00:00,314.6524551227023,308.32128661733196
2003-06-17 08:00:00,316.86984325814507,309.69126882685356
2003-06-17 09:00:00,317.28672238013417,310.3167323977995
2003-06-17 17:00:00,303.4519857162688,303.11944055777667
2003-06-17 18:00:00,302.9365296914875,302.7560846596176
2003-06-17 20:00:00,302.3303899544597,302.1522131686218
2003-06-17 21:00:00,301.43197008788314,301.23187787213203
2003-06-18 05:00:00,298.4550449271415,298.4690188039065
2003-06-18 06:00:00,298.9954936258231,298.6748966164141
2003-06-18 08:00:00,300.6351791170235,300.34716853301956
2003-06-18 09:00:00,304.70076404918325,302.3900868749398
2003-06-18 17:00:00,299.22966939164974,298.9773045614798
2003-06-18 18:00:00,298.1852172475383,298.3124412219219
2003-06-18 20:00:00,297.5529743306259,297.76870231452085
2003-06-18 21:00:00,297.2817356009697,297.4052085700131
2003-06-19 05:00:00,299.3394197014337,299.4008288508387
2003-06-19 06:00:00,299.8286405072558,300.1728727461193
2003-06-19 08:00:00,306.1379267100377,303.2103797430617
2003-06-19 09:00:00,305.64310672801156,303.31313160571557
2003-06-19 17:00:00,297.498090088643,297.54555404498507
2003-06-19 18:00:00,297.26618506103887,297.3326760925387
2003-06-19 20:00:00,297.12313191512334,297.62083333960305
2003-06-19 21:00:00,297.1167652617985,297.47734808076876
2003-06-20 05:00:00,298.51209944385596,298.33085493607956
2003-06-20 06:00:00,298.7222210335989,298.91441107751416
2003-06-20 08:00:00,307.3248516488333,303.73958522990597
2003-06-20 09:00:00,307.52166661055315,303.5154155384411
2003-06-20 17:00:00,299.6045497665053,299.86844622078587
2003-06-20 18:00:00,298.8957330736064,299.0617507911059
2003-06-20 20:00:00,297.9852243197166,298.06779590483256
2003-06-20 21:00:00,297.82597637911243,297.977510284753
2003-06-21 05:00:00,307.07709233970235,303.88381574774746
2003-06-21 06:00:00,309.0716993334848,305.3077577846627
2003-06-21 08:00:00,311.22411072529707,306.61265105495835
2003-06-21 09:00:00,311.33327765090075,306.84045494796686
2003-06-21 17:00:00,300.70841415710925,301.76773195898585
2003-06-21 18:00:00,300.2754275141218,301.30641994858377
2003-06-21 20:00:00,299.7984781368121,300.86454436738615
2003-06-21 21:00:00,299.35637270981795,300.6813573146638
2003-06-22 05:00:00,307.2319571520037,304.19698299648945
2003-06-22 06:00:00,309.3216270364489,305.583954985961
2003-06-22 08:00:00,311.45459790810236,307.83300195820345
2003-06-22 09:00:00,311.879992022169,308.4229620182643
2003-06-22 17:00:00,301.01716183514,302.15517163386886
2003-06-22 18:00:00,300.0422472138251,300.71022137140824
2003-06-22 20:00:00,298.0792073630405,298.4135429958349
2003-06-22 21:00:00,298.41507472903777,298.90405144125725
2003-06-23 05:00:00,305.42173926966217,302.9953835697497
2003-06-23 06:00:00,308.2859020497656,304.63101704131657
2003-06-23 08:00:00,311.85969350664936,307.0818707153132
2003-06-23 09:00:00,312.16493420240874,307.45524594816845
2003-06-23 17:00:00,300.1442701577773,300.57870652679304
2003-06-23 18:00:00,300.24510070612695,299.6293522815675
2003-06-23 20:00:00,298.811824216681,299.6013840262438
2003-06-23 21:00:00,298.7136952733773,299.5159324563707
2003-06-24 05:00:00,306.6263297247042,303.57812516457864
2003-06-24 06:00:00,308.63255702696154,304.73090126260956
2003-06-24 08:00:00,310.20130264446806,305.86968232376734
2003-06-24 09:00:00,310.4114033327265,306.20770014452825
2003-06-24 17:00:00,300.4426815932264,301.6777484112051
2003-06-24 18:00:00,300.234512775815,301.3665247183919
2003-06-24 20:00:00,298.0766921315245,299.8605863926774
2003-06-24 21:00:00,298.70747739912366,298.9583968293318
2003-06-25 05:00:00,305.10180852152354,303.2098781779661
2003-06-25 06:00:00,307.09504702058155,304.4567193735179
2003-06-25 08:00:00,310.2138954009775,305.7802685941864
2003-06-25 09:00:00,310.54137405372,306.07913109260636
2003-06-25 17:00:00,300.6658035301832,301.5650755378241
2003-06-25 18:00:00,300.5367297391495,301.4755766975861
2003-06-25 20:00:00,300.3279157500421,301.29336359761714
2003-06-25 21:00:00,299.90587784072096,300.8571395521355
2003-06-26 05:00:00,305.20027275849566,302.8634988229337
2003-06-26 06:00:00,306.45880543101913,303.6918417955584
2003-06-26 08:00:00,309.81088959821756,305.9532971962575
2003-06-26 09:00:00,309.6831088308561,306.20927861805876
2003-06-26 17:00:00,300.7875131803963,301.98113261312477
2003-06-26 18:00:00,300.20409110000213,301.4124641124567
2003-06-26 20:00:00,299.16609965414045,300.47486341385337
2003-06-26 21:00:00,299.0713745258255,300.43302574216494
2003-06-27 05:00:00,305.60126508292507,303.21485635202
2003-06-27 06:00:00,307.7147327064549,304.48369206926674
2003-06-27 08:00:00,310.30006495682966,306.3233055267569
2003-06-27 09:00:00,310.6047310145868,306.81336361454527
2003-06-27 17:00:00,300.8450879301239,301.9960470802061
2003-06-27 18:00:00,300.34380245355686,301.4925891658742
2003-06-27 20:00:00,299.8164890800676,301.2656017473924
2003-06-27 21:00:00,299.70449483486465,301.1332369012348
2003-06-28 05:00:00,306.36434995301516,303.5085249138172
2003-06-28 06:00:00,308.18079377396265,304.5918469304113
2003-06-28 08:00:00,310.09384552613244,306.3434781161222
2003-06-28 09:00:00,310.2459316165495,306.6939759570388
2003-06-28 17:00:00,301.17418403801827,302.42920037080034
2003-06-28 18:00:00,300.7277504049575,302.0448497660539
2003-06-28 20:00:00,300.43186029043324,301.5876345641808
2003-06-28 21:00:00,300.1390643009603,300.900105809945
2003-06-29 05:00:00,306.0928078579425,303.0540976267199
2003-06-29 06:00:00,308.29486739947725,304.40093328772787
2003-06-29 08:00:00,310.2720645146304,306.5260968788747
2003-06-29 09:00:00,310.3693261756368,306.8311740540209
2003-06-29 17:00:00,300.5179145236964,301.4774547277136
2003-06-29 18:00:00,300.02310077214645,301.053394194193
2003-06-29 20:00:00,300.99512240699335,302.26722247060536
2003-06-29 21:00:00,300.87234750991615,301.8223403907152
2003-06-30 05:00:00,305.39866403071284,302.8744560441545
2003-06-30 06:00:00,307.107942084502,303.8981460077553
2003-06-30 08:00:00,309.1975738337301,305.267149021519
2003-06-30 09:00:00,308.62124838336774,304.96420020057906
2003-06-30 17:00:00,300.1562224683483,301.0598982941755
2003-06-30 18:00:00,299.730380183192,300.62155896673215
2003-06-30 20:00:00,299.39835382352805,300.63705082262976
2003-06-30 21:00:00,299.5594926549033,300.73476876610056
2003-07-01 05:00:00,307.71376785254813,304.2892008400845
2003-07-01 06:00:00,309.0994401646689,305.1491422491559
2003-07-01 08:00:00,313.43915780042465,307.29445689338013
2003-07-01 09:00:00,313.9796475262047,307.7963086614624
2003-07-01 17:00:00,301.46315284576184,302.60423438684967
2003-07-01 18:00:00,300.9818724880601,302.1450294059671
2003-07-01 20:00:00,300.2236988790597,300.48343344572334
2003-07-01 21:00:00,299.7210149544597,300.21993769335637
2003-07-02 05:00:00,309.972036799591,306.34598422528046
2003-07-02 06:00:00,312.7320182576937,307.58479791062274
2003-07-02 08:00:00,314.92114130851854,308.3830135680494
2003-07-02 09:00:00,315.5730457511632,309.147655046225
2003-07-02 17:00:00,302.5581366211314,303.3415300695481
2003-07-02 18:00:00,301.82099044635225,302.4729452500542
2003-07-02 20:00:00,300.9821114797254,301.58772665767344
2003-07-02 21:00:00,300.43195616923424,301.09405668050005
2003-07-03 05:00:00,311.05884882334755,306.0804647907087
2003-07-03 06:00:00,313.1783564821782,307.0598850338411
2003-07-03 08:00:00,316.12676407118977,308.70064454159495
2003-07-03 09:00:00,315.95201663353777,309.13920536834763
2003-07-03 17:00:00,303.3412465476108,304.2378722721329
2003-07-03 18:00:00,302.8774178715076,303.7380733872048
2003-07-03 20:00:00,302.11371978148475,302.6140345498483
2003-07-03 21:00:00,301.76503475054017,302.1283275210435
2003-07-04 05:00:00,309.0590877444792,305.21136954238494
2003-07-04 06:00:00,311.84282753684306,306.8770913240171
2003-07-04 08:00:00,314.96385096475046,309.55255914579374
2003-07-04 09:00:00,315.4438529697883,310.0619038962436
2003-07-04 17:00:00,299.7084076915206,300.78566957071126
2003-07-04 18:00:00,299.301415347906,299.9727957656461
2003-07-04 20:00:00,298.54004068477497,299.05867991866245
2003-07-04 21:00:00,298.4458738541567,298.7828679959102
2003-07-05 05:00:00,299.7798941543179,298.7502114600136
2003-07-05 06:00:00,300.47445565857026,299.1084932818068
2003-07-05 08:00:00,305.72650419214654,303.0504595693344
2003-07-05 09:00:00,308.1170486426684,304.1096008018647
2003-07-05 17:00:00,298.68950452055145,299.16898010912223
2003-07-05 18:00:00,298.6614202608129,299.0135163952279
2003-07-05 20:00:00,297.23687643042337,297.1878599804612
2003-07-05 21:00:00,297.12263321839794,297.1191823574354
2003-07-06 05:00:00,304.2152566542427,301.488736074768
2003-07-06 06:00:00,303.29759122263675,300.7414843966303
2003-07-06 08:00:00,305.5669247196709,302.8083734967859
2003-07-06 09:00:00,307.2697345281052,303.76862663186756
2003-07-06 17:00:00,299.7111011381693,300.2922002618963
2003-07-06 18:00:00,299.18701463414266,299.6832365673753
2003-07-06 20:00:00,298.20227579783955,298.3726575525222
2003-07-06 21:00:00,297.9318805100921,298.09390524465977
2003-07-07 05:00:00,304.66010953318363,302.23416417478967
2003-07-07 06:00:00,305.47005644858524,302.79396623749585
2003-07-07 08:00:00,308.0485069850928,303.90925313658636
2003-07-07 09:00:00,309.41485054944815,304.03286428113563
2003-07-07 17:00:00,298.58680830898203,299.15804757469425
2003-07-07 18:00:00,298.37280285193117,298.8791746542156
2003-07-07 20:00:00,298.2483999901817,298.7101127260088
2003-07-07 21:00:00,298.12100981490454,298.4922430805506
2003-07-08 05:00:00,302.5816820611939,300.5442321730321
2003-07-08 06:00:00,304.5468755877808,301.44546854404166
2003-07-08 08:00:00,308.9203464643246,304.33051141348017
2003-07-08 09:00:00,308.5777235222157,304.2392434001153
2003-07-08 17:00:00,298.23521902968963,298.84001921431866
2003-07-08 18:00:00,298.07802740487926,298.4682810684933
2003-07-08 20:00:00,297.50180166564854,297.68998210419124
2003-07-08 21:00:00,297.3052826397959,297.6122836919705
2003-07-09 05:00:00,303.00742644558335,300.7690713232949
2003-07-09 06:00:00,303.99032585720073,301.8812577493018
2003-07-09 08:00:00,301.7629655741029,299.46582442696547
2003-07-09 09:00:00,302.3418028233415,300.3796893856007
2003-07-09 17:00:00,297.9677459528707,298.3856384324367
2003-07-09 18:00:00,297.99037339691023,298.3335066032704
2003-07-09 20:00:00,297.33684058990247,297.67374571813457
2003-07-09 21:00:00,296.97500257683095,297.6021576397959
2003-07-10 05:00:00,297.7103294055157,297.4264800037919
2003-07-10 06:00:00,297.7514357838682,297.36997383952325
2003-07-10 08:00:00,298.1648272263067,298.03472232671663
2003-07-10 09:00:00,298.63034109341896,298.4701409949728
2003-07-10 17:00:00,296.94481507288106,297.0067992834905
2003-07-10 18:00:00,296.9781528702135,297.07147600029947
2003-07-10 20:00:00,296.9562621035819,297.50313663335726
2003-07-10 21:00:00,297.0389877107735,297.2737568060312
2003-07-11 05:00:00,298.9901842725663,297.8577728036372
2003-07-11 06:00:00,300.6838294971155,298.9529227093666
2003-07-11 08:00:00,304.90148389725175,303.1438647065949
2003-07-11 09:00:00,306.0967025169055,303.8523112386695
2003-07-11 17:00:00,297.2012471109399,296.89462915076683
2003-07-11 18:00:00,296.47059636049903,296.34394899906107
2003-07-11 20:00:00,296.42088494205325,296.8122504753031
2003-07-11 21:00:00,296.3491498479858,296.80359935319666
2003-07-12 05:00:00,301.6063476233343,300.7491219025364
2003-07-12 06:00:00,303.72162652860624,301.8011117473773
2003-07-12 08:00:00,303.0621539852101,300.2751943532418
2003-07-12 09:00:00,304.45642113354984,301.3133437710661
2003-07-12 17:00:00,297.7729127058079,298.3335483121945
2003-07-12 18:00:00,297.5043428300525,298.0556694465719
2003-07-12 20:00:00,297.0557554036333,297.52092838140413
2003-07-12 21:00:00,297.035476237857,297.4212792724233
2003-07-13 05:00:00,301.8581792422913,300.5779877179209
2003-07-13 06:00:00,303.29416655318585,301.5364719620104
2003-07-13 08:00:00,307.2373949471167,304.0781919364753
2003-07-13 09:00:00,308.02055405909186,304.6154923637402
2003-07-13 17:00:00,298.19285552931495,298.79413525973706
2003-07-13 18:00:00,298.0068249812663,298.57866947309265
2003-07-13 20:00:00,297.6980763627862,298.2122905008231
2003-07-13 21:00:00,297.5790137480514,297.95263295695304
2003-07-14 05:00:00,298.69961808826235,298.156536648931
2003-07-14 06:00:00,299.03131884088504,298.3415728364777
2003-07-14 08:00:00,306.0977064229674,304.155264996968
2003-07-14 09:00:00,305.227545057864,303.09485136011534
2003-07-14 17:00:00,299.0122093353507,299.6204424183615
2003-07-14 18:00:00,298.77576184382974,299.26123949706283
2003-07-14 20:00:00,297.9523464726006,297.9847327468943
2003-07-14 21:00:00,297.5621103013425,297.6796762381203
2003-07-15 05:00:00,301.3273324363956,300.34130638369425
2003-07-15 06:00:00,301.66202177215246,300.72349049901743
2003-07-15 08:00:00,303.93025724766625,301.8648024501712
2003-07-15 09:00:00,301.8047348516197,299.38288228133433
2003-07-15 17:00:00,298.29120752366924,298.7126415235052
2003-07-15 18:00:00,297.8271975994845,298.1473397606143
2003-07-15 20:00:00,297.437724414702,297.9736496700528
2003-07-15 21:00:00,297.3172051616369,297.66333576784297
2003-07-16 05:00:00,298.93720274750365,299.03654628101225
2003-07-16 06:00:00,300.3972170319873,300.4997282101671
2003-07-16 08:00:00,306.4562847448975,303.73488693354864
2003-07-16 09:00:00,305.2952439553565,302.03512425121437
2003-07-16 17:00:00,297.5672101695292,298.0835265172832
2003-07-16 18:00:00,297.33017115894194,297.7757202289505
2003-07-16 20:00:00,297.1627250165895,297.49289998435097
2003-07-16 21:00:00,297.0850486343924,297.365066081607
2003-07-17 05:00:00,303.1085565740412,300.8543120209352
2003-07-17 06:00:00,303.54718706457203,301.3670675456984
2003-07-17 08:00:00,308.02358061286446,303.7075959427515
2003-07-17 09:00:00,306.7729208877164,303.1489093233881
2003-07-17 17:00:00,298.8560422594632,299.6290575447729
2003-07-17 18:00:00,298.707415917254,299.2982333143613
2003-07-17 20:00:00,297.69144417361593,298.0132810713146
2003-07-17 21:00:00,297.5709394269805,297.88804494801946
2003-07-18 05:00:00,305.1475215729653,301.4958639982485
2003-07-18 06:00:00,306.18569901617724,302.1695871456011
2003-07-18 08:00:00,308.928267797814,304.254692465572
2003-07-18 09:00:00,308.996405508926,304.86028704768154
2003-07-18 17:00:00,298.8678959404192,299.13432580039756
2003-07-18 18:00:00,298.3382310911394,298.72404221356925
2003-07-18 20:00:00,297.6877991804173,297.9244687355171
2003-07-18 21:00:00,297.53365256569606,297.7825643953814
2003-07-19 05:00:00,302.25098568485777,300.7264512918763
2003-07-19 06:00:00,303.6413384953339,301.7278594030254
2003-07-19 08:00:00,307.2546560701861,303.454429285552
2003-07-19 09:00:00,307.8151603193239,303.9267685806439
2003-07-19 17:00:00,298.0854907395844,298.70890126279767
2003-07-19 18:00:00,297.83967277632655,298.550400344543
2003-07-19 20:00:00,297.6610087672441,298.22384859858016
2003-07-19 21:00:00,297.59219934025606,298.185195052936
2003-07-20 05:00:00,301.0153130294729,300.3774187414231
2003-07-20 06:00:00,304.02413630081435,302.0083017452105
2003-07-20 08:00:00,306.02720082522546,303.66053057231227
2003-07-20 09:00:00,306.2178271606634,304.0324841045268
2003-07-20 17:00:00,299.9620026998417,300.63864716469595
2003-07-20 18:00:00,299.71899950118575,300.34237598013624
2003-07-20 20:00:00,299.32333954750845,299.9782664294603
2003-07-20 21:00:00,299.07048683577955,299.61989075083216
2003-07-21 05:00:00,301.76302275341726,300.78301106175223
2003-07-21 06:00:00,303.59406128870137,301.8258713309313
2003-07-21 08:00:00,302.9059716975561,301.8021574564083
2003-07-21 09:00:00,303.3245135573283,302.2093635171147
2003-07-21 17:00:00,299.2326057563394,299.81778791101397
2003-07-21 18:00:00,298.4355656134513,298.6797319597382
2003-07-21 20:00:00,297.3114722065272,297.7012702695027
2003-07-21 21:00:00,297.03974510157605,297.3062270624429
2003-07-22 05:00:00,301.5063506891988,300.6371109173368
2003-07-22 06:00:00,302.84198038015967,301.5779206874007
2003-07-22 08:00:00,303.79746376825227,302.00929746936396
2003-07-22 09:00:00,303.94519484979907,302.1483156883111
2003-07-22 17:00:00,298.2341611418408,299.10475344430137
2003-07-22 18:00:00,297.9214590863197,298.7275466096052
2003-07-22 20:00:00,297.852411349492,298.53754673092317
2003-07-22 21:00:00,297.6359671899828,298.13005686614474
2003-07-23 05:00:00,301.860159381696,299.70476001804155
2003-07-23 06:00:00,302.2997401021479,300.2254739770169
2003-07-23 08:00:00,304.6793141886707,301.270865629928
2003-07-23 09:00:00,302.6575073336233,299.40378914996177
2003-07-23 17:00:00,298.05033232655103,298.25925371496265
2003-07-23 18:00:00,297.6102953706574,297.988120691802
2003-07-23 20:00:00,297.3507736041476,297.8030791436946
2003-07-23 21:00:00,297.37212984293745,297.7353106999801
2003-07-24 05:00:00,304.3019167484231,300.9296804701419
2003-07-24 06:00:00,305.31482798807053,302.0599308102083
2003-07-24 08:00:00,307.35076965426083,302.9416672246665
2003-07-24 09:00:00,308.5612397039617,303.712312248712
2003-07-24 17:00:00,298.90790180506065,299.33059353821085
2003-07-24 18:00:00,298.69583042891253,298.98664308145345
2003-07-24 20:00:00,297.63878780888115,297.90724363165384
2003-07-24 21:00:00,297.51202879260615,297.733260050393
2003-07-25 05:00:00,303.52282162329817,301.4099592258824
2003-07-25 06:00:00,305.747282830519,302.4729313314053
2003-07-25 08:00:00,307.6259192421183,303.6007606494593
2003-07-25 09:00:00,307.3825938925721,303.8149595569205
2003-07-25 17:00:00,299.48336324118685,299.74296842554503
2003-07-25 18:00:00,299.0761195154881,299.39469775653953
2003-07-25 20:00:00,297.9246357122812,298.1900088129499
2003-07-25 21:00:00,297.76792982950786,298.02849394294253
2003-07-26 05:00:00,301.8508022643385,300.78708901427376
2003-07-26 06:00:00,302.4955840265071,301.40123858106523
2003-07-26 08:00:00,304.9458431249774,302.4561420082128
2003-07-26 09:00:00,306.718580295933,303.1390328664442
2003-07-26 17:00:00,299.6615609755318,300.01154878730955
2003-07-26 18:00:00,298.88655868553786,299.3361067573536
2003-07-26 20:00:00,298.3647783511592,298.9141869684581
2003-07-26 21:00:00,298.3566666472307,298.55449724711696
2003-07-27 05:00:00,301.74519080116494,300.9386737041738
2003-07-27 06:00:00,301.5444433273998,301.0522504198166
2003-07-27 08:00:00,299.26878507405473,298.7102572965695
2003-07-27 09:00:00,298.9219504240298,298.8439501981339
2003-07-27 17:00:00,298.36561986514715,299.35476797424224
2003-07-27 18:00:00,298.26580483740764,299.0890320012309
2003-07-27 20:00:00,298.0642344470384,298.40776210132475
2003-07-27 21:00:00,297.99666777671024,298.4316854844292
2003-07-28 05:00:00,301.2644483804336,300.96305452179286
2003-07-28 06:00:00,302.3313852318998,301.47656771949335
2003-07-28 08:00:00,302.9598369627778,301.6590349523606
2003-07-28 09:00:00,304.03515394589937,302.45892378655714
2003-07-28 17:00:00,298.4854627941349,298.79791866355396
2003-07-28 18:00:00,298.28917321438786,298.51855339438225
2003-07-28 20:00:00,297.8476406855649,298.4797433579832
2003-07-28 21:00:00,297.5514261865837,298.1271424844563
2003-07-29 05:00:00,299.76514687560194,299.53151751078883
2003-07-29 06:00:00,300.7620022484261,300.47580546186595
2003-07-29 08:00:00,300.1380905833193,299.60830538004683
2003-07-29 09:00:00,300.72009860422287,299.99786174756537
2003-07-29 17:00:00,298.35702829698937,299.1371994136111
2003-07-29 18:00:00,297.8895922926799,298.5075006705403
2003-07-29 20:00:00,297.2583905001084,297.62041627387237
2003-07-29 21:00:00,297.01705328378546,297.38134229568925
2003-07-30 05:00:00,301.3137296844153,300.19414189930876
2003-07-30 06:00:00,302.674988333727,301.0099120999705
2003-07-30 08:00:00,302.55092567949345,301.05200073054095
2003-07-30 09:00:00,302.3141495714938,301.04999465824824
2003-07-30 17:00:00,297.9452699211603,298.61984022519624
2003-07-30 18:00:00,297.4652981280546,298.20150075010235
2003-07-30 20:00:00,297.4217791211991,297.96627856990773
2003-07-30 21:00:00,297.20122411695576,297.560472038751
2003-07-31 05:00:00,299.39414336170734,299.0015083395278
2003-07-31 06:00:00,300.20477967343083,299.7962206589239
2003-07-31 08:00:00,300.9871129534094,300.3289008941415
2003-07-31 09:00:00,301.95389050217733,301.3009582190374
2003-07-31 17:00:00,298.21356215278615,298.95951492944374
2003-07-31 18:00:00,297.84646923846935,298.56319637915755
2003-07-31 20:00:00,297.3900510673347,297.76631039941253
2003-07-31 21:00:00,297.13054430099044,297.4758404936004
2003-08-01 05:00:00,300.60457551130344,299.5434415608599
2003-08-01 06:00:00,301.52501155341906,300.23774707482664
2003-08-01 08:00:00,303.2488782556472,301.41838200691114
2003-08-01 09:00:00,303.3478421062828,301.82272160181833
2003-08-01 17:00:00,297.8742553052623,298.4879346709406
2003-08-01 18:00:00,297.5410565345423,298.12841329001503
2003-08-01 20:00:00,297.2726435492329,297.7657240528172
2003-08-01 21:00:00,297.16241803044346,297.5706178403599
2003-08-02 05:00:00,299.4569632320081,299.1352372367871
2003-08-02 06:00:00,300.142504205689,300.279477159121
2003-08-02 08:00:00,303.78004601336045,301.80104396449775
2003-08-02 09:00:00,304.73055632933625,302.34269342878025
2003-08-02 17:00:00,298.178129410707,298.7450196158904
2003-08-02 18:00:00,298.0108747438216,298.5101107463631
2003-08-02 20:00:00,297.44765595846076,297.7593461611238
2003-08-02 21:00:00,297.1369107427142,297.39832177771996
2003-08-03 05:00:00,298.36884562958187,298.39835349437084
2003-08-03 06:00:00,298.3844591796123,298.264405519459
2003-08-03 08:00:00,299.9924538822497,300.04648175114664
2003-08-03 09:00:00,300.85606062173474,300.25313555184056
2003-08-03 17:00:00,296.452497814396,297.2757088730258
2003-08-03 18:00:00,296.37229489178065,297.1218056465701
2003-08-03 20:00:00,296.497465042561,297.23759975345183
2003-08-03 21:00:00,296.37757196411695,296.90395452796224
2003-08-04 05:00:00,297.611571348687,297.6537793457784
2003-08-04 06:00:00,298.1466780840341,297.8117823431782
2003-08-04 08:00:00,302.10961862337786,299.9543665575871
2003-08-04 09:00:00,302.29531376020196,299.9082452571264
2003-08-04 17:00:00,297.2521744362195,297.7483695901597
2003-08-04 18:00:00,297.0161454916368,297.452855537779
2003-08-04 20:00:00,296.7104388267858,297.21883099619157
2003-08-04 21:00:00,296.55130432787223,296.9580590434729
2003-08-05 05:00:00,301.6887610954202,299.8496761704079
2003-08-05 06:00:00,304.83196327903056,301.1686350582928
2003-08-05 08:00:00,307.9116070575449,303.137155988367
2003-08-05 09:00:00,307.1769004081174,303.07261594234524
2003-08-05 17:00:00,298.3143290092104,298.92688982806334
2003-08-05 18:00:00,297.7849201737273,298.40013590432096
2003-08-05 20:00:00,297.0226278907529,297.0839443588845
2003-08-05 21:00:00,296.7678104864982,296.8469027855731
2003-08-06 05:00:00,302.1209780042087,300.05608009373645
2003-08-06 06:00:00,305.202243610964,301.3374364115241
2003-08-06 08:00:00,308.8804944806915,303.56081579646275
2003-08-06 09:00:00,308.91178656579535,304.31991186861995
2003-08-06 17:00:00,299.28521881338634,300.1225945659338
2003-08-06 18:00:00,298.7627573821504,299.97646198948655
2003-08-06 20:00:00,298.4626571114515,298.8842597103266
2003-08-06 21:00:00,298.3008156939537,298.42398073640186
2003-08-07 05:00:00,303.83959377858963,300.87778076736146
2003-08-07 06:00:00,304.9121846814736,301.75750779444337
2003-08-07 08:00:00,309.6191955002137,305.3506680857419
2003-08-07 09:00:00,309.9351420821321,304.6638898100067
2003-08-07 17:00:00,299.313973895574,299.8345163166064
2003-08-07 18:00:00,298.71537707876905,299.1795471379496
2003-08-07 20:00:00,298.02123162926443,298.29939528643075
2003-08-07 21:00:00,297.80687522006514,298.0332263305852
2003-08-08 05:00:00,305.44746565855525,302.53417886460693
2003-08-08 06:00:00,305.9637430011767,303.2464486990578
2003-08-08 08:00:00,305.84110334070147,302.11947161611323
2003-08-08 09:00:00,306.9317906266552,303.4070990375819
2003-08-08 17:00:00,299.06247359688734,299.57726933225086
2003-08-08 18:00:00,298.63551311757425,299.08629569360767
2003-08-08 20:00:00,297.93883567304573,298.1976176586651
2003-08-08 21:00:00,297.80006246463915,297.9520794790588
2003-08-09 05:00:00,301.8005405185035,300.85220261678126
2003-08-09 06:00:00,303.1420987545066,301.86668485338777
2003-08-09 08:00:00,306.03610083722555,303.0662189830433
2003-08-09 09:00:00,305.7225168754214,302.861091507969
2003-08-09 17:00:00,298.55767312071913,298.9874971504388
2003-08-09 18:00:00,298.3189504003305,298.72354316417534
2003-08-09 20:00:00,297.8547794712343,298.0731120528352
2003-08-09 21:00:00,297.6100476093028,297.8301521148447
2003-08-10 05:00:00,301.0821677797197,300.3855997094388
2003-08-10 06:00:00,303.10335217492053,301.3879156362478
2003-08-10 08:00:00,303.87371732126945,301.17677553996833
2003-08-10 09:00:00,303.7011867340981,301.1993407968013
2003-08-10 17:00:00,298.65063485967,299.18281284796626
2003-08-10 18:00:00,298.35143267098124,298.7946449597187
2003-08-10 20:00:00,297.8772251029228,298.2632217524783
2003-08-10 21:00:00,297.63133070465227,298.039539190213
2003-08-11 05:00:00,302.4212562079055,301.17277853661585
2003-08-11 06:00:00,304.2166143102895,302.0477471020997
2003-08-11 08:00:00,306.4631379866637,303.33173540817756
2003-08-11 09:00:00,307.0258896979052,303.4270681372409
2003-08-11 17:00:00,298.06211916507675,298.932705448662
2003-08-11 18:00:00,297.7640251782716,298.5792575124967
2003-08-11 20:00:00,297.2367767192917,297.9369349780913
2003-08-11 21:00:00,297.09354326574385,297.7303123297787
2003-08-12 05:00:00,301.9105698360684,300.5612894067044
2003-08-12 06:00:00,303.09591573706393,301.8093313678571
2003-08-12 08:00:00,307.01935157717105,303.4940418072952
2003-08-12 09:00:00,307.07666288355284,303.88210563483335
2003-08-12 17:00:00,298.027671778698,298.69022974798975
2003-08-12 18:00:00,297.82574051444084,298.4797157793089
2003-08-12 20:00:00,297.45854861784056,298.2222122168872
2003-08-12 21:00:00,297.3287716293923,297.94699331792
2003-08-13 05:00:00,302.4302920442884,301.14799826317835
2003-08-13 06:00:00,304.7635805808892,302.1906720647827
2003-08-13 08:00:00,306.43548454672606,303.5971597163079
2003-08-13 09:00:00,304.571570515449,301.3052735174382
2003-08-13 17:00:00,298.2966854994764,298.8552536457456
2003-08-13 18:00:00,297.92507824067525,298.48358901954026
2003-08-13 20:00:00,297.4699560086055,298.05520509975537
2003-08-13 21:00:00,297.43466054860545,297.91206867705876
2003-08-14 05:00:00,302.48631194927293,301.0530614397375
2003-08-14 06:00:00,304.10858147243505,302.2983103371549
2003-08-14 08:00:00,306.2567102464579,303.4035647822823
2003-08-14 09:00:00,306.62144216293547,303.8401090742443
2003-08-14 17:00:00,298.5489894590687,299.03458335182887
2003-08-14 18:00:00,298.21971722854124,298.61508644233317
2003-08-14 20:00:00,297.53790276149755,298.00311267541264
2003-08-14 21:00:00,297.29147797336196,297.7077382092116
2003-08-15 05:00:00,302.14750986437224,300.6934346344512
2003-08-15 06:00:00,303.86581472623146,301.9438669354596
2003-08-15 08:00:00,305.0059755910159,303.1633865285911
2003-08-15 09:00:00,304.1130806521752,301.9762181545076
2003-08-15 17:00:00,298.389605223857,299.05965069739955
2003-08-15 18:00:00,298.147810220351,298.7435020834713
2003-08-15 20:00:00,297.2783855561666,298.1524068541446
2003-08-15 21:00:00,297.09320743131707,297.9482299146373
2003-08-16 05:00:00,297.91268516505266,298.88544509958234
2003-08-16 06:00:00,299.34990700367604,300.03078504189136
2003-08-16 08:00:00,300.7016874998119,301.0872998347819
2003-08-16 09:00:00,300.97867839325374,301.54000487716985
2003-08-16 17:00:00,298.282501103147,298.9708880643448
2003-08-16 18:00:00,298.0122316710204,298.71931097797693
2003-08-16 20:00:00,297.6230429486244,298.26996369207586
2003-08-16 21:00:00,297.38117663555414,298.0100528146894
2003-08-17 05:00:00,302.0814942769902,300.76928635701563
2003-08-17 06:00:00,303.8678424523681,302.0868634428192
2003-08-17 08:00:00,304.82216339816665,302.70269599056394
2003-08-17 09:00:00,305.47738365326165,303.1320493489458
2003-08-17 17:00:00,298.30931039583885,299.1686971749657
2003-08-17 18:00:00,297.90881719133705,298.7010059327301
2003-08-17 20:00:00,297.30093256828417,297.95714589076346
2003-08-17 21:00:00,297.05929081098327,297.67901891111785
2003-08-18 05:00:00,301.24940594172074,299.75273247529253
2003-08-18 06:00:00,302.85271511459945,300.7803337908306
2003-08-18 08:00:00,305.38351454536433,302.75059941884
2003-08-18 09:00:00,305.47808487573286,303.1190724659407
2003-08-18 17:00:00,297.7899025798028,298.71674418633086
2003-08-18 18:00:00,297.45172328390584,298.37121774823345
2003-08-18 20:00:00,297.1094484020639,298.02009885814414
2003-08-18 21:00:00,296.80959128451826,297.6145184815205
2003-08-19 05:00:00,300.8818703579425,299.85904786472884
2003-08-19 06:00:00,301.55699218844046,300.51628065770507
2003-08-19 08:00:00,302.63313328723876,301.5100369916308
2003-08-19 09:00:00,302.38708253928064,301.61413369671044
2003-08-19 17:00:00,297.9630703683627,298.7988440185923
2003-08-19 18:00:00,297.7393898750858,298.62664588023046
2003-08-19 20:00:00,297.2280609177882,298.085567574288
2003-08-19 21:00:00,296.9236834133718,297.70385993757674
2003-08-20 05:00:00,301.4548259200227,300.4354892489723
2003-08-20 06:00:00,303.45132545036233,301.41010243279175
2003-08-20 08:00:00,304.25837693412797,302.33521742152146
2003-08-20 09:00:00,305.52757940307055,302.9148130960568
2003-08-20 17:00:00,298.3002639088682,298.9187544718362
2003-08-20 18:00:00,297.6879386255297,298.2809744483701
2003-08-20 20:00:00,297.54785186814604,298.26891377453444
2003-08-20 21:00:00,297.3635662061224,298.0014240047414
2003-08-21 05:00:00,303.2143664955174,301.2718868167448
2003-08-21 06:00:00,304.1984640865003,301.7221370044585
2003-08-21 08:00:00,305.36444649013055,301.82018629171085
2003-08-21 09:00:00,306.18398041570873,302.1092794033338
2003-08-21 17:00:00,298.6146438198942,299.4277070079268
2003-08-21 18:00:00,298.28646989302206,299.13149255596807
2003-08-21 20:00:00,297.7953227414923,298.67775567617554
2003-08-21 21:00:00,297.74734438292234,298.5912049092203
2003-08-22 05:00:00,305.06794056943824,302.71526286120775
2003-08-22 06:00:00,306.8598052790426,303.7662836906539
2003-08-22 08:00:00,308.73898712769494,305.2569389872265
2003-08-22 09:00:00,308.25227706274376,305.4584595572967
2003-08-22 17:00:00,299.4018228586723,300.4850798196896
2003-08-22 18:00:00,298.979798656399,300.02712305007253
2003-08-22 20:00:00,298.2996022793104,299.60424799985253
2003-08-22 21:00:00,298.02595936168325,299.4465602175297
2003-08-23 05:00:00,307.0364028154794,303.4254406427933
2003-08-23 06:00:00,307.92971806460065,304.1754055875475
2003-08-23 08:00:00,308.0973028526835,304.8194468399776
2003-08-23 09:00:00,308.4502649762781,305.52466452764617
2003-08-23 17:00:00,300.3197061218356,300.7623718214696
2003-08-23 18:00:00,299.7830164928466,300.1953786135822
2003-08-23 20:00:00,299.18708429792076,299.5156550003311
2003-08-23 21:00:00,298.95402439863915,299.1721269228425
2003-08-24 05:00:00,301.42674767915935,300.0520330349727
2003-08-24 06:00:00,299.70613342661335,298.7059197800553
2003-08-24 08:00:00,299.232100452958,298.9925236400728
2003-08-24 09:00:00,300.0824219126179,300.480739834496
2003-08-24 17:00:00,297.3143449733364,297.84152320426864
2003-08-24 18:00:00,296.9876809847557,297.4810011148086
2003-08-24 20:00:00,297.1723676778503,297.96744070655575
2003-08-24 21:00:00,297.1307117714904,297.7678744840696
2003-08-25 05:00:00,301.26116341471857,300.3935771172146
2003-08-25 06:00:00,302.26134945909126,301.19608084703634
2003-08-25 08:00:00,303.8781669393342,302.109118962692
2003-08-25 09:00:00,302.9336274415944,300.75097463457905
2003-08-25 17:00:00,297.499441043989,298.0248996399584
2003-08-25 18:00:00,297.28531857154036,297.86713368279175
2003-08-25 20:00:00,297.16394851755103,297.9074354127669
2003-08-25 21:00:00,297.18501514499474,297.82246041555067
2003-08-26 05:00:00,299.9608205551359,299.01805653153286
2003-08-26 06:00:00,300.3019338175769,299.03068234483345
2003-08-26 08:00:00,299.7817567375665,298.99012678760596
2003-08-26 09:00:00,299.68945714542053,298.61587317515233
2003-08-26 17:00:00,296.4448377377079,296.9908693428216
2003-08-26 18:00:00,296.3489016869403,296.91519002811566
2003-08-26 20:00:00,296.4708766143752,296.8313264538217
2003-08-26 21:00:00,296.38709495321075,296.64065034510725
2003-08-27 05:00:00,296.62147174006435,296.4365305378919
2003-08-27 06:00:00,297.17278627181093,296.72803834700625
2003-08-27 08:00:00,298.990523657189,297.8361967348354
2003-08-27 09:00:00,298.58698685327187,298.0169999132906
2003-08-27 17:00:00,296.4390128066617,296.89479960719314
2003-08-27 18:00:00,296.0645484395314,296.50693247461544
2003-08-27 20:00:00,296.31112000828347,296.735522489151
2003-08-27 21:00:00,296.40357573851594,296.68276972836816
2003-08-28 05:00:00,299.95551200126096,299.1782324369222
2003-08-28 06:00:00,300.65749567205256,299.36196165863646
2003-08-28 08:00:00,300.9466249909717,299.37757154091486
2003-08-28 09:00:00,301.42020337497144,299.8440073539369
2003-08-28 17:00:00,297.1655625870856,297.2934211531112
2003-08-28 18:00:00,296.9738496095631,297.16261966276244
2003-08-28 20:00:00,296.8528393714564,297.1369599282099
2003-08-28 21:00:00,296.7529115603408,297.02343707679785
2003-08-29 05:00:00,299.56703251866605,298.19754547918524
2003-08-29 06:00:00,299.6685278941009,298.40563424085434
2003-08-29 08:00:00,303.8025967167412,301.6888650150623
2003-08-29 09:00:00,306.0616304136021,302.67261184198645
2003-08-29 17:00:00,297.69785267693237,298.28673425330584
2003-08-29 18:00:00,297.38490977235864,297.9177342724911
2003-08-29 20:00:00,296.9965568742326,297.1635408092905
2003-08-29 21:00:00,296.6915241588246,296.8713599911823
2003-08-30 05:00:00,299.14879536445045,298.7380186530585
2003-08-30 06:00:00,300.1292712148423,299.4266200131738
2003-08-30 08:00:00,300.3630606206063,298.95899091112227
2003-08-30 09:00:00,300.68716470633154,299.43457609626284
2003-08-30 17:00:00,297.0676309735456,297.14561629332087
2003-08-30 18:00:00,296.98075027348267,296.98044596761696
2003-08-30 20:00:00,296.7555671774184,296.899517982142
2003-08-30 21:00:00,296.6013857660749,296.74480107899626
2003-08-31 05:00:00,296.2714434419465,296.07841110817276
2003-08-31 06:00:00,296.53639174168944,296.1461790346401
2003-08-31 08:00:00,296.8755761897435,297.0589486285241
2003-08-31 09:00:00,298.0544012037375,298.03561617670516
2003-08-31 17:00:00,296.3507410881149,297.6736875748598
2003-08-31 18:00:00,296.33009408912596,297.46106493087325
2003-08-31 20:00:00,296.5115230425113,297.3939886813171
2003-08-31 21:00:00,296.49620187815236,297.22836912651826
2003-09-01 05:00:00,300.20214317098424,299.33375516400685
2003-09-01 06:00:00,301.10639358779133,300.0276538396286
2003-09-01 08:00:00,302.0175521215783,300.9880408476608
2003-09-01 09:00:00,302.52797394504165,301.37938080069097
2003-09-01 17:00:00,297.13161749465075,297.9947443699066
2003-09-01 18:00:00,296.9086690235579,297.7078227791103
2003-09-01 20:00:00,296.49456573157175,297.23829552131735
2003-09-01 21:00:00,296.2248779908167,296.8683523404396
2003-09-02 05:00:00,300.4260981578857,299.1508451911444
2003-09-02 06:00:00,301.83732386326017,300.10209712188674
2003-09-02 08:00:00,303.5372154811865,301.4768408259552
2003-09-02 09:00:00,302.9997379438168,301.5887089804251
2003-09-02 17:00:00,296.6978896130766,297.60149497574395
2003-09-02 18:00:00,296.2453257086097,297.180442492657
2003-09-02 20:00:00,295.7256737989711,296.7258733858129
2003-09-02 21:00:00,295.39068702262796,296.4007448452096
2003-09-03 05:00:00,301.23768234840713,299.88068252351883
2003-09-03 06:00:00,302.4568556211028,300.5549993529709
2003-09-03 08:00:00,303.60666685883183,301.4932414614732
2003-09-03 09:00:00,303.95740949868787,301.8491057174048
2003-09-03 17:00:00,296.49245183677266,297.2952539241185
2003-09-03 18:00:00,296.0157685125554,296.8312541097633
2003-09-03 20:00:00,295.5291981748514,296.5044334893601
2003-09-03 21:00:00,295.2439103560014,296.17663976260803
2003-09-04 05:00:00,301.4931063424274,299.887513194503
2003-09-04 06:00:00,302.615473531244,300.6140986414647
2003-09-04 08:00:00,304.36407071012195,302.0292279635813
2003-09-04 09:00:00,304.5149783470965,302.3651372265926
2003-09-04 17:00:00,296.75268488856057,297.6429677061014
2003-09-04 18:00:00,296.12290155207984,297.03376419702187
2003-09-04 20:00:00,295.43073671220446,296.45738817400115
2003-09-04 21:00:00,295.0132609927232,296.01178573349773
2003-09-05 05:00:00,302.1230746887866,300.2489045882262
2003-09-05 06:00:00,302.6807615400646,300.67522241154506
2003-09-05 08:00:00,304.7526824669037,301.77707170154355
2003-09-05 09:00:00,304.75306490059074,301.81056645985564
2003-09-05 17:00:00,295.91774800305006,296.92571168026683
2003-09-05 18:00:00,295.68445917491005,296.6752070587111
2003-09-05 20:00:00,295.64382922814696,296.60658130146135
2003-09-05 21:00:00,295.4286871206228,296.21313142703025
2003-09-06 05:00:00,301.20827776845687,299.7010250238498
2003-09-06 06:00:00,302.8137993717047,300.7787569630862
2003-09-06 08:00:00,303.480176411351,301.3422588471823
2003-09-06 09:00:00,303.7418558270612,301.56635334972975
2003-09-06 17:00:00,297.1780395978037,298.00090840344075
2003-09-06 18:00:00,296.86254979208553,297.57970373215403
2003-09-06 20:00:00,296.2562914173849,296.8085554502043
2003-09-06 21:00:00,295.9482088015517,296.49734045654674
2003-09-07 05:00:00,300.75117429195456,299.5093263646671
2003-09-07 06:00:00,302.5352869019119,300.5132878660605
2003-09-07 08:00:00,305.02226936798803,301.99601771467826
2003-09-07 09:00:00,305.37631752237513,302.28387143174746
2003-09-07 17:00:00,296.09330117059596,297.2658643208227
2003-09-07 18:00:00,296.00133870599456,297.14642656088245
2003-09-07 20:00:00,295.80812406613387,296.7358191068441
2003-09-07 21:00:00,295.75072529797194,296.52679344612204
2003-09-08 05:00:00,300.97468465796237,299.8243750761764
2003-09-08 06:00:00,302.26993724194074,300.548634627567
2003-09-08 08:00:00,304.018015669013,301.77895887753994
2003-09-08 09:00:00,304.72451356673275,302.1885629662748
2003-09-08 17:00:00,297.1246852786589,298.0104100208253
2003-09-08 18:00:00,296.5667129775225,297.3379411506359
2003-09-08 20:00:00,295.78331487388203,296.56990695477265
2003-09-08 21:00:00,295.4479494021376,296.2548652496103
2003-09-09 05:00:00,301.86867625467215,299.8643290515306
2003-09-09 06:00:00,303.9479719023859,301.28159505082937
2003-09-09 08:00:00,305.48351796859953,302.69740918457785
2003-09-09 09:00:00,305.9634560701109,303.1930853280889
2003-09-09 17:00:00,296.62296839451017,297.7739822082049
2003-09-09 18:00:00,296.3515566927259,297.3803769480466
2003-09-09 20:00:00,295.85913264622855,296.72084209988776
2003-09-09 21:00:00,295.6308013963038,296.35701200370613
2003-09-10 05:00:00,301.87798672574695,300.16948190933016
2003-09-10 06:00:00,303.6163095200925,301.52248040479947
2003-09-10 08:00:00,304.5866584013717,302.162885010518
2003-09-10 09:00:00,305.7189176115674,302.8747484533372
2003-09-10 17:00:00,297.076372284735,298.0255795847653
2003-09-10 18:00:00,296.6690464578167,297.68383633888374
2003-09-10 20:00:00,296.3016913932718,297.17557592641776
2003-09-10 21:00:00,295.96858255301123,296.79504495629544
2003-09-11 05:00:00,301.44020539035415,300.06309805518856
2003-09-11 06:00:00,303.46001849299404,301.497733188153
2003-09-11 08:00:00,305.08490620335374,302.5703116065732
2003-09-11 09:00:00,305.0210747388184,302.56174517192164
2003-09-11 17:00:00,296.8875394800595,297.6716240881404
2003-09-11 18:00:00,296.5833101434223,297.2178920046391
2003-09-11 20:00:00,295.7715601752095,296.324738653856
2003-09-11 21:00:00,295.4490898379192,295.967634838792
2003-09-12 05:00:00,301.3744087395573,300.109426959821
2003-09-12 06:00:00,303.0383878217089,301.2284375206899
2003-09-12 08:00:00,304.8979210758062,302.1858860715329
2003-09-12 09:00:00,305.0424819264464,302.4322611334144
2003-09-12 17:00:00,296.3011824456496,297.20449474081977
2003-09-12 18:00:00,295.9901632065031,296.8745111779917
2003-09-12 20:00:00,295.31818381663646,296.0983415318564
2003-09-12 21:00:00,294.9770681795611,295.62624926927094
2003-09-13 05:00:00,301.670962082403,299.7157778277052
2003-09-13 06:00:00,303.6592269920972,301.06079007517576
2003-09-13 08:00:00,306.41000601323253,302.9345610020524
2003-09-13 09:00:00,306.1501419702186,303.0579438525466
2003-09-13 17:00:00,297.0570353080385,297.9411046244147
2003-09-13 18:00:00,296.66481521206754,297.5054937518433
2003-09-13 20:00:00,296.03718590405765,296.6547593174069
2003-09-13 21:00:00,295.6976402059358,296.2117846331721
2003-09-14 05:00:00,301.7353512803653,299.9213225330888
2003-09-14 06:00:00,303.909044450898,301.240352730538
2003-09-14 08:00:00,306.4008121343534,302.8265109304654
2003-09-14 09:00:00,306.0715516359303,303.2013472217625
2003-09-14 17:00:00,296.3264857264256,297.4078730743361
2003-09-14 18:00:00,296.04199002446677,297.3049308647544
2003-09-14 20:00:00,295.7781216425962,297.38064248389196
2003-09-14 21:00:00,295.8657042939784,297.1602671054552
2003-09-15 05:00:00,300.59103673338336,299.4908785122018
2003-09-15 06:00:00,302.0538734941527,300.72021258667183
2003-09-15 08:00:00,303.78263365946856,301.9211892949415
2003-09-15 09:00:00,305.16722574807096,302.7403459593034
2003-09-15 17:00:00,297.07547558988733,297.8705107419994
2003-09-15 18:00:00,296.37092635003376,297.2376376065341
2003-09-15 20:00:00,295.9124074503895,296.83457333134214
2003-09-15 21:00:00,295.73901209662256,296.5871512438006
2003-09-16 05:00:00,302.2051009544055,300.68452100944813
2003-09-16 06:00:00,304.2753239706595,302.01333345433784
2003-09-16 08:00:00,305.31815214700805,302.58285571834523
2003-09-16 09:00:00,305.86504036032,303.02930136564515
2003-09-16 17:00:00,297.9474254778611,299.02757820399773
2003-09-16 18:00:00,297.5975424556409,298.809667413885
2003-09-16 20:00:00,296.7361939934259,297.90762183331935
2003-09-16 21:00:00,296.4859104714886,297.7043111416151
2003-09-17 05:00:00,302.9749464320109,301.3490516180617
2003-09-17 06:00:00,304.3009127483162,302.3548276457471
2003-09-17 08:00:00,306.34536738461816,303.63118147886775
2003-09-17 09:00:00,306.3359044432089,303.8839262505342
2003-09-17 17:00:00,297.51006410008034,298.15036631438693
2003-09-17 18:00:00,296.7965035225467,297.54994883485864
2003-09-17 20:00:00,295.9656106158287,296.9007588814146
2003-09-17 21:00:00,295.87421082201286,296.81674996068926
2003-09-18 05:00:00,302.7637734200077,301.2225901129066
2003-09-18 06:00:00,304.79310718412944,302.46626632055626
2003-09-18 08:00:00,307.53337736673456,304.19940317209773
2003-09-18 09:00:00,307.7336963718221,304.9633995020885
2003-09-18 17:00:00,297.1836661410809,298.4431117547128
2003-09-18 18:00:00,297.1204428180524,298.4575205657442
2003-09-18 20:00:00,297.164004333214,298.3517042727243
2003-09-18 21:00:00,296.9512344618975,298.00780474129374
2003-09-19 05:00:00,304.221688433678,302.54482293973905
2003-09-19 06:00:00,305.8030303343786,303.776888008294
2003-09-19 08:00:00,307.3306147218301,305.249037473705
2003-09-19 09:00:00,307.8695202138281,305.95468797962917
2003-09-19 17:00:00,298.5051318434611,299.9715737694034
2003-09-19 18:00:00,298.28623870708543,299.7554239469978
2003-09-19 20:00:00,297.4382709802942,298.9227386850789
2003-09-19 21:00:00,297.510463367809,298.8217854551248
2003-09-20 05:00:00,304.7796440653514,302.9109834691593
2003-09-20 06:00:00,306.6716259690389,304.2277798175077
2003-09-20 08:00:00,308.11259977696307,305.5545178194443
2003-09-20 09:00:00,307.7029474902043,305.81733346242567
2003-09-20 17:00:00,298.4684514308747,300.2195240132431
2003-09-20 18:00:00,298.16239106306125,299.8270243452217
2003-09-20 20:00:00,297.56280632783154,298.84961527631907
2003-09-20 21:00:00,297.3673688656377,298.52126047754507
2003-09-21 05:00:00,304.7621581043778,303.00076025917275
2003-09-21 06:00:00,306.86400005887214,304.4083379148886
2003-09-21 08:00:00,308.7735402205692,305.73846299181736
2003-09-21 09:00:00,308.31126495502394,305.8609510753849
2003-09-21 17:00:00,299.21204948719185,300.5602524673627
2003-09-21 18:00:00,298.9491876681523,300.2464574922583
2003-09-21 20:00:00,298.28839449889864,299.36826349149686
2003-09-21 21:00:00,298.1120513539836,299.069438023266
2003-09-22 05:00:00,304.54842427258137,303.1032097203706
2003-09-22 06:00:00,306.6745916757452,304.5196478186844
2003-09-22 08:00:00,308.8721510970905,306.0223325191551
2003-09-22 09:00:00,308.1253654820893,305.8286418238847
2003-09-22 17:00:00,299.16043511671353,300.4442372138401
2003-09-22 18:00:00,298.85774176881205,300.15992663931587
2003-09-22 20:00:00,298.46562984801585,299.5877292909314
2003-09-22 21:00:00,298.2700894066292,299.21120668008626
2003-09-23 05:00:00,304.19955195116887,302.6021491757527
2003-09-23 06:00:00,306.73332832700856,304.0313784653674
2003-09-23 08:00:00,308.84267318561007,305.3117480638031
2003-09-23 09:00:00,308.914117210635,305.6125459362436
2003-09-23 17:00:00,298.5932692658552,299.77008543323115
2003-09-23 18:00:00,297.89470069544336,299.24065400345484
2003-09-23 20:00:00,297.3355644943167,298.79800927583904
2003-09-23 21:00:00,297.2059172173311,298.3434819954753
2003-09-24 05:00:00,304.61286799308886,302.1918851502688
2003-09-24 06:00:00,306.3994261942953,303.1910054070189
2003-09-24 08:00:00,308.5066945879779,304.25281944333676
2003-09-24 09:00:00,308.8476769163723,304.68453318826596
2003-09-24 17:00:00,297.9153989724276,298.701267965402
2003-09-24 18:00:00,296.99997406711196,297.76300636608903
2003-09-24 20:00:00,296.4247113008896,297.4112600082609
2003-09-24 21:00:00,296.36831455789104,297.11431099490505
2003-09-25 05:00:00,305.4297381431921,302.5157064193937
2003-09-25 06:00:00,307.5564473861906,303.73001434843417
2003-09-25 08:00:00,309.2639700209231,304.8316282674969
2003-09-25 09:00:00,308.76057591607287,305.1596768089729
2003-09-25 17:00:00,298.29603285120896,299.39146594971834
2003-09-25 18:00:00,297.8158428738775,298.8648459929715
2003-09-25 20:00:00,296.8982845359297,297.5659871623035
2003-09-25 21:00:00,296.4814408218549,297.05642281695395
2003-09-26 05:00:00,304.93315108053855,300.99805964159856
2003-09-26 06:00:00,307.54369012159634,302.603320693382
2003-09-26 08:00:00,309.04111345523313,304.27812646239863
2003-09-26 09:00:00,308.91982129395285,304.8787266006822
2003-09-26 17:00:00,297.1642319454434,298.4348116317772
2003-09-26 18:00:00,296.4910386471976,297.65774559644046
2003-09-26 20:00:00,295.6563475010759,296.8147654246843
2003-09-26 21:00:00,295.2195439272559,296.28342250829854
2003-09-27 05:00:00,305.97136073413725,302.0543157874344
2003-09-27 06:00:00,307.9337073797805,303.31345472056614
2003-09-27 08:00:00,309.10877675672157,304.62943292509055
2003-09-27 09:00:00,308.5412143654375,304.8665441856914
2003-09-27 17:00:00,296.939933365409,298.3740799114774
2003-09-27 18:00:00,296.27700246096765,297.7575000122259
2003-09-27 20:00:00,296.0020629459611,297.512366978156
2003-09-27 21:00:00,295.79960658186576,297.08748757196315
2003-09-28 05:00:00,305.5993806577427,302.5522725438852
2003-09-28 06:00:00,307.85496960656127,303.9245691519857
2003-09-28 08:00:00,309.426103377379,305.2253664601566
2003-09-28 09:00:00,308.0317711734625,305.0541228072485
2003-09-28 17:00:00,297.2565550958431,298.92614435745503
2003-09-28 18:00:00,296.8606168397219,298.59140651802807
2003-09-28 20:00:00,296.4417711678198,297.8567546497692
2003-09-28 21:00:00,296.1527220927328,297.38541260706074
2003-09-29 05:00:00,306.3162676983144,302.6964144243849
2003-09-29 06:00:00,308.505730439408,303.92646175907646
2003-09-29 08:00:00,309.68625364612177,305.1230160517759
2003-09-29 09:00:00,309.42883077424557,305.2966265568197
2003-09-29 17:00:00,298.0071937549279,299.20270845151646
2003-09-29 18:00:00,297.5781961449856,298.7121333987761
2003-09-29 20:00:00,296.624401592143,297.81440330470105
2003-09-29 21:00:00,296.0825635677861,297.1767417543291
2003-09-30 05:00:00,305.7688099019149,302.3183993440931
2003-09-30 06:00:00,308.2753896845507,303.5417713465052
2003-09-30 08:00:00,311.0376203210769,305.2402166005092
2003-09-30 09:00:00,309.68979173375203,305.0518817872222
2003-09-30 17:00:00,297.1381853806036,297.5772114005772
2003-09-30 18:00:00,296.1996524616824,296.8779112311835
2003-09-30 20:00:00,295.00824505963203,296.4327269144161
2003-09-30 21:00:00,294.4699826703417,295.8803362265941
2003-10-01 05:00:00,306.2220068227712,303.134336121828
2003-10-01 06:00:00,308.73440081533187,304.3860581079139
2003-10-01 08:00:00,311.0213228528415,305.07917012125023
2003-10-01 09:00:00,310.43303728617946,305.1178122169248
2003-10-01 17:00:00,295.63318701040214,296.69848327166494
2003-10-01 18:00:00,294.79984129448707,296.29187919252274
2003-10-01 20:00:00,293.8455445182342,295.8190607620498
2003-10-01 21:00:00,293.4338941294901,295.55572519170124
2003-10-02 05:00:00,305.9579058442902,303.37918159002885
2003-10-02 06:00:00,308.66402495256375,304.5005337519712
2003-10-02 08:00:00,309.8796001134558,305.78717946198026
2003-10-02 09:00:00,309.87398132888484,306.19790578880367
2003-10-02 17:00:00,294.14745696410193,296.6675536827241
2003-10-02 18:00:00,293.18478210167086,295.8004773673365
2003-10-02 20:00:00,292.0319255717179,294.69539182689414
2003-10-02 21:00:00,291.57765390546,294.07761569970927
2003-10-03 05:00:00,305.96498639263984,303.32363788152145
2003-10-03 06:00:00,308.6688613303821,304.67908344944743
2003-10-03 08:00:00,310.91197787668375,306.35459740025976
2003-10-03 09:00:00,310.35807746217137,306.6962125569536
2003-10-03 17:00:00,293.0357558804411,295.96146006062514
2003-10-03 18:00:00,291.4630718730815,296.75009428003716
2003-10-03 20:00:00,289.99973051426775,293.41534357996676
2003-10-03 21:00:00,289.82501766163693,292.90685955218066
2003-10-04 05:00:00,305.3604350743933,303.0526039817117
2003-10-04 06:00:00,308.10044856137597,304.3233178231308
2003-10-04 08:00:00,310.5440251096188,306.2082386692794
2003-10-04 09:00:00,310.0465142201569,306.62991603386973
2003-10-04 17:00:00,293.6657936319548,296.15356087941785
2003-10-04 18:00:00,292.85346159619064,295.271336324777
2003-10-04 20:00:00,291.42736282701304,293.7323190133634
2003-10-04 21:00:00,290.6798442728898,292.9333926114169
2003-10-05 05:00:00,305.02490556478875,302.3301095360049
2003-10-05 06:00:00,307.8669510475476,303.84005384636214
2003-10-05 08:00:00,310.43665533550717,305.45754076189183
2003-10-05 09:00:00,310.2848835902516,305.8907601190458
2003-10-05 17:00:00,294.71233359690996,296.8391710936748
2003-10-05 18:00:00,294.3109966683645,296.1945912929823
2003-10-05 20:00:00,293.1070232655859,294.92265853529165
2003-10-05 21:00:00,292.4734342601524,294.3204972747662
2003-10-06 05:00:00,303.5752036589871,300.75147401313023
2003-10-06 06:00:00,306.1707908265947,302.24976244251974
2003-10-06 08:00:00,309.35234422492687,304.6553564791687
2003-10-06 09:00:00,309.4681702835718,305.18521781180783
2003-10-06 17:00:00,295.01688477879134,296.8010204297552
2003-10-06 18:00:00,294.2561234531491,295.89950672026225
2003-10-06 20:00:00,292.68475226591846,294.45517292228425
2003-10-06 21:00:00,292.00526268346283,293.7973533359992
2003-10-07 05:00:00,304.99714077566006,301.6061837735639
2003-10-07 06:00:00,307.7150896069449,303.082655990436
2003-10-07 08:00:00,311.0109939457639,305.08349632886234
2003-10-07 09:00:00,310.9847008421535,305.63817141493223
2003-10-07 17:00:00,296.065422869243,297.8454757243717
2003-10-07 18:00:00,295.5255669827454,297.1653225609261
2003-10-07 20:00:00,293.96580204427335,295.5053555058037
2003-10-07 21:00:00,293.1700505519684,294.7866451692508
2003-10-08 05:00:00,306.61934688903153,302.8542722399319
2003-10-08 06:00:00,309.260206625164,304.4090201167737
2003-10-08 08:00:00,311.53347277531094,306.0691038346254
2003-10-08 09:00:00,311.3895699570102,306.46269247234324
2003-10-08 17:00:00,295.7340732098361,297.7002021072458
2003-10-08 18:00:00,295.11010681058303,297.0233759240854
2003-10-08 20:00:00,294.04793488630344,295.96876657541804
2003-10-08 21:00:00,293.4852616555518,295.39749498176286
2003-10-09 05:00:00,307.2392181020305,303.87124236449256
2003-10-09 06:00:00,310.39657938388535,305.2039632929492
2003-10-09 08:00:00,313.398582705364,307.2785583637161
2003-10-09 09:00:00,312.9670025042283,307.70067482406074
2003-10-09 17:00:00,298.52212898242635,300.5912040393048
2003-10-09 18:00:00,298.2922007791434,300.321567882191
2003-10-09 20:00:00,296.26035291204465,298.27991517335863
2003-10-09 21:00:00,295.72298700600084,297.7207176079184
2003-10-10 05:00:00,306.19751531427556,304.4405724947185
2003-10-10 06:00:00,308.9059419558485,306.0480145658661
2003-10-10 08:00:00,310.97093181874607,307.32301723203966
2003-10-10 09:00:00,310.69017764710134,307.3899641228016
2003-10-10 17:00:00,297.0580380150276,299.1324769241968
2003-10-10 18:00:00,296.36938728132674,298.3887763824228
2003-10-10 20:00:00,295.2522014036017,297.4954253256964
2003-10-10 21:00:00,294.7927364825468,297.15275888780974
2003-10-11 05:00:00,305.65710091848035,303.5626813186152
2003-10-11 06:00:00,308.51757097758565,305.2040559977339
2003-10-11 08:00:00,310.58788956699465,306.2387373443745
2003-10-11 09:00:00,310.2937019712569,306.28508256580136
2003-10-11 17:00:00,294.7999570167671,297.34063589040227
2003-10-11 18:00:00,294.1825553294507,296.78274040045835
2003-10-11 20:00:00,293.73420341503453,296.01252462096136
2003-10-11 21:00:00,293.3701420623826,295.36091199971867
2003-10-12 05:00:00,307.00235119365584,303.07185079283636
2003-10-12 06:00:00,310.1910115669615,304.67861364802525
2003-10-12 08:00:00,313.0672877801034,305.64307811484315
2003-10-12 09:00:00,312.5650058270236,305.7873101609147
2003-10-12 17:00:00,293.0227694988985,295.7739249348457
2003-10-12 18:00:00,292.0474763937834,294.42247726369897
2003-10-12 20:00:00,290.74405880591536,293.52916885634596
2003-10-12 21:00:00,290.4866011139057,293.0991060230508
2003-10-13 05:00:00,306.63159393639705,303.50221783795234
2003-10-13 06:00:00,309.67268653716803,304.4870235637083
2003-10-13 08:00:00,313.0608652876045,305.6154617521172
2003-10-13 09:00:00,312.5966122572889,305.8510852455175
2003-10-13 17:00:00,292.4275270294519,295.9742208519041
2003-10-13 18:00:00,291.2967452415149,296.00806900753264
2003-10-13 20:00:00,289.6941455200383,296.4423799206186
2003-10-13 21:00:00,289.15152464221546,296.65499363033723
2003-10-14 05:00:00,309.1978339384811,303.63713870761205
2003-10-14 06:00:00,311.1299443413921,304.8177229494821
2003-10-14 08:00:00,312.39908906675083,305.6928318770164
2003-10-14 09:00:00,311.8316044271084,305.8833563382894
2003-10-14 17:00:00,295.18643444748983,297.29224766053846
2003-10-14 18:00:00,294.3807261368527,296.5351755056984
2003-10-14 20:00:00,292.13849253132827,294.3614628678662
2003-10-14 21:00:00,291.07434747399094,293.5179497905432
2003-10-15 05:00:00,307.02785161610564,303.0739585512041
2003-10-15 06:00:00,310.4696648455181,304.3319688041699
2003-10-15 08:00:00,313.3980561713408,305.6349826571754
2003-10-15 09:00:00,313.096149814882,305.801023157058
2003-10-15 17:00:00,294.36605315362726,296.70270163325944
2003-10-15 18:00:00,293.6643868374347,295.69792638464224
2003-10-15 20:00:00,291.84026963244236,293.8195121306668
2003-10-15 21:00:00,291.04763756327344,293.3104097339883
2003-10-16 05:00:00,306.0668044597232,302.99139444265967
2003-10-16 06:00:00,309.15437213445114,304.45989931456296
2003-10-16 08:00:00,312.2606347881958,305.4523114878885
2003-10-16 09:00:00,312.14037486401105,305.6248159305708
2003-10-16 17:00:00,293.82995831176567,295.95520336932873
2003-10-16 18:00:00,293.0524420128398,295.15826056293787
2003-10-16 20:00:00,291.9999976488769,293.97642597028033
2003-10-16 21:00:00,291.4055821869884,293.3620193551979
2003-10-17 05:00:00,306.19665555557225,302.18281621007236
2003-10-17 06:00:00,309.2867092608671,303.49548172914007
2003-10-17 08:00:00,312.66321132289613,305.11543452611136
2003-10-17 09:00:00,312.3855348889743,305.4372294092399
2003-10-17 17:00:00,294.8623226971031,296.7726741843672
2003-10-17 18:00:00,293.86724244574737,295.85725644997717
2003-10-17 20:00:00,292.76756582862606,294.4995104726548
2003-10-17 21:00:00,291.98037973647865,293.7348947157662
2003-10-18 05:00:00,306.35803213251756,302.54895600258664
2003-10-18 06:00:00,309.5879017458124,303.88313359288486
2003-10-18 08:00:00,313.1777816090635,305.2575392054483
2003-10-18 09:00:00,312.6132675899747,305.48264817060056
2003-10-18 17:00:00,293.6458599872325,295.55339454686145
2003-10-18 18:00:00,292.2643776351388,294.3670881650481
2003-10-18 20:00:00,290.1646992781864,292.5010800354286
2003-10-18 21:00:00,289.42327403581385,291.82292894736645
2003-10-19 05:00:00,308.04505487803505,302.79442117981995
2003-10-19 06:00:00,310.7559049162549,303.8365924993906
2003-10-19 08:00:00,312.86995486595964,304.93133180497796
2003-10-19 09:00:00,312.21192048106616,305.151163110013
2003-10-19 17:00:00,292.64545977905465,294.84290284331666
2003-10-19 18:00:00,291.51010192965134,293.9194970975855
2003-10-19 20:00:00,290.0475549448069,292.67560804275956
2003-10-19 21:00:00,289.77399285879267,292.1308955822961
2003-10-20 05:00:00,306.70723805478985,303.385458289383
2003-10-20 06:00:00,310.0596302896509,304.4083669277479
2003-10-20 08:00:00,313.36893252709245,305.53646015937227
2003-10-20 09:00:00,312.744495291923,305.66839435030755
2003-10-20 17:00:00,291.4595677591803,297.06246687267526
2003-10-20 18:00:00,290.41335373042364,296.5170838248748
2003-10-20 20:00:00,288.7853513697079,295.5571610461031
2003-10-20 21:00:00,288.21942853413304,293.56763271337667
2003-10-21 05:00:00,306.4274859788422,303.3695560449445
2003-10-21 06:00:00,309.62371718020216,304.67212351371404
2003-10-21 08:00:00,312.03864639822984,305.68381045301817
2003-10-21 09:00:00,311.49755139931324,305.6907257644348
2003-10-21 17:00:00,292.12443624769776,294.2190643921839
2003-10-21 18:00:00,290.64631525871386,293.4478683824348
2003-10-21 20:00:00,288.52811759866444,295.25741332631634
2003-10-21 21:00:00,287.8124679777031,294.3067198578492
2003-10-22 05:00:00,307.78512801301133,302.95745163081426
2003-10-22 06:00:00,310.92884951269684,304.1404227328778
2003-10-22 08:00:00,313.52891608709916,305.10390073896735
2003-10-22 09:00:00,312.80039108111794,305.1878810465244
2003-10-22 17:00:00,291.85413705035245,294.2932790042072
2003-10-22 18:00:00,290.3194526237405,294.29988763512375
2003-10-22 20:00:00,288.30486573864385,296.02072333995665
2003-10-22 21:00:00,287.5842945821847,294.634110272941
2003-10-23 05:00:00,306.97969001099955,302.4055255484324
2003-10-23 06:00:00,310.78065582416457,303.92613208459227
2003-10-23 08:00:00,312.8847423488811,304.5290184314887
2003-10-23 09:00:00,312.16141485322976,304.67831432654054
2003-10-23 17:00:00,292.0757663297727,294.0364943682137
2003-10-23 18:00:00,290.59422067133784,292.8341780135004
2003-10-23 20:00:00,288.88006739917637,291.24722985971505
2003-10-23 21:00:00,288.5245258819157,290.8723305112959
2003-10-24 05:00:00,306.06931938559325,301.74909890855224
2003-10-24 06:00:00,309.55568534016425,302.9332035576067
2003-10-24 08:00:00,312.83422367231134,304.1548334483189
2003-10-24 09:00:00,311.93839775285295,304.3719773020693
2003-10-24 17:00:00,291.2347029581643,293.68529168409634
2003-10-24 18:00:00,289.8950625803144,292.5177076953953
2003-10-24 20:00:00,289.39961310858354,291.90874973761464
2003-10-24 21:00:00,289.5075972781894,291.64481481895973
2003-10-25 05:00:00,304.8272025603543,300.70095119858377
2003-10-25 06:00:00,308.352660568543,302.2060954089525
2003-10-25 08:00:00,311.65054840887274,303.9076310967444
2003-10-25 09:00:00,311.29815375235495,304.29189920058053
2003-10-25 17:00:00,291.56665763208423,293.5820531154451
2003-10-25 18:00:00,290.4223910715253,292.793888673944
2003-10-25 20:00:00,289.80888164502636,291.9915003607564
2003-10-25 21:00:00,289.5297865434127,291.6177962292876
2003-10-26 05:00:00,305.06410539389026,301.41123971806843
2003-10-26 06:00:00,308.5192827833084,303.058237249201
2003-10-26 08:00:00,311.9967030670683,304.32100758603985
2003-10-26 09:00:00,311.59368548518154,304.6053859669549
2003-10-26 17:00:00,291.10269581187856,293.5556060838038
2003-10-26 18:00:00,289.94665945843667,293.1832016531969
2003-10-26 20:00:00,288.39924139601794,293.3412610775517
2003-10-26 21:00:00,287.79583208880547,291.87872641259247
2003-10-27 05:00:00,304.66932751107475,300.7376954911853
2003-10-27 06:00:00,308.27424581612934,302.3610178707928
2003-10-27 08:00:00,312.4552266454476,304.19392590162755
2003-10-27 09:00:00,312.0037686152525,304.4141646562997
2003-10-27 17:00:00,292.64504983722713,294.4598999493663
2003-10-27 18:00:00,292.00682580415935,293.83323131026395
2003-10-27 20:00:00,291.0394327078468,292.7677753607187
2003-10-27 21:00:00,290.41527812469906,292.09319917887495
2003-10-28 05:00:00,304.21215505262006,299.9496328298043
2003-10-28 06:00:00,307.3356812981134,301.3633977246395
2003-10-28 08:00:00,310.2854623662305,303.1800362891152
2003-10-28 09:00:00,309.90661677520706,303.41124169301185
2003-10-28 17:00:00,293.4217498497162,294.76251011453166
2003-10-28 18:00:00,292.883555807575,294.2552786240776
2003-10-28 20:00:00,291.35712231840307,292.8302764422354
2003-10-28 21:00:00,290.51443883487366,292.0517510177542
2003-10-29 05:00:00,305.1295048694581,299.8148476199487
2003-10-29 06:00:00,308.09935707597776,300.9605627779968
2003-10-29 08:00:00,310.79519893134875,302.5166776918667
2003-10-29 09:00:00,310.3678624369146,302.76125948160933
2003-10-29 17:00:00,292.3133902997927,294.6673896918863
2003-10-29 18:00:00,291.3393505078802,293.21752762757757
2003-10-29 20:00:00,291.5095064606983,292.93147679874085
2003-10-29 21:00:00,290.86750447841933,292.32343627271376
2003-10-30 05:00:00,305.19352675145507,300.10949272073475
2003-10-30 06:00:00,308.54461296093297,300.9327163813845
2003-10-30 08:00:00,311.8866024164279,302.22561932344837
2003-10-30 09:00:00,311.32867607974856,302.4913783139551
2003-10-30 17:00:00,291.1718267314423,295.08829518275564
2003-10-30 18:00:00,290.0624868101993,294.9813812208837
2003-10-30 20:00:00,288.63913111987944,294.5703786841159
2003-10-30 21:00:00,288.06052073051086,294.63473106349016
2003-10-31 05:00:00,307.0098654066653,300.74176991702234
2003-10-31 06:00:00,309.94065899253815,301.6138024704849
2003-10-31 08:00:00,312.28299937667026,302.61930757825286
2003-10-31 09:00:00,311.635838583548,302.8626220891215
2003-10-31 17:00:00,290.47756570072505,292.6205086965223
2003-10-31 18:00:00,289.39257770179785,292.1962586389668
2003-10-31 20:00:00,288.1594512187094,290.7826053989687
2003-10-31 21:00:00,287.69190915523586,290.3878941234712
2003-11-01 05:00:00,305.38372410096815,300.8333788902624
2003-11-01 06:00:00,308.5449507703032,301.84043792583543
2003-11-01 08:00:00,311.9136938674057,302.8591230536463
2003-11-01 09:00:00,311.7855465599495,303.04343902164686
2003-11-01 17:00:00,292.1854235585923,294.1971013520274
2003-11-01 18:00:00,291.5072728937323,293.7004560050318
2003-11-01 20:00:00,290.3687231360672,292.2006724259151
2003-11-01 21:00:00,289.79250760071085,291.492088658784
2003-11-02 05:00:00,304.14660268351554,300.3263620808606
2003-11-02 06:00:00,307.1670454169275,301.784988567899
2003-11-02 08:00:00,310.47861590040117,303.1072008929378
2003-11-02 09:00:00,310.53105389282047,303.3228566973529
2003-11-02 17:00:00,292.3673706054688,294.4289444745597
2003-11-02 18:00:00,291.4120729325916,293.6324055440988
2003-11-02 20:00:00,290.00022803543163,291.8642645602234
2003-11-02 21:00:00,289.29688224145923,291.0947014995275
2003-11-03 05:00:00,304.13130914485333,300.54455721580376
2003-11-03 06:00:00,307.3502290134988,302.0567816453649
2003-11-03 08:00:00,310.99340822663623,303.4825675270775
2003-11-03 09:00:00,311.3028673310125,303.66870674403685
2003-11-03 17:00:00,292.7839504529956,294.5574504693594
2003-11-03 18:00:00,291.9391154566972,293.7925115741089
2003-11-03 20:00:00,290.4427589686883,292.2696755619373
2003-11-03 21:00:00,289.96050783224945,291.76345051675804
2003-11-04 05:00:00,304.50417855708,301.1755893513308
2003-11-04 06:00:00,307.2915659053667,302.41050781344046
2003-11-04 08:00:00,309.9593714168884,303.79299853873
2003-11-04 09:00:00,309.7871010520242,303.9844003921297
2003-11-04 17:00:00,293.7363547397138,295.35090726549714
2003-11-04 18:00:00,293.28074737689894,294.96635279486475
2003-11-04 20:00:00,292.5207584187136,294.0895250317496
2003-11-04 21:00:00,292.1262804686748,293.5307891563569
2003-11-05 05:00:00,305.27106371205105,301.59584104188235
2003-11-05 06:00:00,308.7100555231832,303.26757979429743
2003-11-05 08:00:00,311.51205585403324,304.8096304542295
2003-11-05 09:00:00,310.98618877393255,304.8640054899666
2003-11-05 17:00:00,293.58207655614257,295.6969750496934
2003-11-05 18:00:00,292.6541450394688,294.95169981969707
2003-11-05 20:00:00,291.02320245822153,293.4530701012751
2003-11-05 21:00:00,290.5097216119752,292.9370589528135
2003-11-06 05:00:00,305.3822886697684,301.72636528779253
2003-11-06 06:00:00,308.4981635142181,302.953389877531
2003-11-06 08:00:00,311.53499776079036,303.94316775846556
2003-11-06 09:00:00,310.9523195052183,303.9970275455704
2003-11-06 17:00:00,292.9686994743641,294.79877463694896
2003-11-06 18:00:00,291.87160081672374,293.9252172860967
2003-11-06 20:00:00,290.4935166369234,292.7155991893704
2003-11-06 21:00:00,289.9516651876535,292.2013153405329
2003-11-07 05:00:00,304.6918997742546,300.8144775061468
2003-11-07 06:00:00,307.7765284040125,302.271271856981
2003-11-07 08:00:00,310.63100758980164,303.40465173001286
2003-11-07 09:00:00,310.21282911961913,303.4723825557574
2003-11-07 17:00:00,292.0594216039625,294.17722759041106
2003-11-07 18:00:00,290.98892649222967,293.4166724817779
2003-11-07 20:00:00,289.3819652962942,291.88871454788466
2003-11-07 21:00:00,288.967831087039,291.43245152736483
2003-11-08 05:00:00,305.4600057969292,301.64101133655146
2003-11-08 06:00:00,308.4375032915724,302.6775991854205
2003-11-08 08:00:00,310.5332112128636,303.7575284373044
2003-11-08 09:00:00,309.9288803359209,303.77268974880224
2003-11-08 17:00:00,292.6221997888503,294.65180028789035
2003-11-08 18:00:00,291.44014325017,293.94643596067266
2003-11-08 20:00:00,290.2904600075838,294.68752927148284
2003-11-08 21:00:00,289.81425273877625,295.7017041222524
2003-11-09 05:00:00,306.9777156553577,301.52630387175435
2003-11-09 06:00:00,310.07498260639113,302.5819455515622
2003-11-09 08:00:00,311.76042137675006,303.38152431964136
2003-11-09 09:00:00,310.9379232256732,303.4936014184232
2003-11-09 17:00:00,291.7596011874489,293.4222288910524
2003-11-09 18:00:00,290.86476958147006,292.6573086402082
2003-11-09 20:00:00,289.3551561681809,291.29567051962454
2003-11-09 21:00:00,288.6843189069046,290.6681495278568
2003-11-10 05:00:00,302.2107933526414,298.3350586266657
2003-11-10 06:00:00,305.5411936285316,299.83061032522994
2003-11-10 08:00:00,308.3744405502531,301.04816447347633
2003-11-10 09:00:00,307.79966232699496,301.1974338713706
2003-11-10 17:00:00,288.4595236285993,290.76758675362186
2003-11-10 18:00:00,287.3092329028208,289.9172855841544
2003-11-10 20:00:00,285.67405740652686,288.73126575722716
2003-11-10 21:00:00,285.05106898044767,288.1596447631648
2003-11-11 05:00:00,303.6108134171261,297.9438677113302
2003-11-11 06:00:00,307.0439366133445,299.11258816241485
2003-11-11 08:00:00,310.1092090107076,300.3847834700245
2003-11-11 09:00:00,309.58038388856204,300.61715867523054
2003-11-11 17:00:00,286.99260228514123,291.40917867651706
2003-11-11 18:00:00,286.0685238830848,291.8250718080024
2003-11-11 20:00:00,284.7075772748339,287.6533257671056
2003-11-11 21:00:00,284.1991246345414,286.9449129031142
2003-11-12 05:00:00,301.43575584282314,297.4412597985407
2003-11-12 06:00:00,304.890931163253,298.9365723173497
2003-11-12 08:00:00,308.3393826712445,300.34729751563407
2003-11-12 09:00:00,308.3447181454792,300.54771933533556
2003-11-12 17:00:00,289.3858551119436,291.1536545951855
2003-11-12 18:00:00,288.59844136054414,290.46031287712015
2003-11-12 20:00:00,287.3500145440476,289.09483480820853
2003-11-12 21:00:00,286.84171971113915,288.50293866879036
2003-11-13 05:00:00,300.07187263477016,296.6448751487791
2003-11-13 06:00:00,303.54829481974224,298.4855890259353
2003-11-13 08:00:00,307.7482260776044,300.3728972260133
2003-11-13 09:00:00,308.17000204829856,300.6837849668436
2003-11-13 17:00:00,290.6756836783904,291.8714790755685
2003-11-13 18:00:00,289.98931339305057,291.1311472935376
2003-11-13 20:00:00,289.0721658198235,290.28322593089433
2003-11-13 21:00:00,288.7879070640529,289.9826808277007
2003-11-14 05:00:00,300.72589170106204,297.4085552997324
2003-11-14 06:00:00,304.2395416871058,299.31821475741674
2003-11-14 08:00:00,307.82987719801804,301.0927187503762
2003-11-14 09:00:00,308.08527702249256,301.4589788733719
2003-11-14 17:00:00,291.4068237445755,292.6899169310583
2003-11-14 18:00:00,290.88930263431126,292.0362010891155
2003-11-14 20:00:00,289.6815369874928,290.74969555306694
2003-11-14 21:00:00,289.2250663863125,290.2731931242627
2003-11-15 05:00:00,300.54143955601023,297.0030041475693
2003-11-15 06:00:00,304.2606164494354,299.0376479467736
2003-11-15 08:00:00,308.5939017414863,301.2282117423365
2003-11-15 09:00:00,308.59868670024196,301.49131403424894
2003-11-15 17:00:00,291.43857133627307,293.2564692328267
2003-11-15 18:00:00,290.2804009389069,292.79986866156014
2003-11-15 20:00:00,288.87042708903874,290.8576583274524
2003-11-15 21:00:00,288.4504108634678,290.3107727944208
2003-11-16 05:00:00,303.8281327351951,299.10763018450865
2003-11-16 06:00:00,306.5406572433025,300.3447285374434
2003-11-16 08:00:00,308.12869761133413,301.30275558213054
2003-11-16 09:00:00,307.0635702547564,301.21840290369346
2003-11-16 17:00:00,291.3389771965509,292.9350927085465
2003-11-16 18:00:00,290.6290851939808,292.36665325429294
2003-11-16 20:00:00,289.7860333364807,291.440580888228
2003-11-16 21:00:00,289.38612845351776,290.95982652379115
2003-11-17 05:00:00,301.89956340584075,297.4677229118641
2003-11-17 06:00:00,305.23802250890037,298.96603447630514
2003-11-17 08:00:00,307.6253331541464,299.90563461703397
2003-11-17 09:00:00,305.975976811719,299.6849670880381
2003-11-17 17:00:00,290.89977618248327,292.0991655299771
2003-11-17 18:00:00,290.3118992410199,291.5325765036655
2003-11-17 20:00:00,289.2245027280552,290.5285554953459
2003-11-17 21:00:00,288.6534688329477,289.89673446396654
2003-11-18 05:00:00,299.8928857929718,295.739066031387
2003-11-18 06:00:00,303.2681197767449,297.14615836826795
2003-11-18 08:00:00,305.9078043745185,298.1043445839904
2003-11-18 09:00:00,305.4202432735308,298.2525466895434
2003-11-18 17:00:00,288.035961274557,289.1515010134281
2003-11-18 18:00:00,287.253495038566,288.4443020343046
2003-11-18 20:00:00,286.6060751986981,287.87095590365135
2003-11-18 21:00:00,286.17030901093335,287.3252412299346
2003-11-19 05:00:00,297.1514132930244,293.08783045975935
2003-11-19 06:00:00,300.9565340344821,294.9362827295148
2003-11-19 08:00:00,305.2550923210814,296.9855862045876
2003-11-19 09:00:00,305.3189540680825,297.3989177639201
2003-11-19 17:00:00,287.8902374173533,288.92113658276105
2003-11-19 18:00:00,287.2209511684894,288.3010033606014
2003-11-19 20:00:00,286.4047592938957,287.58186566039853
2003-11-19 21:00:00,285.9551771543059,287.11375848097134
2003-11-20 05:00:00,297.7321592780585,293.47717151142234
2003-11-20 06:00:00,301.473925151149,295.1173652213968
2003-11-20 08:00:00,305.2818386036737,297.0779294100675
2003-11-20 09:00:00,305.03251010794855,297.4276344052449
2003-11-20 17:00:00,285.9493640729202,287.4926250675243
2003-11-20 18:00:00,285.0343199790167,286.7429570931316
2003-11-20 20:00:00,283.90671646282743,285.7668118704633
2003-11-20 21:00:00,283.40793086494244,285.25632473279956
2003-11-21 05:00:00,298.73930286001905,293.96494560065366
2003-11-21 06:00:00,303.02674188599195,295.8356775598277
2003-11-21 08:00:00,307.6310724102661,297.99431658305446
2003-11-21 09:00:00,307.33851226195355,298.5122042334135
2003-11-21 17:00:00,288.14665175145507,289.4484012644905
2003-11-21 18:00:00,287.3851636936558,288.75817121085475
2003-11-21 20:00:00,286.1004463042978,287.63508598903667
2003-11-21 21:00:00,285.4519302767855,287.14294123245503
2003-11-22 05:00:00,299.4727671995002,295.6806982478302
2003-11-22 06:00:00,302.9747440238212,297.3114279819012
2003-11-22 08:00:00,306.5403529374368,298.86916178510813
2003-11-22 09:00:00,306.69539906835337,299.19561595946135
2003-11-22 17:00:00,288.9028072739235,290.02580265932716
2003-11-22 18:00:00,288.0696153919943,289.1845556414917
2003-11-22 20:00:00,286.7470310017214,287.7501338729506
2003-11-22 21:00:00,286.18434893074686,287.2208163080671
2003-11-23 05:00:00,298.6498352662074,294.9096564247355
2003-11-23 06:00:00,302.2270311258607,296.7688369163196
2003-11-23 08:00:00,306.30832393511054,298.76571892736877
2003-11-23 09:00:00,306.64938385056786,299.20175485948937
2003-11-23 17:00:00,289.82185584775107,290.98909582011686
2003-11-23 18:00:00,289.08087125287403,290.19355077993333
2003-11-23 20:00:00,288.2644480982988,289.490261930163
2003-11-23 21:00:00,287.83652600962864,289.01014897562504
2003-11-24 05:00:00,298.0909770148561,295.16701997777534
2003-11-24 06:00:00,301.7564149453938,297.0874632143276
2003-11-24 08:00:00,304.886916620522,298.689948624198
2003-11-24 09:00:00,304.5758956650556,298.9014218276014
2003-11-24 17:00:00,290.2390439308296,291.09619730756907
2003-11-24 18:00:00,289.3145570916645,290.1779141418739
2003-11-24 20:00:00,287.5397072249825,288.540872958849
2003-11-24 21:00:00,286.7932267387402,287.84852792889757
2003-11-25 05:00:00,298.2332644940157,294.3148738584827
2003-11-25 06:00:00,302.2133947293087,296.4252658132779
2003-11-25 08:00:00,305.71727062630913,298.3857124222813
2003-11-25 09:00:00,305.4560244520567,298.71722419162745
2003-11-25 17:00:00,286.4020226100928,288.31851769963106
2003-11-25 18:00:00,285.2111730120032,287.30431042687366
2003-11-25 20:00:00,283.1419108527467,285.4411165446089
2003-11-25 21:00:00,282.22660058819463,284.7494495315434
2003-11-26 05:00:00,299.41452668223803,294.50813994091726
2003-11-26 06:00:00,303.5117369241818,296.08100284523516
2003-11-26 08:00:00,306.90958431578935,297.76424021199233
2003-11-26 09:00:00,306.45550887426725,298.1421076887745
2003-11-26 17:00:00,285.54843783856177,287.5111826939282
2003-11-26 18:00:00,284.59703560051827,286.732254498545
2003-11-26 20:00:00,283.4152850134898,285.4846756851361
2003-11-26 21:00:00,282.9615169107822,285.0177228131169
2003-11-27 05:00:00,297.7726214016531,294.4572823264382
2003-11-27 06:00:00,301.4553650795771,296.31185602737685
2003-11-27 08:00:00,305.1584252356013,297.9534354658083
2003-11-27 09:00:00,305.34154876097693,298.23031305862685
2003-11-27 17:00:00,287.6308829332537,288.9309458446062
2003-11-27 18:00:00,286.83443790665024,288.11725986756977
2003-11-27 20:00:00,285.1755811459111,286.4762857022749
2003-11-27 21:00:00,284.52497701542035,285.84198458867013
2003-11-28 05:00:00,296.81859199512166,293.3824542358587
2003-11-28 06:00:00,300.5850850297784,295.33397522913106
2003-11-28 08:00:00,304.8499792066672,297.2050725528382
2003-11-28 09:00:00,305.1141084691593,297.60853905817396
2003-11-28 17:00:00,287.281711643025,288.70471358335993
2003-11-28 18:00:00,286.4915960984899,287.8858084421496
2003-11-28 20:00:00,285.1053660294308,286.46356149447166
2003-11-28 21:00:00,284.51752538930833,285.83779632145155
2003-11-29 05:00:00,296.62189028700254,293.42724009838605
2003-11-29 06:00:00,300.4490852532291,295.49551459784135
2003-11-29 08:00:00,304.5270023904339,297.3197452680356
2003-11-29 09:00:00,304.8122233433423,297.73215673884556
2003-11-29 17:00:00,286.38870730642543,287.9226022494042
2003-11-29 18:00:00,285.492992924248,287.0348137618948
2003-11-29 20:00:00,284.07485729152876,285.5760216617437
2003-11-29 21:00:00,283.34509590043126,284.8418847129598
2003-11-30 05:00:00,297.08669171678633,293.1929770353579
2003-11-30 06:00:00,300.97877135666204,295.2238768355689
2003-11-30 08:00:00,305.5465207797904,297.27953238700314
2003-11-30 09:00:00,305.808523380885,297.7671445308738
2003-11-30 17:00:00,286.3490849569876,288.0264906919976
2003-11-30 18:00:00,285.2183725271827,287.08890939016004
2003-11-30 20:00:00,283.6682180630959,285.4976282340169
2003-11-30 21:00:00,282.98585538467387,284.821590852664
2003-12-01 05:00:00,297.8063065068931,294.00925409114234
2003-12-01 06:00:00,301.8845603954627,296.0858044734538
2003-12-01 08:00:00,306.2478689890246,297.9851420774298
2003-12-01 09:00:00,306.40124020334014,298.4017265096468
2003-12-01 17:00:00,287.27260019452257,288.92217923533207
2003-12-01 18:00:00,286.36024326976894,288.11171211042836
2003-12-01 20:00:00,284.7638990875385,286.37630456768676
2003-12-01 21:00:00,283.8511365705352,285.73225090132655
2003-12-02 05:00:00,298.88249533349085,295.3001792214133
2003-12-02 06:00:00,302.6625176945526,297.10230961639456
2003-12-02 08:00:00,306.87124057763896,298.69487620208224
2003-12-02 09:00:00,307.182223468422,299.06646150139335
2003-12-02 17:00:00,287.60174134993593,289.12250825620396
2003-12-02 18:00:00,286.71542520625934,288.3464996855138
2003-12-02 20:00:00,284.8911394257391,286.52505695360657
2003-12-02 21:00:00,283.90570658491276,285.82166441930644
2003-12-03 05:00:00,299.36984553873447,295.5699871515824
2003-12-03 06:00:00,303.21632705006647,297.23519478961026
2003-12-03 08:00:00,307.4174184696333,298.9541992281545
2003-12-03 09:00:00,307.3870289571848,299.3423881354428
2003-12-03 17:00:00,287.6254631242326,289.2337395384426
2003-12-03 18:00:00,286.42598897172786,288.3246281980917
2003-12-03 20:00:00,284.9105240832125,287.06947528856745
2003-12-03 21:00:00,284.4784753972834,286.62150178741786
2003-12-04 05:00:00,300.00660221235046,296.5279152374973
2003-12-04 06:00:00,303.8822685206432,298.1917058301082
2003-12-04 08:00:00,307.5515764468624,299.8270453407511
2003-12-04 09:00:00,307.4469717110985,300.12589328571903
2003-12-04 17:00:00,288.2786063031166,290.03114589226817
2003-12-04 18:00:00,287.31606684186613,289.2185754291082
2003-12-04 20:00:00,286.09833452550953,288.1018977231348
2003-12-04 21:00:00,285.5577218830126,287.48911013845674
2003-12-05 05:00:00,300.0765331956014,296.91806265385753
2003-12-05 06:00:00,303.7680996746422,298.68778876494184
2003-12-05 08:00:00,307.35961735377145,300.4383121954825
2003-12-05 09:00:00,307.5864803273065,300.80622341820197
2003-12-05 17:00:00,289.65060528254105,291.3027957393135
2003-12-05 18:00:00,288.90977727246394,290.6743039452974
2003-12-05 20:00:00,287.30104608050846,288.9799071372198
2003-12-05 21:00:00,286.5739153375611,288.2911694589859
2003-12-06 05:00:00,300.1682708693212,296.2867239318753
2003-12-06 06:00:00,303.81555495533996,297.91192149675135
2003-12-06 08:00:00,306.8147305340172,299.8805475220291
2003-12-06 09:00:00,306.3772733009468,300.2446154343145
2003-12-06 17:00:00,287.43142166490367,289.84050164127206
2003-12-06 18:00:00,286.3238141217107,289.4460975635217
2003-12-06 20:00:00,284.9051596196296,288.9763525917277
2003-12-06 21:00:00,284.4278019227673,288.28936565381537
2003-12-07 05:00:00,300.8491690801729,297.51820996582785
2003-12-07 06:00:00,304.2541827420792,299.23285241266615
2003-12-07 08:00:00,306.8466284800385,300.79560967255816
2003-12-07 09:00:00,306.60229480431883,301.0253784932047
2003-12-07 17:00:00,288.65552345593284,290.89075859081584
2003-12-07 18:00:00,287.8441776692959,290.2196995480954
2003-12-07 20:00:00,286.9372081080644,289.43964121484976
2003-12-07 21:00:00,286.50742992524556,288.9472565261535
2003-12-08 05:00:00,302.24720049418727,299.22560251291804
2003-12-08 06:00:00,305.8956860276327,300.8249718382473
2003-12-08 08:00:00,308.96519547801904,302.3562631239693
2003-12-08 09:00:00,308.62955377281907,302.57637806849783
2003-12-08 17:00:00,289.9410217238134,292.1731833059725
2003-12-08 18:00:00,289.1073966944714,291.37722392736123
2003-12-08 20:00:00,287.95624724448373,290.00234860742034
2003-12-08 21:00:00,287.2695112654535,289.34116581004275
2003-12-09 05:00:00,301.2297399723659,298.27209759493275
2003-12-09 06:00:00,304.65419986766,299.9199916563343
2003-12-09 08:00:00,307.20521604188235,301.50064166852246
2003-12-09 09:00:00,306.8472058218323,301.68674401987136
2003-12-09 17:00:00,290.1928268221016,291.553645858412
2003-12-09 18:00:00,289.3657927902528,290.6650484669925
2003-12-09 20:00:00,287.84737331584347,289.08902316100796
2003-12-09 21:00:00,287.1750857877805,288.38853696755524
2003-12-10 05:00:00,297.77340131621514,293.6047205756001
2003-12-10 06:00:00,301.6242261983581,295.562820505104
2003-12-10 08:00:00,305.1871611091132,297.4625441164743
2003-12-10 09:00:00,305.0392670242004,297.878307842143
2003-12-10 17:00:00,287.6233350286499,289.07543209410966
2003-12-10 18:00:00,286.66733502827367,288.2343073111653
2003-12-10 20:00:00,285.00528332632393,286.7185499429336
2003-12-10 21:00:00,284.3419004654848,286.15166133651377
2003-12-11 05:00:00,297.36599446959417,294.11006773491675
2003-12-11 06:00:00,301.1236056899437,295.64572877105104
2003-12-11 08:00:00,304.9885684161781,297.16306752820594
2003-12-11 09:00:00,305.3830166245094,297.6289810157153
2003-12-11 17:00:00,288.40724478370424,289.69009074959075
2003-12-11 18:00:00,287.8814960826527,289.11392164891606
2003-12-11 20:00:00,287.0510256727598,288.15873854626864
2003-12-11 21:00:00,286.6986928978025,287.7773368141868
2003-12-12 05:00:00,296.71676988410655,294.1365122743675
2003-12-12 06:00:00,300.52890078128763,296.41294658643255
2003-12-12 08:00:00,305.4314991344105,299.387938536187
2003-12-12 09:00:00,305.95801517151534,300.05352686807083
2003-12-12 17:00:00,288.73413257569496,290.75558617449326
2003-12-12 18:00:00,287.6985489855562,290.2953367541861
2003-12-12 20:00:00,286.04270293201984,288.99459262842026
2003-12-12 21:00:00,285.30570424319416,289.0450017896749
2003-12-13 05:00:00,299.7930092833626,296.0052846429528
2003-12-13 06:00:00,303.66128093325676,297.62058346223756
2003-12-13 08:00:00,306.60181468146607,298.75897223850245
2003-12-13 09:00:00,306.25917511691665,299.04923037865495
2003-12-13 17:00:00,288.69112444438264,289.8780034657436
2003-12-13 18:00:00,287.95332225923,289.27436297259453
2003-12-13 20:00:00,286.9419621730622,288.5330775750253
2003-12-13 21:00:00,286.6117949640071,288.20266488520497
2003-12-14 05:00:00,299.80007255095734,295.07727521005876
2003-12-14 06:00:00,303.96535725880113,297.2448797475759
2003-12-14 08:00:00,307.47978715940695,298.49652198356546
2003-12-14 09:00:00,307.13855460097864,298.8601902519426
2003-12-14 17:00:00,289.5763171744089,290.2068717968299
2003-12-14 18:00:00,288.87241670346964,289.55899680303685
2003-12-14 20:00:00,287.94487004213966,288.79942728521644
2003-12-14 21:00:00,287.64342412963305,288.4811048933832
2003-12-15 05:00:00,297.121011178556,293.2377232579494
2003-12-15 06:00:00,301.4260436118292,295.23177910144966
2003-12-15 08:00:00,304.1988330247406,296.46434192628084
2003-12-15 09:00:00,304.02045512383086,296.5974390062235
2003-12-15 17:00:00,287.8845900901477,288.16638442217294
2003-12-15 18:00:00,287.0344700747168,287.3617634824685
2003-12-15 20:00:00,285.8978951664294,286.4091157839735
2003-12-15 21:00:00,285.7120579512351,286.20501746602343
2003-12-16 05:00:00,293.8101867769826,290.46360162814335
2003-12-16 06:00:00,297.2701988749218,292.2577650308242
2003-12-16 08:00:00,300.6557928711314,293.43922504254596
2003-12-16 09:00:00,300.5672424974721,293.6201852995369
2003-12-16 17:00:00,284.397946068245,285.4170696099844
2003-12-16 18:00:00,283.80074927472555,284.9116822934849
2003-12-16 20:00:00,282.5729421606784,283.87375731387385
2003-12-16 21:00:00,282.0934491032628,283.4598578407511
2003-12-17 05:00:00,293.0757513766296,289.0025967449547
2003-12-17 06:00:00,296.3228190558717,290.2732694417192
2003-12-17 08:00:00,300.2062856618355,291.91691652835794
2003-12-17 09:00:00,300.362843705987,292.3990274438138
2003-12-17 17:00:00,283.2572807935059,284.5752694434121
2003-12-17 18:00:00,282.54355624864576,283.9989338832203
2003-12-17 20:00:00,281.0495109381771,282.65394611094143
2003-12-17 21:00:00,280.44732390934223,282.1117196340223
2003-12-18 05:00:00,294.0206757297134,289.4489807693176
2003-12-18 06:00:00,297.44601527421247,290.802622014826
2003-12-18 08:00:00,301.26148535400773,292.2928475025806
2003-12-18 09:00:00,301.27668607032905,292.74077235899284
2003-12-18 17:00:00,283.42872908817054,284.71252688274177
2003-12-18 18:00:00,282.6420458542364,284.0647857618993
2003-12-18 20:00:00,281.5001697275782,283.0801383607744
2003-12-18 21:00:00,280.9969948179365,282.55363212785295
2003-12-19 05:00:00,293.77732082654956,289.5549589371645
2003-12-19 06:00:00,297.227264827499,291.04067774509616
2003-12-19 08:00:00,301.2798025310499,292.8280944589107
2003-12-19 09:00:00,301.6194682069846,293.3534029356688
2003-12-19 17:00:00,283.7284341115614,285.01318239467724
2003-12-19 18:00:00,282.94941422237645,284.3644789826521
2003-12-19 20:00:00,281.8173313934373,283.4158922615698
2003-12-19 21:00:00,281.26715614542206,282.85745333302737
2003-12-20 05:00:00,294.39062215514105,289.9496510980309
2003-12-20 06:00:00,298.1273561545256,291.19135365537574
2003-12-20 08:00:00,302.6716731795912,292.7478767477309
2003-12-20 09:00:00,302.5459898961895,293.2368757721088
2003-12-20 17:00:00,283.79285168757974,284.94569526284425
2003-12-20 18:00:00,283.01081328546326,284.3198266168956
2003-12-20 20:00:00,281.6256440196456,283.0829080778572
2003-12-20 21:00:00,280.9289630249212,282.44058180516606
2003-12-21 05:00:00,293.4661162013449,289.83248795566647
2003-12-21 06:00:00,297.1251946494833,291.34978422802664
2003-12-21 08:00:00,301.5883522915363,293.23010291524224
2003-12-21 09:00:00,301.92229622721857,293.7136805083241
2003-12-21 17:00:00,284.29592248948956,285.8382858723081
2003-12-21 18:00:00,283.46520467091045,285.16184266359306
2003-12-21 20:00:00,282.0057973758833,283.79632448452094
2003-12-21 21:00:00,281.48517405270434,283.231347082576
2003-12-22 05:00:00,292.9082641836675,289.6136146862812
2003-12-22 06:00:00,296.4452477030468,291.36745094334583
2003-12-22 08:00:00,300.56874270211387,293.2188667567742
2003-12-22 09:00:00,300.8794700023022,293.6617831566668
2003-12-22 17:00:00,284.6225872774521,285.7953383999723
2003-12-22 18:00:00,283.9898631796815,285.18592140891343
2003-12-22 20:00:00,282.67337247733894,283.86768335186645
2003-12-22 21:00:00,282.15992038532835,283.37007249264946
2003-12-23 05:00:00,292.8245736050128,289.8631052214119
2003-12-23 06:00:00,297.0042140120167,292.1463822422116
2003-12-23 08:00:00,301.4371235616769,294.0848200582025
2003-12-23 09:00:00,302.0955769402221,294.65504944600013
2003-12-23 17:00:00,285.4038982890971,286.2968907055025
2003-12-23 18:00:00,284.5834571121286,285.5174115479268
2003-12-23 20:00:00,283.21093733542136,284.2055158335916
2003-12-23 21:00:00,282.5872976482374,283.57813292328495
2003-12-24 05:00:00,293.03033160428606,289.5932032228068
2003-12-24 06:00:00,297.5779548492197,291.4183187616992
2003-12-24 08:00:00,301.53981561175846,292.65521299012454
2003-12-24 09:00:00,301.5787699365836,293.0757541744661
2003-12-24 17:00:00,283.71241346456236,284.56792749719375
2003-12-24 18:00:00,282.982029989798,283.8675831705102
2003-12-24 20:00:00,281.838336397944,282.74973930746825
2003-12-24 21:00:00,281.3257830227468,282.21583185651457
2003-12-25 05:00:00,292.22043469727316,288.2564721482193
2003-12-25 06:00:00,296.14428243064,290.2372658939685
2003-12-25 08:00:00,301.132305198164,292.3106931618807
2003-12-25 09:00:00,301.6200825554564,292.83220048384237
2003-12-25 17:00:00,284.0552572946886,285.02838522700944
2003-12-25 18:00:00,283.3040852598123,284.3513520979918
2003-12-25 20:00:00,282.70848027069144,283.7697172708614
2003-12-25 21:00:00,282.07976453219794,283.11441080008154
2003-12-26 05:00:00,291.88891081964294,289.03101890810836
2003-12-26 06:00:00,295.6531855226114,291.07265845065126
2003-12-26 08:00:00,299.5017430286378,293.0646354075757
2003-12-26 09:00:00,299.9078007537889,293.6267027538987
2003-12-26 17:00:00,286.3988441502552,286.823093831631
2003-12-26 18:00:00,285.5317413847325,285.98199641575985
2003-12-26 20:00:00,283.87705469351886,284.33608945308737
2003-12-26 21:00:00,283.4337072857356,283.967793163423
2003-12-27 05:00:00,289.34133727745206,287.4792673025734
2003-12-27 06:00:00,294.73863300153033,289.700075123086
2003-12-27 08:00:00,298.7863168113956,291.62682059218963
2003-12-27 09:00:00,298.39089427413114,291.88938240791873
2003-12-27 17:00:00,282.74334049077913,283.7007950604972
2003-12-27 18:00:00,281.9765141609086,282.94882488985456
2003-12-27 20:00:00,280.4306864451922,281.4795348368734
2003-12-27 21:00:00,279.7479543112827,280.88267458311765
2003-12-28 05:00:00,290.84627616423853,287.4738289196797
2003-12-28 06:00:00,293.9421252234508,289.15813611799103
2003-12-28 08:00:00,297.8883928437079,291.1126185624368
2003-12-28 09:00:00,298.1814064766483,291.5685865170048
2003-12-28 17:00:00,281.6849492430136,283.0052997606745
2003-12-28 18:00:00,280.87415601733284,282.2700201190308
2003-12-28 20:00:00,279.5130935222232,281.01376537916656
2003-12-28 21:00:00,278.90253964557854,280.43370596910665
2003-12-29 05:00:00,292.40397735736775,288.32781712042714
2003-12-29 06:00:00,296.2541633218022,290.05574014484426
2003-12-29 08:00:00,300.60492778008086,292.4398519460152
2003-12-29 09:00:00,300.8839221595799,293.0131488676615
2003-12-29 17:00:00,282.9232351952598,284.41121797017956
2003-12-29 18:00:00,282.1447114400761,283.7472415918195
2003-12-29 20:00:00,280.99842691054147,282.6284132665038
2003-12-29 21:00:00,280.8060600386562,282.3536606657854
2003-12-30 05:00:00,291.5055758295515,288.6617643006594
2003-12-30 06:00:00,295.3276141714793,290.68998661834763
2003-12-30 08:00:00,299.97933978769925,293.04457496678333
2003-12-30 09:00:00,300.6578094529445,293.66213556651155
2003-12-30 17:00:00,284.1770771420425,285.48503782863065
2003-12-30 18:00:00,283.7349470517668,285.015202714776
2003-12-30 20:00:00,282.6066777210206,283.84561796732055
2003-12-30 21:00:00,282.09588594833394,283.3340792193068
2003-12-31 05:00:00,292.1613319526285,289.1278694517257
2003-12-31 06:00:00,296.3232108940513,291.4166300440055
2003-12-31 08:00:00,301.0446826247111,293.7203817734917
2003-12-31 09:00:00,301.6438239616312,294.2808386474985
2003-12-31 17:00:00,284.63903853265094,285.74229779118565
2003-12-31 18:00:00,283.82195057450167,284.9432958006308
2003-12-31 20:00:00,282.51803285572305,283.76447412523174
2003-12-31 21:00:00,282.10681648430733,283.3869719894715
