date[YYYYDDD],date,product,band,min,max,sum,range,mean,variance,standard_deviation,tot_pixels,pixels_pass_qa,per_cent_pixels_pass_qa
A2000049,2000-02-18,MOD11A2,LST_Day_1km,,,,,,,,289,0,0.00
A2000057,2000-02-26,MOD11A2,LST_Day_1km,302.2800,311.2800,88971.5469,9.0000,307.8600,3.1970,1.7880,289,289,100.00
A2000065,2000-03-05,MOD11A2,LST_Day_1km,299.6200,310.6000,88570.8750,10.9800,306.4736,4.7917,2.1890,289,289,100.00
A2000073,2000-03-13,MOD11A2,LST_Day_1km,304.1800,314.6800,89715.9219,10.5000,310.4357,4.7388,2.1769,289,289,100.00
A2000081,2000-03-21,MOD11A2,LST_Day_1km,305.3000,316.4400,90253.6250,11.1400,312.2963,4.4567,2.1111,289,289,100.00
A2000089,2000-03-29,MOD11A2,LST_Day_1km,310.2000,320.6200,91698.6094,10.4200,317.2962,3.6634,1.9140,289,289,100.00
A2000097,2000-04-06,MOD11A2,LST_Day_1km,311.9000,323.6000,92386.5312,11.7000,319.6766,4.2786,2.0685,289,289,100.00
A2000105,2000-04-14,MOD11A2,LST_Day_1km,310.0800,319.6600,91573.1797,9.5800,316.8622,2.6893,1.6399,289,289,100.00
A2000113,2000-04-22,MOD11A2,LST_Day_1km,308.4600,319.3000,91197.2656,10.8400,315.5615,3.3307,1.8250,289,289,100.00
A2000121,2000-04-30,MOD11A2,LST_Day_1km,312.1600,322.7800,92225.1016,10.6200,319.1180,4.0285,2.0071,289,289,100.00
A2000129,2000-05-08,MOD11A2,LST_Day_1km,304.6000,316.5400,90152.1719,11.9400,311.9452,4.4996,2.1212,289,289,100.00
A2000137,2000-05-16,MOD11A2,LST_Day_1km,310.1200,318.6800,91133.5000,8.5600,315.3408,3.0461,1.7453,289,289,100.00
A2000145,2000-05-24,MOD11A2,LST_Day_1km,309.3000,316.8000,90786.2969,7.5000,314.1394,2.2352,1.4951,289,289,100.00
A2000153,2000-06-01,MOD11A2,LST_Day_1km,307.6600,317.4200,90473.3828,9.7600,313.0567,2.9480,1.7170,289,289,100.00
A2000161,2000-06-09,MOD11A2,LST_Day_1km,304.2400,310.7400,89076.3672,6.5000,308.2227,2.1904,1.4800,289,289,100.00
A2000169,2000-06-17,MOD11A2,LST_Day_1km,307.6600,315.4600,90123.5234,7.8000,311.8461,2.4566,1.5673,289,289,100.00
A2000177,2000-06-25,MOD11A2,LST_Day_1km,307.9600,318.1000,90436.3047,10.1400,312.9284,2.2362,1.4954,289,289,100.00
A2000185,2000-07-03,MOD11A2,LST_Day_1km,306.9600,317.5600,90003.0156,10.6000,312.5105,5.1942,2.2791,289,288,99.65
A2000193,2000-07-11,MOD11A2,LST_Day_1km,,,,,,,,289,0,0.00
A2000201,2000-07-19,MOD11A2,LST_Day_1km,298.2800,307.0600,77978.7109,8.7800,303.4191,2.2623,1.5041,289,257,88.93
A2000209,2000-07-27,MOD11A2,LST_Day_1km,297.5800,312.3400,54561.8477,14.7600,304.8148,8.3226,2.8849,289,179,61.94
A2000217,2000-08-04,MOD11A2,LST_Day_1km,304.1200,312.2000,73608.3359,8.0800,309.2787,3.4107,1.8468,289,238,82.35
A2000225,2000-08-12,MOD11A2,LST_Day_1km,,,,,,,,289,0,0.00
A2000233,2000-08-20,MOD11A2,LST_Day_1km,302.1200,310.5800,78054.2109,8.4600,306.0949,3.4028,1.8447,289,255,88.24
A2000241,2000-08-28,MOD11A2,LST_Day_1km,300.7800,312.2000,31326.5801,11.4200,307.1233,7.6650,2.7686,289,102,35.29
A2000249,2000-09-05,MOD11A2,LST_Day_1km,300.3400,309.1200,88285.5781,8.7800,305.4864,4.0992,2.0246,289,289,100.00
A2000257,2000-09-13,MOD11A2,LST_Day_1km,306.5400,313.8000,89713.9062,7.2600,310.4287,2.4279,1.5582,289,289,100.00
A2000265,2000-09-21,MOD11A2,LST_Day_1km,306.4800,311.5000,89231.5078,5.0200,308.7596,1.0936,1.0458,289,289,100.00
A2000273,2000-09-29,MOD11A2,LST_Day_1km,310.2400,316.5600,90699.3828,6.3200,313.8387,1.3281,1.1524,289,289,100.00
A2000281,2000-10-07,MOD11A2,LST_Day_1km,307.8000,313.5000,89945.2031,5.7000,311.2291,1.4317,1.1965,289,289,100.00
A2000289,2000-10-15,MOD11A2,LST_Day_1km,309.6600,317.9600,90980.0625,8.3000,314.8099,2.8511,1.6885,289,289,100.00
A2000297,2000-10-23,MOD11A2,LST_Day_1km,306.9800,314.7800,90135.0625,7.8000,311.8860,2.4819,1.5754,289,289,100.00
A2000305,2000-10-31,MOD11A2,LST_Day_1km,305.5000,313.6200,89642.3672,8.1200,310.1812,3.2426,1.8007,289,289,100.00
A2000313,2000-11-08,MOD11A2,LST_Day_1km,304.8000,312.1800,89293.2656,7.3800,308.9732,2.8858,1.6988,289,289,100.00
A2000321,2000-11-16,MOD11A2,LST_Day_1km,300.7400,307.5200,88105.0000,6.7800,304.8616,2.0526,1.4327,289,289,100.00
A2000329,2000-11-24,MOD11A2,LST_Day_1km,298.8600,306.5000,87600.1953,7.6400,303.1149,3.0940,1.7590,289,289,100.00
A2000337,2000-12-02,MOD11A2,LST_Day_1km,298.7800,307.0200,87738.9062,8.2400,303.5948,3.1049,1.7621,289,289,100.00
A2000345,2000-12-10,MOD11A2,LST_Day_1km,297.2400,305.8800,87284.3438,8.6400,302.0219,3.1539,1.7759,289,289,100.00
A2000353,2000-12-18,MOD11A2,LST_Day_1km,296.5200,303.9400,86955.2188,7.4200,300.8831,2.4806,1.5750,289,289,100.00
A2000361,2000-12-26,MOD11A2,LST_Day_1km,296.4400,303.0200,86797.3828,6.5800,300.3370,2.0177,1.4205,289,289,100.00
A2001001,2001-01-01,MOD11A2,LST_Day_1km,293.6000,301.4800,86037.0703,7.8800,297.7061,3.6727,1.9164,289,289,100.00
A2001009,2001-01-09,MOD11A2,LST_Day_1km,295.1800,302.1800,86394.8828,7.0000,298.9442,2.3744,1.5409,289,289,100.00
A2001017,2001-01-17,MOD11A2,LST_Day_1km,296.0000,303.6600,86806.4922,7.6600,300.3685,2.8924,1.7007,289,289,100.00
A2001025,2001-01-25,MOD11A2,LST_Day_1km,298.1400,305.4600,87299.9609,7.3200,302.0760,2.7363,1.6542,289,289,100.00
A2001033,2001-02-02,MOD11A2,LST_Day_1km,297.4000,305.8200,87339.5625,8.4200,302.2130,3.2011,1.7892,289,289,100.00
A2001041,2001-02-10,MOD11A2,LST_Day_1km,298.7600,306.4000,87622.4062,7.6400,303.1917,2.4316,1.5593,289,289,100.00
A2001049,2001-02-18,MOD11A2,LST_Day_1km,301.1200,310.2000,88578.9688,9.0800,306.5016,2.8726,1.6949,289,289,100.00
A2001057,2001-02-26,MOD11A2,LST_Day_1km,301.0600,309.4000,88252.2422,8.3400,305.3711,2.3892,1.5457,289,289,100.00
A2001065,2001-03-06,MOD11A2,LST_Day_1km,304.8400,314.8000,89892.4844,9.9600,311.0467,4.0676,2.0168,289,289,100.00
A2001073,2001-03-14,MOD11A2,LST_Day_1km,306.6000,315.4000,90088.5000,8.8000,311.7249,2.9792,1.7260,289,289,100.00
A2001081,2001-03-22,MOD11A2,LST_Day_1km,306.9800,317.1800,90493.9375,10.2000,313.1278,3.7442,1.9350,289,289,100.00
A2001089,2001-03-30,MOD11A2,LST_Day_1km,308.1200,318.7000,90810.4141,10.5800,314.2229,5.7178,2.3912,289,289,100.00
A2001097,2001-04-07,MOD11A2,LST_Day_1km,309.2600,321.5400,91407.3594,12.2800,316.2885,4.3740,2.0914,289,289,100.00
A2001105,2001-04-15,MOD11A2,LST_Day_1km,307.9000,320.7800,90565.0234,12.8800,313.3738,8.7949,2.9656,289,289,100.00
A2001113,2001-04-23,MOD11A2,LST_Day_1km,314.1800,323.0600,92384.0547,8.8800,319.6680,2.9552,1.7191,289,289,100.00
A2001121,2001-05-01,MOD11A2,LST_Day_1km,314.3200,322.4600,92196.2031,8.1400,319.0180,2.5630,1.6009,289,289,100.00
A2001129,2001-05-09,MOD11A2,LST_Day_1km,312.2800,319.4800,91491.1562,7.2000,316.5784,1.9763,1.4058,289,289,100.00
A2001137,2001-05-17,MOD11A2,LST_Day_1km,304.6600,311.4000,88996.8672,6.7400,307.9476,2.8539,1.6894,289,289,100.00
A2001145,2001-05-25,MOD11A2,LST_Day_1km,311.9600,318.6800,91369.8047,6.7200,316.1585,2.3194,1.5229,289,289,100.00
A2001153,2001-06-02,MOD11A2,LST_Day_1km,307.7600,313.8400,89843.3516,6.0800,310.8766,2.1314,1.4599,289,289,100.00
A2001161,2001-06-10,MOD11A2,LST_Day_1km,308.6200,318.4600,90518.5625,9.8400,313.2130,4.2651,2.0652,289,289,100.00
A2001177,2001-06-26,MOD11A2,LST_Day_1km,,,,,,,,289,0,0.00
A2001185,2001-07-04,MOD11A2,LST_Day_1km,300.9200,310.2000,35218.5742,9.2800,306.2485,3.4738,1.8638,289,115,39.79
A2001193,2001-07-12,MOD11A2,LST_Day_1km,298.0400,303.2600,33965.8594,5.2200,300.5828,1.3185,1.1483,289,113,39.10
A2001201,2001-07-20,MOD11A2,LST_Day_1km,,,,,,,,289,0,0.00
A2001209,2001-07-28,MOD11A2,LST_Day_1km,289.9400,304.1000,58432.0391,14.1600,299.6515,7.7875,2.7906,289,195,67.47
A2001217,2001-08-05,MOD11A2,LST_Day_1km,297.6200,312.7400,79982.1641,15.1200,304.1147,7.3924,2.7189,289,263,91.00
A2001225,2001-08-13,MOD11A2,LST_Day_1km,300.8000,305.7200,8498.4209,4.9200,303.5150,2.1099,1.4525,289,28,9.69
A2001233,2001-08-21,MOD11A2,LST_Day_1km,298.8000,307.3400,87638.3750,8.5400,303.2470,4.0224,2.0056,289,289,100.00
A2001241,2001-08-29,MOD11A2,LST_Day_1km,299.3400,308.4400,87864.2422,9.1000,304.0285,4.4454,2.1084,289,289,100.00
A2001249,2001-09-06,MOD11A2,LST_Day_1km,303.3800,311.5200,88734.1406,8.1400,307.0385,3.8736,1.9681,289,289,100.00
A2001257,2001-09-14,MOD11A2,LST_Day_1km,306.2600,315.7800,89757.6641,9.5200,310.5801,5.9842,2.4463,289,289,100.00
A2001265,2001-09-22,MOD11A2,LST_Day_1km,309.4000,319.0200,90758.6328,9.6200,314.0437,6.8713,2.6213,289,289,100.00
A2001273,2001-09-30,MOD11A2,LST_Day_1km,306.9400,318.0400,90133.1797,11.1000,311.8795,7.5845,2.7540,289,289,100.00
A2001281,2001-10-08,MOD11A2,LST_Day_1km,305.6600,314.1800,89151.5703,8.5200,308.4829,2.4758,1.5735,289,289,100.00
A2001289,2001-10-16,MOD11A2,LST_Day_1km,306.8000,314.2400,89699.9844,7.4400,310.3806,3.1232,1.7673,289,289,100.00
A2001297,2001-10-24,MOD11A2,LST_Day_1km,306.6200,313.7600,89700.1562,7.1400,310.3812,2.6464,1.6268,289,289,100.00
A2001305,2001-11-01,MOD11A2,LST_Day_1km,303.7800,311.4600,89033.8828,7.6800,308.0757,2.7781,1.6667,289,289,100.00
A2001313,2001-11-09,MOD11A2,LST_Day_1km,302.2000,309.9200,88509.2734,7.7200,306.2605,2.9495,1.7174,289,289,100.00
A2001321,2001-11-17,MOD11A2,LST_Day_1km,301.8800,310.1000,88483.9609,8.2200,306.1729,3.1311,1.7695,289,289,100.00
A2001329,2001-11-25,MOD11A2,LST_Day_1km,300.0800,307.4400,87809.6875,7.3600,303.8398,2.8516,1.6887,289,289,100.00
A2001337,2001-12-03,MOD11A2,LST_Day_1km,300.0400,307.8000,87942.8984,7.7600,304.3007,2.7647,1.6627,289,289,100.00
A2001345,2001-12-11,MOD11A2,LST_Day_1km,298.1400,303.9800,87071.2031,5.8400,301.2845,1.7484,1.3223,289,289,100.00
A2001353,2001-12-19,MOD11A2,LST_Day_1km,295.6800,302.8800,86563.3828,7.2000,299.5273,2.8387,1.6849,289,289,100.00
A2001361,2001-12-27,MOD11A2,LST_Day_1km,296.0000,302.7000,86474.9609,6.7000,299.2213,2.4508,1.5655,289,289,100.00
A2002001,2002-01-01,MOD11A2,LST_Day_1km,293.9400,300.3600,86030.5625,6.4200,297.6836,2.1284,1.4589,289,289,100.00
A2002009,2002-01-09,MOD11A2,LST_Day_1km,296.3400,302.8200,86628.9844,6.4800,299.7543,2.0925,1.4466,289,289,100.00
A2002017,2002-01-17,MOD11A2,LST_Day_1km,294.1800,301.7200,86046.7891,7.5400,297.7397,3.7711,1.9419,289,289,100.00
A2002025,2002-01-25,MOD11A2,LST_Day_1km,295.2400,301.9200,86313.0547,6.6800,298.6611,2.6652,1.6326,289,289,100.00
A2002033,2002-02-02,MOD11A2,LST_Day_1km,295.6200,302.2000,86499.0000,6.5800,299.3045,2.4211,1.5560,289,289,100.00
A2002041,2002-02-10,MOD11A2,LST_Day_1km,294.9000,300.0000,85922.1797,5.1000,297.3086,1.2738,1.1286,289,289,100.00
A2002049,2002-02-18,MOD11A2,LST_Day_1km,301.7600,308.1000,88169.8438,6.3400,305.0860,1.6946,1.3018,289,289,100.00
A2002057,2002-02-26,MOD11A2,LST_Day_1km,301.9000,309.0000,88322.7031,7.1000,305.6149,2.8467,1.6872,289,289,100.00
A2002065,2002-03-06,MOD11A2,LST_Day_1km,301.7800,310.2400,88677.6094,8.4600,306.8429,3.1005,1.7608,289,289,100.00
A2002073,2002-03-14,MOD11A2,LST_Day_1km,308.5600,316.5600,90444.9531,8.0000,312.9583,3.3573,1.8323,289,289,100.00
A2002081,2002-03-22,MOD11A2,LST_Day_1km,312.4800,322.3800,92201.1016,9.9000,319.0349,3.5602,1.8868,289,289,100.00
A2002089,2002-03-30,MOD11A2,LST_Day_1km,311.2600,319.2600,91156.8984,8.0000,315.4218,3.1539,1.7759,289,289,100.00
A2002097,2002-04-07,MOD11A2,LST_Day_1km,311.4400,319.8600,91304.4375,8.4200,315.9323,3.8925,1.9730,289,289,100.00
A2002105,2002-04-15,MOD11A2,LST_Day_1km,312.6000,319.9400,91531.2734,7.3400,316.7172,2.6621,1.6316,289,289,100.00
A2002113,2002-04-23,MOD11A2,LST_Day_1km,312.0800,322.3400,92190.1641,10.2600,318.9971,3.8424,1.9602,289,289,100.00
A2002121,2002-05-01,MOD11A2,LST_Day_1km,313.4200,319.6200,91659.4609,6.2000,317.1608,1.7131,1.3089,289,289,100.00
A2002129,2002-05-09,MOD11A2,LST_Day_1km,314.5600,320.5600,91980.8438,6.0000,318.2728,1.3678,1.1695,289,289,100.00
A2002137,2002-05-17,MOD11A2,LST_Day_1km,312.1600,317.9400,91073.5938,5.7800,315.1335,1.5915,1.2615,289,289,100.00
A2002145,2002-05-25,MOD11A2,LST_Day_1km,309.0800,314.6800,90213.3594,5.6000,312.1570,1.4604,1.2085,289,289,100.00
A2002153,2002-06-02,MOD11A2,LST_Day_1km,310.0600,315.7000,90482.0781,5.6400,313.0868,1.9370,1.3917,289,289,100.00
A2002161,2002-06-10,MOD11A2,LST_Day_1km,312.3200,317.5400,91213.7422,5.2200,315.6185,0.9620,0.9808,289,289,100.00
A2002169,2002-06-18,MOD11A2,LST_Day_1km,308.7200,315.8200,90161.2578,7.1000,311.9767,2.0082,1.4171,289,289,100.00
A2002177,2002-06-26,MOD11A2,LST_Day_1km,304.2000,314.3200,89565.9609,10.1200,309.9168,3.3138,1.8204,289,289,100.00
A2002185,2002-07-04,MOD11A2,LST_Day_1km,304.8800,312.5200,89108.5938,7.6400,308.3342,3.3693,1.8356,289,289,100.00
A2002193,2002-07-12,MOD11A2,LST_Day_1km,308.8400,318.3200,88578.5781,9.4800,312.9985,4.7800,2.1863,289,283,97.92
A2002201,2002-07-20,MOD11A2,LST_Day_1km,302.4600,312.4000,87673.2109,9.9400,307.6253,5.4489,2.3343,289,285,98.62
A2002209,2002-07-28,MOD11A2,LST_Day_1km,304.5400,318.0600,81121.5547,13.5200,309.6243,6.6812,2.5848,289,262,90.66
A2002217,2002-08-05,MOD11A2,LST_Day_1km,303.9800,315.1400,40925.5664,11.1600,307.7110,10.5979,3.2554,289,133,46.02
A2002225,2002-08-13,MOD11A2,LST_Day_1km,303.9000,311.3800,86250.5391,7.4800,306.9414,2.2526,1.5009,289,281,97.23
A2002233,2002-08-21,MOD11A2,LST_Day_1km,299.2000,311.9400,81019.9531,12.7400,306.8938,3.1464,1.7738,289,264,91.35
A2002241,2002-08-29,MOD11A2,LST_Day_1km,299.3800,312.0200,87967.3359,12.6400,305.4421,3.5307,1.8790,289,288,99.65
A2002249,2002-09-06,MOD11A2,LST_Day_1km,304.5600,314.1800,88902.4766,9.6200,307.6210,2.7995,1.6732,289,289,100.00
A2002257,2002-09-14,MOD11A2,LST_Day_1km,306.5000,315.2400,89730.6641,8.7400,310.4867,2.1248,1.4577,289,289,100.00
A2002265,2002-09-22,MOD11A2,LST_Day_1km,309.0600,317.1600,90343.3438,8.1000,312.6067,3.1025,1.7614,289,289,100.00
A2002273,2002-09-30,MOD11A2,LST_Day_1km,312.1400,319.3000,91315.6016,7.1600,315.9709,2.8741,1.6953,289,289,100.00
A2002281,2002-10-08,MOD11A2,LST_Day_1km,309.9000,316.1000,90369.8594,6.2000,312.6985,2.3876,1.5452,289,289,100.00
A2002289,2002-10-16,MOD11A2,LST_Day_1km,308.8600,315.6600,90293.3906,6.8000,312.4339,2.6587,1.6305,289,289,100.00
A2002297,2002-10-24,MOD11A2,LST_Day_1km,307.4600,314.6400,89851.9062,7.1800,310.9062,2.9789,1.7260,289,289,100.00
A2002305,2002-11-01,MOD11A2,LST_Day_1km,304.4200,311.6200,88995.0078,7.2000,307.9412,3.2680,1.8078,289,289,100.00
A2002313,2002-11-09,MOD11A2,LST_Day_1km,301.4000,308.7800,88208.5547,7.3800,305.2199,2.5873,1.6085,289,289,100.00
A2002321,2002-11-17,MOD11A2,LST_Day_1km,303.7200,310.7200,88778.6562,7.0000,307.1926,2.6395,1.6247,289,289,100.00
A2002329,2002-11-25,MOD11A2,LST_Day_1km,301.0400,307.6400,87893.6797,6.6000,304.1304,2.6720,1.6346,289,289,100.00
A2002337,2002-12-03,MOD11A2,LST_Day_1km,298.3800,304.6000,87225.1719,6.2200,301.8172,1.9942,1.4122,289,289,100.00
A2002345,2002-12-11,MOD11A2,LST_Day_1km,300.4200,307.2800,87802.6797,6.8600,303.8155,2.7135,1.6473,289,289,100.00
A2002353,2002-12-19,MOD11A2,LST_Day_1km,298.2200,304.1000,87149.3359,5.8800,301.5548,1.7811,1.3346,289,289,100.00
A2002361,2002-12-27,MOD11A2,LST_Day_1km,295.3800,302.3800,86381.0000,7.0000,298.8962,2.9744,1.7246,289,289,100.00
A2003001,2003-01-01,MOD11A2,LST_Day_1km,290.9200,297.7800,84843.9375,6.8600,293.5776,1.7547,1.3246,289,289,100.00
A2003009,2003-01-09,MOD11A2,LST_Day_1km,294.1800,300.0800,85887.1953,5.9000,297.1875,1.8173,1.3481,289,289,100.00
A2003017,2003-01-17,MOD11A2,LST_Day_1km,296.3000,303.8200,86638.5078,7.5200,299.7872,2.6710,1.6343,289,289,100.00
A2003025,2003-01-25,MOD11A2,LST_Day_1km,297.6400,303.8200,86909.2266,6.1800,300.7240,2.1937,1.4811,289,289,100.00
A2003033,2003-02-02,MOD11A2,LST_Day_1km,296.8400,302.2400,86509.2031,5.4000,299.3398,1.4804,1.2167,289,289,100.00
A2003041,2003-02-10,MOD11A2,LST_Day_1km,298.7200,306.6800,87536.6406,7.9600,302.8950,3.4309,1.8523,289,289,100.00
A2003049,2003-02-18,MOD11A2,LST_Day_1km,294.9600,304.2800,86607.6016,9.3200,299.6803,4.3859,2.0943,289,289,100.00
A2003057,2003-02-26,MOD11A2,LST_Day_1km,303.5000,308.5000,88480.2578,5.0000,306.1601,1.3641,1.1679,289,289,100.00
A2003065,2003-03-06,MOD11A2,LST_Day_1km,304.1800,310.4400,88807.4688,6.2600,307.2923,2.3386,1.5293,289,289,100.00
A2003073,2003-03-14,MOD11A2,LST_Day_1km,305.2200,310.4200,88965.8203,5.2000,307.8402,1.5968,1.2636,289,289,100.00
A2003081,2003-03-22,MOD11A2,LST_Day_1km,308.4200,314.0600,89832.4688,5.6400,310.8390,1.4642,1.2100,289,289,100.00
A2003089,2003-03-30,MOD11A2,LST_Day_1km,308.9000,316.8400,90260.5625,7.9400,312.3203,2.5705,1.6033,289,289,100.00
A2003097,2003-04-07,MOD11A2,LST_Day_1km,313.4200,319.6000,91509.6406,6.1800,316.6424,2.1474,1.4654,289,289,100.00
A2003105,2003-04-15,MOD11A2,LST_Day_1km,310.5800,319.3600,91056.0312,8.7800,315.0728,3.1392,1.7718,289,289,100.00
A2003113,2003-04-23,MOD11A2,LST_Day_1km,314.6600,321.3200,91877.4844,6.6600,317.9152,2.5908,1.6096,289,289,100.00
A2003121,2003-05-01,MOD11A2,LST_Day_1km,310.4400,321.8200,91471.8672,11.3800,316.5117,10.3450,3.2164,289,289,100.00
A2003129,2003-05-09,MOD11A2,LST_Day_1km,315.3800,321.2800,91973.3359,5.9000,318.2468,1.5991,1.2645,289,289,100.00
A2003137,2003-05-17,MOD11A2,LST_Day_1km,311.5200,317.3200,90777.1016,5.8000,314.1076,2.4298,1.5588,289,289,100.00
A2003145,2003-05-25,MOD11A2,LST_Day_1km,312.4200,318.7600,91326.6250,6.3400,316.0091,1.9776,1.4063,289,289,100.00
A2003153,2003-06-02,MOD11A2,LST_Day_1km,311.4600,317.6600,90869.1719,6.2000,314.4262,2.0323,1.4256,289,289,100.00
A2003161,2003-06-10,MOD11A2,LST_Day_1km,310.0600,314.6400,90255.3906,4.5800,312.3024,1.0927,1.0453,289,289,100.00
A2003169,2003-06-18,MOD11A2,LST_Day_1km,301.5600,308.0400,87997.3438,6.4800,304.4891,1.4674,1.2114,289,289,100.00
A2003177,2003-06-26,MOD11A2,LST_Day_1km,299.6800,311.5600,88467.9766,11.8800,306.1176,6.1616,2.4823,289,289,100.00
A2003185,2003-07-04,MOD11A2,LST_Day_1km,307.6800,317.1000,89909.9766,9.4200,312.1874,4.2362,2.0582,289,288,99.65
A2003193,2003-07-12,MOD11A2,LST_Day_1km,300.3400,303.5800,907.5000,3.2400,302.5000,2.3328,1.5273,289,3,1.04
A2003201,2003-07-20,MOD11A2,LST_Day_1km,305.1800,305.1800,915.5400,0.0000,305.1800,0.0000,0.0000,289,3,1.04
A2003209,2003-07-28,MOD11A2,LST_Day_1km,,,,,,,,289,0,0.00
A2003217,2003-08-05,MOD11A2,LST_Day_1km,288.1600,306.7400,75755.6094,18.5800,300.6175,9.5621,3.0923,289,252,87.20
A2003225,2003-08-13,MOD11A2,LST_Day_1km,297.5000,301.9200,22746.4844,4.4200,299.2958,1.5459,1.2433,289,76,26.30
A2003233,2003-08-21,MOD11A2,LST_Day_1km,298.5800,309.0000,54065.2969,10.4200,303.7376,4.1416,2.0351,289,178,61.59
A2003241,2003-08-29,MOD11A2,LST_Day_1km,298.5200,305.7600,54196.8867,7.2400,302.7759,1.9221,1.3864,289,179,61.94
A2003249,2003-09-06,MOD11A2,LST_Day_1km,297.4200,306.1800,87280.1094,8.7600,303.0559,3.1434,1.7730,289,288,99.65
A2003257,2003-09-14,MOD11A2,LST_Day_1km,300.7800,307.8600,88116.2031,7.0800,304.9004,2.3768,1.5417,289,289,100.00
A2003265,2003-09-22,MOD11A2,LST_Day_1km,304.3400,309.9400,88840.2500,5.6000,307.4057,1.6225,1.2738,289,289,100.00
A2003273,2003-09-30,MOD11A2,LST_Day_1km,307.8200,313.3400,89762.0859,5.5200,310.5955,1.6550,1.2865,289,289,100.00
A2003281,2003-10-08,MOD11A2,LST_Day_1km,307.8000,314.3200,89984.3516,6.5200,311.3645,2.3926,1.5468,289,289,100.00
A2003289,2003-10-16,MOD11A2,LST_Day_1km,306.6400,313.8000,89689.0156,7.1600,310.3426,2.5888,1.6090,289,289,100.00
A2003297,2003-10-24,MOD11A2,LST_Day_1km,304.7800,312.5200,89344.6875,7.7400,309.1512,2.4841,1.5761,289,289,100.00
A2003305,2003-11-01,MOD11A2,LST_Day_1km,304.8200,311.7800,89144.6094,6.9600,308.4589,2.0542,1.4333,289,289,100.00
A2003313,2003-11-09,MOD11A2,LST_Day_1km,301.8400,309.3200,88396.8750,7.4800,305.8716,2.4903,1.5781,289,289,100.00
A2003321,2003-11-17,MOD11A2,LST_Day_1km,299.0000,304.7600,87313.7578,5.7600,302.1237,1.7210,1.3119,289,289,100.00
A2003329,2003-11-25,MOD11A2,LST_Day_1km,298.3000,304.8800,87215.0469,6.5800,301.7822,2.0766,1.4411,289,289,100.00
A2003337,2003-12-03,MOD11A2,LST_Day_1km,300.1200,305.8200,87708.5938,5.7000,303.4899,1.5293,1.2367,289,289,100.00
A2003345,2003-12-11,MOD11A2,LST_Day_1km,297.1000,303.2800,86833.3125,6.1800,300.4613,1.9514,1.3969,289,289,100.00
A2003353,2003-12-19,MOD11A2,LST_Day_1km,292.6600,300.6000,85844.5547,7.9400,297.0400,3.3943,1.8424,289,289,100.00
A2003361,2003-12-27,MOD11A2,LST_Day_1km,292.6600,297.7400,85357.5156,5.0800,295.3547,1.5739,1.2545,289,289,100.00
A2004001,2004-01-01,MOD11A2,LST_Day_1km,293.4600,299.8000,85771.1094,6.3400,296.7859,1.8648,1.3656,289,289,100.00
A2004009,2004-01-09,MOD11A2,LST_Day_1km,297.3200,303.8800,87026.8203,6.5600,301.1309,1.9838,1.4085,289,289,100.00
A2004017,2004-01-17,MOD11A2,LST_Day_1km,295.0600,302.4600,86444.9531,7.4000,299.1175,2.6992,1.6429,289,289,100.00
A2004025,2004-01-25,MOD11A2,LST_Day_1km,295.0600,302.2800,86338.1406,7.2200,298.7479,2.6093,1.6153,289,289,100.00
A2004033,2004-02-02,MOD11A2,LST_Day_1km,297.6800,304.7600,87185.3984,7.0800,301.6796,2.6818,1.6376,289,289,100.00
A2004041,2004-02-10,MOD11A2,LST_Day_1km,299.7400,306.6800,87789.8438,6.9400,303.7711,2.4339,1.5601,289,289,100.00
A2004049,2004-02-18,MOD11A2,LST_Day_1km,301.4600,312.1600,88670.6016,10.7000,306.8187,5.9241,2.4339,289,289,100.00
A2004057,2004-02-26,MOD11A2,LST_Day_1km,306.0200,312.9600,89646.5938,6.9400,310.1958,2.5290,1.5903,289,289,100.00
A2004065,2004-03-05,MOD11A2,LST_Day_1km,307.7200,315.7200,90194.8281,8.0000,312.0928,3.3255,1.8236,289,289,100.00
A2004073,2004-03-13,MOD11A2,LST_Day_1km,311.7600,319.6600,91536.7734,7.9000,316.7362,2.7280,1.6517,289,289,100.00
A2004081,2004-03-21,MOD11A2,LST_Day_1km,309.6400,319.0600,90841.4688,9.4200,314.3304,4.2646,2.0651,289,289,100.00
A2004089,2004-03-29,MOD11A2,LST_Day_1km,311.1400,319.1600,91265.2812,8.0200,315.7968,3.0420,1.7441,289,289,100.00
A2004097,2004-04-06,MOD11A2,LST_Day_1km,310.8800,318.1600,90971.3672,7.2800,314.7798,2.3004,1.5167,289,289,100.00
A2004105,2004-04-14,MOD11A2,LST_Day_1km,311.8400,318.1600,91215.4141,6.3200,315.6243,1.7771,1.3331,289,289,100.00
A2004113,2004-04-22,MOD11A2,LST_Day_1km,311.9200,319.9200,91372.6719,8.0000,316.1684,3.0765,1.7540,289,289,100.00
A2004121,2004-04-30,MOD11A2,LST_Day_1km,311.6400,320.9200,91495.7969,9.2800,316.5945,7.1235,2.6690,289,289,100.00
A2004129,2004-05-08,MOD11A2,LST_Day_1km,307.6800,315.1600,90176.9219,7.4800,312.0309,1.9066,1.3808,289,289,100.00
A2004137,2004-05-16,MOD11A2,LST_Day_1km,311.2800,318.1800,90874.8281,6.9000,314.4458,0.7360,0.8579,289,289,100.00
A2004145,2004-05-24,MOD11A2,LST_Day_1km,310.1200,317.4400,90771.3125,7.3200,314.0876,2.9902,1.7292,289,289,100.00
A2004153,2004-06-01,MOD11A2,LST_Day_1km,313.7200,319.6600,91612.4375,5.9400,316.9980,1.5418,1.2417,289,289,100.00
A2004161,2004-06-09,MOD11A2,LST_Day_1km,309.6400,320.9600,91029.7500,11.3200,314.9818,3.5530,1.8850,289,289,100.00
A2004169,2004-06-17,MOD11A2,LST_Day_1km,302.4400,311.5000,88563.4688,9.0600,307.5121,2.9773,1.7255,289,288,99.65
A2004177,2004-06-25,MOD11A2,LST_Day_1km,309.0400,316.5800,90370.7188,7.5400,312.7014,1.8661,1.3661,289,289,100.00
A2004185,2004-07-03,MOD11A2,LST_Day_1km,312.0800,317.4200,89813.4141,5.3400,315.1348,1.6665,1.2909,289,285,98.62
A2004193,2004-07-11,MOD11A2,LST_Day_1km,302.4400,311.7200,86928.3438,9.2800,307.1673,3.5011,1.8711,289,283,97.92
A2004201,2004-07-19,MOD11A2,LST_Day_1km,305.3800,313.9600,89251.0000,8.5800,308.8270,2.9681,1.7228,289,289,100.00
A2004209,2004-07-27,MOD11A2,LST_Day_1km,305.8600,314.1400,35308.5000,8.2800,309.7237,4.1573,2.0390,289,114,39.45
A2004217,2004-08-04,MOD11A2,LST_Day_1km,,,,,,,,289,0,0.00
A2004225,2004-08-12,MOD11A2,LST_Day_1km,296.9200,302.0800,20709.4941,5.1600,300.1376,2.0166,1.4201,289,69,23.88
A2004233,2004-08-20,MOD11A2,LST_Day_1km,295.5800,304.2800,83472.6406,8.7000,300.2613,1.9867,1.4095,289,278,96.19
A2004241,2004-08-28,MOD11A2,LST_Day_1km,300.7200,305.8800,87779.0469,5.1600,303.7337,0.9095,0.9537,289,289,100.00
A2004249,2004-09-05,MOD11A2,LST_Day_1km,304.6400,310.6600,88998.3828,6.0200,307.9529,1.8380,1.3557,289,289,100.00
A2004257,2004-09-13,MOD11A2,LST_Day_1km,306.2200,312.4200,89385.1328,6.2000,309.2911,2.1031,1.4502,289,289,100.00
A2004265,2004-09-21,MOD11A2,LST_Day_1km,305.2000,312.3800,89164.5234,7.1800,308.5278,2.7308,1.6525,289,289,100.00
A2004273,2004-09-29,MOD11A2,LST_Day_1km,304.9600,316.9000,89667.0391,11.9400,310.2666,7.4655,2.7323,289,289,100.00
A2004281,2004-10-07,MOD11A2,LST_Day_1km,303.0000,309.4000,88469.1406,6.4000,306.1216,2.9242,1.7100,289,289,100.00
A2004289,2004-10-15,MOD11A2,LST_Day_1km,305.7600,313.2000,89307.5547,7.4400,309.0227,3.6141,1.9011,289,289,100.00
A2004297,2004-10-23,MOD11A2,LST_Day_1km,303.5800,310.1000,88661.5078,6.5200,306.7872,2.3359,1.5284,289,289,100.00
A2004305,2004-10-31,MOD11A2,LST_Day_1km,301.1200,309.9000,88353.1484,8.7800,305.7202,3.5633,1.8877,289,289,100.00
A2004313,2004-11-08,MOD11A2,LST_Day_1km,302.2200,309.3200,88493.0547,7.1000,306.2043,2.5779,1.6056,289,289,100.00
A2004321,2004-11-16,MOD11A2,LST_Day_1km,303.2600,311.1400,88761.7656,7.8800,307.1341,3.5091,1.8732,289,289,100.00
A2004329,2004-11-24,MOD11A2,LST_Day_1km,300.3800,307.2600,87857.9609,6.8800,304.0068,2.2667,1.5056,289,289,100.00
A2004337,2004-12-02,MOD11A2,LST_Day_1km,296.9000,306.2200,87172.8203,9.3200,301.6360,3.8861,1.9713,289,289,100.00
A2004345,2004-12-10,MOD11A2,LST_Day_1km,298.5400,306.3800,87397.1250,7.8400,302.4122,3.0124,1.7356,289,289,100.00
A2004353,2004-12-18,MOD11A2,LST_Day_1km,295.7600,302.3000,86396.4609,6.5400,298.9497,2.2266,1.4922,289,289,100.00
A2004361,2004-12-26,MOD11A2,LST_Day_1km,292.8400,302.4800,85876.7344,9.6400,297.1513,5.5346,2.3526,289,289,100.00
A2005001,2005-01-01,MOD11A2,LST_Day_1km,294.6200,301.3800,86096.3906,6.7600,297.9114,3.0669,1.7513,289,289,100.00
A2005009,2005-01-09,MOD11A2,LST_Day_1km,294.2200,302.5000,85966.3594,8.2800,297.4615,2.3057,1.5184,289,289,100.00
A2005017,2005-01-17,MOD11A2,LST_Day_1km,292.7800,300.8200,85757.9219,8.0400,296.7402,3.5881,1.8942,289,289,100.00
A2005025,2005-01-25,MOD11A2,LST_Day_1km,292.7800,301.6600,85984.9375,8.8800,297.5257,4.6437,2.1549,289,289,100.00
A2005033,2005-02-02,MOD11A2,LST_Day_1km,295.8600,304.7800,86778.0938,8.9200,300.2702,3.5255,1.8776,289,289,100.00
A2005041,2005-02-10,MOD11A2,LST_Day_1km,299.6800,307.1200,87649.5156,7.4400,303.2855,2.6065,1.6145,289,289,100.00
A2005049,2005-02-18,MOD11A2,LST_Day_1km,297.4400,305.2000,87090.1094,7.7600,301.3499,3.3825,1.8391,289,289,100.00
A2005057,2005-02-26,MOD11A2,LST_Day_1km,302.8600,311.4000,88870.5469,8.5400,307.5105,3.5043,1.8720,289,289,100.00
A2005065,2005-03-06,MOD11A2,LST_Day_1km,301.5800,313.2600,88958.1406,11.6800,307.8136,7.1302,2.6702,289,289,100.00
A2005073,2005-03-14,MOD11A2,LST_Day_1km,306.9600,316.2200,90283.6484,9.2600,312.4002,2.6377,1.6241,289,289,100.00
A2005081,2005-03-22,MOD11A2,LST_Day_1km,307.8000,315.4800,90138.9141,7.6800,311.8994,3.1415,1.7724,289,289,100.00
A2005089,2005-03-30,MOD11A2,LST_Day_1km,312.6000,321.1600,91798.2812,8.5600,317.6411,3.4777,1.8649,289,289,100.00
A2005097,2005-04-07,MOD11A2,LST_Day_1km,308.9800,318.9400,90973.6172,9.9600,314.7876,5.3044,2.3031,289,289,100.00
A2005105,2005-04-15,MOD11A2,LST_Day_1km,314.0400,321.8800,92146.8047,7.8400,318.8471,2.4892,1.5777,289,289,100.00
A2005113,2005-04-23,MOD11A2,LST_Day_1km,310.1600,317.1400,90900.0156,6.9800,314.5329,2.6086,1.6151,289,289,100.00
A2005121,2005-05-01,MOD11A2,LST_Day_1km,309.1400,315.3400,90240.5859,6.2000,312.2512,1.5061,1.2272,289,289,100.00
A2005129,2005-05-09,MOD11A2,LST_Day_1km,312.5600,318.6400,91362.6875,6.0800,316.1339,0.9524,0.9759,289,289,100.00
A2005137,2005-05-17,MOD11A2,LST_Day_1km,313.8000,320.2600,91624.0000,6.4600,317.0381,1.9006,1.3786,289,289,100.00
A2005145,2005-05-25,MOD11A2,LST_Day_1km,312.7800,319.1600,91320.8203,6.3800,315.9890,2.4924,1.5787,289,289,100.00
A2005153,2005-06-02,MOD11A2,LST_Day_1km,313.3000,319.7000,91551.3906,6.4000,316.7868,1.8410,1.3568,289,289,100.00
A2005161,2005-06-10,MOD11A2,LST_Day_1km,310.3600,317.2200,90478.7969,6.8600,313.0754,1.6376,1.2797,289,289,100.00
A2005169,2005-06-18,MOD11A2,LST_Day_1km,313.3400,321.7400,91959.4844,8.4000,318.1989,4.4148,2.1011,289,289,100.00
A2005177,2005-06-26,MOD11A2,LST_Day_1km,306.4400,318.3400,87675.2891,11.9000,310.9053,9.0315,3.0052,289,282,97.58
A2005185,2005-07-04,MOD11A2,LST_Day_1km,303.2200,311.8600,88850.3438,8.6400,307.4406,4.3459,2.0847,289,289,100.00
A2005193,2005-07-12,MOD11A2,LST_Day_1km,301.0200,305.5400,39305.6562,4.5200,302.3512,0.7508,0.8665,289,130,44.98
A2005201,2005-07-20,MOD11A2,LST_Day_1km,299.4800,307.4200,87865.3516,7.9400,304.0323,2.8768,1.6961,289,289,100.00
A2005209,2005-07-28,MOD11A2,LST_Day_1km,299.3600,308.3400,51595.5273,8.9800,305.2990,2.0908,1.4460,289,169,58.48
A2005217,2005-08-05,MOD11A2,LST_Day_1km,300.6000,309.0800,87403.3906,8.4800,305.6063,2.6223,1.6194,289,286,98.96
A2005225,2005-08-13,MOD11A2,LST_Day_1km,301.2800,311.1200,88397.7188,9.8400,305.8745,3.9759,1.9940,289,289,100.00
A2005233,2005-08-21,MOD11A2,LST_Day_1km,300.7600,306.8800,88017.5156,6.1200,304.5589,1.3627,1.1674,289,289,100.00
A2005241,2005-08-29,MOD11A2,LST_Day_1km,308.1800,313.2400,89880.1328,5.0600,311.0039,1.0613,1.0302,289,289,100.00
A2005249,2005-09-06,MOD11A2,LST_Day_1km,312.1400,316.5800,91013.8438,4.4400,314.9268,0.7312,0.8551,289,289,100.00
A2005257,2005-09-14,MOD11A2,LST_Day_1km,297.9400,307.0400,39175.3086,9.1000,303.6846,3.1019,1.7612,289,129,44.64
A2005265,2005-09-22,MOD11A2,LST_Day_1km,299.9000,305.0400,87503.2500,5.1400,302.7794,0.8442,0.9188,289,289,100.00
A2005273,2005-09-30,MOD11A2,LST_Day_1km,304.9600,309.1200,88853.5234,4.1600,307.4516,0.7486,0.8652,289,289,100.00
A2005281,2005-10-08,MOD11A2,LST_Day_1km,306.9600,311.7600,89439.4844,4.8000,309.4792,0.9853,0.9926,289,289,100.00
A2005289,2005-10-16,MOD11A2,LST_Day_1km,304.9600,310.7600,89023.4609,5.8000,308.0396,1.5359,1.2393,289,289,100.00
A2005297,2005-10-24,MOD11A2,LST_Day_1km,304.6600,311.5800,89190.8750,6.9200,308.6190,1.8303,1.3529,289,289,100.00
A2005305,2005-11-01,MOD11A2,LST_Day_1km,302.0200,307.9600,88253.4844,5.9400,305.3754,1.7183,1.3108,289,289,100.00
A2005313,2005-11-09,MOD11A2,LST_Day_1km,302.9000,308.9600,88596.3672,6.0600,306.5618,1.9254,1.3876,289,289,100.00
A2005321,2005-11-17,MOD11A2,LST_Day_1km,302.2400,308.8000,88459.6562,6.5600,306.0888,2.2238,1.4912,289,289,100.00
A2005329,2005-11-25,MOD11A2,LST_Day_1km,296.9600,302.5800,86821.7422,5.6200,300.4213,1.2504,1.1182,289,289,100.00
A2005337,2005-12-03,MOD11A2,LST_Day_1km,297.0600,303.9800,87015.6406,6.9200,301.0922,2.3362,1.5285,289,289,100.00
A2005345,2005-12-11,MOD11A2,LST_Day_1km,294.5200,300.7000,86173.8203,6.1800,298.1793,1.8597,1.3637,289,289,100.00
A2005353,2005-12-19,MOD11A2,LST_Day_1km,293.0800,299.9600,85796.2344,6.8800,296.8728,2.8079,1.6757,289,289,100.00
A2005361,2005-12-27,MOD11A2,LST_Day_1km,292.5000,300.7200,85876.0234,8.2200,297.1489,2.1686,1.4726,289,289,100.00
A2006001,2006-01-01,MOD11A2,LST_Day_1km,292.2800,298.7400,85524.4062,6.4600,295.9322,1.8983,1.3778,289,289,100.00
A2006009,2006-01-09,MOD11A2,LST_Day_1km,295.4600,303.3600,86559.1797,7.9000,299.5127,2.3749,1.5411,289,289,100.00
A2006017,2006-01-17,MOD11A2,LST_Day_1km,294.3800,302.7000,86402.2812,8.3200,298.9698,3.4433,1.8556,289,289,100.00
A2006025,2006-01-25,MOD11A2,LST_Day_1km,296.7000,304.8000,86999.4922,8.1000,301.0363,2.9200,1.7088,289,289,100.00
A2006033,2006-02-02,MOD11A2,LST_Day_1km,299.9400,308.0000,88070.7031,8.0600,304.7429,2.6220,1.6193,289,289,100.00
A2006041,2006-02-10,MOD11A2,LST_Day_1km,302.9800,310.6400,88765.3281,7.6600,307.1465,2.6253,1.6203,289,289,100.00
A2006049,2006-02-18,MOD11A2,LST_Day_1km,305.0000,313.7200,89515.1016,8.7200,309.7408,4.0431,2.0107,289,289,100.00
A2006057,2006-02-26,MOD11A2,LST_Day_1km,304.7600,312.3400,89350.2188,7.5800,309.1703,2.8740,1.6953,289,289,100.00
A2006065,2006-03-06,MOD11A2,LST_Day_1km,304.5600,313.5200,89520.7344,8.9600,309.7603,3.6292,1.9050,289,289,100.00
A2006073,2006-03-14,MOD11A2,LST_Day_1km,303.6800,313.0200,89259.6172,9.3400,308.8568,2.1985,1.4827,289,289,100.00
A2006081,2006-03-22,MOD11A2,LST_Day_1km,306.9200,316.3400,90168.7969,9.4200,312.0027,2.5562,1.5988,289,289,100.00
A2006089,2006-03-30,MOD11A2,LST_Day_1km,310.4000,318.3000,91163.7109,7.9000,315.4454,3.0462,1.7453,289,289,100.00
A2006097,2006-04-07,MOD11A2,LST_Day_1km,309.3200,317.9400,90975.4844,8.6200,314.7941,3.5929,1.8955,289,289,100.00
A2006105,2006-04-15,MOD11A2,LST_Day_1km,308.2200,316.1600,90520.1797,7.9400,313.2186,1.7395,1.3189,289,289,100.00
A2006113,2006-04-23,MOD11A2,LST_Day_1km,311.4200,318.6800,91317.0156,7.2600,315.9758,2.2935,1.5144,289,289,100.00
A2006121,2006-05-01,MOD11A2,LST_Day_1km,314.4400,321.0800,92122.2109,6.6400,318.7620,2.0054,1.4161,289,289,100.00
A2006129,2006-05-09,MOD11A2,LST_Day_1km,310.4800,318.1600,90964.4922,7.6800,314.7560,2.8419,1.6858,289,289,100.00
A2006137,2006-05-17,MOD11A2,LST_Day_1km,305.6200,311.7000,89106.4219,6.0800,308.3267,1.5908,1.2613,289,289,100.00
A2006145,2006-05-25,MOD11A2,LST_Day_1km,310.7800,315.7400,90726.7578,4.9600,313.9334,0.8960,0.9465,289,289,100.00
A2006153,2006-06-02,MOD11A2,LST_Day_1km,306.2800,312.4200,89429.7500,6.1400,309.4455,0.9903,0.9951,289,289,100.00
A2006161,2006-06-10,MOD11A2,LST_Day_1km,310.9000,317.2200,90844.5781,6.3200,314.3411,2.1488,1.4659,289,289,100.00
A2006169,2006-06-18,MOD11A2,LST_Day_1km,310.4000,317.6600,90711.6797,7.2600,313.8813,2.4328,1.5598,289,289,100.00
A2006177,2006-06-26,MOD11A2,LST_Day_1km,303.4200,315.3800,88167.6641,11.9600,307.2044,2.9754,1.7249,289,287,99.31
A2006185,2006-07-04,MOD11A2,LST_Day_1km,298.1600,316.5000,84126.5703,18.3400,309.2888,5.8907,2.4271,289,272,94.12
A2006193,2006-07-12,MOD11A2,LST_Day_1km,302.4800,312.4400,53990.4492,9.9600,308.5168,2.7568,1.6604,289,175,60.55
A2006201,2006-07-20,MOD11A2,LST_Day_1km,,,,,,,,289,0,0.00
A2006209,2006-07-28,MOD11A2,LST_Day_1km,295.1800,303.5600,21989.3379,8.3800,301.2238,3.5694,1.8893,289,73,25.26
A2006217,2006-08-05,MOD11A2,LST_Day_1km,299.5600,304.9400,18159.5605,5.3800,302.6593,1.7668,1.3292,289,60,20.76
A2006225,2006-08-13,MOD11A2,LST_Day_1km,301.8600,309.3000,77131.8359,7.4400,306.0787,2.7378,1.6546,289,252,87.20
A2006233,2006-08-21,MOD11A2,LST_Day_1km,,,,,,,,289,0,0.00
A2006241,2006-08-29,MOD11A2,LST_Day_1km,295.8600,306.5000,86664.7656,10.6400,299.8781,2.1669,1.4721,289,289,100.00
A2006249,2006-09-06,MOD11A2,LST_Day_1km,295.8800,306.7800,86332.7656,10.9000,302.9220,3.8115,1.9523,289,285,98.62
A2006257,2006-09-14,MOD11A2,LST_Day_1km,304.7600,310.7000,88946.2969,5.9400,307.7726,2.1338,1.4607,289,289,100.00
A2006265,2006-09-22,MOD11A2,LST_Day_1km,303.5600,311.0800,88837.1328,7.5200,307.3949,3.8080,1.9514,289,289,100.00
A2006273,2006-09-30,MOD11A2,LST_Day_1km,308.7800,316.7400,90455.2812,7.9600,312.9940,3.5328,1.8796,289,289,100.00
A2006281,2006-10-08,MOD11A2,LST_Day_1km,307.7800,315.8800,90108.5312,8.1000,311.7942,4.0097,2.0024,289,289,100.00
A2006289,2006-10-16,MOD11A2,LST_Day_1km,306.3600,313.5200,89612.4297,7.1600,310.0776,2.7715,1.6648,289,289,100.00
A2006297,2006-10-24,MOD11A2,LST_Day_1km,304.3000,311.7600,89186.7500,7.4600,308.6047,3.1894,1.7859,289,289,100.00
A2006305,2006-11-01,MOD11A2,LST_Day_1km,302.8000,310.7400,88804.5781,7.9400,307.2823,3.1837,1.7843,289,289,100.00
A2006313,2006-11-09,MOD11A2,LST_Day_1km,302.7400,309.6200,88581.6719,6.8800,306.5110,2.4861,1.5767,289,289,100.00
A2006321,2006-11-17,MOD11A2,LST_Day_1km,300.9600,307.6200,88051.8906,6.6600,304.6778,2.3393,1.5295,289,289,100.00
A2006329,2006-11-25,MOD11A2,LST_Day_1km,297.7600,304.9600,87175.8203,7.2000,301.6464,2.8932,1.7010,289,289,100.00
A2006337,2006-12-03,MOD11A2,LST_Day_1km,296.8600,304.5800,87142.3594,7.7200,301.5307,2.9482,1.7170,289,289,100.00
A2006345,2006-12-11,MOD11A2,LST_Day_1km,295.1200,302.5000,86463.7266,7.3800,299.1824,2.4693,1.5714,289,289,100.00
A2006353,2006-12-19,MOD11A2,LST_Day_1km,295.7000,302.5800,86575.2500,6.8800,299.5683,2.3559,1.5349,289,289,100.00
A2006361,2006-12-27,MOD11A2,LST_Day_1km,295.3600,301.9600,86300.0469,6.6000,298.6161,2.5737,1.6043,289,289,100.00
A2007001,2007-01-01,MOD11A2,LST_Day_1km,292.6600,300.2800,85662.1562,7.6200,296.4088,2.7956,1.6720,289,289,100.00
A2007009,2007-01-09,MOD11A2,LST_Day_1km,293.3400,301.3200,85995.3828,7.9800,297.5619,3.2794,1.8109,289,289,100.00
A2007017,2007-01-17,MOD11A2,LST_Day_1km,295.0200,301.8200,86320.5781,6.8000,298.6871,2.5213,1.5879,289,289,100.00
A2007025,2007-01-25,MOD11A2,LST_Day_1km,297.8800,305.6600,87469.3672,7.7800,302.6622,2.7626,1.6621,289,289,100.00
A2007033,2007-02-02,MOD11A2,LST_Day_1km,299.4400,306.5400,87760.2344,7.1000,303.6686,2.3091,1.5196,289,289,100.00
A2007041,2007-02-10,MOD11A2,LST_Day_1km,296.3800,303.4600,86619.2188,7.0800,299.7205,2.5763,1.6051,289,289,100.00
A2007049,2007-02-18,MOD11A2,LST_Day_1km,299.2200,307.6800,87694.0391,8.4600,303.4396,2.8280,1.6817,289,289,100.00
A2007057,2007-02-26,MOD11A2,LST_Day_1km,299.9200,306.3200,87636.8828,6.4000,303.2418,2.2841,1.5113,289,289,100.00
A2007065,2007-03-06,MOD11A2,LST_Day_1km,299.4400,309.8000,87976.2031,10.3600,304.4159,3.6433,1.9087,289,289,100.00
A2007073,2007-03-14,MOD11A2,LST_Day_1km,303.8200,310.6400,88771.0781,6.8200,307.1664,2.2082,1.4860,289,289,100.00
A2007081,2007-03-22,MOD11A2,LST_Day_1km,309.1200,316.6200,90706.3047,7.5000,313.8626,2.3068,1.5188,289,289,100.00
A2007089,2007-03-30,MOD11A2,LST_Day_1km,311.3600,320.2200,91521.1484,8.8600,316.6822,3.7903,1.9469,289,289,100.00
A2007097,2007-04-07,MOD11A2,LST_Day_1km,312.7000,320.2800,91722.7812,7.5800,317.3799,2.1757,1.4750,289,289,100.00
A2007105,2007-04-15,MOD11A2,LST_Day_1km,313.7000,321.3400,92015.8047,7.6400,318.3938,2.7187,1.6488,289,289,100.00
A2007113,2007-04-23,MOD11A2,LST_Day_1km,314.7200,322.8200,92495.6094,8.1000,320.0540,2.4615,1.5689,289,289,100.00
A2007121,2007-05-01,MOD11A2,LST_Day_1km,314.2600,323.5400,92422.4062,9.2800,319.8007,3.9548,1.9887,289,289,100.00
A2007129,2007-05-09,MOD11A2,LST_Day_1km,312.3200,318.3000,91353.5781,5.9800,316.1024,1.5221,1.2337,289,289,100.00
A2007137,2007-05-17,MOD11A2,LST_Day_1km,311.3600,318.1000,91093.6484,6.7400,315.2029,1.8380,1.3557,289,289,100.00
A2007145,2007-05-25,MOD11A2,LST_Day_1km,313.0200,319.5000,91488.1406,6.4800,316.5680,2.1378,1.4621,289,289,100.00
A2007153,2007-06-02,MOD11A2,LST_Day_1km,313.9800,320.9600,91904.2031,6.9800,318.0076,2.1114,1.4531,289,289,100.00
A2007161,2007-06-10,MOD11A2,LST_Day_1km,310.6400,320.8600,91413.5391,10.2200,316.3098,3.9068,1.9766,289,289,100.00
A2007169,2007-06-18,MOD11A2,LST_Day_1km,306.0400,314.0400,89625.9453,8.0000,310.1244,1.4975,1.2237,289,289,100.00
A2007177,2007-06-26,MOD11A2,LST_Day_1km,298.0600,314.3000,67752.7891,16.2400,307.9672,9.5416,3.0889,289,220,76.12
A2007185,2007-07-04,MOD11A2,LST_Day_1km,290.7200,302.3600,57232.2812,11.6400,295.0117,5.7551,2.3990,289,194,67.13
A2007193,2007-07-12,MOD11A2,LST_Day_1km,298.9000,307.5200,77812.1875,8.6200,303.9539,3.4486,1.8570,289,256,88.58
A2007201,2007-07-20,MOD11A2,LST_Day_1km,302.6400,312.3600,89220.5703,9.7200,308.7217,4.4130,2.1007,289,289,100.00
A2007209,2007-07-28,MOD11A2,LST_Day_1km,303.4200,310.4400,19005.3984,7.0200,306.5387,2.6231,1.6196,289,62,21.45
A2007217,2007-08-05,MOD11A2,LST_Day_1km,301.0000,311.4400,64450.8359,10.4400,305.4542,4.2498,2.0615,289,211,73.01
A2007225,2007-08-13,MOD11A2,LST_Day_1km,297.3400,308.5000,81170.5547,11.1600,302.8752,4.8144,2.1942,289,268,92.73
A2007233,2007-08-21,MOD11A2,LST_Day_1km,299.9000,309.6200,88196.8203,9.7200,305.1793,3.8628,1.9654,289,289,100.00
A2007241,2007-08-29,MOD11A2,LST_Day_1km,300.7400,307.2200,14303.1602,6.4800,304.3226,3.9893,1.9973,289,47,16.26
A2007249,2007-09-06,MOD11A2,LST_Day_1km,296.7600,305.5600,86703.6016,8.8000,302.1031,2.8733,1.6951,289,287,99.31
A2007257,2007-09-14,MOD11A2,LST_Day_1km,302.8800,308.3000,88415.7891,5.4200,305.9370,1.1232,1.0598,289,289,100.00
A2007265,2007-09-22,MOD11A2,LST_Day_1km,306.2000,313.3200,89527.3438,7.1200,309.7832,2.3642,1.5376,289,289,100.00
A2007273,2007-09-30,MOD11A2,LST_Day_1km,306.8000,312.0400,89566.1172,5.2400,309.9174,1.5716,1.2536,289,289,100.00
A2007281,2007-10-08,MOD11A2,LST_Day_1km,306.9600,314.0400,89881.2188,7.0800,311.0077,3.1171,1.7655,289,289,100.00
A2007289,2007-10-16,MOD11A2,LST_Day_1km,306.3400,313.9600,89781.1484,7.6200,310.6614,2.2790,1.5096,289,289,100.00
A2007297,2007-10-24,MOD11A2,LST_Day_1km,305.7200,312.8000,89516.2422,7.0800,309.7448,2.7605,1.6615,289,289,100.00
A2007305,2007-11-01,MOD11A2,LST_Day_1km,303.4200,310.8600,89026.8203,7.4400,308.0513,2.2983,1.5160,289,289,100.00
A2007313,2007-11-09,MOD11A2,LST_Day_1km,302.6200,309.6800,88655.9531,7.0600,306.7680,2.4470,1.5643,289,289,100.00
A2007321,2007-11-17,MOD11A2,LST_Day_1km,301.4400,309.1000,88440.8672,7.6600,306.0238,2.7805,1.6675,289,289,100.00
A2007329,2007-11-25,MOD11A2,LST_Day_1km,300.0800,307.2400,87891.9297,7.1600,304.1243,2.5038,1.5823,289,289,100.00
A2007337,2007-12-03,MOD11A2,LST_Day_1km,295.0200,302.5800,86281.4297,7.5600,298.5517,3.1132,1.7644,289,289,100.00
A2007345,2007-12-11,MOD11A2,LST_Day_1km,293.8600,300.4600,85869.5234,6.6000,297.1264,2.4979,1.5805,289,289,100.00
A2007353,2007-12-19,MOD11A2,LST_Day_1km,296.5200,303.2200,86854.4141,6.7000,300.5343,1.9540,1.3978,289,289,100.00
A2007361,2007-12-27,MOD11A2,LST_Day_1km,294.4200,300.8800,86065.1719,6.4600,297.8034,2.1984,1.4827,289,289,100.00
A2008001,2008-01-01,MOD11A2,LST_Day_1km,292.2000,299.3200,85674.9688,7.1200,296.4532,2.3420,1.5304,289,289,100.00
A2008009,2008-01-09,MOD11A2,LST_Day_1km,293.3800,300.4800,85886.6016,7.1000,297.1855,2.3159,1.5218,289,289,100.00
A2008017,2008-01-17,MOD11A2,LST_Day_1km,289.6600,299.6000,85280.9531,9.9400,295.0898,4.4769,2.1159,289,289,100.00
A2008025,2008-01-25,MOD11A2,LST_Day_1km,291.3600,300.7200,85713.0938,9.3600,296.5851,4.2989,2.0734,289,289,100.00
A2008033,2008-02-02,MOD11A2,LST_Day_1km,293.1600,300.4000,85716.5938,7.2400,296.5972,2.6643,1.6323,289,289,100.00
A2008041,2008-02-10,MOD11A2,LST_Day_1km,297.5600,306.1600,87438.0156,8.6000,302.5537,3.5703,1.8895,289,289,100.00
A2008049,2008-02-18,MOD11A2,LST_Day_1km,299.9800,307.7800,88071.3125,7.8000,304.7450,2.7589,1.6610,289,289,100.00
A2008057,2008-02-26,MOD11A2,LST_Day_1km,304.6400,314.4400,89731.0078,9.8000,310.4879,3.6262,1.9043,289,289,100.00
A2008065,2008-03-05,MOD11A2,LST_Day_1km,305.5200,315.1600,89799.4766,9.6400,310.7248,5.1084,2.2602,289,289,100.00
A2008073,2008-03-13,MOD11A2,LST_Day_1km,307.1800,317.3400,90426.8438,10.1600,312.8957,4.9546,2.2259,289,289,100.00
A2008081,2008-03-21,MOD11A2,LST_Day_1km,307.9000,316.6600,90296.1562,8.7600,312.4435,3.5347,1.8801,289,289,100.00
A2008089,2008-03-29,MOD11A2,LST_Day_1km,304.2800,312.6000,89014.6094,8.3200,308.0090,2.5241,1.5887,289,289,100.00
A2008097,2008-04-06,MOD11A2,LST_Day_1km,306.5400,315.5000,90129.1094,8.9600,311.8654,2.7625,1.6621,289,289,100.00
A2008105,2008-04-14,MOD11A2,LST_Day_1km,311.7200,320.3800,91545.6875,8.6600,316.7671,2.9780,1.7257,289,289,100.00
A2008113,2008-04-22,MOD11A2,LST_Day_1km,314.4600,323.5000,92567.4453,9.0400,320.3026,3.1888,1.7857,289,289,100.00
A2008121,2008-04-30,MOD11A2,LST_Day_1km,308.6200,319.8400,90897.5391,11.2200,314.5244,4.0629,2.0157,289,289,100.00
A2008129,2008-05-08,MOD11A2,LST_Day_1km,305.9800,313.9400,89578.8438,7.9600,309.9614,4.4805,2.1167,289,289,100.00
A2008137,2008-05-16,MOD11A2,LST_Day_1km,307.7600,314.8400,90177.5312,7.0800,312.0330,2.0475,1.4309,289,289,100.00
A2008145,2008-05-24,MOD11A2,LST_Day_1km,309.2400,315.3000,90408.1719,6.0600,312.8311,1.7122,1.3085,289,289,100.00
A2008153,2008-06-01,MOD11A2,LST_Day_1km,303.6600,313.0200,89148.7734,9.3600,308.4733,4.1468,2.0364,289,289,100.00
A2008161,2008-06-09,MOD11A2,LST_Day_1km,304.7800,312.0600,89003.8672,7.2800,307.9719,2.1591,1.4694,289,289,100.00
A2008169,2008-06-17,MOD11A2,LST_Day_1km,298.8200,307.8800,87812.7266,9.0600,303.8503,3.7200,1.9287,289,289,100.00
A2008177,2008-06-25,MOD11A2,LST_Day_1km,295.5600,307.9800,70455.1562,12.4200,302.3827,9.0396,3.0066,289,233,80.62
A2008185,2008-07-03,MOD11A2,LST_Day_1km,294.7400,302.8200,79239.4844,8.0800,300.1496,1.7553,1.3249,289,264,91.35
A2008193,2008-07-11,MOD11A2,LST_Day_1km,298.5200,302.4600,42026.2148,3.9400,300.1873,0.5004,0.7074,289,140,48.44
A2008201,2008-07-19,MOD11A2,LST_Day_1km,303.9800,312.8600,89237.1328,8.8800,308.7790,2.9816,1.7267,289,289,100.00
A2008209,2008-07-27,MOD11A2,LST_Day_1km,304.9600,311.2400,33605.1797,6.2800,308.3044,1.9746,1.4052,289,109,37.72
A2008217,2008-08-04,MOD11A2,LST_Day_1km,,,,,,,,289,0,0.00
A2008225,2008-08-12,MOD11A2,LST_Day_1km,288.7000,303.2800,46762.5312,14.5800,299.7598,6.0745,2.4646,289,156,53.98
A2008233,2008-08-20,MOD11A2,LST_Day_1km,304.6400,311.3800,85933.5703,6.7400,308.0056,1.5852,1.2591,289,279,96.54
A2008241,2008-08-28,MOD11A2,LST_Day_1km,305.3000,310.6200,89051.0625,5.3200,308.1352,1.1090,1.0531,289,289,100.00
A2008249,2008-09-05,MOD11A2,LST_Day_1km,304.9200,310.5200,88910.5078,5.6000,307.6488,1.0654,1.0322,289,289,100.00
A2008257,2008-09-13,MOD11A2,LST_Day_1km,301.1200,305.9000,87488.3203,4.7800,302.7278,0.9913,0.9956,289,289,100.00
A2008265,2008-09-21,MOD11A2,LST_Day_1km,301.9200,305.0600,87702.3203,3.1400,303.4682,0.3105,0.5572,289,289,100.00
A2008273,2008-09-29,MOD11A2,LST_Day_1km,305.0800,310.7600,89000.6875,5.6800,307.9608,0.8645,0.9298,289,289,100.00
A2008281,2008-10-07,MOD11A2,LST_Day_1km,307.4200,314.4200,89924.2578,7.0000,311.1566,1.6534,1.2859,289,289,100.00
A2008289,2008-10-15,MOD11A2,LST_Day_1km,303.9800,310.9400,88618.3125,6.9600,306.6378,1.7083,1.3070,289,289,100.00
A2008297,2008-10-23,MOD11A2,LST_Day_1km,303.8400,311.2400,89019.9844,7.4000,308.0276,1.8808,1.3714,289,289,100.00
A2008305,2008-10-31,MOD11A2,LST_Day_1km,304.0600,311.9200,89186.7344,7.8600,308.6046,2.4780,1.5742,289,289,100.00
A2008313,2008-11-08,MOD11A2,LST_Day_1km,301.8400,308.5800,88354.3984,6.7400,305.7245,1.9041,1.3799,289,289,100.00
A2008321,2008-11-16,MOD11A2,LST_Day_1km,299.0000,306.1200,87589.4219,7.1200,303.0776,2.3370,1.5287,289,289,100.00
A2008329,2008-11-24,MOD11A2,LST_Day_1km,299.2600,306.7000,87808.8438,7.4400,303.8368,2.2379,1.4960,289,289,100.00
A2008337,2008-12-02,MOD11A2,LST_Day_1km,298.9000,306.5800,87716.6250,7.6800,303.5177,2.5029,1.5820,289,289,100.00
A2008345,2008-12-10,MOD11A2,LST_Day_1km,295.2800,301.1000,86457.1016,5.8200,299.1595,1.2382,1.1127,289,289,100.00
A2008353,2008-12-18,MOD11A2,LST_Day_1km,295.9400,303.6000,86780.3203,7.6600,300.2779,2.9176,1.7081,289,289,100.00
A2008361,2008-12-26,MOD11A2,LST_Day_1km,296.2400,303.9200,86909.0938,7.6800,300.7235,2.8110,1.6766,289,289,100.00
A2009001,2009-01-01,MOD11A2,LST_Day_1km,294.1000,300.6000,86117.1406,6.5000,297.9832,2.2390,1.4963,289,289,100.00
A2009009,2009-01-09,MOD11A2,LST_Day_1km,293.2200,301.1600,84848.5859,7.9400,297.7143,4.2757,2.0678,289,285,98.62
A2009017,2009-01-17,MOD11A2,LST_Day_1km,292.4800,300.6000,85784.1641,8.1200,296.8310,2.9310,1.7120,289,289,100.00
A2009025,2009-01-25,MOD11A2,LST_Day_1km,297.2200,304.7200,87191.5625,7.5000,301.7009,2.6023,1.6132,289,289,100.00
A2009033,2009-02-02,MOD11A2,LST_Day_1km,298.1800,305.5200,87519.1094,7.3400,302.8343,2.2714,1.5071,289,289,100.00
A2009041,2009-02-10,MOD11A2,LST_Day_1km,297.8000,305.5800,87462.6328,7.7800,302.6389,2.8556,1.6898,289,289,100.00
A2009049,2009-02-18,MOD11A2,LST_Day_1km,300.3400,309.3800,88125.2891,9.0400,304.9318,4.1650,2.0408,289,289,100.00
A2009057,2009-02-26,MOD11A2,LST_Day_1km,303.2200,311.6000,89240.0312,8.3800,308.7890,2.7840,1.6685,289,289,100.00
A2009065,2009-03-06,MOD11A2,LST_Day_1km,302.3000,310.4400,88804.9062,8.1400,307.2834,2.9175,1.7081,289,289,100.00
A2009073,2009-03-14,MOD11A2,LST_Day_1km,304.1200,315.8000,89833.5312,11.6800,310.8427,5.3743,2.3183,289,289,100.00
A2009081,2009-03-22,MOD11A2,LST_Day_1km,304.6800,314.7800,89810.3359,10.1000,310.7624,4.3441,2.0843,289,289,100.00
A2009089,2009-03-30,MOD11A2,LST_Day_1km,302.7800,315.3800,89302.4609,12.6000,309.0051,5.8802,2.4249,289,289,100.00
A2009097,2009-04-07,MOD11A2,LST_Day_1km,309.3200,318.5400,91117.9844,9.2200,315.2871,3.4264,1.8511,289,289,100.00
A2009105,2009-04-15,MOD11A2,LST_Day_1km,310.7600,320.8800,91838.7969,10.1200,317.7813,3.3321,1.8254,289,289,100.00
A2009113,2009-04-23,MOD11A2,LST_Day_1km,311.6400,321.0600,91981.9609,9.4200,318.2767,3.1853,1.7847,289,289,100.00
A2009121,2009-05-01,MOD11A2,LST_Day_1km,308.3800,320.2400,91589.0625,11.8600,316.9172,3.6432,1.9087,289,289,100.00
A2009129,2009-05-09,MOD11A2,LST_Day_1km,309.0600,320.8800,91611.5078,11.8200,316.9948,3.6893,1.9208,289,289,100.00
A2009137,2009-05-17,MOD11A2,LST_Day_1km,312.0200,320.7000,91865.1875,8.6800,317.8726,2.6456,1.6265,289,289,100.00
A2009145,2009-05-25,MOD11A2,LST_Day_1km,309.6200,317.5000,90869.2344,7.8800,314.4264,2.2963,1.5154,289,289,100.00
A2009153,2009-06-02,MOD11A2,LST_Day_1km,309.6400,317.1200,90946.0078,7.4800,314.6921,1.5575,1.2480,289,289,100.00
A2009161,2009-06-10,MOD11A2,LST_Day_1km,308.6600,316.3200,90660.3516,7.6600,313.7036,1.7718,1.3311,289,289,100.00
A2009169,2009-06-18,MOD11A2,LST_Day_1km,308.1200,316.2000,90450.1250,8.0800,312.9762,2.5438,1.5949,289,289,100.00
A2009177,2009-06-26,MOD11A2,LST_Day_1km,305.0400,317.9800,90346.3750,12.9400,312.6172,4.5743,2.1388,289,289,100.00
A2009185,2009-07-04,MOD11A2,LST_Day_1km,307.1400,315.0400,89922.6406,7.9000,311.1510,1.9697,1.4034,289,289,100.00
A2009193,2009-07-12,MOD11A2,LST_Day_1km,304.6800,313.5000,88897.7109,8.8200,308.6726,3.1190,1.7661,289,288,99.65
A2009201,2009-07-20,MOD11A2,LST_Day_1km,295.3800,311.3800,61152.3047,16.0000,305.7615,10.5564,3.2491,289,200,69.20
A2009209,2009-07-28,MOD11A2,LST_Day_1km,299.4000,309.9600,88086.4297,10.5600,304.7973,6.6885,2.5862,289,289,100.00
A2009217,2009-08-05,MOD11A2,LST_Day_1km,302.5800,312.7400,88926.5781,10.1600,307.7044,3.6158,1.9015,289,289,100.00
A2009225,2009-08-13,MOD11A2,LST_Day_1km,301.5600,311.7000,51769.1562,10.1400,308.1497,3.2679,1.8077,289,168,58.13
A2009233,2009-08-21,MOD11A2,LST_Day_1km,300.5200,312.8800,88604.5703,12.3600,306.5902,8.4696,2.9102,289,289,100.00
A2009241,2009-08-29,MOD11A2,LST_Day_1km,303.4400,313.4600,89075.6875,10.0200,308.2204,5.2928,2.3006,289,289,100.00
A2009249,2009-09-06,MOD11A2,LST_Day_1km,304.6400,316.9600,89469.5391,12.3200,309.5832,10.4150,3.2272,289,289,100.00
A2009257,2009-09-14,MOD11A2,LST_Day_1km,306.8000,315.6000,90007.5234,8.8000,311.4447,4.7830,2.1870,289,289,100.00
A2009265,2009-09-22,MOD11A2,LST_Day_1km,308.5400,318.4400,90807.0078,9.9000,314.2111,4.7977,2.1904,289,289,100.00
A2009273,2009-09-30,MOD11A2,LST_Day_1km,308.3800,317.6000,90493.6250,9.2200,313.1267,4.2084,2.0514,289,289,100.00
A2009281,2009-10-08,MOD11A2,LST_Day_1km,306.6600,315.7400,90080.7188,9.0800,311.6980,4.1964,2.0485,289,289,100.00
A2009289,2009-10-16,MOD11A2,LST_Day_1km,305.5200,313.1600,89608.2891,7.6400,310.0633,2.0431,1.4294,289,289,100.00
A2009297,2009-10-24,MOD11A2,LST_Day_1km,305.3200,313.9600,89752.9844,8.6400,310.5640,2.9474,1.7168,289,289,100.00
A2009305,2009-11-01,MOD11A2,LST_Day_1km,303.1200,310.5200,88904.8906,7.4000,307.6294,2.2735,1.5078,289,289,100.00
A2009313,2009-11-09,MOD11A2,LST_Day_1km,301.9400,309.3200,88600.6562,7.3800,306.5767,2.8252,1.6808,289,289,100.00
A2009321,2009-11-17,MOD11A2,LST_Day_1km,297.9000,304.7400,87317.0000,6.8400,302.1349,1.8902,1.3749,289,289,100.00
A2009329,2009-11-25,MOD11A2,LST_Day_1km,296.2200,305.2400,87268.9297,9.0200,301.9686,3.0704,1.7522,289,289,100.00
A2009337,2009-12-03,MOD11A2,LST_Day_1km,296.9800,304.9800,87182.1172,8.0000,301.6682,3.1252,1.7678,289,289,100.00
A2009345,2009-12-11,MOD11A2,LST_Day_1km,294.2600,301.8000,86495.8984,7.5400,299.2938,2.4299,1.5588,289,289,100.00
A2009353,2009-12-19,MOD11A2,LST_Day_1km,295.0600,302.1200,86515.1328,7.0600,299.3603,2.1792,1.4762,289,289,100.00
A2009361,2009-12-27,MOD11A2,LST_Day_1km,293.6200,301.4600,86255.0625,7.8400,298.4604,2.8063,1.6752,289,289,100.00
A2010001,2010-01-01,MOD11A2,LST_Day_1km,293.6200,301.1600,85958.8359,7.5400,297.4354,3.0912,1.7582,289,289,100.00
A2010009,2010-01-09,MOD11A2,LST_Day_1km,292.3600,298.8000,85640.9297,6.4400,296.3354,1.9258,1.3877,289,289,100.00
A2010017,2010-01-17,MOD11A2,LST_Day_1km,295.9600,303.8400,86980.0078,7.8800,300.9689,2.4967,1.5801,289,289,100.00
A2010025,2010-01-25,MOD11A2,LST_Day_1km,296.7400,303.6800,87106.3906,6.9400,301.4062,2.0659,1.4373,289,289,100.00
A2010033,2010-02-02,MOD11A2,LST_Day_1km,297.6400,306.3000,87520.1406,8.6600,302.8379,3.6991,1.9233,289,289,100.00
A2010041,2010-02-10,MOD11A2,LST_Day_1km,296.4600,306.4200,87098.5469,9.9600,301.3791,3.0966,1.7597,289,289,100.00
A2010049,2010-02-18,MOD11A2,LST_Day_1km,300.3800,309.2200,88387.1016,8.8400,305.8377,3.3197,1.8220,289,289,100.00
A2010057,2010-02-26,MOD11A2,LST_Day_1km,304.0000,312.6800,89523.5703,8.6800,309.7701,2.4688,1.5712,289,289,100.00
A2010065,2010-03-06,MOD11A2,LST_Day_1km,305.6000,315.4000,90001.6875,9.8000,311.4245,3.9749,1.9937,289,289,100.00
A2010073,2010-03-14,MOD11A2,LST_Day_1km,308.6800,318.6800,91193.0703,10.0000,315.5470,3.4144,1.8478,289,289,100.00
A2010081,2010-03-22,MOD11A2,LST_Day_1km,309.8200,319.2400,91330.2109,9.4200,316.0215,3.2800,1.8111,289,289,100.00
A2010089,2010-03-30,MOD11A2,LST_Day_1km,307.6400,315.4800,90389.6797,7.8400,312.7671,2.0091,1.4174,289,289,100.00
A2010097,2010-04-07,MOD11A2,LST_Day_1km,311.1400,322.0200,91865.8281,10.8800,317.8748,4.8640,2.2055,289,289,100.00
A2010105,2010-04-15,MOD11A2,LST_Day_1km,311.0000,321.2200,91925.3281,10.2200,318.0807,3.0218,1.7383,289,289,100.00
A2010113,2010-04-23,MOD11A2,LST_Day_1km,311.6400,320.5000,91728.3672,8.8600,317.3992,3.0345,1.7420,289,289,100.00
A2010121,2010-05-01,MOD11A2,LST_Day_1km,309.3000,321.3600,91307.2344,12.0600,315.9420,5.1247,2.2638,289,289,100.00
A2010129,2010-05-09,MOD11A2,LST_Day_1km,312.5000,321.1800,92026.7266,8.6800,318.4316,2.5310,1.5909,289,289,100.00
A2010137,2010-05-17,MOD11A2,LST_Day_1km,314.3600,324.0200,92647.2031,9.6600,320.5786,4.0681,2.0170,289,289,100.00
A2010145,2010-05-25,MOD11A2,LST_Day_1km,310.2000,318.5800,91157.6719,8.3800,315.4245,2.5592,1.5997,289,289,100.00
A2010153,2010-06-02,MOD11A2,LST_Day_1km,306.4000,319.1200,90803.6250,12.7200,314.1994,4.7493,2.1793,289,289,100.00
A2010161,2010-06-10,MOD11A2,LST_Day_1km,312.3400,324.0800,91910.5078,11.7400,318.0294,7.1320,2.6706,289,289,100.00
A2010169,2010-06-18,MOD11A2,LST_Day_1km,311.0800,319.1000,91295.2734,8.0200,315.9006,3.9819,1.9955,289,289,100.00
A2010177,2010-06-26,MOD11A2,LST_Day_1km,310.1200,317.7800,90919.5547,7.6600,314.6005,2.4925,1.5788,289,289,100.00
A2010185,2010-07-04,MOD11A2,LST_Day_1km,305.8000,315.1200,89351.1953,9.3200,310.2472,2.7335,1.6533,289,288,99.65
A2010193,2010-07-12,MOD11A2,LST_Day_1km,305.4800,316.8000,83261.3984,11.3200,311.8405,3.4473,1.8567,289,267,92.39
A2010201,2010-07-20,MOD11A2,LST_Day_1km,304.7600,316.6600,81939.9844,11.9000,310.3787,7.2323,2.6893,289,264,91.35
A2010209,2010-07-28,MOD11A2,LST_Day_1km,,,,,,,,289,0,0.00
A2010217,2010-08-05,MOD11A2,LST_Day_1km,303.0800,308.4400,14366.6191,5.3600,305.6728,2.7994,1.6731,289,47,16.26
A2010225,2010-08-13,MOD11A2,LST_Day_1km,298.6800,306.6400,9371.3203,7.9600,302.3007,5.4632,2.3374,289,31,10.73
A2010233,2010-08-21,MOD11A2,LST_Day_1km,299.3400,304.1400,31701.8184,4.8000,301.9221,1.4117,1.1881,289,105,36.33
A2010241,2010-08-29,MOD11A2,LST_Day_1km,300.1000,307.1800,27940.1172,7.0800,303.6969,2.3891,1.5457,289,92,31.83
A2010249,2010-09-06,MOD11A2,LST_Day_1km,298.7400,303.7400,11433.3203,5.0000,300.8769,1.9721,1.4043,289,38,13.15
A2010257,2010-09-14,MOD11A2,LST_Day_1km,299.2400,304.2000,87125.7891,4.9600,301.4733,0.6036,0.7769,289,289,100.00
A2010265,2010-09-22,MOD11A2,LST_Day_1km,304.3200,309.9600,88727.7734,5.6400,307.0165,0.9547,0.9771,289,289,100.00
A2010273,2010-09-30,MOD11A2,LST_Day_1km,305.6600,309.7400,89024.1016,4.0800,308.0419,0.5311,0.7288,289,289,100.00
A2010281,2010-10-08,MOD11A2,LST_Day_1km,305.4800,310.9600,89333.2188,5.4800,309.1115,0.9976,0.9988,289,289,100.00
A2010289,2010-10-16,MOD11A2,LST_Day_1km,304.8800,311.5400,89168.5781,6.6600,308.5418,1.6182,1.2721,289,289,100.00
A2010297,2010-10-24,MOD11A2,LST_Day_1km,302.2000,308.6000,88516.8438,6.4000,306.2867,1.5490,1.2446,289,289,100.00
A2010305,2010-11-01,MOD11A2,LST_Day_1km,301.2800,307.3800,88066.1328,6.1000,304.7271,1.6120,1.2696,289,289,100.00
A2010313,2010-11-09,MOD11A2,LST_Day_1km,295.6000,305.1600,82980.5547,9.5600,300.6542,4.7758,2.1854,289,276,95.50
A2010321,2010-11-17,MOD11A2,LST_Day_1km,297.7800,301.3600,86613.6094,3.5800,299.7011,0.4687,0.6847,289,289,100.00
A2010329,2010-11-25,MOD11A2,LST_Day_1km,295.4200,299.2200,85901.6328,3.8000,297.2375,0.5902,0.7683,289,289,100.00
A2010337,2010-12-03,MOD11A2,LST_Day_1km,292.8800,297.6000,85334.9766,4.7200,295.2767,0.8686,0.9320,289,289,100.00
A2010345,2010-12-11,MOD11A2,LST_Day_1km,293.9000,300.7200,86029.3359,6.8200,297.6794,2.1935,1.4810,289,289,100.00
A2010353,2010-12-19,MOD11A2,LST_Day_1km,294.0600,299.9800,85899.9609,5.9200,297.2317,1.7698,1.3303,289,289,100.00
A2010361,2010-12-27,MOD11A2,LST_Day_1km,290.2800,293.8400,84387.0625,3.5600,291.9968,0.5537,0.7441,289,289,100.00
A2011001,2011-01-01,MOD11A2,LST_Day_1km,291.2800,296.8000,84933.0938,5.5200,293.8861,1.7252,1.3135,289,289,100.00
A2011009,2011-01-09,MOD11A2,LST_Day_1km,292.4200,298.3400,85448.0078,5.9200,295.6678,1.6723,1.2932,289,289,100.00
A2011017,2011-01-17,MOD11A2,LST_Day_1km,292.5400,300.2000,85730.1406,7.6600,296.6441,2.6733,1.6350,289,289,100.00
A2011025,2011-01-25,MOD11A2,LST_Day_1km,293.3000,298.9400,85704.5469,5.6400,296.5555,1.5234,1.2343,289,289,100.00
A2011033,2011-02-02,MOD11A2,LST_Day_1km,297.6400,304.1800,87198.6953,6.5400,301.7256,1.7608,1.3270,289,289,100.00
A2011041,2011-02-10,MOD11A2,LST_Day_1km,297.1200,302.4000,86739.1875,5.2800,300.1356,1.1551,1.0747,289,289,100.00
A2011049,2011-02-18,MOD11A2,LST_Day_1km,295.9800,301.9400,86364.4375,5.9600,298.8389,1.2463,1.1164,289,289,100.00
A2011057,2011-02-26,MOD11A2,LST_Day_1km,297.6600,304.7600,87297.5391,7.1000,302.0676,2.0878,1.4449,289,289,100.00
A2011065,2011-03-06,MOD11A2,LST_Day_1km,302.1600,310.0200,88720.9062,7.8600,306.9928,2.3848,1.5443,289,289,100.00
A2011073,2011-03-14,MOD11A2,LST_Day_1km,304.2600,314.7000,89876.5547,10.4400,310.9915,3.5507,1.8843,289,289,100.00
A2011081,2011-03-22,MOD11A2,LST_Day_1km,306.6600,316.2800,90464.8594,9.6200,313.0272,3.3824,1.8391,289,289,100.00
A2011089,2011-03-30,MOD11A2,LST_Day_1km,307.0000,317.3800,90515.5703,10.3800,313.2027,4.3536,2.0865,289,289,100.00
A2011097,2011-04-07,MOD11A2,LST_Day_1km,305.6000,316.3400,90077.7344,10.7400,311.6877,4.8668,2.2061,289,289,100.00
A2011105,2011-04-15,MOD11A2,LST_Day_1km,309.9200,319.7600,91318.1797,9.8400,315.9799,4.1286,2.0319,289,289,100.00
A2011113,2011-04-23,MOD11A2,LST_Day_1km,310.3800,322.7200,92173.1094,12.3400,318.9381,4.4294,2.1046,289,289,100.00
A2011121,2011-05-01,MOD11A2,LST_Day_1km,308.8800,320.3200,91527.4453,11.4400,316.7039,4.0829,2.0206,289,289,100.00
A2011129,2011-05-09,MOD11A2,LST_Day_1km,310.3600,320.1600,91635.4453,9.8000,317.0777,3.1920,1.7866,289,289,100.00
A2011137,2011-05-17,MOD11A2,LST_Day_1km,310.4000,318.8400,91300.2344,8.4400,315.9178,2.3643,1.5376,289,289,100.00
A2011145,2011-05-25,MOD11A2,LST_Day_1km,309.5600,318.7800,91262.1953,9.2200,315.7861,2.8133,1.6773,289,289,100.00
A2011153,2011-06-02,MOD11A2,LST_Day_1km,308.5600,318.2000,90866.2422,9.6400,314.4161,2.6909,1.6404,289,289,100.00
A2011161,2011-06-10,MOD11A2,LST_Day_1km,308.6200,319.6800,90863.1406,11.0600,314.4053,6.4850,2.5466,289,289,100.00
A2011169,2011-06-18,MOD11A2,LST_Day_1km,304.6000,312.4200,89053.0156,7.8200,309.2119,2.3043,1.5180,289,288,99.65
A2011177,2011-06-26,MOD11A2,LST_Day_1km,299.4600,310.1200,88287.9531,10.6600,305.4947,3.5625,1.8874,289,289,100.00
A2011185,2011-07-04,MOD11A2,LST_Day_1km,304.5600,315.3200,88680.4688,10.7600,310.0716,5.2652,2.2946,289,286,98.96
A2011193,2011-07-12,MOD11A2,LST_Day_1km,305.7000,313.6800,89670.3203,7.9800,310.2779,3.1247,1.7677,289,289,100.00
A2011201,2011-07-20,MOD11A2,LST_Day_1km,302.9000,310.4400,9802.2402,7.5400,306.3200,3.1279,1.7686,289,32,11.07
A2011209,2011-07-28,MOD11A2,LST_Day_1km,298.8200,312.6800,82560.7578,13.8600,306.9173,5.4626,2.3372,289,269,93.08
A2011217,2011-08-05,MOD11A2,LST_Day_1km,298.9400,303.6400,14802.4385,4.7000,302.0906,1.4464,1.2027,289,49,16.96
A2011225,2011-08-13,MOD11A2,LST_Day_1km,295.4000,305.1000,76047.2812,9.7000,301.7749,2.5663,1.6020,289,252,87.20
A2011233,2011-08-21,MOD11A2,LST_Day_1km,,,,,,,,289,0,0.00
A2011241,2011-08-29,MOD11A2,LST_Day_1km,295.4800,304.5200,53389.7578,9.0400,301.6371,3.6530,1.9113,289,177,61.25
A2011249,2011-09-06,MOD11A2,LST_Day_1km,,,,,,,,289,0,0.00
A2011257,2011-09-14,MOD11A2,LST_Day_1km,297.6800,306.8800,87318.6875,9.2000,303.1899,2.1966,1.4821,289,288,99.65
A2011265,2011-09-22,MOD11A2,LST_Day_1km,303.0800,307.6600,88349.9219,4.5800,305.7091,1.0300,1.0149,289,289,100.00
A2011273,2011-09-30,MOD11A2,LST_Day_1km,304.1800,309.8800,89047.7969,5.7000,308.1239,1.0666,1.0328,289,289,100.00
A2011281,2011-10-08,MOD11A2,LST_Day_1km,305.8200,312.4000,89524.0703,6.5800,309.7719,1.4674,1.2114,289,289,100.00
A2011289,2011-10-16,MOD11A2,LST_Day_1km,304.9400,312.5200,89496.8906,7.5800,309.6778,2.0420,1.4290,289,289,100.00
A2011297,2011-10-24,MOD11A2,LST_Day_1km,303.1000,310.0800,88787.3750,6.9800,307.2227,2.0564,1.4340,289,289,100.00
A2011305,2011-11-01,MOD11A2,LST_Day_1km,302.7000,310.9400,88936.3125,8.2400,307.7381,2.3870,1.5450,289,289,100.00
A2011313,2011-11-09,MOD11A2,LST_Day_1km,302.5400,310.3000,88795.6641,7.7600,307.2514,2.3780,1.5421,289,289,100.00
A2011321,2011-11-17,MOD11A2,LST_Day_1km,301.1400,307.8200,88234.8438,6.6800,305.3109,1.7408,1.3194,289,289,100.00
A2011329,2011-11-25,MOD11A2,LST_Day_1km,298.0800,304.5800,87260.3281,6.5000,301.9388,1.9635,1.4013,289,289,100.00
A2011337,2011-12-03,MOD11A2,LST_Day_1km,299.1600,305.1400,87522.5234,5.9800,302.8461,1.5054,1.2269,289,289,100.00
A2011345,2011-12-11,MOD11A2,LST_Day_1km,294.5600,300.6800,86207.9844,6.1200,298.2975,1.7164,1.3101,289,289,100.00
A2011353,2011-12-19,MOD11A2,LST_Day_1km,293.2800,299.8400,85918.7031,6.5600,297.2965,2.0479,1.4311,289,289,100.00
A2011361,2011-12-27,MOD11A2,LST_Day_1km,291.7200,299.2000,83169.1797,7.4800,295.9757,3.1105,1.7637,289,281,97.23
A2012001,2012-01-01,MOD11A2,LST_Day_1km,292.7400,299.0000,85580.6641,6.2600,296.1269,1.5758,1.2553,289,289,100.00
A2012009,2012-01-09,MOD11A2,LST_Day_1km,292.2800,298.9600,85616.6094,6.6800,296.2513,2.3021,1.5173,289,289,100.00
A2012017,2012-01-17,MOD11A2,LST_Day_1km,291.6200,298.3400,85343.3984,6.7200,295.3059,2.3125,1.5207,289,289,100.00
A2012025,2012-01-25,MOD11A2,LST_Day_1km,293.2200,300.4600,86002.8750,7.2400,297.5878,1.9508,1.3967,289,289,100.00
A2012033,2012-02-02,MOD11A2,LST_Day_1km,293.6200,301.0200,86192.4141,7.4000,298.2437,2.3962,1.5480,289,289,100.00
A2012041,2012-02-10,MOD11A2,LST_Day_1km,293.0400,300.7400,86162.2578,7.7000,298.1393,2.1174,1.4551,289,289,100.00
A2012049,2012-02-18,MOD11A2,LST_Day_1km,297.3800,305.8000,87677.7812,8.4200,303.3833,2.1161,1.4547,289,289,100.00
A2012057,2012-02-26,MOD11A2,LST_Day_1km,299.4000,308.0800,88216.7344,8.6800,305.2482,2.8821,1.6977,289,289,100.00
A2012065,2012-03-05,MOD11A2,LST_Day_1km,298.0600,305.9000,87743.2812,7.8400,303.6100,1.7897,1.3378,289,289,100.00
A2012073,2012-03-13,MOD11A2,LST_Day_1km,302.9200,312.3600,89428.6016,9.4400,309.4415,3.0687,1.7518,289,289,100.00
A2012081,2012-03-21,MOD11A2,LST_Day_1km,304.8400,315.4800,89963.9375,10.6400,311.2939,5.0703,2.2517,289,289,100.00
A2012089,2012-03-29,MOD11A2,LST_Day_1km,307.7600,318.5600,91111.2109,10.8000,315.2637,3.8524,1.9628,289,289,100.00
A2012097,2012-04-06,MOD11A2,LST_Day_1km,309.2400,322.2800,91843.9297,13.0400,317.7991,6.1638,2.4827,289,289,100.00
A2012105,2012-04-14,MOD11A2,LST_Day_1km,305.9400,317.1000,90345.0703,11.1600,312.6127,2.9664,1.7223,289,289,100.00
A2012113,2012-04-22,MOD11A2,LST_Day_1km,307.5800,318.3000,91051.4375,10.7200,315.0569,3.9262,1.9815,289,289,100.00
A2012121,2012-04-30,MOD11A2,LST_Day_1km,309.1600,319.8000,91571.1562,10.6400,316.8552,3.1281,1.7686,289,289,100.00
A2012129,2012-05-08,MOD11A2,LST_Day_1km,306.7600,318.1600,90185.0000,11.4000,312.0588,2.8135,1.6774,289,289,100.00
A2012137,2012-05-16,MOD11A2,LST_Day_1km,307.4200,316.9800,90782.1875,9.5600,314.1252,2.8422,1.6859,289,289,100.00
A2012145,2012-05-24,MOD11A2,LST_Day_1km,309.6000,318.6200,91307.1875,9.0200,315.9418,2.3722,1.5402,289,289,100.00
A2012153,2012-06-01,MOD11A2,LST_Day_1km,306.5800,315.7800,90337.0469,9.2000,312.5849,3.2578,1.8049,289,289,100.00
A2012161,2012-06-09,MOD11A2,LST_Day_1km,306.4000,317.0800,90478.0781,10.6800,313.0729,2.6334,1.6228,289,289,100.00
A2012169,2012-06-17,MOD11A2,LST_Day_1km,305.6000,314.7800,89695.8125,9.1800,310.3661,3.2782,1.8106,289,289,100.00
A2012177,2012-06-25,MOD11A2,LST_Day_1km,306.8200,315.3200,90176.5156,8.5000,312.0295,2.1312,1.4599,289,289,100.00
A2012185,2012-07-03,MOD11A2,LST_Day_1km,305.7800,317.3200,90526.2188,11.5400,313.2395,2.8836,1.6981,289,289,100.00
A2012193,2012-07-11,MOD11A2,LST_Day_1km,302.3600,318.0800,86341.5625,15.7200,310.5811,8.1973,2.8631,289,278,96.19
A2012201,2012-07-19,MOD11A2,LST_Day_1km,304.6000,317.0000,90097.7031,12.4000,311.7567,7.5191,2.7421,289,289,100.00
A2012209,2012-07-27,MOD11A2,LST_Day_1km,,,,,,,,289,0,0.00
A2012217,2012-08-04,MOD11A2,LST_Day_1km,302.2200,309.2400,11930.4795,7.0200,305.9097,3.0941,1.7590,289,39,13.49
A2012225,2012-08-12,MOD11A2,LST_Day_1km,298.1200,302.9000,9631.7588,4.7800,300.9925,1.3400,1.1576,289,32,11.07
A2012233,2012-08-20,MOD11A2,LST_Day_1km,,,,,,,,289,0,0.00
A2012241,2012-08-28,MOD11A2,LST_Day_1km,297.7600,304.5600,6331.5996,6.8000,301.5047,2.8223,1.6800,289,21,7.27
A2012249,2012-09-05,MOD11A2,LST_Day_1km,294.1600,307.0000,73561.1719,12.8400,300.2497,5.5303,2.3517,289,245,84.78
A2012257,2012-09-13,MOD11A2,LST_Day_1km,298.3400,305.9800,85963.2266,7.6400,302.6874,3.0310,1.7410,289,284,98.27
A2012265,2012-09-21,MOD11A2,LST_Day_1km,303.0800,309.2600,88491.0859,6.1800,306.1975,1.3294,1.1530,289,289,100.00
A2012273,2012-09-29,MOD11A2,LST_Day_1km,305.6000,312.5800,89399.2578,6.9800,309.3400,1.3372,1.1564,289,289,100.00
A2012281,2012-10-07,MOD11A2,LST_Day_1km,305.1000,313.1400,89472.6172,8.0400,309.5938,1.5015,1.2253,289,289,100.00
A2012289,2012-10-15,MOD11A2,LST_Day_1km,303.0200,310.4400,88822.2969,7.4200,307.3436,1.7653,1.3286,289,289,100.00
A2012297,2012-10-23,MOD11A2,LST_Day_1km,302.4600,310.3400,88817.0469,7.8800,307.3254,2.1930,1.4809,289,289,100.00
A2012305,2012-10-31,MOD11A2,LST_Day_1km,300.5600,307.4400,88055.5391,6.8800,304.6905,1.5783,1.2563,289,289,100.00
A2012313,2012-11-08,MOD11A2,LST_Day_1km,299.8600,307.7600,88040.8438,7.9000,304.6396,2.1909,1.4802,289,289,100.00
A2012321,2012-11-16,MOD11A2,LST_Day_1km,298.2400,305.1800,87417.6406,6.9400,302.4832,1.6917,1.3007,289,289,100.00
A2012329,2012-11-24,MOD11A2,LST_Day_1km,296.7800,304.0600,87043.2812,7.2800,301.1878,1.9340,1.3907,289,289,100.00
A2012337,2012-12-02,MOD11A2,LST_Day_1km,296.8800,304.4000,87118.4844,7.5200,301.4480,1.9869,1.4096,289,289,100.00
A2012345,2012-12-10,MOD11A2,LST_Day_1km,294.5000,302.4400,86507.5781,7.9400,299.3342,2.6231,1.6196,289,289,100.00
A2012353,2012-12-18,MOD11A2,LST_Day_1km,294.5200,300.8800,86269.4375,6.3600,298.5102,1.5219,1.2337,289,289,100.00
A2012361,2012-12-26,MOD11A2,LST_Day_1km,292.8600,299.3800,85750.2812,6.5200,296.7138,1.8510,1.3605,289,289,100.00
A2013001,2013-01-01,MOD11A2,LST_Day_1km,290.7800,297.3000,85181.1172,6.5200,294.7444,1.6020,1.2657,289,289,100.00
A2013009,2013-01-09,MOD11A2,LST_Day_1km,293.6400,300.6000,86130.9062,6.9600,298.0308,2.1336,1.4607,289,289,100.00
A2013017,2013-01-17,MOD11A2,LST_Day_1km,291.5400,295.1600,84849.9531,3.6200,293.5984,0.4285,0.6546,289,289,100.00
A2013025,2013-01-25,MOD11A2,LST_Day_1km,293.1000,299.9600,85952.3438,6.8600,297.4130,1.7980,1.3409,289,289,100.00
A2013033,2013-02-02,MOD11A2,LST_Day_1km,291.5200,296.0600,85089.7969,4.5400,294.4284,0.5346,0.7312,289,289,100.00
A2013041,2013-02-10,MOD11A2,LST_Day_1km,294.6800,300.7400,86216.9766,6.0600,298.3286,1.4944,1.2225,289,289,100.00
A2013049,2013-02-18,MOD11A2,LST_Day_1km,295.8200,302.1600,86697.7031,6.3400,299.9921,1.1031,1.0503,289,289,100.00
A2013057,2013-02-26,MOD11A2,LST_Day_1km,300.4400,308.3400,88388.5156,7.9000,305.8426,1.9979,1.4135,289,289,100.00
A2013065,2013-03-06,MOD11A2,LST_Day_1km,301.7200,310.6000,88867.7891,8.8800,307.5010,2.4381,1.5615,289,289,100.00
A2013073,2013-03-14,MOD11A2,LST_Day_1km,302.9800,312.9800,89530.0547,10.0000,309.7926,2.6700,1.6340,289,289,100.00
A2013081,2013-03-22,MOD11A2,LST_Day_1km,303.5800,314.5000,89926.3516,10.9200,311.1638,2.6983,1.6426,289,289,100.00
A2013089,2013-03-30,MOD11A2,LST_Day_1km,306.2200,316.6800,90543.7500,10.4600,313.3002,3.3872,1.8404,289,289,100.00
A2013097,2013-04-07,MOD11A2,LST_Day_1km,305.5000,316.8200,90380.4297,11.3200,312.7350,3.1041,1.7618,289,289,100.00
A2013105,2013-04-15,MOD11A2,LST_Day_1km,305.2000,318.9800,90607.3516,13.7800,313.5202,6.6978,2.5880,289,289,100.00
A2013113,2013-04-23,MOD11A2,LST_Day_1km,308.8600,318.2200,91111.1250,9.3600,315.2634,2.6502,1.6279,289,289,100.00
A2013121,2013-05-01,MOD11A2,LST_Day_1km,310.2800,322.3600,92183.3281,12.0800,318.9734,3.7099,1.9261,289,289,100.00
A2013129,2013-05-09,MOD11A2,LST_Day_1km,310.3800,320.3200,91626.0938,9.9400,317.0453,3.4548,1.8587,289,289,100.00
A2013137,2013-05-17,MOD11A2,LST_Day_1km,311.1600,321.9200,92251.3828,10.7600,319.2089,3.0141,1.7361,289,289,100.00
A2013145,2013-05-25,MOD11A2,LST_Day_1km,308.4600,319.0000,91340.5234,10.5400,316.0572,2.9668,1.7224,289,289,100.00
A2013153,2013-06-02,MOD11A2,LST_Day_1km,309.1600,318.1000,90979.3984,8.9400,314.8076,2.7770,1.6664,289,289,100.00
A2013161,2013-06-10,MOD11A2,LST_Day_1km,302.4200,314.0600,84826.9453,11.6400,308.4616,3.7575,1.9384,289,275,95.16
A2013169,2013-06-18,MOD11A2,LST_Day_1km,304.5200,313.6200,89245.0781,9.1000,308.8065,3.4373,1.8540,289,289,100.00
A2013177,2013-06-26,MOD11A2,LST_Day_1km,304.2200,313.4000,89511.4062,9.1800,309.7281,2.8971,1.7021,289,289,100.00
A2013185,2013-07-04,MOD11A2,LST_Day_1km,301.3600,307.6800,21297.4355,6.3200,304.2491,1.6959,1.3023,289,70,24.22
A2013193,2013-07-12,MOD11A2,LST_Day_1km,,,,,,,,289,0,0.00
A2013201,2013-07-20,MOD11A2,LST_Day_1km,303.5400,310.9400,55976.5703,7.4000,307.5636,3.0561,1.7482,289,182,62.98
A2013209,2013-07-28,MOD11A2,LST_Day_1km,,,,,,,,289,0,0.00
A2013217,2013-08-05,MOD11A2,LST_Day_1km,,,,,,,,289,0,0.00
A2013225,2013-08-13,MOD11A2,LST_Day_1km,,,,,,,,289,0,0.00
A2013233,2013-08-21,MOD11A2,LST_Day_1km,299.0400,308.9600,87988.2422,9.9200,304.4576,1.8477,1.3593,289,289,100.00
A2013241,2013-08-29,MOD11A2,LST_Day_1km,300.7400,307.2000,88041.2266,6.4600,304.6409,1.8538,1.3615,289,289,100.00
A2013249,2013-09-06,MOD11A2,LST_Day_1km,304.2600,310.8200,89106.6016,6.5600,308.3273,1.7087,1.3072,289,289,100.00
A2013257,2013-09-14,MOD11A2,LST_Day_1km,305.9800,312.5200,89436.1797,6.5400,309.4677,1.3609,1.1666,289,289,100.00
A2013265,2013-09-22,MOD11A2,LST_Day_1km,301.4200,307.6200,84164.8906,6.2000,304.9453,1.7028,1.3049,289,276,95.50
A2013273,2013-09-30,MOD11A2,LST_Day_1km,298.9600,305.1600,85716.1250,6.2000,301.8174,0.9037,0.9506,289,284,98.27
A2013281,2013-10-08,MOD11A2,LST_Day_1km,300.6800,308.3200,87990.0625,7.6400,304.4639,1.5770,1.2558,289,289,100.00
A2013289,2013-10-16,MOD11A2,LST_Day_1km,303.6600,311.8800,88831.7812,8.2200,307.3764,2.3815,1.5432,289,289,100.00
A2013297,2013-10-24,MOD11A2,LST_Day_1km,301.7600,309.6200,88356.5938,7.8600,305.7321,2.5811,1.6066,289,289,100.00
A2013305,2013-11-01,MOD11A2,LST_Day_1km,298.7200,305.9400,87531.6562,7.2200,302.8777,1.9588,1.3996,289,289,100.00
A2013313,2013-11-09,MOD11A2,LST_Day_1km,297.2400,304.9200,87023.0000,7.6800,301.1176,2.8592,1.6909,289,289,100.00
A2013321,2013-11-17,MOD11A2,LST_Day_1km,298.0600,306.0600,87462.8672,8.0000,302.6397,2.1833,1.4776,289,289,100.00
A2013329,2013-11-25,MOD11A2,LST_Day_1km,298.2800,305.7800,87410.7656,7.5000,302.4594,2.0627,1.4362,289,289,100.00
A2013337,2013-12-03,MOD11A2,LST_Day_1km,296.5200,303.2800,86894.8125,6.7600,300.6741,1.5961,1.2634,289,289,100.00
A2013345,2013-12-11,MOD11A2,LST_Day_1km,296.2400,302.3200,86670.0859,6.0800,299.8965,1.4627,1.2094,289,289,100.00
A2013353,2013-12-19,MOD11A2,LST_Day_1km,290.7400,297.6000,84958.8359,6.8600,293.9752,1.7086,1.3071,289,289,100.00
A2013361,2013-12-27,MOD11A2,LST_Day_1km,290.2200,296.7000,84947.3516,6.4800,293.9355,1.5930,1.2621,289,289,100.00
A2014001,2014-01-01,MOD11A2,LST_Day_1km,290.8600,297.4200,85126.8359,6.5600,294.5565,1.7460,1.3214,289,289,100.00
A2014009,2014-01-09,MOD11A2,LST_Day_1km,290.5000,298.1800,85216.0469,7.6800,294.8652,1.8998,1.3783,289,289,100.00
A2014017,2014-01-17,MOD11A2,LST_Day_1km,288.9800,297.7800,84929.5625,8.8000,293.8739,2.3034,1.5177,289,289,100.00
A2014025,2014-01-25,MOD11A2,LST_Day_1km,293.9600,300.3000,85935.7500,6.3400,297.3555,1.1907,1.0912,289,289,100.00
A2014033,2014-02-02,MOD11A2,LST_Day_1km,295.6400,302.6400,86698.6875,7.0000,299.9955,1.5435,1.2424,289,289,100.00
A2014041,2014-02-10,MOD11A2,LST_Day_1km,293.6800,300.9400,86224.9141,7.2600,298.3561,1.6125,1.2699,289,289,100.00
A2014049,2014-02-18,MOD11A2,LST_Day_1km,296.2400,304.1200,87133.1016,7.8800,301.4986,1.8361,1.3550,289,289,100.00
A2014057,2014-02-26,MOD11A2,LST_Day_1km,296.0800,301.2600,86562.9219,5.1800,299.5257,0.7178,0.8472,289,289,100.00
A2014065,2014-03-06,MOD11A2,LST_Day_1km,299.2400,306.9200,88048.2188,7.6800,304.6651,1.4578,1.2074,289,289,100.00
A2014073,2014-03-14,MOD11A2,LST_Day_1km,303.0000,311.6000,89418.5938,8.6000,309.4069,1.9688,1.4032,289,289,100.00
A2014081,2014-03-22,MOD11A2,LST_Day_1km,303.1000,311.8800,89186.4609,8.7800,308.6037,3.2439,1.8011,289,289,100.00
A2014089,2014-03-30,MOD11A2,LST_Day_1km,305.0800,315.1400,90164.3516,10.0600,311.9874,3.0494,1.7463,289,289,100.00
A2014097,2014-04-07,MOD11A2,LST_Day_1km,306.8000,317.6200,90930.8750,10.8200,314.6397,3.3116,1.8198,289,289,100.00
A2014105,2014-04-15,MOD11A2,LST_Day_1km,305.2800,315.4000,90102.0234,10.1200,311.7717,5.2564,2.2927,289,289,100.00
A2014113,2014-04-23,MOD11A2,LST_Day_1km,309.5600,319.9200,91618.9141,10.3600,317.0205,2.8151,1.6778,289,289,100.00
A2014121,2014-05-01,MOD11A2,LST_Day_1km,308.8600,319.4000,91311.8828,10.5400,315.9581,2.9167,1.7078,289,289,100.00
A2014129,2014-05-09,MOD11A2,LST_Day_1km,306.9600,315.9200,90342.0625,8.9600,312.6023,2.4898,1.5779,289,289,100.00
A2014137,2014-05-17,MOD11A2,LST_Day_1km,308.6800,318.6200,91028.5859,9.9400,314.9778,2.8073,1.6755,289,289,100.00
A2014145,2014-05-25,MOD11A2,LST_Day_1km,308.5200,318.2000,90958.8594,9.6800,314.7365,2.4255,1.5574,289,289,100.00
A2014153,2014-06-02,MOD11A2,LST_Day_1km,309.2400,321.2800,91746.5547,12.0400,317.4621,3.8479,1.9616,289,289,100.00
A2014161,2014-06-10,MOD11A2,LST_Day_1km,309.0800,318.8400,90856.0234,9.7600,314.3807,3.1244,1.7676,289,289,100.00
A2014169,2014-06-18,MOD11A2,LST_Day_1km,304.5200,314.3200,89852.5703,9.8000,310.9085,3.4001,1.8439,289,289,100.00
A2014177,2014-06-26,MOD11A2,LST_Day_1km,303.9000,312.8200,89469.5391,8.9200,309.5832,2.2417,1.4972,289,289,100.00
A2014185,2014-07-04,MOD11A2,LST_Day_1km,304.6600,313.0600,89577.8047,8.4000,309.9578,2.2668,1.5056,289,289,100.00
A2014193,2014-07-12,MOD11A2,LST_Day_1km,307.6200,318.9200,80793.8438,11.3000,313.1544,4.4862,2.1181,289,258,89.27
A2014201,2014-07-20,MOD11A2,LST_Day_1km,299.9600,304.0800,81796.3125,4.1200,301.8314,0.8103,0.9002,289,271,93.77
A2014209,2014-07-28,MOD11A2,LST_Day_1km,304.4600,308.1400,8876.6592,3.6800,306.0917,0.9113,0.9546,289,29,10.03
A2014217,2014-08-05,MOD11A2,LST_Day_1km,,,,,,,,289,0,0.00
A2014225,2014-08-13,MOD11A2,LST_Day_1km,299.2400,305.9800,87398.5547,6.7400,302.4171,1.1531,1.0738,289,289,100.00
A2014233,2014-08-21,MOD11A2,LST_Day_1km,305.1000,310.3600,89015.3750,5.2600,308.0117,1.1455,1.0703,289,289,100.00
A2014241,2014-08-29,MOD11A2,LST_Day_1km,308.0800,308.2200,616.3000,0.1400,308.1500,0.0049,0.0700,289,2,0.69
A2014249,2014-09-06,MOD11A2,LST_Day_1km,297.5600,306.7000,76363.4062,9.1400,301.8316,3.0313,1.7411,289,253,87.54
A2014257,2014-09-14,MOD11A2,LST_Day_1km,301.3000,307.3600,87891.4062,6.0600,304.1225,0.8860,0.9413,289,289,100.00
A2014265,2014-09-22,MOD11A2,LST_Day_1km,304.1800,310.0400,88727.6016,5.8600,307.0159,1.1295,1.0628,289,289,100.00
A2014273,2014-09-30,MOD11A2,LST_Day_1km,305.2800,311.6200,89170.9844,6.3400,308.5501,1.1168,1.0568,289,289,100.00
A2014281,2014-10-08,MOD11A2,LST_Day_1km,304.8800,311.6800,89220.8906,6.8000,308.7228,1.1951,1.0932,289,289,100.00
A2014289,2014-10-16,MOD11A2,LST_Day_1km,303.4600,310.1000,88826.8438,6.6400,307.3593,1.4659,1.2107,289,289,100.00
A2014297,2014-10-24,MOD11A2,LST_Day_1km,301.3400,309.3800,88597.8750,8.0400,306.5670,2.3585,1.5358,289,289,100.00
A2014305,2014-11-01,MOD11A2,LST_Day_1km,301.0800,308.9000,88483.2891,7.8200,306.1706,2.0349,1.4265,289,289,100.00
A2014313,2014-11-09,MOD11A2,LST_Day_1km,299.7600,307.4000,87993.4688,7.6400,304.4757,2.0096,1.4176,289,289,100.00
A2014321,2014-11-17,MOD11A2,LST_Day_1km,299.3200,307.9200,87936.9922,8.6000,304.2802,2.5586,1.5996,289,289,100.00
A2014329,2014-11-25,MOD11A2,LST_Day_1km,299.1200,306.4400,87739.6797,7.3200,303.5975,1.7562,1.3252,289,289,100.00
A2014337,2014-12-03,MOD11A2,LST_Day_1km,297.5800,304.3600,87182.1406,6.7800,301.6683,1.7902,1.3380,289,289,100.00
A2014345,2014-12-11,MOD11A2,LST_Day_1km,292.8200,299.1000,85619.4531,6.2800,296.2611,1.6049,1.2668,289,289,100.00
A2014353,2014-12-19,MOD11A2,LST_Day_1km,293.1600,300.0200,85810.3125,6.8600,296.9215,1.9349,1.3910,289,289,100.00
A2014361,2014-12-27,MOD11A2,LST_Day_1km,292.2400,298.8000,85566.8125,6.5600,296.0789,1.4368,1.1987,289,289,100.00
A2015001,2015-01-01,MOD11A2,LST_Day_1km,293.8200,299.7200,86051.9922,5.9000,297.7578,1.3197,1.1488,289,289,100.00
A2015009,2015-01-09,MOD11A2,LST_Day_1km,292.1400,301.8200,85955.5859,9.6800,297.4242,3.5680,1.8889,289,289,100.00
A2015017,2015-01-17,MOD11A2,LST_Day_1km,291.2200,299.0400,85503.6328,7.8200,295.8603,2.6656,1.6327,289,289,100.00
A2015025,2015-01-25,MOD11A2,LST_Day_1km,291.6200,297.1800,85135.9688,5.5600,294.5881,1.0788,1.0387,289,289,100.00
A2015033,2015-02-02,MOD11A2,LST_Day_1km,294.0800,300.7800,86169.4141,6.7000,298.1641,1.6058,1.2672,289,289,100.00
A2015041,2015-02-10,MOD11A2,LST_Day_1km,296.8600,305.3000,87423.4531,8.4400,302.5033,2.0834,1.4434,289,289,100.00
A2015049,2015-02-18,MOD11A2,LST_Day_1km,299.1400,307.3000,88099.2188,8.1600,304.8416,1.5297,1.2368,289,289,100.00
A2015057,2015-02-26,MOD11A2,LST_Day_1km,295.9000,303.9800,87035.5156,8.0800,301.1609,2.3997,1.5491,289,289,100.00
A2015065,2015-03-06,MOD11A2,LST_Day_1km,298.3800,306.2800,87701.6094,7.9000,303.4658,1.6703,1.2924,289,289,100.00
A2015073,2015-03-14,MOD11A2,LST_Day_1km,299.4800,304.6800,87414.0234,5.2000,302.4707,0.7099,0.8426,289,289,100.00
A2015081,2015-03-22,MOD11A2,LST_Day_1km,304.7200,313.9000,89912.0156,9.1800,311.1142,2.3379,1.5290,289,289,100.00
A2015089,2015-03-30,MOD11A2,LST_Day_1km,302.0600,312.0800,88990.0000,10.0200,307.9239,3.7180,1.9282,289,289,100.00
A2015097,2015-04-07,MOD11A2,LST_Day_1km,304.0600,313.5200,89275.1953,9.4600,308.9107,2.8745,1.6954,289,289,100.00
A2015105,2015-04-15,MOD11A2,LST_Day_1km,305.7800,315.0200,90041.8359,9.2400,311.5634,2.1887,1.4794,289,289,100.00
A2015113,2015-04-23,MOD11A2,LST_Day_1km,307.8000,318.7000,91245.7578,10.9000,315.7293,2.9297,1.7116,289,289,100.00
A2015121,2015-05-01,MOD11A2,LST_Day_1km,309.4000,320.4600,91776.8359,11.0600,317.5669,3.4123,1.8472,289,289,100.00
A2015129,2015-05-09,MOD11A2,LST_Day_1km,307.5400,320.0600,91277.7891,12.5200,315.8401,4.5569,2.1347,289,289,100.00
A2015137,2015-05-17,MOD11A2,LST_Day_1km,307.8000,319.7000,91259.8359,11.9000,315.7780,2.0673,1.4378,289,289,100.00
A2015145,2015-05-25,MOD11A2,LST_Day_1km,309.2800,319.3400,91426.1250,10.0600,316.3534,2.8648,1.6926,289,289,100.00
A2015153,2015-06-02,MOD11A2,LST_Day_1km,309.1600,319.1200,91078.9922,9.9600,315.1522,3.3909,1.8414,289,289,100.00
A2015161,2015-06-10,MOD11A2,LST_Day_1km,305.3000,314.8800,89826.0938,9.5800,310.8169,2.5299,1.5906,289,289,100.00
A2015169,2015-06-18,MOD11A2,LST_Day_1km,305.9800,317.0800,90573.3125,11.1000,313.4025,3.7814,1.9446,289,289,100.00
A2015177,2015-06-26,MOD11A2,LST_Day_1km,302.8000,312.7800,89099.9688,9.9800,308.3044,3.1772,1.7825,289,289,100.00
A2015185,2015-07-04,MOD11A2,LST_Day_1km,304.0200,315.3800,90104.4531,11.3600,311.7801,3.7216,1.9292,289,289,100.00
A2015193,2015-07-12,MOD11A2,LST_Day_1km,302.7600,309.1000,73724.2734,6.3400,305.9099,1.5145,1.2307,289,241,83.39
A2015201,2015-07-20,MOD11A2,LST_Day_1km,302.7800,305.5200,13080.9219,2.7400,304.2075,0.5409,0.7354,289,43,14.88
A2015209,2015-07-28,MOD11A2,LST_Day_1km,,,,,,,,289,0,0.00
A2015217,2015-08-05,MOD11A2,LST_Day_1km,,,,,,,,289,0,0.00
A2015225,2015-08-13,MOD11A2,LST_Day_1km,298.3800,303.0400,57830.4062,4.6600,301.2000,0.9368,0.9679,289,192,66.44
A2015233,2015-08-21,MOD11A2,LST_Day_1km,298.8000,305.1000,87372.5625,6.3000,302.3272,1.4521,1.2050,289,289,100.00
A2015241,2015-08-29,MOD11A2,LST_Day_1km,302.0400,308.1600,88444.6172,6.1200,306.0367,1.6124,1.2698,289,289,100.00
A2015249,2015-09-06,MOD11A2,LST_Day_1km,305.3400,311.4800,89372.8438,6.1400,309.2486,1.2004,1.0956,289,289,100.00
A2015257,2015-09-14,MOD11A2,LST_Day_1km,305.4800,312.0600,89384.1797,6.5800,309.2878,1.4127,1.1886,289,289,100.00
A2015265,2015-09-22,MOD11A2,LST_Day_1km,303.6400,310.0400,88780.3125,6.4000,307.1983,1.8438,1.3579,289,289,100.00
A2015273,2015-09-30,MOD11A2,LST_Day_1km,306.7000,315.8400,90377.9062,9.1400,312.7263,3.0353,1.7422,289,289,100.00
A2015281,2015-10-08,MOD11A2,LST_Day_1km,305.2400,314.6600,89941.1172,9.4200,311.2149,2.8341,1.6835,289,289,100.00
A2015289,2015-10-16,MOD11A2,LST_Day_1km,304.7600,314.1000,89683.8594,9.3400,310.3248,3.2265,1.7962,289,289,100.00
A2015297,2015-10-24,MOD11A2,LST_Day_1km,301.2200,309.2000,88473.4609,7.9800,306.1365,2.8093,1.6761,289,289,100.00
A2015305,2015-11-01,MOD11A2,LST_Day_1km,300.7200,308.7600,88264.9688,8.0400,305.4151,2.3050,1.5182,289,289,100.00
A2015313,2015-11-09,MOD11A2,LST_Day_1km,300.3200,308.9000,88222.3281,8.5800,305.2676,2.3894,1.5458,289,289,100.00
A2015321,2015-11-17,MOD11A2,LST_Day_1km,298.4400,306.0800,87478.8125,7.6400,302.6949,2.5257,1.5892,289,289,100.00
A2015329,2015-11-25,MOD11A2,LST_Day_1km,295.7200,302.3600,86592.9375,6.6400,299.6295,1.6876,1.2991,289,289,100.00
A2015337,2015-12-03,MOD11A2,LST_Day_1km,297.3800,305.9400,87302.2109,8.5600,302.0838,2.4915,1.5784,289,289,100.00
A2015345,2015-12-11,MOD11A2,LST_Day_1km,292.9800,299.6800,85656.5469,6.7000,296.3894,2.0227,1.4222,289,289,100.00
A2015353,2015-12-19,MOD11A2,LST_Day_1km,290.9800,297.8400,85203.1562,6.8600,294.8206,2.2876,1.5125,289,289,100.00
A2015361,2015-12-27,MOD11A2,LST_Day_1km,296.2600,304.5600,86967.6094,8.3000,300.9260,2.4410,1.5624,289,289,100.00
A2016001,2016-01-01,MOD11A2,LST_Day_1km,294.7600,302.0200,86479.2969,7.2600,299.2363,2.0521,1.4325,289,289,100.00
A2016009,2016-01-09,MOD11A2,LST_Day_1km,294.6800,302.1800,86463.3438,7.5000,299.1811,2.0876,1.4449,289,289,100.00
A2016017,2016-01-17,MOD11A2,LST_Day_1km,293.8400,301.6000,86201.6016,7.7600,298.2755,2.5607,1.6002,289,289,100.00
A2016025,2016-01-25,MOD11A2,LST_Day_1km,295.3600,303.1400,86716.1094,7.7800,300.0558,2.3877,1.5452,289,289,100.00
A2016033,2016-02-02,MOD11A2,LST_Day_1km,296.2400,303.6400,86893.0234,7.4000,300.6679,2.0315,1.4253,289,289,100.00
A2016041,2016-02-10,MOD11A2,LST_Day_1km,294.1600,302.9000,86679.5938,8.7400,299.9294,2.0096,1.4176,289,289,100.00
A2016049,2016-02-18,MOD11A2,LST_Day_1km,,,,,,,,289,0,0.00
A2016057,2016-02-26,MOD11A2,LST_Day_1km,301.8600,312.5000,89276.1250,10.6400,308.9139,3.2507,1.8030,289,289,100.00
A2016065,2016-03-05,MOD11A2,LST_Day_1km,300.5800,310.0000,88547.5703,9.4200,306.3930,2.9648,1.7219,289,289,100.00
A2016073,2016-03-13,MOD11A2,LST_Day_1km,302.1400,312.3000,89086.7656,10.1600,308.2587,3.3211,1.8224,289,289,100.00
A2016081,2016-03-21,MOD11A2,LST_Day_1km,304.9200,314.9600,89996.8750,10.0400,311.4079,3.3454,1.8291,289,289,100.00
A2016089,2016-03-29,MOD11A2,LST_Day_1km,304.0800,316.8600,89962.7578,12.7800,311.2898,7.0761,2.6601,289,289,100.00
A2016097,2016-04-06,MOD11A2,LST_Day_1km,306.8200,319.7400,91116.4844,12.9200,315.2820,6.2888,2.5077,289,289,100.00
A2016105,2016-04-14,MOD11A2,LST_Day_1km,306.8400,321.5200,91532.4062,14.6800,316.7211,5.3609,2.3154,289,289,100.00
A2016113,2016-04-22,MOD11A2,LST_Day_1km,308.6600,320.1800,91363.8281,11.5200,316.1378,3.9841,1.9960,289,289,100.00
A2016121,2016-04-30,MOD11A2,LST_Day_1km,310.1800,321.4800,91635.6797,11.3000,317.0785,4.6196,2.1493,289,289,100.00
A2016129,2016-05-08,MOD11A2,LST_Day_1km,308.3600,319.7800,91521.6406,11.4200,316.6839,3.5682,1.8890,289,289,100.00
A2016137,2016-05-16,MOD11A2,LST_Day_1km,309.1200,320.0400,91609.2500,10.9200,316.9870,3.1420,1.7726,289,289,100.00
A2016145,2016-05-24,MOD11A2,LST_Day_1km,306.4600,317.7600,90405.2578,11.3000,312.8210,4.5112,2.1239,289,289,100.00
A2016153,2016-06-01,MOD11A2,LST_Day_1km,310.2600,322.5400,92199.0391,12.2800,319.0278,4.1586,2.0393,289,289,100.00
A2016161,2016-06-09,MOD11A2,LST_Day_1km,305.4000,315.9200,90215.7969,10.5200,312.1654,3.2222,1.7950,289,289,100.00
A2016169,2016-06-17,MOD11A2,LST_Day_1km,303.8400,314.1800,89743.7578,10.3400,310.5320,4.3633,2.0889,289,289,100.00
A2016177,2016-06-25,MOD11A2,LST_Day_1km,304.2800,315.6600,89525.0156,11.3800,309.7751,7.9339,2.8167,289,289,100.00
A2016185,2016-07-03,MOD11A2,LST_Day_1km,303.7000,315.1200,89674.8828,11.4200,310.2937,5.1903,2.2782,289,289,100.00
A2016193,2016-07-11,MOD11A2,LST_Day_1km,,,,,,,,289,0,0.00
A2016201,2016-07-19,MOD11A2,LST_Day_1km,298.0000,315.7000,76154.0312,17.7000,307.0727,8.8043,2.9672,289,248,85.81
A2016209,2016-07-27,MOD11A2,LST_Day_1km,300.9600,302.3400,3016.4399,1.3800,301.6440,0.3292,0.5738,289,10,3.46
A2016217,2016-08-04,MOD11A2,LST_Day_1km,288.6400,288.6400,1443.2001,0.0000,288.6400,0.0000,0.0000,289,5,1.73
A2016225,2016-08-12,MOD11A2,LST_Day_1km,294.9000,301.5400,10486.5391,6.6400,299.6154,3.1583,1.7772,289,35,12.11
A2016233,2016-08-20,MOD11A2,LST_Day_1km,301.9200,301.9200,905.7600,0.0000,301.9200,0.0000,0.0000,289,3,1.04
A2016241,2016-08-28,MOD11A2,LST_Day_1km,295.6800,302.8000,73544.6094,7.1200,300.1821,2.7964,1.6722,289,245,84.78
A2016249,2016-09-05,MOD11A2,LST_Day_1km,299.3600,306.8000,87639.7578,7.4400,303.2518,2.5895,1.6092,289,289,100.00
A2016257,2016-09-13,MOD11A2,LST_Day_1km,304.0400,308.6400,88555.7109,4.6000,306.4211,1.1748,1.0839,289,289,100.00
A2016265,2016-09-21,MOD11A2,LST_Day_1km,305.0000,311.3600,89200.9062,6.3600,308.6537,1.9957,1.4127,289,289,100.00
A2016273,2016-09-29,MOD11A2,LST_Day_1km,304.2000,311.7600,89176.2812,7.5600,308.5685,2.6315,1.6222,289,289,100.00
A2016281,2016-10-07,MOD11A2,LST_Day_1km,302.5400,307.6600,88192.6094,5.1200,305.1647,1.4082,1.1867,289,289,100.00
A2016289,2016-10-15,MOD11A2,LST_Day_1km,303.7600,312.1600,88876.9453,8.4000,307.5327,3.2058,1.7905,289,289,100.00
A2016297,2016-10-23,MOD11A2,LST_Day_1km,302.5400,312.1000,88737.8750,9.5600,307.0515,3.7675,1.9410,289,289,100.00
A2016305,2016-10-31,MOD11A2,LST_Day_1km,300.5000,308.6800,88026.1328,8.1800,304.5887,2.6660,1.6328,289,289,100.00
A2016313,2016-11-08,MOD11A2,LST_Day_1km,300.1000,309.0200,87973.0078,8.9200,304.4049,3.4654,1.8616,289,289,100.00
A2016321,2016-11-16,MOD11A2,LST_Day_1km,299.4400,308.1600,87864.6016,8.7200,304.0298,2.8302,1.6823,289,289,100.00
A2016329,2016-11-24,MOD11A2,LST_Day_1km,299.2200,307.4800,87745.1875,8.2600,303.6166,2.7343,1.6536,289,289,100.00
A2016337,2016-12-02,MOD11A2,LST_Day_1km,297.7800,304.9200,87164.7109,7.1400,301.6080,2.0557,1.4338,289,289,100.00
A2016345,2016-12-10,MOD11A2,LST_Day_1km,296.5800,304.0000,86927.7969,7.4200,300.7882,2.0716,1.4393,289,289,100.00
A2016353,2016-12-18,MOD11A2,LST_Day_1km,296.4000,303.2200,86749.5859,6.8200,300.1716,1.9223,1.3865,289,289,100.00
A2016361,2016-12-26,MOD11A2,LST_Day_1km,295.5600,302.4600,86550.0938,6.9000,299.4813,1.9716,1.4041,289,289,100.00
A2017001,2017-01-01,MOD11A2,LST_Day_1km,293.2600,300.2800,85930.2578,7.0200,297.3365,2.0936,1.4469,289,289,100.00
A2017009,2017-01-09,MOD11A2,LST_Day_1km,291.1600,297.1800,85056.4453,6.0200,294.3130,1.9038,1.3798,289,289,100.00
A2017017,2017-01-17,MOD11A2,LST_Day_1km,291.9600,299.3200,85606.2734,7.3600,296.2155,1.8917,1.3754,289,289,100.00
A2017025,2017-01-25,MOD11A2,LST_Day_1km,293.4200,298.5400,85526.0938,5.1200,295.9380,1.3079,1.1436,289,289,100.00
A2017033,2017-02-02,MOD11A2,LST_Day_1km,293.3400,300.0000,85912.8516,6.6600,297.2763,2.3035,1.5177,289,289,100.00
A2017041,2017-02-10,MOD11A2,LST_Day_1km,296.7200,303.3400,86853.0625,6.6200,300.5296,1.4509,1.2045,289,289,100.00
A2017049,2017-02-18,MOD11A2,LST_Day_1km,299.7200,308.0000,88207.0547,8.2800,305.2147,1.9655,1.4019,289,289,100.00
A2017057,2017-02-26,MOD11A2,LST_Day_1km,301.3400,310.3000,88611.2578,8.9600,306.6133,2.6794,1.6369,289,289,100.00
A2017065,2017-03-06,MOD11A2,LST_Day_1km,299.6600,309.2600,88362.2422,9.6000,305.7517,2.7277,1.6516,289,289,100.00
A2017073,2017-03-14,MOD11A2,LST_Day_1km,301.3400,309.9800,88605.7734,8.6400,306.5944,1.7937,1.3393,289,289,100.00
A2017081,2017-03-22,MOD11A2,LST_Day_1km,306.8600,316.7000,90597.2344,9.8400,313.4852,2.3417,1.5303,289,289,100.00
A2017089,2017-03-30,MOD11A2,LST_Day_1km,307.8400,319.8600,91346.6641,12.0200,316.0784,3.4772,1.8647,289,289,100.00
A2017097,2017-04-07,MOD11A2,LST_Day_1km,307.4000,319.4000,91116.3438,12.0000,315.2815,3.8287,1.9567,289,289,100.00
A2017105,2017-04-15,MOD11A2,LST_Day_1km,309.2000,320.7400,91638.7578,11.5400,317.0891,3.5187,1.8758,289,289,100.00
A2017113,2017-04-23,MOD11A2,LST_Day_1km,305.9600,316.9800,90373.5469,11.0200,312.7112,2.8899,1.7000,289,289,100.00
A2017121,2017-05-01,MOD11A2,LST_Day_1km,309.2800,321.1400,91504.2969,11.8600,316.6239,4.2554,2.0629,289,289,100.00
A2017129,2017-05-09,MOD11A2,LST_Day_1km,309.8200,319.9400,91587.4609,10.1200,316.9116,3.3448,1.8289,289,289,100.00
A2017137,2017-05-17,MOD11A2,LST_Day_1km,307.5000,318.3400,90561.1016,10.8400,313.3602,4.6509,2.1566,289,289,100.00
A2017145,2017-05-25,MOD11A2,LST_Day_1km,306.0800,319.2000,90780.2500,13.1200,314.1185,5.8316,2.4149,289,289,100.00
A2017153,2017-06-02,MOD11A2,LST_Day_1km,306.7800,316.7200,90350.3594,9.9400,312.6310,2.9999,1.7320,289,289,100.00
A2017161,2017-06-10,MOD11A2,LST_Day_1km,305.8000,313.6600,89601.5000,7.8600,310.0398,2.3513,1.5334,289,289,100.00
A2017169,2017-06-18,MOD11A2,LST_Day_1km,302.7600,312.2400,88739.2031,9.4800,307.0561,3.5782,1.8916,289,289,100.00
A2017177,2017-06-26,MOD11A2,LST_Day_1km,306.0000,316.7400,89915.2734,10.7400,311.1255,4.2499,2.0615,289,289,100.00
A2017185,2017-07-04,MOD11A2,LST_Day_1km,301.2400,310.9800,88787.4531,9.7400,307.2230,4.2617,2.0644,289,289,100.00
A2017193,2017-07-12,MOD11A2,LST_Day_1km,301.1800,311.8800,64600.7773,10.7000,306.1648,3.9064,1.9765,289,211,73.01
A2017201,2017-07-20,MOD11A2,LST_Day_1km,,,,,,,,289,0,0.00
A2017209,2017-07-28,MOD11A2,LST_Day_1km,297.0800,297.1000,891.2600,0.0200,297.0867,0.0001,0.0094,289,3,1.04
A2017217,2017-08-05,MOD11A2,LST_Day_1km,,,,,,,,289,0,0.00
A2017225,2017-08-13,MOD11A2,LST_Day_1km,294.6600,310.2000,88122.6406,15.5400,304.9226,6.6835,2.5852,289,289,100.00
A2017233,2017-08-21,MOD11A2,LST_Day_1km,297.7200,309.3400,75525.2422,11.6200,303.3142,4.9582,2.2267,289,249,86.16
A2017241,2017-08-29,MOD11A2,LST_Day_1km,297.3000,307.7600,79560.8516,10.4600,302.5128,4.1254,2.0311,289,263,91.00
A2017249,2017-09-06,MOD11A2,LST_Day_1km,302.7200,307.3200,88269.2578,4.6000,305.4300,1.1730,1.0830,289,289,100.00
A2017257,2017-09-14,MOD11A2,LST_Day_1km,305.2400,314.9200,89362.1094,9.6800,309.2115,1.9899,1.4106,289,289,100.00
A2017265,2017-09-22,MOD11A2,LST_Day_1km,304.6200,312.4000,89215.1484,7.7800,308.7029,3.0966,1.7597,289,289,100.00
A2017273,2017-09-30,MOD11A2,LST_Day_1km,306.2400,315.9600,90199.9922,9.7200,312.1107,2.5848,1.6077,289,289,100.00
A2017281,2017-10-08,MOD11A2,LST_Day_1km,306.4200,315.5800,90062.4141,9.1600,311.6346,2.8257,1.6810,289,289,100.00
A2017289,2017-10-16,MOD11A2,LST_Day_1km,304.8000,314.0200,89750.2734,9.2200,310.5546,2.6683,1.6335,289,289,100.00
A2017297,2017-10-24,MOD11A2,LST_Day_1km,303.5600,312.5800,89240.7031,9.0200,308.7914,2.9842,1.7275,289,289,100.00
A2017305,2017-11-01,MOD11A2,LST_Day_1km,301.6600,309.9800,88591.5312,8.3200,306.5451,2.2407,1.4969,289,289,100.00
A2017313,2017-11-09,MOD11A2,LST_Day_1km,299.5400,306.7400,87886.4375,7.2000,304.1053,2.0532,1.4329,289,289,100.00
A2017321,2017-11-17,MOD11A2,LST_Day_1km,296.3800,303.9400,86930.2656,7.5600,300.7968,2.9269,1.7108,289,289,100.00
A2017329,2017-11-25,MOD11A2,LST_Day_1km,297.0600,305.1000,87292.9297,8.0400,302.0517,2.6081,1.6150,289,289,100.00
A2017337,2017-12-03,MOD11A2,LST_Day_1km,295.7400,303.7600,86992.3828,8.0200,301.0117,2.0980,1.4485,289,289,100.00
A2017345,2017-12-11,MOD11A2,LST_Day_1km,293.4000,298.7600,85618.0000,5.3600,296.2560,1.2138,1.1017,289,289,100.00
A2017353,2017-12-19,MOD11A2,LST_Day_1km,293.9000,301.0200,86345.5547,7.1200,298.7736,1.9350,1.3910,289,289,100.00
A2017361,2017-12-27,MOD11A2,LST_Day_1km,293.2000,300.0800,85772.7578,6.8800,296.7915,1.9177,1.3848,289,289,100.00
A2018001,2018-01-01,MOD11A2,LST_Day_1km,293.5200,300.3000,85910.6094,6.7800,297.2686,2.2032,1.4843,289,289,100.00
A2018009,2018-01-09,MOD11A2,LST_Day_1km,294.7800,302.2200,86555.3281,7.4400,299.4994,2.1107,1.4528,289,289,100.00
A2018017,2018-01-17,MOD11A2,LST_Day_1km,295.4000,303.0000,86755.4844,7.6000,300.1920,2.0554,1.4337,289,289,100.00
A2018025,2018-01-25,MOD11A2,LST_Day_1km,296.5600,304.0800,87026.0938,7.5200,301.1284,2.4060,1.5511,289,289,100.00
A2018033,2018-02-02,MOD11A2,LST_Day_1km,295.3200,302.0800,86440.5625,6.7600,299.1023,1.6934,1.3013,289,289,100.00
A2018041,2018-02-10,MOD11A2,LST_Day_1km,295.9200,304.6800,87098.6016,8.7600,301.3792,2.5674,1.6023,289,289,100.00
A2018049,2018-02-18,MOD11A2,LST_Day_1km,300.8800,309.5400,88519.5000,8.6600,306.2958,2.3763,1.5415,289,289,100.00
A2018057,2018-02-26,MOD11A2,LST_Day_1km,302.0600,312.3000,89204.9922,10.2400,308.6678,3.7369,1.9331,289,289,100.00
A2018065,2018-03-06,MOD11A2,LST_Day_1km,303.4600,313.9000,89736.6953,10.4400,310.5076,3.2838,1.8121,289,289,100.00
A2018073,2018-03-14,MOD11A2,LST_Day_1km,302.9800,312.8400,89386.0859,9.8600,309.2944,3.3037,1.8176,289,289,100.00
A2018081,2018-03-22,MOD11A2,LST_Day_1km,307.3400,318.6000,90994.9375,11.2600,314.8614,4.4282,2.1043,289,289,100.00
A2018089,2018-03-30,MOD11A2,LST_Day_1km,307.4800,319.4000,91133.8750,11.9200,315.3421,4.3325,2.0815,289,289,100.00
A2018097,2018-04-07,MOD11A2,LST_Day_1km,306.5400,318.3800,90774.7812,11.8400,314.0996,4.8528,2.2029,289,289,100.00
A2018105,2018-04-15,MOD11A2,LST_Day_1km,306.1400,318.9600,91051.3047,12.8200,315.0564,5.0536,2.2480,289,289,100.00
A2018113,2018-04-23,MOD11A2,LST_Day_1km,308.2200,318.6800,91256.5000,10.4600,315.7664,3.1338,1.7703,289,289,100.00
A2018121,2018-05-01,MOD11A2,LST_Day_1km,307.6400,318.1800,90849.8359,10.5400,314.3593,3.6562,1.9121,289,289,100.00
A2018129,2018-05-09,MOD11A2,LST_Day_1km,305.7200,321.9200,92061.3516,16.2000,318.5514,5.3775,2.3189,289,289,100.00
A2018137,2018-05-17,MOD11A2,LST_Day_1km,307.7000,318.2000,91058.8125,10.5000,315.0824,3.7058,1.9250,289,289,100.00
A2018145,2018-05-25,MOD11A2,LST_Day_1km,310.5000,320.5200,91530.5312,10.0200,316.7146,4.0817,2.0203,289,289,100.00
A2018153,2018-06-02,MOD11A2,LST_Day_1km,306.7200,318.8000,90988.5078,12.0800,314.8391,4.0756,2.0188,289,289,100.00
A2018161,2018-06-10,MOD11A2,LST_Day_1km,303.2000,310.9800,89206.1797,7.7800,308.6719,1.9146,1.3837,289,289,100.00
A2018169,2018-06-18,MOD11A2,LST_Day_1km,307.7000,319.5000,91202.8359,11.8000,315.5807,4.6545,2.1574,289,289,100.00
A2018177,2018-06-26,MOD11A2,LST_Day_1km,296.2600,305.7600,4816.0801,9.5000,301.0050,13.2380,3.6384,289,16,5.54
A2018185,2018-07-04,MOD11A2,LST_Day_1km,303.6400,313.5400,89275.1953,9.9000,308.9107,4.4896,2.1189,289,289,100.00
A2018193,2018-07-12,MOD11A2,LST_Day_1km,,,,,,,,289,0,0.00
A2018201,2018-07-20,MOD11A2,LST_Day_1km,299.5800,302.5200,7835.7803,2.9400,301.3762,0.7625,0.8732,289,26,9.00
A2018209,2018-07-28,MOD11A2,LST_Day_1km,293.6200,308.7200,85905.4922,15.1000,301.4228,7.6975,2.7744,289,285,98.62
A2018217,2018-08-05,MOD11A2,LST_Day_1km,,,,,,,,289,0,0.00
A2018225,2018-08-13,MOD11A2,LST_Day_1km,301.3000,304.5200,5154.4404,3.2200,303.2024,0.9047,0.9511,289,17,5.88
A2018233,2018-08-21,MOD11A2,LST_Day_1km,290.7000,303.6600,67881.0938,12.9600,300.3588,5.8300,2.4145,289,226,78.20
A2018241,2018-08-29,MOD11A2,LST_Day_1km,300.4200,303.7600,29036.1152,3.3400,302.4595,0.5641,0.7511,289,96,33.22
A2018249,2018-09-06,MOD11A2,LST_Day_1km,295.7400,302.4200,86229.3359,6.6800,299.4074,1.2590,1.1221,289,288,99.65
A2018257,2018-09-14,MOD11A2,LST_Day_1km,301.1800,306.4400,87904.2266,5.2600,304.1669,1.1434,1.0693,289,289,100.00
A2018265,2018-09-22,MOD11A2,LST_Day_1km,301.7800,305.8000,87803.1016,4.0200,303.8170,0.7627,0.8733,289,289,100.00
A2018273,2018-09-30,MOD11A2,LST_Day_1km,303.8800,308.3000,88614.8203,4.4200,306.6257,0.7820,0.8843,289,289,100.00
A2018281,2018-10-08,MOD11A2,LST_Day_1km,302.7400,309.1200,88560.3672,6.3800,306.4373,1.4705,1.2127,289,289,100.00
A2018289,2018-10-16,MOD11A2,LST_Day_1km,302.8800,310.0800,88776.9766,7.2000,307.1868,1.9013,1.3789,289,289,100.00
A2018297,2018-10-24,MOD11A2,LST_Day_1km,301.9000,310.2800,88702.5156,8.3800,306.9291,2.5586,1.5995,289,289,100.00
A2018305,2018-11-01,MOD11A2,LST_Day_1km,300.2000,307.8800,88043.8828,7.6800,304.6501,2.1987,1.4828,289,289,100.00
A2018313,2018-11-09,MOD11A2,LST_Day_1km,300.1400,308.4200,88240.7891,8.2800,305.3315,2.2843,1.5114,289,289,100.00
A2018321,2018-11-17,MOD11A2,LST_Day_1km,300.2000,307.9800,88066.3359,7.7800,304.7278,2.3917,1.5465,289,289,100.00
A2018329,2018-11-25,MOD11A2,LST_Day_1km,297.7800,305.3600,87227.3828,7.5800,301.8249,2.6761,1.6359,289,289,100.00
A2018337,2018-12-03,MOD11A2,LST_Day_1km,295.4800,302.6600,86540.7422,7.1800,299.4489,2.1336,1.4607,289,289,100.00
A2018345,2018-12-11,MOD11A2,LST_Day_1km,292.9400,300.0000,85768.0078,7.0600,296.7751,2.5578,1.5993,289,289,100.00
A2018353,2018-12-19,MOD11A2,LST_Day_1km,293.5800,301.4200,86170.8984,7.8400,298.1692,2.7109,1.6465,289,289,100.00
A2018361,2018-12-27,MOD11A2,LST_Day_1km,292.8000,300.6800,85893.8672,7.8800,297.2106,2.6232,1.6196,289,289,100.00
A2019001,2019-01-01,MOD11A2,LST_Day_1km,292.7400,301.0400,86049.6953,8.3000,297.7498,2.5702,1.6032,289,289,100.00
A2019009,2019-01-09,MOD11A2,LST_Day_1km,292.6200,300.3800,85900.7891,7.7600,297.2346,2.7528,1.6591,289,289,100.00
A2019017,2019-01-17,MOD11A2,LST_Day_1km,292.6200,302.6200,86078.8281,10.0000,297.8506,4.5720,2.1382,289,289,100.00
A2019025,2019-01-25,MOD11A2,LST_Day_1km,291.4000,297.4000,85085.4609,6.0000,294.4134,1.2954,1.1381,289,289,100.00
A2019033,2019-02-02,MOD11A2,LST_Day_1km,292.6200,300.7600,86003.4297,8.1400,297.5897,2.6243,1.6200,289,289,100.00
A2019041,2019-02-10,MOD11A2,LST_Day_1km,294.9600,303.0800,86602.4766,8.1200,299.6625,1.9672,1.4026,289,289,100.00
A2019049,2019-02-18,MOD11A2,LST_Day_1km,297.2600,306.2000,87617.7500,8.9400,303.1756,3.6337,1.9062,289,289,100.00
A2019057,2019-02-26,MOD11A2,LST_Day_1km,296.7000,305.4200,87273.1641,8.7200,301.9833,2.6459,1.6266,289,289,100.00
A2019065,2019-03-06,MOD11A2,LST_Day_1km,299.1400,310.1600,88451.6797,11.0200,306.0612,4.4191,2.1022,289,289,100.00
A2019073,2019-03-14,MOD11A2,LST_Day_1km,302.2600,313.3200,89135.6797,11.0600,308.4279,4.1449,2.0359,289,289,100.00
A2019081,2019-03-22,MOD11A2,LST_Day_1km,302.5200,318.0800,90064.2969,15.5600,311.6412,9.1143,3.0190,289,289,100.00
A2019089,2019-03-30,MOD11A2,LST_Day_1km,308.2600,322.8600,92060.9375,14.6000,318.5500,5.4685,2.3385,289,289,100.00
A2019097,2019-04-07,MOD11A2,LST_Day_1km,307.8800,322.6200,91903.3281,14.7400,318.0046,9.3594,3.0593,289,289,100.00
A2019105,2019-04-15,MOD11A2,LST_Day_1km,307.0400,318.7800,90737.5234,11.7400,313.9707,3.6468,1.9096,289,289,100.00
A2019113,2019-04-23,MOD11A2,LST_Day_1km,309.8200,322.3800,92049.4375,12.5600,318.5102,4.0742,2.0185,289,289,100.00
A2019121,2019-05-01,MOD11A2,LST_Day_1km,308.6000,319.9800,91157.5547,11.3800,315.4241,4.7445,2.1782,289,289,100.00
A2019129,2019-05-09,MOD11A2,LST_Day_1km,307.6800,321.9200,91284.4453,14.2400,315.8631,5.9992,2.4493,289,289,100.00
A2019137,2019-05-17,MOD11A2,LST_Day_1km,308.5400,321.8800,91285.8281,13.3400,315.8679,6.0006,2.4496,289,289,100.00
A2019145,2019-05-25,MOD11A2,LST_Day_1km,309.8000,324.5400,92172.9375,14.7400,318.9375,6.3083,2.5116,289,289,100.00
A2019153,2019-06-02,MOD11A2,LST_Day_1km,311.2600,325.8000,92739.1953,14.5400,320.8969,6.7719,2.6023,289,289,100.00
A2019161,2019-06-10,MOD11A2,LST_Day_1km,311.2400,327.1600,91759.3672,15.9200,317.5065,6.8467,2.6166,289,289,100.00
A2019169,2019-06-18,MOD11A2,LST_Day_1km,303.3200,315.7000,89537.2969,12.3800,309.8176,6.4052,2.5309,289,289,100.00
A2019177,2019-06-26,MOD11A2,LST_Day_1km,305.7000,314.9200,90067.2734,9.2200,311.6515,2.9321,1.7123,289,289,100.00
A2019185,2019-07-04,MOD11A2,LST_Day_1km,298.1800,308.8600,87571.3047,10.6800,304.0670,2.6134,1.6166,289,288,99.65
A2019193,2019-07-12,MOD11A2,LST_Day_1km,299.2400,313.1000,73703.3281,13.8600,307.0972,8.8700,2.9783,289,240,83.04
A2019201,2019-07-20,MOD11A2,LST_Day_1km,304.8200,314.3200,66773.3750,9.5000,309.1360,3.3192,1.8219,289,216,74.74
A2019209,2019-07-28,MOD11A2,LST_Day_1km,300.3400,305.4600,34576.0625,5.1200,303.2988,1.6115,1.2695,289,114,39.45
A2019217,2019-08-05,MOD11A2,LST_Day_1km,294.2800,303.2000,21017.4160,8.9200,300.2488,7.1940,2.6822,289,70,24.22
A2019225,2019-08-13,MOD11A2,LST_Day_1km,299.2000,302.2000,49636.2969,3.0000,300.8260,0.4054,0.6367,289,165,57.09
A2019233,2019-08-21,MOD11A2,LST_Day_1km,299.0800,306.6200,87561.4141,7.5400,302.9807,2.7565,1.6603,289,289,100.00
A2019241,2019-08-29,MOD11A2,LST_Day_1km,300.9400,305.5600,11224.4785,4.6200,303.3643,1.8900,1.3748,289,37,12.80
A2019249,2019-09-06,MOD11A2,LST_Day_1km,301.3200,309.5000,88284.1562,8.1800,305.4815,2.0732,1.4398,289,289,100.00
A2019257,2019-09-14,MOD11A2,LST_Day_1km,301.1000,309.4400,88075.1719,8.3400,304.7584,3.1387,1.7716,289,289,100.00
A2019265,2019-09-22,MOD11A2,LST_Day_1km,297.7800,306.0400,63178.0977,8.2600,302.2875,2.2004,1.4834,289,209,72.32
A2019273,2019-09-30,MOD11A2,LST_Day_1km,298.9200,303.8200,87103.6328,4.9000,301.3967,0.9895,0.9948,289,289,100.00
A2019281,2019-10-08,MOD11A2,LST_Day_1km,302.7400,307.0800,88239.7812,4.3400,305.3280,1.0541,1.0267,289,289,100.00
A2019289,2019-10-16,MOD11A2,LST_Day_1km,303.8200,310.1000,88678.8984,6.2800,306.8474,1.9229,1.3867,289,289,100.00
A2019297,2019-10-24,MOD11A2,LST_Day_1km,302.0800,309.6800,88390.5078,7.6000,305.8495,2.2926,1.5141,289,289,100.00
A2019305,2019-11-01,MOD11A2,LST_Day_1km,300.0000,307.6400,87759.2188,7.6400,303.6651,2.6682,1.6334,289,289,100.00
A2019313,2019-11-09,MOD11A2,LST_Day_1km,298.4600,304.5800,87215.0547,6.1200,301.7822,1.5288,1.2365,289,289,100.00
A2019321,2019-11-17,MOD11A2,LST_Day_1km,296.0800,306.2800,87150.4531,10.2000,301.5587,5.7523,2.3984,289,289,100.00
A2019329,2019-11-25,MOD11A2,LST_Day_1km,294.9000,300.9600,86264.9375,6.0600,298.4946,2.0670,1.4377,289,289,100.00
A2019337,2019-12-03,MOD11A2,LST_Day_1km,294.1800,299.6600,85885.2500,5.4800,297.1808,1.2610,1.1230,289,289,100.00
A2019345,2019-12-11,MOD11A2,LST_Day_1km,289.1000,293.9400,84221.7422,4.8400,291.4247,0.7659,0.8752,289,289,100.00
A2019353,2019-12-19,MOD11A2,LST_Day_1km,291.8600,297.0800,85194.0703,5.2200,294.7892,1.1267,1.0615,289,289,100.00
A2019361,2019-12-27,MOD11A2,LST_Day_1km,290.9800,296.5200,84986.8672,5.5400,294.0722,1.0959,1.0468,289,289,100.00
A2020001,2020-01-01,MOD11A2,LST_Day_1km,290.1600,298.3400,84965.7109,8.1800,293.9990,1.6783,1.2955,289,289,100.00
A2020009,2020-01-09,MOD11A2,LST_Day_1km,290.4600,294.6400,84692.3672,4.1800,293.0532,0.7857,0.8864,289,289,100.00
A2020017,2020-01-17,MOD11A2,LST_Day_1km,291.0400,297.4200,85261.9375,6.3800,295.0240,1.4413,1.2006,289,289,100.00
A2020025,2020-01-25,MOD11A2,LST_Day_1km,293.3400,300.3200,86009.5781,6.9800,297.6110,1.8540,1.3616,289,289,100.00
A2020033,2020-02-02,MOD11A2,LST_Day_1km,293.4000,300.7200,85969.7344,7.3200,297.4731,2.0273,1.4238,289,289,100.00
A2020041,2020-02-10,MOD11A2,LST_Day_1km,297.6000,303.9600,87149.7969,6.3600,301.5564,1.4039,1.1849,289,289,100.00
A2020049,2020-02-18,MOD11A2,LST_Day_1km,298.8000,305.5600,87664.4922,6.7600,303.3373,1.3355,1.1556,289,289,100.00
A2020057,2020-02-26,MOD11A2,LST_Day_1km,298.9400,306.1800,87501.1406,7.2400,302.7721,2.3472,1.5321,289,289,100.00
A2020065,2020-03-05,MOD11A2,LST_Day_1km,298.0800,304.9000,87405.7344,6.8200,302.4420,1.4535,1.2056,289,289,100.00
A2020073,2020-03-13,MOD11A2,LST_Day_1km,298.4200,306.8400,87686.2188,8.4200,303.4125,2.2219,1.4906,289,289,100.00
A2020081,2020-03-21,MOD11A2,LST_Day_1km,302.0000,312.5800,89233.1406,10.5800,308.7652,2.4698,1.5716,289,289,100.00
A2020089,2020-03-29,MOD11A2,LST_Day_1km,305.0800,314.6000,89841.2578,9.5200,310.8694,2.1008,1.4494,289,289,100.00
A2020097,2020-04-06,MOD11A2,LST_Day_1km,307.3200,320.5000,91303.0625,13.1800,315.9276,4.4692,2.1140,289,289,100.00
A2020105,2020-04-14,MOD11A2,LST_Day_1km,306.2000,321.5400,88479.3750,15.3400,312.6480,13.0863,3.6175,289,283,97.92
A2020113,2020-04-22,MOD11A2,LST_Day_1km,305.4400,316.3200,89884.4375,10.8800,311.0188,2.4594,1.5682,289,289,100.00
A2020121,2020-04-30,MOD11A2,LST_Day_1km,308.0000,317.1400,90676.8359,9.1400,313.7607,2.7497,1.6582,289,289,100.00
A2020129,2020-05-08,MOD11A2,LST_Day_1km,308.4800,319.3200,91186.2578,10.8400,315.5234,3.6733,1.9166,289,289,100.00
A2020137,2020-05-16,MOD11A2,LST_Day_1km,311.4600,323.3800,91979.4219,11.9200,318.2679,7.2982,2.7015,289,289,100.00
A2020145,2020-05-24,MOD11A2,LST_Day_1km,308.0000,323.7000,91166.9531,15.7000,316.5519,10.2648,3.2039,289,288,99.65
A2020153,2020-06-01,MOD11A2,LST_Day_1km,303.8200,318.1400,89478.4453,14.3200,309.6140,11.9649,3.4590,289,289,100.00
A2020161,2020-06-09,MOD11A2,LST_Day_1km,305.7200,314.8400,89943.0625,9.1200,311.2217,3.6889,1.9207,289,289,100.00
A2020169,2020-06-17,MOD11A2,LST_Day_1km,304.6600,311.7600,89072.8750,7.1000,308.2106,2.3131,1.5209,289,289,100.00
A2020177,2020-06-25,MOD11A2,LST_Day_1km,303.7200,313.1200,89069.3906,9.4000,308.1986,4.4862,2.1181,289,289,100.00
A2020185,2020-07-03,MOD11A2,LST_Day_1km,299.0800,310.5000,82439.3203,11.4200,306.4659,3.2181,1.7939,289,269,93.08
A2020193,2020-07-11,MOD11A2,LST_Day_1km,301.1600,317.6200,88414.4609,16.4600,309.1415,5.8283,2.4142,289,286,98.96
A2020201,2020-07-19,MOD11A2,LST_Day_1km,299.3800,311.5600,78168.5469,12.1800,305.3459,8.0284,2.8334,289,256,88.58
A2020209,2020-07-27,MOD11A2,LST_Day_1km,298.1800,309.1000,75998.5625,10.9200,305.2151,2.9599,1.7204,289,249,86.16
A2020217,2020-08-04,MOD11A2,LST_Day_1km,298.1400,300.4600,28753.1191,2.3200,299.5117,0.5315,0.7290,289,96,33.22
A2020225,2020-08-12,MOD11A2,LST_Day_1km,,,,,,,,289,0,0.00
A2020233,2020-08-20,MOD11A2,LST_Day_1km,292.2200,299.6600,8599.4199,7.4400,296.5317,5.1946,2.2792,289,29,10.03
A2020241,2020-08-28,MOD11A2,LST_Day_1km,303.4000,307.9800,10693.0381,4.5800,305.5154,1.4424,1.2010,289,35,12.11
A2020249,2020-09-05,MOD11A2,LST_Day_1km,299.6800,309.2000,87922.6797,9.5200,304.2307,2.8693,1.6939,289,289,100.00
A2020257,2020-09-13,MOD11A2,LST_Day_1km,301.8600,308.8200,88359.0625,6.9600,305.7407,2.1897,1.4798,289,289,100.00
A2020265,2020-09-21,MOD11A2,LST_Day_1km,303.0400,306.9400,88221.0781,3.9000,305.2632,0.8176,0.9042,289,289,100.00
A2020273,2020-09-29,MOD11A2,LST_Day_1km,303.6000,308.9800,88641.4766,5.3800,306.7179,1.0781,1.0383,289,289,100.00
A2020281,2020-10-07,MOD11A2,LST_Day_1km,305.2200,312.2400,89178.0000,7.0200,308.5744,2.0617,1.4359,289,289,100.00
A2020289,2020-10-15,MOD11A2,LST_Day_1km,300.8200,309.3600,88582.5000,8.5400,306.5139,1.9709,1.4039,289,289,100.00
A2020297,2020-10-23,MOD11A2,LST_Day_1km,302.0000,309.0600,88339.0391,7.0600,305.6714,1.7709,1.3307,289,289,100.00
A2020305,2020-10-31,MOD11A2,LST_Day_1km,300.7000,309.7000,88317.3594,9.0000,305.5964,2.5715,1.6036,289,289,100.00
A2020313,2020-11-08,MOD11A2,LST_Day_1km,298.4800,305.4000,87301.0234,6.9200,302.0797,1.4915,1.2213,289,289,100.00
A2020321,2020-11-16,MOD11A2,LST_Day_1km,296.8200,303.5000,86889.1250,6.6800,300.6544,1.9038,1.3798,289,289,100.00
A2020329,2020-11-24,MOD11A2,LST_Day_1km,295.5600,301.1200,86375.7422,5.5600,298.8780,1.3579,1.1653,289,289,100.00
A2020337,2020-12-02,MOD11A2,LST_Day_1km,298.3600,306.5800,87678.1250,8.2200,303.3845,2.0760,1.4408,289,289,100.00
A2020345,2020-12-10,MOD11A2,LST_Day_1km,294.3800,299.4600,85790.1797,5.0800,296.8518,1.4513,1.2047,289,289,100.00
A2020353,2020-12-18,MOD11A2,LST_Day_1km,292.6400,299.7400,85667.2969,7.1000,296.4266,1.8794,1.3709,289,289,100.00
A2020361,2020-12-26,MOD11A2,LST_Day_1km,291.2400,296.5000,85042.3906,5.2600,294.2643,1.2055,1.0979,289,289,100.00
A2021001,2021-01-01,MOD11A2,LST_Day_1km,290.7600,296.3200,85088.3359,5.5600,294.4233,1.4621,1.2092,289,289,100.00
A2021009,2021-01-09,MOD11A2,LST_Day_1km,292.1200,296.3000,85150.7578,4.1800,294.6393,0.5923,0.7696,289,289,100.00
A2021017,2021-01-17,MOD11A2,LST_Day_1km,293.9200,299.8600,86018.7188,5.9400,297.6426,1.1207,1.0586,289,289,100.00
A2021025,2021-01-25,MOD11A2,LST_Day_1km,293.1200,299.5000,85830.1641,6.3800,296.9902,1.3761,1.1731,289,289,100.00
A2021033,2021-02-02,MOD11A2,LST_Day_1km,296.2800,303.1400,86898.9141,6.8600,300.6883,1.5809,1.2573,289,289,100.00
A2021041,2021-02-10,MOD11A2,LST_Day_1km,297.9600,306.0400,87543.7188,8.0800,302.9194,2.2273,1.4924,289,289,100.00
A2021049,2021-02-18,MOD11A2,LST_Day_1km,300.2800,307.8200,88171.3203,7.5400,305.0911,1.8570,1.3627,289,289,100.00
A2021057,2021-02-26,MOD11A2,LST_Day_1km,302.2400,310.3200,88872.8125,8.0800,307.5184,1.9168,1.3845,289,289,100.00
A2021065,2021-03-06,MOD11A2,LST_Day_1km,302.9400,312.3800,89233.3281,9.4400,308.7658,2.1143,1.4540,289,289,100.00
A2021073,2021-03-14,MOD11A2,LST_Day_1km,303.8800,314.7200,89518.0859,10.8400,309.7512,4.4780,2.1161,289,289,100.00
A2021081,2021-03-22,MOD11A2,LST_Day_1km,303.3800,313.9200,89788.8984,10.5400,310.6882,2.4067,1.5513,289,289,100.00
A2021089,2021-03-30,MOD11A2,LST_Day_1km,306.5400,319.0600,91088.7109,12.5200,315.1859,3.7189,1.9284,289,289,100.00
A2021097,2021-04-07,MOD11A2,LST_Day_1km,306.4400,316.6200,90438.2578,10.1800,312.9352,2.7360,1.6541,289,289,100.00
A2021105,2021-04-15,MOD11A2,LST_Day_1km,303.7400,314.3000,89655.0391,10.5600,310.2250,3.3274,1.8241,289,289,100.00
A2021113,2021-04-23,MOD11A2,LST_Day_1km,309.6000,323.0400,92117.9141,13.4400,318.7471,4.2494,2.0614,289,289,100.00
A2021121,2021-05-01,MOD11A2,LST_Day_1km,307.9600,321.4800,91689.7266,13.5200,317.2655,5.5178,2.3490,289,289,100.00
A2021129,2021-05-09,MOD11A2,LST_Day_1km,305.9400,321.8800,90724.7578,15.9400,313.9265,9.5457,3.0896,289,289,100.00
A2021137,2021-05-17,MOD11A2,LST_Day_1km,302.2600,305.7800,87908.5625,3.5200,304.1819,0.3610,0.6008,289,289,100.00
A2021145,2021-05-25,MOD11A2,LST_Day_1km,303.3800,310.8200,89060.3438,7.4400,308.1673,2.2330,1.4943,289,289,100.00
A2021153,2021-06-02,MOD11A2,LST_Day_1km,303.5200,313.5000,89191.1250,9.9800,308.6198,3.7568,1.9382,289,289,100.00
A2021161,2021-06-10,MOD11A2,LST_Day_1km,304.5200,314.6800,89629.8906,10.1600,310.1380,4.7471,2.1788,289,289,100.00
A2021169,2021-06-18,MOD11A2,LST_Day_1km,300.1800,307.4000,87691.2109,7.2200,303.4298,1.6479,1.2837,289,289,100.00
A2021177,2021-06-26,MOD11A2,LST_Day_1km,303.8000,315.6000,89008.9844,11.8000,307.9896,3.4463,1.8564,289,289,100.00
A2021185,2021-07-04,MOD11A2,LST_Day_1km,304.8600,314.4800,89694.9922,9.6200,310.3633,2.4612,1.5688,289,289,100.00
A2021193,2021-07-12,MOD11A2,LST_Day_1km,300.8600,312.2800,83232.4219,11.4200,308.2682,3.8841,1.9708,289,270,93.43
A2021201,2021-07-20,MOD11A2,LST_Day_1km,,,,,,,,289,0,0.00
A2021209,2021-07-28,MOD11A2,LST_Day_1km,,,,,,,,289,0,0.00
A2021217,2021-08-05,MOD11A2,LST_Day_1km,296.3800,307.3600,85234.7578,10.9800,302.2509,5.3196,2.3064,289,282,97.58
A2021225,2021-08-13,MOD11A2,LST_Day_1km,301.5800,307.3800,87969.4375,5.8000,304.3925,1.7605,1.3268,289,289,100.00
A2021233,2021-08-21,MOD11A2,LST_Day_1km,298.2400,307.0000,82575.3047,8.7600,303.5857,3.1989,1.7885,289,272,94.12
A2021241,2021-08-29,MOD11A2,LST_Day_1km,299.4200,309.5600,81683.3672,10.1400,305.9302,4.4892,2.1188,289,267,92.39
A2021249,2021-09-06,MOD11A2,LST_Day_1km,299.3400,300.6200,4802.9004,1.2800,300.1813,0.1502,0.3875,289,16,5.54
A2021257,2021-09-14,MOD11A2,LST_Day_1km,299.0800,308.4200,87839.8047,9.3400,303.9440,4.3229,2.0791,289,289,100.00
A2021265,2021-09-22,MOD11A2,LST_Day_1km,294.7400,304.0600,77339.0391,9.3200,300.9301,4.2320,2.0572,289,257,88.93
A2021273,2021-09-30,MOD11A2,LST_Day_1km,299.9600,306.5800,87556.0938,6.6200,302.9622,1.3169,1.1476,289,289,100.00
A2021281,2021-10-08,MOD11A2,LST_Day_1km,302.8400,309.7200,88383.5703,6.8800,305.8255,1.6663,1.2909,289,289,100.00
A2021289,2021-10-16,MOD11A2,LST_Day_1km,301.7600,307.5800,88010.1094,5.8200,304.5333,1.6000,1.2649,289,289,100.00
A2021297,2021-10-24,MOD11A2,LST_Day_1km,299.9600,308.6000,87662.9062,8.6400,303.3318,2.9791,1.7260,289,289,100.00
A2021305,2021-11-01,MOD11A2,LST_Day_1km,299.6800,309.0600,87592.1641,9.3800,303.0871,4.1594,2.0395,289,289,100.00
A2021313,2021-11-09,MOD11A2,LST_Day_1km,299.1200,307.5200,87375.8047,8.4000,302.3384,2.4417,1.5626,289,289,100.00
A2021321,2021-11-17,MOD11A2,LST_Day_1km,296.3400,303.9000,86506.2812,7.5600,299.3297,2.4196,1.5555,289,289,100.00
A2021329,2021-11-25,MOD11A2,LST_Day_1km,296.5400,305.1600,87001.9766,8.6200,301.0449,3.0604,1.7494,289,289,100.00
A2021337,2021-12-03,MOD11A2,LST_Day_1km,294.5200,300.9000,85979.7109,6.3800,297.5077,2.0604,1.4354,289,289,100.00
A2021345,2021-12-11,MOD11A2,LST_Day_1km,291.2600,298.9400,85257.0156,7.6800,295.0070,2.3260,1.5251,289,289,100.00
A2021353,2021-12-19,MOD11A2,LST_Day_1km,292.1600,300.5400,85783.3594,8.3800,296.8282,2.3491,1.5327,289,289,100.00
A2021361,2021-12-27,MOD11A2,LST_Day_1km,291.8200,296.8000,84990.9062,4.9800,294.0862,1.4532,1.2055,289,289,100.00
A2022001,2022-01-01,MOD11A2,LST_Day_1km,283.1800,297.8200,74744.7344,14.6400,293.1166,7.3660,2.7140,289,255,88.24
A2022009,2022-01-09,MOD11A2,LST_Day_1km,289.0600,292.7000,84082.7812,3.6400,290.9439,0.4860,0.6971,289,289,100.00
A2022017,2022-01-17,MOD11A2,LST_Day_1km,290.0600,294.8800,84728.7344,4.8200,293.1790,0.8269,0.9093,289,289,100.00
A2022025,2022-01-25,MOD11A2,LST_Day_1km,293.0200,298.4200,85540.9922,5.4000,295.9896,1.1814,1.0869,289,289,100.00
A2022033,2022-02-02,MOD11A2,LST_Day_1km,293.7400,299.1600,85881.6328,5.4200,297.1683,1.0590,1.0291,289,289,100.00
A2022041,2022-02-10,MOD11A2,LST_Day_1km,296.4200,302.7600,86801.9766,6.3400,300.3529,1.4787,1.2160,289,289,100.00
A2022049,2022-02-18,MOD11A2,LST_Day_1km,297.2200,304.6000,87335.6719,7.3800,302.1996,1.7325,1.3162,289,289,100.00
A2022057,2022-02-26,MOD11A2,LST_Day_1km,298.4600,307.2800,87767.7969,8.8200,303.6948,3.2096,1.7915,289,289,100.00
A2022065,2022-03-06,MOD11A2,LST_Day_1km,301.3200,311.0800,88843.3594,9.7600,307.4165,2.4297,1.5587,289,289,100.00
A2022073,2022-03-14,MOD11A2,LST_Day_1km,305.4200,316.0000,90227.1641,10.5800,312.2047,3.2185,1.7940,289,289,100.00
