date[YYYYDDD],date,product,band,min,max,sum,range,mean,variance,standard_deviation,tot_pixels,pixels_pass_qa,per_cent_pixels_pass_qa
A2002185,2002-07-04,MYD11A2,LST_Day_1km,307.6400,315.6400,90196.8984,8.0000,312.1000,3.6409,1.9081,289,289,100.00
A2002193,2002-07-12,MYD11A2,LST_Day_1km,308.8800,324.5600,84603.8359,15.6800,316.8683,9.0948,3.0158,289,267,92.39
A2002201,2002-07-20,MYD11A2,LST_Day_1km,305.7600,313.5200,83718.5000,7.7600,308.9243,2.6316,1.6222,289,271,93.77
A2002209,2002-07-28,MYD11A2,LST_Day_1km,312.3800,321.0800,81927.0078,8.7000,316.3205,4.0340,2.0085,289,259,89.62
A2002217,2002-08-05,MYD11A2,LST_Day_1km,311.2400,322.5200,90186.4609,11.2800,316.4437,5.8253,2.4136,289,285,98.62
A2002225,2002-08-13,MYD11A2,LST_Day_1km,304.1600,316.5400,69854.3281,12.3800,309.0899,6.1640,2.4827,289,226,78.20
A2002233,2002-08-21,MYD11A2,LST_Day_1km,306.0400,319.7200,88709.7656,13.6800,312.3583,6.0547,2.4606,289,284,98.27
A2002241,2002-08-29,MYD11A2,LST_Day_1km,302.6800,313.3400,87680.0234,10.6600,307.6492,1.9642,1.4015,289,285,98.62
A2002249,2002-09-06,MYD11A2,LST_Day_1km,306.6200,318.4800,90013.3203,11.8600,311.4648,5.5214,2.3498,289,289,100.00
A2002257,2002-09-14,MYD11A2,LST_Day_1km,309.6400,318.6400,90696.7734,9.0000,313.8297,3.6565,1.9122,289,289,100.00
A2002265,2002-09-22,MYD11A2,LST_Day_1km,311.8000,320.4800,91409.2812,8.6800,316.2951,3.2219,1.7950,289,289,100.00
A2002273,2002-09-30,MYD11A2,LST_Day_1km,313.9600,323.0800,92216.1094,9.1200,319.0869,3.9272,1.9817,289,289,100.00
A2002281,2002-10-08,MYD11A2,LST_Day_1km,312.0000,320.4000,91387.1875,8.4000,316.2186,4.2448,2.0603,289,289,100.00
A2002289,2002-10-16,MYD11A2,LST_Day_1km,310.6400,318.4400,90867.8203,7.8000,314.4215,4.0025,2.0006,289,289,100.00
A2002297,2002-10-24,MYD11A2,LST_Day_1km,308.5200,317.3000,90557.1406,8.7800,313.3465,3.7143,1.9273,289,289,100.00
A2002305,2002-11-01,MYD11A2,LST_Day_1km,306.4600,313.4800,89749.9688,7.0200,310.5535,2.7594,1.6612,289,289,100.00
A2002313,2002-11-09,MYD11A2,LST_Day_1km,305.2400,313.7400,89498.5547,8.5000,309.6836,4.2401,2.0592,289,289,100.00
A2002321,2002-11-17,MYD11A2,LST_Day_1km,305.8600,312.1200,89430.4922,6.2600,309.4481,2.1632,1.4708,289,289,100.00
A2002329,2002-11-25,MYD11A2,LST_Day_1km,304.0600,312.4000,89111.8906,8.3400,308.3456,3.7476,1.9359,289,289,100.00
A2002337,2002-12-03,MYD11A2,LST_Day_1km,301.5800,308.9800,88286.5312,7.4000,305.4897,2.7025,1.6439,289,289,100.00
A2002345,2002-12-11,MYD11A2,LST_Day_1km,302.0800,310.5800,88708.3750,8.5000,306.9494,3.3706,1.8359,289,289,100.00
A2002353,2002-12-19,MYD11A2,LST_Day_1km,301.8400,308.9400,88298.6406,7.1000,305.5316,2.8000,1.6733,289,289,100.00
A2002361,2002-12-27,MYD11A2,LST_Day_1km,298.1800,306.3400,87351.7109,8.1600,302.2551,3.4342,1.8532,289,289,100.00
A2003001,2003-01-01,MYD11A2,LST_Day_1km,295.7200,302.6600,86361.8750,6.9400,298.8300,1.8909,1.3751,289,289,100.00
A2003009,2003-01-09,MYD11A2,LST_Day_1km,298.7600,306.1400,87402.5000,7.3800,302.4308,2.5552,1.5985,289,289,100.00
A2003017,2003-01-17,MYD11A2,LST_Day_1km,301.5000,309.6200,88301.6953,8.1200,305.5422,3.4520,1.8580,289,289,100.00
A2003025,2003-01-25,MYD11A2,LST_Day_1km,300.1800,307.3000,87680.9531,7.1200,303.3943,2.1120,1.4533,289,289,100.00
A2003033,2003-02-02,MYD11A2,LST_Day_1km,301.5200,308.7000,88232.9766,7.1800,305.3044,3.3103,1.8194,289,289,100.00
A2003041,2003-02-10,MYD11A2,LST_Day_1km,304.1600,311.3000,88967.5703,7.1400,307.8463,3.2574,1.8048,289,289,100.00
A2003049,2003-02-18,MYD11A2,LST_Day_1km,302.4000,310.9400,88718.8906,8.5400,306.9858,5.2565,2.2927,289,289,100.00
A2003057,2003-02-26,MYD11A2,LST_Day_1km,305.3000,312.1600,89134.2422,6.8600,308.4230,2.1183,1.4554,289,289,100.00
A2003065,2003-03-06,MYD11A2,LST_Day_1km,306.3600,315.0000,89847.9609,8.6400,310.8926,3.0216,1.7383,289,289,100.00
A2003073,2003-03-14,MYD11A2,LST_Day_1km,307.9800,315.1600,90081.3047,7.1800,311.7000,2.0315,1.4253,289,289,100.00
A2003081,2003-03-22,MYD11A2,LST_Day_1km,311.1800,320.4800,91563.9922,9.3000,316.8304,3.4585,1.8597,289,289,100.00
A2003089,2003-03-30,MYD11A2,LST_Day_1km,311.7000,319.6800,91194.2109,7.9800,315.5509,3.5050,1.8722,289,289,100.00
A2003097,2003-04-07,MYD11A2,LST_Day_1km,316.4000,323.8000,92679.3828,7.4000,320.6899,3.2468,1.8019,289,289,100.00
A2003105,2003-04-15,MYD11A2,LST_Day_1km,313.8200,323.7000,92180.8516,9.8800,318.9649,3.6518,1.9110,289,289,100.00
A2003113,2003-04-23,MYD11A2,LST_Day_1km,316.7800,327.9000,93284.3984,11.1200,322.7834,7.5932,2.7556,289,289,100.00
A2003121,2003-05-01,MYD11A2,LST_Day_1km,313.3800,320.5800,91342.1016,7.2000,317.1601,2.6415,1.6253,289,288,99.65
A2003129,2003-05-09,MYD11A2,LST_Day_1km,317.8200,323.2200,92734.8047,5.4000,320.8817,1.8001,1.3417,289,289,100.00
A2003137,2003-05-17,MYD11A2,LST_Day_1km,314.9800,321.2400,91777.3984,6.2600,317.5688,1.5585,1.2484,289,289,100.00
A2003145,2003-05-25,MYD11A2,LST_Day_1km,314.1800,320.1000,91646.8750,5.9200,317.1172,1.6718,1.2930,289,289,100.00
A2003153,2003-06-02,MYD11A2,LST_Day_1km,313.9800,321.5600,91998.0312,7.5800,318.3323,3.4253,1.8508,289,289,100.00
A2003161,2003-06-10,MYD11A2,LST_Day_1km,314.3200,320.0000,91702.4609,5.6800,317.3095,1.8827,1.3721,289,289,100.00
A2003169,2003-06-18,MYD11A2,LST_Day_1km,308.2600,318.5600,89692.9766,10.3000,312.5191,6.8001,2.6077,289,287,99.31
A2003177,2003-06-26,MYD11A2,LST_Day_1km,303.5600,317.8800,90191.6250,14.3200,312.0818,5.9198,2.4331,289,289,100.00
A2003185,2003-07-04,MYD11A2,LST_Day_1km,310.2600,318.1600,5027.9795,7.9000,314.2487,6.8297,2.6134,289,16,5.54
A2003193,2003-07-12,MYD11A2,LST_Day_1km,300.8000,308.3800,14612.7803,7.5800,304.4329,3.1735,1.7814,289,48,16.61
A2003201,2003-07-20,MYD11A2,LST_Day_1km,301.2400,313.9200,35553.8867,12.6800,306.4990,9.1621,3.0269,289,116,40.14
A2003209,2003-07-28,MYD11A2,LST_Day_1km,295.7600,310.4000,16064.4375,14.6400,303.1026,23.0956,4.8058,289,53,18.34
A2003217,2003-08-05,MYD11A2,LST_Day_1km,293.2400,307.0200,48074.5859,13.7800,302.3559,4.8428,2.2006,289,159,55.02
A2003225,2003-08-13,MYD11A2,LST_Day_1km,300.1000,309.3400,77872.6172,9.2400,304.1899,2.9774,1.7255,289,256,88.58
A2003233,2003-08-21,MYD11A2,LST_Day_1km,299.2000,309.4800,35492.7422,10.2800,305.9719,4.7745,2.1851,289,116,40.14
A2003241,2003-08-29,MYD11A2,LST_Day_1km,299.5600,311.0000,59583.1172,11.4400,305.5544,7.9304,2.8161,289,195,67.47
A2003249,2003-09-06,MYD11A2,LST_Day_1km,301.7800,308.4200,88249.4688,6.6400,305.3615,2.1975,1.4824,289,289,100.00
A2003257,2003-09-14,MYD11A2,LST_Day_1km,303.0600,314.4000,89109.7109,11.3400,308.3381,9.7980,3.1302,289,289,100.00
A2003265,2003-09-22,MYD11A2,LST_Day_1km,304.3800,312.1400,89236.0000,7.7600,308.7751,1.8225,1.3500,289,289,100.00
A2003273,2003-09-30,MYD11A2,LST_Day_1km,308.9800,314.8800,90162.3359,5.9000,311.9804,1.8748,1.3692,289,289,100.00
A2003281,2003-10-08,MYD11A2,LST_Day_1km,309.8200,315.6800,90535.3359,5.8600,313.2711,1.7910,1.3383,289,289,100.00
A2003289,2003-10-16,MYD11A2,LST_Day_1km,308.7200,315.5200,90414.7031,6.8000,312.8536,2.4205,1.5558,289,289,100.00
A2003297,2003-10-24,MYD11A2,LST_Day_1km,307.2200,313.5600,89864.6797,6.3400,310.9504,2.0775,1.4414,289,289,100.00
A2003305,2003-11-01,MYD11A2,LST_Day_1km,306.4600,313.4000,89727.8281,6.9400,310.4769,2.1356,1.4614,289,289,100.00
A2003313,2003-11-09,MYD11A2,LST_Day_1km,304.7200,311.0800,89121.9453,6.3600,308.3804,2.0366,1.4271,289,289,100.00
A2003321,2003-11-17,MYD11A2,LST_Day_1km,301.9800,309.1400,88291.6875,7.1600,305.5076,1.9680,1.4029,289,289,100.00
A2003329,2003-11-25,MYD11A2,LST_Day_1km,300.7800,307.5800,88114.6875,6.8000,304.8951,2.2056,1.4851,289,289,100.00
A2003337,2003-12-03,MYD11A2,LST_Day_1km,302.5000,309.0000,88610.4688,6.5000,306.6106,1.9967,1.4130,289,289,100.00
A2003345,2003-12-11,MYD11A2,LST_Day_1km,298.7400,305.2800,87404.6016,6.5400,302.4381,2.2400,1.4966,289,289,100.00
A2003353,2003-12-19,MYD11A2,LST_Day_1km,297.1800,304.1000,86904.7578,6.9200,300.7085,2.9469,1.7167,289,289,100.00
A2003361,2003-12-27,MYD11A2,LST_Day_1km,295.7000,303.6000,86844.9062,7.9000,300.5014,3.3416,1.8280,289,289,100.00
A2004001,2004-01-01,MYD11A2,LST_Day_1km,296.6800,304.5000,86802.8906,7.8200,300.3560,2.8172,1.6784,289,289,100.00
A2004009,2004-01-09,MYD11A2,LST_Day_1km,301.7200,309.5800,88421.6250,7.8600,305.9572,3.0522,1.7471,289,289,100.00
A2004017,2004-01-17,MYD11A2,LST_Day_1km,298.9200,305.0800,87345.5859,6.1600,302.2339,2.2501,1.5000,289,289,100.00
A2004025,2004-01-25,MYD11A2,LST_Day_1km,298.8800,306.5600,87638.0156,7.6800,303.2457,3.3376,1.8269,289,289,100.00
A2004033,2004-02-02,MYD11A2,LST_Day_1km,302.1400,310.1000,88638.7656,7.9600,306.7085,3.6765,1.9174,289,289,100.00
A2004041,2004-02-10,MYD11A2,LST_Day_1km,303.8600,312.9200,89307.7500,9.0600,309.0233,3.9238,1.9809,289,289,100.00
A2004049,2004-02-18,MYD11A2,LST_Day_1km,306.4600,314.6000,90057.8047,8.1400,311.6187,2.6937,1.6412,289,289,100.00
A2004057,2004-02-26,MYD11A2,LST_Day_1km,308.6000,318.5600,91074.7656,9.9600,315.1376,4.2758,2.0678,289,289,100.00
A2004065,2004-03-05,MYD11A2,LST_Day_1km,311.2000,320.3600,91612.9453,9.1600,316.9998,4.3944,2.0963,289,289,100.00
A2004073,2004-03-13,MYD11A2,LST_Day_1km,315.1200,323.7400,92708.3906,8.6200,320.7903,3.7003,1.9236,289,289,100.00
A2004081,2004-03-21,MYD11A2,LST_Day_1km,312.8000,321.8000,91918.9375,9.0000,318.0586,4.1706,2.0422,289,289,100.00
A2004089,2004-03-29,MYD11A2,LST_Day_1km,312.7800,324.1400,92297.2031,11.3600,319.3675,5.5225,2.3500,289,289,100.00
A2004097,2004-04-06,MYD11A2,LST_Day_1km,314.5800,322.2000,92305.2109,7.6200,319.3952,2.6780,1.6364,289,289,100.00
A2004105,2004-04-14,MYD11A2,LST_Day_1km,314.0400,323.7000,92449.3828,9.6600,319.8940,3.9320,1.9829,289,289,100.00
A2004113,2004-04-22,MYD11A2,LST_Day_1km,314.5600,326.3800,92864.9141,11.8200,321.3319,6.1413,2.4782,289,289,100.00
A2004121,2004-04-30,MYD11A2,LST_Day_1km,314.9000,323.7800,92310.6094,8.8800,319.4139,3.6978,1.9230,289,289,100.00
A2004129,2004-05-08,MYD11A2,LST_Day_1km,310.8000,328.0000,91285.6719,17.2000,315.8674,5.4004,2.3239,289,289,100.00
A2004137,2004-05-16,MYD11A2,LST_Day_1km,314.3600,320.3800,91958.5703,6.0200,318.1957,1.4164,1.1901,289,289,100.00
A2004145,2004-05-24,MYD11A2,LST_Day_1km,317.3800,325.0200,93148.7500,7.6400,322.3140,2.7080,1.6456,289,289,100.00
A2004153,2004-06-01,MYD11A2,LST_Day_1km,317.4400,325.6000,93045.9688,8.1600,321.9584,3.0193,1.7376,289,289,100.00
A2004161,2004-06-09,MYD11A2,LST_Day_1km,305.8600,329.5000,88638.9219,23.6400,318.8450,16.4580,4.0569,289,278,96.19
A2004169,2004-06-17,MYD11A2,LST_Day_1km,307.4400,315.0400,89770.7109,7.6000,310.6253,2.7177,1.6486,289,289,100.00
A2004177,2004-06-25,MYD11A2,LST_Day_1km,312.0200,320.7200,91366.8125,8.7000,316.1481,2.9880,1.7286,289,289,100.00
A2004185,2004-07-03,MYD11A2,LST_Day_1km,304.8200,328.2600,91567.5938,23.4400,316.8429,33.4291,5.7818,289,289,100.00
A2004193,2004-07-11,MYD11A2,LST_Day_1km,309.1800,320.0400,87269.8203,10.8600,313.9202,4.7411,2.1774,289,278,96.19
A2004201,2004-07-19,MYD11A2,LST_Day_1km,307.3800,317.9200,90203.2266,10.5400,312.1219,5.2000,2.2804,289,289,100.00
A2004209,2004-07-27,MYD11A2,LST_Day_1km,,,,,,,,289,0,0.00
A2004217,2004-08-04,MYD11A2,LST_Day_1km,305.3200,312.4000,5568.7998,7.0800,309.3778,6.3586,2.5216,289,18,6.23
A2004225,2004-08-12,MYD11A2,LST_Day_1km,297.9600,299.2000,22388.6250,1.2400,298.5150,0.2054,0.4532,289,75,25.95
A2004233,2004-08-20,MYD11A2,LST_Day_1km,294.3600,306.9600,87083.4531,12.6000,302.3731,4.2470,2.0608,289,288,99.65
A2004241,2004-08-28,MYD11A2,LST_Day_1km,303.8800,310.1600,88765.2969,6.2800,307.1464,1.5736,1.2544,289,289,100.00
A2004249,2004-09-05,MYD11A2,LST_Day_1km,308.3000,315.6600,90191.1328,7.3600,312.0800,1.3830,1.1760,289,289,100.00
A2004257,2004-09-13,MYD11A2,LST_Day_1km,305.0200,316.4400,87861.7422,11.4200,310.4655,2.9069,1.7050,289,283,97.92
A2004265,2004-09-21,MYD11A2,LST_Day_1km,310.9000,318.1000,90911.7812,7.2000,314.5736,2.0469,1.4307,289,289,100.00
A2004273,2004-09-29,MYD11A2,LST_Day_1km,304.2400,316.0200,89781.4062,11.7800,310.6623,5.9158,2.4323,289,289,100.00
A2004281,2004-10-07,MYD11A2,LST_Day_1km,305.6400,313.3200,89403.6016,7.6800,309.3550,2.8346,1.6836,289,289,100.00
A2004289,2004-10-15,MYD11A2,LST_Day_1km,307.3600,314.0200,89842.2344,6.6600,310.8728,2.6162,1.6175,289,289,100.00
A2004297,2004-10-23,MYD11A2,LST_Day_1km,305.7200,313.5200,89563.8203,7.8000,309.9094,3.0237,1.7389,289,289,100.00
A2004305,2004-10-31,MYD11A2,LST_Day_1km,303.8400,312.1400,89030.8672,8.3000,308.0653,2.9773,1.7255,289,289,100.00
A2004313,2004-11-08,MYD11A2,LST_Day_1km,305.0600,312.5000,89342.4453,7.4400,309.1434,2.7058,1.6449,289,289,100.00
A2004321,2004-11-16,MYD11A2,LST_Day_1km,306.4000,312.4200,89503.3438,6.0200,309.7002,2.0336,1.4261,289,289,100.00
A2004329,2004-11-24,MYD11A2,LST_Day_1km,302.4600,309.5800,88583.7812,7.1200,306.5183,2.6575,1.6302,289,289,100.00
A2004337,2004-12-02,MYD11A2,LST_Day_1km,301.1800,308.5800,88121.5078,7.4000,304.9187,2.8358,1.6840,289,289,100.00
A2004345,2004-12-10,MYD11A2,LST_Day_1km,302.5800,311.0600,88725.1562,8.4800,307.0074,3.3402,1.8276,289,289,100.00
A2004353,2004-12-18,MYD11A2,LST_Day_1km,299.0400,306.4400,87530.3672,7.4000,302.8732,2.8364,1.6842,289,289,100.00
A2004361,2004-12-26,MYD11A2,LST_Day_1km,297.1600,306.4600,87517.0312,9.3000,302.8271,3.3645,1.8343,289,289,100.00
A2005001,2005-01-01,MYD11A2,LST_Day_1km,297.9800,306.2200,87303.1016,8.2400,302.0869,3.4551,1.8588,289,289,100.00
A2005009,2005-01-09,MYD11A2,LST_Day_1km,297.7600,307.7200,87540.1641,9.9600,302.9071,4.3652,2.0893,289,289,100.00
A2005017,2005-01-17,MYD11A2,LST_Day_1km,296.1800,306.9200,87036.8125,10.7400,301.1654,4.5371,2.1300,289,289,100.00
A2005025,2005-01-25,MYD11A2,LST_Day_1km,297.8800,306.5600,87484.5391,8.6800,302.7147,3.3991,1.8437,289,289,100.00
A2005033,2005-02-02,MYD11A2,LST_Day_1km,299.3000,308.0400,87847.3984,8.7400,303.9702,3.7849,1.9455,289,289,100.00
A2005041,2005-02-10,MYD11A2,LST_Day_1km,301.8200,312.0800,88971.9453,10.2600,307.8614,5.6073,2.3680,289,289,100.00
A2005049,2005-02-18,MYD11A2,LST_Day_1km,301.8200,310.5000,88498.3672,8.6800,306.2227,4.2561,2.0630,289,289,100.00
A2005057,2005-02-26,MYD11A2,LST_Day_1km,307.8800,318.5000,90601.9219,10.6200,313.5015,5.0269,2.2421,289,289,100.00
A2005065,2005-03-06,MYD11A2,LST_Day_1km,306.0800,317.0200,90240.8984,10.9400,312.2523,7.4952,2.7377,289,289,100.00
A2005073,2005-03-14,MYD11A2,LST_Day_1km,312.5800,321.7200,91879.5547,9.1400,317.9223,3.7893,1.9466,289,289,100.00
A2005081,2005-03-22,MYD11A2,LST_Day_1km,310.7400,319.7600,91281.2109,9.0200,315.8519,4.3466,2.0849,289,289,100.00
A2005089,2005-03-30,MYD11A2,LST_Day_1km,315.4600,324.7000,92835.7891,9.2400,321.2311,3.9148,1.9786,289,289,100.00
A2005097,2005-04-07,MYD11A2,LST_Day_1km,311.9000,321.6000,91824.1250,9.7000,317.7305,3.8134,1.9528,289,289,100.00
A2005105,2005-04-15,MYD11A2,LST_Day_1km,316.7200,325.5200,92938.4766,8.8000,321.5864,2.6969,1.6422,289,289,100.00
A2005113,2005-04-23,MYD11A2,LST_Day_1km,310.2400,322.8600,91446.3281,12.6200,316.4233,7.1086,2.6662,289,289,100.00
A2005121,2005-05-01,MYD11A2,LST_Day_1km,310.5200,318.1600,90882.4844,7.6400,314.4723,2.4986,1.5807,289,289,100.00
A2005129,2005-05-09,MYD11A2,LST_Day_1km,315.8200,322.0600,92465.1484,6.2400,319.9486,1.4817,1.2173,289,289,100.00
A2005137,2005-05-17,MYD11A2,LST_Day_1km,316.9600,324.3400,92650.8594,7.3800,320.5912,2.6626,1.6317,289,289,100.00
A2005145,2005-05-25,MYD11A2,LST_Day_1km,314.6000,324.5800,92507.8750,9.9800,320.0965,5.2548,2.2923,289,289,100.00
A2005153,2005-06-02,MYD11A2,LST_Day_1km,317.2800,324.4400,92659.7812,7.1600,320.6221,2.2891,1.5130,289,289,100.00
A2005161,2005-06-10,MYD11A2,LST_Day_1km,312.6200,322.0000,91865.4922,9.3800,317.8737,2.9518,1.7181,289,289,100.00
A2005169,2005-06-18,MYD11A2,LST_Day_1km,314.2200,326.2000,92683.6953,11.9800,320.7048,7.5148,2.7413,289,289,100.00
A2005177,2005-06-26,MYD11A2,LST_Day_1km,302.6000,320.2000,76981.2969,17.6000,312.9321,5.6053,2.3676,289,246,85.12
A2005185,2005-07-04,MYD11A2,LST_Day_1km,305.1200,314.2200,89457.5078,9.1000,309.5415,3.7030,1.9243,289,289,100.00
A2005193,2005-07-12,MYD11A2,LST_Day_1km,302.4800,314.9000,59557.2891,12.4200,308.5870,7.8612,2.8038,289,193,66.78
A2005201,2005-07-20,MYD11A2,LST_Day_1km,303.7600,314.3200,89701.6094,10.5600,310.3862,4.5407,2.1309,289,289,100.00
A2005209,2005-07-28,MYD11A2,LST_Day_1km,297.7000,306.3800,15760.9160,8.6800,303.0945,6.1453,2.4790,289,52,17.99
A2005217,2005-08-05,MYD11A2,LST_Day_1km,296.8800,315.0000,82767.6094,18.1200,306.5467,9.6606,3.1081,289,270,93.43
A2005225,2005-08-13,MYD11A2,LST_Day_1km,295.2400,300.0600,16660.2793,4.8200,297.5050,1.2082,1.0992,289,56,19.38
A2005233,2005-08-21,MYD11A2,LST_Day_1km,305.6000,312.0000,89271.1953,6.4000,308.8969,1.4494,1.2039,289,289,100.00
A2005241,2005-08-29,MYD11A2,LST_Day_1km,310.8200,316.7400,90777.1797,5.9200,314.1079,1.2466,1.1165,289,289,100.00
A2005249,2005-09-06,MYD11A2,LST_Day_1km,306.0200,322.2000,83011.7188,16.1800,314.4383,16.3577,4.0445,289,264,91.35
A2005257,2005-09-14,MYD11A2,LST_Day_1km,302.8800,310.1800,81944.0391,7.3000,306.9065,2.3421,1.5304,289,267,92.39
A2005265,2005-09-22,MYD11A2,LST_Day_1km,300.8400,309.0600,88220.5781,8.2200,305.2615,2.0625,1.4361,289,289,100.00
A2005273,2005-09-30,MYD11A2,LST_Day_1km,307.5400,312.2400,89683.2578,4.7000,310.3227,0.8480,0.9209,289,289,100.00
A2005281,2005-10-08,MYD11A2,LST_Day_1km,308.1800,315.1600,89970.4062,6.9800,311.3163,1.6225,1.2738,289,289,100.00
A2005289,2005-10-16,MYD11A2,LST_Day_1km,307.3000,314.7400,89862.3516,7.4400,310.9424,2.0324,1.4256,289,289,100.00
A2005297,2005-10-24,MYD11A2,LST_Day_1km,306.9400,315.1200,90000.9922,8.1800,311.4221,2.6120,1.6162,289,289,100.00
A2005305,2005-11-01,MYD11A2,LST_Day_1km,303.9200,312.3400,89103.1172,8.4200,308.3153,2.6403,1.6249,289,289,100.00
A2005313,2005-11-09,MYD11A2,LST_Day_1km,304.6600,312.5200,89380.2734,7.8600,309.2743,2.4384,1.5616,289,289,100.00
A2005321,2005-11-17,MYD11A2,LST_Day_1km,304.1400,312.1600,89164.6094,8.0200,308.5280,2.7400,1.6553,289,289,100.00
A2005329,2005-11-25,MYD11A2,LST_Day_1km,300.5600,306.9800,87941.9219,6.4200,304.2973,2.3834,1.5438,289,289,100.00
A2005337,2005-12-03,MYD11A2,LST_Day_1km,300.2400,308.8800,88119.8125,8.6400,304.9128,3.4212,1.8496,289,289,100.00
A2005345,2005-12-11,MYD11A2,LST_Day_1km,297.8000,305.8200,87346.7344,8.0200,302.2378,2.7347,1.6537,289,289,100.00
A2005353,2005-12-19,MYD11A2,LST_Day_1km,296.2800,304.4400,86845.0781,8.1600,300.5020,2.8684,1.6936,289,289,100.00
A2005361,2005-12-27,MYD11A2,LST_Day_1km,297.6400,307.3000,87397.0859,9.6600,302.4120,3.8836,1.9707,289,289,100.00
A2006001,2006-01-01,MYD11A2,LST_Day_1km,296.9800,304.5800,87062.3047,7.6000,301.2537,2.9442,1.7159,289,289,100.00
A2006009,2006-01-09,MYD11A2,LST_Day_1km,298.8000,308.4600,87975.5781,9.6600,304.4138,4.8299,2.1977,289,289,100.00
A2006017,2006-01-17,MYD11A2,LST_Day_1km,298.2400,306.8600,87529.3672,8.6200,302.8698,3.7922,1.9474,289,289,100.00
A2006025,2006-01-25,MYD11A2,LST_Day_1km,301.1800,310.2600,88433.3984,9.0800,305.9979,4.8874,2.2108,289,289,100.00
A2006033,2006-02-02,MYD11A2,LST_Day_1km,305.2200,314.2200,89652.4297,9.0000,310.2160,4.0288,2.0072,289,289,100.00
A2006041,2006-02-10,MYD11A2,LST_Day_1km,305.7400,315.1600,90046.5078,9.4200,311.5796,4.4556,2.1108,289,289,100.00
A2006049,2006-02-18,MYD11A2,LST_Day_1km,309.2000,318.5600,90930.7422,9.3600,314.6393,5.0185,2.2402,289,289,100.00
A2006057,2006-02-26,MYD11A2,LST_Day_1km,308.9800,319.5000,91016.1484,10.5200,314.9348,5.4212,2.3284,289,289,100.00
A2006065,2006-03-06,MYD11A2,LST_Day_1km,307.0600,318.1400,90569.6562,11.0800,313.3898,6.9292,2.6323,289,289,100.00
A2006073,2006-03-14,MYD11A2,LST_Day_1km,307.4200,318.4200,90563.0859,11.0000,313.3671,5.0178,2.2400,289,289,100.00
A2006081,2006-03-22,MYD11A2,LST_Day_1km,311.2000,319.8600,91477.6484,8.6600,316.5316,2.9751,1.7249,289,289,100.00
A2006089,2006-03-30,MYD11A2,LST_Day_1km,314.2000,324.4000,92734.3125,10.2000,320.8800,4.1519,2.0376,289,289,100.00
A2006097,2006-04-07,MYD11A2,LST_Day_1km,311.9800,325.3600,92196.7344,13.3800,319.0198,4.0957,2.0238,289,289,100.00
A2006105,2006-04-15,MYD11A2,LST_Day_1km,312.4600,322.7800,92313.5938,10.3200,319.4242,3.7492,1.9363,289,289,100.00
A2006113,2006-04-23,MYD11A2,LST_Day_1km,314.8000,324.0400,92335.7969,9.2400,319.5010,4.8324,2.1983,289,289,100.00
A2006121,2006-05-01,MYD11A2,LST_Day_1km,317.1000,326.2600,93342.3906,9.1600,322.9840,3.4423,1.8553,289,289,100.00
A2006129,2006-05-09,MYD11A2,LST_Day_1km,313.3000,324.8400,92519.7969,11.5400,320.1377,3.7542,1.9376,289,289,100.00
A2006137,2006-05-17,MYD11A2,LST_Day_1km,310.2400,322.7800,91734.4688,12.5400,317.4203,5.8116,2.4107,289,289,100.00
A2006145,2006-05-25,MYD11A2,LST_Day_1km,314.2800,322.1400,92078.6953,7.8600,318.6114,2.0075,1.4169,289,289,100.00
A2006153,2006-06-02,MYD11A2,LST_Day_1km,310.7400,320.7000,91058.3672,9.9600,315.0808,4.1823,2.0451,289,289,100.00
A2006161,2006-06-10,MYD11A2,LST_Day_1km,312.4000,320.3400,91503.5234,7.9400,316.6212,2.8683,1.6936,289,289,100.00
A2006169,2006-06-18,MYD11A2,LST_Day_1km,315.2200,325.8600,92687.9219,10.6400,320.7195,6.5506,2.5594,289,289,100.00
A2006177,2006-06-26,MYD11A2,LST_Day_1km,305.4200,320.3200,87321.7500,14.9000,312.9812,9.8640,3.1407,289,279,96.54
A2006185,2006-07-04,MYD11A2,LST_Day_1km,307.2400,320.9000,90528.9375,13.6600,314.3366,7.5455,2.7469,289,288,99.65
A2006193,2006-07-12,MYD11A2,LST_Day_1km,303.3400,319.3800,51872.1641,16.0400,308.7629,12.1421,3.4846,289,168,58.13
A2006201,2006-07-20,MYD11A2,LST_Day_1km,,,,,,,,289,0,0.00
A2006209,2006-07-28,MYD11A2,LST_Day_1km,292.2800,304.8000,6883.0791,12.5200,299.2643,16.2766,4.0344,289,23,7.96
A2006217,2006-08-05,MYD11A2,LST_Day_1km,295.1200,305.6000,25727.6719,10.4800,302.6785,4.7327,2.1755,289,85,29.41
A2006225,2006-08-13,MYD11A2,LST_Day_1km,301.0000,313.0000,73701.1562,12.0000,307.0882,5.8355,2.4157,289,240,83.04
A2006233,2006-08-21,MYD11A2,LST_Day_1km,295.6000,301.9600,25712.0977,6.3600,298.9779,2.4393,1.5618,289,86,29.76
A2006241,2006-08-29,MYD11A2,LST_Day_1km,295.8600,309.4200,71598.0625,13.5600,304.6726,4.7427,2.1778,289,235,81.31
A2006249,2006-09-06,MYD11A2,LST_Day_1km,303.6400,313.1000,89084.8281,9.4600,308.2520,3.6681,1.9152,289,289,100.00
A2006257,2006-09-14,MYD11A2,LST_Day_1km,306.2200,314.2800,89349.8984,8.0600,309.1692,1.9641,1.4015,289,289,100.00
A2006265,2006-09-22,MYD11A2,LST_Day_1km,306.5000,315.6400,89736.4766,9.1400,310.5068,3.0702,1.7522,289,289,100.00
A2006273,2006-09-30,MYD11A2,LST_Day_1km,309.5800,317.4400,90715.0938,7.8600,313.8931,2.1903,1.4800,289,289,100.00
A2006281,2006-10-08,MYD11A2,LST_Day_1km,310.4600,318.7200,90935.3047,8.2600,314.6550,3.5631,1.8876,289,289,100.00
A2006289,2006-10-16,MYD11A2,LST_Day_1km,307.4200,314.0800,89848.3281,6.6600,310.8939,2.4289,1.5585,289,289,100.00
A2006297,2006-10-24,MYD11A2,LST_Day_1km,305.9400,315.2200,89780.6406,9.2800,310.6597,3.5212,1.8765,289,289,100.00
A2006305,2006-11-01,MYD11A2,LST_Day_1km,305.2000,312.7200,89429.5000,7.5200,309.4446,2.6872,1.6393,289,289,100.00
A2006313,2006-11-09,MYD11A2,LST_Day_1km,303.7200,312.1000,89196.8906,8.3800,308.6398,3.2340,1.7983,289,289,100.00
A2006321,2006-11-17,MYD11A2,LST_Day_1km,302.9200,309.9600,88680.9609,7.0400,306.8545,2.2451,1.4984,289,289,100.00
A2006329,2006-11-25,MYD11A2,LST_Day_1km,300.4000,308.4400,88044.7109,8.0400,304.6530,3.4491,1.8572,289,289,100.00
A2006337,2006-12-03,MYD11A2,LST_Day_1km,296.6000,305.3200,87182.7891,8.7200,301.6706,3.7223,1.9293,289,289,100.00
A2006345,2006-12-11,MYD11A2,LST_Day_1km,298.7600,307.8000,87792.2031,9.0400,303.7792,3.9024,1.9755,289,289,100.00
A2006353,2006-12-19,MYD11A2,LST_Day_1km,298.7600,306.4200,87597.4219,7.6600,303.1053,2.8206,1.6795,289,289,100.00
A2006361,2006-12-27,MYD11A2,LST_Day_1km,298.2000,305.7200,87380.7109,7.5200,302.3554,3.1389,1.7717,289,289,100.00
A2007001,2007-01-01,MYD11A2,LST_Day_1km,295.1200,304.0800,86822.9062,8.9600,300.4253,3.8802,1.9698,289,289,100.00
A2007009,2007-01-09,MYD11A2,LST_Day_1km,297.2400,305.1400,87075.2266,7.9000,301.2984,3.7015,1.9239,289,289,100.00
A2007017,2007-01-17,MYD11A2,LST_Day_1km,298.9800,308.3000,87957.5703,9.3200,304.3514,4.7066,2.1695,289,289,100.00
A2007025,2007-01-25,MYD11A2,LST_Day_1km,302.7800,311.2400,88905.6328,8.4600,307.6320,3.5042,1.8720,289,289,100.00
A2007033,2007-02-02,MYD11A2,LST_Day_1km,303.9000,313.3800,89305.9297,9.4800,309.0171,4.5724,2.1383,289,289,100.00
A2007041,2007-02-10,MYD11A2,LST_Day_1km,298.1800,308.8400,87760.5625,10.6600,303.6698,5.6593,2.3789,289,289,100.00
A2007049,2007-02-18,MYD11A2,LST_Day_1km,303.5000,313.8200,89290.7500,10.3200,308.9645,5.0332,2.2435,289,289,100.00
A2007057,2007-02-26,MYD11A2,LST_Day_1km,303.6800,312.3200,89107.0625,8.6400,308.3289,3.4795,1.8653,289,289,100.00
A2007065,2007-03-06,MYD11A2,LST_Day_1km,305.4000,317.3800,89736.3438,11.9800,310.5064,6.5953,2.5681,289,289,100.00
A2007073,2007-03-14,MYD11A2,LST_Day_1km,305.5000,314.2400,89520.1875,8.7400,309.7584,3.3252,1.8235,289,289,100.00
A2007081,2007-03-22,MYD11A2,LST_Day_1km,312.4200,322.3600,92021.8750,9.9400,318.4148,4.0462,2.0115,289,289,100.00
A2007089,2007-03-30,MYD11A2,LST_Day_1km,314.5200,322.4600,92240.3438,7.9400,319.1707,3.3071,1.8185,289,289,100.00
A2007097,2007-04-07,MYD11A2,LST_Day_1km,316.0800,326.9400,93248.6016,10.8600,322.6595,4.4481,2.1090,289,289,100.00
A2007105,2007-04-15,MYD11A2,LST_Day_1km,316.4600,325.5000,93047.9062,9.0400,321.9651,3.0904,1.7580,289,289,100.00
A2007113,2007-04-23,MYD11A2,LST_Day_1km,317.3400,327.4800,93546.5938,10.1400,323.6906,3.7242,1.9298,289,289,100.00
A2007121,2007-05-01,MYD11A2,LST_Day_1km,316.4400,325.8600,93310.3750,9.4200,322.8733,3.3897,1.8411,289,289,100.00
A2007129,2007-05-09,MYD11A2,LST_Day_1km,314.6400,325.4400,92853.6641,10.8000,321.2930,3.8184,1.9541,289,289,100.00
A2007137,2007-05-17,MYD11A2,LST_Day_1km,314.8800,321.6600,92183.4688,6.7800,318.9739,2.2248,1.4916,289,289,100.00
A2007145,2007-05-25,MYD11A2,LST_Day_1km,315.5400,327.2600,93165.2891,11.7200,322.3712,6.1421,2.4783,289,289,100.00
A2007153,2007-06-02,MYD11A2,LST_Day_1km,316.1800,325.5000,92896.4531,9.3200,321.4410,3.2317,1.7977,289,289,100.00
A2007161,2007-06-10,MYD11A2,LST_Day_1km,316.4200,323.4000,92550.5234,6.9800,320.2440,2.6923,1.6408,289,289,100.00
A2007169,2007-06-18,MYD11A2,LST_Day_1km,312.0000,323.3400,91471.3672,11.3400,316.5099,5.5413,2.3540,289,289,100.00
A2007177,2007-06-26,MYD11A2,LST_Day_1km,306.2600,317.6200,83128.2812,11.3600,312.5123,3.3962,1.8429,289,266,92.04
A2007185,2007-07-04,MYD11A2,LST_Day_1km,301.1800,308.2600,79298.6406,7.0800,304.9948,1.6774,1.2951,289,260,89.97
A2007193,2007-07-12,MYD11A2,LST_Day_1km,304.5800,316.7800,87642.5078,12.2000,310.7890,5.3894,2.3215,289,282,97.58
A2007201,2007-07-20,MYD11A2,LST_Day_1km,302.2800,315.4200,27992.4922,13.1400,311.0277,6.6830,2.5851,289,90,31.14
A2007209,2007-07-28,MYD11A2,LST_Day_1km,306.3200,318.9600,79670.9062,12.6400,312.4349,5.6799,2.3833,289,255,88.24
A2007217,2007-08-05,MYD11A2,LST_Day_1km,295.9000,302.4400,9920.5215,6.5400,300.6219,3.9754,1.9938,289,33,11.42
A2007225,2007-08-13,MYD11A2,LST_Day_1km,299.5800,310.9400,49115.6914,11.3600,305.0664,6.7907,2.6059,289,161,55.71
A2007233,2007-08-21,MYD11A2,LST_Day_1km,301.6400,313.4400,87514.3672,11.8000,307.0680,5.6022,2.3669,289,285,98.62
A2007241,2007-08-29,MYD11A2,LST_Day_1km,294.9400,310.4200,67587.0547,15.4800,305.8238,5.2911,2.3002,289,221,76.47
A2007249,2007-09-06,MYD11A2,LST_Day_1km,300.9600,308.9200,87451.7344,7.9600,304.7099,2.0709,1.4391,289,287,99.31
A2007257,2007-09-14,MYD11A2,LST_Day_1km,304.1000,312.7800,89064.4609,8.6800,308.1815,3.0032,1.7330,289,289,100.00
A2007265,2007-09-22,MYD11A2,LST_Day_1km,306.7200,316.8000,90038.1562,10.0800,311.5507,5.0633,2.2502,289,289,100.00
A2007273,2007-09-30,MYD11A2,LST_Day_1km,309.0200,316.7000,90561.9141,7.6800,313.3630,2.3440,1.5310,289,289,100.00
A2007281,2007-10-08,MYD11A2,LST_Day_1km,308.6800,316.9200,90500.6328,8.2400,313.1510,2.9899,1.7291,289,289,100.00
A2007289,2007-10-16,MYD11A2,LST_Day_1km,307.9000,316.5000,90608.4219,8.6000,313.5240,2.9456,1.7163,289,289,100.00
A2007297,2007-10-24,MYD11A2,LST_Day_1km,307.7800,315.2400,90245.2812,7.4600,312.2674,2.6387,1.6244,289,289,100.00
A2007305,2007-11-01,MYD11A2,LST_Day_1km,306.5800,314.9600,90085.2812,8.3800,311.7138,3.2168,1.7935,289,289,100.00
A2007313,2007-11-09,MYD11A2,LST_Day_1km,305.0600,311.9200,89336.9688,6.8600,309.1245,2.5558,1.5987,289,289,100.00
A2007321,2007-11-17,MYD11A2,LST_Day_1km,303.3000,311.7800,89150.3281,8.4800,308.4786,2.8989,1.7026,289,289,100.00
A2007329,2007-11-25,MYD11A2,LST_Day_1km,302.8800,309.5800,88685.6719,6.7000,306.8708,2.6360,1.6236,289,289,100.00
A2007337,2007-12-03,MYD11A2,LST_Day_1km,297.7800,305.5600,87166.1797,7.7800,301.6131,2.6429,1.6257,289,289,100.00
A2007345,2007-12-11,MYD11A2,LST_Day_1km,296.6400,304.3200,86875.6953,7.6800,300.6079,2.9258,1.7105,289,289,100.00
A2007353,2007-12-19,MYD11A2,LST_Day_1km,299.8400,307.9000,88034.4219,8.0600,304.6174,2.8496,1.6881,289,289,100.00
A2007361,2007-12-27,MYD11A2,LST_Day_1km,297.6400,305.9400,87341.8359,8.3000,302.2209,3.1033,1.7616,289,289,100.00
A2008001,2008-01-01,MYD11A2,LST_Day_1km,296.9200,305.5600,87234.8125,8.6400,301.8506,3.4057,1.8455,289,289,100.00
A2008009,2008-01-09,MYD11A2,LST_Day_1km,297.7400,306.0000,87468.1484,8.2600,302.6580,2.9465,1.7166,289,289,100.00
A2008017,2008-01-17,MYD11A2,LST_Day_1km,296.0000,304.7200,86846.5859,8.7200,300.5072,3.8804,1.9699,289,289,100.00
A2008025,2008-01-25,MYD11A2,LST_Day_1km,294.2400,305.5200,87002.9062,11.2800,301.0481,5.4560,2.3358,289,289,100.00
A2008033,2008-02-02,MYD11A2,LST_Day_1km,296.5000,305.9400,87215.6562,9.4400,301.7843,4.7779,2.1859,289,289,100.00
A2008041,2008-02-10,MYD11A2,LST_Day_1km,301.7800,312.7800,88910.0469,11.0000,307.6472,5.3143,2.3053,289,289,100.00
A2008049,2008-02-18,MYD11A2,LST_Day_1km,304.1400,312.4400,89254.4297,8.3000,308.8389,3.5984,1.8970,289,289,100.00
A2008057,2008-02-26,MYD11A2,LST_Day_1km,309.4000,320.7000,91313.0625,11.3000,315.9622,5.8396,2.4165,289,289,100.00
A2008065,2008-03-05,MYD11A2,LST_Day_1km,308.4600,321.1800,91243.5859,12.7200,315.7217,7.0950,2.6636,289,289,100.00
A2008073,2008-03-13,MYD11A2,LST_Day_1km,311.8200,322.4200,91819.9844,10.6000,317.7162,5.4208,2.3283,289,289,100.00
A2008081,2008-03-21,MYD11A2,LST_Day_1km,309.4400,322.3800,91422.2266,12.9400,316.3399,5.3665,2.3166,289,289,100.00
A2008089,2008-03-29,MYD11A2,LST_Day_1km,306.8600,320.9000,91056.9219,14.0400,315.0759,9.1542,3.0256,289,289,100.00
A2008097,2008-04-06,MYD11A2,LST_Day_1km,310.9600,318.7000,91172.3359,7.7400,315.4752,2.7268,1.6513,289,289,100.00
A2008105,2008-04-14,MYD11A2,LST_Day_1km,314.5400,323.7000,92484.5938,9.1600,320.0159,3.0436,1.7446,289,289,100.00
A2008113,2008-04-22,MYD11A2,LST_Day_1km,316.3000,326.0800,93340.7266,9.7800,322.9783,3.1186,1.7659,289,289,100.00
A2008121,2008-04-30,MYD11A2,LST_Day_1km,312.6800,323.2800,92688.4688,10.6000,320.7213,2.7344,1.6536,289,289,100.00
A2008129,2008-05-08,MYD11A2,LST_Day_1km,310.3400,317.8800,90853.5234,7.5400,314.3720,2.4597,1.5683,289,289,100.00
A2008137,2008-05-16,MYD11A2,LST_Day_1km,311.5400,318.3000,91207.9375,6.7600,315.5984,2.4818,1.5754,289,289,100.00
A2008145,2008-05-24,MYD11A2,LST_Day_1km,313.3800,320.9400,91848.1562,7.5600,317.8137,3.7188,1.9284,289,289,100.00
A2008153,2008-06-01,MYD11A2,LST_Day_1km,310.0400,320.6000,91172.1719,10.5600,315.4746,5.0345,2.2438,289,289,100.00
A2008161,2008-06-09,MYD11A2,LST_Day_1km,305.5800,319.4600,86352.1875,13.8800,311.7408,7.5542,2.7485,289,277,95.85
A2008169,2008-06-17,MYD11A2,LST_Day_1km,303.1200,311.6200,89055.7734,8.5000,308.1515,3.6902,1.9210,289,289,100.00
A2008177,2008-06-25,MYD11A2,LST_Day_1km,301.9200,310.9000,88642.6406,8.9800,306.7220,4.8703,2.2069,289,289,100.00
A2008185,2008-07-03,MYD11A2,LST_Day_1km,300.6400,315.6200,86131.5156,14.9800,307.6125,12.9616,3.6002,289,280,96.89
A2008193,2008-07-11,MYD11A2,LST_Day_1km,298.9200,307.2800,76823.6484,8.3600,303.6508,2.2593,1.5031,289,253,87.54
A2008201,2008-07-19,MYD11A2,LST_Day_1km,304.5200,315.5400,79699.2578,11.0200,310.1138,4.7305,2.1750,289,257,88.93
A2008209,2008-07-27,MYD11A2,LST_Day_1km,,,,,,,,289,0,0.00
A2008217,2008-08-04,MYD11A2,LST_Day_1km,,,,,,,,289,0,0.00
A2008225,2008-08-12,MYD11A2,LST_Day_1km,294.0200,304.0400,34471.6328,10.0200,299.7533,3.9166,1.9790,289,115,39.79
A2008233,2008-08-20,MYD11A2,LST_Day_1km,301.0600,312.1600,89333.4766,11.1000,309.1124,2.2420,1.4973,289,289,100.00
A2008241,2008-08-28,MYD11A2,LST_Day_1km,307.2800,315.6000,89943.1641,8.3200,311.2220,2.3600,1.5362,289,289,100.00
A2008249,2008-09-05,MYD11A2,LST_Day_1km,305.2000,314.7000,89657.6484,9.5000,310.2341,3.5867,1.8939,289,289,100.00
A2008257,2008-09-13,MYD11A2,LST_Day_1km,300.9200,310.4400,88545.4688,9.5200,306.3857,1.0371,1.0184,289,289,100.00
A2008265,2008-09-21,MYD11A2,LST_Day_1km,304.4800,307.7800,88429.8281,3.3000,305.9856,0.4251,0.6520,289,289,100.00
A2008273,2008-09-29,MYD11A2,LST_Day_1km,307.8000,313.8200,89780.4141,6.0200,310.6589,0.9765,0.9882,289,289,100.00
A2008281,2008-10-07,MYD11A2,LST_Day_1km,308.9600,316.6000,90567.7109,7.6400,313.3831,1.7218,1.3122,289,289,100.00
A2008289,2008-10-15,MYD11A2,LST_Day_1km,305.5600,313.9400,89407.4297,8.3800,309.3683,3.2857,1.8127,289,289,100.00
A2008297,2008-10-23,MYD11A2,LST_Day_1km,306.1400,314.9600,89831.2500,8.8200,310.8348,3.2167,1.7935,289,289,100.00
A2008305,2008-10-31,MYD11A2,LST_Day_1km,306.3200,314.6400,89877.1953,8.3200,310.9937,3.1511,1.7751,289,289,100.00
A2008313,2008-11-08,MYD11A2,LST_Day_1km,304.1200,311.9200,89122.3828,7.8000,308.3820,2.5145,1.5857,289,289,100.00
A2008321,2008-11-16,MYD11A2,LST_Day_1km,301.3600,308.7800,88312.9844,7.4200,305.5813,2.4967,1.5801,289,289,100.00
A2008329,2008-11-24,MYD11A2,LST_Day_1km,301.4800,310.2800,88576.6094,8.8000,306.4935,3.6630,1.9139,289,289,100.00
A2008337,2008-12-02,MYD11A2,LST_Day_1km,301.4400,310.3200,88639.3281,8.8800,306.7105,3.7645,1.9402,289,289,100.00
A2008345,2008-12-10,MYD11A2,LST_Day_1km,299.2000,306.8600,87635.0156,7.6600,303.2354,2.6932,1.6411,289,289,100.00
A2008353,2008-12-18,MYD11A2,LST_Day_1km,298.9000,306.8600,87728.5469,7.9600,303.5590,2.8380,1.6846,289,289,100.00
A2008361,2008-12-26,MYD11A2,LST_Day_1km,299.9400,307.6800,87989.5859,7.7400,304.4622,2.8159,1.6781,289,289,100.00
A2009001,2009-01-01,MYD11A2,LST_Day_1km,297.1400,305.8000,87312.8359,8.6600,302.1205,3.8258,1.9560,289,289,100.00
A2009009,2009-01-09,MYD11A2,LST_Day_1km,295.7200,303.7800,86851.9922,8.0600,300.5259,3.9741,1.9935,289,289,100.00
A2009017,2009-01-17,MYD11A2,LST_Day_1km,297.2800,307.2600,87431.4062,9.9800,302.5308,4.8266,2.1970,289,289,100.00
A2009025,2009-01-25,MYD11A2,LST_Day_1km,299.9800,310.3000,88461.2656,10.3200,306.0943,4.2749,2.0676,289,289,100.00
A2009033,2009-02-02,MYD11A2,LST_Day_1km,302.0000,312.0200,89029.5156,10.0200,308.0606,4.3893,2.0951,289,289,100.00
A2009041,2009-02-10,MYD11A2,LST_Day_1km,301.6600,311.1400,88798.6094,9.4800,307.2616,3.9473,1.9868,289,289,100.00
A2009049,2009-02-18,MYD11A2,LST_Day_1km,304.0400,315.2000,89854.4062,11.1600,310.9149,4.2989,2.0734,289,289,100.00
A2009057,2009-02-26,MYD11A2,LST_Day_1km,306.2600,316.5000,90249.0703,10.2400,312.2805,3.7714,1.9420,289,289,100.00
A2009065,2009-03-06,MYD11A2,LST_Day_1km,306.9000,318.2200,90785.7188,11.3200,314.1374,5.3911,2.3219,289,289,100.00
A2009073,2009-03-14,MYD11A2,LST_Day_1km,308.1200,319.6000,91069.9766,11.4800,315.1210,5.5245,2.3504,289,289,100.00
A2009081,2009-03-22,MYD11A2,LST_Day_1km,304.9600,319.2800,90569.7891,14.3200,313.3903,6.4393,2.5376,289,289,100.00
A2009089,2009-03-30,MYD11A2,LST_Day_1km,309.3800,318.2000,91031.1328,8.8200,314.9866,3.2233,1.7954,289,289,100.00
A2009097,2009-04-07,MYD11A2,LST_Day_1km,313.1000,325.4000,92839.9141,12.3000,321.2454,5.4676,2.3383,289,289,100.00
A2009105,2009-04-15,MYD11A2,LST_Day_1km,310.9200,324.4200,92809.9531,13.5000,321.1417,4.7444,2.1782,289,289,100.00
A2009113,2009-04-23,MYD11A2,LST_Day_1km,312.9800,325.7600,92995.4062,12.7800,321.7834,4.7755,2.1853,289,289,100.00
A2009121,2009-05-01,MYD11A2,LST_Day_1km,309.9000,322.1400,91803.0469,12.2400,317.6576,5.8618,2.4211,289,289,100.00
A2009129,2009-05-09,MYD11A2,LST_Day_1km,312.5800,323.3200,92601.0938,10.7400,320.4190,3.7197,1.9287,289,289,100.00
A2009137,2009-05-17,MYD11A2,LST_Day_1km,313.6000,326.4000,93059.9609,12.8000,322.0068,4.9734,2.2301,289,289,100.00
A2009145,2009-05-25,MYD11A2,LST_Day_1km,311.6000,326.1400,92234.3359,14.5400,319.1500,6.3895,2.5277,289,289,100.00
A2009153,2009-06-02,MYD11A2,LST_Day_1km,311.0200,321.6800,91983.0469,10.6600,318.2804,2.7380,1.6547,289,289,100.00
A2009161,2009-06-10,MYD11A2,LST_Day_1km,312.2400,323.5000,92429.6797,11.2600,319.8259,3.5961,1.8963,289,289,100.00
A2009169,2009-06-18,MYD11A2,LST_Day_1km,309.1200,320.9600,91062.9844,11.8400,315.0968,4.6332,2.1525,289,289,100.00
A2009177,2009-06-26,MYD11A2,LST_Day_1km,307.5400,321.0800,90890.2578,13.5400,314.4992,7.0388,2.6531,289,289,100.00
A2009185,2009-07-04,MYD11A2,LST_Day_1km,303.8200,318.9000,90444.8672,15.0800,312.9580,7.1257,2.6694,289,289,100.00
A2009193,2009-07-12,MYD11A2,LST_Day_1km,306.7800,320.8800,89659.9766,14.1000,313.4964,9.1530,3.0254,289,286,98.96
A2009201,2009-07-20,MYD11A2,LST_Day_1km,300.0800,311.0800,36896.3320,11.0000,304.9284,3.7202,1.9288,289,121,41.87
A2009209,2009-07-28,MYD11A2,LST_Day_1km,298.8600,315.3000,73371.8828,16.4400,306.9953,7.4292,2.7257,289,239,82.70
A2009217,2009-08-05,MYD11A2,LST_Day_1km,296.8000,321.2800,53725.0195,24.4800,312.3548,22.7516,4.7699,289,172,59.52
A2009225,2009-08-13,MYD11A2,LST_Day_1km,302.9000,315.3200,89479.3984,12.4200,309.6173,7.7346,2.7811,289,289,100.00
A2009233,2009-08-21,MYD11A2,LST_Day_1km,303.3800,316.7000,89373.7812,13.3200,309.2518,5.3885,2.3213,289,289,100.00
A2009241,2009-08-29,MYD11A2,LST_Day_1km,303.7200,317.6600,88814.9531,13.9400,309.4598,8.3477,2.8892,289,287,99.31
A2009249,2009-09-06,MYD11A2,LST_Day_1km,308.6800,318.5000,90489.8750,9.8200,313.1138,6.9730,2.6407,289,289,100.00
A2009257,2009-09-14,MYD11A2,LST_Day_1km,309.7800,320.5000,91255.4219,10.7200,315.7627,5.3841,2.3204,289,289,100.00
A2009265,2009-09-22,MYD11A2,LST_Day_1km,311.1000,321.5800,91682.1250,10.4800,317.2392,4.0845,2.0210,289,289,100.00
A2009273,2009-09-30,MYD11A2,LST_Day_1km,309.0800,322.4000,91313.8125,13.3200,315.9648,7.1008,2.6647,289,289,100.00
A2009281,2009-10-08,MYD11A2,LST_Day_1km,306.2400,318.6000,90658.4219,12.3600,313.6970,5.2387,2.2888,289,289,100.00
A2009289,2009-10-16,MYD11A2,LST_Day_1km,307.0800,316.6400,90401.8906,9.5600,312.8093,3.8765,1.9689,289,289,100.00
A2009297,2009-10-24,MYD11A2,LST_Day_1km,307.1000,316.2200,90411.2109,9.1200,312.8416,3.3230,1.8229,289,289,100.00
A2009305,2009-11-01,MYD11A2,LST_Day_1km,303.7600,313.4600,89567.3359,9.7000,309.9216,3.7896,1.9467,289,289,100.00
A2009313,2009-11-09,MYD11A2,LST_Day_1km,300.7600,311.9600,88519.7031,11.2000,306.2965,4.2883,2.0708,289,289,100.00
A2009321,2009-11-17,MYD11A2,LST_Day_1km,300.7600,310.1400,88435.4297,9.3800,306.0049,2.9811,1.7266,289,289,100.00
A2009329,2009-11-25,MYD11A2,LST_Day_1km,301.1400,309.9400,88376.9297,8.8000,305.8025,3.0574,1.7486,289,289,100.00
A2009337,2009-12-03,MYD11A2,LST_Day_1km,300.0000,308.3800,88218.9922,8.3800,305.2560,3.1322,1.7698,289,289,100.00
A2009345,2009-12-11,MYD11A2,LST_Day_1km,293.2200,304.3000,86789.1172,11.0800,301.3511,3.5682,1.8890,289,288,99.65
A2009353,2009-12-19,MYD11A2,LST_Day_1km,297.8800,306.9400,87719.2109,9.0600,303.5267,4.0588,2.0147,289,289,100.00
A2009361,2009-12-27,MYD11A2,LST_Day_1km,296.7200,305.4800,87200.7422,8.7600,301.7327,3.8226,1.9551,289,289,100.00
A2010001,2010-01-01,MYD11A2,LST_Day_1km,297.1800,305.6200,87292.0859,8.4400,302.0487,3.6422,1.9085,289,289,100.00
A2010009,2010-01-09,MYD11A2,LST_Day_1km,295.4800,305.1800,87062.0156,9.7000,301.2527,5.6657,2.3803,289,289,100.00
A2010017,2010-01-17,MYD11A2,LST_Day_1km,299.6200,310.2200,88396.2188,10.6000,305.8693,4.8856,2.2103,289,289,100.00
A2010025,2010-01-25,MYD11A2,LST_Day_1km,301.3000,310.8400,88739.7578,9.5400,307.0580,4.5545,2.1341,289,289,100.00
A2010033,2010-02-02,MYD11A2,LST_Day_1km,302.7200,311.1800,88813.9453,8.4600,307.3147,4.0890,2.0221,289,289,100.00
A2010041,2010-02-10,MYD11A2,LST_Day_1km,299.3600,310.8800,88612.2188,11.5200,306.6167,5.4443,2.3333,289,289,100.00
A2010049,2010-02-18,MYD11A2,LST_Day_1km,305.2600,314.9400,89762.0156,9.6800,310.5952,5.5056,2.3464,289,289,100.00
A2010057,2010-02-26,MYD11A2,LST_Day_1km,307.6400,318.3000,90908.5781,10.6600,314.5626,4.9669,2.2286,289,289,100.00
A2010065,2010-03-06,MYD11A2,LST_Day_1km,308.9200,320.6200,91378.6172,11.7000,316.1890,5.8641,2.4216,289,289,100.00
A2010073,2010-03-14,MYD11A2,LST_Day_1km,311.8400,323.2400,92226.6406,11.4000,319.1233,4.6142,2.1481,289,289,100.00
A2010081,2010-03-22,MYD11A2,LST_Day_1km,312.8800,323.2800,92455.0156,10.4000,319.9135,3.9932,1.9983,289,289,100.00
A2010089,2010-03-30,MYD11A2,LST_Day_1km,310.1800,320.6600,91774.6562,10.4800,317.5594,3.7630,1.9398,289,289,100.00
A2010097,2010-04-07,MYD11A2,LST_Day_1km,313.7200,327.2200,93175.9609,13.5000,322.4082,5.5447,2.3547,289,289,100.00
A2010105,2010-04-15,MYD11A2,LST_Day_1km,313.1800,327.3200,93010.6328,14.1400,321.8361,5.4299,2.3302,289,289,100.00
A2010113,2010-04-23,MYD11A2,LST_Day_1km,311.8200,326.0600,92789.1719,14.2400,321.0698,6.3335,2.5166,289,289,100.00
A2010121,2010-05-01,MYD11A2,LST_Day_1km,309.5000,320.4200,91473.5781,10.9200,316.5176,3.4698,1.8627,289,289,100.00
A2010129,2010-05-09,MYD11A2,LST_Day_1km,313.7800,324.7800,92637.5078,11.0000,320.5450,4.5212,2.1263,289,289,100.00
A2010137,2010-05-17,MYD11A2,LST_Day_1km,316.9600,327.5000,93592.1719,10.5400,323.8484,4.2963,2.0727,289,289,100.00
A2010145,2010-05-25,MYD11A2,LST_Day_1km,312.7800,322.2800,92038.9844,9.5000,318.4740,3.7776,1.9436,289,289,100.00
A2010153,2010-06-02,MYD11A2,LST_Day_1km,310.9800,321.6800,91879.4766,10.7000,317.9221,3.1664,1.7794,289,289,100.00
A2010161,2010-06-10,MYD11A2,LST_Day_1km,312.1800,327.2800,92166.0469,15.1000,318.9137,10.9269,3.3056,289,289,100.00
A2010169,2010-06-18,MYD11A2,LST_Day_1km,312.5800,322.4600,92038.2891,9.8800,318.4716,3.2821,1.8117,289,289,100.00
A2010177,2010-06-26,MYD11A2,LST_Day_1km,312.1200,322.8800,91759.9766,10.7600,317.5086,3.2035,1.7898,289,289,100.00
A2010185,2010-07-04,MYD11A2,LST_Day_1km,303.2000,315.2400,89151.2344,12.0400,311.7176,4.1699,2.0420,289,286,98.96
A2010193,2010-07-12,MYD11A2,LST_Day_1km,307.2000,321.2200,53997.1992,14.0200,313.9372,8.1877,2.8614,289,172,59.52
A2010201,2010-07-20,MYD11A2,LST_Day_1km,307.5000,319.0800,28636.7949,11.5800,311.2695,8.1623,2.8570,289,92,31.83
A2010209,2010-07-28,MYD11A2,LST_Day_1km,271.7400,307.2200,1499.7000,35.4800,299.9400,198.8540,14.1016,289,5,1.73
A2010217,2010-08-05,MYD11A2,LST_Day_1km,301.7400,309.3400,7307.7002,7.6000,304.4875,6.2790,2.5058,289,24,8.30
A2010225,2010-08-13,MYD11A2,LST_Day_1km,290.1000,301.3400,39173.7734,11.2400,299.0364,2.1556,1.4682,289,131,45.33
A2010233,2010-08-21,MYD11A2,LST_Day_1km,286.6800,309.7400,15470.8037,23.0600,303.3491,18.2491,4.2719,289,51,17.65
A2010241,2010-08-29,MYD11A2,LST_Day_1km,302.0000,306.4600,8539.9805,4.4600,304.9993,1.0088,1.0044,289,28,9.69
A2010249,2010-09-06,MYD11A2,LST_Day_1km,,,,,,,,289,0,0.00
A2010257,2010-09-14,MYD11A2,LST_Day_1km,300.7800,305.7600,87620.2578,4.9800,303.1843,1.0620,1.0306,289,289,100.00
A2010265,2010-09-22,MYD11A2,LST_Day_1km,305.3600,311.0400,89090.1172,5.6800,308.2703,1.2362,1.1119,289,289,100.00
A2010273,2010-09-30,MYD11A2,LST_Day_1km,307.3400,312.5000,89492.8047,5.1600,309.6637,0.9739,0.9868,289,289,100.00
A2010281,2010-10-08,MYD11A2,LST_Day_1km,307.5000,314.8000,90002.7812,7.3000,311.4283,1.4943,1.2224,289,289,100.00
A2010289,2010-10-16,MYD11A2,LST_Day_1km,307.1400,314.9200,89882.4375,7.7800,311.0119,2.3234,1.5243,289,289,100.00
A2010297,2010-10-24,MYD11A2,LST_Day_1km,304.1400,312.0800,89179.8906,7.9400,308.5809,2.7454,1.6569,289,289,100.00
A2010305,2010-11-01,MYD11A2,LST_Day_1km,303.2200,309.9200,88774.4375,6.7000,307.1780,2.3180,1.5225,289,289,100.00
A2010313,2010-11-09,MYD11A2,LST_Day_1km,293.7600,302.2200,7442.5410,8.4600,297.7016,9.6225,3.1020,289,25,8.65
A2010321,2010-11-17,MYD11A2,LST_Day_1km,299.7600,303.9800,87216.9141,4.2200,301.7886,0.6083,0.7799,289,289,100.00
A2010329,2010-11-25,MYD11A2,LST_Day_1km,297.5400,302.7800,86633.1406,5.2400,299.7686,1.0189,1.0094,289,289,100.00
A2010337,2010-12-03,MYD11A2,LST_Day_1km,295.7200,301.2000,86235.0078,5.4800,298.3910,1.6304,1.2769,289,289,100.00
A2010345,2010-12-11,MYD11A2,LST_Day_1km,296.8600,303.7600,86934.1094,6.9000,300.8101,2.3790,1.5424,289,289,100.00
A2010353,2010-12-19,MYD11A2,LST_Day_1km,297.0000,303.6200,86917.7812,6.6200,300.7536,2.3138,1.5211,289,289,100.00
A2010361,2010-12-27,MYD11A2,LST_Day_1km,293.4200,299.5400,85880.7266,6.1200,297.1651,1.9520,1.3971,289,289,100.00
A2011001,2011-01-01,MYD11A2,LST_Day_1km,295.1000,301.2400,86191.7109,6.1400,298.2412,1.9901,1.4107,289,289,100.00
A2011009,2011-01-09,MYD11A2,LST_Day_1km,295.7000,303.3800,86724.2109,7.6800,300.0838,2.9067,1.7049,289,289,100.00
A2011017,2011-01-17,MYD11A2,LST_Day_1km,296.6000,305.1000,87104.0703,8.5000,301.3982,4.2193,2.0541,289,289,100.00
A2011025,2011-01-25,MYD11A2,LST_Day_1km,296.8800,304.8200,87138.5156,7.9400,301.5174,2.7679,1.6637,289,289,100.00
A2011033,2011-02-02,MYD11A2,LST_Day_1km,301.3000,310.3400,88744.7812,9.0400,307.0754,3.4364,1.8537,289,289,100.00
A2011041,2011-02-10,MYD11A2,LST_Day_1km,300.1000,309.6800,88296.4453,9.5800,305.5240,4.3689,2.0902,289,289,100.00
A2011049,2011-02-18,MYD11A2,LST_Day_1km,298.2000,305.2800,87539.7969,7.0800,302.9059,1.4525,1.2052,289,289,100.00
A2011057,2011-02-26,MYD11A2,LST_Day_1km,300.5600,308.9200,88344.0234,8.3600,305.6887,2.4871,1.5771,289,289,100.00
A2011065,2011-03-06,MYD11A2,LST_Day_1km,305.4400,314.3200,89880.2656,8.8800,311.0044,3.3088,1.8190,289,289,100.00
A2011073,2011-03-14,MYD11A2,LST_Day_1km,307.3400,318.8000,90688.3281,11.4600,313.8004,5.2794,2.2977,289,289,100.00
A2011081,2011-03-22,MYD11A2,LST_Day_1km,309.1000,321.0000,91480.4688,11.9000,316.5414,4.2427,2.0598,289,289,100.00
A2011089,2011-03-30,MYD11A2,LST_Day_1km,308.2000,319.6400,91041.5000,11.4400,315.0225,4.5688,2.1375,289,289,100.00
A2011097,2011-04-07,MYD11A2,LST_Day_1km,308.9000,320.6600,91337.6719,11.7600,316.0473,5.6414,2.3752,289,289,100.00
A2011105,2011-04-15,MYD11A2,LST_Day_1km,311.7400,324.9600,92636.5938,13.2200,320.5418,5.7430,2.3964,289,289,100.00
A2011113,2011-04-23,MYD11A2,LST_Day_1km,313.1600,326.3600,92954.7578,13.2000,321.6428,5.4644,2.3376,289,289,100.00
A2011121,2011-05-01,MYD11A2,LST_Day_1km,310.6000,324.0600,92352.9141,13.4600,319.5602,5.1864,2.2774,289,289,100.00
A2011129,2011-05-09,MYD11A2,LST_Day_1km,313.6200,324.7400,92833.3438,11.1200,321.2227,4.7082,2.1698,289,289,100.00
A2011137,2011-05-17,MYD11A2,LST_Day_1km,314.8400,326.6000,93028.4375,11.7600,321.8977,5.8221,2.4129,289,289,100.00
A2011145,2011-05-25,MYD11A2,LST_Day_1km,312.5800,324.9600,92853.7812,12.3800,321.2934,4.7351,2.1760,289,289,100.00
A2011153,2011-06-02,MYD11A2,LST_Day_1km,311.8000,324.7800,92334.0859,12.9800,319.4951,7.2229,2.6875,289,289,100.00
A2011161,2011-06-10,MYD11A2,LST_Day_1km,311.2400,324.4200,92426.5469,13.1800,319.8150,5.0215,2.2409,289,289,100.00
A2011169,2011-06-18,MYD11A2,LST_Day_1km,308.0600,319.0200,90997.3125,10.9600,314.8696,3.9905,1.9976,289,289,100.00
A2011177,2011-06-26,MYD11A2,LST_Day_1km,301.5600,312.2600,88261.1719,10.7000,306.4624,3.4973,1.8701,289,288,99.65
A2011185,2011-07-04,MYD11A2,LST_Day_1km,303.9200,319.3600,73908.5000,15.4400,311.8502,7.8346,2.7990,289,237,82.01
A2011193,2011-07-12,MYD11A2,LST_Day_1km,298.1600,314.5800,55513.4414,16.4200,308.4080,9.7375,3.1205,289,180,62.28
A2011201,2011-07-20,MYD11A2,LST_Day_1km,297.2400,305.4200,64301.4062,8.1800,303.3085,0.9367,0.9678,289,212,73.36
A2011209,2011-07-28,MYD11A2,LST_Day_1km,302.7800,315.1600,26534.3359,12.3800,308.5388,5.5378,2.3533,289,86,29.76
A2011217,2011-08-05,MYD11A2,LST_Day_1km,278.2600,314.2200,21578.0625,35.9600,299.6953,228.5899,15.1192,289,72,24.91
A2011225,2011-08-13,MYD11A2,LST_Day_1km,299.6200,308.3000,71632.7109,8.6800,303.5284,3.3368,1.8267,289,236,81.66
A2011233,2011-08-21,MYD11A2,LST_Day_1km,299.7400,304.5600,26327.3789,4.8200,302.6136,1.5219,1.2337,289,87,30.10
A2011241,2011-08-29,MYD11A2,LST_Day_1km,298.1400,306.3600,35790.3633,8.2200,303.3082,3.0042,1.7333,289,118,40.83
A2011249,2011-09-06,MYD11A2,LST_Day_1km,287.0800,304.4200,47317.6172,17.3400,301.3861,9.3043,3.0503,289,157,54.33
A2011257,2011-09-14,MYD11A2,LST_Day_1km,297.8200,308.7400,87679.4062,10.9200,304.4424,3.4402,1.8548,289,288,99.65
A2011265,2011-09-22,MYD11A2,LST_Day_1km,305.0000,310.4000,89117.4297,5.4000,308.3648,1.0666,1.0327,289,289,100.00
A2011273,2011-09-30,MYD11A2,LST_Day_1km,307.1000,312.7600,89911.4688,5.6600,311.1123,1.2765,1.1298,289,289,100.00
A2011281,2011-10-08,MYD11A2,LST_Day_1km,306.0600,315.0000,90100.0781,8.9400,311.7650,2.3891,1.5457,289,289,100.00
A2011289,2011-10-16,MYD11A2,LST_Day_1km,306.3600,314.8800,90092.3125,8.5200,311.7381,2.3282,1.5259,289,289,100.00
A2011297,2011-10-24,MYD11A2,LST_Day_1km,305.0400,313.4400,89552.6172,8.4000,309.8706,2.4868,1.5769,289,289,100.00
A2011305,2011-11-01,MYD11A2,LST_Day_1km,304.8200,314.2400,89677.5859,9.4200,310.3031,3.0859,1.7567,289,289,100.00
A2011313,2011-11-09,MYD11A2,LST_Day_1km,304.3400,312.8400,89419.4141,8.5000,309.4097,2.5338,1.5918,289,289,100.00
A2011321,2011-11-17,MYD11A2,LST_Day_1km,303.0000,310.9000,88994.8047,7.9000,307.9405,2.3315,1.5269,289,289,100.00
A2011329,2011-11-25,MYD11A2,LST_Day_1km,300.9000,307.9200,88136.2344,7.0200,304.9697,2.1438,1.4642,289,289,100.00
A2011337,2011-12-03,MYD11A2,LST_Day_1km,300.7800,308.2000,88256.1484,7.4200,305.3846,2.2403,1.4968,289,289,100.00
A2011345,2011-12-11,MYD11A2,LST_Day_1km,297.3200,305.1000,87214.0391,7.7800,301.7787,2.5695,1.6030,289,289,100.00
A2011353,2011-12-19,MYD11A2,LST_Day_1km,295.8800,304.1000,86877.5000,8.2200,300.6142,2.6493,1.6277,289,289,100.00
A2011361,2011-12-27,MYD11A2,LST_Day_1km,294.7200,302.8800,86541.1953,8.1600,299.4505,2.3374,1.5289,289,289,100.00
A2012001,2012-01-01,MYD11A2,LST_Day_1km,294.6000,302.2800,86373.9141,7.6800,298.8717,2.8567,1.6902,289,289,100.00
A2012009,2012-01-09,MYD11A2,LST_Day_1km,295.5800,304.1400,86872.0078,8.5600,300.5952,3.4447,1.8560,289,289,100.00
A2012017,2012-01-17,MYD11A2,LST_Day_1km,294.4800,303.0400,86626.6328,8.5600,299.7461,3.4583,1.8597,289,289,100.00
A2012025,2012-01-25,MYD11A2,LST_Day_1km,296.7400,305.6000,87316.0547,8.8600,302.1317,3.6205,1.9028,289,289,100.00
A2012033,2012-02-02,MYD11A2,LST_Day_1km,296.9000,306.3000,87490.5078,9.4000,302.7353,3.8563,1.9637,289,289,100.00
A2012041,2012-02-10,MYD11A2,LST_Day_1km,297.8600,307.2400,87530.0312,9.3800,302.8721,2.9949,1.7306,289,289,100.00
A2012049,2012-02-18,MYD11A2,LST_Day_1km,300.8200,311.5200,89026.4922,10.7000,308.0501,4.0478,2.0119,289,289,100.00
A2012057,2012-02-26,MYD11A2,LST_Day_1km,302.4600,314.0800,89500.7578,11.6200,309.6912,4.4107,2.1002,289,289,100.00
A2012065,2012-03-05,MYD11A2,LST_Day_1km,301.1600,311.8600,89067.3359,10.7000,308.1915,3.8609,1.9649,289,289,100.00
A2012073,2012-03-13,MYD11A2,LST_Day_1km,305.2600,318.6000,90832.8516,13.3400,314.3005,5.0755,2.2529,289,289,100.00
A2012081,2012-03-21,MYD11A2,LST_Day_1km,306.2200,317.6400,90823.2188,11.4200,314.2672,3.9443,1.9860,289,289,100.00
A2012089,2012-03-29,MYD11A2,LST_Day_1km,309.4200,322.1400,91822.7188,12.7200,317.7257,4.6957,2.1670,289,289,100.00
A2012097,2012-04-06,MYD11A2,LST_Day_1km,308.9600,324.3200,92284.7344,15.3600,319.3243,6.5502,2.5593,289,289,100.00
A2012105,2012-04-14,MYD11A2,LST_Day_1km,309.1800,320.2200,91071.3672,11.0400,315.1258,4.7028,2.1686,289,289,100.00
A2012113,2012-04-22,MYD11A2,LST_Day_1km,306.4000,319.8800,90821.8828,13.4800,314.2626,5.5280,2.3512,289,289,100.00
A2012121,2012-04-30,MYD11A2,LST_Day_1km,310.1000,320.5000,91659.3516,10.4000,317.1604,3.4286,1.8516,289,289,100.00
A2012129,2012-05-08,MYD11A2,LST_Day_1km,307.7200,323.0400,91824.1250,15.3200,317.7305,6.1831,2.4866,289,289,100.00
A2012137,2012-05-16,MYD11A2,LST_Day_1km,310.1400,318.7200,91097.9062,8.5800,315.2177,2.6620,1.6316,289,289,100.00
A2012145,2012-05-24,MYD11A2,LST_Day_1km,310.6200,324.5000,92749.8281,13.8800,320.9337,4.9752,2.2305,289,289,100.00
A2012153,2012-06-01,MYD11A2,LST_Day_1km,308.3200,320.3200,91763.7969,12.0000,317.5218,3.1128,1.7643,289,289,100.00
A2012161,2012-06-09,MYD11A2,LST_Day_1km,308.6600,321.3400,91502.0000,12.6800,316.6159,4.9247,2.2192,289,289,100.00
A2012169,2012-06-17,MYD11A2,LST_Day_1km,307.3600,319.5600,91163.8438,12.2000,315.4458,4.3938,2.0962,289,289,100.00
A2012177,2012-06-25,MYD11A2,LST_Day_1km,309.7200,321.1600,91352.3906,11.4400,316.0982,3.4867,1.8673,289,289,100.00
A2012185,2012-07-03,MYD11A2,LST_Day_1km,306.2400,321.4800,90190.5781,15.2400,315.3517,12.2515,3.5002,289,286,98.96
A2012193,2012-07-11,MYD11A2,LST_Day_1km,304.9000,324.2800,91177.1328,19.3800,315.4918,22.3979,4.7326,289,289,100.00
A2012201,2012-07-19,MYD11A2,LST_Day_1km,305.6600,320.0200,80871.9141,14.3600,311.0458,6.3761,2.5251,289,260,89.97
A2012209,2012-07-27,MYD11A2,LST_Day_1km,312.5600,317.3200,6935.2002,4.7600,315.2364,1.2282,1.1082,289,22,7.61
A2012217,2012-08-04,MYD11A2,LST_Day_1km,,,,,,,,289,0,0.00
A2012225,2012-08-12,MYD11A2,LST_Day_1km,300.6000,304.6200,16379.2822,4.0200,303.3200,1.2755,1.1294,289,54,18.69
A2012233,2012-08-20,MYD11A2,LST_Day_1km,,,,,,,,289,0,0.00
A2012241,2012-08-28,MYD11A2,LST_Day_1km,256.0000,308.7000,46263.7461,52.7000,302.3774,134.5142,11.5980,289,153,52.94
A2012249,2012-09-05,MYD11A2,LST_Day_1km,303.0200,303.7200,1516.9399,0.7000,303.3880,0.0542,0.2328,289,5,1.73
A2012257,2012-09-13,MYD11A2,LST_Day_1km,299.6800,309.1000,65228.4727,9.4200,304.8059,3.4938,1.8692,289,214,74.05
A2012265,2012-09-21,MYD11A2,LST_Day_1km,303.7600,310.6200,88802.4297,6.8600,307.2748,1.7049,1.3057,289,289,100.00
A2012273,2012-09-29,MYD11A2,LST_Day_1km,307.6200,313.8400,90087.9062,6.2200,311.7229,1.1631,1.0785,289,289,100.00
A2012281,2012-10-07,MYD11A2,LST_Day_1km,305.9400,313.3000,89780.0234,7.3600,310.6575,1.3510,1.1623,289,289,100.00
A2012289,2012-10-15,MYD11A2,LST_Day_1km,303.8400,311.8400,89165.8359,8.0000,308.5323,2.3102,1.5199,289,289,100.00
A2012297,2012-10-23,MYD11A2,LST_Day_1km,304.3800,312.6600,89537.9375,8.2800,309.8199,2.6770,1.6362,289,289,100.00
A2012305,2012-10-31,MYD11A2,LST_Day_1km,301.5800,309.7200,88692.6484,8.1400,306.8950,2.1731,1.4742,289,289,100.00
A2012313,2012-11-08,MYD11A2,LST_Day_1km,301.8800,309.7400,88674.6094,7.8600,306.8326,2.4766,1.5737,289,289,100.00
A2012321,2012-11-16,MYD11A2,LST_Day_1km,299.9800,308.4000,88276.3984,8.4200,305.4547,2.6675,1.6333,289,289,100.00
A2012329,2012-11-24,MYD11A2,LST_Day_1km,298.9600,306.4400,87815.6875,7.4800,303.8605,2.1677,1.4723,289,289,100.00
A2012337,2012-12-02,MYD11A2,LST_Day_1km,298.7600,307.1200,87784.7969,8.3600,303.7536,2.8227,1.6801,289,289,100.00
A2012345,2012-12-10,MYD11A2,LST_Day_1km,296.6000,304.6200,87085.1875,8.0200,301.3328,2.2213,1.4904,289,289,100.00
A2012353,2012-12-18,MYD11A2,LST_Day_1km,297.4800,305.5200,87414.2891,8.0400,302.4716,2.6029,1.6134,289,289,100.00
A2012361,2012-12-26,MYD11A2,LST_Day_1km,295.9000,302.9200,86738.4141,7.0200,300.1329,2.1606,1.4699,289,289,100.00
A2013001,2013-01-01,MYD11A2,LST_Day_1km,293.9600,303.3600,86593.5312,9.4000,299.6316,3.4662,1.8618,289,289,100.00
A2013009,2013-01-09,MYD11A2,LST_Day_1km,295.4800,303.4800,86961.7422,8.0000,300.9057,1.9670,1.4025,289,289,100.00
A2013017,2013-01-17,MYD11A2,LST_Day_1km,294.3600,300.2600,86051.8359,5.9000,297.7572,1.2017,1.0962,289,289,100.00
A2013025,2013-01-25,MYD11A2,LST_Day_1km,297.1200,304.6000,87096.9375,7.4800,301.3735,1.9039,1.3798,289,289,100.00
A2013033,2013-02-02,MYD11A2,LST_Day_1km,295.7000,302.5600,86576.3203,6.8600,299.5721,1.3657,1.1686,289,289,100.00
A2013041,2013-02-10,MYD11A2,LST_Day_1km,297.6600,305.6400,87528.4453,7.9800,302.8666,1.9136,1.3833,289,289,100.00
A2013049,2013-02-18,MYD11A2,LST_Day_1km,298.1000,307.8400,88016.8750,9.7400,304.5567,3.0264,1.7397,289,289,100.00
A2013057,2013-02-26,MYD11A2,LST_Day_1km,304.1200,313.7800,89690.5078,9.6600,310.3478,2.9907,1.7294,289,289,100.00
A2013065,2013-03-06,MYD11A2,LST_Day_1km,305.2600,316.1600,90402.6094,10.9000,312.8118,3.4621,1.8607,289,289,100.00
A2013073,2013-03-14,MYD11A2,LST_Day_1km,306.4000,317.1800,90523.2812,10.7800,313.2293,3.6877,1.9203,289,289,100.00
A2013081,2013-03-22,MYD11A2,LST_Day_1km,308.3200,317.2400,90589.5781,8.9200,313.4587,3.2390,1.7997,289,289,100.00
A2013089,2013-03-30,MYD11A2,LST_Day_1km,307.7400,320.3000,91378.4297,12.5600,316.1883,4.3562,2.0872,289,289,100.00
A2013097,2013-04-07,MYD11A2,LST_Day_1km,306.5600,320.4400,91102.1172,13.8800,315.2322,5.9246,2.4341,289,289,100.00
A2013105,2013-04-15,MYD11A2,LST_Day_1km,309.7400,320.5200,91529.0938,10.7800,316.7097,3.6544,1.9117,289,289,100.00
A2013113,2013-04-23,MYD11A2,LST_Day_1km,309.9800,321.5000,91908.0078,11.5200,318.0208,4.2046,2.0505,289,289,100.00
A2013121,2013-05-01,MYD11A2,LST_Day_1km,312.9400,325.5000,93090.5312,12.5600,322.1126,4.3747,2.0916,289,289,100.00
A2013129,2013-05-09,MYD11A2,LST_Day_1km,309.0600,325.9200,92549.1172,16.8600,320.2392,6.4032,2.5305,289,289,100.00
A2013137,2013-05-17,MYD11A2,LST_Day_1km,313.2800,326.3400,93180.2812,13.0600,322.4231,3.9832,1.9958,289,289,100.00
A2013145,2013-05-25,MYD11A2,LST_Day_1km,309.2400,322.8400,92187.6797,13.6000,318.9885,5.3277,2.3082,289,289,100.00
A2013153,2013-06-02,MYD11A2,LST_Day_1km,309.8400,322.6800,92045.4609,12.8400,318.4964,5.0055,2.2373,289,289,100.00
A2013161,2013-06-10,MYD11A2,LST_Day_1km,306.3800,320.3400,89616.0859,13.9600,314.4424,5.8734,2.4235,289,285,98.62
A2013169,2013-06-18,MYD11A2,LST_Day_1km,306.7800,319.7400,90651.1016,12.9600,313.6716,5.9731,2.4440,289,289,100.00
A2013177,2013-06-26,MYD11A2,LST_Day_1km,305.4800,314.5800,89765.1953,9.1000,310.6062,2.4146,1.5539,289,289,100.00
A2013185,2013-07-04,MYD11A2,LST_Day_1km,301.1000,314.7600,74244.2969,13.6600,306.7946,5.3653,2.3163,289,242,83.74
A2013193,2013-07-12,MYD11A2,LST_Day_1km,,,,,,,,289,0,0.00
A2013201,2013-07-20,MYD11A2,LST_Day_1km,,,,,,,,289,0,0.00
A2013209,2013-07-28,MYD11A2,LST_Day_1km,299.7800,305.3000,9703.0391,5.5200,303.2200,3.5525,1.8848,289,32,11.07
A2013217,2013-08-05,MYD11A2,LST_Day_1km,,,,,,,,289,0,0.00
A2013225,2013-08-13,MYD11A2,LST_Day_1km,299.7600,307.1200,29229.3340,7.3600,304.4722,3.7214,1.9291,289,96,33.22
A2013233,2013-08-21,MYD11A2,LST_Day_1km,289.4600,307.8400,85082.8047,18.3800,303.8672,5.4717,2.3392,289,280,96.89
A2013241,2013-08-29,MYD11A2,LST_Day_1km,303.0800,309.3600,88600.9375,6.2800,306.5776,1.4677,1.2115,289,289,100.00
A2013249,2013-09-06,MYD11A2,LST_Day_1km,303.6000,312.8800,88916.6875,9.2800,307.6702,2.4400,1.5620,289,289,100.00
A2013257,2013-09-14,MYD11A2,LST_Day_1km,306.9600,314.6800,90028.1641,7.7200,311.5161,1.9037,1.3797,289,289,100.00
A2013265,2013-09-22,MYD11A2,LST_Day_1km,301.5600,308.7800,16761.5176,7.2200,304.7549,3.7722,1.9422,289,55,19.03
A2013273,2013-09-30,MYD11A2,LST_Day_1km,298.7800,309.0000,84117.4922,10.2200,303.6732,2.4929,1.5789,289,277,95.85
A2013281,2013-10-08,MYD11A2,LST_Day_1km,302.0600,308.9800,88359.0938,6.9200,305.7408,1.9025,1.3793,289,289,100.00
A2013289,2013-10-16,MYD11A2,LST_Day_1km,303.8000,313.8000,89346.9219,10.0000,309.1589,3.1239,1.7674,289,289,100.00
A2013297,2013-10-24,MYD11A2,LST_Day_1km,303.3000,312.2000,88905.6406,8.9000,307.6320,2.9462,1.7165,289,289,100.00
A2013305,2013-11-01,MYD11A2,LST_Day_1km,301.1000,309.7600,88286.0469,8.6600,305.4880,3.1047,1.7620,289,289,100.00
A2013313,2013-11-09,MYD11A2,LST_Day_1km,299.3600,307.7800,87737.6719,8.4200,303.5905,2.7830,1.6682,289,289,100.00
A2013321,2013-11-17,MYD11A2,LST_Day_1km,300.0000,309.9200,88343.0000,9.9200,305.6851,2.9043,1.7042,289,289,100.00
A2013329,2013-11-25,MYD11A2,LST_Day_1km,299.8400,308.0800,88026.0234,8.2400,304.5883,2.3510,1.5333,289,289,100.00
A2013337,2013-12-03,MYD11A2,LST_Day_1km,298.7400,306.7200,87750.7266,7.9800,303.6357,2.3619,1.5368,289,289,100.00
A2013345,2013-12-11,MYD11A2,LST_Day_1km,297.9000,305.2200,87452.1484,7.3200,302.6026,1.8544,1.3618,289,289,100.00
A2013353,2013-12-19,MYD11A2,LST_Day_1km,292.8000,300.5600,85855.8828,7.7600,297.0792,2.3998,1.5491,289,289,100.00
A2013361,2013-12-27,MYD11A2,LST_Day_1km,294.1000,301.7200,86081.2500,7.6200,297.8590,2.6284,1.6212,289,289,100.00
A2014001,2014-01-01,MYD11A2,LST_Day_1km,294.1600,302.6000,86334.6094,8.4400,298.7357,2.2955,1.5151,289,289,100.00
A2014009,2014-01-09,MYD11A2,LST_Day_1km,291.7600,299.9600,85850.9141,8.2000,297.0620,1.9451,1.3947,289,289,100.00
A2014017,2014-01-17,MYD11A2,LST_Day_1km,292.3000,301.3400,85679.2891,9.0400,296.4681,2.6424,1.6255,289,289,100.00
A2014025,2014-01-25,MYD11A2,LST_Day_1km,296.9600,305.9600,87309.0000,9.0000,302.1073,1.9369,1.3917,289,289,100.00
A2014033,2014-02-02,MYD11A2,LST_Day_1km,296.8400,305.5800,87351.7734,8.7400,302.2553,2.3209,1.5234,289,289,100.00
A2014041,2014-02-10,MYD11A2,LST_Day_1km,297.0800,306.9000,87430.0938,9.8200,302.5263,2.7344,1.6536,289,289,100.00
A2014049,2014-02-18,MYD11A2,LST_Day_1km,299.9400,309.5000,88266.9688,9.5600,305.4220,2.5719,1.6037,289,289,100.00
A2014057,2014-02-26,MYD11A2,LST_Day_1km,297.7200,307.9000,87608.7578,10.1800,303.1445,3.4937,1.8691,289,289,100.00
A2014065,2014-03-06,MYD11A2,LST_Day_1km,302.2000,312.4800,89281.6641,10.2800,308.9331,3.5356,1.8803,289,289,100.00
A2014073,2014-03-14,MYD11A2,LST_Day_1km,305.9000,316.9200,90648.5391,11.0200,313.6628,3.0897,1.7578,289,289,100.00
A2014081,2014-03-22,MYD11A2,LST_Day_1km,304.6800,316.0800,90321.7266,11.4000,312.5319,4.9026,2.2142,289,289,100.00
A2014089,2014-03-30,MYD11A2,LST_Day_1km,307.8000,319.3400,91064.1328,11.5400,315.1008,4.8497,2.2022,289,289,100.00
A2014097,2014-04-07,MYD11A2,LST_Day_1km,308.4600,321.8600,91692.5078,13.4000,317.2751,4.8564,2.2037,289,289,100.00
A2014105,2014-04-15,MYD11A2,LST_Day_1km,305.3000,317.7200,89971.1953,12.4200,311.3190,4.2878,2.0707,289,289,100.00
A2014113,2014-04-23,MYD11A2,LST_Day_1km,311.9400,324.2600,92566.2031,12.3200,320.2983,4.7125,2.1708,289,289,100.00
A2014121,2014-05-01,MYD11A2,LST_Day_1km,308.0000,324.6400,92498.2891,16.6400,320.0633,5.7388,2.3956,289,289,100.00
A2014129,2014-05-09,MYD11A2,LST_Day_1km,306.1800,321.9200,90994.8438,15.7400,314.8611,8.4894,2.9137,289,289,100.00
A2014137,2014-05-17,MYD11A2,LST_Day_1km,309.7200,323.0400,91804.5312,13.3200,317.6628,3.9857,1.9964,289,289,100.00
A2014145,2014-05-25,MYD11A2,LST_Day_1km,310.4000,322.9200,92112.1406,12.5200,318.7271,4.5663,2.1369,289,289,100.00
A2014153,2014-06-02,MYD11A2,LST_Day_1km,311.0200,324.3600,92583.5938,13.3400,320.3585,4.1652,2.0409,289,289,100.00
A2014161,2014-06-10,MYD11A2,LST_Day_1km,309.7400,324.1800,92313.0547,14.4400,319.4223,5.5961,2.3656,289,289,100.00
A2014169,2014-06-18,MYD11A2,LST_Day_1km,307.1800,319.2600,91005.7578,12.0800,314.8988,4.7561,2.1809,289,289,100.00
A2014177,2014-06-26,MYD11A2,LST_Day_1km,305.6600,317.3800,90561.6016,11.7200,313.3619,3.1125,1.7642,289,289,100.00
A2014185,2014-07-04,MYD11A2,LST_Day_1km,306.8200,318.0200,90693.4609,11.2000,313.8182,3.1967,1.7879,289,289,100.00
A2014193,2014-07-12,MYD11A2,LST_Day_1km,304.9600,320.7200,78922.1719,15.7600,313.1832,6.8998,2.6267,289,252,87.20
A2014201,2014-07-20,MYD11A2,LST_Day_1km,301.5400,304.9600,27911.7383,3.4200,303.3885,0.7478,0.8648,289,92,31.83
A2014209,2014-07-28,MYD11A2,LST_Day_1km,308.6800,313.2000,11473.9414,4.5200,310.1065,1.1505,1.0726,289,37,12.80
A2014217,2014-08-05,MYD11A2,LST_Day_1km,,,,,,,,289,0,0.00
A2014225,2014-08-13,MYD11A2,LST_Day_1km,299.8800,309.6000,88298.7422,9.7200,305.5320,3.0004,1.7322,289,289,100.00
A2014233,2014-08-21,MYD11A2,LST_Day_1km,306.2800,312.8600,89517.6484,6.5800,309.7496,1.5022,1.2256,289,289,100.00
A2014241,2014-08-29,MYD11A2,LST_Day_1km,293.8000,304.7200,46518.7344,10.9200,300.1209,4.2694,2.0663,289,155,53.63
A2014249,2014-09-06,MYD11A2,LST_Day_1km,293.7000,309.0600,79643.2344,15.3600,302.8260,2.8570,1.6903,289,263,91.00
A2014257,2014-09-14,MYD11A2,LST_Day_1km,303.7600,308.6600,88452.8984,4.9000,306.0654,1.1656,1.0796,289,289,100.00
A2014265,2014-09-22,MYD11A2,LST_Day_1km,305.0200,311.6600,89296.0000,6.6400,308.9827,1.5806,1.2572,289,289,100.00
A2014273,2014-09-30,MYD11A2,LST_Day_1km,306.5000,312.4600,89760.2734,5.9600,310.5892,0.8758,0.9358,289,289,100.00
A2014281,2014-10-08,MYD11A2,LST_Day_1km,305.4800,313.2200,89734.2656,7.7400,310.4992,1.5850,1.2590,289,289,100.00
A2014289,2014-10-16,MYD11A2,LST_Day_1km,304.7800,312.2600,89336.9531,7.4800,309.1244,1.8396,1.3563,289,289,100.00
A2014297,2014-10-24,MYD11A2,LST_Day_1km,303.5000,312.3000,89233.6953,8.8000,308.7671,2.4215,1.5561,289,289,100.00
A2014305,2014-11-01,MYD11A2,LST_Day_1km,302.2800,311.6000,89059.9609,9.3200,308.1660,2.3507,1.5332,289,289,100.00
A2014313,2014-11-09,MYD11A2,LST_Day_1km,300.0400,309.3800,88270.5625,9.3400,305.4345,2.9503,1.7177,289,289,100.00
A2014321,2014-11-17,MYD11A2,LST_Day_1km,301.2200,309.5400,88486.3594,8.3200,306.1812,2.6275,1.6210,289,289,100.00
A2014329,2014-11-25,MYD11A2,LST_Day_1km,301.0000,309.1200,88472.5078,8.1200,306.1332,2.0647,1.4369,289,289,100.00
A2014337,2014-12-03,MYD11A2,LST_Day_1km,298.8000,306.3600,87666.0703,7.5600,303.3428,2.6721,1.6347,289,289,100.00
A2014345,2014-12-11,MYD11A2,LST_Day_1km,295.6400,302.6200,86551.3672,6.9800,299.4857,2.0694,1.4385,289,289,100.00
A2014353,2014-12-19,MYD11A2,LST_Day_1km,295.2200,303.2200,86679.5859,8.0000,299.9294,2.5604,1.6001,289,289,100.00
A2014361,2014-12-27,MYD11A2,LST_Day_1km,294.1800,301.3400,86291.6094,7.1600,298.5869,1.7670,1.3293,289,289,100.00
A2015001,2015-01-01,MYD11A2,LST_Day_1km,296.3400,303.4200,87025.0938,7.0800,301.1249,1.8335,1.3541,289,289,100.00
A2015009,2015-01-09,MYD11A2,LST_Day_1km,295.4800,304.4000,86925.5703,8.9200,300.7805,2.3519,1.5336,289,289,100.00
A2015017,2015-01-17,MYD11A2,LST_Day_1km,295.6000,303.5200,86616.9219,7.9200,299.7125,3.0224,1.7385,289,289,100.00
A2015025,2015-01-25,MYD11A2,LST_Day_1km,295.2200,302.0600,86471.0781,6.8400,299.2079,1.9981,1.4136,289,289,100.00
A2015033,2015-02-02,MYD11A2,LST_Day_1km,296.6400,305.3000,87510.1016,8.6600,302.8031,2.2984,1.5160,289,289,100.00
A2015041,2015-02-10,MYD11A2,LST_Day_1km,300.4200,310.1600,88714.5469,9.7400,306.9708,2.6725,1.6348,289,289,100.00
A2015049,2015-02-18,MYD11A2,LST_Day_1km,301.7200,309.8000,88966.1719,8.0800,307.8414,1.9872,1.4097,289,289,100.00
A2015057,2015-02-26,MYD11A2,LST_Day_1km,297.8600,307.0200,87862.2422,9.1600,304.0216,2.1868,1.4788,289,289,100.00
A2015065,2015-03-06,MYD11A2,LST_Day_1km,300.1200,308.5200,88214.8516,8.4000,305.2417,2.8630,1.6920,289,289,100.00
A2015073,2015-03-14,MYD11A2,LST_Day_1km,299.3600,310.1000,88680.3359,10.7400,306.8524,2.2731,1.5077,289,289,100.00
A2015081,2015-03-22,MYD11A2,LST_Day_1km,306.3000,317.7000,90670.1484,11.4000,313.7375,3.7652,1.9404,289,289,100.00
A2015089,2015-03-30,MYD11A2,LST_Day_1km,303.4600,315.5800,90193.5547,12.1200,312.0884,4.6921,2.1661,289,289,100.00
A2015097,2015-04-07,MYD11A2,LST_Day_1km,306.3000,320.5600,90441.8984,14.2600,312.9478,5.6609,2.3793,289,289,100.00
A2015105,2015-04-15,MYD11A2,LST_Day_1km,305.8200,317.9200,90804.5469,12.1000,314.2026,2.7570,1.6604,289,289,100.00
A2015113,2015-04-23,MYD11A2,LST_Day_1km,308.5000,323.1600,92082.7109,14.6600,318.6253,6.1910,2.4882,289,289,100.00
A2015121,2015-05-01,MYD11A2,LST_Day_1km,312.7400,324.2800,92752.1094,11.5400,320.9416,3.9017,1.9753,289,289,100.00
A2015129,2015-05-09,MYD11A2,LST_Day_1km,305.9600,322.0600,91846.2578,16.1000,317.8071,5.2395,2.2890,289,289,100.00
A2015137,2015-05-17,MYD11A2,LST_Day_1km,311.0000,322.9200,92397.9766,11.9200,319.7162,3.6333,1.9061,289,289,100.00
A2015145,2015-05-25,MYD11A2,LST_Day_1km,309.8000,322.8400,92174.2422,13.0400,318.9420,4.3078,2.0755,289,289,100.00
A2015153,2015-06-02,MYD11A2,LST_Day_1km,309.8400,321.4600,91795.5469,11.6200,317.6317,3.9394,1.9848,289,289,100.00
A2015161,2015-06-10,MYD11A2,LST_Day_1km,308.0200,319.2000,91116.6484,11.1800,315.2825,3.5129,1.8743,289,289,100.00
A2015169,2015-06-18,MYD11A2,LST_Day_1km,306.3800,322.6400,91474.6953,16.2600,316.5214,7.3578,2.7125,289,289,100.00
A2015177,2015-06-26,MYD11A2,LST_Day_1km,305.6400,316.4400,90146.8047,10.8000,311.9267,3.7104,1.9262,289,289,100.00
A2015185,2015-07-04,MYD11A2,LST_Day_1km,304.5600,315.5200,90044.6562,10.9600,311.5732,4.1617,2.0400,289,289,100.00
A2015193,2015-07-12,MYD11A2,LST_Day_1km,304.9000,313.9400,66007.2422,9.0400,309.8932,2.3718,1.5401,289,213,73.70
A2015201,2015-07-20,MYD11A2,LST_Day_1km,297.0600,301.0000,18286.4004,3.9400,299.7771,1.0702,1.0345,289,61,21.11
A2015209,2015-07-28,MYD11A2,LST_Day_1km,,,,,,,,289,0,0.00
A2015217,2015-08-05,MYD11A2,LST_Day_1km,302.4000,307.3000,11608.1221,4.9000,305.4769,1.4313,1.1964,289,38,13.15
A2015225,2015-08-13,MYD11A2,LST_Day_1km,296.6600,304.9800,11460.9580,8.3200,301.6042,5.6852,2.3844,289,38,13.15
A2015233,2015-08-21,MYD11A2,LST_Day_1km,301.8800,309.3800,88305.3906,7.5000,305.5550,2.7989,1.6730,289,289,100.00
A2015241,2015-08-29,MYD11A2,LST_Day_1km,305.1400,314.6000,89269.6484,9.4600,308.8915,1.7888,1.3375,289,289,100.00
A2015249,2015-09-06,MYD11A2,LST_Day_1km,305.2000,316.5800,90217.7344,11.3800,312.1721,3.2304,1.7973,289,289,100.00
A2015257,2015-09-14,MYD11A2,LST_Day_1km,308.4200,315.8600,90402.2109,7.4400,312.8104,1.6343,1.2784,289,289,100.00
A2015265,2015-09-22,MYD11A2,LST_Day_1km,305.6600,314.3000,89714.2109,8.6400,310.4298,2.1868,1.4788,289,289,100.00
A2015273,2015-09-30,MYD11A2,LST_Day_1km,309.3600,318.2400,90997.8359,8.8800,314.8714,2.5808,1.6065,289,289,100.00
A2015281,2015-10-08,MYD11A2,LST_Day_1km,306.5400,317.3400,90669.8281,10.8000,313.7364,3.5745,1.8906,289,289,100.00
A2015289,2015-10-16,MYD11A2,LST_Day_1km,306.6200,316.0600,90205.7500,9.4400,312.1306,3.3562,1.8320,289,289,100.00
A2015297,2015-10-24,MYD11A2,LST_Day_1km,303.8800,312.9800,89358.3281,9.1000,309.1984,3.2232,1.7953,289,289,100.00
A2015305,2015-11-01,MYD11A2,LST_Day_1km,302.3600,311.2600,88625.3516,8.9000,306.6621,3.4284,1.8516,289,289,100.00
A2015313,2015-11-09,MYD11A2,LST_Day_1km,302.4600,311.2600,89037.7188,8.8000,308.0890,2.5972,1.6116,289,289,100.00
A2015321,2015-11-17,MYD11A2,LST_Day_1km,300.0800,309.9400,88573.2188,9.8600,306.4817,3.2145,1.7929,289,289,100.00
A2015329,2015-11-25,MYD11A2,LST_Day_1km,297.6400,306.5800,87660.3906,8.9400,303.3232,2.9536,1.7186,289,289,100.00
A2015337,2015-12-03,MYD11A2,LST_Day_1km,299.2400,307.4400,87935.2734,8.2000,304.2743,2.9570,1.7196,289,289,100.00
A2015345,2015-12-11,MYD11A2,LST_Day_1km,295.1600,303.3800,86641.7734,8.2200,299.7985,2.6153,1.6172,289,289,100.00
A2015353,2015-12-19,MYD11A2,LST_Day_1km,292.7200,301.8800,86068.8438,9.1600,297.8161,2.9238,1.7099,289,289,100.00
A2015361,2015-12-27,MYD11A2,LST_Day_1km,298.5000,307.7600,87876.4297,9.2600,304.0707,3.6778,1.9177,289,289,100.00
A2016001,2016-01-01,MYD11A2,LST_Day_1km,297.0800,306.3400,87629.3672,9.2600,303.2158,2.2070,1.4856,289,289,100.00
A2016009,2016-01-09,MYD11A2,LST_Day_1km,297.7400,306.2000,87490.0391,8.4600,302.7337,2.4237,1.5568,289,289,100.00
A2016017,2016-01-17,MYD11A2,LST_Day_1km,296.4200,306.8800,87448.8438,10.4600,302.5912,3.2129,1.7925,289,289,100.00
A2016025,2016-01-25,MYD11A2,LST_Day_1km,299.1400,308.0800,87767.5156,8.9400,303.6938,3.7410,1.9342,289,289,100.00
A2016033,2016-02-02,MYD11A2,LST_Day_1km,299.2400,309.3200,88210.3672,10.0800,305.2262,3.3588,1.8327,289,289,100.00
A2016041,2016-02-10,MYD11A2,LST_Day_1km,298.0600,307.6800,87848.0234,9.6200,303.9724,2.6400,1.6248,289,289,100.00
A2016049,2016-02-18,MYD11A2,LST_Day_1km,302.2800,313.0400,89379.5859,10.7600,309.2719,2.9544,1.7188,289,289,100.00
A2016057,2016-02-26,MYD11A2,LST_Day_1km,303.9600,315.6800,90020.7109,11.7200,311.4904,3.8149,1.9532,289,289,100.00
A2016065,2016-03-05,MYD11A2,LST_Day_1km,304.9400,315.5000,89815.6953,10.5600,310.7809,4.4736,2.1151,289,289,100.00
A2016073,2016-03-13,MYD11A2,LST_Day_1km,303.5200,316.8600,89882.9922,13.3400,311.0138,5.4317,2.3306,289,289,100.00
A2016081,2016-03-21,MYD11A2,LST_Day_1km,308.5400,321.7200,91649.8516,13.1800,317.1275,4.8798,2.2090,289,289,100.00
A2016089,2016-03-29,MYD11A2,LST_Day_1km,307.9800,323.3400,91941.8828,15.3600,318.1380,6.6664,2.5819,289,289,100.00
A2016097,2016-04-06,MYD11A2,LST_Day_1km,307.9200,322.3000,91874.2422,14.3800,317.9040,5.5097,2.3473,289,289,100.00
A2016105,2016-04-14,MYD11A2,LST_Day_1km,309.1000,324.3600,92219.8906,15.2600,319.1000,5.5561,2.3571,289,289,100.00
A2016113,2016-04-22,MYD11A2,LST_Day_1km,308.5800,326.0000,92698.6094,17.4200,320.7564,6.6897,2.5865,289,289,100.00
A2016121,2016-04-30,MYD11A2,LST_Day_1km,307.4200,326.8600,92573.8516,19.4400,320.3247,9.5157,3.0848,289,289,100.00
A2016129,2016-05-08,MYD11A2,LST_Day_1km,310.9400,323.5200,92395.1562,12.5800,319.7064,3.9873,1.9968,289,289,100.00
A2016137,2016-05-16,MYD11A2,LST_Day_1km,311.3600,324.6200,92594.7891,13.2600,320.3972,4.7755,2.1853,289,289,100.00
A2016145,2016-05-24,MYD11A2,LST_Day_1km,308.5200,319.8400,91561.3125,11.3200,316.8211,3.3035,1.8176,289,289,100.00
A2016153,2016-06-01,MYD11A2,LST_Day_1km,313.9000,327.0000,93304.3828,13.1000,322.8525,5.6888,2.3851,289,289,100.00
A2016161,2016-06-09,MYD11A2,LST_Day_1km,308.1400,322.2800,91853.2500,14.1400,317.8313,5.2226,2.2853,289,289,100.00
A2016169,2016-06-17,MYD11A2,LST_Day_1km,306.2800,320.7800,90899.7734,14.5000,314.5321,4.8590,2.2043,289,289,100.00
A2016177,2016-06-25,MYD11A2,LST_Day_1km,304.7600,318.4600,90567.8828,13.7000,313.3837,6.7653,2.6010,289,289,100.00
A2016185,2016-07-03,MYD11A2,LST_Day_1km,300.8000,315.1200,89559.0703,14.3200,309.8930,5.2470,2.2906,289,289,100.00
A2016193,2016-07-11,MYD11A2,LST_Day_1km,300.5200,304.1200,8168.5615,3.6000,302.5393,0.8135,0.9019,289,27,9.34
A2016201,2016-07-19,MYD11A2,LST_Day_1km,304.4800,317.3200,89915.9609,12.8400,311.1279,6.3598,2.5219,289,289,100.00
A2016209,2016-07-27,MYD11A2,LST_Day_1km,,,,,,,,289,0,0.00
A2016217,2016-08-04,MYD11A2,LST_Day_1km,297.6600,306.7600,37059.9375,9.1000,303.7700,3.4011,1.8442,289,122,42.21
A2016225,2016-08-12,MYD11A2,LST_Day_1km,297.8000,308.2800,87376.3750,10.4800,303.3902,4.6735,2.1618,289,288,99.65
A2016233,2016-08-20,MYD11A2,LST_Day_1km,298.1600,305.8600,65790.1875,7.7000,301.7899,2.1604,1.4698,289,218,75.43
A2016241,2016-08-28,MYD11A2,LST_Day_1km,295.7000,306.3600,87150.5859,10.6600,302.6062,1.8719,1.3682,289,288,99.65
A2016249,2016-09-05,MYD11A2,LST_Day_1km,299.9400,309.0800,88005.0859,9.1400,304.5159,3.8532,1.9630,289,289,100.00
A2016257,2016-09-13,MYD11A2,LST_Day_1km,305.7200,312.3800,89457.4531,6.6600,309.5414,1.6414,1.2812,289,289,100.00
A2016265,2016-09-21,MYD11A2,LST_Day_1km,306.9000,314.1600,89802.0391,7.2600,310.7337,2.2733,1.5078,289,289,100.00
A2016273,2016-09-29,MYD11A2,LST_Day_1km,305.2600,319.1200,89602.2812,13.8600,310.0425,10.4094,3.2264,289,289,100.00
A2016281,2016-10-07,MYD11A2,LST_Day_1km,303.2600,310.6600,88983.3047,7.4000,307.9007,2.7130,1.6471,289,289,100.00
A2016289,2016-10-15,MYD11A2,LST_Day_1km,305.8800,315.6200,89704.9531,9.7400,310.3978,3.9774,1.9943,289,289,100.00
A2016297,2016-10-23,MYD11A2,LST_Day_1km,304.2400,314.2400,89241.1094,10.0000,308.7928,4.1031,2.0256,289,289,100.00
A2016305,2016-10-31,MYD11A2,LST_Day_1km,301.9200,311.6600,88700.4219,9.7400,306.9219,2.9873,1.7284,289,289,100.00
A2016313,2016-11-08,MYD11A2,LST_Day_1km,302.0000,311.7600,88644.2422,9.7600,306.7275,3.1385,1.7716,289,289,100.00
A2016321,2016-11-16,MYD11A2,LST_Day_1km,301.9000,311.8400,88669.3906,9.9400,306.8145,3.3128,1.8201,289,289,100.00
A2016329,2016-11-24,MYD11A2,LST_Day_1km,301.4800,310.8200,88573.6406,9.3400,306.4832,2.9004,1.7031,289,289,100.00
A2016337,2016-12-02,MYD11A2,LST_Day_1km,300.1400,309.9200,88182.6562,9.7800,305.1303,2.8110,1.6766,289,289,100.00
A2016345,2016-12-10,MYD11A2,LST_Day_1km,297.8800,307.9000,87591.5859,10.0200,303.0851,3.1311,1.7695,289,289,100.00
A2016353,2016-12-18,MYD11A2,LST_Day_1km,299.4800,308.3000,87856.8672,8.8200,304.0030,2.7143,1.6475,289,289,100.00
A2016361,2016-12-26,MYD11A2,LST_Day_1km,298.8600,306.8600,87707.1328,8.0000,303.4849,2.3374,1.5288,289,289,100.00
A2017001,2017-01-01,MYD11A2,LST_Day_1km,295.8000,304.0600,86843.0938,8.2600,300.4951,2.9326,1.7125,289,289,100.00
A2017009,2017-01-09,MYD11A2,LST_Day_1km,294.0000,301.5600,86005.1406,7.5600,297.5956,2.9937,1.7302,289,289,100.00
A2017017,2017-01-17,MYD11A2,LST_Day_1km,295.1000,304.9200,86768.3359,9.8200,300.2365,4.0938,2.0233,289,289,100.00
A2017025,2017-01-25,MYD11A2,LST_Day_1km,296.5600,304.9800,86754.8984,8.4200,300.1900,1.8136,1.3467,289,289,100.00
A2017033,2017-02-02,MYD11A2,LST_Day_1km,297.6800,306.5400,87516.2109,8.8600,302.8242,2.9205,1.7090,289,289,100.00
A2017041,2017-02-10,MYD11A2,LST_Day_1km,298.7400,309.7200,88066.4375,10.9800,304.7281,4.8527,2.2029,289,289,100.00
A2017049,2017-02-18,MYD11A2,LST_Day_1km,302.8000,313.8200,89429.8359,11.0200,309.4458,3.8381,1.9591,289,289,100.00
A2017057,2017-02-26,MYD11A2,LST_Day_1km,301.6800,314.7600,89705.2578,13.0800,310.3988,5.3001,2.3022,289,289,100.00
A2017065,2017-03-06,MYD11A2,LST_Day_1km,303.4000,315.4600,89496.9609,12.0600,309.6781,3.8647,1.9659,289,289,100.00
A2017073,2017-03-14,MYD11A2,LST_Day_1km,303.0000,317.1800,89725.1797,14.1800,310.4677,4.2298,2.0566,289,289,100.00
A2017081,2017-03-22,MYD11A2,LST_Day_1km,309.5800,322.1400,91826.9844,12.5600,317.7404,3.7265,1.9304,289,289,100.00
A2017089,2017-03-30,MYD11A2,LST_Day_1km,308.9800,323.6200,92312.6094,14.6400,319.4208,4.8218,2.1959,289,289,100.00
A2017097,2017-04-07,MYD11A2,LST_Day_1km,309.4800,323.5400,92266.8438,14.0600,319.2624,4.4615,2.1122,289,289,100.00
A2017105,2017-04-15,MYD11A2,LST_Day_1km,311.4000,325.3000,92848.7578,13.9000,321.2760,4.4219,2.1028,289,289,100.00
A2017113,2017-04-23,MYD11A2,LST_Day_1km,307.2600,321.1000,91533.7188,13.8400,316.7257,4.5968,2.1440,289,289,100.00
A2017121,2017-05-01,MYD11A2,LST_Day_1km,310.1000,325.4000,92548.0156,15.3000,320.2354,5.2998,2.3021,289,289,100.00
A2017129,2017-05-09,MYD11A2,LST_Day_1km,311.3800,325.5200,92870.7500,14.1400,321.3521,5.5437,2.3545,289,289,100.00
A2017137,2017-05-17,MYD11A2,LST_Day_1km,309.2000,324.2600,91888.7578,15.0600,317.9542,7.3344,2.7082,289,289,100.00
A2017145,2017-05-25,MYD11A2,LST_Day_1km,308.1400,321.7800,91779.2109,13.6400,317.5751,5.2632,2.2942,289,289,100.00
A2017153,2017-06-02,MYD11A2,LST_Day_1km,307.4200,321.3000,91319.5391,13.8800,315.9846,6.3600,2.5219,289,289,100.00
A2017161,2017-06-10,MYD11A2,LST_Day_1km,306.9800,318.2200,90412.7266,11.2400,312.8468,4.5395,2.1306,289,289,100.00
A2017169,2017-06-18,MYD11A2,LST_Day_1km,303.9400,317.3400,90116.8438,13.4000,311.8230,4.0806,2.0200,289,289,100.00
A2017177,2017-06-26,MYD11A2,LST_Day_1km,301.7400,319.5000,83820.2578,17.7600,309.2998,13.6722,3.6976,289,271,93.77
A2017185,2017-07-04,MYD11A2,LST_Day_1km,300.4000,314.5800,88921.8125,14.1800,307.6879,9.2525,3.0418,289,289,100.00
A2017193,2017-07-12,MYD11A2,LST_Day_1km,299.0200,313.4000,32921.6602,14.3800,304.8302,7.0166,2.6489,289,108,37.37
A2017201,2017-07-20,MYD11A2,LST_Day_1km,290.7400,303.2000,4816.5996,12.4600,301.0375,8.1277,2.8509,289,16,5.54
A2017209,2017-07-28,MYD11A2,LST_Day_1km,301.5200,302.9400,5438.1606,1.4200,302.1200,0.2536,0.5036,289,18,6.23
A2017217,2017-08-05,MYD11A2,LST_Day_1km,,,,,,,,289,0,0.00
A2017225,2017-08-13,MYD11A2,LST_Day_1km,300.2600,309.6600,88206.4297,9.4000,305.2126,4.2277,2.0561,289,289,100.00
A2017233,2017-08-21,MYD11A2,LST_Day_1km,301.6600,311.8000,88471.3125,10.1400,306.1291,3.3925,1.8419,289,289,100.00
A2017241,2017-08-29,MYD11A2,LST_Day_1km,294.8000,307.3400,47422.0469,12.5400,302.0512,4.2663,2.0655,289,157,54.33
A2017249,2017-09-06,MYD11A2,LST_Day_1km,298.7600,314.2200,82165.7266,15.4600,307.7368,6.0950,2.4688,289,267,92.39
A2017257,2017-09-14,MYD11A2,LST_Day_1km,307.2400,314.5600,89945.1641,7.3200,311.2289,1.6371,1.2795,289,289,100.00
A2017265,2017-09-22,MYD11A2,LST_Day_1km,306.2400,315.1800,90089.2188,8.9400,311.7274,2.3529,1.5339,289,289,100.00
A2017273,2017-09-30,MYD11A2,LST_Day_1km,309.0000,318.1600,90921.4297,9.1600,314.6070,2.7762,1.6662,289,289,100.00
A2017281,2017-10-08,MYD11A2,LST_Day_1km,307.7400,317.3400,90742.9219,9.6000,313.9893,3.0475,1.7457,289,289,100.00
A2017289,2017-10-16,MYD11A2,LST_Day_1km,306.9200,316.4000,90478.9219,9.4800,313.0759,2.7841,1.6686,289,289,100.00
A2017297,2017-10-24,MYD11A2,LST_Day_1km,304.5400,314.0400,89723.7422,9.5000,310.4628,2.8349,1.6837,289,289,100.00
A2017305,2017-11-01,MYD11A2,LST_Day_1km,303.5400,312.0200,89189.9844,8.4800,308.6159,2.4464,1.5641,289,289,100.00
A2017313,2017-11-09,MYD11A2,LST_Day_1km,301.1400,308.9000,88393.1094,7.7600,305.8585,1.8741,1.3690,289,289,100.00
A2017321,2017-11-17,MYD11A2,LST_Day_1km,298.8400,308.0800,87815.3594,9.2400,303.8594,3.3591,1.8328,289,289,100.00
A2017329,2017-11-25,MYD11A2,LST_Day_1km,299.5600,308.4600,88082.9062,8.9000,304.7852,2.5256,1.5892,289,289,100.00
A2017337,2017-12-03,MYD11A2,LST_Day_1km,297.7400,307.0400,87739.0625,9.3000,303.5954,2.5713,1.6035,289,289,100.00
A2017345,2017-12-11,MYD11A2,LST_Day_1km,295.8800,303.2400,86614.5859,7.3600,299.7044,1.5076,1.2279,289,289,100.00
A2017353,2017-12-19,MYD11A2,LST_Day_1km,297.4800,307.0000,87535.1875,9.5200,302.8899,3.4866,1.8672,289,289,100.00
A2017361,2017-12-27,MYD11A2,LST_Day_1km,296.0000,305.1600,86937.9453,9.1600,300.8233,3.6639,1.9141,289,289,100.00
A2018001,2018-01-01,MYD11A2,LST_Day_1km,295.8400,304.6000,86944.3281,8.7600,300.8454,2.8486,1.6878,289,289,100.00
A2018009,2018-01-09,MYD11A2,LST_Day_1km,298.6200,307.1600,87732.7969,8.5400,303.5737,2.5974,1.6116,289,289,100.00
A2018017,2018-01-17,MYD11A2,LST_Day_1km,297.9600,308.6800,87847.7891,10.7200,303.9716,3.4132,1.8475,289,289,100.00
A2018025,2018-01-25,MYD11A2,LST_Day_1km,299.6600,309.4800,88273.9922,9.8200,305.4464,3.2591,1.8053,289,289,100.00
A2018033,2018-02-02,MYD11A2,LST_Day_1km,298.5400,310.6000,88350.4141,12.0600,305.7108,5.3824,2.3200,289,289,100.00
A2018041,2018-02-10,MYD11A2,LST_Day_1km,298.6400,309.3200,88170.4375,10.6800,305.0880,4.4714,2.1146,289,289,100.00
A2018049,2018-02-18,MYD11A2,LST_Day_1km,303.1800,314.5400,89599.5078,11.3600,310.0329,4.3266,2.0800,289,289,100.00
A2018057,2018-02-26,MYD11A2,LST_Day_1km,304.7400,317.6600,90133.6797,12.9200,311.8813,6.1615,2.4822,289,289,100.00
A2018065,2018-03-06,MYD11A2,LST_Day_1km,306.2600,319.9800,91033.5391,13.7200,314.9949,5.7938,2.4070,289,289,100.00
A2018073,2018-03-14,MYD11A2,LST_Day_1km,305.6800,319.2400,90618.4062,13.5600,313.5585,5.9068,2.4304,289,289,100.00
A2018081,2018-03-22,MYD11A2,LST_Day_1km,307.1400,321.4200,91649.6719,14.2800,317.1269,5.4072,2.3253,289,289,100.00
A2018089,2018-03-30,MYD11A2,LST_Day_1km,309.0200,323.3600,92176.7969,14.3400,318.9509,4.9262,2.2195,289,289,100.00
A2018097,2018-04-07,MYD11A2,LST_Day_1km,308.7800,322.3600,91746.5156,13.5800,317.4620,5.7222,2.3921,289,289,100.00
A2018105,2018-04-15,MYD11A2,LST_Day_1km,308.7400,321.4800,91715.2891,12.7400,317.3539,5.7852,2.4052,289,289,100.00
A2018113,2018-04-23,MYD11A2,LST_Day_1km,310.8000,325.2200,92881.5234,14.4200,321.3893,5.2339,2.2878,289,289,100.00
A2018121,2018-05-01,MYD11A2,LST_Day_1km,308.3800,324.0800,92543.6406,15.7000,320.2202,5.0111,2.2386,289,289,100.00
A2018129,2018-05-09,MYD11A2,LST_Day_1km,305.3200,324.9400,92327.9688,19.6200,319.4739,9.7157,3.1170,289,289,100.00
A2018137,2018-05-17,MYD11A2,LST_Day_1km,308.0000,320.9200,91646.0000,12.9200,317.1142,5.0172,2.2399,289,289,100.00
A2018145,2018-05-25,MYD11A2,LST_Day_1km,312.7400,328.4200,93665.3203,15.6800,324.1014,6.9053,2.6278,289,289,100.00
A2018153,2018-06-02,MYD11A2,LST_Day_1km,308.7400,324.1400,92251.2500,15.4000,319.2085,7.6869,2.7725,289,289,100.00
A2018161,2018-06-10,MYD11A2,LST_Day_1km,305.5400,318.3400,90873.2734,12.8000,314.4404,3.7463,1.9355,289,289,100.00
A2018169,2018-06-18,MYD11A2,LST_Day_1km,308.6400,323.1000,91686.5781,14.4600,317.2546,5.9782,2.4450,289,289,100.00
A2018177,2018-06-26,MYD11A2,LST_Day_1km,299.9400,316.3000,48992.3398,16.3600,310.0781,10.0998,3.1780,289,158,54.67
A2018185,2018-07-04,MYD11A2,LST_Day_1km,306.3800,318.6200,90558.5703,12.2400,313.3514,5.0350,2.2439,289,289,100.00
A2018193,2018-07-12,MYD11A2,LST_Day_1km,,,,,,,,289,0,0.00
A2018201,2018-07-20,MYD11A2,LST_Day_1km,,,,,,,,289,0,0.00
A2018209,2018-07-28,MYD11A2,LST_Day_1km,301.2200,314.9400,88366.1797,13.7200,305.7653,5.8104,2.4105,289,289,100.00
A2018217,2018-08-05,MYD11A2,LST_Day_1km,291.9000,308.8000,6926.0801,16.9000,301.1339,34.1970,5.8478,289,23,7.96
A2018225,2018-08-13,MYD11A2,LST_Day_1km,299.1000,307.9200,8516.8799,8.8200,304.1743,8.8679,2.9779,289,28,9.69
A2018233,2018-08-21,MYD11A2,LST_Day_1km,300.9800,304.3400,6367.6606,3.3600,303.2219,0.6400,0.8000,289,21,7.27
A2018241,2018-08-29,MYD11A2,LST_Day_1km,298.6200,308.4200,63741.5742,9.8000,303.5313,2.9925,1.7299,289,210,72.66
A2018249,2018-09-06,MYD11A2,LST_Day_1km,300.8600,308.9600,87384.1797,8.1000,304.4745,2.4926,1.5788,289,287,99.31
A2018257,2018-09-14,MYD11A2,LST_Day_1km,303.3000,309.2800,88657.7500,5.9800,306.7742,1.6843,1.2978,289,289,100.00
A2018265,2018-09-22,MYD11A2,LST_Day_1km,302.9000,309.0200,88457.3047,6.1200,306.0806,0.8854,0.9410,289,289,100.00
A2018273,2018-09-30,MYD11A2,LST_Day_1km,305.2400,311.8400,89451.6719,6.6000,309.5214,1.5410,1.2414,289,289,100.00
A2018281,2018-10-08,MYD11A2,LST_Day_1km,304.8200,311.6400,89241.8750,6.8200,308.7954,1.9224,1.3865,289,289,100.00
A2018289,2018-10-16,MYD11A2,LST_Day_1km,304.1200,313.3200,89539.1875,9.2000,309.8242,2.6603,1.6311,289,289,100.00
A2018297,2018-10-24,MYD11A2,LST_Day_1km,304.3200,312.4200,89276.9453,8.1000,308.9168,2.6310,1.6220,289,289,100.00
A2018305,2018-11-01,MYD11A2,LST_Day_1km,302.8200,312.6400,89060.0859,9.8200,308.1664,3.2275,1.7965,289,289,100.00
A2018313,2018-11-09,MYD11A2,LST_Day_1km,301.9400,311.1800,88880.2031,9.2400,307.5439,2.4286,1.5584,289,289,100.00
A2018321,2018-11-17,MYD11A2,LST_Day_1km,300.0400,310.4600,88614.9219,10.4200,306.6260,3.4049,1.8452,289,289,100.00
A2018329,2018-11-25,MYD11A2,LST_Day_1km,300.1400,308.0800,87933.6172,7.9400,304.2686,2.5123,1.5850,289,289,100.00
A2018337,2018-12-03,MYD11A2,LST_Day_1km,297.6200,306.7200,87487.0078,9.1000,302.7232,2.9078,1.7052,289,289,100.00
A2018345,2018-12-11,MYD11A2,LST_Day_1km,295.7400,303.6200,86637.4219,7.8800,299.7835,2.8958,1.7017,289,289,100.00
A2018353,2018-12-19,MYD11A2,LST_Day_1km,295.5400,305.5800,87109.7266,10.0400,301.4177,3.3351,1.8262,289,289,100.00
A2018361,2018-12-27,MYD11A2,LST_Day_1km,296.0400,305.8800,87104.4844,9.8400,301.3996,3.5326,1.8795,289,289,100.00
A2019001,2019-01-01,MYD11A2,LST_Day_1km,296.1600,305.5200,87048.9766,9.3600,301.2075,3.4711,1.8631,289,289,100.00
A2019009,2019-01-09,MYD11A2,LST_Day_1km,294.5600,305.6600,86761.1641,11.1000,300.2116,4.6089,2.1468,289,289,100.00
A2019017,2019-01-17,MYD11A2,LST_Day_1km,297.0400,308.2200,87842.5938,11.1800,303.9536,3.9481,1.9870,289,289,100.00
A2019025,2019-01-25,MYD11A2,LST_Day_1km,293.3800,303.3200,86159.0391,9.9400,298.1282,3.8399,1.9596,289,289,100.00
A2019033,2019-02-02,MYD11A2,LST_Day_1km,295.9800,305.6800,87131.9375,9.7000,301.4946,3.3908,1.8414,289,289,100.00
A2019041,2019-02-10,MYD11A2,LST_Day_1km,296.5400,309.3200,88309.9609,12.7800,305.5708,4.2829,2.0695,289,289,100.00
A2019049,2019-02-18,MYD11A2,LST_Day_1km,300.8600,313.4000,89047.5547,12.5400,308.1230,5.3406,2.3110,289,289,100.00
A2019057,2019-02-26,MYD11A2,LST_Day_1km,299.5800,312.8000,88997.4688,13.2200,307.9497,5.7627,2.4006,289,289,100.00
A2019065,2019-03-06,MYD11A2,LST_Day_1km,302.0600,314.6200,89416.3750,12.5600,309.3992,5.9394,2.4371,289,289,100.00
A2019073,2019-03-14,MYD11A2,LST_Day_1km,304.6200,317.6600,90120.0391,13.0400,311.8340,6.2100,2.4920,289,289,100.00
A2019081,2019-03-22,MYD11A2,LST_Day_1km,306.8000,321.3400,91040.8594,14.5400,315.0203,4.9619,2.2275,289,289,100.00
A2019089,2019-03-30,MYD11A2,LST_Day_1km,308.7400,327.3800,92764.6172,18.6400,320.9848,8.1030,2.8466,289,289,100.00
A2019097,2019-04-07,MYD11A2,LST_Day_1km,309.5000,322.8600,91946.2734,13.3600,318.1532,4.7785,2.1860,289,289,100.00
A2019105,2019-04-15,MYD11A2,LST_Day_1km,309.9400,324.0400,92041.1094,14.1000,318.4814,5.3957,2.3229,289,289,100.00
A2019113,2019-04-23,MYD11A2,LST_Day_1km,312.8000,325.5600,92940.7891,12.7600,321.5944,4.0517,2.0129,289,289,100.00
A2019121,2019-05-01,MYD11A2,LST_Day_1km,309.7200,323.9600,92498.1406,14.2400,320.0628,5.3233,2.3072,289,289,100.00
A2019129,2019-05-09,MYD11A2,LST_Day_1km,309.2800,321.6800,91497.7266,12.4000,316.6011,4.5181,2.1256,289,289,100.00
A2019137,2019-05-17,MYD11A2,LST_Day_1km,308.8000,323.2200,91714.2344,14.4200,317.3503,6.4575,2.5412,289,289,100.00
A2019145,2019-05-25,MYD11A2,LST_Day_1km,312.1200,325.7600,92360.1172,13.6400,319.5852,6.9093,2.6286,289,289,100.00
A2019153,2019-06-02,MYD11A2,LST_Day_1km,312.9400,327.7800,93622.5938,14.8400,323.9536,5.0068,2.2376,289,289,100.00
A2019161,2019-06-10,MYD11A2,LST_Day_1km,310.2400,323.1600,91635.5234,12.9200,317.0779,6.5317,2.5557,289,289,100.00
A2019169,2019-06-18,MYD11A2,LST_Day_1km,307.0200,327.3000,91357.4531,20.2800,316.1158,6.7534,2.5987,289,289,100.00
A2019177,2019-06-26,MYD11A2,LST_Day_1km,305.0400,318.8600,90633.1250,13.8200,313.6094,5.1377,2.2666,289,289,100.00
A2019185,2019-07-04,MYD11A2,LST_Day_1km,302.0600,308.2400,87206.0156,6.1800,304.9161,1.0487,1.0241,289,286,98.96
A2019193,2019-07-12,MYD11A2,LST_Day_1km,305.9000,320.0000,90976.0391,14.1000,314.7960,6.2445,2.4989,289,289,100.00
A2019201,2019-07-20,MYD11A2,LST_Day_1km,307.9800,321.4400,88643.2422,13.4600,314.3377,8.4448,2.9060,289,282,97.58
A2019209,2019-07-28,MYD11A2,LST_Day_1km,299.5000,305.0200,5454.8403,5.5200,303.0467,3.3384,1.8271,289,18,6.23
A2019217,2019-08-05,MYD11A2,LST_Day_1km,301.1800,312.2200,27083.6367,11.0400,307.7686,7.0607,2.6572,289,88,30.45
A2019225,2019-08-13,MYD11A2,LST_Day_1km,298.2600,305.6400,75191.5938,7.3800,301.9743,2.2585,1.5028,289,249,86.16
A2019233,2019-08-21,MYD11A2,LST_Day_1km,299.7400,309.6400,88021.4688,9.9000,304.5726,3.7149,1.9274,289,289,100.00
A2019241,2019-08-29,MYD11A2,LST_Day_1km,295.2400,306.7200,15809.6777,11.4800,304.0323,7.0643,2.6579,289,52,17.99
A2019249,2019-09-06,MYD11A2,LST_Day_1km,299.9400,308.3400,87871.9062,8.4000,304.0551,2.0376,1.4274,289,289,100.00
A2019257,2019-09-14,MYD11A2,LST_Day_1km,299.8600,308.8800,88120.9609,9.0200,304.9168,3.2462,1.8017,289,289,100.00
A2019265,2019-09-22,MYD11A2,LST_Day_1km,298.3200,310.5800,85382.3750,12.2600,304.9370,4.8626,2.2051,289,280,96.89
A2019273,2019-09-30,MYD11A2,LST_Day_1km,301.8800,309.3000,88262.4531,7.4200,305.4064,2.9624,1.7212,289,289,100.00
A2019281,2019-10-08,MYD11A2,LST_Day_1km,304.4000,310.6800,88951.0000,6.2800,307.7889,1.9286,1.3887,289,289,100.00
A2019289,2019-10-16,MYD11A2,LST_Day_1km,304.0400,311.5200,88985.4453,7.4800,307.9081,2.9261,1.7106,289,289,100.00
A2019297,2019-10-24,MYD11A2,LST_Day_1km,303.6800,312.2600,89092.0938,8.5800,308.2771,2.9569,1.7196,289,289,100.00
A2019305,2019-11-01,MYD11A2,LST_Day_1km,301.9200,310.1600,88471.8516,8.2400,306.1310,3.7955,1.9482,289,289,100.00
A2019313,2019-11-09,MYD11A2,LST_Day_1km,297.0000,307.4600,87568.8984,10.4600,303.0066,5.0913,2.2564,289,289,100.00
A2019321,2019-11-17,MYD11A2,LST_Day_1km,299.4000,307.3200,87560.8203,7.9200,302.9786,3.2205,1.7946,289,289,100.00
A2019329,2019-11-25,MYD11A2,LST_Day_1km,297.7200,306.7200,87443.8906,9.0000,302.5740,3.9548,1.9887,289,289,100.00
A2019337,2019-12-03,MYD11A2,LST_Day_1km,296.5400,303.5600,86786.2344,7.0200,300.2984,2.2163,1.4887,289,289,100.00
A2019345,2019-12-11,MYD11A2,LST_Day_1km,293.1200,300.6800,85631.3203,7.5600,296.3022,1.8221,1.3498,289,289,100.00
A2019353,2019-12-19,MYD11A2,LST_Day_1km,294.7800,302.1600,86180.3047,7.3800,298.2018,1.5705,1.2532,289,289,100.00
A2019361,2019-12-27,MYD11A2,LST_Day_1km,293.1800,301.2400,85840.9688,8.0600,297.0276,2.1065,1.4514,289,289,100.00
A2020001,2020-01-01,MYD11A2,LST_Day_1km,293.1200,301.4200,86030.7734,8.3000,297.6843,2.8060,1.6751,289,289,100.00
A2020009,2020-01-09,MYD11A2,LST_Day_1km,293.3000,301.4000,86113.4922,8.1000,297.9706,2.2315,1.4938,289,289,100.00
A2020017,2020-01-17,MYD11A2,LST_Day_1km,295.2400,303.3000,86633.5547,8.0600,299.7701,2.3042,1.5180,289,289,100.00
A2020025,2020-01-25,MYD11A2,LST_Day_1km,296.5800,304.8600,87085.1797,8.2800,301.3328,1.9648,1.4017,289,289,100.00
A2020033,2020-02-02,MYD11A2,LST_Day_1km,296.8000,304.7000,87104.3516,7.9000,301.3991,2.1736,1.4743,289,289,100.00
A2020041,2020-02-10,MYD11A2,LST_Day_1km,299.5600,311.0600,88751.9297,11.5000,307.1001,3.1155,1.7651,289,289,100.00
A2020049,2020-02-18,MYD11A2,LST_Day_1km,301.2200,309.9000,88594.7734,8.6800,306.5563,2.5436,1.5949,289,289,100.00
A2020057,2020-02-26,MYD11A2,LST_Day_1km,300.5800,311.4600,88755.7891,10.8800,307.1135,3.5560,1.8857,289,289,100.00
A2020065,2020-03-05,MYD11A2,LST_Day_1km,300.0600,308.9400,88335.8125,8.8800,305.6602,2.0365,1.4271,289,289,100.00
A2020073,2020-03-13,MYD11A2,LST_Day_1km,301.1000,312.4800,89148.3125,11.3800,308.4717,3.0898,1.7578,289,289,100.00
A2020081,2020-03-21,MYD11A2,LST_Day_1km,302.9400,314.6200,89454.6875,11.6800,309.5318,4.7206,2.1727,289,289,100.00
A2020089,2020-03-29,MYD11A2,LST_Day_1km,308.3200,320.2600,91259.7109,11.9400,315.7776,3.7424,1.9345,289,289,100.00
A2020097,2020-04-06,MYD11A2,LST_Day_1km,307.1200,321.4800,90904.7812,14.3600,314.5494,6.5226,2.5539,289,289,100.00
A2020105,2020-04-14,MYD11A2,LST_Day_1km,308.6800,322.5600,91556.3203,13.8800,316.8039,7.8584,2.8033,289,289,100.00
A2020113,2020-04-22,MYD11A2,LST_Day_1km,307.9000,319.8800,90932.8438,11.9800,314.6465,4.7943,2.1896,289,289,100.00
A2020121,2020-04-30,MYD11A2,LST_Day_1km,309.3600,325.7200,92249.0938,16.3600,319.2010,7.1445,2.6729,289,289,100.00
A2020129,2020-05-08,MYD11A2,LST_Day_1km,309.0000,324.7800,92504.0078,15.7800,320.0831,6.3207,2.5141,289,289,100.00
A2020137,2020-05-16,MYD11A2,LST_Day_1km,310.9200,324.9000,92479.2031,13.9800,319.9973,5.8551,2.4197,289,289,100.00
A2020145,2020-05-24,MYD11A2,LST_Day_1km,310.1400,326.3600,93033.9688,16.2200,321.9168,6.0351,2.4566,289,289,100.00
A2020153,2020-06-01,MYD11A2,LST_Day_1km,306.6000,317.4800,90219.8438,10.8800,312.1794,4.7454,2.1784,289,289,100.00
A2020161,2020-06-09,MYD11A2,LST_Day_1km,307.0600,320.3000,90741.1797,13.2400,313.9833,6.5651,2.5623,289,289,100.00
A2020169,2020-06-17,MYD11A2,LST_Day_1km,308.9000,322.2200,91565.6328,13.3200,316.8361,5.1577,2.2711,289,289,100.00
A2020177,2020-06-25,MYD11A2,LST_Day_1km,303.5800,321.4600,90724.7812,17.8800,313.9266,10.5067,3.2414,289,289,100.00
A2020185,2020-07-03,MYD11A2,LST_Day_1km,306.4000,316.9600,82805.5547,10.5600,312.4738,4.2168,2.0535,289,265,91.70
A2020193,2020-07-11,MYD11A2,LST_Day_1km,303.7800,319.8400,90040.9922,16.0600,311.5605,5.2300,2.2869,289,289,100.00
A2020201,2020-07-19,MYD11A2,LST_Day_1km,300.8800,312.2800,6710.6797,11.4000,305.0309,11.7373,3.4260,289,22,7.61
A2020209,2020-07-27,MYD11A2,LST_Day_1km,302.2000,315.5600,88537.2578,13.3600,309.5708,7.3440,2.7100,289,286,98.96
A2020217,2020-08-04,MYD11A2,LST_Day_1km,295.5200,311.5200,54020.8203,16.0000,305.2024,10.5337,3.2456,289,177,61.25
A2020225,2020-08-12,MYD11A2,LST_Day_1km,,,,,,,,289,0,0.00
A2020233,2020-08-20,MYD11A2,LST_Day_1km,298.5400,307.8600,78785.7969,9.3200,304.1923,2.7283,1.6517,289,259,89.62
A2020241,2020-08-28,MYD11A2,LST_Day_1km,,,,,,,,289,0,0.00
A2020249,2020-09-05,MYD11A2,LST_Day_1km,300.6400,309.8800,86837.9844,9.2400,305.7675,3.2196,1.7943,289,284,98.27
A2020257,2020-09-13,MYD11A2,LST_Day_1km,302.9400,312.6600,89072.3984,9.7200,308.2090,3.4019,1.8444,289,289,100.00
A2020265,2020-09-21,MYD11A2,LST_Day_1km,303.4600,312.1800,89204.0000,8.7200,308.6644,2.5601,1.6000,289,289,100.00
A2020273,2020-09-29,MYD11A2,LST_Day_1km,306.3000,312.4200,89375.9609,6.1200,309.2594,1.4981,1.2239,289,289,100.00
A2020281,2020-10-07,MYD11A2,LST_Day_1km,307.1200,314.7000,89961.7031,7.5800,311.2862,2.3244,1.5246,289,289,100.00
A2020289,2020-10-15,MYD11A2,LST_Day_1km,302.9200,310.6400,88939.7812,7.7200,307.7501,2.3634,1.5373,289,289,100.00
A2020297,2020-10-23,MYD11A2,LST_Day_1km,303.9400,311.3000,89113.3672,7.3600,308.3507,2.3947,1.5475,289,289,100.00
A2020305,2020-10-31,MYD11A2,LST_Day_1km,302.5600,310.6600,88763.9844,8.1000,307.1418,2.3340,1.5277,289,289,100.00
A2020313,2020-11-08,MYD11A2,LST_Day_1km,300.3800,307.6000,88029.0078,7.2200,304.5986,1.8413,1.3569,289,289,100.00
A2020321,2020-11-16,MYD11A2,LST_Day_1km,298.6800,306.0000,87304.8125,7.3200,302.0928,2.4611,1.5688,289,289,100.00
A2020329,2020-11-24,MYD11A2,LST_Day_1km,298.4600,305.8600,87546.1953,7.4000,302.9280,1.8365,1.3552,289,289,100.00
A2020337,2020-12-02,MYD11A2,LST_Day_1km,300.7800,308.2800,88332.2734,7.5000,305.6480,1.8781,1.3704,289,289,100.00
A2020345,2020-12-10,MYD11A2,LST_Day_1km,295.8200,303.2400,86654.0156,7.4200,299.8409,2.2894,1.5131,289,289,100.00
A2020353,2020-12-18,MYD11A2,LST_Day_1km,295.4400,303.2400,86579.1094,7.8000,299.5817,3.0791,1.7547,289,289,100.00
A2020361,2020-12-26,MYD11A2,LST_Day_1km,293.7200,301.2400,86045.4453,7.5200,297.7351,1.9092,1.3817,289,289,100.00
A2021001,2021-01-01,MYD11A2,LST_Day_1km,294.2200,298.9400,85701.4844,4.7200,296.5449,1.0302,1.0150,289,289,100.00
A2021009,2021-01-09,MYD11A2,LST_Day_1km,295.8400,303.1200,86634.2969,7.2800,299.7726,1.6416,1.2813,289,289,100.00
A2021017,2021-01-17,MYD11A2,LST_Day_1km,297.4000,305.4400,87335.0391,8.0400,302.1974,1.7800,1.3342,289,289,100.00
A2021025,2021-01-25,MYD11A2,LST_Day_1km,297.0400,305.3000,87195.9453,8.2600,301.7161,2.1068,1.4515,289,289,100.00
A2021033,2021-02-02,MYD11A2,LST_Day_1km,299.0800,307.7600,87927.5703,8.6800,304.2477,2.5315,1.5911,289,289,100.00
A2021041,2021-02-10,MYD11A2,LST_Day_1km,300.0200,310.9000,88522.2891,10.8800,306.3055,3.6543,1.9116,289,289,100.00
A2021049,2021-02-18,MYD11A2,LST_Day_1km,303.8600,313.3800,89404.4609,9.5200,309.3580,2.6943,1.6414,289,289,100.00
A2021057,2021-02-26,MYD11A2,LST_Day_1km,305.2000,316.1800,90155.2344,10.9800,311.9558,3.3102,1.8194,289,289,100.00
A2021065,2021-03-06,MYD11A2,LST_Day_1km,306.1600,315.8800,90166.6328,9.7200,311.9953,3.2234,1.7954,289,289,100.00
A2021073,2021-03-14,MYD11A2,LST_Day_1km,304.5600,315.9600,90042.6406,11.4000,311.5662,4.1955,2.0483,289,289,100.00
A2021081,2021-03-22,MYD11A2,LST_Day_1km,306.4000,317.7000,90712.3984,11.3000,313.8837,4.4979,2.1208,289,289,100.00
A2021089,2021-03-30,MYD11A2,LST_Day_1km,307.7000,322.3400,91912.2891,14.6400,318.0356,4.3274,2.0802,289,289,100.00
A2021097,2021-04-07,MYD11A2,LST_Day_1km,307.8600,322.0400,91463.7109,14.1800,316.4834,6.6138,2.5717,289,289,100.00
A2021105,2021-04-15,MYD11A2,LST_Day_1km,307.3400,321.3400,91468.3906,14.0000,316.4996,5.2267,2.2862,289,289,100.00
A2021113,2021-04-23,MYD11A2,LST_Day_1km,311.6600,324.7600,92598.6953,13.1000,320.4107,4.6761,2.1624,289,289,100.00
A2021121,2021-05-01,MYD11A2,LST_Day_1km,308.2200,324.5600,91790.0703,16.3400,317.6127,8.5364,2.9217,289,289,100.00
A2021129,2021-05-09,MYD11A2,LST_Day_1km,309.0000,322.2400,91601.5469,13.2400,316.9604,6.4180,2.5334,289,289,100.00
A2021137,2021-05-17,MYD11A2,LST_Day_1km,304.4000,312.8800,89185.7734,8.4800,308.6013,1.0146,1.0073,289,289,100.00
A2021145,2021-05-25,MYD11A2,LST_Day_1km,307.7800,317.4400,90808.3672,9.6600,314.2158,2.7945,1.6717,289,289,100.00
A2021153,2021-06-02,MYD11A2,LST_Day_1km,307.7000,319.2400,90812.8047,11.5400,314.2312,6.5784,2.5648,289,289,100.00
A2021161,2021-06-10,MYD11A2,LST_Day_1km,306.4200,318.8800,90454.5938,12.4600,312.9917,6.0701,2.4638,289,289,100.00
A2021169,2021-06-18,MYD11A2,LST_Day_1km,304.0200,317.6800,90154.4141,13.6600,311.9530,6.2305,2.4961,289,289,100.00
A2021177,2021-06-26,MYD11A2,LST_Day_1km,305.4400,319.1800,90065.9297,13.7400,311.6468,8.4345,2.9042,289,289,100.00
A2021185,2021-07-04,MYD11A2,LST_Day_1km,307.1200,319.1600,90738.9219,12.0400,313.9755,3.7766,1.9433,289,289,100.00
A2021193,2021-07-12,MYD11A2,LST_Day_1km,303.5200,321.4600,77083.0156,17.9400,314.6245,12.7806,3.5750,289,245,84.78
A2021201,2021-07-20,MYD11A2,LST_Day_1km,314.2200,318.1600,6015.2998,3.9400,316.5947,1.8870,1.3737,289,19,6.57
A2021209,2021-07-28,MYD11A2,LST_Day_1km,,,,,,,,289,0,0.00
A2021217,2021-08-05,MYD11A2,LST_Day_1km,300.4200,311.9000,88393.8672,11.4800,305.8611,5.3966,2.3230,289,289,100.00
A2021225,2021-08-13,MYD11A2,LST_Day_1km,301.5200,310.6200,88544.2188,9.1000,306.3814,2.8510,1.6885,289,289,100.00
A2021233,2021-08-21,MYD11A2,LST_Day_1km,300.2600,312.2200,88879.1562,11.9600,307.5403,4.6037,2.1456,289,289,100.00
A2021241,2021-08-29,MYD11A2,LST_Day_1km,303.5400,315.0400,86535.6172,11.5000,310.1635,4.8401,2.2000,289,279,96.54
A2021249,2021-09-06,MYD11A2,LST_Day_1km,295.0600,305.5400,32665.1602,10.4800,302.4552,4.6729,2.1617,289,108,37.37
A2021257,2021-09-14,MYD11A2,LST_Day_1km,270.6000,304.4600,42529.4453,33.8600,299.5031,13.0392,3.6110,289,142,49.13
A2021265,2021-09-22,MYD11A2,LST_Day_1km,297.7000,306.5400,69696.5391,8.8400,303.0284,3.2764,1.8101,289,230,79.58
A2021273,2021-09-30,MYD11A2,LST_Day_1km,299.9200,309.2200,88006.8594,9.3000,304.5220,2.4122,1.5531,289,289,100.00
A2021281,2021-10-08,MYD11A2,LST_Day_1km,304.6800,310.5600,89113.7266,5.8800,308.3520,1.8168,1.3479,289,289,100.00
A2021289,2021-10-16,MYD11A2,LST_Day_1km,303.5800,309.8800,88719.2812,6.3000,306.9871,2.1732,1.4742,289,289,100.00
A2021297,2021-10-24,MYD11A2,LST_Day_1km,301.6000,309.7400,88350.2266,8.1400,305.7101,3.0923,1.7585,289,289,100.00
A2021305,2021-11-01,MYD11A2,LST_Day_1km,301.8000,310.3600,88314.3047,8.5600,305.5858,2.7476,1.6576,289,289,100.00
A2021313,2021-11-09,MYD11A2,LST_Day_1km,300.7800,309.7200,88090.2109,8.9400,304.8104,2.6748,1.6355,289,289,100.00
A2021321,2021-11-17,MYD11A2,LST_Day_1km,299.2400,306.7800,87614.6328,7.5400,303.1648,2.3592,1.5360,289,289,100.00
A2021329,2021-11-25,MYD11A2,LST_Day_1km,300.1200,309.2000,88022.3203,9.0800,304.5755,2.7530,1.6592,289,289,100.00
A2021337,2021-12-03,MYD11A2,LST_Day_1km,297.3200,305.5200,86941.3750,8.2000,300.8352,2.9792,1.7260,289,289,100.00
A2021345,2021-12-11,MYD11A2,LST_Day_1km,295.2800,302.7800,86372.7188,7.5000,298.8676,2.6345,1.6231,289,289,100.00
A2021353,2021-12-19,MYD11A2,LST_Day_1km,296.2000,305.8600,86999.0938,9.6600,301.0349,2.8569,1.6902,289,289,100.00
A2021361,2021-12-27,MYD11A2,LST_Day_1km,291.0800,301.8800,85939.2109,10.8000,297.3675,2.7179,1.6486,289,289,100.00
A2022001,2022-01-01,MYD11A2,LST_Day_1km,292.2000,303.0800,86290.1484,10.8800,298.5818,5.5537,2.3566,289,289,100.00
A2022009,2022-01-09,MYD11A2,LST_Day_1km,292.1600,296.4400,85079.3594,4.2800,294.3922,0.7533,0.8679,289,289,100.00
A2022017,2022-01-17,MYD11A2,LST_Day_1km,292.5400,298.7400,85534.4453,6.2000,295.9669,1.4148,1.1895,289,289,100.00
A2022025,2022-01-25,MYD11A2,LST_Day_1km,296.5000,303.4800,86813.0547,6.9800,300.3912,1.4530,1.2054,289,289,100.00
A2022033,2022-02-02,MYD11A2,LST_Day_1km,296.2400,304.4600,87135.0547,8.2200,301.5054,2.3213,1.5236,289,289,100.00
A2022041,2022-02-10,MYD11A2,LST_Day_1km,299.6400,307.6600,88057.4219,8.0200,304.6970,2.3030,1.5176,289,289,100.00
A2022049,2022-02-18,MYD11A2,LST_Day_1km,299.9600,309.8000,88471.7734,9.8400,306.1307,3.0292,1.7405,289,289,100.00
A2022057,2022-02-26,MYD11A2,LST_Day_1km,302.2200,311.7400,88940.9766,9.5200,307.7542,3.0931,1.7587,289,289,100.00
A2022065,2022-03-06,MYD11A2,LST_Day_1km,303.0600,314.7200,89744.0078,11.6600,310.5329,5.0327,2.2434,289,289,100.00
A2022073,2022-03-14,MYD11A2,LST_Day_1km,309.3200,320.3800,91422.5859,11.0600,316.3411,3.7732,1.9425,289,289,100.00
