date[YYYYDDD],date,product,band,min,max,sum,range,mean,variance,standard_deviation,tot_pixels,pixels_pass_qa,per_cent_pixels_pass_qa
A2002185,2002-07-04,MYD11A2,LST_Night_1km,293.1000,296.4600,85283.7734,3.3600,295.0995,0.4836,0.6954,289,289,100.00
A2002193,2002-07-12,MYD11A2,LST_Night_1km,296.8800,299.2200,86101.8281,2.3400,297.9302,0.2161,0.4649,289,289,100.00
A2002201,2002-07-20,MYD11A2,LST_Night_1km,290.7200,294.7000,84766.7891,3.9800,293.3107,0.8745,0.9352,289,289,100.00
A2002209,2002-07-28,MYD11A2,LST_Night_1km,291.8200,297.5000,85171.2422,5.6800,295.7335,0.9049,0.9512,289,288,99.65
A2002217,2002-08-05,MYD11A2,LST_Night_1km,,,,,,,,289,0,0.00
A2002225,2002-08-13,MYD11A2,LST_Night_1km,290.9000,296.5800,84104.3516,5.6800,293.0465,1.1635,1.0787,289,287,99.31
A2002233,2002-08-21,MYD11A2,LST_Night_1km,290.7400,295.9000,83889.5781,5.1600,293.3202,1.0988,1.0483,289,286,98.96
A2002241,2002-08-29,MYD11A2,LST_Night_1km,291.5400,297.1400,68543.1484,5.6000,295.4446,1.0389,1.0193,289,232,80.28
A2002249,2002-09-06,MYD11A2,LST_Night_1km,292.6600,295.1800,85000.1641,2.5200,294.1182,0.2214,0.4705,289,289,100.00
A2002257,2002-09-14,MYD11A2,LST_Night_1km,293.3800,296.8400,85382.0859,3.4600,295.4398,0.4293,0.6552,289,289,100.00
A2002265,2002-09-22,MYD11A2,LST_Night_1km,291.5000,297.1400,85359.4297,5.6400,295.3614,0.8310,0.9116,289,289,100.00
A2002273,2002-09-30,MYD11A2,LST_Night_1km,291.3000,298.1800,85315.6797,6.8800,295.2100,2.7934,1.6714,289,289,100.00
A2002281,2002-10-08,MYD11A2,LST_Night_1km,293.5000,297.0800,85429.2109,3.5800,295.6028,0.7180,0.8474,289,289,100.00
A2002289,2002-10-16,MYD11A2,LST_Night_1km,289.0800,295.7000,84617.7188,6.6200,292.7949,2.0559,1.4338,289,289,100.00
A2002297,2002-10-24,MYD11A2,LST_Night_1km,285.4000,293.3800,83745.4453,7.9800,289.7766,2.9997,1.7320,289,289,100.00
A2002305,2002-11-01,MYD11A2,LST_Night_1km,285.0800,293.8800,83648.7109,8.8000,290.4469,3.8367,1.9587,289,288,99.65
A2002313,2002-11-09,MYD11A2,LST_Night_1km,283.1800,290.0400,83228.2656,6.8600,287.9871,1.0540,1.0266,289,289,100.00
A2002321,2002-11-17,MYD11A2,LST_Night_1km,282.6200,290.8400,82976.9766,8.2200,287.1176,3.7749,1.9429,289,289,100.00
A2002329,2002-11-25,MYD11A2,LST_Night_1km,278.2800,288.1800,82212.7031,9.9000,284.4730,3.9872,1.9968,289,289,100.00
A2002337,2002-12-03,MYD11A2,LST_Night_1km,280.1600,288.4800,82063.4375,8.3200,284.9425,3.9263,1.9815,289,288,99.65
A2002345,2002-12-11,MYD11A2,LST_Night_1km,279.9400,289.6000,82608.9062,9.6600,285.8440,3.9521,1.9880,289,289,100.00
A2002353,2002-12-19,MYD11A2,LST_Night_1km,279.3800,290.4600,82155.9609,11.0800,286.2577,3.7566,1.9382,289,287,99.31
A2002361,2002-12-27,MYD11A2,LST_Night_1km,277.3800,283.5800,81194.0703,6.2000,280.9483,2.2122,1.4874,289,289,100.00
A2003001,2003-01-01,MYD11A2,LST_Night_1km,277.6400,282.7600,81023.6250,5.1200,280.3586,1.4722,1.2133,289,289,100.00
A2003009,2003-01-09,MYD11A2,LST_Night_1km,275.6200,283.3600,80896.0312,7.7400,279.9171,3.3562,1.8320,289,289,100.00
A2003017,2003-01-17,MYD11A2,LST_Night_1km,277.0800,284.1200,81212.1250,7.0400,281.0108,2.7124,1.6469,289,289,100.00
A2003025,2003-01-25,MYD11A2,LST_Night_1km,279.9400,286.0400,82002.8984,6.1000,283.7470,1.5181,1.2321,289,289,100.00
A2003033,2003-02-02,MYD11A2,LST_Night_1km,277.7000,284.8800,81556.7422,7.1800,282.2032,2.0223,1.4221,289,289,100.00
A2003041,2003-02-10,MYD11A2,LST_Night_1km,278.0200,286.6400,81246.6484,8.6200,283.0894,3.5243,1.8773,289,287,99.31
A2003049,2003-02-18,MYD11A2,LST_Night_1km,281.0400,286.2400,82038.3125,5.2000,283.8696,1.4189,1.1912,289,289,100.00
A2003057,2003-02-26,MYD11A2,LST_Night_1km,280.6400,291.2600,82842.6406,10.6200,286.6527,2.9751,1.7248,289,289,100.00
A2003065,2003-03-06,MYD11A2,LST_Night_1km,282.6000,288.7400,82686.5234,6.1400,286.1125,2.2711,1.5070,289,289,100.00
A2003073,2003-03-14,MYD11A2,LST_Night_1km,286.2600,292.8800,83695.9922,6.6200,289.6055,2.1453,1.4647,289,289,100.00
A2003081,2003-03-22,MYD11A2,LST_Night_1km,288.7800,294.4400,84379.7422,5.6600,291.9714,1.7568,1.3254,289,289,100.00
A2003089,2003-03-30,MYD11A2,LST_Night_1km,290.2200,295.9000,84817.4844,5.6800,293.4861,1.4681,1.2116,289,289,100.00
A2003097,2003-04-07,MYD11A2,LST_Night_1km,290.1000,296.8200,84952.4531,6.7200,293.9531,2.4477,1.5645,289,289,100.00
A2003105,2003-04-15,MYD11A2,LST_Night_1km,290.7800,297.0200,85131.0391,6.2400,294.5711,1.8078,1.3445,289,289,100.00
A2003113,2003-04-23,MYD11A2,LST_Night_1km,292.6000,298.3000,85425.6094,5.7000,295.5903,1.6336,1.2781,289,289,100.00
A2003121,2003-05-01,MYD11A2,LST_Night_1km,290.2600,300.3600,84812.3047,10.1000,293.4682,2.2126,1.4875,289,289,100.00
A2003129,2003-05-09,MYD11A2,LST_Night_1km,292.1600,297.6600,85363.6797,5.5000,295.3761,1.5634,1.2504,289,289,100.00
A2003137,2003-05-17,MYD11A2,LST_Night_1km,295.2000,298.7600,85848.7422,3.5600,297.0545,0.3178,0.5637,289,289,100.00
A2003145,2003-05-25,MYD11A2,LST_Night_1km,296.4600,299.5200,86089.4062,3.0600,297.8872,0.5582,0.7471,289,289,100.00
A2003153,2003-06-02,MYD11A2,LST_Night_1km,299.9000,302.5400,87000.2578,2.6400,301.0389,0.2399,0.4898,289,289,100.00
A2003161,2003-06-10,MYD11A2,LST_Night_1km,296.0800,300.7400,86067.0234,4.6600,297.8098,0.4591,0.6776,289,289,100.00
A2003169,2003-06-18,MYD11A2,LST_Night_1km,295.4200,298.8600,31171.2207,3.4400,296.8688,0.7170,0.8468,289,105,36.33
A2003177,2003-06-26,MYD11A2,LST_Night_1km,291.8800,297.9000,85390.4844,6.0200,295.4688,1.0812,1.0398,289,289,100.00
A2003185,2003-07-04,MYD11A2,LST_Night_1km,287.8200,295.8200,49851.0469,8.0000,293.2415,2.0064,1.4165,289,170,58.82
A2003193,2003-07-12,MYD11A2,LST_Night_1km,,,,,,,,289,0,0.00
A2003201,2003-07-20,MYD11A2,LST_Night_1km,293.8600,296.7200,10042.4004,2.8600,295.3647,0.7887,0.8881,289,34,11.76
A2003209,2003-07-28,MYD11A2,LST_Night_1km,,,,,,,,289,0,0.00
A2003217,2003-08-05,MYD11A2,LST_Night_1km,295.3600,297.3600,85608.8125,2.0000,296.2243,0.1574,0.3967,289,289,100.00
A2003225,2003-08-13,MYD11A2,LST_Night_1km,280.8600,295.3800,67040.1953,14.5200,290.2173,7.3408,2.7094,289,231,79.93
A2003233,2003-08-21,MYD11A2,LST_Night_1km,288.5400,295.1600,68600.5859,6.6200,293.1649,0.8282,0.9101,289,234,80.97
A2003241,2003-08-29,MYD11A2,LST_Night_1km,291.8600,296.0400,84949.2500,4.1800,293.9420,0.4916,0.7012,289,289,100.00
A2003249,2003-09-06,MYD11A2,LST_Night_1km,292.2200,296.5000,85104.1094,4.2800,294.4779,0.9616,0.9806,289,289,100.00
A2003257,2003-09-14,MYD11A2,LST_Night_1km,291.1000,297.4200,85309.5234,6.3200,295.1887,0.9099,0.9539,289,289,100.00
A2003265,2003-09-22,MYD11A2,LST_Night_1km,293.8200,296.8800,85366.6484,3.0600,295.3863,0.4012,0.6334,289,289,100.00
A2003273,2003-09-30,MYD11A2,LST_Night_1km,290.2200,295.7000,84739.1562,5.4800,293.2151,1.6950,1.3019,289,289,100.00
A2003281,2003-10-08,MYD11A2,LST_Night_1km,288.7000,295.5400,84497.1719,6.8400,292.3777,2.5757,1.6049,289,289,100.00
A2003289,2003-10-16,MYD11A2,LST_Night_1km,285.4800,293.4000,83760.2656,7.9200,289.8279,3.4825,1.8661,289,289,100.00
A2003297,2003-10-24,MYD11A2,LST_Night_1km,285.4200,293.3000,83774.0469,7.8800,289.8756,3.4533,1.8583,289,289,100.00
A2003305,2003-11-01,MYD11A2,LST_Night_1km,285.8200,293.0000,83762.6562,7.1800,289.8362,2.6083,1.6150,289,289,100.00
A2003313,2003-11-09,MYD11A2,LST_Night_1km,283.5200,291.4600,83158.7031,7.9400,287.7464,3.3598,1.8330,289,289,100.00
A2003321,2003-11-17,MYD11A2,LST_Night_1km,280.6800,288.5400,82525.2031,7.8600,285.5543,2.7310,1.6526,289,289,100.00
A2003329,2003-11-25,MYD11A2,LST_Night_1km,279.0800,287.9600,81939.1641,8.8800,283.5265,4.4108,2.1002,289,289,100.00
A2003337,2003-12-03,MYD11A2,LST_Night_1km,281.4400,288.6600,82503.6797,7.2200,285.4799,2.8624,1.6919,289,289,100.00
A2003345,2003-12-11,MYD11A2,LST_Night_1km,279.7000,286.9600,82132.7578,7.2600,284.1964,2.7019,1.6438,289,289,100.00
A2003353,2003-12-19,MYD11A2,LST_Night_1km,277.2600,283.9200,81253.3906,6.6600,281.1536,2.5891,1.6091,289,289,100.00
A2003361,2003-12-27,MYD11A2,LST_Night_1km,273.8400,284.0200,80838.1172,10.1800,279.7167,4.5475,2.1325,289,289,100.00
A2004001,2004-01-01,MYD11A2,LST_Night_1km,275.8800,283.5000,80999.9688,7.6200,280.2767,3.2803,1.8112,289,289,100.00
A2004009,2004-01-09,MYD11A2,LST_Night_1km,278.6200,287.5600,81950.1250,8.9400,283.5645,3.9749,1.9937,289,289,100.00
A2004017,2004-01-17,MYD11A2,LST_Night_1km,277.9000,284.6200,81396.8984,6.7200,281.6502,2.1905,1.4800,289,289,100.00
A2004025,2004-01-25,MYD11A2,LST_Night_1km,277.0600,283.7800,81163.2500,6.7200,280.8417,2.6803,1.6372,289,289,100.00
A2004033,2004-02-02,MYD11A2,LST_Night_1km,276.2200,284.4600,81152.7812,8.2400,280.8055,3.5363,1.8805,289,289,100.00
A2004041,2004-02-10,MYD11A2,LST_Night_1km,281.2200,287.7400,82298.0234,6.5200,284.7682,2.9993,1.7318,289,289,100.00
A2004049,2004-02-18,MYD11A2,LST_Night_1km,281.7000,290.0200,82795.8906,8.3200,286.4910,3.5111,1.8738,289,289,100.00
A2004057,2004-02-26,MYD11A2,LST_Night_1km,281.4400,291.4600,83105.8047,10.0200,287.5633,5.3521,2.3135,289,289,100.00
A2004065,2004-03-05,MYD11A2,LST_Night_1km,284.7200,292.7800,83611.5703,8.0600,289.3134,4.0047,2.0012,289,289,100.00
A2004073,2004-03-13,MYD11A2,LST_Night_1km,288.2400,297.3600,84824.1094,9.1200,293.5090,4.6134,2.1479,289,289,100.00
A2004081,2004-03-21,MYD11A2,LST_Night_1km,288.5200,295.0200,84472.3281,6.5000,292.2918,2.1122,1.4533,289,289,100.00
A2004089,2004-03-29,MYD11A2,LST_Night_1km,289.0400,296.6800,84790.7188,7.6400,293.3935,3.1501,1.7749,289,289,100.00
A2004097,2004-04-06,MYD11A2,LST_Night_1km,292.3600,299.0400,85759.1641,6.6800,296.7445,1.5326,1.2380,289,289,100.00
A2004105,2004-04-14,MYD11A2,LST_Night_1km,291.9000,300.0200,85977.0703,8.1200,297.4985,2.7480,1.6577,289,289,100.00
A2004113,2004-04-22,MYD11A2,LST_Night_1km,291.4600,297.6600,85327.7891,6.2000,295.2519,1.6717,1.2929,289,289,100.00
A2004121,2004-04-30,MYD11A2,LST_Night_1km,289.1800,295.5800,84566.7734,6.4000,292.6186,1.7025,1.3048,289,289,100.00
A2004129,2004-05-08,MYD11A2,LST_Night_1km,293.4600,301.1000,86032.2656,7.6400,297.6895,2.8167,1.6783,289,289,100.00
A2004137,2004-05-16,MYD11A2,LST_Night_1km,297.7000,300.6400,86475.4609,2.9400,299.2231,0.2830,0.5320,289,289,100.00
A2004145,2004-05-24,MYD11A2,LST_Night_1km,296.1000,300.0200,86258.2031,3.9200,298.4713,0.4895,0.6996,289,289,100.00
A2004153,2004-06-01,MYD11A2,LST_Night_1km,297.9800,301.3000,86605.7812,3.3200,299.6740,0.4112,0.6412,289,289,100.00
A2004161,2004-06-09,MYD11A2,LST_Night_1km,295.4800,299.4600,86169.2578,3.9800,298.1635,0.4315,0.6569,289,289,100.00
A2004169,2004-06-17,MYD11A2,LST_Night_1km,290.1000,294.6400,84683.9062,4.5400,293.0239,0.8201,0.9056,289,289,100.00
A2004177,2004-06-25,MYD11A2,LST_Night_1km,295.4400,298.5600,85867.1953,3.1200,297.1183,0.5401,0.7349,289,289,100.00
A2004185,2004-07-03,MYD11A2,LST_Night_1km,293.4400,296.0800,85197.8047,2.6400,294.8021,0.2493,0.4993,289,289,100.00
A2004193,2004-07-11,MYD11A2,LST_Night_1km,294.1800,296.8800,85470.0312,2.7000,295.7440,0.3127,0.5592,289,289,100.00
A2004201,2004-07-19,MYD11A2,LST_Night_1km,293.7600,296.9000,85336.3750,3.1400,295.2816,0.3527,0.5939,289,289,100.00
A2004209,2004-07-27,MYD11A2,LST_Night_1km,,,,,,,,289,0,0.00
A2004217,2004-08-04,MYD11A2,LST_Night_1km,295.2800,298.3200,56159.1641,3.0400,297.1384,0.5208,0.7217,289,189,65.40
A2004225,2004-08-12,MYD11A2,LST_Night_1km,289.7000,291.8000,84000.7344,2.1000,290.6600,0.2678,0.5175,289,289,100.00
A2004233,2004-08-20,MYD11A2,LST_Night_1km,291.6000,293.4000,84500.6797,1.8000,292.3899,0.2110,0.4593,289,289,100.00
A2004241,2004-08-28,MYD11A2,LST_Night_1km,292.5400,295.5400,85007.0156,3.0000,294.1419,0.3163,0.5624,289,289,100.00
A2004249,2004-09-05,MYD11A2,LST_Night_1km,292.7600,298.1600,85609.9297,5.4000,296.2281,1.3635,1.1677,289,289,100.00
A2004257,2004-09-13,MYD11A2,LST_Night_1km,293.9800,297.4200,85479.5078,3.4400,295.7769,0.4249,0.6518,289,289,100.00
A2004265,2004-09-21,MYD11A2,LST_Night_1km,293.7400,298.3400,85687.3516,4.6000,296.4960,0.9637,0.9817,289,289,100.00
A2004273,2004-09-29,MYD11A2,LST_Night_1km,290.7200,295.5800,84718.9609,4.8600,293.1452,1.1073,1.0523,289,289,100.00
A2004281,2004-10-07,MYD11A2,LST_Night_1km,290.7800,295.9000,84697.6406,5.1200,293.0714,0.6653,0.8157,289,289,100.00
A2004289,2004-10-15,MYD11A2,LST_Night_1km,287.3400,293.8200,84091.2734,6.4800,290.9733,1.9613,1.4004,289,289,100.00
A2004297,2004-10-23,MYD11A2,LST_Night_1km,286.2800,292.5600,83730.6641,6.2800,289.7255,2.2347,1.4949,289,289,100.00
A2004305,2004-10-31,MYD11A2,LST_Night_1km,282.5600,290.3800,82913.5938,7.8200,286.8983,2.8091,1.6760,289,289,100.00
A2004313,2004-11-08,MYD11A2,LST_Night_1km,282.5800,291.4200,83027.0391,8.8400,287.2908,4.4911,2.1192,289,289,100.00
A2004321,2004-11-16,MYD11A2,LST_Night_1km,283.9000,290.8800,83225.3047,6.9800,287.9768,2.8002,1.6734,289,289,100.00
A2004329,2004-11-24,MYD11A2,LST_Night_1km,284.8000,290.6200,83231.8203,5.8200,287.9994,2.0845,1.4438,289,289,100.00
A2004337,2004-12-02,MYD11A2,LST_Night_1km,279.2400,288.2200,82009.0625,8.9800,283.7684,3.9217,1.9803,289,289,100.00
A2004345,2004-12-10,MYD11A2,LST_Night_1km,279.8400,288.1400,81982.3828,8.3000,283.6761,3.9236,1.9808,289,289,100.00
A2004353,2004-12-18,MYD11A2,LST_Night_1km,277.9000,285.3800,81640.6250,7.4800,282.4935,2.3611,1.5366,289,289,100.00
A2004361,2004-12-26,MYD11A2,LST_Night_1km,279.1000,285.6800,81687.6406,6.5800,282.6562,2.2406,1.4969,289,289,100.00
A2005001,2005-01-01,MYD11A2,LST_Night_1km,277.4200,283.7200,81175.1562,6.3000,280.8829,2.0742,1.4402,289,289,100.00
A2005009,2005-01-09,MYD11A2,LST_Night_1km,277.5200,284.7200,81386.0312,7.2000,281.6126,2.6496,1.6278,289,289,100.00
A2005017,2005-01-17,MYD11A2,LST_Night_1km,275.8600,282.0800,80715.2891,6.2200,279.2917,2.2840,1.5113,289,289,100.00
A2005025,2005-01-25,MYD11A2,LST_Night_1km,277.0800,283.5600,81035.2109,6.4800,280.3987,2.0782,1.4416,289,289,100.00
A2005033,2005-02-02,MYD11A2,LST_Night_1km,278.9400,285.7400,81862.4297,6.8000,283.2610,2.4653,1.5701,289,289,100.00
A2005041,2005-02-10,MYD11A2,LST_Night_1km,281.4400,288.3800,82474.4062,6.9400,285.3786,2.0490,1.4314,289,289,100.00
A2005049,2005-02-18,MYD11A2,LST_Night_1km,277.0200,283.7000,81177.7266,6.6800,280.8918,2.3939,1.5472,289,289,100.00
A2005057,2005-02-26,MYD11A2,LST_Night_1km,283.1800,291.3000,83251.5312,8.1200,288.0676,3.1870,1.7852,289,289,100.00
A2005065,2005-03-06,MYD11A2,LST_Night_1km,285.0400,290.2200,83191.7188,5.1800,287.8606,1.1184,1.0575,289,289,100.00
A2005073,2005-03-14,MYD11A2,LST_Night_1km,285.6000,295.6800,84594.7109,10.0800,292.7153,2.8080,1.6757,289,289,100.00
A2005081,2005-03-22,MYD11A2,LST_Night_1km,286.9200,293.3600,84077.6172,6.4400,290.9260,1.5509,1.2454,289,289,100.00
A2005089,2005-03-30,MYD11A2,LST_Night_1km,287.5000,295.3800,84358.1328,7.8800,291.8967,3.3792,1.8383,289,289,100.00
A2005097,2005-04-07,MYD11A2,LST_Night_1km,285.6000,292.0200,83568.5703,6.4200,289.1646,2.2443,1.4981,289,289,100.00
A2005105,2005-04-15,MYD11A2,LST_Night_1km,287.3600,295.9800,84322.3359,8.6200,291.7728,3.4862,1.8671,289,289,100.00
A2005113,2005-04-23,MYD11A2,LST_Night_1km,290.4200,294.9400,84692.7188,4.5200,293.0544,0.8631,0.9290,289,289,100.00
A2005121,2005-05-01,MYD11A2,LST_Night_1km,291.8200,296.2000,84943.7500,4.3800,293.9230,0.7595,0.8715,289,289,100.00
A2005129,2005-05-09,MYD11A2,LST_Night_1km,292.9200,298.6800,85640.1328,5.7600,296.3326,1.5544,1.2468,289,289,100.00
A2005137,2005-05-17,MYD11A2,LST_Night_1km,295.0000,302.1600,86497.5703,7.1600,299.2996,2.3176,1.5224,289,289,100.00
A2005145,2005-05-25,MYD11A2,LST_Night_1km,294.0800,299.3800,85806.5234,5.3000,296.9084,1.3596,1.1660,289,289,100.00
A2005153,2005-06-02,MYD11A2,LST_Night_1km,297.0000,299.5400,86182.2031,2.5400,298.2083,0.3050,0.5523,289,289,100.00
A2005161,2005-06-10,MYD11A2,LST_Night_1km,296.0400,300.4000,86184.0312,4.3600,298.2146,0.6833,0.8266,289,289,100.00
A2005169,2005-06-18,MYD11A2,LST_Night_1km,291.7200,308.1400,83237.7188,16.4200,300.4972,10.5835,3.2532,289,277,95.85
A2005177,2005-06-26,MYD11A2,LST_Night_1km,296.2800,302.0800,59901.8984,5.8000,298.0194,1.0486,1.0240,289,201,69.55
A2005185,2005-07-04,MYD11A2,LST_Night_1km,288.4200,297.6600,78739.7969,9.2400,294.9056,3.2860,1.8127,289,267,92.39
A2005193,2005-07-12,MYD11A2,LST_Night_1km,289.0800,293.5600,16672.3770,4.4800,292.4978,1.6189,1.2724,289,57,19.72
A2005201,2005-07-20,MYD11A2,LST_Night_1km,293.4800,296.1400,85204.3750,2.6600,294.8248,0.4379,0.6618,289,289,100.00
A2005209,2005-07-28,MYD11A2,LST_Night_1km,292.3800,297.1000,25106.5820,4.7200,295.3716,1.1865,1.0893,289,85,29.41
A2005217,2005-08-05,MYD11A2,LST_Night_1km,290.5200,294.0600,84558.6875,3.5400,292.5906,0.4952,0.7037,289,289,100.00
A2005225,2005-08-13,MYD11A2,LST_Night_1km,288.7800,294.7400,84588.5391,5.9600,292.6939,1.5707,1.2533,289,289,100.00
A2005233,2005-08-21,MYD11A2,LST_Night_1km,293.3200,296.5000,85327.8125,3.1800,295.2520,0.4458,0.6677,289,289,100.00
A2005241,2005-08-29,MYD11A2,LST_Night_1km,294.9400,299.8400,86230.9922,4.9000,298.3771,1.0134,1.0067,289,289,100.00
A2005249,2005-09-06,MYD11A2,LST_Night_1km,294.4800,295.5400,6790.4209,1.0600,295.2357,0.0647,0.2544,289,23,7.96
A2005257,2005-09-14,MYD11A2,LST_Night_1km,294.7000,298.5400,85779.6641,3.8400,296.8155,0.6079,0.7797,289,289,100.00
A2005265,2005-09-22,MYD11A2,LST_Night_1km,292.5200,295.3800,85003.2500,2.8600,294.1289,0.2677,0.5174,289,289,100.00
A2005273,2005-09-30,MYD11A2,LST_Night_1km,291.4000,296.6800,85157.0234,5.2800,294.6610,1.4017,1.1839,289,289,100.00
A2005281,2005-10-08,MYD11A2,LST_Night_1km,290.6600,296.4800,84924.7656,5.8200,293.8573,2.0939,1.4470,289,289,100.00
A2005289,2005-10-16,MYD11A2,LST_Night_1km,286.9000,293.2800,83982.7266,6.3800,290.5977,2.5871,1.6085,289,289,100.00
A2005297,2005-10-24,MYD11A2,LST_Night_1km,284.3000,293.1600,83530.9453,8.8600,289.0344,4.3784,2.0925,289,289,100.00
A2005305,2005-11-01,MYD11A2,LST_Night_1km,284.0200,290.9000,83201.7109,6.8800,287.8952,2.6451,1.6264,289,289,100.00
A2005313,2005-11-09,MYD11A2,LST_Night_1km,283.5000,291.8800,83173.9062,8.3800,287.7990,4.1447,2.0359,289,289,100.00
A2005321,2005-11-17,MYD11A2,LST_Night_1km,283.1400,290.7000,82979.1875,7.5600,287.1252,3.3520,1.8309,289,289,100.00
A2005329,2005-11-25,MYD11A2,LST_Night_1km,281.4200,288.7200,82611.3047,7.3000,285.8523,2.6771,1.6362,289,289,100.00
A2005337,2005-12-03,MYD11A2,LST_Night_1km,277.5400,285.3600,81458.8438,7.8200,281.8645,3.8370,1.9588,289,289,100.00
A2005345,2005-12-11,MYD11A2,LST_Night_1km,276.6800,285.2000,81266.5000,8.5200,281.1990,4.3930,2.0960,289,289,100.00
A2005353,2005-12-19,MYD11A2,LST_Night_1km,276.7000,283.7600,81110.4062,7.0600,280.6588,2.9089,1.7055,289,289,100.00
A2005361,2005-12-27,MYD11A2,LST_Night_1km,279.1000,286.5600,81875.3906,7.4600,283.3058,2.5287,1.5902,289,289,100.00
A2006001,2006-01-01,MYD11A2,LST_Night_1km,273.7400,282.4400,80545.5859,8.7000,278.7044,3.7904,1.9469,289,289,100.00
A2006009,2006-01-09,MYD11A2,LST_Night_1km,279.3400,286.8000,81926.7422,7.4600,283.4836,2.9614,1.7209,289,289,100.00
A2006017,2006-01-17,MYD11A2,LST_Night_1km,276.6200,287.6800,81755.2344,11.0600,282.8901,2.7737,1.6655,289,289,100.00
A2006025,2006-01-25,MYD11A2,LST_Night_1km,278.3800,285.9400,81726.4844,7.5600,282.7906,3.3524,1.8310,289,289,100.00
A2006033,2006-02-02,MYD11A2,LST_Night_1km,280.4000,290.0600,82545.7188,9.6600,285.6253,4.8271,2.1971,289,289,100.00
A2006041,2006-02-10,MYD11A2,LST_Night_1km,280.2800,291.7600,83222.9766,11.4800,287.9688,6.1273,2.4753,289,289,100.00
A2006049,2006-02-18,MYD11A2,LST_Night_1km,285.5200,293.7600,83914.3438,8.2400,290.3611,3.2532,1.8037,289,289,100.00
A2006057,2006-02-26,MYD11A2,LST_Night_1km,283.3400,290.8400,83225.5078,7.5000,287.9775,3.2492,1.8026,289,289,100.00
A2006065,2006-03-06,MYD11A2,LST_Night_1km,285.3200,291.3800,83542.8750,6.0600,289.0757,1.5783,1.2563,289,289,100.00
A2006073,2006-03-14,MYD11A2,LST_Night_1km,285.7800,291.0400,83448.7969,5.2600,288.7502,1.4039,1.1849,289,289,100.00
A2006081,2006-03-22,MYD11A2,LST_Night_1km,281.8200,292.5800,83732.7578,10.7600,289.7327,3.1996,1.7888,289,289,100.00
A2006089,2006-03-30,MYD11A2,LST_Night_1km,287.3800,294.8600,84416.9375,7.4800,292.1001,2.4488,1.5649,289,289,100.00
A2006097,2006-04-07,MYD11A2,LST_Night_1km,288.9400,295.5800,84609.3516,6.6400,292.7659,1.4580,1.2075,289,289,100.00
A2006105,2006-04-15,MYD11A2,LST_Night_1km,288.6800,295.3600,84089.0781,6.6800,290.9657,0.9816,0.9908,289,289,100.00
A2006113,2006-04-23,MYD11A2,LST_Night_1km,294.7400,299.6400,86063.4531,4.9000,297.7974,1.0734,1.0360,289,289,100.00
A2006121,2006-05-01,MYD11A2,LST_Night_1km,294.8400,302.1400,86369.7500,7.3000,298.8573,2.1753,1.4749,289,289,100.00
A2006129,2006-05-09,MYD11A2,LST_Night_1km,297.2200,300.4000,86409.9219,3.1800,298.9963,0.4015,0.6336,289,289,100.00
A2006137,2006-05-17,MYD11A2,LST_Night_1km,294.5600,298.0600,85520.2344,3.5000,295.9178,0.3309,0.5752,289,289,100.00
A2006145,2006-05-25,MYD11A2,LST_Night_1km,298.2800,302.2200,86695.1172,3.9400,299.9831,0.5695,0.7546,289,289,100.00
A2006153,2006-06-02,MYD11A2,LST_Night_1km,292.2800,299.3400,85598.2500,7.0600,296.1877,2.5818,1.6068,289,289,100.00
A2006161,2006-06-10,MYD11A2,LST_Night_1km,296.4200,299.5200,86229.6641,3.1000,298.3725,0.3793,0.6159,289,289,100.00
A2006169,2006-06-18,MYD11A2,LST_Night_1km,295.7000,299.4800,86130.9688,3.7800,298.0310,0.7107,0.8431,289,289,100.00
A2006177,2006-06-26,MYD11A2,LST_Night_1km,291.2400,296.8200,60011.8750,5.5800,294.1759,1.1506,1.0727,289,204,70.59
A2006185,2006-07-04,MYD11A2,LST_Night_1km,295.6600,299.8800,86116.1875,4.2200,297.9799,0.5795,0.7612,289,289,100.00
A2006193,2006-07-12,MYD11A2,LST_Night_1km,290.0000,296.5800,84856.2109,6.5800,293.6201,4.8983,2.2132,289,289,100.00
A2006201,2006-07-20,MYD11A2,LST_Night_1km,290.7400,296.3000,84287.0000,5.5600,293.6829,1.0029,1.0014,289,287,99.31
A2006209,2006-07-28,MYD11A2,LST_Night_1km,292.2400,296.8800,80942.9062,4.6400,295.4121,1.0530,1.0261,289,274,94.81
A2006217,2006-08-05,MYD11A2,LST_Night_1km,289.8800,295.4600,83111.4375,5.5800,292.6459,0.8569,0.9257,289,284,98.27
A2006225,2006-08-13,MYD11A2,LST_Night_1km,285.7600,295.2400,13451.9590,9.4800,292.4339,7.4572,2.7308,289,46,15.92
A2006233,2006-08-21,MYD11A2,LST_Night_1km,284.0400,289.6800,54756.2227,5.6400,288.1906,0.9108,0.9544,289,190,65.74
A2006241,2006-08-29,MYD11A2,LST_Night_1km,289.6000,294.2800,84572.6484,4.6800,292.6389,0.7882,0.8878,289,289,100.00
A2006249,2006-09-06,MYD11A2,LST_Night_1km,292.0800,294.8400,84854.6328,2.7600,293.6147,0.3224,0.5678,289,289,100.00
A2006257,2006-09-14,MYD11A2,LST_Night_1km,295.4800,299.0200,85959.3672,3.5400,297.4373,0.5898,0.7680,289,289,100.00
A2006265,2006-09-22,MYD11A2,LST_Night_1km,293.6600,297.7600,85672.2344,4.1000,296.4437,0.5994,0.7742,289,289,100.00
A2006273,2006-09-30,MYD11A2,LST_Night_1km,291.9200,298.2400,85596.1719,6.3200,296.1805,2.0943,1.4472,289,289,100.00
A2006281,2006-10-08,MYD11A2,LST_Night_1km,290.7800,296.4800,85098.6875,5.7000,294.4591,1.7014,1.3044,289,289,100.00
A2006289,2006-10-16,MYD11A2,LST_Night_1km,290.7000,296.0400,84853.2188,5.3400,293.6097,1.4731,1.2137,289,289,100.00
A2006297,2006-10-24,MYD11A2,LST_Night_1km,288.1200,293.7800,84231.7422,5.6600,291.4593,1.9895,1.4105,289,289,100.00
A2006305,2006-11-01,MYD11A2,LST_Night_1km,285.4800,293.0000,83643.5625,7.5200,289.4241,3.0054,1.7336,289,289,100.00
A2006313,2006-11-09,MYD11A2,LST_Night_1km,284.7200,292.4200,83473.0078,7.7000,288.8339,2.6878,1.6395,289,289,100.00
A2006321,2006-11-17,MYD11A2,LST_Night_1km,284.6200,291.2600,83273.7656,6.6400,288.1445,2.2537,1.5012,289,289,100.00
A2006329,2006-11-25,MYD11A2,LST_Night_1km,279.7600,287.4000,82100.8750,7.6400,284.0861,3.2213,1.7948,289,289,100.00
A2006337,2006-12-03,MYD11A2,LST_Night_1km,278.0800,287.8000,82203.0781,9.7200,284.4397,3.3420,1.8281,289,289,100.00
A2006345,2006-12-11,MYD11A2,LST_Night_1km,278.8800,286.0400,81710.8594,7.1600,282.7365,2.8352,1.6838,289,289,100.00
A2006353,2006-12-19,MYD11A2,LST_Night_1km,280.3400,287.4400,82253.7109,7.1000,284.6149,2.4963,1.5800,289,289,100.00
A2006361,2006-12-27,MYD11A2,LST_Night_1km,278.0400,284.3200,81411.4609,6.2800,281.7006,2.3376,1.5289,289,289,100.00
A2007001,2007-01-01,MYD11A2,LST_Night_1km,277.4400,283.8800,81246.4609,6.4400,281.1296,2.1019,1.4498,289,289,100.00
A2007009,2007-01-09,MYD11A2,LST_Night_1km,274.8800,283.4200,80822.1719,8.5400,279.6615,3.7528,1.9372,289,289,100.00
A2007017,2007-01-17,MYD11A2,LST_Night_1km,275.8200,284.5800,81150.4766,8.7600,280.7975,4.2507,2.0617,289,289,100.00
A2007025,2007-01-25,MYD11A2,LST_Night_1km,281.4000,288.3800,82559.9766,6.9800,285.6747,2.7913,1.6707,289,289,100.00
A2007033,2007-02-02,MYD11A2,LST_Night_1km,282.4800,290.0600,82900.6719,7.5800,286.8535,2.9167,1.7078,289,289,100.00
A2007041,2007-02-10,MYD11A2,LST_Night_1km,281.7000,285.7200,82161.9219,4.0200,284.2973,0.5546,0.7447,289,289,100.00
A2007049,2007-02-18,MYD11A2,LST_Night_1km,283.7800,289.5600,83019.5234,5.7800,287.2648,1.6396,1.2805,289,289,100.00
A2007057,2007-02-26,MYD11A2,LST_Night_1km,283.0000,288.3200,82734.4688,5.3200,286.2784,1.2915,1.1364,289,289,100.00
A2007065,2007-03-06,MYD11A2,LST_Night_1km,280.4000,289.4000,82647.0312,9.0000,285.9759,3.4438,1.8558,289,289,100.00
A2007073,2007-03-14,MYD11A2,LST_Night_1km,285.0800,291.0400,83465.1875,5.9600,288.8069,1.9447,1.3945,289,289,100.00
A2007081,2007-03-22,MYD11A2,LST_Night_1km,287.2600,294.0400,84140.0156,6.7800,291.1419,2.7730,1.6652,289,289,100.00
A2007089,2007-03-30,MYD11A2,LST_Night_1km,288.3200,296.2000,84654.9922,7.8800,292.9239,2.8287,1.6819,289,289,100.00
A2007097,2007-04-07,MYD11A2,LST_Night_1km,291.3800,298.5400,85395.0703,7.1600,295.4847,2.2227,1.4909,289,289,100.00
A2007105,2007-04-15,MYD11A2,LST_Night_1km,292.2200,297.7400,85349.3516,5.5200,295.3265,1.9809,1.4075,289,289,100.00
A2007113,2007-04-23,MYD11A2,LST_Night_1km,294.2000,301.4400,86383.9531,7.2400,298.9064,2.0884,1.4451,289,289,100.00
A2007121,2007-05-01,MYD11A2,LST_Night_1km,295.3800,300.0200,86215.6328,4.6400,298.3240,1.0496,1.0245,289,289,100.00
A2007129,2007-05-09,MYD11A2,LST_Night_1km,297.6800,300.9400,86548.9375,3.2600,299.4773,0.4847,0.6962,289,289,100.00
A2007137,2007-05-17,MYD11A2,LST_Night_1km,295.9200,299.8800,85972.3750,3.9600,297.4823,0.6876,0.8292,289,289,100.00
A2007145,2007-05-25,MYD11A2,LST_Night_1km,291.7400,297.3600,84965.1016,5.6200,293.9969,0.7367,0.8583,289,289,100.00
A2007153,2007-06-02,MYD11A2,LST_Night_1km,298.4600,302.0200,86869.0547,3.5600,300.5850,0.5448,0.7381,289,289,100.00
A2007161,2007-06-10,MYD11A2,LST_Night_1km,296.2800,301.0800,86087.6406,4.8000,297.8811,0.5646,0.7514,289,289,100.00
A2007169,2007-06-18,MYD11A2,LST_Night_1km,294.0600,300.5600,86022.9688,6.5000,297.6573,2.1829,1.4775,289,289,100.00
A2007177,2007-06-26,MYD11A2,LST_Night_1km,297.6800,300.3000,86412.4766,2.6200,299.0051,0.1718,0.4145,289,289,100.00
A2007185,2007-07-04,MYD11A2,LST_Night_1km,286.6200,296.4400,20319.1230,9.8200,294.4800,8.4681,2.9100,289,69,23.88
A2007193,2007-07-12,MYD11A2,LST_Night_1km,294.1000,297.4400,85508.8359,3.3400,295.8783,0.5768,0.7595,289,289,100.00
A2007201,2007-07-20,MYD11A2,LST_Night_1km,293.0800,297.0200,85282.6719,3.9400,295.0958,0.6533,0.8083,289,289,100.00
A2007209,2007-07-28,MYD11A2,LST_Night_1km,299.4000,301.2800,2100.2800,1.8800,300.0400,0.3247,0.5698,289,7,2.42
A2007217,2007-08-05,MYD11A2,LST_Night_1km,291.1000,295.4800,85064.2734,4.3800,294.3401,0.6324,0.7952,289,289,100.00
A2007225,2007-08-13,MYD11A2,LST_Night_1km,290.3000,294.8200,84475.0625,4.5200,292.3013,1.3423,1.1586,289,289,100.00
A2007233,2007-08-21,MYD11A2,LST_Night_1km,292.7200,296.6600,85327.9375,3.9400,295.2524,0.2964,0.5445,289,289,100.00
A2007241,2007-08-29,MYD11A2,LST_Night_1km,293.6800,298.0800,85582.0312,4.4000,296.1316,0.9495,0.9744,289,289,100.00
A2007249,2007-09-06,MYD11A2,LST_Night_1km,293.0200,295.6000,85090.6641,2.5800,294.4314,0.3083,0.5552,289,289,100.00
A2007257,2007-09-14,MYD11A2,LST_Night_1km,294.1400,297.2000,85493.5781,3.0600,295.8255,0.4547,0.6743,289,289,100.00
A2007265,2007-09-22,MYD11A2,LST_Night_1km,292.8400,297.3400,85265.3125,4.5000,295.0357,0.9902,0.9951,289,289,100.00
A2007273,2007-09-30,MYD11A2,LST_Night_1km,289.3000,296.7800,84870.8359,7.4800,293.6707,2.8217,1.6798,289,289,100.00
A2007281,2007-10-08,MYD11A2,LST_Night_1km,286.8000,294.3800,84179.5547,7.5800,291.2787,3.0793,1.7548,289,289,100.00
A2007289,2007-10-16,MYD11A2,LST_Night_1km,285.9600,294.4400,84029.8438,8.4800,290.7607,3.8387,1.9593,289,289,100.00
A2007297,2007-10-24,MYD11A2,LST_Night_1km,284.6800,292.8400,83618.7344,8.1600,289.3382,3.9965,1.9991,289,289,100.00
A2007305,2007-11-01,MYD11A2,LST_Night_1km,284.9800,292.9400,83607.7891,7.9600,289.3003,3.9921,1.9980,289,289,100.00
A2007313,2007-11-09,MYD11A2,LST_Night_1km,284.8200,292.1800,83408.6719,7.3600,288.6113,3.2102,1.7917,289,289,100.00
A2007321,2007-11-17,MYD11A2,LST_Night_1km,281.5400,290.2200,82672.2188,8.6800,286.0630,4.9867,2.2331,289,289,100.00
A2007329,2007-11-25,MYD11A2,LST_Night_1km,282.0600,289.5600,82702.6328,7.5000,286.1683,3.1512,1.7752,289,289,100.00
A2007337,2007-12-03,MYD11A2,LST_Night_1km,279.4600,286.3000,81885.9844,6.8400,283.3425,2.5418,1.5943,289,289,100.00
A2007345,2007-12-11,MYD11A2,LST_Night_1km,275.5400,283.2400,81017.0625,7.7000,280.3358,3.0704,1.7523,289,289,100.00
A2007353,2007-12-19,MYD11A2,LST_Night_1km,279.8600,287.1200,82070.7969,7.2600,283.9820,2.5947,1.6108,289,289,100.00
A2007361,2007-12-27,MYD11A2,LST_Night_1km,275.6800,284.0600,80503.0469,8.3800,280.4984,3.6602,1.9132,289,287,99.31
A2008001,2008-01-01,MYD11A2,LST_Night_1km,273.7600,283.6600,80739.7656,9.9000,279.3763,4.8477,2.2018,289,289,100.00
A2008009,2008-01-09,MYD11A2,LST_Night_1km,276.0800,284.6600,81220.0078,8.5800,281.0381,3.6220,1.9032,289,289,100.00
A2008017,2008-01-17,MYD11A2,LST_Night_1km,273.0800,282.3000,80540.5312,9.2200,278.6870,4.3875,2.0946,289,289,100.00
A2008025,2008-01-25,MYD11A2,LST_Night_1km,275.1400,281.7400,80675.5469,6.6000,279.1541,2.2558,1.5019,289,289,100.00
A2008033,2008-02-02,MYD11A2,LST_Night_1km,275.7200,281.4400,80598.0000,5.7200,278.8858,1.8915,1.3753,289,289,100.00
A2008041,2008-02-10,MYD11A2,LST_Night_1km,276.1400,284.5200,81105.4375,8.3800,280.6417,4.5344,2.1294,289,289,100.00
A2008049,2008-02-18,MYD11A2,LST_Night_1km,280.6000,288.2000,82394.4375,7.6000,285.1019,3.1469,1.7740,289,289,100.00
A2008057,2008-02-26,MYD11A2,LST_Night_1km,281.4200,291.4600,83056.9922,10.0400,287.3944,5.3228,2.3071,289,289,100.00
A2008065,2008-03-05,MYD11A2,LST_Night_1km,284.5200,292.7400,83701.5703,8.2200,289.6248,3.0712,1.7525,289,289,100.00
A2008073,2008-03-13,MYD11A2,LST_Night_1km,286.0800,293.6800,84018.5078,7.6000,290.7215,2.9843,1.7275,289,289,100.00
A2008081,2008-03-21,MYD11A2,LST_Night_1km,287.6200,293.4400,84143.0781,5.8200,291.1525,2.2652,1.5051,289,289,100.00
A2008089,2008-03-29,MYD11A2,LST_Night_1km,285.3000,294.2600,84156.3359,8.9600,291.1984,1.8245,1.3508,289,289,100.00
A2008097,2008-04-06,MYD11A2,LST_Night_1km,289.3400,295.3800,84656.7656,6.0400,292.9300,1.6083,1.2682,289,289,100.00
A2008105,2008-04-14,MYD11A2,LST_Night_1km,290.0800,296.9400,84941.7188,6.8600,293.9160,2.6541,1.6291,289,289,100.00
A2008113,2008-04-22,MYD11A2,LST_Night_1km,291.3200,298.8800,85384.8047,7.5600,295.4492,3.2055,1.7904,289,289,100.00
A2008121,2008-04-30,MYD11A2,LST_Night_1km,294.8200,298.9400,85873.6641,4.1200,297.1407,0.6684,0.8175,289,289,100.00
A2008129,2008-05-08,MYD11A2,LST_Night_1km,294.2400,298.9400,85558.8125,4.7000,296.0513,0.5164,0.7186,289,289,100.00
A2008137,2008-05-16,MYD11A2,LST_Night_1km,297.3200,299.7600,86263.0078,2.4400,298.4879,0.2467,0.4967,289,289,100.00
A2008145,2008-05-24,MYD11A2,LST_Night_1km,295.1600,298.9000,85899.5234,3.7400,297.2302,0.7534,0.8680,289,289,100.00
A2008153,2008-06-01,MYD11A2,LST_Night_1km,296.2000,299.1200,86059.4062,2.9200,297.7834,0.4420,0.6648,289,289,100.00
A2008161,2008-06-09,MYD11A2,LST_Night_1km,291.4200,298.3800,58176.0703,6.9600,296.8167,1.3022,1.1412,289,196,67.82
A2008169,2008-06-17,MYD11A2,LST_Night_1km,292.6000,297.2600,85408.7969,4.6600,295.5322,0.8028,0.8960,289,289,100.00
A2008177,2008-06-25,MYD11A2,LST_Night_1km,285.7000,295.1800,83702.0859,9.4800,291.6449,3.4081,1.8461,289,287,99.31
A2008185,2008-07-03,MYD11A2,LST_Night_1km,292.2200,295.2200,15305.5996,3.0000,294.3384,0.5625,0.7500,289,52,17.99
A2008193,2008-07-11,MYD11A2,LST_Night_1km,290.0400,294.7200,84661.7812,4.6800,292.9473,0.6889,0.8300,289,289,100.00
A2008201,2008-07-19,MYD11A2,LST_Night_1km,294.9000,299.5000,85269.3828,4.6000,297.1059,0.5678,0.7535,289,287,99.31
A2008209,2008-07-27,MYD11A2,LST_Night_1km,288.5800,299.4000,64990.5586,10.8200,295.4116,4.3492,2.0855,289,220,76.12
A2008217,2008-08-04,MYD11A2,LST_Night_1km,276.9000,290.3000,8527.3398,13.4000,284.2447,22.9975,4.7956,289,30,10.38
A2008225,2008-08-12,MYD11A2,LST_Night_1km,289.5800,293.7600,84155.5469,4.1800,291.1957,0.5374,0.7331,289,289,100.00
A2008233,2008-08-20,MYD11A2,LST_Night_1km,291.4200,295.3600,84868.2578,3.9400,293.6618,0.7158,0.8461,289,289,100.00
A2008241,2008-08-28,MYD11A2,LST_Night_1km,294.1400,298.3600,85729.4453,4.2200,296.6417,0.7909,0.8893,289,289,100.00
A2008249,2008-09-05,MYD11A2,LST_Night_1km,293.3200,297.1200,85225.4688,3.8000,294.8978,0.5199,0.7210,289,289,100.00
A2008257,2008-09-13,MYD11A2,LST_Night_1km,292.9200,295.6400,85057.8438,2.7200,294.3178,0.5088,0.7133,289,289,100.00
A2008265,2008-09-21,MYD11A2,LST_Night_1km,293.5200,295.7200,85130.9219,2.2000,294.5707,0.1863,0.4316,289,289,100.00
A2008273,2008-09-29,MYD11A2,LST_Night_1km,294.3800,298.4800,85723.1641,4.1000,296.6199,0.7782,0.8822,289,289,100.00
A2008281,2008-10-07,MYD11A2,LST_Night_1km,291.3200,297.9000,85278.0469,6.5800,295.0797,2.2523,1.5008,289,289,100.00
A2008289,2008-10-15,MYD11A2,LST_Night_1km,288.6000,293.8800,84342.7109,5.2800,291.8433,1.3119,1.1454,289,289,100.00
A2008297,2008-10-23,MYD11A2,LST_Night_1km,286.1000,294.0800,84041.1641,7.9800,290.7999,3.2726,1.8090,289,289,100.00
A2008305,2008-10-31,MYD11A2,LST_Night_1km,285.1000,293.8000,83930.8281,8.7000,290.4181,3.5465,1.8832,289,289,100.00
A2008313,2008-11-08,MYD11A2,LST_Night_1km,285.6200,292.3800,83630.8516,6.7600,289.3801,2.8821,1.6977,289,289,100.00
A2008321,2008-11-16,MYD11A2,LST_Night_1km,282.2600,289.9600,82916.7188,7.7000,286.9091,2.6203,1.6187,289,289,100.00
A2008329,2008-11-24,MYD11A2,LST_Night_1km,280.7200,289.6000,82468.2891,8.8800,285.3574,4.5203,2.1261,289,289,100.00
A2008337,2008-12-02,MYD11A2,LST_Night_1km,283.0600,289.7400,83029.4609,6.6800,287.2992,1.9528,1.3974,289,289,100.00
A2008345,2008-12-10,MYD11A2,LST_Night_1km,281.1600,287.9200,82501.4297,6.7600,285.4721,2.0093,1.4175,289,289,100.00
A2008353,2008-12-18,MYD11A2,LST_Night_1km,277.5000,287.5000,81536.2344,10.0000,282.1323,2.6750,1.6356,289,289,100.00
A2008361,2008-12-26,MYD11A2,LST_Night_1km,279.0000,286.9200,81859.6094,7.9200,283.2513,3.3707,1.8359,289,289,100.00
A2009001,2009-01-01,MYD11A2,LST_Night_1km,276.8600,284.5400,81440.5312,7.6800,281.8011,2.8104,1.6764,289,289,100.00
A2009009,2009-01-09,MYD11A2,LST_Night_1km,279.0400,286.6400,82069.0234,7.6000,283.9759,3.0104,1.7350,289,289,100.00
A2009017,2009-01-17,MYD11A2,LST_Night_1km,276.9400,288.7600,82152.7578,11.8200,284.2656,4.0204,2.0051,289,289,100.00
A2009025,2009-01-25,MYD11A2,LST_Night_1km,279.3600,287.2000,81949.4375,7.8400,283.5621,3.4318,1.8525,289,289,100.00
A2009033,2009-02-02,MYD11A2,LST_Night_1km,281.8800,288.4800,82612.4297,6.6000,285.8562,2.3641,1.5375,289,289,100.00
A2009041,2009-02-10,MYD11A2,LST_Night_1km,280.0600,287.4600,82288.9531,7.4000,284.7368,2.3457,1.5316,289,289,100.00
A2009049,2009-02-18,MYD11A2,LST_Night_1km,282.3400,290.0800,82873.0391,7.7400,286.7579,2.6990,1.6429,289,289,100.00
A2009057,2009-02-26,MYD11A2,LST_Night_1km,286.4000,293.7400,83992.4062,7.3400,290.6312,2.7502,1.6584,289,289,100.00
A2009065,2009-03-06,MYD11A2,LST_Night_1km,285.3600,290.4400,83353.5938,5.0800,288.4207,1.3880,1.1781,289,289,100.00
A2009073,2009-03-14,MYD11A2,LST_Night_1km,285.3600,293.1000,83656.4922,7.7400,289.4688,3.6773,1.9176,289,289,100.00
A2009081,2009-03-22,MYD11A2,LST_Night_1km,285.1800,290.8800,83485.2500,5.7000,288.8763,1.2274,1.1079,289,289,100.00
A2009089,2009-03-30,MYD11A2,LST_Night_1km,289.4000,295.5600,84620.7422,6.1600,292.8053,1.7941,1.3395,289,289,100.00
A2009097,2009-04-07,MYD11A2,LST_Night_1km,288.5000,294.6600,84418.4062,6.1600,292.1052,1.9201,1.3857,289,289,100.00
A2009105,2009-04-15,MYD11A2,LST_Night_1km,290.2200,297.4000,85139.3516,7.1800,294.5998,2.7151,1.6478,289,289,100.00
A2009113,2009-04-23,MYD11A2,LST_Night_1km,290.6800,298.9400,85477.6641,8.2600,295.7705,3.5512,1.8845,289,289,100.00
A2009121,2009-05-01,MYD11A2,LST_Night_1km,292.9200,298.1200,85504.2969,5.2000,295.8626,0.9453,0.9722,289,289,100.00
A2009129,2009-05-09,MYD11A2,LST_Night_1km,299.0200,302.6800,86986.5859,3.6600,300.9916,0.5952,0.7715,289,289,100.00
A2009137,2009-05-17,MYD11A2,LST_Night_1km,296.4600,301.5200,86495.2344,5.0600,299.2915,0.9623,0.9810,289,289,100.00
A2009145,2009-05-25,MYD11A2,LST_Night_1km,296.7800,299.6200,86249.6641,2.8400,298.4417,0.2683,0.5179,289,289,100.00
A2009153,2009-06-02,MYD11A2,LST_Night_1km,297.1400,301.0800,86518.2891,3.9400,299.3712,0.6875,0.8291,289,289,100.00
A2009161,2009-06-10,MYD11A2,LST_Night_1km,296.1200,301.5200,86195.9766,5.4000,298.2560,1.1478,1.0714,289,289,100.00
A2009169,2009-06-18,MYD11A2,LST_Night_1km,296.2400,300.7400,86335.5391,4.5000,298.7389,0.8938,0.9454,289,289,100.00
A2009177,2009-06-26,MYD11A2,LST_Night_1km,295.4800,298.3600,85855.2969,2.8800,297.0771,0.4138,0.6433,289,289,100.00
A2009185,2009-07-04,MYD11A2,LST_Night_1km,297.3800,302.8200,86822.2500,5.4400,300.4230,1.1490,1.0719,289,289,100.00
A2009193,2009-07-12,MYD11A2,LST_Night_1km,,,,,,,,289,0,0.00
A2009201,2009-07-20,MYD11A2,LST_Night_1km,286.8200,295.7600,66264.7500,8.9400,293.2068,2.1750,1.4748,289,226,78.20
A2009209,2009-07-28,MYD11A2,LST_Night_1km,293.7200,295.8200,85224.6172,2.1000,294.8949,0.2499,0.4999,289,289,100.00
A2009217,2009-08-05,MYD11A2,LST_Night_1km,296.5200,298.6200,85973.2969,2.1000,297.4854,0.2272,0.4767,289,289,100.00
A2009225,2009-08-13,MYD11A2,LST_Night_1km,293.4000,296.5200,85331.7812,3.1200,295.2657,0.5852,0.7650,289,289,100.00
A2009233,2009-08-21,MYD11A2,LST_Night_1km,295.7000,299.9600,86174.3281,4.2600,298.1811,0.9820,0.9910,289,289,100.00
A2009241,2009-08-29,MYD11A2,LST_Night_1km,294.3600,296.6400,85391.5156,2.2800,295.4724,0.2960,0.5440,289,289,100.00
A2009249,2009-09-06,MYD11A2,LST_Night_1km,294.4400,299.1400,85757.5078,4.7000,296.7388,1.0831,1.0407,289,289,100.00
A2009257,2009-09-14,MYD11A2,LST_Night_1km,294.8000,299.6400,86181.0547,4.8400,298.2043,0.8273,0.9096,289,289,100.00
A2009265,2009-09-22,MYD11A2,LST_Night_1km,295.5200,300.3400,86268.2031,4.8200,298.5059,0.9857,0.9928,289,289,100.00
A2009273,2009-09-30,MYD11A2,LST_Night_1km,294.7000,297.6600,85651.0391,2.9600,296.3704,0.4161,0.6451,289,289,100.00
A2009281,2009-10-08,MYD11A2,LST_Night_1km,291.4400,298.4400,85248.3047,7.0000,294.9768,1.6651,1.2904,289,289,100.00
A2009289,2009-10-16,MYD11A2,LST_Night_1km,285.8800,293.7200,83923.2812,7.8400,290.3920,3.3080,1.8188,289,289,100.00
A2009297,2009-10-24,MYD11A2,LST_Night_1km,286.0000,293.8000,83862.1484,7.8000,290.1805,3.8385,1.9592,289,289,100.00
A2009305,2009-11-01,MYD11A2,LST_Night_1km,286.9800,293.2000,84066.3281,6.2200,290.8870,1.9466,1.3952,289,289,100.00
A2009313,2009-11-09,MYD11A2,LST_Night_1km,286.5600,291.0600,83551.1719,4.5000,289.1044,0.7809,0.8837,289,289,100.00
A2009321,2009-11-17,MYD11A2,LST_Night_1km,280.0600,287.4200,82225.2969,7.3600,284.5166,2.7466,1.6573,289,289,100.00
A2009329,2009-11-25,MYD11A2,LST_Night_1km,279.3800,288.6400,82280.2500,9.2600,284.7068,4.3794,2.0927,289,289,100.00
A2009337,2009-12-03,MYD11A2,LST_Night_1km,282.6600,288.7800,82681.7266,6.1200,286.0959,1.7674,1.3294,289,289,100.00
A2009345,2009-12-11,MYD11A2,LST_Night_1km,280.7000,287.5600,82253.9609,6.8600,284.6158,2.5005,1.5813,289,289,100.00
A2009353,2009-12-19,MYD11A2,LST_Night_1km,279.3800,285.3200,81757.8672,5.9400,282.8992,2.3833,1.5438,289,289,100.00
A2009361,2009-12-27,MYD11A2,LST_Night_1km,278.5400,285.3800,81651.4141,6.8400,282.5309,2.3791,1.5424,289,289,100.00
A2010001,2010-01-01,MYD11A2,LST_Night_1km,276.3800,283.4800,81053.4453,7.1000,280.4618,2.8156,1.6780,289,289,100.00
A2010009,2010-01-09,MYD11A2,LST_Night_1km,276.2400,283.6800,81038.9922,7.4400,280.4117,2.6695,1.6339,289,289,100.00
A2010017,2010-01-17,MYD11A2,LST_Night_1km,279.8600,286.1000,81950.6328,6.2400,283.5662,2.1981,1.4826,289,289,100.00
A2010025,2010-01-25,MYD11A2,LST_Night_1km,282.0800,287.8200,82423.5078,5.7400,285.2025,2.0091,1.4174,289,289,100.00
A2010033,2010-02-02,MYD11A2,LST_Night_1km,279.7600,286.4600,81941.4297,6.7000,283.5344,2.5868,1.6083,289,289,100.00
A2010041,2010-02-10,MYD11A2,LST_Night_1km,280.3600,286.6400,82147.2578,6.2800,284.2466,1.6668,1.2910,289,289,100.00
A2010049,2010-02-18,MYD11A2,LST_Night_1km,282.2600,288.3800,82540.8359,6.1200,285.6084,2.1851,1.4782,289,289,100.00
A2010057,2010-02-26,MYD11A2,LST_Night_1km,285.5600,293.2800,84078.2422,7.7200,290.9282,2.1760,1.4751,289,289,100.00
A2010065,2010-03-06,MYD11A2,LST_Night_1km,285.6400,292.5000,83690.5234,6.8600,289.5866,2.4624,1.5692,289,289,100.00
A2010073,2010-03-14,MYD11A2,LST_Night_1km,290.0200,296.9600,84996.4688,6.9400,294.1054,2.2215,1.4905,289,289,100.00
A2010081,2010-03-22,MYD11A2,LST_Night_1km,289.7600,297.7600,85218.8047,8.0000,294.8748,2.7977,1.6726,289,289,100.00
A2010089,2010-03-30,MYD11A2,LST_Night_1km,290.1000,296.6400,84963.0234,6.5400,293.9897,1.7997,1.3415,289,289,100.00
A2010097,2010-04-07,MYD11A2,LST_Night_1km,289.3800,298.9200,85339.0781,9.5400,295.2909,5.8354,2.4157,289,289,100.00
A2010105,2010-04-15,MYD11A2,LST_Night_1km,296.1400,301.5000,86508.4219,5.3600,299.3371,1.2209,1.1050,289,289,100.00
A2010113,2010-04-23,MYD11A2,LST_Night_1km,290.4600,298.3400,85385.6250,7.8800,295.4520,2.2890,1.5130,289,289,100.00
A2010121,2010-05-01,MYD11A2,LST_Night_1km,292.3600,297.3000,85422.7734,4.9400,295.5805,0.7322,0.8557,289,289,100.00
A2010129,2010-05-09,MYD11A2,LST_Night_1km,294.8000,301.1000,86467.3047,6.3000,299.1948,0.8816,0.9390,289,289,100.00
A2010137,2010-05-17,MYD11A2,LST_Night_1km,297.5400,302.6600,86719.9766,5.1200,300.0691,0.8710,0.9333,289,289,100.00
A2010145,2010-05-25,MYD11A2,LST_Night_1km,297.6800,300.2800,86420.0938,2.6000,299.0315,0.3099,0.5567,289,289,100.00
A2010153,2010-06-02,MYD11A2,LST_Night_1km,293.1000,296.3600,85227.4062,3.2600,294.9045,0.5511,0.7423,289,289,100.00
A2010161,2010-06-10,MYD11A2,LST_Night_1km,295.6800,301.0000,86248.4062,5.3200,298.4374,1.4127,1.1886,289,289,100.00
A2010169,2010-06-18,MYD11A2,LST_Night_1km,298.1200,301.8600,86707.2891,3.7400,300.0252,0.5912,0.7689,289,289,100.00
A2010177,2010-06-26,MYD11A2,LST_Night_1km,296.6000,300.9600,86504.2578,4.3600,299.3227,0.5849,0.7648,289,289,100.00
A2010185,2010-07-04,MYD11A2,LST_Night_1km,,,,,,,,289,0,0.00
A2010193,2010-07-12,MYD11A2,LST_Night_1km,293.9800,297.5600,85617.2812,3.5800,296.2536,0.4215,0.6493,289,289,100.00
A2010201,2010-07-20,MYD11A2,LST_Night_1km,295.0600,297.6800,83761.1406,2.6200,295.9758,0.2086,0.4567,289,283,97.92
A2010209,2010-07-28,MYD11A2,LST_Night_1km,,,,,,,,289,0,0.00
A2010217,2010-08-05,MYD11A2,LST_Night_1km,294.6000,298.2400,85781.9609,3.6400,296.8234,0.4218,0.6495,289,289,100.00
A2010225,2010-08-13,MYD11A2,LST_Night_1km,,,,,,,,289,0,0.00
A2010233,2010-08-21,MYD11A2,LST_Night_1km,293.3000,297.1400,85318.9062,3.8400,295.2211,0.6996,0.8364,289,289,100.00
A2010241,2010-08-29,MYD11A2,LST_Night_1km,,,,,,,,289,0,0.00
A2010249,2010-09-06,MYD11A2,LST_Night_1km,,,,,,,,289,0,0.00
A2010257,2010-09-14,MYD11A2,LST_Night_1km,291.9400,294.3400,84693.1484,2.4000,293.0559,0.1518,0.3896,289,289,100.00
A2010265,2010-09-22,MYD11A2,LST_Night_1km,290.8200,295.8000,84824.6250,4.9800,293.5108,1.4079,1.1866,289,289,100.00
A2010273,2010-09-30,MYD11A2,LST_Night_1km,291.8000,296.9200,85148.8516,5.1200,294.6327,1.6309,1.2771,289,289,100.00
A2010281,2010-10-08,MYD11A2,LST_Night_1km,290.4200,297.2400,85114.5703,6.8200,294.5141,2.5905,1.6095,289,289,100.00
A2010289,2010-10-16,MYD11A2,LST_Night_1km,292.2000,296.7000,85206.5625,4.5000,294.8324,1.2038,1.0972,289,289,100.00
A2010297,2010-10-24,MYD11A2,LST_Night_1km,287.3400,294.3800,84153.2031,7.0400,291.1876,2.6635,1.6320,289,289,100.00
A2010305,2010-11-01,MYD11A2,LST_Night_1km,285.3400,291.7000,83566.5703,6.3600,289.1577,2.0867,1.4445,289,289,100.00
A2010313,2010-11-09,MYD11A2,LST_Night_1km,290.2600,293.6800,84475.9922,3.4200,292.3045,0.4378,0.6617,289,289,100.00
A2010321,2010-11-17,MYD11A2,LST_Night_1km,285.2400,289.3600,83085.0234,4.1200,287.4914,0.6253,0.7908,289,289,100.00
A2010329,2010-11-25,MYD11A2,LST_Night_1km,282.6000,287.2600,82417.0312,4.6600,285.1801,0.9803,0.9901,289,289,100.00
A2010337,2010-12-03,MYD11A2,LST_Night_1km,279.2600,284.6000,81612.2266,5.3400,282.3952,1.5454,1.2432,289,289,100.00
A2010345,2010-12-11,MYD11A2,LST_Night_1km,278.4200,285.1400,81455.4297,6.7200,281.8527,2.6156,1.6173,289,289,100.00
A2010353,2010-12-19,MYD11A2,LST_Night_1km,277.7400,284.5800,81329.7422,6.8400,281.4178,2.5643,1.6014,289,289,100.00
A2010361,2010-12-27,MYD11A2,LST_Night_1km,277.9800,285.3000,81750.0312,7.3200,282.8721,2.1875,1.4790,289,289,100.00
A2011001,2011-01-01,MYD11A2,LST_Night_1km,275.4800,281.8800,80649.9531,6.4000,279.0656,2.0357,1.4268,289,289,100.00
A2011009,2011-01-09,MYD11A2,LST_Night_1km,277.5400,283.5600,81225.2656,6.0200,281.0563,1.9951,1.4125,289,289,100.00
A2011017,2011-01-17,MYD11A2,LST_Night_1km,278.2600,285.5400,81715.9688,7.2800,282.7542,2.4029,1.5501,289,289,100.00
A2011025,2011-01-25,MYD11A2,LST_Night_1km,278.1600,284.9200,81579.2344,6.7600,282.2811,2.1513,1.4667,289,289,100.00
A2011033,2011-02-02,MYD11A2,LST_Night_1km,282.1400,288.7000,82578.9609,6.5600,285.7404,2.5866,1.6083,289,289,100.00
A2011041,2011-02-10,MYD11A2,LST_Night_1km,282.0600,288.0200,82601.4531,5.9600,285.8182,1.7975,1.3407,289,289,100.00
A2011049,2011-02-18,MYD11A2,LST_Night_1km,281.8800,287.8400,82340.1562,5.9600,284.9140,1.4592,1.2080,289,289,100.00
A2011057,2011-02-26,MYD11A2,LST_Night_1km,283.5400,288.6000,82829.3281,5.0600,286.6067,1.0382,1.0189,289,289,100.00
A2011065,2011-03-06,MYD11A2,LST_Night_1km,284.3000,290.7800,83220.6172,6.4800,287.9606,2.4222,1.5563,289,289,100.00
A2011073,2011-03-14,MYD11A2,LST_Night_1km,286.0200,293.8000,84103.5625,7.7800,291.0158,3.3620,1.8336,289,289,100.00
A2011081,2011-03-22,MYD11A2,LST_Night_1km,287.1800,295.1200,84431.5078,7.9400,292.1505,3.0527,1.7472,289,289,100.00
A2011089,2011-03-30,MYD11A2,LST_Night_1km,286.8200,293.3400,84066.7344,6.5200,290.8884,2.4445,1.5635,289,289,100.00
A2011097,2011-04-07,MYD11A2,LST_Night_1km,288.1000,294.4000,84468.7109,6.3000,292.2793,1.7588,1.3262,289,289,100.00
A2011105,2011-04-15,MYD11A2,LST_Night_1km,289.2200,295.2000,84620.9062,5.9800,292.8059,1.7334,1.3166,289,289,100.00
A2011113,2011-04-23,MYD11A2,LST_Night_1km,292.7400,299.0400,85729.4688,6.3000,296.6418,1.9436,1.3941,289,289,100.00
A2011121,2011-05-01,MYD11A2,LST_Night_1km,295.6200,299.9600,86178.5391,4.3400,298.1956,0.8366,0.9146,289,289,100.00
A2011129,2011-05-09,MYD11A2,LST_Night_1km,297.1000,301.8200,86635.5781,4.7200,299.7771,0.7521,0.8672,289,289,100.00
A2011137,2011-05-17,MYD11A2,LST_Night_1km,297.2600,301.5800,86565.7812,4.3200,299.5356,0.8028,0.8960,289,289,100.00
A2011145,2011-05-25,MYD11A2,LST_Night_1km,298.0400,301.5000,86693.6875,3.4600,299.9781,0.4447,0.6669,289,289,100.00
A2011153,2011-06-02,MYD11A2,LST_Night_1km,295.1800,300.7800,86293.2422,5.6000,298.5925,1.8246,1.3508,289,289,100.00
A2011161,2011-06-10,MYD11A2,LST_Night_1km,298.5200,300.9800,86563.6875,2.4600,299.5283,0.1308,0.3617,289,289,100.00
A2011169,2011-06-18,MYD11A2,LST_Night_1km,293.4400,294.8600,39422.8828,1.4200,294.2006,0.0782,0.2796,289,134,46.37
A2011177,2011-06-26,MYD11A2,LST_Night_1km,292.6600,296.2600,85154.9844,3.6000,294.6539,0.3559,0.5966,289,289,100.00
A2011185,2011-07-04,MYD11A2,LST_Night_1km,295.5600,299.1600,85907.1953,3.6000,297.2567,0.3402,0.5833,289,289,100.00
A2011193,2011-07-12,MYD11A2,LST_Night_1km,291.7000,294.7000,42528.5430,3.0000,293.3003,0.4794,0.6924,289,145,50.17
A2011201,2011-07-20,MYD11A2,LST_Night_1km,,,,,,,,289,0,0.00
A2011209,2011-07-28,MYD11A2,LST_Night_1km,287.5000,299.1400,77475.7656,11.6400,296.8420,4.7341,2.1758,289,261,90.31
A2011217,2011-08-05,MYD11A2,LST_Night_1km,,,,,,,,289,0,0.00
A2011225,2011-08-13,MYD11A2,LST_Night_1km,289.6000,294.8400,84452.2109,5.2400,293.2368,0.8338,0.9131,289,288,99.65
A2011233,2011-08-21,MYD11A2,LST_Night_1km,291.5800,299.0600,67489.2031,7.4800,297.3093,1.0973,1.0475,289,227,78.55
A2011241,2011-08-29,MYD11A2,LST_Night_1km,291.7600,299.1600,61622.7734,7.4000,296.2633,1.0154,1.0077,289,208,71.97
A2011249,2011-09-06,MYD11A2,LST_Night_1km,292.9400,296.9600,83707.7812,4.0200,295.7872,0.3750,0.6123,289,283,97.92
A2011257,2011-09-14,MYD11A2,LST_Night_1km,293.8400,296.5200,85302.6875,2.6800,295.1650,0.2600,0.5099,289,289,100.00
A2011265,2011-09-22,MYD11A2,LST_Night_1km,292.2600,296.7000,85315.0000,4.4400,295.2076,0.7531,0.8678,289,289,100.00
A2011273,2011-09-30,MYD11A2,LST_Night_1km,291.4000,296.8800,85223.0703,5.4800,294.8895,1.3773,1.1736,289,289,100.00
A2011281,2011-10-08,MYD11A2,LST_Night_1km,289.4800,296.0400,84687.7344,6.5600,293.0371,2.5327,1.5915,289,289,100.00
A2011289,2011-10-16,MYD11A2,LST_Night_1km,287.1400,294.4800,84230.0234,7.3400,291.4534,3.3705,1.8359,289,289,100.00
A2011297,2011-10-24,MYD11A2,LST_Night_1km,286.2000,292.7800,83778.2109,6.5800,289.8900,2.9088,1.7055,289,289,100.00
A2011305,2011-11-01,MYD11A2,LST_Night_1km,286.4400,293.5200,83909.8594,7.0800,290.3455,3.3740,1.8368,289,289,100.00
A2011313,2011-11-09,MYD11A2,LST_Night_1km,285.6800,293.9200,83817.3203,8.2400,290.0253,3.0351,1.7421,289,289,100.00
A2011321,2011-11-17,MYD11A2,LST_Night_1km,285.7400,292.0800,83604.1250,6.3400,289.2876,2.6666,1.6330,289,289,100.00
A2011329,2011-11-25,MYD11A2,LST_Night_1km,282.3200,289.2800,82603.1875,6.9600,285.8242,2.8495,1.6880,289,289,100.00
A2011337,2011-12-03,MYD11A2,LST_Night_1km,281.3000,290.0800,83055.0703,8.7800,287.3878,2.7472,1.6575,289,289,100.00
A2011345,2011-12-11,MYD11A2,LST_Night_1km,276.4600,285.7600,81286.8750,9.3000,281.2695,4.0381,2.0095,289,289,100.00
A2011353,2011-12-19,MYD11A2,LST_Night_1km,279.3400,285.6200,81743.3672,6.2800,282.8490,2.2040,1.4846,289,289,100.00
A2011361,2011-12-27,MYD11A2,LST_Night_1km,277.0400,284.3400,81403.3281,7.3000,281.6724,2.4478,1.5646,289,289,100.00
A2012001,2012-01-01,MYD11A2,LST_Night_1km,278.5200,284.5400,81421.5391,6.0200,281.7354,1.9186,1.3851,289,289,100.00
A2012009,2012-01-09,MYD11A2,LST_Night_1km,275.8400,284.1200,80908.1797,8.2800,279.9591,2.7321,1.6529,289,289,100.00
A2012017,2012-01-17,MYD11A2,LST_Night_1km,275.2400,283.1800,80793.4375,7.9400,279.5621,3.1288,1.7688,289,289,100.00
A2012025,2012-01-25,MYD11A2,LST_Night_1km,277.2600,284.2200,81268.5078,6.9600,281.2059,2.6666,1.6330,289,289,100.00
A2012033,2012-02-02,MYD11A2,LST_Night_1km,275.8800,285.6200,81074.8281,9.7400,280.5357,3.3854,1.8399,289,289,100.00
A2012041,2012-02-10,MYD11A2,LST_Night_1km,277.8000,284.8600,81542.5625,7.0600,282.1542,2.5583,1.5995,289,289,100.00
A2012049,2012-02-18,MYD11A2,LST_Night_1km,282.2200,288.2000,82522.0547,5.9800,285.5435,1.9508,1.3967,289,289,100.00
A2012057,2012-02-26,MYD11A2,LST_Night_1km,283.5200,290.1400,83092.7188,6.6200,287.5181,2.1632,1.4708,289,289,100.00
A2012065,2012-03-05,MYD11A2,LST_Night_1km,284.0600,288.6000,82800.1484,4.5400,286.5057,1.2321,1.1100,289,289,100.00
A2012073,2012-03-13,MYD11A2,LST_Night_1km,286.0200,292.8800,83879.6719,6.8600,290.2411,2.1514,1.4668,289,289,100.00
A2012081,2012-03-21,MYD11A2,LST_Night_1km,285.2200,292.6000,83650.8672,7.3800,289.4494,3.2272,1.7964,289,289,100.00
A2012089,2012-03-29,MYD11A2,LST_Night_1km,289.6800,296.1600,84956.3984,6.4800,293.9668,2.3016,1.5171,289,289,100.00
A2012097,2012-04-06,MYD11A2,LST_Night_1km,291.0600,298.4600,85323.5234,7.4000,295.2371,2.2992,1.5163,289,289,100.00
A2012105,2012-04-14,MYD11A2,LST_Night_1km,290.8600,295.0200,84750.0000,4.1600,293.2526,0.8343,0.9134,289,289,100.00
A2012113,2012-04-22,MYD11A2,LST_Night_1km,290.3600,295.6400,84884.9062,5.2800,293.7194,0.9766,0.9882,289,289,100.00
A2012121,2012-04-30,MYD11A2,LST_Night_1km,292.5400,298.3400,85454.9453,5.8000,295.6919,1.6879,1.2992,289,289,100.00
A2012129,2012-05-08,MYD11A2,LST_Night_1km,292.0600,298.6000,85569.8125,6.5400,296.0893,1.9189,1.3852,289,289,100.00
A2012137,2012-05-16,MYD11A2,LST_Night_1km,294.3800,298.7400,85891.9609,4.3600,297.2040,0.7232,0.8504,289,289,100.00
A2012145,2012-05-24,MYD11A2,LST_Night_1km,298.5400,302.4000,86916.8125,3.8600,300.7502,0.7267,0.8525,289,289,100.00
A2012153,2012-06-01,MYD11A2,LST_Night_1km,297.1200,300.3400,86302.7969,3.2200,298.6256,0.4018,0.6339,289,289,100.00
A2012161,2012-06-09,MYD11A2,LST_Night_1km,297.7800,302.6000,86704.4062,4.8200,300.0153,0.7267,0.8525,289,289,100.00
A2012169,2012-06-17,MYD11A2,LST_Night_1km,295.0600,298.4400,85708.8281,3.3800,296.5703,0.3032,0.5507,289,289,100.00
A2012177,2012-06-25,MYD11A2,LST_Night_1km,297.6000,300.3400,86386.8516,2.7400,298.9164,0.2606,0.5105,289,289,100.00
A2012185,2012-07-03,MYD11A2,LST_Night_1km,287.9000,301.9400,85612.5781,14.0400,296.2373,4.9655,2.2283,289,289,100.00
A2012193,2012-07-11,MYD11A2,LST_Night_1km,294.4600,296.8800,85490.6562,2.4200,295.8154,0.1970,0.4438,289,289,100.00
A2012201,2012-07-19,MYD11A2,LST_Night_1km,292.0400,295.8200,22623.4414,3.7800,293.8109,0.7617,0.8727,289,77,26.64
A2012209,2012-07-27,MYD11A2,LST_Night_1km,287.6400,292.8400,72322.0703,5.2000,291.6212,0.7749,0.8803,289,248,85.81
A2012217,2012-08-04,MYD11A2,LST_Night_1km,294.8200,297.2600,85602.3750,2.4400,296.2020,0.2094,0.4576,289,289,100.00
A2012225,2012-08-12,MYD11A2,LST_Night_1km,281.5200,291.4400,7087.1191,9.9200,283.4848,6.6021,2.5695,289,25,8.65
A2012233,2012-08-20,MYD11A2,LST_Night_1km,,,,,,,,289,0,0.00
A2012241,2012-08-28,MYD11A2,LST_Night_1km,293.8800,296.6600,85356.4375,2.7800,295.3510,0.1703,0.4127,289,289,100.00
A2012249,2012-09-05,MYD11A2,LST_Night_1km,293.8800,296.1400,12086.6992,2.2600,294.7975,0.4033,0.6351,289,41,14.19
A2012257,2012-09-13,MYD11A2,LST_Night_1km,293.2800,296.5200,85138.3203,3.2400,294.5963,0.3231,0.5684,289,289,100.00
A2012265,2012-09-21,MYD11A2,LST_Night_1km,292.7000,297.0600,85254.4609,4.3600,294.9981,0.7184,0.8476,289,289,100.00
A2012273,2012-09-29,MYD11A2,LST_Night_1km,290.3200,296.9400,84986.4141,6.6200,294.0706,2.4957,1.5798,289,289,100.00
A2012281,2012-10-07,MYD11A2,LST_Night_1km,289.3000,296.0600,84680.9766,6.7600,293.0138,2.6372,1.6239,289,289,100.00
A2012289,2012-10-15,MYD11A2,LST_Night_1km,289.5600,295.4000,84639.1172,5.8400,292.8689,1.6880,1.2992,289,289,100.00
A2012297,2012-10-23,MYD11A2,LST_Night_1km,285.6000,292.7600,83661.0938,7.1600,289.4847,2.8088,1.6760,289,289,100.00
A2012305,2012-10-31,MYD11A2,LST_Night_1km,284.5600,291.7400,83405.2812,7.1800,288.5996,3.1249,1.7677,289,289,100.00
A2012313,2012-11-08,MYD11A2,LST_Night_1km,283.2400,290.7000,83046.5625,7.4600,287.3583,3.3971,1.8431,289,289,100.00
A2012321,2012-11-16,MYD11A2,LST_Night_1km,282.6800,289.6400,82804.1094,6.9600,286.5194,3.0476,1.7457,289,289,100.00
A2012329,2012-11-24,MYD11A2,LST_Night_1km,281.0400,288.4200,82269.2266,7.3800,284.6686,3.1412,1.7723,289,289,100.00
A2012337,2012-12-02,MYD11A2,LST_Night_1km,281.6600,288.6400,82487.5703,6.9800,285.4241,2.8903,1.7001,289,289,100.00
A2012345,2012-12-10,MYD11A2,LST_Night_1km,281.2600,287.2800,82338.4141,6.0200,284.9080,1.5809,1.2574,289,289,100.00
A2012353,2012-12-18,MYD11A2,LST_Night_1km,277.1800,285.7400,81464.9453,8.5600,281.8856,3.7944,1.9479,289,289,100.00
A2012361,2012-12-26,MYD11A2,LST_Night_1km,277.8000,285.8600,81363.1172,8.0600,281.5333,1.9505,1.3966,289,289,100.00
A2013001,2013-01-01,MYD11A2,LST_Night_1km,274.9600,283.9800,80663.0312,9.0200,279.1108,3.2375,1.7993,289,289,100.00
A2013009,2013-01-09,MYD11A2,LST_Night_1km,279.9400,286.3400,81919.3672,6.4000,283.4580,2.2128,1.4875,289,289,100.00
A2013017,2013-01-17,MYD11A2,LST_Night_1km,276.8200,283.9800,81014.2578,7.1600,280.3261,1.7375,1.3181,289,289,100.00
A2013025,2013-01-25,MYD11A2,LST_Night_1km,278.4800,285.0000,81482.5391,6.5200,281.9465,2.3412,1.5301,289,289,100.00
A2013033,2013-02-02,MYD11A2,LST_Night_1km,280.5800,286.5600,81790.0391,5.9800,283.0105,1.4071,1.1862,289,289,100.00
A2013041,2013-02-10,MYD11A2,LST_Night_1km,281.8800,286.9400,82376.8281,5.0600,285.0409,1.2285,1.1084,289,289,100.00
A2013049,2013-02-18,MYD11A2,LST_Night_1km,284.2800,289.0600,82772.8281,4.7800,286.4112,1.0245,1.0122,289,289,100.00
A2013057,2013-02-26,MYD11A2,LST_Night_1km,283.1400,290.0600,82821.6328,6.9200,286.5800,2.4178,1.5549,289,289,100.00
A2013065,2013-03-06,MYD11A2,LST_Night_1km,286.1000,292.8200,83831.3438,6.7200,290.0739,2.7054,1.6448,289,289,100.00
A2013073,2013-03-14,MYD11A2,LST_Night_1km,286.1200,293.4000,83832.7656,7.2800,290.0788,2.7035,1.6442,289,289,100.00
A2013081,2013-03-22,MYD11A2,LST_Night_1km,284.0600,293.3200,84074.7734,9.2600,290.9162,2.4722,1.5723,289,289,100.00
A2013089,2013-03-30,MYD11A2,LST_Night_1km,286.8400,294.2200,84227.5312,7.3800,291.4447,2.6074,1.6147,289,289,100.00
A2013097,2013-04-07,MYD11A2,LST_Night_1km,290.0600,296.0600,84988.2188,6.0000,294.0769,1.7830,1.3353,289,289,100.00
A2013105,2013-04-15,MYD11A2,LST_Night_1km,289.8400,296.3200,85046.8359,6.4800,294.2797,1.8644,1.3654,289,289,100.00
A2013113,2013-04-23,MYD11A2,LST_Night_1km,292.5400,297.8400,85372.4766,5.3000,295.4065,1.4521,1.2050,289,289,100.00
A2013121,2013-05-01,MYD11A2,LST_Night_1km,293.5400,299.4400,85878.7188,5.9000,297.1582,1.7574,1.3257,289,289,100.00
A2013129,2013-05-09,MYD11A2,LST_Night_1km,293.1600,300.3000,86031.7188,7.1400,297.6876,1.7897,1.3378,289,289,100.00
A2013137,2013-05-17,MYD11A2,LST_Night_1km,298.4000,303.2200,87155.8438,4.8200,301.5773,0.9766,0.9882,289,289,100.00
A2013145,2013-05-25,MYD11A2,LST_Night_1km,297.5200,301.6800,86604.5234,4.1600,299.6696,0.6388,0.7992,289,289,100.00
A2013153,2013-06-02,MYD11A2,LST_Night_1km,298.6200,302.0800,86722.4453,3.4600,300.0777,0.4395,0.6630,289,289,100.00
A2013161,2013-06-10,MYD11A2,LST_Night_1km,295.2400,299.2800,85766.6562,4.0400,297.8009,0.6716,0.8195,289,288,99.65
A2013169,2013-06-18,MYD11A2,LST_Night_1km,294.1000,297.8800,85660.6406,3.7800,296.4036,0.6702,0.8187,289,289,100.00
A2013177,2013-06-26,MYD11A2,LST_Night_1km,,,,,,,,289,0,0.00
A2013185,2013-07-04,MYD11A2,LST_Night_1km,290.6200,300.9000,78273.5859,10.2800,296.4908,3.9808,1.9952,289,264,91.35
A2013193,2013-07-12,MYD11A2,LST_Night_1km,,,,,,,,289,0,0.00
A2013201,2013-07-20,MYD11A2,LST_Night_1km,,,,,,,,289,0,0.00
A2013209,2013-07-28,MYD11A2,LST_Night_1km,288.0400,297.4800,58413.8984,9.4400,295.0197,2.5489,1.5965,289,198,68.51
A2013217,2013-08-05,MYD11A2,LST_Night_1km,,,,,,,,289,0,0.00
A2013225,2013-08-13,MYD11A2,LST_Night_1km,,,,,,,,289,0,0.00
A2013233,2013-08-21,MYD11A2,LST_Night_1km,293.5800,297.9800,85523.6562,4.4000,295.9296,1.0782,1.0384,289,289,100.00
A2013241,2013-08-29,MYD11A2,LST_Night_1km,292.9600,297.6000,85501.1250,4.6400,295.8517,0.9721,0.9860,289,289,100.00
A2013249,2013-09-06,MYD11A2,LST_Night_1km,293.6400,297.3200,85455.6172,3.6800,295.6942,0.7679,0.8763,289,289,100.00
A2013257,2013-09-14,MYD11A2,LST_Night_1km,293.9200,299.5600,85794.4688,5.6400,296.8667,1.4681,1.2117,289,289,100.00
A2013265,2013-09-22,MYD11A2,LST_Night_1km,290.8800,295.5800,84535.8438,4.7000,294.5500,0.4849,0.6963,289,287,99.31
A2013273,2013-09-30,MYD11A2,LST_Night_1km,294.1600,296.3200,85242.2812,2.1600,294.9560,0.1592,0.3990,289,289,100.00
A2013281,2013-10-08,MYD11A2,LST_Night_1km,294.0400,296.9800,85333.3125,2.9400,295.2710,0.2471,0.4971,289,289,100.00
A2013289,2013-10-16,MYD11A2,LST_Night_1km,289.3000,295.9600,84552.3047,6.6600,292.5685,1.9434,1.3941,289,289,100.00
A2013297,2013-10-24,MYD11A2,LST_Night_1km,287.0800,293.7200,84016.7891,6.6400,290.7155,1.9904,1.4108,289,289,100.00
A2013305,2013-11-01,MYD11A2,LST_Night_1km,284.6800,292.1600,83378.2500,7.4800,288.5060,2.6294,1.6215,289,289,100.00
A2013313,2013-11-09,MYD11A2,LST_Night_1km,281.7800,289.1000,82517.1562,7.3200,285.5265,2.5321,1.5913,289,289,100.00
A2013321,2013-11-17,MYD11A2,LST_Night_1km,281.8200,289.5000,82614.2031,7.6800,285.8623,3.5990,1.8971,289,289,100.00
A2013329,2013-11-25,MYD11A2,LST_Night_1km,282.3000,289.3600,82673.4922,7.0600,286.0674,2.9638,1.7216,289,289,100.00
A2013337,2013-12-03,MYD11A2,LST_Night_1km,280.9200,288.3800,82301.9688,7.4600,284.7819,3.1181,1.7658,289,289,100.00
A2013345,2013-12-11,MYD11A2,LST_Night_1km,281.0200,288.0800,82342.2969,7.0600,284.9214,2.6917,1.6406,289,289,100.00
A2013353,2013-12-19,MYD11A2,LST_Night_1km,275.7600,286.1400,81285.3203,10.3800,281.2641,2.7103,1.6463,289,289,100.00
A2013361,2013-12-27,MYD11A2,LST_Night_1km,275.0200,283.5800,80785.4688,8.5600,279.5345,2.7328,1.6531,289,289,100.00
A2014001,2014-01-01,MYD11A2,LST_Night_1km,276.4000,284.3200,81041.5938,7.9200,280.4207,3.2612,1.8059,289,289,100.00
A2014009,2014-01-09,MYD11A2,LST_Night_1km,276.1400,284.3000,81078.7188,8.1600,280.5492,2.6110,1.6159,289,289,100.00
A2014017,2014-01-17,MYD11A2,LST_Night_1km,278.2600,283.3800,81410.5781,5.1200,281.6975,0.8695,0.9325,289,289,100.00
A2014025,2014-01-25,MYD11A2,LST_Night_1km,280.7000,286.5600,81931.6094,5.8600,283.5004,1.8296,1.3526,289,289,100.00
A2014033,2014-02-02,MYD11A2,LST_Night_1km,282.5400,288.3000,82609.1875,5.7600,285.8449,1.9189,1.3852,289,289,100.00
A2014041,2014-02-10,MYD11A2,LST_Night_1km,278.3200,286.1800,81531.1406,7.8600,282.1147,2.3830,1.5437,289,289,100.00
A2014049,2014-02-18,MYD11A2,LST_Night_1km,281.2200,287.0200,82232.0156,5.8000,284.5399,1.7405,1.3193,289,289,100.00
A2014057,2014-02-26,MYD11A2,LST_Night_1km,282.3000,288.4200,82431.4062,6.1200,285.2298,1.2253,1.1069,289,289,100.00
A2014065,2014-03-06,MYD11A2,LST_Night_1km,283.5200,290.3600,83022.2500,6.8400,287.2742,2.6885,1.6397,289,289,100.00
A2014073,2014-03-14,MYD11A2,LST_Night_1km,285.1600,292.0600,83509.1406,6.9000,288.9590,2.5139,1.5855,289,289,100.00
A2014081,2014-03-22,MYD11A2,LST_Night_1km,285.3600,293.4200,84045.8594,8.0600,290.8161,4.1044,2.0259,289,289,100.00
A2014089,2014-03-30,MYD11A2,LST_Night_1km,289.4000,295.6600,84676.8672,6.2600,292.9995,1.9064,1.3807,289,289,100.00
A2014097,2014-04-07,MYD11A2,LST_Night_1km,288.1600,295.2400,84432.8125,7.0800,292.1551,3.0809,1.7553,289,289,100.00
A2014105,2014-04-15,MYD11A2,LST_Night_1km,288.4200,295.2000,84452.7188,6.7800,292.2239,1.9232,1.3868,289,289,100.00
A2014113,2014-04-23,MYD11A2,LST_Night_1km,292.3400,298.7800,85440.0703,6.4400,295.6404,2.3178,1.5224,289,289,100.00
A2014121,2014-05-01,MYD11A2,LST_Night_1km,292.1200,299.5400,85638.6250,7.4200,296.3274,2.4210,1.5559,289,289,100.00
A2014129,2014-05-09,MYD11A2,LST_Night_1km,290.1400,297.3800,85190.9453,7.2400,294.7784,1.5641,1.2506,289,289,100.00
A2014137,2014-05-17,MYD11A2,LST_Night_1km,294.0000,300.2400,86132.1484,6.2400,298.0351,1.4293,1.1955,289,289,100.00
A2014145,2014-05-25,MYD11A2,LST_Night_1km,297.1200,300.6200,86428.7969,3.5000,299.0616,0.5504,0.7419,289,289,100.00
A2014153,2014-06-02,MYD11A2,LST_Night_1km,298.8400,303.8000,87276.5625,4.9600,301.9950,0.9313,0.9651,289,289,100.00
A2014161,2014-06-10,MYD11A2,LST_Night_1km,298.7800,302.9400,87071.9844,4.1600,301.2871,0.5233,0.7234,289,289,100.00
A2014169,2014-06-18,MYD11A2,LST_Night_1km,295.4400,299.0800,85926.7969,3.6400,297.3246,0.8549,0.9246,289,289,100.00
A2014177,2014-06-26,MYD11A2,LST_Night_1km,293.4200,297.9800,85657.2266,4.5600,296.3918,0.6038,0.7770,289,289,100.00
A2014185,2014-07-04,MYD11A2,LST_Night_1km,296.1600,301.4400,86641.5859,5.2800,299.7979,0.8402,0.9166,289,289,100.00
A2014193,2014-07-12,MYD11A2,LST_Night_1km,288.0400,295.3200,60569.9648,7.2800,294.0290,1.1121,1.0546,289,206,71.28
A2014201,2014-07-20,MYD11A2,LST_Night_1km,292.6600,296.7200,85223.1094,4.0600,294.8896,0.6694,0.8182,289,289,100.00
A2014209,2014-07-28,MYD11A2,LST_Night_1km,,,,,,,,289,0,0.00
A2014217,2014-08-05,MYD11A2,LST_Night_1km,,,,,,,,289,0,0.00
A2014225,2014-08-13,MYD11A2,LST_Night_1km,291.8200,296.3600,85130.5781,4.5400,294.5695,0.9338,0.9663,289,289,100.00
A2014233,2014-08-21,MYD11A2,LST_Night_1km,294.9600,298.9400,85820.4375,3.9800,296.9565,0.6714,0.8194,289,289,100.00
A2014241,2014-08-29,MYD11A2,LST_Night_1km,288.2200,288.8000,1730.1001,0.5800,288.3500,0.0412,0.2029,289,6,2.08
A2014249,2014-09-06,MYD11A2,LST_Night_1km,291.7600,297.8600,85343.6875,6.1000,295.3069,0.4952,0.7037,289,289,100.00
A2014257,2014-09-14,MYD11A2,LST_Night_1km,294.6800,298.0400,85659.3047,3.3600,296.3990,0.4531,0.6732,289,289,100.00
A2014265,2014-09-22,MYD11A2,LST_Night_1km,293.3200,297.7800,85489.1562,4.4600,295.8102,0.9597,0.9796,289,289,100.00
A2014273,2014-09-30,MYD11A2,LST_Night_1km,292.4800,297.8600,85449.0156,5.3800,295.6713,1.6565,1.2871,289,289,100.00
A2014281,2014-10-08,MYD11A2,LST_Night_1km,291.5000,296.2400,84968.4844,4.7400,294.0086,1.2110,1.1005,289,289,100.00
A2014289,2014-10-16,MYD11A2,LST_Night_1km,288.1800,294.2600,84225.8438,6.0800,291.4389,2.0792,1.4420,289,289,100.00
A2014297,2014-10-24,MYD11A2,LST_Night_1km,289.1200,295.3600,84542.8984,6.2400,292.5360,2.3969,1.5482,289,289,100.00
A2014305,2014-11-01,MYD11A2,LST_Night_1km,287.6800,294.4800,84178.7656,6.8000,291.2760,2.1642,1.4711,289,289,100.00
A2014313,2014-11-09,MYD11A2,LST_Night_1km,283.4200,291.5200,83175.1172,8.1000,287.8032,3.1401,1.7720,289,289,100.00
A2014321,2014-11-17,MYD11A2,LST_Night_1km,282.4400,289.7800,82770.7422,7.3400,286.4040,3.3084,1.8189,289,289,100.00
A2014329,2014-11-25,MYD11A2,LST_Night_1km,283.4600,291.0000,83129.2969,7.5400,287.6446,3.2879,1.8133,289,289,100.00
A2014337,2014-12-03,MYD11A2,LST_Night_1km,281.2200,288.7000,82504.2109,7.4800,285.4817,3.3203,1.8222,289,289,100.00
A2014345,2014-12-11,MYD11A2,LST_Night_1km,279.0200,286.3400,81681.2656,7.3200,282.6341,2.1459,1.4649,289,289,100.00
A2014353,2014-12-19,MYD11A2,LST_Night_1km,277.9000,285.7600,81424.7891,7.8600,281.7467,2.7163,1.6481,289,289,100.00
A2014361,2014-12-27,MYD11A2,LST_Night_1km,275.5600,284.3200,80982.0781,8.7600,280.2148,3.8180,1.9540,289,289,100.00
A2015001,2015-01-01,MYD11A2,LST_Night_1km,279.0000,285.9800,81776.1641,6.9800,282.9625,2.4921,1.5787,289,289,100.00
A2015009,2015-01-09,MYD11A2,LST_Night_1km,278.3600,285.5800,81508.1094,7.2200,282.0350,1.9614,1.4005,289,289,100.00
A2015017,2015-01-17,MYD11A2,LST_Night_1km,279.6000,286.1800,81636.6562,6.5800,282.4798,1.6299,1.2767,289,289,100.00
A2015025,2015-01-25,MYD11A2,LST_Night_1km,278.7800,285.5400,81483.1406,6.7600,281.9486,1.5191,1.2325,289,289,100.00
A2015033,2015-02-02,MYD11A2,LST_Night_1km,281.2200,286.9600,82201.8438,5.7400,284.4355,1.4665,1.2110,289,289,100.00
A2015041,2015-02-10,MYD11A2,LST_Night_1km,284.1600,290.1200,83140.6250,5.9600,287.6838,2.1368,1.4618,289,289,100.00
A2015049,2015-02-18,MYD11A2,LST_Night_1km,285.0600,291.5400,83426.8906,6.4800,288.6743,2.1211,1.4564,289,289,100.00
A2015057,2015-02-26,MYD11A2,LST_Night_1km,282.4600,288.2400,82479.4688,5.7800,285.3961,1.3427,1.1587,289,289,100.00
A2015065,2015-03-06,MYD11A2,LST_Night_1km,282.8000,288.8200,82807.8750,6.0200,286.5324,1.1291,1.0626,289,289,100.00
A2015073,2015-03-14,MYD11A2,LST_Night_1km,287.1000,292.1200,83788.2734,5.0200,289.9248,1.4212,1.1921,289,289,100.00
A2015081,2015-03-22,MYD11A2,LST_Night_1km,289.5800,294.8200,84613.3828,5.2400,292.7799,1.1349,1.0653,289,289,100.00
A2015089,2015-03-30,MYD11A2,LST_Night_1km,288.7800,293.2200,84297.6562,4.4400,291.6874,0.7485,0.8652,289,289,100.00
A2015097,2015-04-07,MYD11A2,LST_Night_1km,289.5400,295.4800,84592.5547,5.9400,292.7078,1.6113,1.2694,289,289,100.00
A2015105,2015-04-15,MYD11A2,LST_Night_1km,292.9800,298.3200,85554.0547,5.3400,296.0348,1.4281,1.1950,289,289,100.00
A2015113,2015-04-23,MYD11A2,LST_Night_1km,293.9000,299.4600,85931.3828,5.5600,297.3404,1.4697,1.2123,289,289,100.00
A2015121,2015-05-01,MYD11A2,LST_Night_1km,292.9400,299.7600,85757.0234,6.8200,296.7371,2.1993,1.4830,289,289,100.00
A2015129,2015-05-09,MYD11A2,LST_Night_1km,293.8000,299.8200,85882.9922,6.0200,297.1730,1.2599,1.1224,289,289,100.00
A2015137,2015-05-17,MYD11A2,LST_Night_1km,297.8400,301.9400,86774.1484,4.1000,300.2566,0.6495,0.8059,289,289,100.00
A2015145,2015-05-25,MYD11A2,LST_Night_1km,295.5800,301.4800,86541.3906,5.9000,299.4512,1.0978,1.0477,289,289,100.00
A2015153,2015-06-02,MYD11A2,LST_Night_1km,293.8400,300.4200,86062.5938,6.5800,297.7944,1.6355,1.2789,289,289,100.00
A2015161,2015-06-10,MYD11A2,LST_Night_1km,295.5600,299.8200,86021.0547,4.2600,297.6507,0.4875,0.6982,289,289,100.00
A2015169,2015-06-18,MYD11A2,LST_Night_1km,295.8400,301.8400,86224.1016,6.0000,298.3533,2.3507,1.5332,289,289,100.00
A2015177,2015-06-26,MYD11A2,LST_Night_1km,293.3000,297.6600,85586.9062,4.3600,296.1485,0.5154,0.7179,289,289,100.00
A2015185,2015-07-04,MYD11A2,LST_Night_1km,293.0800,297.9800,85480.7500,4.9000,295.7811,0.9500,0.9747,289,289,100.00
A2015193,2015-07-12,MYD11A2,LST_Night_1km,292.4200,299.6000,86041.1406,7.1800,297.7202,1.1524,1.0735,289,289,100.00
A2015201,2015-07-20,MYD11A2,LST_Night_1km,,,,,,,,289,0,0.00
A2015209,2015-07-28,MYD11A2,LST_Night_1km,,,,,,,,289,0,0.00
A2015217,2015-08-05,MYD11A2,LST_Night_1km,,,,,,,,289,0,0.00
A2015225,2015-08-13,MYD11A2,LST_Night_1km,293.0800,296.4400,85153.8750,3.3600,294.6501,0.2587,0.5087,289,289,100.00
A2015233,2015-08-21,MYD11A2,LST_Night_1km,293.5000,297.9600,85282.4844,4.4600,295.0951,0.3500,0.5916,289,289,100.00
A2015241,2015-08-29,MYD11A2,LST_Night_1km,293.4000,297.5200,85544.4375,4.1200,296.0015,0.7113,0.8434,289,289,100.00
A2015249,2015-09-06,MYD11A2,LST_Night_1km,294.4400,299.5600,85976.6094,5.1200,297.4969,1.0527,1.0260,289,289,100.00
A2015257,2015-09-14,MYD11A2,LST_Night_1km,294.8400,298.3800,85866.6797,3.5400,297.1165,0.5453,0.7385,289,289,100.00
A2015265,2015-09-22,MYD11A2,LST_Night_1km,293.0000,297.0800,85398.5078,4.0800,295.4966,0.7701,0.8775,289,289,100.00
A2015273,2015-09-30,MYD11A2,LST_Night_1km,291.5600,298.3800,85459.3672,6.8200,295.7072,2.6916,1.6406,289,289,100.00
A2015281,2015-10-08,MYD11A2,LST_Night_1km,291.3800,298.1800,85430.4141,6.8000,295.6070,2.7648,1.6628,289,289,100.00
A2015289,2015-10-16,MYD11A2,LST_Night_1km,290.8200,296.5400,85031.2344,5.7200,294.2257,2.0874,1.4448,289,289,100.00
A2015297,2015-10-24,MYD11A2,LST_Night_1km,288.1000,293.8800,84090.8438,5.7800,290.9718,2.0719,1.4394,289,289,100.00
A2015305,2015-11-01,MYD11A2,LST_Night_1km,288.8800,293.3400,84203.2812,4.4600,291.3608,1.0853,1.0418,289,289,100.00
A2015313,2015-11-09,MYD11A2,LST_Night_1km,287.5800,293.2800,84035.0078,5.7000,290.7786,1.8313,1.3532,289,289,100.00
A2015321,2015-11-17,MYD11A2,LST_Night_1km,283.1000,290.4000,82924.5781,7.3000,286.9362,3.2427,1.8008,289,289,100.00
A2015329,2015-11-25,MYD11A2,LST_Night_1km,281.6400,289.3000,82744.9844,7.6600,286.3148,2.3466,1.5319,289,289,100.00
A2015337,2015-12-03,MYD11A2,LST_Night_1km,282.0200,288.9600,82510.2266,6.9400,285.5025,3.0926,1.7586,289,289,100.00
A2015345,2015-12-11,MYD11A2,LST_Night_1km,276.5600,285.3800,81194.4062,8.8200,280.9495,3.6391,1.9076,289,289,100.00
A2015353,2015-12-19,MYD11A2,LST_Night_1km,276.0200,284.3800,80912.7031,8.3600,279.9748,3.1537,1.7759,289,289,100.00
A2015361,2015-12-27,MYD11A2,LST_Night_1km,279.2000,288.8400,82239.8438,9.6400,284.5669,4.3489,2.0854,289,289,100.00
A2016001,2016-01-01,MYD11A2,LST_Night_1km,282.3400,288.3000,82478.8750,5.9600,285.3940,2.1412,1.4633,289,289,100.00
A2016009,2016-01-09,MYD11A2,LST_Night_1km,279.5600,286.8200,81805.0625,7.2600,283.0625,2.6267,1.6207,289,289,100.00
A2016017,2016-01-17,MYD11A2,LST_Night_1km,278.0800,285.5400,81399.7188,7.4600,281.6599,2.6025,1.6132,289,289,100.00
A2016025,2016-01-25,MYD11A2,LST_Night_1km,282.0800,287.6400,82405.8047,5.5600,285.1412,2.0554,1.4337,289,289,100.00
A2016033,2016-02-02,MYD11A2,LST_Night_1km,279.6600,287.1000,81914.8906,7.4400,283.4425,3.3046,1.8179,289,289,100.00
A2016041,2016-02-10,MYD11A2,LST_Night_1km,282.2200,287.9200,82544.9766,5.7000,285.6227,1.6305,1.2769,289,289,100.00
A2016049,2016-02-18,MYD11A2,LST_Night_1km,282.4400,289.3000,82629.1406,6.8600,285.9140,2.4906,1.5782,289,289,100.00
A2016057,2016-02-26,MYD11A2,LST_Night_1km,285.3200,292.7800,83686.1250,7.4600,289.5714,3.3119,1.8199,289,289,100.00
A2016065,2016-03-05,MYD11A2,LST_Night_1km,287.2600,292.4000,83853.7266,5.1400,290.1513,1.2328,1.1103,289,289,100.00
A2016073,2016-03-13,MYD11A2,LST_Night_1km,286.4000,293.1200,83857.3516,6.7200,290.1638,1.8813,1.3716,289,289,100.00
A2016081,2016-03-21,MYD11A2,LST_Night_1km,287.0400,293.7600,84077.8203,6.7200,290.9267,2.8195,1.6791,289,289,100.00
A2016089,2016-03-29,MYD11A2,LST_Night_1km,291.0200,299.0800,85675.1562,8.0600,296.4538,2.9787,1.7259,289,289,100.00
A2016097,2016-04-06,MYD11A2,LST_Night_1km,292.0000,297.1400,85344.5078,5.1400,295.3097,1.0818,1.0401,289,289,100.00
A2016105,2016-04-14,MYD11A2,LST_Night_1km,289.7400,297.1400,85144.2812,7.4000,294.6169,2.6363,1.6237,289,289,100.00
A2016113,2016-04-22,MYD11A2,LST_Night_1km,291.5200,298.2800,85448.2656,6.7600,295.6687,2.4301,1.5589,289,289,100.00
A2016121,2016-04-30,MYD11A2,LST_Night_1km,292.9000,298.2400,85623.3516,5.3400,296.2746,1.0797,1.0391,289,289,100.00
A2016129,2016-05-08,MYD11A2,LST_Night_1km,296.4800,300.7600,86495.1562,4.2800,299.2912,0.9573,0.9784,289,289,100.00
A2016137,2016-05-16,MYD11A2,LST_Night_1km,297.6000,301.6800,86716.3281,4.0800,300.0565,0.7701,0.8776,289,289,100.00
A2016145,2016-05-24,MYD11A2,LST_Night_1km,298.6400,300.7600,86578.0391,2.1200,299.5780,0.1507,0.3882,289,289,100.00
A2016153,2016-06-01,MYD11A2,LST_Night_1km,298.2800,303.8200,87263.4922,5.5400,301.9498,1.0030,1.0015,289,289,100.00
A2016161,2016-06-09,MYD11A2,LST_Night_1km,296.7000,300.0800,86448.9844,3.3800,299.1314,0.3835,0.6192,289,289,100.00
A2016169,2016-06-17,MYD11A2,LST_Night_1km,294.1200,294.5000,3826.1001,0.3800,294.3154,0.0180,0.1341,289,13,4.50
A2016177,2016-06-25,MYD11A2,LST_Night_1km,,,,,,,,289,0,0.00
A2016185,2016-07-03,MYD11A2,LST_Night_1km,290.4000,297.8000,26581.1758,7.4000,295.3464,4.6103,2.1472,289,90,31.14
A2016193,2016-07-11,MYD11A2,LST_Night_1km,287.7000,295.6200,84384.3750,7.9200,291.9875,4.6323,2.1523,289,289,100.00
A2016201,2016-07-19,MYD11A2,LST_Night_1km,292.2600,296.1800,85217.1250,3.9200,294.8690,0.7288,0.8537,289,289,100.00
A2016209,2016-07-27,MYD11A2,LST_Night_1km,,,,,,,,289,0,0.00
A2016217,2016-08-04,MYD11A2,LST_Night_1km,293.7400,296.5400,31324.6113,2.8000,295.5152,0.6989,0.8360,289,106,36.68
A2016225,2016-08-12,MYD11A2,LST_Night_1km,291.6800,294.2200,84659.9609,2.5400,292.9410,0.3743,0.6118,289,289,100.00
A2016233,2016-08-20,MYD11A2,LST_Night_1km,,,,,,,,289,0,0.00
A2016241,2016-08-28,MYD11A2,LST_Night_1km,293.2400,297.6600,85003.4062,4.4200,294.1294,0.2738,0.5232,289,289,100.00
A2016249,2016-09-05,MYD11A2,LST_Night_1km,292.5600,296.2600,85042.6094,3.7000,294.2651,0.6706,0.8189,289,289,100.00
A2016257,2016-09-13,MYD11A2,LST_Night_1km,294.8200,297.9800,85695.8516,3.1600,296.5255,0.4889,0.6992,289,289,100.00
A2016265,2016-09-21,MYD11A2,LST_Night_1km,295.3000,298.8800,85952.5938,3.5800,297.4138,0.6737,0.8208,289,289,100.00
A2016273,2016-09-29,MYD11A2,LST_Night_1km,295.3400,298.5000,85864.5859,3.1600,297.1093,0.4783,0.6916,289,289,100.00
A2016281,2016-10-07,MYD11A2,LST_Night_1km,293.1000,296.9800,85228.2500,3.8800,294.9074,0.5300,0.7280,289,289,100.00
A2016289,2016-10-15,MYD11A2,LST_Night_1km,289.5800,295.8400,84715.9453,6.2600,293.1348,2.0579,1.4345,289,289,100.00
A2016297,2016-10-23,MYD11A2,LST_Night_1km,287.6400,294.3200,84250.3359,6.6800,291.5237,2.5238,1.5886,289,289,100.00
A2016305,2016-10-31,MYD11A2,LST_Night_1km,284.7600,292.3800,83588.4062,7.6200,289.2332,3.2113,1.7920,289,289,100.00
A2016313,2016-11-08,MYD11A2,LST_Night_1km,282.8600,291.2200,83150.3125,8.3600,287.7173,3.8630,1.9655,289,289,100.00
A2016321,2016-11-16,MYD11A2,LST_Night_1km,282.4000,290.4600,82873.1172,8.0600,286.7582,4.1551,2.0384,289,289,100.00
A2016329,2016-11-24,MYD11A2,LST_Night_1km,282.0800,290.6200,82884.4297,8.5400,286.7973,4.3858,2.0942,289,289,100.00
A2016337,2016-12-02,MYD11A2,LST_Night_1km,281.2200,289.5000,82549.6328,8.2800,285.6389,3.6530,1.9113,289,289,100.00
A2016345,2016-12-10,MYD11A2,LST_Night_1km,283.0200,289.4800,82848.6875,6.4600,286.6736,2.1366,1.4617,289,289,100.00
A2016353,2016-12-18,MYD11A2,LST_Night_1km,279.9800,287.9600,82175.1406,7.9800,284.3430,3.6411,1.9082,289,289,100.00
A2016361,2016-12-26,MYD11A2,LST_Night_1km,279.9800,288.0000,82241.3125,8.0200,284.5720,3.2650,1.8069,289,289,100.00
A2017001,2017-01-01,MYD11A2,LST_Night_1km,280.4200,286.8400,82096.1562,6.4200,284.0697,1.6956,1.3022,289,289,100.00
A2017009,2017-01-09,MYD11A2,LST_Night_1km,275.3800,284.2800,80792.4219,8.9000,279.5586,2.9738,1.7245,289,289,100.00
A2017017,2017-01-17,MYD11A2,LST_Night_1km,278.6600,287.1200,82063.5156,8.4600,283.9568,2.7901,1.6704,289,289,100.00
A2017025,2017-01-25,MYD11A2,LST_Night_1km,281.3200,286.8200,82080.0781,5.5000,284.0141,1.0607,1.0299,289,289,100.00
A2017033,2017-02-02,MYD11A2,LST_Night_1km,278.3800,288.6800,81948.3047,10.3000,283.5581,4.5098,2.1236,289,289,100.00
A2017041,2017-02-10,MYD11A2,LST_Night_1km,279.3800,286.7200,81786.3281,7.3400,282.9977,2.9866,1.7282,289,289,100.00
A2017049,2017-02-18,MYD11A2,LST_Night_1km,281.9600,289.4800,82775.5234,7.5200,286.4205,3.2077,1.7910,289,289,100.00
A2017057,2017-02-26,MYD11A2,LST_Night_1km,283.3800,291.1000,83309.6562,7.7200,288.2687,2.8977,1.7023,289,289,100.00
A2017065,2017-03-06,MYD11A2,LST_Night_1km,283.0600,289.8600,82916.4297,6.8000,286.9081,2.2122,1.4873,289,289,100.00
A2017073,2017-03-14,MYD11A2,LST_Night_1km,286.0600,292.0200,83680.8984,5.9600,289.5533,1.7709,1.3308,289,289,100.00
A2017081,2017-03-22,MYD11A2,LST_Night_1km,290.7200,298.1600,85354.4297,7.4400,295.3441,2.8560,1.6900,289,289,100.00
A2017089,2017-03-30,MYD11A2,LST_Night_1km,292.6200,300.1600,85967.1094,7.5400,297.4641,2.6251,1.6202,289,289,100.00
A2017097,2017-04-07,MYD11A2,LST_Night_1km,289.0400,297.2000,84948.2969,8.1600,293.9388,3.2570,1.8047,289,289,100.00
A2017105,2017-04-15,MYD11A2,LST_Night_1km,294.8000,301.6800,86505.0234,6.8800,299.3253,1.5707,1.2533,289,289,100.00
A2017113,2017-04-23,MYD11A2,LST_Night_1km,291.1600,297.6800,85385.2109,6.5200,295.4506,1.4843,1.2183,289,289,100.00
A2017121,2017-05-01,MYD11A2,LST_Night_1km,292.5200,297.4400,85470.8125,4.9200,295.7468,1.2074,1.0988,289,289,100.00
A2017129,2017-05-09,MYD11A2,LST_Night_1km,295.7600,300.6600,86363.2891,4.9000,298.8349,0.9249,0.9617,289,289,100.00
A2017137,2017-05-17,MYD11A2,LST_Night_1km,295.1000,300.0200,86067.2656,4.9200,297.8106,1.1543,1.0744,289,289,100.00
A2017145,2017-05-25,MYD11A2,LST_Night_1km,297.2600,301.4600,86515.8828,4.2000,299.3629,0.6797,0.8244,289,289,100.00
A2017153,2017-06-02,MYD11A2,LST_Night_1km,298.5600,301.1600,86756.0000,2.6000,300.1938,0.3078,0.5548,289,289,100.00
A2017161,2017-06-10,MYD11A2,LST_Night_1km,296.1800,298.8400,86030.6797,2.6600,297.6840,0.2272,0.4766,289,289,100.00
A2017169,2017-06-18,MYD11A2,LST_Night_1km,295.3800,298.0200,85792.6016,2.6400,296.8602,0.2724,0.5219,289,289,100.00
A2017177,2017-06-26,MYD11A2,LST_Night_1km,,,,,,,,289,0,0.00
A2017185,2017-07-04,MYD11A2,LST_Night_1km,291.7000,297.6800,85178.4141,5.9800,294.7350,1.9977,1.4134,289,289,100.00
A2017193,2017-07-12,MYD11A2,LST_Night_1km,295.7800,296.3200,4439.7002,0.5400,295.9800,0.0270,0.1644,289,15,5.19
A2017201,2017-07-20,MYD11A2,LST_Night_1km,,,,,,,,289,0,0.00
A2017209,2017-07-28,MYD11A2,LST_Night_1km,284.8200,294.0800,54969.9375,9.2600,290.8462,4.2629,2.0647,289,189,65.40
A2017217,2017-08-05,MYD11A2,LST_Night_1km,,,,,,,,289,0,0.00
A2017225,2017-08-13,MYD11A2,LST_Night_1km,290.5200,296.9600,85325.4141,6.4400,295.2437,1.1490,1.0719,289,289,100.00
A2017233,2017-08-21,MYD11A2,LST_Night_1km,,,,,,,,289,0,0.00
A2017241,2017-08-29,MYD11A2,LST_Night_1km,292.4600,294.8800,84814.2578,2.4200,293.4749,0.1592,0.3990,289,289,100.00
A2017249,2017-09-06,MYD11A2,LST_Night_1km,292.8200,298.1200,85399.6250,5.3000,295.5004,1.4613,1.2088,289,289,100.00
A2017257,2017-09-14,MYD11A2,LST_Night_1km,289.5800,295.2400,24287.1172,5.6600,292.6159,1.8718,1.3681,289,83,28.72
A2017265,2017-09-22,MYD11A2,LST_Night_1km,293.7600,298.9400,85903.4141,5.1800,297.2437,1.3763,1.1731,289,289,100.00
A2017273,2017-09-30,MYD11A2,LST_Night_1km,292.3800,298.6600,85606.7969,6.2800,296.2173,2.5975,1.6117,289,289,100.00
A2017281,2017-10-08,MYD11A2,LST_Night_1km,289.8800,297.2200,85038.8516,7.3400,294.2521,3.6340,1.9063,289,289,100.00
A2017289,2017-10-16,MYD11A2,LST_Night_1km,287.3600,296.3200,84596.5234,8.9600,292.7215,4.7576,2.1812,289,289,100.00
A2017297,2017-10-24,MYD11A2,LST_Night_1km,286.0200,293.8000,83967.2891,7.7800,290.5443,3.8100,1.9519,289,289,100.00
A2017305,2017-11-01,MYD11A2,LST_Night_1km,286.2600,293.3400,83892.2656,7.0800,290.2847,3.0868,1.7569,289,289,100.00
A2017313,2017-11-09,MYD11A2,LST_Night_1km,285.5600,291.3600,83451.7031,5.8000,288.7602,2.2414,1.4971,289,289,100.00
A2017321,2017-11-17,MYD11A2,LST_Night_1km,280.3600,288.5800,82296.9141,8.2200,284.7644,3.3808,1.8387,289,289,100.00
A2017329,2017-11-25,MYD11A2,LST_Night_1km,281.5600,288.8600,82507.8516,7.3000,285.4943,3.5475,1.8835,289,289,100.00
A2017337,2017-12-03,MYD11A2,LST_Night_1km,281.7800,288.4800,82472.3281,6.7000,285.3714,2.7938,1.6715,289,289,100.00
A2017345,2017-12-11,MYD11A2,LST_Night_1km,279.8800,286.0200,81705.1016,6.1400,282.7166,1.7172,1.3104,289,289,100.00
A2017353,2017-12-19,MYD11A2,LST_Night_1km,277.8000,286.7600,81603.3984,8.9600,282.3647,3.7745,1.9428,289,289,100.00
A2017361,2017-12-27,MYD11A2,LST_Night_1km,278.9000,285.8200,81725.3047,6.9200,282.7865,2.6180,1.6180,289,289,100.00
A2018001,2018-01-01,MYD11A2,LST_Night_1km,277.4200,285.1800,81363.6562,7.7600,281.5352,3.3069,1.8185,289,289,100.00
A2018009,2018-01-09,MYD11A2,LST_Night_1km,279.0800,286.9800,81825.9141,7.9000,283.1346,3.5209,1.8764,289,289,100.00
A2018017,2018-01-17,MYD11A2,LST_Night_1km,279.4600,286.7400,81885.2344,7.2800,283.3399,3.2635,1.8065,289,289,100.00
A2018025,2018-01-25,MYD11A2,LST_Night_1km,280.1800,287.8200,82185.2031,7.6400,284.3779,3.4990,1.8706,289,289,100.00
A2018033,2018-02-02,MYD11A2,LST_Night_1km,279.8200,287.0800,82024.8984,7.2600,283.8232,3.3520,1.8308,289,289,100.00
A2018041,2018-02-10,MYD11A2,LST_Night_1km,280.6600,287.7600,82348.3906,7.1000,284.9425,2.4993,1.5809,289,289,100.00
A2018049,2018-02-18,MYD11A2,LST_Night_1km,282.8600,292.6400,83425.3203,9.7800,288.6689,3.6817,1.9188,289,289,100.00
A2018057,2018-02-26,MYD11A2,LST_Night_1km,286.3600,292.6200,83813.1094,6.2600,290.0108,2.5167,1.5864,289,289,100.00
A2018065,2018-03-06,MYD11A2,LST_Night_1km,286.7800,293.7800,84085.1328,7.0000,290.9520,3.3002,1.8166,289,289,100.00
A2018073,2018-03-14,MYD11A2,LST_Night_1km,287.8600,293.5200,84171.4453,5.6600,291.2507,1.7936,1.3393,289,289,100.00
A2018081,2018-03-22,MYD11A2,LST_Night_1km,286.3800,295.0400,84357.5312,8.6600,291.8946,3.9247,1.9811,289,289,100.00
A2018089,2018-03-30,MYD11A2,LST_Night_1km,289.8200,296.7600,85121.6875,6.9400,294.5387,2.0477,1.4310,289,289,100.00
A2018097,2018-04-07,MYD11A2,LST_Night_1km,290.9000,296.5400,85058.5547,5.6400,294.3203,1.4648,1.2103,289,289,100.00
A2018105,2018-04-15,MYD11A2,LST_Night_1km,289.9800,296.4800,84978.6094,6.5000,294.0436,2.1359,1.4615,289,289,100.00
A2018113,2018-04-23,MYD11A2,LST_Night_1km,294.3600,300.0200,86066.5234,5.6600,297.8080,1.4645,1.2102,289,289,100.00
A2018121,2018-05-01,MYD11A2,LST_Night_1km,294.9000,299.2200,85949.6797,4.3200,297.4037,1.0164,1.0082,289,289,100.00
A2018129,2018-05-09,MYD11A2,LST_Night_1km,293.5200,298.4000,85747.3359,4.8800,296.7036,0.8816,0.9389,289,289,100.00
A2018137,2018-05-17,MYD11A2,LST_Night_1km,294.9200,300.0200,86086.8594,5.1000,297.8784,1.2053,1.0979,289,289,100.00
A2018145,2018-05-25,MYD11A2,LST_Night_1km,297.2000,301.5600,86724.3047,4.3600,300.0841,0.9396,0.9693,289,289,100.00
A2018153,2018-06-02,MYD11A2,LST_Night_1km,297.9600,300.8200,86608.1484,2.8600,299.6822,0.3990,0.6316,289,289,100.00
A2018161,2018-06-10,MYD11A2,LST_Night_1km,297.7600,299.3600,86263.1953,1.6000,298.4886,0.1170,0.3420,289,289,100.00
A2018169,2018-06-18,MYD11A2,LST_Night_1km,293.6000,301.7600,86185.6562,8.1600,298.2203,4.9597,2.2270,289,289,100.00
A2018177,2018-06-26,MYD11A2,LST_Night_1km,292.1000,296.0000,83623.6719,3.9000,294.4496,0.3935,0.6273,289,284,98.27
A2018185,2018-07-04,MYD11A2,LST_Night_1km,285.7800,298.4200,61995.3164,12.6400,293.8167,4.7195,2.1724,289,211,73.01
A2018193,2018-07-12,MYD11A2,LST_Night_1km,,,,,,,,289,0,0.00
A2018201,2018-07-20,MYD11A2,LST_Night_1km,,,,,,,,289,0,0.00
A2018209,2018-07-28,MYD11A2,LST_Night_1km,289.5200,295.2600,84549.8516,5.7400,292.5600,1.7005,1.3040,289,289,100.00
A2018217,2018-08-05,MYD11A2,LST_Night_1km,292.8600,295.6000,85015.3281,2.7400,294.1707,0.3081,0.5551,289,289,100.00
A2018225,2018-08-13,MYD11A2,LST_Night_1km,292.1400,295.8400,85038.4766,3.7000,294.2508,0.7824,0.8845,289,289,100.00
A2018233,2018-08-21,MYD11A2,LST_Night_1km,287.6200,297.1400,84155.3281,9.5200,291.1949,5.3922,2.3221,289,289,100.00
A2018241,2018-08-29,MYD11A2,LST_Night_1km,291.2000,294.7600,79983.2266,3.5600,292.9789,0.5827,0.7634,289,273,94.46
A2018249,2018-09-06,MYD11A2,LST_Night_1km,293.6400,296.0200,85197.1016,2.3800,294.7997,0.2452,0.4952,289,289,100.00
A2018257,2018-09-14,MYD11A2,LST_Night_1km,292.6000,296.8600,85226.4766,4.2600,294.9013,1.0592,1.0292,289,289,100.00
A2018265,2018-09-22,MYD11A2,LST_Night_1km,291.9800,296.1800,85039.5625,4.2000,294.2545,0.9187,0.9585,289,289,100.00
A2018273,2018-09-30,MYD11A2,LST_Night_1km,290.8200,296.5400,84985.5625,5.7200,294.0677,1.8615,1.3644,289,289,100.00
A2018281,2018-10-08,MYD11A2,LST_Night_1km,288.2000,295.7000,84458.0000,7.5000,292.2422,3.0035,1.7330,289,289,100.00
A2018289,2018-10-16,MYD11A2,LST_Night_1km,286.7000,295.0800,84269.8281,8.3800,291.5911,4.0234,2.0058,289,289,100.00
A2018297,2018-10-24,MYD11A2,LST_Night_1km,287.2000,293.5800,84055.6094,6.3800,290.8499,2.7477,1.6576,289,289,100.00
A2018305,2018-11-01,MYD11A2,LST_Night_1km,282.7600,291.3400,83092.3672,8.5800,287.5168,4.2901,2.0712,289,289,100.00
A2018313,2018-11-09,MYD11A2,LST_Night_1km,285.2200,291.8200,83508.0234,6.6000,288.9551,2.7285,1.6518,289,289,100.00
A2018321,2018-11-17,MYD11A2,LST_Night_1km,284.4200,291.0200,83261.9297,6.6000,288.1036,2.9019,1.7035,289,289,100.00
A2018329,2018-11-25,MYD11A2,LST_Night_1km,280.9200,288.8600,82467.4062,7.9400,285.3543,3.4302,1.8521,289,289,100.00
A2018337,2018-12-03,MYD11A2,LST_Night_1km,280.5600,287.3400,82164.3281,6.7800,284.3056,2.9781,1.7257,289,289,100.00
A2018345,2018-12-11,MYD11A2,LST_Night_1km,277.8000,286.3200,81433.0625,8.5200,281.7753,2.6393,1.6246,289,289,100.00
A2018353,2018-12-19,MYD11A2,LST_Night_1km,277.7200,285.4400,81484.2656,7.7200,281.9525,3.6098,1.8999,289,289,100.00
A2018361,2018-12-27,MYD11A2,LST_Night_1km,275.5000,284.3400,80926.7422,8.8400,280.0233,4.2942,2.0722,289,289,100.00
A2019001,2019-01-01,MYD11A2,LST_Night_1km,278.2400,285.0000,81477.6016,6.7600,281.9294,2.4870,1.5770,289,289,100.00
A2019009,2019-01-09,MYD11A2,LST_Night_1km,278.2800,285.1800,81538.6953,6.9000,282.1408,2.4885,1.5775,289,289,100.00
A2019017,2019-01-17,MYD11A2,LST_Night_1km,279.5800,285.0800,81690.6641,5.5000,282.6667,1.4947,1.2226,289,289,100.00
A2019025,2019-01-25,MYD11A2,LST_Night_1km,276.1800,283.4400,80830.3047,7.2600,279.6896,2.0335,1.4260,289,289,100.00
A2019033,2019-02-02,MYD11A2,LST_Night_1km,279.2800,285.3600,81697.7500,6.0800,282.6912,1.9491,1.3961,289,289,100.00
A2019041,2019-02-10,MYD11A2,LST_Night_1km,280.2000,287.5600,82239.9609,7.3600,284.5674,2.0672,1.4378,289,289,100.00
A2019049,2019-02-18,MYD11A2,LST_Night_1km,276.5800,289.4400,81706.4219,12.8600,285.6868,4.0249,2.0062,289,286,98.96
A2019057,2019-02-26,MYD11A2,LST_Night_1km,281.6200,287.9000,82286.3828,6.2800,284.7280,1.8455,1.3585,289,289,100.00
A2019065,2019-03-06,MYD11A2,LST_Night_1km,283.1200,289.5800,83057.8203,6.4600,287.3973,2.0341,1.4262,289,289,100.00
A2019073,2019-03-14,MYD11A2,LST_Night_1km,285.7800,291.5600,83554.5547,5.7800,289.1161,1.9293,1.3890,289,289,100.00
A2019081,2019-03-22,MYD11A2,LST_Night_1km,287.1600,294.3600,84273.4688,7.2000,291.6037,2.7089,1.6459,289,289,100.00
A2019089,2019-03-30,MYD11A2,LST_Night_1km,290.3200,298.0600,85230.9453,7.7400,294.9168,3.1272,1.7684,289,289,100.00
A2019097,2019-04-07,MYD11A2,LST_Night_1km,290.9200,299.9400,85326.0781,9.0200,295.2459,3.1948,1.7874,289,289,100.00
A2019105,2019-04-15,MYD11A2,LST_Night_1km,290.0000,296.0200,84811.4453,6.0200,293.4652,1.6760,1.2946,289,289,100.00
A2019113,2019-04-23,MYD11A2,LST_Night_1km,294.6000,301.1800,86366.7734,6.5800,298.8470,1.9741,1.4050,289,289,100.00
A2019121,2019-05-01,MYD11A2,LST_Night_1km,293.3000,298.5000,85691.3125,5.2000,296.5097,1.1260,1.0611,289,289,100.00
A2019129,2019-05-09,MYD11A2,LST_Night_1km,291.4600,300.3600,85692.5625,8.9000,296.5141,2.4957,1.5798,289,289,100.00
A2019137,2019-05-17,MYD11A2,LST_Night_1km,293.9600,297.9200,85636.6719,3.9600,296.3207,0.6821,0.8259,289,289,100.00
A2019145,2019-05-25,MYD11A2,LST_Night_1km,296.9000,302.9000,86920.7734,6.0000,300.7639,1.4762,1.2150,289,289,100.00
A2019153,2019-06-02,MYD11A2,LST_Night_1km,299.5200,303.7600,87334.2656,4.2400,302.1947,0.6750,0.8216,289,289,100.00
A2019161,2019-06-10,MYD11A2,LST_Night_1km,296.9000,302.8000,87058.2344,5.9000,301.2396,1.1001,1.0489,289,289,100.00
A2019169,2019-06-18,MYD11A2,LST_Night_1km,292.6600,299.2400,85763.1328,6.5800,296.7582,1.1470,1.0710,289,289,100.00
A2019177,2019-06-26,MYD11A2,LST_Night_1km,296.5800,300.1400,86266.5234,3.5600,298.5001,0.4250,0.6519,289,289,100.00
A2019185,2019-07-04,MYD11A2,LST_Night_1km,,,,,,,,289,0,0.00
A2019193,2019-07-12,MYD11A2,LST_Night_1km,296.2400,298.1200,85902.3047,1.8800,297.2398,0.1643,0.4053,289,289,100.00
A2019201,2019-07-20,MYD11A2,LST_Night_1km,296.7400,302.2600,80110.5000,5.5200,298.9198,0.9854,0.9927,289,268,92.73
A2019209,2019-07-28,MYD11A2,LST_Night_1km,293.3800,296.2000,85348.8359,2.8200,295.3247,0.1710,0.4135,289,289,100.00
A2019217,2019-08-05,MYD11A2,LST_Night_1km,293.0000,297.6800,85159.4609,4.6800,294.6694,0.9690,0.9844,289,289,100.00
A2019225,2019-08-13,MYD11A2,LST_Night_1km,295.1200,297.0800,85589.4062,1.9600,296.1571,0.1342,0.3663,289,289,100.00
A2019233,2019-08-21,MYD11A2,LST_Night_1km,287.9200,296.2200,84501.9922,8.3000,293.4097,4.1142,2.0284,289,288,99.65
A2019241,2019-08-29,MYD11A2,LST_Night_1km,295.4000,296.2800,12428.6191,0.8800,295.9195,0.0720,0.2683,289,42,14.53
A2019249,2019-09-06,MYD11A2,LST_Night_1km,292.3400,298.9600,82211.2578,6.6200,295.7239,2.6028,1.6133,289,278,96.19
A2019257,2019-09-14,MYD11A2,LST_Night_1km,294.5800,297.2600,85522.9844,2.6800,295.9273,0.2102,0.4585,289,289,100.00
A2019265,2019-09-22,MYD11A2,LST_Night_1km,292.9400,297.0400,85138.7656,4.1000,294.5978,0.4765,0.6903,289,289,100.00
A2019273,2019-09-30,MYD11A2,LST_Night_1km,292.4000,295.0400,84925.5859,2.6400,293.8602,0.2453,0.4952,289,289,100.00
A2019281,2019-10-08,MYD11A2,LST_Night_1km,290.2200,296.0000,84622.5078,5.7800,292.8114,1.4536,1.2057,289,289,100.00
A2019289,2019-10-16,MYD11A2,LST_Night_1km,288.6400,294.9600,84388.1953,6.3200,292.0007,1.9405,1.3930,289,289,100.00
A2019297,2019-10-24,MYD11A2,LST_Night_1km,289.5600,294.5600,84504.6094,5.0000,292.4035,1.6350,1.2787,289,289,100.00
A2019305,2019-11-01,MYD11A2,LST_Night_1km,289.5400,293.1600,84178.0625,3.6200,291.2736,0.5913,0.7689,289,289,100.00
A2019313,2019-11-09,MYD11A2,LST_Night_1km,287.5200,292.4600,83880.1953,4.9400,290.2429,0.9516,0.9755,289,289,100.00
A2019321,2019-11-17,MYD11A2,LST_Night_1km,285.5200,290.8800,83348.1172,5.3600,288.4018,1.1434,1.0693,289,289,100.00
A2019329,2019-11-25,MYD11A2,LST_Night_1km,284.5600,290.2600,83135.9844,5.7000,287.6678,1.0410,1.0203,289,289,100.00
A2019337,2019-12-03,MYD11A2,LST_Night_1km,279.0400,288.1200,81770.9375,9.0800,282.9444,3.1745,1.7817,289,289,100.00
A2019345,2019-12-11,MYD11A2,LST_Night_1km,277.9200,285.6200,81280.4922,7.7000,281.2474,1.7687,1.3299,289,289,100.00
A2019353,2019-12-19,MYD11A2,LST_Night_1km,278.5000,285.3200,81351.4375,6.8200,281.4929,2.1334,1.4606,289,289,100.00
A2019361,2019-12-27,MYD11A2,LST_Night_1km,274.9200,283.2400,80670.4219,8.3200,279.1364,2.7045,1.6445,289,289,100.00
A2020001,2020-01-01,MYD11A2,LST_Night_1km,279.9400,284.8000,81538.6953,4.8600,282.1408,0.9861,0.9930,289,289,100.00
A2020009,2020-01-09,MYD11A2,LST_Night_1km,277.9200,283.9600,81533.5703,6.0400,282.1231,1.0606,1.0299,289,289,100.00
A2020017,2020-01-17,MYD11A2,LST_Night_1km,277.9200,285.9200,81334.3984,8.0000,281.4339,2.2405,1.4968,289,289,100.00
A2020025,2020-01-25,MYD11A2,LST_Night_1km,279.5800,286.3400,81719.9922,6.7600,282.7681,2.4458,1.5639,289,289,100.00
A2020033,2020-02-02,MYD11A2,LST_Night_1km,278.3600,285.8000,81518.5703,7.4400,282.0712,2.5283,1.5901,289,289,100.00
A2020041,2020-02-10,MYD11A2,LST_Night_1km,280.2400,288.4400,82316.5781,8.2000,284.8325,3.7633,1.9399,289,289,100.00
A2020049,2020-02-18,MYD11A2,LST_Night_1km,283.1400,289.0000,82743.3125,5.8600,286.3091,2.0422,1.4290,289,289,100.00
A2020057,2020-02-26,MYD11A2,LST_Night_1km,280.2400,292.2000,81429.2500,11.9600,289.7838,3.5358,1.8804,289,281,97.23
A2020065,2020-03-05,MYD11A2,LST_Night_1km,283.9200,288.7200,82724.0547,4.8000,286.2424,1.0966,1.0472,289,289,100.00
A2020073,2020-03-13,MYD11A2,LST_Night_1km,283.0800,290.3800,83005.9922,7.3000,287.2180,2.4625,1.5692,289,289,100.00
A2020081,2020-03-21,MYD11A2,LST_Night_1km,286.6600,292.2400,83638.5703,5.5800,289.4068,1.1782,1.0854,289,289,100.00
A2020089,2020-03-29,MYD11A2,LST_Night_1km,287.5200,294.2400,84223.9297,6.7200,291.4323,2.7468,1.6573,289,289,100.00
A2020097,2020-04-06,MYD11A2,LST_Night_1km,290.4400,297.3600,84926.5234,6.9200,293.8634,2.1937,1.4811,289,289,100.00
A2020105,2020-04-14,MYD11A2,LST_Night_1km,289.6800,298.0000,85338.0938,8.3200,295.2875,2.9663,1.7223,289,289,100.00
A2020113,2020-04-22,MYD11A2,LST_Night_1km,288.6600,295.6200,84842.1094,6.9600,293.5713,1.7994,1.3414,289,289,100.00
A2020121,2020-04-30,MYD11A2,LST_Night_1km,293.7200,298.7400,85798.9062,5.0200,296.8820,1.0858,1.0420,289,289,100.00
A2020129,2020-05-08,MYD11A2,LST_Night_1km,292.7400,299.1800,85668.5703,6.4400,296.4310,1.9432,1.3940,289,289,100.00
A2020137,2020-05-16,MYD11A2,LST_Night_1km,295.2800,300.5600,86246.5156,5.2800,298.4308,1.4853,1.2187,289,289,100.00
A2020145,2020-05-24,MYD11A2,LST_Night_1km,298.7800,301.8200,86819.2656,3.0400,300.4127,0.3602,0.6001,289,289,100.00
A2020153,2020-06-01,MYD11A2,LST_Night_1km,294.0800,298.3200,85524.0000,4.2400,295.9308,0.7599,0.8717,289,289,100.00
A2020161,2020-06-09,MYD11A2,LST_Night_1km,294.7800,300.2600,85995.8047,5.4800,297.5633,1.3455,1.1600,289,289,100.00
A2020169,2020-06-17,MYD11A2,LST_Night_1km,296.5800,302.9800,86679.8281,6.4000,299.9302,1.1161,1.0565,289,289,100.00
A2020177,2020-06-25,MYD11A2,LST_Night_1km,295.8200,302.3600,86761.9531,6.5400,300.2144,1.6738,1.2938,289,289,100.00
A2020185,2020-07-03,MYD11A2,LST_Night_1km,297.9600,298.6400,5370.6001,0.6800,298.3667,0.0501,0.2238,289,18,6.23
A2020193,2020-07-11,MYD11A2,LST_Night_1km,295.3600,299.3400,86134.0469,3.9800,298.0417,0.4477,0.6691,289,289,100.00
A2020201,2020-07-19,MYD11A2,LST_Night_1km,289.2200,296.3600,74319.3750,7.1400,293.7525,2.4092,1.5522,289,253,87.54
A2020209,2020-07-27,MYD11A2,LST_Night_1km,296.6600,298.8000,85958.7031,2.1400,297.4350,0.2004,0.4476,289,289,100.00
A2020217,2020-08-04,MYD11A2,LST_Night_1km,289.4200,297.2600,66863.3750,7.8400,295.8557,1.5029,1.2259,289,226,78.20
A2020225,2020-08-12,MYD11A2,LST_Night_1km,,,,,,,,289,0,0.00
A2020233,2020-08-20,MYD11A2,LST_Night_1km,295.7000,299.2600,85114.0625,3.5600,296.5647,0.2314,0.4811,289,287,99.31
A2020241,2020-08-28,MYD11A2,LST_Night_1km,293.6000,293.6000,293.6000,0.0000,293.6000,0.0000,0.0000,289,1,0.35
A2020249,2020-09-05,MYD11A2,LST_Night_1km,295.1400,297.8400,85594.6250,2.7000,296.1752,0.2187,0.4676,289,289,100.00
A2020257,2020-09-13,MYD11A2,LST_Night_1km,292.6800,298.6800,85540.6797,6.0000,295.9885,1.4091,1.1871,289,289,100.00
A2020265,2020-09-21,MYD11A2,LST_Night_1km,295.0800,298.2400,85804.5156,3.1600,296.9014,0.4036,0.6353,289,289,100.00
A2020273,2020-09-29,MYD11A2,LST_Night_1km,292.6000,297.9800,85390.9531,5.3800,295.4704,1.3748,1.1725,289,289,100.00
A2020281,2020-10-07,MYD11A2,LST_Night_1km,289.0400,295.0600,84544.7031,6.0200,292.5422,2.2751,1.5083,289,289,100.00
A2020289,2020-10-15,MYD11A2,LST_Night_1km,292.1000,296.6000,85025.2422,4.5000,294.2050,1.2094,1.0997,289,289,100.00
A2020297,2020-10-23,MYD11A2,LST_Night_1km,285.6400,293.3000,83760.8438,7.6600,289.8299,3.4223,1.8499,289,289,100.00
A2020305,2020-10-31,MYD11A2,LST_Night_1km,283.4200,291.7800,83200.2812,8.3600,287.8903,4.2567,2.0632,289,289,100.00
A2020313,2020-11-08,MYD11A2,LST_Night_1km,284.4400,291.1400,83368.6250,6.7000,288.4727,2.2718,1.5073,289,289,100.00
A2020321,2020-11-16,MYD11A2,LST_Night_1km,281.9200,289.0200,82623.7891,7.1000,285.8955,2.5380,1.5931,289,289,100.00
A2020329,2020-11-24,MYD11A2,LST_Night_1km,282.3800,288.5800,82463.6484,6.2000,285.3413,1.8949,1.3766,289,289,100.00
A2020337,2020-12-02,MYD11A2,LST_Night_1km,283.6800,290.4400,82999.6172,6.7600,287.1959,3.2146,1.7929,289,289,100.00
A2020345,2020-12-10,MYD11A2,LST_Night_1km,278.7400,289.1000,81941.0156,10.3600,283.5329,1.8620,1.3645,289,289,100.00
A2020353,2020-12-18,MYD11A2,LST_Night_1km,277.7800,286.1000,81518.3203,8.3200,282.0703,3.2142,1.7928,289,289,100.00
A2020361,2020-12-26,MYD11A2,LST_Night_1km,274.2600,283.9200,80773.4375,9.6600,279.4929,2.9900,1.7292,289,289,100.00
A2021001,2021-01-01,MYD11A2,LST_Night_1km,280.0200,286.3200,82181.2344,6.3000,284.3641,0.7101,0.8427,289,289,100.00
A2021009,2021-01-09,MYD11A2,LST_Night_1km,279.8600,286.0400,81815.1172,6.1800,283.0973,2.2213,1.4904,289,289,100.00
A2021017,2021-01-17,MYD11A2,LST_Night_1km,280.4600,286.8200,82056.0078,6.3600,283.9308,1.7736,1.3318,289,289,100.00
A2021025,2021-01-25,MYD11A2,LST_Night_1km,277.1800,285.8000,81293.5312,8.6200,281.2925,3.4299,1.8520,289,289,100.00
A2021033,2021-02-02,MYD11A2,LST_Night_1km,280.3600,287.6600,82136.0312,7.3000,284.2077,2.9636,1.7215,289,289,100.00
A2021041,2021-02-10,MYD11A2,LST_Night_1km,283.0000,289.7800,82858.6484,6.7800,286.7081,2.8148,1.6777,289,289,100.00
A2021049,2021-02-18,MYD11A2,LST_Night_1km,283.6200,291.0400,83251.2500,7.4200,288.0666,3.6016,1.8978,289,289,100.00
A2021057,2021-02-26,MYD11A2,LST_Night_1km,286.4800,292.8600,83832.3594,6.3800,290.0774,2.7029,1.6441,289,289,100.00
A2021065,2021-03-06,MYD11A2,LST_Night_1km,288.2400,293.9200,84250.1406,5.6800,291.5230,2.0569,1.4342,289,289,100.00
A2021073,2021-03-14,MYD11A2,LST_Night_1km,287.6400,293.8000,84102.0859,6.1600,291.0107,2.2570,1.5023,289,289,100.00
A2021081,2021-03-22,MYD11A2,LST_Night_1km,288.8000,294.9000,84400.4844,6.1000,292.0432,2.0835,1.4434,289,289,100.00
A2021089,2021-03-30,MYD11A2,LST_Night_1km,291.1200,297.4600,85209.8906,6.3400,294.8439,1.8711,1.3679,289,289,100.00
A2021097,2021-04-07,MYD11A2,LST_Night_1km,288.7200,295.6200,84607.9688,6.9000,292.7611,2.6505,1.6280,289,289,100.00
A2021105,2021-04-15,MYD11A2,LST_Night_1km,290.2200,296.3200,84957.4688,6.1000,293.9705,1.8336,1.3541,289,289,100.00
A2021113,2021-04-23,MYD11A2,LST_Night_1km,290.9800,297.4200,85222.7109,6.4400,294.8883,2.0365,1.4271,289,289,100.00
A2021121,2021-05-01,MYD11A2,LST_Night_1km,292.0600,298.6400,85793.0156,6.5800,296.8616,1.6432,1.2819,289,289,100.00
A2021129,2021-05-09,MYD11A2,LST_Night_1km,292.0800,299.4400,85311.9453,7.3600,295.1971,1.1674,1.0805,289,289,100.00
A2021137,2021-05-17,MYD11A2,LST_Night_1km,292.8400,296.8800,85414.1953,4.0400,295.5508,0.5042,0.7101,289,289,100.00
A2021145,2021-05-25,MYD11A2,LST_Night_1km,296.0800,302.2200,86662.6953,6.1400,299.8709,1.1583,1.0762,289,289,100.00
A2021153,2021-06-02,MYD11A2,LST_Night_1km,296.0600,301.1200,86337.1484,5.0600,298.7444,0.8566,0.9255,289,289,100.00
A2021161,2021-06-10,MYD11A2,LST_Night_1km,296.7600,299.8800,86313.7734,3.1200,298.6636,0.3928,0.6268,289,289,100.00
A2021169,2021-06-18,MYD11A2,LST_Night_1km,293.3800,300.0000,47929.4961,6.6200,295.8611,1.3957,1.1814,289,162,56.06
A2021177,2021-06-26,MYD11A2,LST_Night_1km,296.1000,300.0200,86214.0156,3.9200,298.3184,0.8862,0.9414,289,289,100.00
A2021185,2021-07-04,MYD11A2,LST_Night_1km,295.9600,300.5800,86339.4766,4.6200,298.7525,1.2207,1.1049,289,289,100.00
A2021193,2021-07-12,MYD11A2,LST_Night_1km,295.0600,297.5000,68738.5391,2.4400,296.2868,0.2316,0.4812,289,232,80.28
A2021201,2021-07-20,MYD11A2,LST_Night_1km,284.5600,287.0800,2856.2000,2.5200,285.6200,0.9296,0.9642,289,10,3.46
A2021209,2021-07-28,MYD11A2,LST_Night_1km,,,,,,,,289,0,0.00
A2021217,2021-08-05,MYD11A2,LST_Night_1km,293.7800,296.6800,85266.3125,2.9000,295.0392,0.4365,0.6607,289,289,100.00
A2021225,2021-08-13,MYD11A2,LST_Night_1km,294.4200,297.2600,85577.5625,2.8400,296.1161,0.4326,0.6578,289,289,100.00
A2021233,2021-08-21,MYD11A2,LST_Night_1km,293.4400,297.2200,85358.4219,3.7800,295.3578,0.3976,0.6305,289,289,100.00
A2021241,2021-08-29,MYD11A2,LST_Night_1km,295.0200,297.7800,22821.4180,2.7600,296.3820,0.3187,0.5646,289,77,26.64
A2021249,2021-09-06,MYD11A2,LST_Night_1km,294.9400,299.9800,86108.9844,5.0400,297.9550,0.3793,0.6158,289,289,100.00
A2021257,2021-09-14,MYD11A2,LST_Night_1km,293.4600,297.7600,82448.0469,4.3000,295.5127,0.6672,0.8168,289,279,96.54
A2021265,2021-09-22,MYD11A2,LST_Night_1km,292.6600,296.8600,83303.2031,4.2000,295.4014,0.2877,0.5364,289,282,97.58
A2021273,2021-09-30,MYD11A2,LST_Night_1km,294.7200,297.8800,85533.4766,3.1600,295.9636,0.2909,0.5394,289,289,100.00
A2021281,2021-10-08,MYD11A2,LST_Night_1km,290.1000,296.3400,84732.5078,6.2400,293.1921,1.8700,1.3675,289,289,100.00
A2021289,2021-10-16,MYD11A2,LST_Night_1km,289.9000,295.6000,84635.2422,5.7000,292.8555,1.3641,1.1679,289,289,100.00
A2021297,2021-10-24,MYD11A2,LST_Night_1km,286.1000,292.1800,83607.1484,6.0800,289.2981,2.2077,1.4858,289,289,100.00
A2021305,2021-11-01,MYD11A2,LST_Night_1km,284.8000,291.7800,83383.2266,6.9800,288.5233,3.0201,1.7378,289,289,100.00
A2021313,2021-11-09,MYD11A2,LST_Night_1km,282.5000,290.1800,82803.0078,7.6800,286.5156,3.4952,1.8696,289,289,100.00
A2021321,2021-11-17,MYD11A2,LST_Night_1km,282.8400,290.1000,83049.5625,7.2600,287.3687,2.3694,1.5393,289,289,100.00
A2021329,2021-11-25,MYD11A2,LST_Night_1km,282.9000,289.9800,82766.6797,7.0800,286.3899,2.2732,1.5077,289,289,100.00
A2021337,2021-12-03,MYD11A2,LST_Night_1km,280.7600,287.0200,82176.2812,6.2600,284.3470,2.1610,1.4700,289,289,100.00
A2021345,2021-12-11,MYD11A2,LST_Night_1km,276.8000,285.7000,81439.1719,8.9000,281.7964,2.8532,1.6891,289,289,100.00
A2021353,2021-12-19,MYD11A2,LST_Night_1km,278.7400,286.2400,81869.6953,7.5000,283.2861,2.6155,1.6173,289,289,100.00
A2021361,2021-12-27,MYD11A2,LST_Night_1km,276.4600,285.5000,81166.6406,9.0400,280.8534,3.2825,1.8118,289,289,100.00
A2022001,2022-01-01,MYD11A2,LST_Night_1km,279.6000,285.8800,81800.8359,6.2800,283.0479,1.3002,1.1403,289,289,100.00
A2022009,2022-01-09,MYD11A2,LST_Night_1km,277.8200,283.9600,80948.0312,6.1400,280.0970,1.0202,1.0100,289,289,100.00
A2022017,2022-01-17,MYD11A2,LST_Night_1km,278.6600,284.5600,81363.3672,5.9000,281.5341,1.0899,1.0440,289,289,100.00
A2022025,2022-01-25,MYD11A2,LST_Night_1km,278.6400,285.4600,81456.1875,6.8200,281.8553,2.0245,1.4229,289,289,100.00
A2022033,2022-02-02,MYD11A2,LST_Night_1km,281.6200,287.4400,82286.7578,5.8200,284.7293,1.6185,1.2722,289,289,100.00
A2022041,2022-02-10,MYD11A2,LST_Night_1km,280.8400,287.8000,82290.6016,6.9600,284.7426,2.8585,1.6907,289,289,100.00
A2022049,2022-02-18,MYD11A2,LST_Night_1km,283.5200,289.7200,83018.3984,6.2000,287.2609,2.1933,1.4810,289,289,100.00
A2022057,2022-02-26,MYD11A2,LST_Night_1km,283.9000,289.6600,82924.3750,5.7600,286.9355,1.6981,1.3031,289,289,100.00
A2022065,2022-03-06,MYD11A2,LST_Night_1km,287.0800,292.7000,83857.2656,5.6200,290.1635,1.8202,1.3491,289,289,100.00
A2022073,2022-03-14,MYD11A2,LST_Night_1km,289.2800,297.9200,85304.2812,8.6400,295.1705,3.6167,1.9018,289,289,100.00
